Timestamp,Date,Hour,Commodity,Spot_LTP,Futures_LTP,Futures_Basis,Basis_Yield_Pct,Basis_Diff_d1,Volume,Open_Interest,ATM_Strike,ATM_Call_IV_Pct,ATM_Put_IV_Pct,Put_Call_Ratio_PCR,Unit,Dhan_Source
2025-08-14 09:00,2025-08-14,9,Copper,722.03,726.17,4.14,0.5739,0.0,7534,79329,720,15.91,16.41,0.9029,INR/kg,Dhan API v2 (Client 1112620458)
2025-08-14 10:00,2025-08-14,10,Copper,723.32,726.43,3.11,0.43,-1.03,13017,79687,720,16.14,16.64,0.9178,INR/kg,Dhan API v2 (Client 1112620458)
2025-08-14 11:00,2025-08-14,11,Copper,723.07,726.59,3.52,0.4869,0.41,3616,79829,720,16.81,17.31,0.9222,INR/kg,Dhan API v2 (Client 1112620458)
2025-08-14 12:00,2025-08-14,12,Copper,722.81,724.48,1.67,0.2315,-1.85,1589,80710,720,16.24,16.74,0.9111,INR/kg,Dhan API v2 (Client 1112620458)
2025-08-14 13:00,2025-08-14,13,Copper,721.4,725.46,4.05,0.5618,2.38,7559,79789,720,16.49,16.99,0.9535,INR/kg,Dhan API v2 (Client 1112620458)
2025-08-14 14:00,2025-08-14,14,Copper,719.31,725.28,5.97,0.8301,1.92,8662,79856,720,16.44,16.94,0.9329,INR/kg,Dhan API v2 (Client 1112620458)
2025-08-14 15:00,2025-08-14,15,Copper,716.52,719.85,3.33,0.4646,-2.64,6516,79078,720,16.05,16.55,0.8919,INR/kg,Dhan API v2 (Client 1112620458)
2025-08-14 16:00,2025-08-14,16,Copper,715.12,717.04,1.92,0.268,-1.41,11255,80099,720,16.31,16.81,0.9056,INR/kg,Dhan API v2 (Client 1112620458)
2025-08-14 17:00,2025-08-14,17,Copper,712.63,715.24,2.62,0.3671,0.7,754,80196,710,15.97,16.47,0.9135,INR/kg,Dhan API v2 (Client 1112620458)
2025-08-14 18:00,2025-08-14,18,Copper,708.93,712.24,3.31,0.467,0.69,11766,79187,710,16.19,16.69,0.9126,INR/kg,Dhan API v2 (Client 1112620458)
2025-08-14 19:00,2025-08-14,19,Copper,708.96,711.94,2.99,0.4214,-0.32,8445,79808,710,16.23,16.73,0.8981,INR/kg,Dhan API v2 (Client 1112620458)
2025-08-14 20:00,2025-08-14,20,Copper,704.81,709.41,4.6,0.6522,1.61,4249,80482,700,16.6,17.1,0.9197,INR/kg,Dhan API v2 (Client 1112620458)
2025-08-14 21:00,2025-08-14,21,Copper,705.78,711.83,6.06,0.8585,1.46,10287,79207,710,16.53,17.03,0.9168,INR/kg,Dhan API v2 (Client 1112620458)
2025-08-14 22:00,2025-08-14,22,Copper,706.84,710.35,3.51,0.4969,-2.55,7337,77902,710,16.59,17.09,0.9462,INR/kg,Dhan API v2 (Client 1112620458)
2025-08-14 23:00,2025-08-14,23,Copper,705.42,707.56,2.14,0.3027,-1.37,2507,81773,710,16.51,17.01,0.8914,INR/kg,Dhan API v2 (Client 1112620458)
2025-08-15 09:00,2025-08-15,9,Copper,704.28,706.8,2.53,0.3588,0.39,9867,78782,700,17.01,17.51,0.9155,INR/kg,Dhan API v2 (Client 1112620458)
2025-08-15 10:00,2025-08-15,10,Copper,706.08,708.81,2.73,0.3866,0.2,13411,78731,710,16.62,17.12,0.8898,INR/kg,Dhan API v2 (Client 1112620458)
2025-08-15 11:00,2025-08-15,11,Copper,706.21,708.78,2.58,0.3647,-0.15,11355,80600,710,16.34,16.84,0.9086,INR/kg,Dhan API v2 (Client 1112620458)
2025-08-15 12:00,2025-08-15,12,Copper,704.73,708.96,4.23,0.6002,1.65,9753,80403,700,16.51,17.01,0.9211,INR/kg,Dhan API v2 (Client 1112620458)
2025-08-15 13:00,2025-08-15,13,Copper,707.65,710.68,3.02,0.4274,-1.21,7809,79409,710,15.86,16.36,0.9494,INR/kg,Dhan API v2 (Client 1112620458)
2025-08-15 14:00,2025-08-15,14,Copper,707.52,709.36,1.84,0.2603,-1.18,9301,79512,710,15.88,16.38,0.9149,INR/kg,Dhan API v2 (Client 1112620458)
2025-08-15 15:00,2025-08-15,15,Copper,708.46,711.12,2.66,0.3757,0.82,7747,78747,710,15.84,16.34,0.9063,INR/kg,Dhan API v2 (Client 1112620458)
2025-08-15 16:00,2025-08-15,16,Copper,708.02,710.11,2.08,0.2945,-0.58,3376,78924,710,16.56,17.06,0.8843,INR/kg,Dhan API v2 (Client 1112620458)
2025-08-15 17:00,2025-08-15,17,Copper,704.16,706.51,2.35,0.3342,0.27,7006,79803,700,16.27,16.77,0.929,INR/kg,Dhan API v2 (Client 1112620458)
2025-08-15 18:00,2025-08-15,18,Copper,699.48,703.26,3.79,0.5413,1.44,12406,80692,700,16.43,16.93,0.9298,INR/kg,Dhan API v2 (Client 1112620458)
2025-08-15 19:00,2025-08-15,19,Copper,701.45,704.59,3.14,0.4477,-0.65,7095,81162,700,16.2,16.7,0.9339,INR/kg,Dhan API v2 (Client 1112620458)
2025-08-15 20:00,2025-08-15,20,Copper,701.44,704.74,3.3,0.4707,0.16,4465,79559,700,16.08,16.58,0.92,INR/kg,Dhan API v2 (Client 1112620458)
2025-08-15 21:00,2025-08-15,21,Copper,699.54,702.31,2.76,0.395,-0.54,3299,80585,700,16.55,17.05,0.9491,INR/kg,Dhan API v2 (Client 1112620458)
2025-08-15 22:00,2025-08-15,22,Copper,700.31,704.21,3.89,0.5561,1.13,4000,80127,700,16.65,17.15,0.9173,INR/kg,Dhan API v2 (Client 1112620458)
2025-08-15 23:00,2025-08-15,23,Copper,702.73,704.78,2.05,0.2913,-1.84,11389,79763,700,15.91,16.41,0.9104,INR/kg,Dhan API v2 (Client 1112620458)
2025-08-18 09:00,2025-08-18,9,Copper,702.23,705.8,3.56,0.5074,1.51,8566,80074,700,15.44,15.94,0.9376,INR/kg,Dhan API v2 (Client 1112620458)
2025-08-18 10:00,2025-08-18,10,Copper,701.51,704.45,2.94,0.4185,-0.62,7991,78886,700,16.69,17.19,0.9451,INR/kg,Dhan API v2 (Client 1112620458)
2025-08-18 11:00,2025-08-18,11,Copper,700.19,703.08,2.89,0.4135,-0.05,13734,78078,700,16.5,17.0,0.9268,INR/kg,Dhan API v2 (Client 1112620458)
2025-08-18 12:00,2025-08-18,12,Copper,698.15,702.59,4.44,0.636,1.55,5261,79968,700,16.26,16.76,0.9294,INR/kg,Dhan API v2 (Client 1112620458)
2025-08-18 13:00,2025-08-18,13,Copper,697.12,699.16,2.04,0.2932,-2.4,14453,78926,700,16.05,16.55,0.9302,INR/kg,Dhan API v2 (Client 1112620458)
2025-08-18 14:00,2025-08-18,14,Copper,697.22,700.07,2.85,0.4089,0.81,10996,79702,700,16.33,16.83,0.9041,INR/kg,Dhan API v2 (Client 1112620458)
2025-08-18 15:00,2025-08-18,15,Copper,695.36,697.74,2.38,0.3418,-0.47,2482,81551,700,15.99,16.49,0.9096,INR/kg,Dhan API v2 (Client 1112620458)
2025-08-18 16:00,2025-08-18,16,Copper,694.25,697.54,3.29,0.4736,0.91,7269,81930,690,15.76,16.26,0.9121,INR/kg,Dhan API v2 (Client 1112620458)
2025-08-18 17:00,2025-08-18,17,Copper,694.92,697.43,2.51,0.3607,-0.78,3407,77120,690,15.93,16.43,0.9313,INR/kg,Dhan API v2 (Client 1112620458)
2025-08-18 18:00,2025-08-18,18,Copper,693.99,697.11,3.12,0.4499,0.61,12334,78785,690,15.37,15.87,0.9078,INR/kg,Dhan API v2 (Client 1112620458)
2025-08-18 19:00,2025-08-18,19,Copper,693.9,696.53,2.63,0.3794,-0.49,10143,78284,690,16.34,16.84,0.9317,INR/kg,Dhan API v2 (Client 1112620458)
2025-08-18 20:00,2025-08-18,20,Copper,695.02,697.91,2.89,0.4159,0.26,12089,79820,700,16.29,16.79,0.9219,INR/kg,Dhan API v2 (Client 1112620458)
2025-08-18 21:00,2025-08-18,21,Copper,694.55,698.2,3.65,0.5252,0.76,11633,79035,690,16.5,17.0,0.9152,INR/kg,Dhan API v2 (Client 1112620458)
2025-08-18 22:00,2025-08-18,22,Copper,696.15,699.0,2.85,0.4092,-0.8,6128,79705,700,15.91,16.41,0.9338,INR/kg,Dhan API v2 (Client 1112620458)
2025-08-18 23:00,2025-08-18,23,Copper,695.34,696.82,1.48,0.213,-1.37,10698,79967,700,16.23,16.73,0.8897,INR/kg,Dhan API v2 (Client 1112620458)
2025-08-19 09:00,2025-08-19,9,Copper,694.47,698.86,4.39,0.6322,2.91,11470,79394,690,16.49,16.99,0.9205,INR/kg,Dhan API v2 (Client 1112620458)
2025-08-19 10:00,2025-08-19,10,Copper,695.25,699.59,4.35,0.6255,-0.04,14036,80319,700,16.45,16.95,0.8946,INR/kg,Dhan API v2 (Client 1112620458)
2025-08-19 11:00,2025-08-19,11,Copper,695.72,699.39,3.67,0.5271,-0.68,8959,78539,700,15.82,16.32,0.8811,INR/kg,Dhan API v2 (Client 1112620458)
2025-08-19 12:00,2025-08-19,12,Copper,694.81,698.93,4.12,0.5925,0.45,11743,78201,690,16.18,16.68,0.9284,INR/kg,Dhan API v2 (Client 1112620458)
2025-08-19 13:00,2025-08-19,13,Copper,696.76,698.08,1.32,0.1898,-2.8,6204,79246,700,16.22,16.72,0.9596,INR/kg,Dhan API v2 (Client 1112620458)
2025-08-19 14:00,2025-08-19,14,Copper,697.99,701.55,3.57,0.5113,2.25,4709,78011,700,15.87,16.37,0.9191,INR/kg,Dhan API v2 (Client 1112620458)
2025-08-19 15:00,2025-08-19,15,Copper,698.98,701.57,2.59,0.3713,-0.98,12240,78964,700,16.62,17.12,0.9037,INR/kg,Dhan API v2 (Client 1112620458)
2025-08-19 16:00,2025-08-19,16,Copper,697.63,701.68,4.04,0.5795,1.45,10558,78834,700,16.25,16.75,0.8703,INR/kg,Dhan API v2 (Client 1112620458)
2025-08-19 17:00,2025-08-19,17,Copper,700.04,701.69,1.65,0.2357,-2.39,5587,79758,700,16.16,16.66,0.9402,INR/kg,Dhan API v2 (Client 1112620458)
2025-08-19 18:00,2025-08-19,18,Copper,699.45,702.74,3.29,0.4702,1.64,11568,80393,700,16.7,17.2,0.9391,INR/kg,Dhan API v2 (Client 1112620458)
2025-08-19 19:00,2025-08-19,19,Copper,699.94,702.5,2.56,0.3656,-0.73,8035,79838,700,15.9,16.4,0.9194,INR/kg,Dhan API v2 (Client 1112620458)
2025-08-19 20:00,2025-08-19,20,Copper,701.37,704.24,2.88,0.4101,0.32,8433,78969,700,15.68,16.18,0.9212,INR/kg,Dhan API v2 (Client 1112620458)
2025-08-19 21:00,2025-08-19,21,Copper,697.94,699.59,1.65,0.2371,-1.23,11505,80025,700,15.86,16.36,0.9131,INR/kg,Dhan API v2 (Client 1112620458)
2025-08-19 22:00,2025-08-19,22,Copper,695.56,699.07,3.51,0.505,1.86,7128,80294,700,15.72,16.22,0.9115,INR/kg,Dhan API v2 (Client 1112620458)
2025-08-19 23:00,2025-08-19,23,Copper,695.7,699.6,3.9,0.5599,0.39,12018,78538,700,15.72,16.22,0.9193,INR/kg,Dhan API v2 (Client 1112620458)
2025-08-20 09:00,2025-08-20,9,Copper,695.6,697.45,1.85,0.2657,-2.05,14024,80686,700,16.09,16.59,0.9041,INR/kg,Dhan API v2 (Client 1112620458)
2025-08-20 10:00,2025-08-20,10,Copper,694.32,696.52,2.2,0.3167,0.35,8211,79028,690,16.29,16.79,0.9358,INR/kg,Dhan API v2 (Client 1112620458)
2025-08-20 11:00,2025-08-20,11,Copper,692.3,695.89,3.59,0.5179,1.39,12390,79617,690,16.19,16.69,0.8755,INR/kg,Dhan API v2 (Client 1112620458)
2025-08-20 12:00,2025-08-20,12,Copper,694.19,697.17,2.98,0.4296,-0.61,9447,79544,690,15.58,16.08,0.9245,INR/kg,Dhan API v2 (Client 1112620458)
2025-08-20 13:00,2025-08-20,13,Copper,697.13,699.07,1.94,0.2788,-1.04,13102,80807,700,16.49,16.99,0.9488,INR/kg,Dhan API v2 (Client 1112620458)
2025-08-20 14:00,2025-08-20,14,Copper,697.38,701.02,3.64,0.5221,1.7,14710,80306,700,16.02,16.52,0.9122,INR/kg,Dhan API v2 (Client 1112620458)
2025-08-20 15:00,2025-08-20,15,Copper,694.85,698.67,3.82,0.5494,0.18,5824,80768,690,15.96,16.46,0.8993,INR/kg,Dhan API v2 (Client 1112620458)
2025-08-20 16:00,2025-08-20,16,Copper,694.72,697.21,2.5,0.3592,-1.32,10147,80812,690,15.98,16.48,0.937,INR/kg,Dhan API v2 (Client 1112620458)
2025-08-20 17:00,2025-08-20,17,Copper,693.22,695.36,2.14,0.3081,-0.36,7500,79792,690,16.26,16.76,0.9191,INR/kg,Dhan API v2 (Client 1112620458)
2025-08-20 18:00,2025-08-20,18,Copper,692.3,696.29,3.99,0.5763,1.85,8039,77745,690,15.98,16.48,0.8918,INR/kg,Dhan API v2 (Client 1112620458)
2025-08-20 19:00,2025-08-20,19,Copper,694.36,697.08,2.72,0.3917,-1.27,8888,82147,690,16.36,16.86,0.9207,INR/kg,Dhan API v2 (Client 1112620458)
2025-08-20 20:00,2025-08-20,20,Copper,696.07,699.91,3.84,0.5515,1.12,6823,80391,700,15.63,16.13,0.9247,INR/kg,Dhan API v2 (Client 1112620458)
2025-08-20 21:00,2025-08-20,21,Copper,696.63,698.96,2.33,0.3341,-1.51,6033,80386,700,15.95,16.45,0.898,INR/kg,Dhan API v2 (Client 1112620458)
2025-08-20 22:00,2025-08-20,22,Copper,697.57,699.4,1.83,0.2621,-0.5,9609,79974,700,16.99,17.49,0.9059,INR/kg,Dhan API v2 (Client 1112620458)
2025-08-20 23:00,2025-08-20,23,Copper,695.8,699.13,3.32,0.4776,1.49,1376,80525,700,15.96,16.46,0.9638,INR/kg,Dhan API v2 (Client 1112620458)
2025-08-21 09:00,2025-08-21,9,Copper,695.5,697.44,1.94,0.2796,-1.38,12449,79433,700,16.13,16.63,0.9221,INR/kg,Dhan API v2 (Client 1112620458)
2025-08-21 10:00,2025-08-21,10,Copper,695.63,698.24,2.6,0.3743,0.66,5348,79916,700,15.66,16.16,0.9126,INR/kg,Dhan API v2 (Client 1112620458)
2025-08-21 11:00,2025-08-21,11,Copper,695.36,697.04,1.67,0.2404,-0.93,3138,79371,700,16.44,16.94,0.9251,INR/kg,Dhan API v2 (Client 1112620458)
2025-08-21 12:00,2025-08-21,12,Copper,698.68,702.42,3.74,0.5356,2.07,10119,79582,700,16.24,16.74,0.9532,INR/kg,Dhan API v2 (Client 1112620458)
2025-08-21 13:00,2025-08-21,13,Copper,696.64,700.34,3.7,0.5306,-0.04,12014,80476,700,16.23,16.73,0.9273,INR/kg,Dhan API v2 (Client 1112620458)
2025-08-21 14:00,2025-08-21,14,Copper,695.4,698.65,3.26,0.4683,-0.44,4827,79942,700,16.36,16.86,0.9454,INR/kg,Dhan API v2 (Client 1112620458)
2025-08-21 15:00,2025-08-21,15,Copper,695.02,697.97,2.94,0.4235,-0.32,3936,77667,700,16.04,16.54,0.9237,INR/kg,Dhan API v2 (Client 1112620458)
2025-08-21 16:00,2025-08-21,16,Copper,699.72,703.01,3.3,0.4709,0.36,2412,79189,700,16.37,16.87,0.9188,INR/kg,Dhan API v2 (Client 1112620458)
2025-08-21 17:00,2025-08-21,17,Copper,699.65,703.43,3.78,0.5407,0.48,4622,80189,700,16.4,16.9,0.9085,INR/kg,Dhan API v2 (Client 1112620458)
2025-08-21 18:00,2025-08-21,18,Copper,697.78,699.56,1.78,0.2548,-2.0,14220,79770,700,16.05,16.55,0.9201,INR/kg,Dhan API v2 (Client 1112620458)
2025-08-21 19:00,2025-08-21,19,Copper,696.72,700.63,3.91,0.5608,2.13,11875,79838,700,16.58,17.08,0.9339,INR/kg,Dhan API v2 (Client 1112620458)
2025-08-21 20:00,2025-08-21,20,Copper,695.28,698.83,3.55,0.5106,-0.36,12257,79478,700,15.74,16.24,0.9216,INR/kg,Dhan API v2 (Client 1112620458)
2025-08-21 21:00,2025-08-21,21,Copper,698.55,700.22,1.66,0.238,-1.89,1149,80272,700,15.96,16.46,0.9123,INR/kg,Dhan API v2 (Client 1112620458)
2025-08-21 22:00,2025-08-21,22,Copper,693.69,696.81,3.11,0.4489,1.45,7198,79561,690,16.41,16.91,0.9292,INR/kg,Dhan API v2 (Client 1112620458)
2025-08-21 23:00,2025-08-21,23,Copper,692.04,692.96,0.92,0.1336,-2.19,12116,79792,690,16.04,16.54,0.9167,INR/kg,Dhan API v2 (Client 1112620458)
2025-08-22 09:00,2025-08-22,9,Copper,694.85,697.74,2.89,0.4163,1.97,12967,79195,690,16.39,16.89,0.9198,INR/kg,Dhan API v2 (Client 1112620458)
2025-08-22 10:00,2025-08-22,10,Copper,696.22,699.34,3.12,0.4483,0.23,12289,79381,700,16.4,16.9,0.9098,INR/kg,Dhan API v2 (Client 1112620458)
2025-08-22 11:00,2025-08-22,11,Copper,698.2,702.11,3.92,0.5611,0.8,4307,79544,700,15.65,16.15,0.9311,INR/kg,Dhan API v2 (Client 1112620458)
2025-08-22 12:00,2025-08-22,12,Copper,697.26,699.92,2.65,0.3806,-1.27,9099,81371,700,16.24,16.74,0.9492,INR/kg,Dhan API v2 (Client 1112620458)
2025-08-22 13:00,2025-08-22,13,Copper,698.2,701.38,3.19,0.4562,0.54,6572,79357,700,16.43,16.93,0.9372,INR/kg,Dhan API v2 (Client 1112620458)
2025-08-22 14:00,2025-08-22,14,Copper,696.93,697.89,0.96,0.1373,-2.23,11726,79922,700,16.21,16.71,0.8828,INR/kg,Dhan API v2 (Client 1112620458)
2025-08-22 15:00,2025-08-22,15,Copper,695.65,697.69,2.04,0.293,1.08,7982,79821,700,16.22,16.72,0.9315,INR/kg,Dhan API v2 (Client 1112620458)
2025-08-22 16:00,2025-08-22,16,Copper,693.85,694.55,0.71,0.1016,-1.33,7659,79379,690,16.03,16.53,0.9268,INR/kg,Dhan API v2 (Client 1112620458)
2025-08-22 17:00,2025-08-22,17,Copper,696.03,699.63,3.59,0.5165,2.88,13031,78642,700,16.35,16.85,0.915,INR/kg,Dhan API v2 (Client 1112620458)
2025-08-22 18:00,2025-08-22,18,Copper,695.36,697.06,1.71,0.2454,-1.88,13540,80353,700,16.26,16.76,0.9017,INR/kg,Dhan API v2 (Client 1112620458)
2025-08-22 19:00,2025-08-22,19,Copper,692.55,694.48,1.93,0.2783,0.22,4803,82041,690,15.65,16.15,0.921,INR/kg,Dhan API v2 (Client 1112620458)
2025-08-22 20:00,2025-08-22,20,Copper,694.7,699.52,4.83,0.6946,2.9,11529,80018,690,15.83,16.33,0.9561,INR/kg,Dhan API v2 (Client 1112620458)
2025-08-22 21:00,2025-08-22,21,Copper,694.99,697.38,2.39,0.3438,-2.44,14311,81104,690,16.22,16.72,0.9289,INR/kg,Dhan API v2 (Client 1112620458)
2025-08-22 22:00,2025-08-22,22,Copper,693.5,694.76,1.26,0.1813,-1.13,1716,80020,690,16.44,16.94,0.9158,INR/kg,Dhan API v2 (Client 1112620458)
2025-08-22 23:00,2025-08-22,23,Copper,692.48,694.97,2.49,0.3595,1.23,9983,78537,690,16.31,16.81,0.9449,INR/kg,Dhan API v2 (Client 1112620458)
2025-08-25 09:00,2025-08-25,9,Copper,686.98,689.33,2.35,0.3416,-0.14,11906,80346,690,16.25,16.75,0.8998,INR/kg,Dhan API v2 (Client 1112620458)
2025-08-25 10:00,2025-08-25,10,Copper,686.12,688.58,2.46,0.3588,0.11,3463,79407,690,16.46,16.96,0.947,INR/kg,Dhan API v2 (Client 1112620458)
2025-08-25 11:00,2025-08-25,11,Copper,688.52,689.99,1.47,0.2131,-0.99,6143,79748,690,16.49,16.99,0.9057,INR/kg,Dhan API v2 (Client 1112620458)
2025-08-25 12:00,2025-08-25,12,Copper,689.25,690.43,1.18,0.1709,-0.29,8519,80204,690,16.28,16.78,0.9497,INR/kg,Dhan API v2 (Client 1112620458)
2025-08-25 13:00,2025-08-25,13,Copper,687.5,689.75,2.25,0.3267,1.07,9988,80337,690,16.72,17.22,0.9207,INR/kg,Dhan API v2 (Client 1112620458)
2025-08-25 14:00,2025-08-25,14,Copper,689.71,691.63,1.93,0.2796,-0.32,13384,79567,690,16.19,16.69,0.926,INR/kg,Dhan API v2 (Client 1112620458)
2025-08-25 15:00,2025-08-25,15,Copper,688.19,690.37,2.19,0.3176,0.26,11045,80436,690,16.14,16.64,0.9018,INR/kg,Dhan API v2 (Client 1112620458)
2025-08-25 16:00,2025-08-25,16,Copper,689.76,690.27,0.52,0.0749,-1.67,5475,78126,690,16.06,16.56,0.947,INR/kg,Dhan API v2 (Client 1112620458)
2025-08-25 17:00,2025-08-25,17,Copper,686.75,688.25,1.5,0.2189,0.98,9753,77808,690,16.45,16.95,0.9054,INR/kg,Dhan API v2 (Client 1112620458)
2025-08-25 18:00,2025-08-25,18,Copper,684.16,686.17,2.01,0.2941,0.51,2719,79412,680,15.59,16.09,0.9557,INR/kg,Dhan API v2 (Client 1112620458)
2025-08-25 19:00,2025-08-25,19,Copper,685.33,687.7,2.37,0.3456,0.36,1907,79543,690,16.23,16.73,0.9137,INR/kg,Dhan API v2 (Client 1112620458)
2025-08-25 20:00,2025-08-25,20,Copper,685.81,690.32,4.51,0.6578,2.14,2661,79829,690,15.89,16.39,0.9287,INR/kg,Dhan API v2 (Client 1112620458)
2025-08-25 21:00,2025-08-25,21,Copper,685.05,689.42,4.37,0.638,-0.14,10186,79399,690,15.8,16.3,0.8975,INR/kg,Dhan API v2 (Client 1112620458)
2025-08-25 22:00,2025-08-25,22,Copper,682.38,684.78,2.4,0.352,-1.97,7691,78524,680,16.08,16.58,0.943,INR/kg,Dhan API v2 (Client 1112620458)
2025-08-25 23:00,2025-08-25,23,Copper,683.77,686.67,2.89,0.4234,0.49,5257,79754,680,15.91,16.41,0.9208,INR/kg,Dhan API v2 (Client 1112620458)
2025-08-26 09:00,2025-08-26,9,Copper,682.77,685.15,2.38,0.348,-0.51,720,78999,680,16.09,16.59,0.9067,INR/kg,Dhan API v2 (Client 1112620458)
2025-08-26 10:00,2025-08-26,10,Copper,683.08,686.09,3.01,0.4413,0.63,5789,80716,680,15.78,16.28,0.9009,INR/kg,Dhan API v2 (Client 1112620458)
2025-08-26 11:00,2025-08-26,11,Copper,682.9,685.41,2.51,0.3678,-0.5,4650,81452,680,16.47,16.97,0.9084,INR/kg,Dhan API v2 (Client 1112620458)
2025-08-26 12:00,2025-08-26,12,Copper,684.51,686.92,2.4,0.3507,-0.11,10394,81995,680,16.33,16.83,0.9315,INR/kg,Dhan API v2 (Client 1112620458)
2025-08-26 13:00,2025-08-26,13,Copper,687.06,690.09,3.03,0.4407,0.63,4365,81731,690,16.22,16.72,0.9202,INR/kg,Dhan API v2 (Client 1112620458)
2025-08-26 14:00,2025-08-26,14,Copper,686.92,686.63,-0.29,-0.0421,-3.32,9642,80886,690,16.18,16.68,0.9288,INR/kg,Dhan API v2 (Client 1112620458)
2025-08-26 15:00,2025-08-26,15,Copper,687.87,690.74,2.87,0.4172,3.16,8469,80757,690,16.07,16.57,0.9008,INR/kg,Dhan API v2 (Client 1112620458)
2025-08-26 16:00,2025-08-26,16,Copper,688.46,691.45,3.0,0.4354,0.13,5237,80069,690,16.04,16.54,0.9304,INR/kg,Dhan API v2 (Client 1112620458)
2025-08-26 17:00,2025-08-26,17,Copper,690.66,691.3,0.64,0.0925,-2.36,12005,78957,690,16.34,16.84,0.9356,INR/kg,Dhan API v2 (Client 1112620458)
2025-08-26 18:00,2025-08-26,18,Copper,692.41,693.96,1.55,0.2242,0.91,1770,79651,690,16.26,16.76,0.9592,INR/kg,Dhan API v2 (Client 1112620458)
2025-08-26 19:00,2025-08-26,19,Copper,692.01,695.46,3.45,0.4983,1.9,13744,79191,690,16.25,16.75,0.8919,INR/kg,Dhan API v2 (Client 1112620458)
2025-08-26 20:00,2025-08-26,20,Copper,689.82,693.19,3.37,0.4885,-0.08,8187,79305,690,16.3,16.8,0.9683,INR/kg,Dhan API v2 (Client 1112620458)
2025-08-26 21:00,2025-08-26,21,Copper,689.17,690.32,1.15,0.1667,-2.22,6810,77451,690,15.82,16.32,0.919,INR/kg,Dhan API v2 (Client 1112620458)
2025-08-26 22:00,2025-08-26,22,Copper,688.5,690.01,1.51,0.2199,0.36,8011,79614,690,16.62,17.12,0.9235,INR/kg,Dhan API v2 (Client 1112620458)
2025-08-26 23:00,2025-08-26,23,Copper,688.23,690.88,2.65,0.3849,1.14,5166,78166,690,16.23,16.73,0.883,INR/kg,Dhan API v2 (Client 1112620458)
2025-08-27 09:00,2025-08-27,9,Copper,692.29,693.58,1.29,0.1866,-1.36,7495,81130,690,16.49,16.99,0.928,INR/kg,Dhan API v2 (Client 1112620458)
2025-08-27 10:00,2025-08-27,10,Copper,688.42,688.63,0.21,0.0304,-1.08,11733,79541,690,15.89,16.39,0.9143,INR/kg,Dhan API v2 (Client 1112620458)
2025-08-27 11:00,2025-08-27,11,Copper,687.74,690.66,2.92,0.4244,2.71,2369,78596,690,16.93,17.43,0.8824,INR/kg,Dhan API v2 (Client 1112620458)
2025-08-27 12:00,2025-08-27,12,Copper,687.6,688.15,0.55,0.0793,-2.37,14734,79414,690,16.7,17.2,0.9219,INR/kg,Dhan API v2 (Client 1112620458)
2025-08-27 13:00,2025-08-27,13,Copper,690.92,693.4,2.48,0.3587,1.93,8006,79179,690,16.22,16.72,0.9333,INR/kg,Dhan API v2 (Client 1112620458)
2025-08-27 14:00,2025-08-27,14,Copper,689.69,692.34,2.65,0.3836,0.17,14798,80582,690,15.92,16.42,0.9185,INR/kg,Dhan API v2 (Client 1112620458)
2025-08-27 15:00,2025-08-27,15,Copper,693.7,696.88,3.18,0.4587,0.53,9217,79330,690,15.9,16.4,0.9284,INR/kg,Dhan API v2 (Client 1112620458)
2025-08-27 16:00,2025-08-27,16,Copper,693.47,694.31,0.84,0.1215,-2.34,12767,78202,690,16.0,16.5,0.954,INR/kg,Dhan API v2 (Client 1112620458)
2025-08-27 17:00,2025-08-27,17,Copper,693.75,697.61,3.86,0.5567,3.02,12475,80023,690,16.29,16.79,0.8843,INR/kg,Dhan API v2 (Client 1112620458)
2025-08-27 18:00,2025-08-27,18,Copper,694.94,696.91,1.97,0.2835,-1.89,4374,80665,690,15.75,16.25,0.9093,INR/kg,Dhan API v2 (Client 1112620458)
2025-08-27 19:00,2025-08-27,19,Copper,695.22,697.96,2.74,0.3945,0.77,4833,77397,700,16.36,16.86,0.8743,INR/kg,Dhan API v2 (Client 1112620458)
2025-08-27 20:00,2025-08-27,20,Copper,694.3,695.93,1.63,0.2349,-1.11,4375,79193,690,15.79,16.29,0.8746,INR/kg,Dhan API v2 (Client 1112620458)
2025-08-27 21:00,2025-08-27,21,Copper,695.35,697.26,1.91,0.275,0.28,12440,80546,700,16.24,16.74,0.8935,INR/kg,Dhan API v2 (Client 1112620458)
2025-08-27 22:00,2025-08-27,22,Copper,698.65,700.88,2.23,0.3197,0.32,6008,79952,700,16.35,16.85,0.9161,INR/kg,Dhan API v2 (Client 1112620458)
2025-08-27 23:00,2025-08-27,23,Copper,698.81,702.09,3.28,0.4694,1.05,11614,78292,700,16.28,16.78,0.9215,INR/kg,Dhan API v2 (Client 1112620458)
2025-08-28 09:00,2025-08-28,9,Copper,696.95,700.15,3.19,0.4583,-0.09,14922,80033,700,15.82,16.32,0.9057,INR/kg,Dhan API v2 (Client 1112620458)
2025-08-28 10:00,2025-08-28,10,Copper,696.8,699.82,3.02,0.4338,-0.17,14522,78187,700,16.51,17.01,0.9109,INR/kg,Dhan API v2 (Client 1112620458)
2025-08-28 11:00,2025-08-28,11,Copper,699.71,702.64,2.93,0.419,-0.09,10704,80558,700,16.02,16.52,0.9311,INR/kg,Dhan API v2 (Client 1112620458)
2025-08-28 12:00,2025-08-28,12,Copper,702.56,705.71,3.15,0.4489,0.22,9910,79517,700,16.55,17.05,0.9224,INR/kg,Dhan API v2 (Client 1112620458)
2025-08-28 13:00,2025-08-28,13,Copper,700.58,701.98,1.4,0.1998,-1.75,14561,80175,700,15.71,16.21,0.9063,INR/kg,Dhan API v2 (Client 1112620458)
2025-08-28 14:00,2025-08-28,14,Copper,697.95,699.38,1.42,0.2037,0.02,6056,80544,700,16.26,16.76,0.943,INR/kg,Dhan API v2 (Client 1112620458)
2025-08-28 15:00,2025-08-28,15,Copper,701.38,704.23,2.85,0.4069,1.43,13842,79571,700,15.73,16.23,0.8804,INR/kg,Dhan API v2 (Client 1112620458)
2025-08-28 16:00,2025-08-28,16,Copper,703.0,703.87,0.87,0.1234,-1.98,7593,79991,700,15.93,16.43,0.9089,INR/kg,Dhan API v2 (Client 1112620458)
2025-08-28 17:00,2025-08-28,17,Copper,707.05,709.19,2.14,0.3023,1.27,11007,80803,710,16.13,16.63,0.9338,INR/kg,Dhan API v2 (Client 1112620458)
2025-08-28 18:00,2025-08-28,18,Copper,705.01,707.52,2.51,0.3565,0.37,14210,80210,710,16.24,16.74,0.9166,INR/kg,Dhan API v2 (Client 1112620458)
2025-08-28 19:00,2025-08-28,19,Copper,708.9,710.57,1.67,0.2353,-0.84,12079,79126,710,16.31,16.81,0.8899,INR/kg,Dhan API v2 (Client 1112620458)
2025-08-28 20:00,2025-08-28,20,Copper,704.57,708.2,3.63,0.515,1.96,9528,79575,700,16.82,17.32,0.898,INR/kg,Dhan API v2 (Client 1112620458)
2025-08-28 21:00,2025-08-28,21,Copper,703.16,704.41,1.24,0.177,-2.39,6255,80294,700,16.37,16.87,0.9028,INR/kg,Dhan API v2 (Client 1112620458)
2025-08-28 22:00,2025-08-28,22,Copper,702.64,705.78,3.14,0.4463,1.9,2462,80387,700,16.58,17.08,0.9097,INR/kg,Dhan API v2 (Client 1112620458)
2025-08-28 23:00,2025-08-28,23,Copper,704.49,706.5,2.01,0.2857,-1.13,9983,80871,700,16.15,16.65,0.9138,INR/kg,Dhan API v2 (Client 1112620458)
2025-08-29 09:00,2025-08-29,9,Copper,706.45,710.38,3.93,0.5563,1.92,12485,80205,710,16.59,17.09,0.9183,INR/kg,Dhan API v2 (Client 1112620458)
2025-08-29 10:00,2025-08-29,10,Copper,707.46,708.97,1.51,0.213,-2.42,3653,80065,710,16.23,16.73,0.9497,INR/kg,Dhan API v2 (Client 1112620458)
2025-08-29 11:00,2025-08-29,11,Copper,707.28,709.03,1.75,0.2475,0.24,10892,78678,710,15.89,16.39,0.9248,INR/kg,Dhan API v2 (Client 1112620458)
2025-08-29 12:00,2025-08-29,12,Copper,705.7,708.8,3.1,0.4391,1.35,7269,79924,710,16.92,17.42,0.9014,INR/kg,Dhan API v2 (Client 1112620458)
2025-08-29 13:00,2025-08-29,13,Copper,703.33,706.65,3.32,0.4717,0.22,2198,77781,700,16.58,17.08,0.9032,INR/kg,Dhan API v2 (Client 1112620458)
2025-08-29 14:00,2025-08-29,14,Copper,702.87,704.32,1.44,0.2052,-1.88,3619,79286,700,16.41,16.91,0.9006,INR/kg,Dhan API v2 (Client 1112620458)
2025-08-29 15:00,2025-08-29,15,Copper,703.68,707.04,3.36,0.4774,1.92,11605,78479,700,16.5,17.0,0.921,INR/kg,Dhan API v2 (Client 1112620458)
2025-08-29 16:00,2025-08-29,16,Copper,706.75,709.14,2.4,0.3391,-0.96,4938,78990,710,16.55,17.05,0.9222,INR/kg,Dhan API v2 (Client 1112620458)
2025-08-29 17:00,2025-08-29,17,Copper,706.87,709.43,2.56,0.3617,0.16,575,80284,710,16.64,17.14,0.9374,INR/kg,Dhan API v2 (Client 1112620458)
2025-08-29 18:00,2025-08-29,18,Copper,707.3,708.95,1.65,0.2332,-0.91,6171,80033,710,15.91,16.41,0.9281,INR/kg,Dhan API v2 (Client 1112620458)
2025-08-29 19:00,2025-08-29,19,Copper,710.47,713.03,2.56,0.3598,0.91,11356,79169,710,16.29,16.79,0.8964,INR/kg,Dhan API v2 (Client 1112620458)
2025-08-29 20:00,2025-08-29,20,Copper,715.51,717.09,1.58,0.2204,-0.98,12902,79080,720,16.51,17.01,0.9264,INR/kg,Dhan API v2 (Client 1112620458)
2025-08-29 21:00,2025-08-29,21,Copper,718.86,720.04,1.18,0.1638,-0.4,14077,79680,720,15.89,16.39,0.9417,INR/kg,Dhan API v2 (Client 1112620458)
2025-08-29 22:00,2025-08-29,22,Copper,719.76,722.55,2.79,0.3878,1.61,2694,80525,720,15.4,15.9,0.9275,INR/kg,Dhan API v2 (Client 1112620458)
2025-08-29 23:00,2025-08-29,23,Copper,716.93,720.19,3.27,0.4559,0.48,2007,78036,720,16.5,17.0,0.9428,INR/kg,Dhan API v2 (Client 1112620458)
2025-09-01 09:00,2025-09-01,9,Copper,720.43,723.87,3.44,0.4774,0.17,1184,79772,720,16.62,17.12,0.9208,INR/kg,Dhan API v2 (Client 1112620458)
2025-09-01 10:00,2025-09-01,10,Copper,722.42,724.1,1.69,0.2337,-1.75,6908,80749,720,16.22,16.72,0.9235,INR/kg,Dhan API v2 (Client 1112620458)
2025-09-01 11:00,2025-09-01,11,Copper,722.13,722.98,0.85,0.1172,-0.84,3199,80164,720,16.44,16.94,0.9276,INR/kg,Dhan API v2 (Client 1112620458)
2025-09-01 12:00,2025-09-01,12,Copper,726.66,729.56,2.9,0.3989,2.05,8857,78198,730,16.08,16.58,0.8973,INR/kg,Dhan API v2 (Client 1112620458)
2025-09-01 13:00,2025-09-01,13,Copper,726.13,726.92,0.79,0.1085,-2.11,5993,80171,730,15.63,16.13,0.9107,INR/kg,Dhan API v2 (Client 1112620458)
2025-09-01 14:00,2025-09-01,14,Copper,728.05,730.6,2.55,0.3507,1.76,7343,79564,730,16.28,16.78,0.8735,INR/kg,Dhan API v2 (Client 1112620458)
2025-09-01 15:00,2025-09-01,15,Copper,728.9,733.22,4.32,0.5933,1.77,9653,80052,730,16.59,17.09,0.9298,INR/kg,Dhan API v2 (Client 1112620458)
2025-09-01 16:00,2025-09-01,16,Copper,728.55,731.49,2.94,0.404,-1.38,2582,78886,730,16.24,16.74,0.9235,INR/kg,Dhan API v2 (Client 1112620458)
2025-09-01 17:00,2025-09-01,17,Copper,724.1,726.33,2.23,0.3081,-0.71,2953,79283,720,15.88,16.38,0.9163,INR/kg,Dhan API v2 (Client 1112620458)
2025-09-01 18:00,2025-09-01,18,Copper,722.14,723.85,1.71,0.237,-0.52,14807,78893,720,16.36,16.86,0.8747,INR/kg,Dhan API v2 (Client 1112620458)
2025-09-01 19:00,2025-09-01,19,Copper,723.03,724.91,1.88,0.2599,0.17,4416,79379,720,16.54,17.04,0.9439,INR/kg,Dhan API v2 (Client 1112620458)
2025-09-01 20:00,2025-09-01,20,Copper,725.11,729.03,3.93,0.5414,2.05,10626,80186,730,16.05,16.55,0.9579,INR/kg,Dhan API v2 (Client 1112620458)
2025-09-01 21:00,2025-09-01,21,Copper,725.38,727.4,2.01,0.2776,-1.92,875,78422,730,16.31,16.81,0.8763,INR/kg,Dhan API v2 (Client 1112620458)
2025-09-01 22:00,2025-09-01,22,Copper,721.24,724.21,2.97,0.4118,0.96,12475,80644,720,15.61,16.11,0.9373,INR/kg,Dhan API v2 (Client 1112620458)
2025-09-01 23:00,2025-09-01,23,Copper,722.31,725.96,3.64,0.5042,0.67,9385,79267,720,16.52,17.02,0.8892,INR/kg,Dhan API v2 (Client 1112620458)
2025-09-02 09:00,2025-09-02,9,Copper,715.29,716.6,1.31,0.1833,-2.33,14878,80600,720,15.82,16.32,0.9122,INR/kg,Dhan API v2 (Client 1112620458)
2025-09-02 10:00,2025-09-02,10,Copper,715.06,717.65,2.59,0.362,1.28,13890,79974,720,15.38,15.88,0.893,INR/kg,Dhan API v2 (Client 1112620458)
2025-09-02 11:00,2025-09-02,11,Copper,713.74,716.25,2.51,0.3523,-0.08,4790,80338,710,16.23,16.73,0.9071,INR/kg,Dhan API v2 (Client 1112620458)
2025-09-02 12:00,2025-09-02,12,Copper,714.39,716.24,1.86,0.26,-0.65,7397,80096,710,16.18,16.68,0.9168,INR/kg,Dhan API v2 (Client 1112620458)
2025-09-02 13:00,2025-09-02,13,Copper,711.67,714.39,2.71,0.3814,0.85,6254,78666,710,16.13,16.63,0.8853,INR/kg,Dhan API v2 (Client 1112620458)
2025-09-02 14:00,2025-09-02,14,Copper,710.01,711.77,1.76,0.2484,-0.95,10173,80208,710,16.26,16.76,0.917,INR/kg,Dhan API v2 (Client 1112620458)
2025-09-02 15:00,2025-09-02,15,Copper,710.04,710.47,0.43,0.0605,-1.33,2796,79177,710,16.38,16.88,0.9223,INR/kg,Dhan API v2 (Client 1112620458)
2025-09-02 16:00,2025-09-02,16,Copper,708.26,710.29,2.03,0.2861,1.6,1165,78188,710,15.79,16.29,0.9218,INR/kg,Dhan API v2 (Client 1112620458)
2025-09-02 17:00,2025-09-02,17,Copper,711.07,712.25,1.18,0.1659,-0.85,14606,80048,710,16.69,17.19,0.9045,INR/kg,Dhan API v2 (Client 1112620458)
2025-09-02 18:00,2025-09-02,18,Copper,712.82,716.93,4.11,0.5761,2.93,9847,80466,710,15.69,16.19,0.9188,INR/kg,Dhan API v2 (Client 1112620458)
2025-09-02 19:00,2025-09-02,19,Copper,713.64,716.89,3.25,0.4559,-0.86,5652,77790,710,15.93,16.43,0.8725,INR/kg,Dhan API v2 (Client 1112620458)
2025-09-02 20:00,2025-09-02,20,Copper,715.39,715.56,0.18,0.0248,-3.07,3192,78410,720,16.23,16.73,0.9018,INR/kg,Dhan API v2 (Client 1112620458)
2025-09-02 21:00,2025-09-02,21,Copper,716.14,718.31,2.16,0.3022,1.98,7166,79281,720,16.45,16.95,0.957,INR/kg,Dhan API v2 (Client 1112620458)
2025-09-02 22:00,2025-09-02,22,Copper,715.63,717.61,1.98,0.277,-0.18,2448,79697,720,16.8,17.3,0.9343,INR/kg,Dhan API v2 (Client 1112620458)
2025-09-02 23:00,2025-09-02,23,Copper,715.21,716.29,1.09,0.152,-0.89,1733,78388,720,16.16,16.66,0.8889,INR/kg,Dhan API v2 (Client 1112620458)
2025-09-03 09:00,2025-09-03,9,Copper,715.25,716.7,1.44,0.202,0.35,9042,79467,720,16.89,17.39,0.8943,INR/kg,Dhan API v2 (Client 1112620458)
2025-09-03 10:00,2025-09-03,10,Copper,715.8,715.95,0.15,0.0215,-1.29,4318,80070,720,16.03,16.53,0.9151,INR/kg,Dhan API v2 (Client 1112620458)
2025-09-03 11:00,2025-09-03,11,Copper,714.88,716.67,1.79,0.2508,1.64,3959,79299,710,16.61,17.11,0.9203,INR/kg,Dhan API v2 (Client 1112620458)
2025-09-03 12:00,2025-09-03,12,Copper,716.25,719.66,3.4,0.4754,1.61,4862,78506,720,16.28,16.78,0.8766,INR/kg,Dhan API v2 (Client 1112620458)
2025-09-03 13:00,2025-09-03,13,Copper,718.01,718.8,0.79,0.1104,-2.61,2791,79598,720,15.73,16.23,0.934,INR/kg,Dhan API v2 (Client 1112620458)
2025-09-03 14:00,2025-09-03,14,Copper,718.49,721.08,2.59,0.3599,1.8,10826,79731,720,16.27,16.77,0.8883,INR/kg,Dhan API v2 (Client 1112620458)
2025-09-03 15:00,2025-09-03,15,Copper,720.17,720.92,0.75,0.1044,-1.84,6009,77911,720,15.24,15.74,0.9292,INR/kg,Dhan API v2 (Client 1112620458)
2025-09-03 16:00,2025-09-03,16,Copper,721.96,723.54,1.59,0.2196,0.84,13990,79568,720,16.51,17.01,0.8925,INR/kg,Dhan API v2 (Client 1112620458)
2025-09-03 17:00,2025-09-03,17,Copper,721.78,723.38,1.6,0.2213,0.01,7640,79375,720,16.02,16.52,0.9209,INR/kg,Dhan API v2 (Client 1112620458)
2025-09-03 18:00,2025-09-03,18,Copper,719.22,721.78,2.56,0.3556,0.96,7916,80291,720,15.94,16.44,0.948,INR/kg,Dhan API v2 (Client 1112620458)
2025-09-03 19:00,2025-09-03,19,Copper,716.71,720.05,3.34,0.4658,0.78,12519,80458,720,16.21,16.71,0.9508,INR/kg,Dhan API v2 (Client 1112620458)
2025-09-03 20:00,2025-09-03,20,Copper,716.77,717.88,1.11,0.1544,-2.23,11901,80506,720,16.17,16.67,0.9133,INR/kg,Dhan API v2 (Client 1112620458)
2025-09-03 21:00,2025-09-03,21,Copper,717.29,718.44,1.14,0.1594,0.03,12577,80233,720,16.19,16.69,0.9175,INR/kg,Dhan API v2 (Client 1112620458)
2025-09-03 22:00,2025-09-03,22,Copper,716.12,718.26,2.15,0.2996,1.01,12474,80653,720,16.58,17.08,0.8896,INR/kg,Dhan API v2 (Client 1112620458)
2025-09-03 23:00,2025-09-03,23,Copper,715.55,717.03,1.48,0.2075,-0.67,13142,78795,720,16.19,16.69,0.9227,INR/kg,Dhan API v2 (Client 1112620458)
2025-09-04 09:00,2025-09-04,9,Copper,718.67,720.56,1.89,0.2636,0.41,12913,80816,720,16.04,16.54,0.9034,INR/kg,Dhan API v2 (Client 1112620458)
2025-09-04 10:00,2025-09-04,10,Copper,715.26,715.74,0.48,0.0673,-1.41,1233,78966,720,16.68,17.18,0.9393,INR/kg,Dhan API v2 (Client 1112620458)
2025-09-04 11:00,2025-09-04,11,Copper,712.32,713.69,1.37,0.1918,0.89,11927,78487,710,16.25,16.75,0.8756,INR/kg,Dhan API v2 (Client 1112620458)
2025-09-04 12:00,2025-09-04,12,Copper,715.29,716.05,0.76,0.1061,-0.61,2515,78468,720,16.24,16.74,0.9271,INR/kg,Dhan API v2 (Client 1112620458)
2025-09-04 13:00,2025-09-04,13,Copper,713.31,714.32,1.01,0.1413,0.25,14076,79346,710,16.64,17.14,0.9365,INR/kg,Dhan API v2 (Client 1112620458)
2025-09-04 14:00,2025-09-04,14,Copper,715.64,719.55,3.91,0.5466,2.9,9454,80067,720,16.35,16.85,0.9459,INR/kg,Dhan API v2 (Client 1112620458)
2025-09-04 15:00,2025-09-04,15,Copper,716.57,717.27,0.69,0.0966,-3.22,3590,79708,720,16.16,16.66,0.9202,INR/kg,Dhan API v2 (Client 1112620458)
2025-09-04 16:00,2025-09-04,16,Copper,718.19,721.3,3.11,0.4329,2.42,14752,80008,720,16.0,16.5,0.9257,INR/kg,Dhan API v2 (Client 1112620458)
2025-09-04 17:00,2025-09-04,17,Copper,720.42,721.62,1.19,0.1658,-1.92,12273,79481,720,16.47,16.97,0.9354,INR/kg,Dhan API v2 (Client 1112620458)
2025-09-04 18:00,2025-09-04,18,Copper,721.73,723.1,1.37,0.1903,0.18,1336,79541,720,16.32,16.82,0.9137,INR/kg,Dhan API v2 (Client 1112620458)
2025-09-04 19:00,2025-09-04,19,Copper,719.74,721.85,2.11,0.2936,0.74,6259,78477,720,16.11,16.61,0.8857,INR/kg,Dhan API v2 (Client 1112620458)
2025-09-04 20:00,2025-09-04,20,Copper,720.13,721.1,0.97,0.1348,-1.14,9484,78994,720,15.98,16.48,0.951,INR/kg,Dhan API v2 (Client 1112620458)
2025-09-04 21:00,2025-09-04,21,Copper,720.37,723.29,2.92,0.4056,1.95,9022,79863,720,16.12,16.62,0.9136,INR/kg,Dhan API v2 (Client 1112620458)
2025-09-04 22:00,2025-09-04,22,Copper,718.23,719.91,1.68,0.2337,-1.24,12084,80084,720,16.51,17.01,0.9056,INR/kg,Dhan API v2 (Client 1112620458)
2025-09-04 23:00,2025-09-04,23,Copper,721.18,723.68,2.5,0.3473,0.82,9794,80003,720,16.08,16.58,0.9013,INR/kg,Dhan API v2 (Client 1112620458)
2025-09-05 09:00,2025-09-05,9,Copper,720.56,722.04,1.48,0.2051,-1.02,799,79474,720,16.09,16.59,0.919,INR/kg,Dhan API v2 (Client 1112620458)
2025-09-05 10:00,2025-09-05,10,Copper,720.44,721.46,1.02,0.1412,-0.46,4161,78773,720,16.1,16.6,0.9148,INR/kg,Dhan API v2 (Client 1112620458)
2025-09-05 11:00,2025-09-05,11,Copper,722.17,722.8,0.63,0.0877,-0.39,2634,80334,720,16.51,17.01,0.894,INR/kg,Dhan API v2 (Client 1112620458)
2025-09-05 12:00,2025-09-05,12,Copper,725.54,727.13,1.59,0.2197,0.96,8434,80125,730,16.25,16.75,0.9213,INR/kg,Dhan API v2 (Client 1112620458)
2025-09-05 13:00,2025-09-05,13,Copper,725.04,728.99,3.95,0.5447,2.36,2850,78317,730,16.32,16.82,0.8857,INR/kg,Dhan API v2 (Client 1112620458)
2025-09-05 14:00,2025-09-05,14,Copper,723.23,725.08,1.84,0.255,-2.11,10726,78844,720,16.73,17.23,0.9619,INR/kg,Dhan API v2 (Client 1112620458)
2025-09-05 15:00,2025-09-05,15,Copper,724.77,726.14,1.38,0.1898,-0.46,4921,79858,720,16.2,16.7,0.9318,INR/kg,Dhan API v2 (Client 1112620458)
2025-09-05 16:00,2025-09-05,16,Copper,722.45,724.58,2.13,0.2942,0.75,1419,79004,720,15.98,16.48,0.8984,INR/kg,Dhan API v2 (Client 1112620458)
2025-09-05 17:00,2025-09-05,17,Copper,726.62,728.2,1.58,0.2171,-0.55,8997,79865,730,16.56,17.06,0.9299,INR/kg,Dhan API v2 (Client 1112620458)
2025-09-05 18:00,2025-09-05,18,Copper,727.72,728.79,1.08,0.148,-0.5,6506,79783,730,15.73,16.23,0.9067,INR/kg,Dhan API v2 (Client 1112620458)
2025-09-05 19:00,2025-09-05,19,Copper,726.03,726.74,0.71,0.0978,-0.37,3595,79304,730,15.84,16.34,0.9198,INR/kg,Dhan API v2 (Client 1112620458)
2025-09-05 20:00,2025-09-05,20,Copper,726.11,728.12,2.01,0.2775,1.3,11848,80260,730,16.1,16.6,0.9227,INR/kg,Dhan API v2 (Client 1112620458)
2025-09-05 21:00,2025-09-05,21,Copper,729.19,729.53,0.34,0.0468,-1.67,7802,80827,730,16.25,16.75,0.9105,INR/kg,Dhan API v2 (Client 1112620458)
2025-09-05 22:00,2025-09-05,22,Copper,730.05,732.71,2.67,0.3656,2.33,8694,79184,730,16.62,17.12,0.9316,INR/kg,Dhan API v2 (Client 1112620458)
2025-09-05 23:00,2025-09-05,23,Copper,730.57,734.85,4.27,0.5851,1.6,11300,80430,730,16.74,17.24,0.9488,INR/kg,Dhan API v2 (Client 1112620458)
2025-09-08 09:00,2025-09-08,9,Copper,731.99,732.49,0.5,0.0685,-3.77,10376,79540,730,16.55,17.05,0.9179,INR/kg,Dhan API v2 (Client 1112620458)
2025-09-08 10:00,2025-09-08,10,Copper,733.48,735.67,2.19,0.2986,1.69,10886,78553,730,16.21,16.71,0.9128,INR/kg,Dhan API v2 (Client 1112620458)
2025-09-08 11:00,2025-09-08,11,Copper,736.34,738.42,2.08,0.2831,-0.11,1341,79430,740,16.7,17.2,0.9016,INR/kg,Dhan API v2 (Client 1112620458)
2025-09-08 12:00,2025-09-08,12,Copper,737.85,739.96,2.11,0.2864,0.03,2199,78756,740,16.09,16.59,0.9172,INR/kg,Dhan API v2 (Client 1112620458)
2025-09-08 13:00,2025-09-08,13,Copper,740.12,741.77,1.65,0.2227,-0.46,6941,79007,740,16.39,16.89,0.9137,INR/kg,Dhan API v2 (Client 1112620458)
2025-09-08 14:00,2025-09-08,14,Copper,737.82,738.8,0.98,0.1327,-0.67,3136,80749,740,16.49,16.99,0.9045,INR/kg,Dhan API v2 (Client 1112620458)
2025-09-08 15:00,2025-09-08,15,Copper,736.33,738.73,2.39,0.325,1.41,7154,79786,740,16.79,17.29,0.9419,INR/kg,Dhan API v2 (Client 1112620458)
2025-09-08 16:00,2025-09-08,16,Copper,737.67,740.55,2.87,0.3894,0.48,8295,79852,740,16.31,16.81,0.9247,INR/kg,Dhan API v2 (Client 1112620458)
2025-09-08 17:00,2025-09-08,17,Copper,736.43,737.28,0.85,0.1156,-2.02,2542,80103,740,16.03,16.53,0.9197,INR/kg,Dhan API v2 (Client 1112620458)
2025-09-08 18:00,2025-09-08,18,Copper,736.75,735.89,-0.86,-0.1164,-1.71,2902,80796,740,15.87,16.37,0.9008,INR/kg,Dhan API v2 (Client 1112620458)
2025-09-08 19:00,2025-09-08,19,Copper,739.77,740.57,0.8,0.1081,1.66,13181,80364,740,16.24,16.74,0.916,INR/kg,Dhan API v2 (Client 1112620458)
2025-09-08 20:00,2025-09-08,20,Copper,739.58,741.74,2.17,0.2928,1.37,14696,79363,740,15.93,16.43,0.9232,INR/kg,Dhan API v2 (Client 1112620458)
2025-09-08 21:00,2025-09-08,21,Copper,740.3,740.35,0.06,0.0075,-2.11,10877,79268,740,16.04,16.54,0.9421,INR/kg,Dhan API v2 (Client 1112620458)
2025-09-08 22:00,2025-09-08,22,Copper,737.56,738.09,0.53,0.0718,0.47,4001,79842,740,16.5,17.0,0.942,INR/kg,Dhan API v2 (Client 1112620458)
2025-09-08 23:00,2025-09-08,23,Copper,740.25,741.82,1.57,0.2122,1.04,10430,81143,740,16.21,16.71,0.9229,INR/kg,Dhan API v2 (Client 1112620458)
2025-09-09 09:00,2025-09-09,9,Copper,736.99,739.36,2.37,0.3215,0.8,11818,79619,740,16.11,16.61,0.9378,INR/kg,Dhan API v2 (Client 1112620458)
2025-09-09 10:00,2025-09-09,10,Copper,736.55,739.77,3.22,0.4371,0.85,7830,78791,740,16.04,16.54,0.9057,INR/kg,Dhan API v2 (Client 1112620458)
2025-09-09 11:00,2025-09-09,11,Copper,738.53,741.59,3.06,0.4139,-0.16,11329,78602,740,15.77,16.27,0.9115,INR/kg,Dhan API v2 (Client 1112620458)
2025-09-09 12:00,2025-09-09,12,Copper,734.22,735.1,0.87,0.1189,-2.19,7797,78944,730,16.23,16.73,0.9019,INR/kg,Dhan API v2 (Client 1112620458)
2025-09-09 13:00,2025-09-09,13,Copper,735.11,737.18,2.07,0.2814,1.2,2846,79085,740,16.12,16.62,0.9086,INR/kg,Dhan API v2 (Client 1112620458)
2025-09-09 14:00,2025-09-09,14,Copper,735.43,736.91,1.48,0.2008,-0.59,4673,80250,740,16.29,16.79,0.954,INR/kg,Dhan API v2 (Client 1112620458)
2025-09-09 15:00,2025-09-09,15,Copper,738.5,740.81,2.31,0.3127,0.83,8070,78065,740,16.41,16.91,0.903,INR/kg,Dhan API v2 (Client 1112620458)
2025-09-09 16:00,2025-09-09,16,Copper,735.03,735.89,0.86,0.1174,-1.45,4660,78563,740,16.78,17.28,0.9039,INR/kg,Dhan API v2 (Client 1112620458)
2025-09-09 17:00,2025-09-09,17,Copper,737.21,737.25,0.04,0.0052,-0.82,7232,80199,740,16.31,16.81,0.9429,INR/kg,Dhan API v2 (Client 1112620458)
2025-09-09 18:00,2025-09-09,18,Copper,732.77,733.88,1.11,0.1515,1.07,7388,77331,730,16.19,16.69,0.8887,INR/kg,Dhan API v2 (Client 1112620458)
2025-09-09 19:00,2025-09-09,19,Copper,734.81,735.33,0.52,0.0709,-0.59,1833,79862,730,16.63,17.13,0.896,INR/kg,Dhan API v2 (Client 1112620458)
2025-09-09 20:00,2025-09-09,20,Copper,735.05,735.78,0.74,0.1005,0.22,6617,80800,740,16.11,16.61,0.9071,INR/kg,Dhan API v2 (Client 1112620458)
2025-09-09 21:00,2025-09-09,21,Copper,733.32,733.88,0.56,0.0762,-0.18,6108,80674,730,15.71,16.21,0.9122,INR/kg,Dhan API v2 (Client 1112620458)
2025-09-09 22:00,2025-09-09,22,Copper,732.26,733.2,0.94,0.1283,0.38,1021,79397,730,16.2,16.7,0.9471,INR/kg,Dhan API v2 (Client 1112620458)
2025-09-09 23:00,2025-09-09,23,Copper,734.87,736.65,1.79,0.2431,0.85,1875,80028,730,16.02,16.52,0.9157,INR/kg,Dhan API v2 (Client 1112620458)
2025-09-10 09:00,2025-09-10,9,Copper,737.21,738.61,1.39,0.1892,-0.4,7741,80310,740,15.77,16.27,0.9253,INR/kg,Dhan API v2 (Client 1112620458)
2025-09-10 10:00,2025-09-10,10,Copper,739.53,740.66,1.13,0.1533,-0.26,10295,79781,740,16.16,16.66,0.9139,INR/kg,Dhan API v2 (Client 1112620458)
2025-09-10 11:00,2025-09-10,11,Copper,741.76,745.28,3.52,0.4746,2.39,6488,80098,740,16.4,16.9,0.9484,INR/kg,Dhan API v2 (Client 1112620458)
2025-09-10 12:00,2025-09-10,12,Copper,740.9,741.16,0.26,0.0354,-3.26,10517,79798,740,16.15,16.65,0.9097,INR/kg,Dhan API v2 (Client 1112620458)
2025-09-10 13:00,2025-09-10,13,Copper,742.93,745.88,2.95,0.3966,2.69,8672,78801,740,16.3,16.8,0.904,INR/kg,Dhan API v2 (Client 1112620458)
2025-09-10 14:00,2025-09-10,14,Copper,743.18,743.65,0.47,0.0633,-2.48,12611,78044,740,16.12,16.62,0.9283,INR/kg,Dhan API v2 (Client 1112620458)
2025-09-10 15:00,2025-09-10,15,Copper,741.59,741.36,-0.23,-0.0304,-0.7,13778,79994,740,16.35,16.85,0.9201,INR/kg,Dhan API v2 (Client 1112620458)
2025-09-10 16:00,2025-09-10,16,Copper,738.95,740.39,1.44,0.1953,1.67,3788,80200,740,16.07,16.57,0.9299,INR/kg,Dhan API v2 (Client 1112620458)
2025-09-10 17:00,2025-09-10,17,Copper,743.17,744.06,0.89,0.1202,-0.55,13362,80351,740,16.4,16.9,0.9357,INR/kg,Dhan API v2 (Client 1112620458)
2025-09-10 18:00,2025-09-10,18,Copper,746.18,746.06,-0.12,-0.0158,-1.01,12509,80142,750,15.76,16.26,0.909,INR/kg,Dhan API v2 (Client 1112620458)
2025-09-10 19:00,2025-09-10,19,Copper,745.53,746.68,1.14,0.1533,1.26,12861,81404,750,16.57,17.07,0.9517,INR/kg,Dhan API v2 (Client 1112620458)
2025-09-10 20:00,2025-09-10,20,Copper,746.72,747.08,0.37,0.049,-0.77,14345,79612,750,16.04,16.54,0.9491,INR/kg,Dhan API v2 (Client 1112620458)
2025-09-10 21:00,2025-09-10,21,Copper,744.84,747.59,2.75,0.3686,2.38,13838,80204,740,15.94,16.44,0.9209,INR/kg,Dhan API v2 (Client 1112620458)
2025-09-10 22:00,2025-09-10,22,Copper,743.42,741.97,-1.45,-0.1955,-4.2,12920,78783,740,15.64,16.14,0.9286,INR/kg,Dhan API v2 (Client 1112620458)
2025-09-10 23:00,2025-09-10,23,Copper,738.94,739.46,0.52,0.0706,1.97,1359,78357,740,15.92,16.42,0.9341,INR/kg,Dhan API v2 (Client 1112620458)
2025-09-11 09:00,2025-09-11,9,Copper,740.73,740.83,0.09,0.0128,-0.43,1506,79924,740,15.69,16.19,0.9042,INR/kg,Dhan API v2 (Client 1112620458)
2025-09-11 10:00,2025-09-11,10,Copper,741.45,742.06,0.61,0.0828,0.52,1988,79305,740,16.74,17.24,0.9364,INR/kg,Dhan API v2 (Client 1112620458)
2025-09-11 11:00,2025-09-11,11,Copper,739.82,740.29,0.48,0.0648,-0.13,11147,79427,740,15.48,15.98,0.909,INR/kg,Dhan API v2 (Client 1112620458)
2025-09-11 12:00,2025-09-11,12,Copper,739.2,739.47,0.27,0.036,-0.21,14970,79741,740,17.05,17.55,0.9315,INR/kg,Dhan API v2 (Client 1112620458)
2025-09-11 13:00,2025-09-11,13,Copper,738.99,738.37,-0.62,-0.0838,-0.89,835,80179,740,16.1,16.6,0.9405,INR/kg,Dhan API v2 (Client 1112620458)
2025-09-11 14:00,2025-09-11,14,Copper,738.21,739.31,1.1,0.1484,1.72,7622,79089,740,16.37,16.87,0.8841,INR/kg,Dhan API v2 (Client 1112620458)
2025-09-11 15:00,2025-09-11,15,Copper,736.47,736.57,0.11,0.0143,-0.99,5562,80193,740,16.26,16.76,0.9205,INR/kg,Dhan API v2 (Client 1112620458)
2025-09-11 16:00,2025-09-11,16,Copper,738.94,739.76,0.83,0.1117,0.72,2111,79340,740,15.99,16.49,0.9235,INR/kg,Dhan API v2 (Client 1112620458)
2025-09-11 17:00,2025-09-11,17,Copper,738.94,744.84,5.91,0.7992,5.08,14668,79510,740,16.01,16.51,0.8848,INR/kg,Dhan API v2 (Client 1112620458)
2025-09-11 18:00,2025-09-11,18,Copper,738.61,739.01,0.4,0.0539,-5.51,2687,78795,740,16.27,16.77,0.9615,INR/kg,Dhan API v2 (Client 1112620458)
2025-09-11 19:00,2025-09-11,19,Copper,738.45,737.83,-0.63,-0.0848,-1.03,3791,79173,740,15.9,16.4,0.9241,INR/kg,Dhan API v2 (Client 1112620458)
2025-09-11 20:00,2025-09-11,20,Copper,739.26,739.64,0.38,0.0516,1.01,7183,80189,740,16.02,16.52,0.9398,INR/kg,Dhan API v2 (Client 1112620458)
2025-09-11 21:00,2025-09-11,21,Copper,738.41,738.46,0.04,0.0056,-0.34,1291,79878,740,16.24,16.74,0.9092,INR/kg,Dhan API v2 (Client 1112620458)
2025-09-11 22:00,2025-09-11,22,Copper,738.52,739.68,1.16,0.1564,1.12,6039,80712,740,15.84,16.34,0.9056,INR/kg,Dhan API v2 (Client 1112620458)
2025-09-11 23:00,2025-09-11,23,Copper,736.56,737.77,1.21,0.1642,0.05,1998,80484,740,16.38,16.88,0.9048,INR/kg,Dhan API v2 (Client 1112620458)
2025-09-12 09:00,2025-09-12,9,Copper,738.68,741.85,3.17,0.4286,1.96,2029,80843,740,16.2,16.7,0.9339,INR/kg,Dhan API v2 (Client 1112620458)
2025-09-12 10:00,2025-09-12,10,Copper,736.69,737.28,0.59,0.0799,-2.58,5857,77255,740,16.17,16.67,0.9299,INR/kg,Dhan API v2 (Client 1112620458)
2025-09-12 11:00,2025-09-12,11,Copper,738.66,740.34,1.68,0.2281,1.09,518,80770,740,16.1,16.6,0.9397,INR/kg,Dhan API v2 (Client 1112620458)
2025-09-12 12:00,2025-09-12,12,Copper,736.85,739.28,2.43,0.3297,0.75,1720,80224,740,16.1,16.6,0.9065,INR/kg,Dhan API v2 (Client 1112620458)
2025-09-12 13:00,2025-09-12,13,Copper,735.41,735.11,-0.31,-0.0418,-2.74,14666,80756,740,16.43,16.93,0.9094,INR/kg,Dhan API v2 (Client 1112620458)
2025-09-12 14:00,2025-09-12,14,Copper,736.25,736.98,0.73,0.0997,1.04,13064,78717,740,16.37,16.87,0.9271,INR/kg,Dhan API v2 (Client 1112620458)
2025-09-12 15:00,2025-09-12,15,Copper,736.42,738.72,2.3,0.3129,1.57,3548,79252,740,16.03,16.53,0.9402,INR/kg,Dhan API v2 (Client 1112620458)
2025-09-12 16:00,2025-09-12,16,Copper,733.94,735.95,2.01,0.2743,-0.29,10527,81111,730,15.84,16.34,0.9548,INR/kg,Dhan API v2 (Client 1112620458)
2025-09-12 17:00,2025-09-12,17,Copper,734.24,735.57,1.33,0.1814,-0.68,3225,80668,730,16.2,16.7,0.9476,INR/kg,Dhan API v2 (Client 1112620458)
2025-09-12 18:00,2025-09-12,18,Copper,731.68,734.34,2.66,0.3636,1.33,9739,77769,730,16.2,16.7,0.8996,INR/kg,Dhan API v2 (Client 1112620458)
2025-09-12 19:00,2025-09-12,19,Copper,734.03,733.85,-0.18,-0.0242,-2.84,13410,80076,730,16.44,16.94,0.9338,INR/kg,Dhan API v2 (Client 1112620458)
2025-09-12 20:00,2025-09-12,20,Copper,735.2,734.86,-0.34,-0.0458,-0.16,587,78390,740,16.08,16.58,0.8781,INR/kg,Dhan API v2 (Client 1112620458)
2025-09-12 21:00,2025-09-12,21,Copper,737.03,739.25,2.22,0.3016,2.56,975,79875,740,16.41,16.91,0.9444,INR/kg,Dhan API v2 (Client 1112620458)
2025-09-12 22:00,2025-09-12,22,Copper,735.4,736.17,0.77,0.1048,-1.45,10884,80580,740,15.61,16.11,0.9336,INR/kg,Dhan API v2 (Client 1112620458)
2025-09-12 23:00,2025-09-12,23,Copper,737.39,739.21,1.81,0.2456,1.04,648,78474,740,16.48,16.98,0.8958,INR/kg,Dhan API v2 (Client 1112620458)
2025-09-15 09:00,2025-09-15,9,Copper,738.93,740.52,1.59,0.2149,-0.22,1855,78863,740,16.29,16.79,0.9221,INR/kg,Dhan API v2 (Client 1112620458)
2025-09-15 10:00,2025-09-15,10,Copper,738.81,739.54,0.74,0.1001,-0.85,1759,80972,740,15.94,16.44,0.9175,INR/kg,Dhan API v2 (Client 1112620458)
2025-09-15 11:00,2025-09-15,11,Copper,738.1,739.6,1.5,0.2034,0.76,8586,79553,740,16.06,16.56,0.9671,INR/kg,Dhan API v2 (Client 1112620458)
2025-09-15 12:00,2025-09-15,12,Copper,740.07,741.58,1.51,0.2039,0.01,5610,80274,740,15.92,16.42,0.9374,INR/kg,Dhan API v2 (Client 1112620458)
2025-09-15 13:00,2025-09-15,13,Copper,737.78,738.13,0.36,0.0482,-1.15,14004,79099,740,16.0,16.5,0.9238,INR/kg,Dhan API v2 (Client 1112620458)
2025-09-15 14:00,2025-09-15,14,Copper,737.42,739.85,2.43,0.3295,2.07,7569,78372,740,16.14,16.64,0.903,INR/kg,Dhan API v2 (Client 1112620458)
2025-09-15 15:00,2025-09-15,15,Copper,734.81,735.57,0.77,0.1043,-1.66,2248,78831,730,16.22,16.72,0.9413,INR/kg,Dhan API v2 (Client 1112620458)
2025-09-15 16:00,2025-09-15,16,Copper,734.92,736.47,1.55,0.2105,0.78,3840,81606,730,16.2,16.7,0.9274,INR/kg,Dhan API v2 (Client 1112620458)
2025-09-15 17:00,2025-09-15,17,Copper,736.22,737.15,0.93,0.1263,-0.62,12220,78060,740,16.58,17.08,0.892,INR/kg,Dhan API v2 (Client 1112620458)
2025-09-15 18:00,2025-09-15,18,Copper,734.84,736.36,1.51,0.2061,0.58,1698,78767,730,16.11,16.61,0.8919,INR/kg,Dhan API v2 (Client 1112620458)
2025-09-15 19:00,2025-09-15,19,Copper,737.3,737.71,0.41,0.0556,-1.1,12895,79121,740,15.74,16.24,0.9069,INR/kg,Dhan API v2 (Client 1112620458)
2025-09-15 20:00,2025-09-15,20,Copper,739.73,742.32,2.59,0.3497,2.18,10659,80039,740,15.85,16.35,0.8836,INR/kg,Dhan API v2 (Client 1112620458)
2025-09-15 21:00,2025-09-15,21,Copper,738.75,739.5,0.75,0.101,-1.84,4626,79688,740,16.28,16.78,0.9386,INR/kg,Dhan API v2 (Client 1112620458)
2025-09-15 22:00,2025-09-15,22,Copper,737.65,738.85,1.21,0.1634,0.46,1366,79084,740,16.1,16.6,0.9169,INR/kg,Dhan API v2 (Client 1112620458)
2025-09-15 23:00,2025-09-15,23,Copper,739.16,740.8,1.64,0.2219,0.43,11972,78723,740,16.59,17.09,0.9055,INR/kg,Dhan API v2 (Client 1112620458)
2025-09-16 09:00,2025-09-16,9,Copper,739.63,740.34,0.72,0.0969,-0.92,2602,80216,740,16.03,16.53,0.8938,INR/kg,Dhan API v2 (Client 1112620458)
2025-09-16 10:00,2025-09-16,10,Copper,739.08,740.26,1.18,0.1597,0.46,2534,79825,740,16.64,17.14,0.9602,INR/kg,Dhan API v2 (Client 1112620458)
2025-09-16 11:00,2025-09-16,11,Copper,738.53,739.98,1.45,0.1957,0.27,10540,77877,740,15.9,16.4,0.903,INR/kg,Dhan API v2 (Client 1112620458)
2025-09-16 12:00,2025-09-16,12,Copper,735.13,735.1,-0.03,-0.0037,-1.48,5632,80760,740,16.08,16.58,0.9258,INR/kg,Dhan API v2 (Client 1112620458)
2025-09-16 13:00,2025-09-16,13,Copper,736.6,736.9,0.3,0.0414,0.33,12783,80051,740,16.6,17.1,0.9075,INR/kg,Dhan API v2 (Client 1112620458)
2025-09-16 14:00,2025-09-16,14,Copper,737.73,737.44,-0.3,-0.0402,-0.6,3165,81125,740,16.45,16.95,0.9252,INR/kg,Dhan API v2 (Client 1112620458)
2025-09-16 15:00,2025-09-16,15,Copper,741.59,742.93,1.34,0.1807,1.64,4808,79474,740,16.47,16.97,0.9081,INR/kg,Dhan API v2 (Client 1112620458)
2025-09-16 16:00,2025-09-16,16,Copper,740.2,741.48,1.28,0.1729,-0.06,14404,79341,740,16.09,16.59,0.9118,INR/kg,Dhan API v2 (Client 1112620458)
2025-09-16 17:00,2025-09-16,17,Copper,738.31,738.23,-0.07,-0.0098,-1.35,4554,79168,740,15.7,16.2,0.922,INR/kg,Dhan API v2 (Client 1112620458)
2025-09-16 18:00,2025-09-16,18,Copper,740.1,741.55,1.45,0.196,1.52,5213,79740,740,16.1,16.6,0.8916,INR/kg,Dhan API v2 (Client 1112620458)
2025-09-16 19:00,2025-09-16,19,Copper,737.47,740.06,2.59,0.351,1.14,3578,79305,740,15.76,16.26,0.8984,INR/kg,Dhan API v2 (Client 1112620458)
2025-09-16 20:00,2025-09-16,20,Copper,735.48,736.44,0.96,0.1308,-1.63,11278,80264,740,15.79,16.29,0.9358,INR/kg,Dhan API v2 (Client 1112620458)
2025-09-16 21:00,2025-09-16,21,Copper,733.94,735.84,1.9,0.259,0.94,1473,80603,730,15.65,16.15,0.9229,INR/kg,Dhan API v2 (Client 1112620458)
2025-09-16 22:00,2025-09-16,22,Copper,729.77,728.94,-0.84,-0.1144,-2.74,10444,78528,730,16.11,16.61,0.9232,INR/kg,Dhan API v2 (Client 1112620458)
2025-09-16 23:00,2025-09-16,23,Copper,730.99,732.83,1.84,0.2523,2.68,8922,80780,730,16.06,16.56,0.9574,INR/kg,Dhan API v2 (Client 1112620458)
2025-09-17 09:00,2025-09-17,9,Copper,726.99,728.58,1.59,0.2186,-0.25,13255,79258,730,16.23,16.73,0.9835,INR/kg,Dhan API v2 (Client 1112620458)
2025-09-17 10:00,2025-09-17,10,Copper,725.54,725.69,0.15,0.0209,-1.44,5030,80093,730,16.74,17.24,0.9039,INR/kg,Dhan API v2 (Client 1112620458)
2025-09-17 11:00,2025-09-17,11,Copper,725.63,725.31,-0.32,-0.0446,-0.47,10145,79811,730,16.13,16.63,0.9149,INR/kg,Dhan API v2 (Client 1112620458)
2025-09-17 12:00,2025-09-17,12,Copper,724.84,725.18,0.34,0.0465,0.66,10646,80275,720,16.09,16.59,0.9298,INR/kg,Dhan API v2 (Client 1112620458)
2025-09-17 13:00,2025-09-17,13,Copper,726.84,727.41,0.57,0.0784,0.23,14910,79875,730,16.25,16.75,0.9189,INR/kg,Dhan API v2 (Client 1112620458)
2025-09-17 14:00,2025-09-17,14,Copper,727.56,728.49,0.92,0.1268,0.35,14629,79641,730,16.05,16.55,0.9084,INR/kg,Dhan API v2 (Client 1112620458)
2025-09-17 15:00,2025-09-17,15,Copper,727.28,727.98,0.71,0.097,-0.21,2695,80538,730,16.06,16.56,0.8991,INR/kg,Dhan API v2 (Client 1112620458)
2025-09-17 16:00,2025-09-17,16,Copper,725.91,725.89,-0.02,-0.0032,-0.73,10580,79100,730,16.56,17.06,0.8959,INR/kg,Dhan API v2 (Client 1112620458)
2025-09-17 17:00,2025-09-17,17,Copper,725.27,724.88,-0.39,-0.0543,-0.37,8883,79706,730,16.0,16.5,0.9448,INR/kg,Dhan API v2 (Client 1112620458)
2025-09-17 18:00,2025-09-17,18,Copper,728.23,728.27,0.04,0.0055,0.43,613,79159,730,16.7,17.2,0.9183,INR/kg,Dhan API v2 (Client 1112620458)
2025-09-17 19:00,2025-09-17,19,Copper,729.14,727.93,-1.21,-0.1661,-1.25,3670,79393,730,16.12,16.62,0.9504,INR/kg,Dhan API v2 (Client 1112620458)
2025-09-17 20:00,2025-09-17,20,Copper,726.55,726.44,-0.11,-0.0146,1.1,5814,79797,730,15.91,16.41,0.8914,INR/kg,Dhan API v2 (Client 1112620458)
2025-09-17 21:00,2025-09-17,21,Copper,727.3,727.09,-0.21,-0.029,-0.1,5711,81093,730,16.28,16.78,0.9064,INR/kg,Dhan API v2 (Client 1112620458)
2025-09-17 22:00,2025-09-17,22,Copper,726.72,727.29,0.57,0.0782,0.78,9661,80337,730,16.78,17.28,0.901,INR/kg,Dhan API v2 (Client 1112620458)
2025-09-17 23:00,2025-09-17,23,Copper,729.67,730.18,0.5,0.0691,-0.07,763,78574,730,16.23,16.73,0.918,INR/kg,Dhan API v2 (Client 1112620458)
2025-09-18 09:00,2025-09-18,9,Copper,730.92,731.1,0.18,0.0247,-0.32,8581,78011,730,15.93,16.43,0.8838,INR/kg,Dhan API v2 (Client 1112620458)
2025-09-18 10:00,2025-09-18,10,Copper,729.72,729.99,0.27,0.0373,0.09,6969,79579,730,16.07,16.57,0.9321,INR/kg,Dhan API v2 (Client 1112620458)
2025-09-18 11:00,2025-09-18,11,Copper,733.34,733.74,0.4,0.0548,0.13,14951,79781,730,16.29,16.79,0.8866,INR/kg,Dhan API v2 (Client 1112620458)
2025-09-18 12:00,2025-09-18,12,Copper,730.08,731.88,1.8,0.2465,1.4,2290,80559,730,16.36,16.86,0.9217,INR/kg,Dhan API v2 (Client 1112620458)
2025-09-18 13:00,2025-09-18,13,Copper,729.97,730.85,0.88,0.1199,-0.92,13356,79925,730,16.35,16.85,0.9201,INR/kg,Dhan API v2 (Client 1112620458)
2025-09-18 14:00,2025-09-18,14,Copper,730.83,731.65,0.82,0.1121,-0.06,8984,79982,730,16.13,16.63,0.944,INR/kg,Dhan API v2 (Client 1112620458)
2025-09-18 15:00,2025-09-18,15,Copper,727.86,729.46,1.6,0.2201,0.78,5637,79800,730,16.08,16.58,0.9053,INR/kg,Dhan API v2 (Client 1112620458)
2025-09-18 16:00,2025-09-18,16,Copper,727.06,728.56,1.5,0.2067,-0.1,4587,79554,730,16.23,16.73,0.8957,INR/kg,Dhan API v2 (Client 1112620458)
2025-09-18 17:00,2025-09-18,17,Copper,726.71,727.63,0.92,0.1263,-0.58,6457,79223,730,16.3,16.8,0.9177,INR/kg,Dhan API v2 (Client 1112620458)
2025-09-18 18:00,2025-09-18,18,Copper,728.56,729.41,0.85,0.1172,-0.07,11957,80881,730,16.46,16.96,0.956,INR/kg,Dhan API v2 (Client 1112620458)
2025-09-18 19:00,2025-09-18,19,Copper,724.1,724.46,0.36,0.0501,-0.49,9720,81144,720,15.95,16.45,0.9433,INR/kg,Dhan API v2 (Client 1112620458)
2025-09-18 20:00,2025-09-18,20,Copper,720.79,720.32,-0.47,-0.0653,-0.83,7486,79927,720,16.29,16.79,0.8973,INR/kg,Dhan API v2 (Client 1112620458)
2025-09-18 21:00,2025-09-18,21,Copper,721.52,721.94,0.41,0.0573,0.88,4827,80464,720,16.23,16.73,0.8869,INR/kg,Dhan API v2 (Client 1112620458)
2025-09-18 22:00,2025-09-18,22,Copper,724.7,724.35,-0.35,-0.0477,-0.76,12198,79543,720,16.22,16.72,0.93,INR/kg,Dhan API v2 (Client 1112620458)
2025-09-18 23:00,2025-09-18,23,Copper,726.38,725.74,-0.64,-0.0881,-0.29,10451,78518,730,16.17,16.67,0.9264,INR/kg,Dhan API v2 (Client 1112620458)
2025-09-19 09:00,2025-09-19,9,Copper,725.71,725.91,0.19,0.0263,0.83,11786,78478,730,16.2,16.7,0.923,INR/kg,Dhan API v2 (Client 1112620458)
2025-09-19 10:00,2025-09-19,10,Copper,725.16,725.94,0.77,0.1063,0.58,1422,80826,730,16.27,16.77,0.9117,INR/kg,Dhan API v2 (Client 1112620458)
2025-09-19 11:00,2025-09-19,11,Copper,724.43,723.98,-0.45,-0.0616,-1.22,8990,78092,720,16.61,17.11,0.9029,INR/kg,Dhan API v2 (Client 1112620458)
2025-09-19 12:00,2025-09-19,12,Copper,720.5,722.45,1.94,0.2699,2.39,2982,79767,720,16.19,16.69,0.9493,INR/kg,Dhan API v2 (Client 1112620458)
2025-09-19 13:00,2025-09-19,13,Copper,715.88,716.28,0.39,0.0549,-1.55,11746,81892,720,16.0,16.5,0.9391,INR/kg,Dhan API v2 (Client 1112620458)
2025-09-19 14:00,2025-09-19,14,Copper,718.59,719.96,1.38,0.1914,0.99,9926,79349,720,15.83,16.33,0.9037,INR/kg,Dhan API v2 (Client 1112620458)
2025-09-19 15:00,2025-09-19,15,Copper,720.99,721.31,0.32,0.0447,-1.06,7799,80780,720,16.1,16.6,0.8848,INR/kg,Dhan API v2 (Client 1112620458)
2025-09-19 16:00,2025-09-19,16,Copper,719.87,719.96,0.09,0.0128,-0.23,14387,80028,720,16.31,16.81,0.9013,INR/kg,Dhan API v2 (Client 1112620458)
2025-09-19 17:00,2025-09-19,17,Copper,719.98,718.62,-1.36,-0.1888,-1.45,14014,80409,720,16.31,16.81,0.8963,INR/kg,Dhan API v2 (Client 1112620458)
2025-09-19 18:00,2025-09-19,18,Copper,719.77,719.87,0.1,0.0143,1.46,5242,79010,720,15.94,16.44,0.926,INR/kg,Dhan API v2 (Client 1112620458)
2025-09-19 19:00,2025-09-19,19,Copper,719.47,720.1,0.64,0.0883,0.54,4780,80085,720,16.89,17.39,0.9484,INR/kg,Dhan API v2 (Client 1112620458)
2025-09-19 20:00,2025-09-19,20,Copper,716.98,717.81,0.83,0.1155,0.19,9652,80838,720,16.25,16.75,0.8975,INR/kg,Dhan API v2 (Client 1112620458)
2025-09-19 21:00,2025-09-19,21,Copper,718.0,719.35,1.34,0.1871,0.51,1436,79608,720,15.92,16.42,0.9375,INR/kg,Dhan API v2 (Client 1112620458)
2025-09-19 22:00,2025-09-19,22,Copper,715.9,716.87,0.98,0.1364,-0.36,7506,79440,720,16.05,16.55,0.897,INR/kg,Dhan API v2 (Client 1112620458)
2025-09-19 23:00,2025-09-19,23,Copper,717.36,717.34,-0.02,-0.0031,-1.0,10543,80181,720,15.77,16.27,0.928,INR/kg,Dhan API v2 (Client 1112620458)
2025-09-22 09:00,2025-09-22,9,Copper,722.05,723.32,1.27,0.1765,1.29,9865,80698,720,16.28,16.78,0.9113,INR/kg,Dhan API v2 (Client 1112620458)
2025-09-22 10:00,2025-09-22,10,Copper,724.87,725.93,1.05,0.1455,-0.22,1345,79532,720,16.04,16.54,0.9453,INR/kg,Dhan API v2 (Client 1112620458)
2025-09-22 11:00,2025-09-22,11,Copper,722.97,724.16,1.19,0.1646,0.14,3863,80021,720,16.3,16.8,0.9196,INR/kg,Dhan API v2 (Client 1112620458)
2025-09-22 12:00,2025-09-22,12,Copper,719.51,720.0,0.5,0.0689,-0.69,1446,79689,720,16.47,16.97,0.9328,INR/kg,Dhan API v2 (Client 1112620458)
2025-09-22 13:00,2025-09-22,13,Copper,718.0,718.5,0.5,0.0691,0.0,12410,78435,720,15.93,16.43,0.8794,INR/kg,Dhan API v2 (Client 1112620458)
2025-09-22 14:00,2025-09-22,14,Copper,719.33,721.66,2.33,0.3238,1.83,14511,79030,720,15.96,16.46,0.8906,INR/kg,Dhan API v2 (Client 1112620458)
2025-09-22 15:00,2025-09-22,15,Copper,721.32,721.43,0.11,0.0151,-2.22,7746,79186,720,15.92,16.42,0.9024,INR/kg,Dhan API v2 (Client 1112620458)
2025-09-22 16:00,2025-09-22,16,Copper,721.2,720.63,-0.57,-0.0794,-0.68,10621,79890,720,16.49,16.99,0.915,INR/kg,Dhan API v2 (Client 1112620458)
2025-09-22 17:00,2025-09-22,17,Copper,721.91,723.36,1.45,0.2012,2.02,7820,80084,720,15.98,16.48,0.9065,INR/kg,Dhan API v2 (Client 1112620458)
2025-09-22 18:00,2025-09-22,18,Copper,722.3,721.78,-0.52,-0.0719,-1.97,5421,79718,720,16.16,16.66,0.9308,INR/kg,Dhan API v2 (Client 1112620458)
2025-09-22 19:00,2025-09-22,19,Copper,724.01,723.23,-0.77,-0.1066,-0.25,11817,79521,720,16.03,16.53,0.915,INR/kg,Dhan API v2 (Client 1112620458)
2025-09-22 20:00,2025-09-22,20,Copper,725.08,724.98,-0.1,-0.014,0.67,6331,79699,730,15.96,16.46,0.9376,INR/kg,Dhan API v2 (Client 1112620458)
2025-09-22 21:00,2025-09-22,21,Copper,728.18,728.36,0.18,0.0243,0.28,1390,80093,730,15.96,16.46,0.8729,INR/kg,Dhan API v2 (Client 1112620458)
2025-09-22 22:00,2025-09-22,22,Copper,723.48,723.27,-0.21,-0.0289,-0.39,5004,78343,720,15.96,16.46,0.9186,INR/kg,Dhan API v2 (Client 1112620458)
2025-09-22 23:00,2025-09-22,23,Copper,722.3,722.59,0.29,0.04,0.5,14294,79300,720,16.11,16.61,0.8848,INR/kg,Dhan API v2 (Client 1112620458)
2025-09-23 09:00,2025-09-23,9,Copper,724.38,723.47,-0.91,-0.1256,-1.2,3792,80357,720,16.58,17.08,0.867,INR/kg,Dhan API v2 (Client 1112620458)
2025-09-23 10:00,2025-09-23,10,Copper,727.39,728.01,0.62,0.0858,1.53,11939,79296,730,15.93,16.43,0.9159,INR/kg,Dhan API v2 (Client 1112620458)
2025-09-23 11:00,2025-09-23,11,Copper,725.6,725.9,0.31,0.042,-0.31,9705,80948,730,16.48,16.98,0.9051,INR/kg,Dhan API v2 (Client 1112620458)
2025-09-23 12:00,2025-09-23,12,Copper,725.44,725.4,-0.04,-0.0052,-0.35,12513,79435,730,15.49,15.99,0.9047,INR/kg,Dhan API v2 (Client 1112620458)
2025-09-23 13:00,2025-09-23,13,Copper,727.49,729.18,1.7,0.233,1.74,12667,79961,730,16.41,16.91,0.9322,INR/kg,Dhan API v2 (Client 1112620458)
2025-09-23 14:00,2025-09-23,14,Copper,730.8,731.98,1.18,0.1618,-0.52,11857,79238,730,16.16,16.66,0.9191,INR/kg,Dhan API v2 (Client 1112620458)
2025-09-23 15:00,2025-09-23,15,Copper,730.07,730.24,0.17,0.0233,-1.01,12784,78674,730,16.27,16.77,0.8985,INR/kg,Dhan API v2 (Client 1112620458)
2025-09-23 16:00,2025-09-23,16,Copper,726.08,726.85,0.77,0.1055,0.6,2995,78549,730,16.39,16.89,0.9632,INR/kg,Dhan API v2 (Client 1112620458)
2025-09-23 17:00,2025-09-23,17,Copper,724.96,725.42,0.46,0.0632,-0.31,3568,80948,720,15.97,16.47,0.912,INR/kg,Dhan API v2 (Client 1112620458)
2025-09-23 18:00,2025-09-23,18,Copper,726.85,726.12,-0.73,-0.1011,-1.19,13450,77768,730,16.4,16.9,0.8901,INR/kg,Dhan API v2 (Client 1112620458)
2025-09-23 19:00,2025-09-23,19,Copper,729.51,728.64,-0.86,-0.1182,-0.13,7624,80414,730,16.04,16.54,0.8923,INR/kg,Dhan API v2 (Client 1112620458)
2025-09-23 20:00,2025-09-23,20,Copper,728.87,728.95,0.08,0.011,0.94,5912,79416,730,15.79,16.29,0.9324,INR/kg,Dhan API v2 (Client 1112620458)
2025-09-23 21:00,2025-09-23,21,Copper,730.7,729.75,-0.95,-0.1299,-1.03,14826,79051,730,16.55,17.05,0.8831,INR/kg,Dhan API v2 (Client 1112620458)
2025-09-23 22:00,2025-09-23,22,Copper,731.95,733.83,1.88,0.2571,2.83,1792,81313,730,15.76,16.26,0.9088,INR/kg,Dhan API v2 (Client 1112620458)
2025-09-23 23:00,2025-09-23,23,Copper,727.84,728.74,0.91,0.1244,-0.97,6909,80781,730,16.62,17.12,0.9142,INR/kg,Dhan API v2 (Client 1112620458)
2025-09-24 09:00,2025-09-24,9,Copper,724.83,725.85,1.02,0.1407,0.11,13136,79310,720,16.03,16.53,0.9087,INR/kg,Dhan API v2 (Client 1112620458)
2025-09-24 10:00,2025-09-24,10,Copper,726.9,727.88,0.99,0.136,-0.03,13015,79497,730,16.69,17.19,0.9441,INR/kg,Dhan API v2 (Client 1112620458)
2025-09-24 11:00,2025-09-24,11,Copper,724.18,724.9,0.72,0.0994,-0.27,3502,79532,720,16.2,16.7,0.8704,INR/kg,Dhan API v2 (Client 1112620458)
2025-09-24 12:00,2025-09-24,12,Copper,725.25,725.34,0.09,0.0122,-0.63,8342,80635,730,16.39,16.89,0.9311,INR/kg,Dhan API v2 (Client 1112620458)
2025-09-24 13:00,2025-09-24,13,Copper,728.47,727.49,-0.99,-0.1353,-1.08,7261,79780,730,15.97,16.47,0.9108,INR/kg,Dhan API v2 (Client 1112620458)
2025-09-24 14:00,2025-09-24,14,Copper,730.97,730.27,-0.7,-0.0957,0.29,4600,80756,730,15.72,16.22,0.9268,INR/kg,Dhan API v2 (Client 1112620458)
2025-09-24 15:00,2025-09-24,15,Copper,729.49,731.19,1.7,0.2331,2.4,13509,78742,730,15.71,16.21,0.9326,INR/kg,Dhan API v2 (Client 1112620458)
2025-09-24 16:00,2025-09-24,16,Copper,727.56,727.94,0.39,0.0532,-1.31,1744,80629,730,15.67,16.17,0.8947,INR/kg,Dhan API v2 (Client 1112620458)
2025-09-24 17:00,2025-09-24,17,Copper,726.82,726.49,-0.33,-0.0447,-0.72,8671,80115,730,16.98,17.48,0.9057,INR/kg,Dhan API v2 (Client 1112620458)
2025-09-24 18:00,2025-09-24,18,Copper,726.96,725.66,-1.3,-0.1784,-0.97,9366,77964,730,16.28,16.78,0.8818,INR/kg,Dhan API v2 (Client 1112620458)
2025-09-24 19:00,2025-09-24,19,Copper,726.53,726.93,0.4,0.0554,1.7,11042,80717,730,16.65,17.15,0.9168,INR/kg,Dhan API v2 (Client 1112620458)
2025-09-24 20:00,2025-09-24,20,Copper,728.43,728.6,0.18,0.0244,-0.22,3520,79325,730,16.61,17.11,0.9298,INR/kg,Dhan API v2 (Client 1112620458)
2025-09-24 21:00,2025-09-24,21,Copper,728.05,729.47,1.42,0.1947,1.24,10030,77924,730,16.18,16.68,0.9059,INR/kg,Dhan API v2 (Client 1112620458)
2025-09-24 22:00,2025-09-24,22,Copper,726.7,727.19,0.49,0.0671,-0.93,9903,80499,730,16.7,17.2,0.9086,INR/kg,Dhan API v2 (Client 1112620458)
2025-09-24 23:00,2025-09-24,23,Copper,730.5,731.09,0.59,0.0805,0.1,8567,78427,730,16.27,16.77,0.927,INR/kg,Dhan API v2 (Client 1112620458)
2025-09-25 09:00,2025-09-25,9,Copper,731.64,735.07,3.43,0.4691,2.84,7913,80112,730,16.04,16.54,0.8848,INR/kg,Dhan API v2 (Client 1112620458)
2025-09-25 10:00,2025-09-25,10,Copper,726.44,730.57,4.12,0.5674,0.69,11861,80086,730,16.2,16.7,0.9463,INR/kg,Dhan API v2 (Client 1112620458)
2025-09-25 11:00,2025-09-25,11,Copper,729.9,732.36,2.45,0.3358,-1.67,11833,79285,730,16.07,16.57,0.9018,INR/kg,Dhan API v2 (Client 1112620458)
2025-09-25 12:00,2025-09-25,12,Copper,731.98,733.55,1.56,0.2137,-0.89,8532,79792,730,16.12,16.62,0.934,INR/kg,Dhan API v2 (Client 1112620458)
2025-09-25 13:00,2025-09-25,13,Copper,730.6,735.35,4.75,0.6496,3.19,8207,79130,730,16.07,16.57,0.8986,INR/kg,Dhan API v2 (Client 1112620458)
2025-09-25 14:00,2025-09-25,14,Copper,729.89,732.7,2.81,0.3849,-1.94,10243,77357,730,16.56,17.06,0.9003,INR/kg,Dhan API v2 (Client 1112620458)
2025-09-25 15:00,2025-09-25,15,Copper,731.49,736.42,4.93,0.6736,2.12,6744,79779,730,15.76,16.26,0.9093,INR/kg,Dhan API v2 (Client 1112620458)
2025-09-25 16:00,2025-09-25,16,Copper,733.45,738.12,4.67,0.6366,-0.26,11549,79205,730,16.07,16.57,0.9348,INR/kg,Dhan API v2 (Client 1112620458)
2025-09-25 17:00,2025-09-25,17,Copper,732.91,736.32,3.41,0.4652,-1.26,8649,80762,730,16.39,16.89,0.9294,INR/kg,Dhan API v2 (Client 1112620458)
2025-09-25 18:00,2025-09-25,18,Copper,733.02,738.41,5.39,0.7347,1.98,11559,77539,730,16.12,16.62,0.8952,INR/kg,Dhan API v2 (Client 1112620458)
2025-09-25 19:00,2025-09-25,19,Copper,734.38,737.16,2.78,0.3782,-2.61,3496,79056,730,17.3,17.8,0.9291,INR/kg,Dhan API v2 (Client 1112620458)
2025-09-25 20:00,2025-09-25,20,Copper,732.19,736.55,4.37,0.5967,1.59,13509,79842,730,15.83,16.33,0.9373,INR/kg,Dhan API v2 (Client 1112620458)
2025-09-25 21:00,2025-09-25,21,Copper,729.69,734.4,4.71,0.6454,0.34,12213,80800,730,16.47,16.97,0.9049,INR/kg,Dhan API v2 (Client 1112620458)
2025-09-25 22:00,2025-09-25,22,Copper,729.37,733.1,3.72,0.5102,-0.99,7059,80414,730,16.38,16.88,0.9316,INR/kg,Dhan API v2 (Client 1112620458)
2025-09-25 23:00,2025-09-25,23,Copper,727.77,731.52,3.75,0.5148,0.03,2276,78987,730,15.5,16.0,0.9646,INR/kg,Dhan API v2 (Client 1112620458)
2025-09-26 09:00,2025-09-26,9,Copper,726.21,727.78,1.57,0.2161,-2.18,7954,80240,730,16.13,16.63,0.9508,INR/kg,Dhan API v2 (Client 1112620458)
2025-09-26 10:00,2025-09-26,10,Copper,726.75,729.44,2.68,0.3691,1.11,2842,79474,730,17.02,17.52,0.9055,INR/kg,Dhan API v2 (Client 1112620458)
2025-09-26 11:00,2025-09-26,11,Copper,731.33,735.39,4.06,0.5555,1.38,9297,80841,730,16.17,16.67,0.9405,INR/kg,Dhan API v2 (Client 1112620458)
2025-09-26 12:00,2025-09-26,12,Copper,731.87,735.72,3.84,0.5251,-0.22,7165,79430,730,16.46,16.96,0.891,INR/kg,Dhan API v2 (Client 1112620458)
2025-09-26 13:00,2025-09-26,13,Copper,733.83,737.19,3.36,0.4584,-0.48,1567,80068,730,16.16,16.66,0.9211,INR/kg,Dhan API v2 (Client 1112620458)
2025-09-26 14:00,2025-09-26,14,Copper,733.38,736.03,2.65,0.3617,-0.71,14717,80624,730,15.94,16.44,0.9202,INR/kg,Dhan API v2 (Client 1112620458)
2025-09-26 15:00,2025-09-26,15,Copper,733.16,735.44,2.28,0.3111,-0.37,12873,78679,730,16.6,17.1,0.9173,INR/kg,Dhan API v2 (Client 1112620458)
2025-09-26 16:00,2025-09-26,16,Copper,730.6,734.09,3.49,0.4776,1.21,1337,80721,730,16.39,16.89,0.9319,INR/kg,Dhan API v2 (Client 1112620458)
2025-09-26 17:00,2025-09-26,17,Copper,730.68,733.5,2.82,0.3862,-0.67,10712,79566,730,16.53,17.03,0.8999,INR/kg,Dhan API v2 (Client 1112620458)
2025-09-26 18:00,2025-09-26,18,Copper,729.35,733.33,3.98,0.5461,1.16,2443,80905,730,16.39,16.89,0.8859,INR/kg,Dhan API v2 (Client 1112620458)
2025-09-26 19:00,2025-09-26,19,Copper,725.62,727.72,2.09,0.2884,-1.89,3500,79120,730,16.39,16.89,0.9066,INR/kg,Dhan API v2 (Client 1112620458)
2025-09-26 20:00,2025-09-26,20,Copper,727.03,730.59,3.57,0.4905,1.48,2659,80245,730,15.97,16.47,0.9216,INR/kg,Dhan API v2 (Client 1112620458)
2025-09-26 21:00,2025-09-26,21,Copper,726.19,728.7,2.51,0.3453,-1.06,11603,79275,730,16.45,16.95,0.9226,INR/kg,Dhan API v2 (Client 1112620458)
2025-09-26 22:00,2025-09-26,22,Copper,728.06,732.21,4.15,0.5695,1.64,10133,80082,730,16.45,16.95,0.9478,INR/kg,Dhan API v2 (Client 1112620458)
2025-09-26 23:00,2025-09-26,23,Copper,727.45,728.6,1.15,0.1583,-3.0,5455,80176,730,16.27,16.77,0.9044,INR/kg,Dhan API v2 (Client 1112620458)
2025-09-29 09:00,2025-09-29,9,Copper,726.97,728.05,1.09,0.1493,-0.06,5670,78241,730,16.36,16.86,0.8854,INR/kg,Dhan API v2 (Client 1112620458)
2025-09-29 10:00,2025-09-29,10,Copper,723.12,724.7,1.58,0.2188,0.49,1792,81182,720,16.59,17.09,0.8816,INR/kg,Dhan API v2 (Client 1112620458)
2025-09-29 11:00,2025-09-29,11,Copper,721.68,724.13,2.45,0.3396,0.87,9938,79071,720,16.5,17.0,0.9506,INR/kg,Dhan API v2 (Client 1112620458)
2025-09-29 12:00,2025-09-29,12,Copper,721.13,721.26,0.13,0.0175,-2.32,14001,79502,720,16.32,16.82,0.9053,INR/kg,Dhan API v2 (Client 1112620458)
2025-09-29 13:00,2025-09-29,13,Copper,722.65,725.55,2.89,0.4004,2.76,13731,80325,720,16.0,16.5,0.9192,INR/kg,Dhan API v2 (Client 1112620458)
2025-09-29 14:00,2025-09-29,14,Copper,719.56,722.43,2.87,0.3983,-0.02,14068,79508,720,16.0,16.5,0.9218,INR/kg,Dhan API v2 (Client 1112620458)
2025-09-29 15:00,2025-09-29,15,Copper,720.38,724.51,4.12,0.5722,1.25,6831,78463,720,16.39,16.89,0.8846,INR/kg,Dhan API v2 (Client 1112620458)
2025-09-29 16:00,2025-09-29,16,Copper,722.17,726.14,3.97,0.5493,-0.15,3571,79771,720,16.14,16.64,0.9197,INR/kg,Dhan API v2 (Client 1112620458)
2025-09-29 17:00,2025-09-29,17,Copper,722.12,724.71,2.58,0.3579,-1.39,12548,79766,720,16.17,16.67,0.9123,INR/kg,Dhan API v2 (Client 1112620458)
2025-09-29 18:00,2025-09-29,18,Copper,723.83,727.81,3.97,0.5487,1.39,10431,78718,720,16.23,16.73,0.8904,INR/kg,Dhan API v2 (Client 1112620458)
2025-09-29 19:00,2025-09-29,19,Copper,724.18,728.49,4.31,0.5949,0.34,13762,79338,720,16.44,16.94,0.8731,INR/kg,Dhan API v2 (Client 1112620458)
2025-09-29 20:00,2025-09-29,20,Copper,724.93,730.26,5.33,0.7352,1.02,12887,80580,720,16.03,16.53,0.9534,INR/kg,Dhan API v2 (Client 1112620458)
2025-09-29 21:00,2025-09-29,21,Copper,726.67,728.38,1.71,0.2352,-3.62,2434,79297,730,16.42,16.92,0.9239,INR/kg,Dhan API v2 (Client 1112620458)
2025-09-29 22:00,2025-09-29,22,Copper,729.03,734.92,5.89,0.8074,4.18,5619,80398,730,16.24,16.74,0.9121,INR/kg,Dhan API v2 (Client 1112620458)
2025-09-29 23:00,2025-09-29,23,Copper,732.46,734.29,1.83,0.2501,-4.06,1907,77921,730,15.7,16.2,0.931,INR/kg,Dhan API v2 (Client 1112620458)
2025-09-30 09:00,2025-09-30,9,Copper,735.47,739.41,3.94,0.536,2.11,14222,78537,740,16.24,16.74,0.8848,INR/kg,Dhan API v2 (Client 1112620458)
2025-09-30 10:00,2025-09-30,10,Copper,736.33,738.92,2.59,0.3512,-1.35,3225,79315,740,16.55,17.05,0.9067,INR/kg,Dhan API v2 (Client 1112620458)
2025-09-30 11:00,2025-09-30,11,Copper,732.11,736.61,4.49,0.6136,1.9,10519,79282,730,16.74,17.24,0.9219,INR/kg,Dhan API v2 (Client 1112620458)
2025-09-30 12:00,2025-09-30,12,Copper,734.61,737.44,2.83,0.3847,-1.66,5487,78747,730,15.93,16.43,0.9461,INR/kg,Dhan API v2 (Client 1112620458)
2025-09-30 13:00,2025-09-30,13,Copper,740.95,742.57,1.61,0.2176,-1.22,7319,78749,740,16.73,17.23,0.906,INR/kg,Dhan API v2 (Client 1112620458)
2025-09-30 14:00,2025-09-30,14,Copper,741.14,744.38,3.24,0.4368,1.63,14686,78548,740,16.52,17.02,0.8928,INR/kg,Dhan API v2 (Client 1112620458)
2025-09-30 15:00,2025-09-30,15,Copper,740.33,743.28,2.96,0.3991,-0.28,13691,79984,740,16.28,16.78,0.9195,INR/kg,Dhan API v2 (Client 1112620458)
2025-09-30 16:00,2025-09-30,16,Copper,739.99,743.53,3.54,0.4789,0.58,6563,79798,740,16.09,16.59,0.8927,INR/kg,Dhan API v2 (Client 1112620458)
2025-09-30 17:00,2025-09-30,17,Copper,743.84,746.52,2.68,0.3609,-0.86,5776,79314,740,16.77,17.27,0.887,INR/kg,Dhan API v2 (Client 1112620458)
2025-09-30 18:00,2025-09-30,18,Copper,743.71,748.4,4.69,0.6301,2.01,8756,79873,740,16.68,17.18,0.9252,INR/kg,Dhan API v2 (Client 1112620458)
2025-09-30 19:00,2025-09-30,19,Copper,741.55,745.56,4.01,0.5404,-0.68,3028,80311,740,16.05,16.55,0.9143,INR/kg,Dhan API v2 (Client 1112620458)
2025-09-30 20:00,2025-09-30,20,Copper,741.9,744.41,2.51,0.3387,-1.5,1899,79987,740,16.13,16.63,0.9485,INR/kg,Dhan API v2 (Client 1112620458)
2025-09-30 21:00,2025-09-30,21,Copper,741.69,744.35,2.66,0.3585,0.15,8054,80274,740,16.52,17.02,0.9423,INR/kg,Dhan API v2 (Client 1112620458)
2025-09-30 22:00,2025-09-30,22,Copper,742.32,744.5,2.19,0.2945,-0.47,9434,78865,740,15.98,16.48,0.8988,INR/kg,Dhan API v2 (Client 1112620458)
2025-09-30 23:00,2025-09-30,23,Copper,737.92,741.68,3.76,0.5099,1.57,6841,79078,740,16.19,16.69,0.9236,INR/kg,Dhan API v2 (Client 1112620458)
2025-10-01 09:00,2025-10-01,9,Copper,739.47,741.47,2.0,0.2705,-1.76,6594,79935,740,16.48,16.98,0.9275,INR/kg,Dhan API v2 (Client 1112620458)
2025-10-01 10:00,2025-10-01,10,Copper,740.23,745.12,4.89,0.6608,2.89,7839,80145,740,15.64,16.14,0.9431,INR/kg,Dhan API v2 (Client 1112620458)
2025-10-01 11:00,2025-10-01,11,Copper,736.4,739.0,2.6,0.353,-2.29,2968,79123,740,16.48,16.98,0.9219,INR/kg,Dhan API v2 (Client 1112620458)
2025-10-01 12:00,2025-10-01,12,Copper,736.09,737.42,1.33,0.1808,-1.27,3280,79425,740,16.45,16.95,0.8942,INR/kg,Dhan API v2 (Client 1112620458)
2025-10-01 13:00,2025-10-01,13,Copper,738.59,742.72,4.13,0.5596,2.8,3949,81737,740,15.8,16.3,0.9084,INR/kg,Dhan API v2 (Client 1112620458)
2025-10-01 14:00,2025-10-01,14,Copper,740.29,743.82,3.53,0.4771,-0.6,1493,78855,740,16.09,16.59,0.9108,INR/kg,Dhan API v2 (Client 1112620458)
2025-10-01 15:00,2025-10-01,15,Copper,741.09,743.71,2.62,0.3539,-0.91,13615,80911,740,16.6,17.1,0.9158,INR/kg,Dhan API v2 (Client 1112620458)
2025-10-01 16:00,2025-10-01,16,Copper,739.65,742.89,3.24,0.4384,0.62,5577,77413,740,16.36,16.86,0.861,INR/kg,Dhan API v2 (Client 1112620458)
2025-10-01 17:00,2025-10-01,17,Copper,735.6,738.25,2.65,0.3599,-0.59,1073,80905,740,16.87,17.37,0.9068,INR/kg,Dhan API v2 (Client 1112620458)
2025-10-01 18:00,2025-10-01,18,Copper,737.08,741.8,4.72,0.6399,2.07,2650,77504,740,16.18,16.68,0.9673,INR/kg,Dhan API v2 (Client 1112620458)
2025-10-01 19:00,2025-10-01,19,Copper,739.38,741.71,2.33,0.3153,-2.39,14627,77808,740,16.37,16.87,0.8944,INR/kg,Dhan API v2 (Client 1112620458)
2025-10-01 20:00,2025-10-01,20,Copper,742.52,745.32,2.8,0.3771,0.47,3420,79579,740,15.89,16.39,0.9093,INR/kg,Dhan API v2 (Client 1112620458)
2025-10-01 21:00,2025-10-01,21,Copper,741.11,743.12,2.01,0.271,-0.79,13908,78802,740,15.89,16.39,0.9396,INR/kg,Dhan API v2 (Client 1112620458)
2025-10-01 22:00,2025-10-01,22,Copper,741.27,745.62,4.34,0.5857,2.33,5968,81300,740,16.25,16.75,0.886,INR/kg,Dhan API v2 (Client 1112620458)
2025-10-01 23:00,2025-10-01,23,Copper,738.52,742.48,3.97,0.5373,-0.37,11377,77513,740,16.04,16.54,0.9168,INR/kg,Dhan API v2 (Client 1112620458)
2025-10-02 09:00,2025-10-02,9,Copper,741.07,742.58,1.52,0.2048,-2.45,13459,79945,740,16.51,17.01,0.9119,INR/kg,Dhan API v2 (Client 1112620458)
2025-10-02 10:00,2025-10-02,10,Copper,741.34,743.32,1.98,0.267,0.46,8270,80199,740,16.11,16.61,0.9237,INR/kg,Dhan API v2 (Client 1112620458)
2025-10-02 11:00,2025-10-02,11,Copper,742.33,745.98,3.65,0.4915,1.67,5482,78499,740,16.36,16.86,0.9286,INR/kg,Dhan API v2 (Client 1112620458)
2025-10-02 12:00,2025-10-02,12,Copper,741.64,743.88,2.24,0.302,-1.41,6047,80000,740,16.15,16.65,0.9423,INR/kg,Dhan API v2 (Client 1112620458)
2025-10-02 13:00,2025-10-02,13,Copper,744.51,748.28,3.77,0.507,1.53,4460,78243,740,16.69,17.19,0.9496,INR/kg,Dhan API v2 (Client 1112620458)
2025-10-02 14:00,2025-10-02,14,Copper,744.11,747.72,3.61,0.4845,-0.16,7525,79205,740,15.86,16.36,0.8888,INR/kg,Dhan API v2 (Client 1112620458)
2025-10-02 15:00,2025-10-02,15,Copper,744.47,747.39,2.92,0.3918,-0.69,5090,78927,740,16.17,16.67,0.9468,INR/kg,Dhan API v2 (Client 1112620458)
2025-10-02 16:00,2025-10-02,16,Copper,747.13,750.32,3.19,0.427,0.27,11923,79617,750,16.22,16.72,0.9132,INR/kg,Dhan API v2 (Client 1112620458)
2025-10-02 17:00,2025-10-02,17,Copper,747.86,750.5,2.64,0.3526,-0.55,8924,79457,750,16.23,16.73,0.9182,INR/kg,Dhan API v2 (Client 1112620458)
2025-10-02 18:00,2025-10-02,18,Copper,746.93,749.23,2.3,0.3083,-0.34,10360,79558,750,16.28,16.78,0.935,INR/kg,Dhan API v2 (Client 1112620458)
2025-10-02 19:00,2025-10-02,19,Copper,746.26,749.27,3.01,0.4039,0.71,941,79587,750,15.97,16.47,0.899,INR/kg,Dhan API v2 (Client 1112620458)
2025-10-02 20:00,2025-10-02,20,Copper,744.88,745.99,1.11,0.1492,-1.9,13327,78346,740,16.25,16.75,0.9129,INR/kg,Dhan API v2 (Client 1112620458)
2025-10-02 21:00,2025-10-02,21,Copper,741.23,744.23,3.0,0.4044,1.89,7722,80283,740,16.38,16.88,0.9217,INR/kg,Dhan API v2 (Client 1112620458)
2025-10-02 22:00,2025-10-02,22,Copper,741.12,744.36,3.24,0.4372,0.24,13964,78723,740,16.15,16.65,0.9108,INR/kg,Dhan API v2 (Client 1112620458)
2025-10-02 23:00,2025-10-02,23,Copper,741.07,742.89,1.82,0.2456,-1.42,14619,80014,740,16.08,16.58,0.8896,INR/kg,Dhan API v2 (Client 1112620458)
2025-10-03 09:00,2025-10-03,9,Copper,744.37,746.48,2.11,0.2838,0.29,11966,79927,740,15.89,16.39,0.9121,INR/kg,Dhan API v2 (Client 1112620458)
2025-10-03 10:00,2025-10-03,10,Copper,741.24,742.15,0.91,0.1222,-1.2,7667,80287,740,16.42,16.92,0.8803,INR/kg,Dhan API v2 (Client 1112620458)
2025-10-03 11:00,2025-10-03,11,Copper,740.15,741.74,1.59,0.2148,0.68,4887,78388,740,16.25,16.75,0.9152,INR/kg,Dhan API v2 (Client 1112620458)
2025-10-03 12:00,2025-10-03,12,Copper,739.45,741.56,2.11,0.2856,0.52,13367,80153,740,16.18,16.68,0.9237,INR/kg,Dhan API v2 (Client 1112620458)
2025-10-03 13:00,2025-10-03,13,Copper,738.68,742.64,3.96,0.536,1.85,14511,78333,740,16.14,16.64,0.9019,INR/kg,Dhan API v2 (Client 1112620458)
2025-10-03 14:00,2025-10-03,14,Copper,739.88,743.17,3.29,0.444,-0.67,7291,81251,740,16.33,16.83,0.9234,INR/kg,Dhan API v2 (Client 1112620458)
2025-10-03 15:00,2025-10-03,15,Copper,741.22,744.97,3.76,0.507,0.47,5111,80425,740,16.34,16.84,0.9146,INR/kg,Dhan API v2 (Client 1112620458)
2025-10-03 16:00,2025-10-03,16,Copper,743.95,745.01,1.06,0.1427,-2.7,7171,78973,740,16.22,16.72,0.902,INR/kg,Dhan API v2 (Client 1112620458)
2025-10-03 17:00,2025-10-03,17,Copper,743.1,746.3,3.2,0.4313,2.14,13126,77907,740,15.84,16.34,0.907,INR/kg,Dhan API v2 (Client 1112620458)
2025-10-03 18:00,2025-10-03,18,Copper,743.86,748.79,4.93,0.6625,1.73,7268,80416,740,16.33,16.83,0.9169,INR/kg,Dhan API v2 (Client 1112620458)
2025-10-03 19:00,2025-10-03,19,Copper,740.96,743.42,2.46,0.3322,-2.47,14083,79188,740,16.19,16.69,0.9016,INR/kg,Dhan API v2 (Client 1112620458)
2025-10-03 20:00,2025-10-03,20,Copper,739.17,743.51,4.34,0.5867,1.88,691,79163,740,15.88,16.38,0.9039,INR/kg,Dhan API v2 (Client 1112620458)
2025-10-03 21:00,2025-10-03,21,Copper,735.58,738.94,3.35,0.4559,-0.99,4855,79092,740,16.52,17.02,0.9133,INR/kg,Dhan API v2 (Client 1112620458)
2025-10-03 22:00,2025-10-03,22,Copper,731.53,734.39,2.86,0.3907,-0.49,3222,79389,730,16.17,16.67,0.9465,INR/kg,Dhan API v2 (Client 1112620458)
2025-10-03 23:00,2025-10-03,23,Copper,730.64,733.01,2.37,0.3247,-0.49,10272,78451,730,16.12,16.62,0.9159,INR/kg,Dhan API v2 (Client 1112620458)
2025-10-06 09:00,2025-10-06,9,Copper,733.12,734.34,1.22,0.1664,-1.15,6062,79714,730,16.22,16.72,0.9269,INR/kg,Dhan API v2 (Client 1112620458)
2025-10-06 10:00,2025-10-06,10,Copper,730.21,731.74,1.54,0.2106,0.32,12057,81387,730,16.52,17.02,0.9197,INR/kg,Dhan API v2 (Client 1112620458)
2025-10-06 11:00,2025-10-06,11,Copper,730.32,732.8,2.48,0.34,0.94,9515,79294,730,15.91,16.41,0.918,INR/kg,Dhan API v2 (Client 1112620458)
2025-10-06 12:00,2025-10-06,12,Copper,730.76,733.3,2.54,0.3482,0.06,5411,78187,730,16.46,16.96,0.9457,INR/kg,Dhan API v2 (Client 1112620458)
2025-10-06 13:00,2025-10-06,13,Copper,730.57,732.88,2.31,0.3164,-0.23,11435,78515,730,16.67,17.17,0.8917,INR/kg,Dhan API v2 (Client 1112620458)
2025-10-06 14:00,2025-10-06,14,Copper,727.42,732.16,4.73,0.6504,2.42,12967,79827,730,16.66,17.16,0.9094,INR/kg,Dhan API v2 (Client 1112620458)
2025-10-06 15:00,2025-10-06,15,Copper,729.37,732.1,2.72,0.3735,-2.01,3227,80517,730,16.14,16.64,0.9186,INR/kg,Dhan API v2 (Client 1112620458)
2025-10-06 16:00,2025-10-06,16,Copper,726.89,728.69,1.8,0.2478,-0.92,10732,78285,730,16.41,16.91,0.9305,INR/kg,Dhan API v2 (Client 1112620458)
2025-10-06 17:00,2025-10-06,17,Copper,728.88,731.94,3.06,0.4204,1.26,12825,78015,730,16.32,16.82,0.9093,INR/kg,Dhan API v2 (Client 1112620458)
2025-10-06 18:00,2025-10-06,18,Copper,729.37,734.02,4.65,0.6381,1.59,3718,78614,730,16.32,16.82,0.9672,INR/kg,Dhan API v2 (Client 1112620458)
2025-10-06 19:00,2025-10-06,19,Copper,729.05,733.14,4.09,0.5612,-0.56,8438,79295,730,16.33,16.83,0.9512,INR/kg,Dhan API v2 (Client 1112620458)
2025-10-06 20:00,2025-10-06,20,Copper,729.22,731.72,2.5,0.3426,-1.59,3616,78865,730,16.98,17.48,0.9425,INR/kg,Dhan API v2 (Client 1112620458)
2025-10-06 21:00,2025-10-06,21,Copper,729.44,730.28,0.85,0.1165,-1.65,13215,79941,730,16.92,17.42,0.9506,INR/kg,Dhan API v2 (Client 1112620458)
2025-10-06 22:00,2025-10-06,22,Copper,731.51,732.74,1.22,0.1673,0.37,2193,80992,730,16.3,16.8,0.9379,INR/kg,Dhan API v2 (Client 1112620458)
2025-10-06 23:00,2025-10-06,23,Copper,729.42,732.48,3.05,0.4187,1.83,12260,79349,730,16.33,16.83,0.8907,INR/kg,Dhan API v2 (Client 1112620458)
2025-10-07 09:00,2025-10-07,9,Copper,729.53,733.05,3.52,0.4828,0.47,4014,80461,730,16.33,16.83,0.9191,INR/kg,Dhan API v2 (Client 1112620458)
2025-10-07 10:00,2025-10-07,10,Copper,731.46,733.1,1.64,0.2248,-1.88,6259,79304,730,15.7,16.2,0.9213,INR/kg,Dhan API v2 (Client 1112620458)
2025-10-07 11:00,2025-10-07,11,Copper,730.87,734.05,3.18,0.4345,1.54,9262,79319,730,16.01,16.51,0.9504,INR/kg,Dhan API v2 (Client 1112620458)
2025-10-07 12:00,2025-10-07,12,Copper,730.04,732.63,2.58,0.3537,-0.6,5160,78580,730,16.08,16.58,0.9232,INR/kg,Dhan API v2 (Client 1112620458)
2025-10-07 13:00,2025-10-07,13,Copper,728.01,729.39,1.38,0.1896,-1.2,5166,79146,730,16.3,16.8,0.9294,INR/kg,Dhan API v2 (Client 1112620458)
2025-10-07 14:00,2025-10-07,14,Copper,727.05,728.99,1.94,0.2667,0.56,11166,78763,730,16.0,16.5,0.916,INR/kg,Dhan API v2 (Client 1112620458)
2025-10-07 15:00,2025-10-07,15,Copper,725.08,726.91,1.83,0.2527,-0.11,14301,81173,730,16.32,16.82,0.9309,INR/kg,Dhan API v2 (Client 1112620458)
2025-10-07 16:00,2025-10-07,16,Copper,724.08,725.64,1.56,0.2158,-0.27,6224,79687,720,16.63,17.13,0.9338,INR/kg,Dhan API v2 (Client 1112620458)
2025-10-07 17:00,2025-10-07,17,Copper,724.56,726.73,2.17,0.2996,0.61,9166,80234,720,16.09,16.59,0.8735,INR/kg,Dhan API v2 (Client 1112620458)
2025-10-07 18:00,2025-10-07,18,Copper,725.97,727.76,1.78,0.2458,-0.39,5258,79409,730,16.17,16.67,0.9396,INR/kg,Dhan API v2 (Client 1112620458)
2025-10-07 19:00,2025-10-07,19,Copper,729.9,732.57,2.67,0.3653,0.89,6147,77618,730,16.0,16.5,0.9065,INR/kg,Dhan API v2 (Client 1112620458)
2025-10-07 20:00,2025-10-07,20,Copper,727.12,730.68,3.56,0.4898,0.89,1523,79547,730,16.17,16.67,0.9245,INR/kg,Dhan API v2 (Client 1112620458)
2025-10-07 21:00,2025-10-07,21,Copper,725.54,727.11,1.56,0.2155,-2.0,11658,79355,730,16.18,16.68,0.8723,INR/kg,Dhan API v2 (Client 1112620458)
2025-10-07 22:00,2025-10-07,22,Copper,728.32,731.68,3.35,0.4603,1.79,4698,80481,730,16.09,16.59,0.8919,INR/kg,Dhan API v2 (Client 1112620458)
2025-10-07 23:00,2025-10-07,23,Copper,726.11,726.76,0.64,0.0887,-2.71,12476,79673,730,16.37,16.87,0.9038,INR/kg,Dhan API v2 (Client 1112620458)
2025-10-08 09:00,2025-10-08,9,Copper,728.55,730.38,1.83,0.2509,1.19,2987,79642,730,16.01,16.51,0.9029,INR/kg,Dhan API v2 (Client 1112620458)
2025-10-08 10:00,2025-10-08,10,Copper,730.69,733.53,2.84,0.3889,1.01,2339,79323,730,16.27,16.77,0.8739,INR/kg,Dhan API v2 (Client 1112620458)
2025-10-08 11:00,2025-10-08,11,Copper,732.96,735.18,2.22,0.3023,-0.62,3693,79544,730,16.07,16.57,0.9254,INR/kg,Dhan API v2 (Client 1112620458)
2025-10-08 12:00,2025-10-08,12,Copper,729.8,732.85,3.04,0.4169,0.82,9232,81135,730,16.17,16.67,0.93,INR/kg,Dhan API v2 (Client 1112620458)
2025-10-08 13:00,2025-10-08,13,Copper,733.21,736.23,3.02,0.412,-0.02,7155,82065,730,15.8,16.3,0.9128,INR/kg,Dhan API v2 (Client 1112620458)
2025-10-08 14:00,2025-10-08,14,Copper,730.79,732.68,1.88,0.2578,-1.14,12740,81017,730,16.15,16.65,0.9118,INR/kg,Dhan API v2 (Client 1112620458)
2025-10-08 15:00,2025-10-08,15,Copper,726.97,729.37,2.4,0.3306,0.52,5238,77887,730,16.4,16.9,0.8852,INR/kg,Dhan API v2 (Client 1112620458)
2025-10-08 16:00,2025-10-08,16,Copper,728.7,731.56,2.86,0.3926,0.46,14567,80687,730,16.4,16.9,0.9338,INR/kg,Dhan API v2 (Client 1112620458)
2025-10-08 17:00,2025-10-08,17,Copper,726.24,729.2,2.96,0.4082,0.1,11290,80522,730,16.09,16.59,0.9397,INR/kg,Dhan API v2 (Client 1112620458)
2025-10-08 18:00,2025-10-08,18,Copper,730.11,731.71,1.61,0.2198,-1.35,11809,79296,730,16.43,16.93,0.9478,INR/kg,Dhan API v2 (Client 1112620458)
2025-10-08 19:00,2025-10-08,19,Copper,727.73,727.56,-0.18,-0.0242,-1.79,10243,79801,730,15.7,16.2,0.9179,INR/kg,Dhan API v2 (Client 1112620458)
2025-10-08 20:00,2025-10-08,20,Copper,729.53,732.1,2.57,0.3524,2.75,1308,78898,730,15.84,16.34,0.9226,INR/kg,Dhan API v2 (Client 1112620458)
2025-10-08 21:00,2025-10-08,21,Copper,726.17,728.3,2.14,0.2942,-0.43,1811,80956,730,16.76,17.26,0.9322,INR/kg,Dhan API v2 (Client 1112620458)
2025-10-08 22:00,2025-10-08,22,Copper,726.31,729.99,3.68,0.5064,1.54,2443,80261,730,16.51,17.01,0.868,INR/kg,Dhan API v2 (Client 1112620458)
2025-10-08 23:00,2025-10-08,23,Copper,728.85,732.62,3.76,0.5165,0.08,10000,78680,730,16.04,16.54,0.8986,INR/kg,Dhan API v2 (Client 1112620458)
2025-10-09 09:00,2025-10-09,9,Copper,727.24,728.95,1.71,0.2354,-2.05,7963,80008,730,16.12,16.62,0.9115,INR/kg,Dhan API v2 (Client 1112620458)
2025-10-09 10:00,2025-10-09,10,Copper,733.08,735.04,1.95,0.2662,0.24,13737,78286,730,16.09,16.59,0.9145,INR/kg,Dhan API v2 (Client 1112620458)
2025-10-09 11:00,2025-10-09,11,Copper,735.22,738.03,2.82,0.383,0.87,2910,79477,740,16.35,16.85,0.9222,INR/kg,Dhan API v2 (Client 1112620458)
2025-10-09 12:00,2025-10-09,12,Copper,735.69,738.13,2.43,0.3307,-0.39,6535,79555,740,15.78,16.28,0.9211,INR/kg,Dhan API v2 (Client 1112620458)
2025-10-09 13:00,2025-10-09,13,Copper,734.79,736.22,1.43,0.1948,-1.0,3404,80080,730,16.18,16.68,0.936,INR/kg,Dhan API v2 (Client 1112620458)
2025-10-09 14:00,2025-10-09,14,Copper,735.7,737.98,2.27,0.3089,0.84,4941,80414,740,16.04,16.54,0.9397,INR/kg,Dhan API v2 (Client 1112620458)
2025-10-09 15:00,2025-10-09,15,Copper,735.7,736.46,0.76,0.1033,-1.51,12889,79232,740,15.79,16.29,0.8896,INR/kg,Dhan API v2 (Client 1112620458)
2025-10-09 16:00,2025-10-09,16,Copper,733.6,737.69,4.09,0.5569,3.33,9610,78464,730,16.35,16.85,0.9162,INR/kg,Dhan API v2 (Client 1112620458)
2025-10-09 17:00,2025-10-09,17,Copper,735.88,736.72,0.84,0.1146,-3.25,6808,79367,740,15.68,16.18,0.911,INR/kg,Dhan API v2 (Client 1112620458)
2025-10-09 18:00,2025-10-09,18,Copper,734.62,735.1,0.47,0.0644,-0.37,10755,81864,730,16.34,16.84,0.9084,INR/kg,Dhan API v2 (Client 1112620458)
2025-10-09 19:00,2025-10-09,19,Copper,733.59,736.03,2.44,0.3327,1.97,8834,79393,730,16.02,16.52,0.9085,INR/kg,Dhan API v2 (Client 1112620458)
2025-10-09 20:00,2025-10-09,20,Copper,732.98,735.03,2.05,0.28,-0.39,2919,81150,730,16.54,17.04,0.9365,INR/kg,Dhan API v2 (Client 1112620458)
2025-10-09 21:00,2025-10-09,21,Copper,730.34,732.73,2.39,0.3266,0.34,10166,80581,730,16.4,16.9,0.9305,INR/kg,Dhan API v2 (Client 1112620458)
2025-10-09 22:00,2025-10-09,22,Copper,733.12,735.41,2.29,0.3119,-0.1,7961,79067,730,16.52,17.02,0.9091,INR/kg,Dhan API v2 (Client 1112620458)
2025-10-09 23:00,2025-10-09,23,Copper,731.75,734.66,2.91,0.3977,0.62,1382,78276,730,16.68,17.18,0.9609,INR/kg,Dhan API v2 (Client 1112620458)
2025-10-10 09:00,2025-10-10,9,Copper,731.27,732.89,1.62,0.2216,-1.29,3157,80430,730,15.9,16.4,0.9159,INR/kg,Dhan API v2 (Client 1112620458)
2025-10-10 10:00,2025-10-10,10,Copper,732.21,733.54,1.33,0.1816,-0.29,9920,78833,730,16.03,16.53,0.9415,INR/kg,Dhan API v2 (Client 1112620458)
2025-10-10 11:00,2025-10-10,11,Copper,731.93,734.87,2.95,0.4026,1.62,10002,80490,730,16.96,17.46,0.9312,INR/kg,Dhan API v2 (Client 1112620458)
2025-10-10 12:00,2025-10-10,12,Copper,729.5,731.89,2.38,0.3268,-0.57,4263,79698,730,15.7,16.2,0.9411,INR/kg,Dhan API v2 (Client 1112620458)
2025-10-10 13:00,2025-10-10,13,Copper,727.98,729.8,1.82,0.2506,-0.56,8138,80942,730,15.77,16.27,0.9251,INR/kg,Dhan API v2 (Client 1112620458)
2025-10-10 14:00,2025-10-10,14,Copper,725.89,728.93,3.04,0.4187,1.22,9375,81718,730,16.75,17.25,0.9121,INR/kg,Dhan API v2 (Client 1112620458)
2025-10-10 15:00,2025-10-10,15,Copper,727.29,729.31,2.02,0.2777,-1.02,8077,77836,730,16.26,16.76,0.9116,INR/kg,Dhan API v2 (Client 1112620458)
2025-10-10 16:00,2025-10-10,16,Copper,727.15,728.7,1.55,0.2138,-0.47,10629,80219,730,16.09,16.59,0.9379,INR/kg,Dhan API v2 (Client 1112620458)
2025-10-10 17:00,2025-10-10,17,Copper,727.22,728.37,1.16,0.1591,-0.39,2675,80344,730,15.64,16.14,0.8769,INR/kg,Dhan API v2 (Client 1112620458)
2025-10-10 18:00,2025-10-10,18,Copper,722.83,723.96,1.13,0.1569,-0.03,4704,80402,720,16.32,16.82,0.904,INR/kg,Dhan API v2 (Client 1112620458)
2025-10-10 19:00,2025-10-10,19,Copper,725.22,727.02,1.8,0.2483,0.67,1107,80482,730,16.14,16.64,0.9508,INR/kg,Dhan API v2 (Client 1112620458)
2025-10-10 20:00,2025-10-10,20,Copper,724.75,728.37,3.62,0.4991,1.82,14253,78206,720,16.43,16.93,0.9298,INR/kg,Dhan API v2 (Client 1112620458)
2025-10-10 21:00,2025-10-10,21,Copper,724.68,727.06,2.38,0.3281,-1.24,6464,79187,720,15.8,16.3,0.8796,INR/kg,Dhan API v2 (Client 1112620458)
2025-10-10 22:00,2025-10-10,22,Copper,728.89,731.32,2.44,0.3343,0.06,9864,79764,730,15.88,16.38,0.9361,INR/kg,Dhan API v2 (Client 1112620458)
2025-10-10 23:00,2025-10-10,23,Copper,730.86,733.17,2.31,0.3165,-0.13,12239,79352,730,15.95,16.45,0.8827,INR/kg,Dhan API v2 (Client 1112620458)
2025-10-13 09:00,2025-10-13,9,Copper,733.06,735.58,2.53,0.3448,0.22,8381,80376,730,15.81,16.31,0.9437,INR/kg,Dhan API v2 (Client 1112620458)
2025-10-13 10:00,2025-10-13,10,Copper,734.02,735.08,1.06,0.1447,-1.47,13589,79419,730,17.02,17.52,0.9304,INR/kg,Dhan API v2 (Client 1112620458)
2025-10-13 11:00,2025-10-13,11,Copper,733.11,735.27,2.17,0.2956,1.11,12387,80924,730,15.83,16.33,0.9081,INR/kg,Dhan API v2 (Client 1112620458)
2025-10-13 12:00,2025-10-13,12,Copper,731.52,733.85,2.33,0.3186,0.16,13672,79220,730,16.18,16.68,0.9097,INR/kg,Dhan API v2 (Client 1112620458)
2025-10-13 13:00,2025-10-13,13,Copper,731.65,734.83,3.18,0.4352,0.85,6761,79982,730,16.04,16.54,0.9186,INR/kg,Dhan API v2 (Client 1112620458)
2025-10-13 14:00,2025-10-13,14,Copper,732.09,734.98,2.89,0.3952,-0.29,7050,79381,730,16.1,16.6,0.9019,INR/kg,Dhan API v2 (Client 1112620458)
2025-10-13 15:00,2025-10-13,15,Copper,733.03,734.58,1.55,0.2113,-1.34,9236,78649,730,16.24,16.74,0.9039,INR/kg,Dhan API v2 (Client 1112620458)
2025-10-13 16:00,2025-10-13,16,Copper,733.47,736.9,3.43,0.4672,1.88,12280,80090,730,15.69,16.19,0.903,INR/kg,Dhan API v2 (Client 1112620458)
2025-10-13 17:00,2025-10-13,17,Copper,732.28,735.49,3.21,0.4386,-0.22,10025,81187,730,16.21,16.71,0.8945,INR/kg,Dhan API v2 (Client 1112620458)
2025-10-13 18:00,2025-10-13,18,Copper,730.92,733.17,2.26,0.3087,-0.95,3131,78710,730,15.86,16.36,0.92,INR/kg,Dhan API v2 (Client 1112620458)
2025-10-13 19:00,2025-10-13,19,Copper,730.58,732.26,1.68,0.2299,-0.58,9045,79203,730,16.33,16.83,0.9427,INR/kg,Dhan API v2 (Client 1112620458)
2025-10-13 20:00,2025-10-13,20,Copper,730.98,733.47,2.49,0.3407,0.81,6487,79780,730,16.46,16.96,0.8902,INR/kg,Dhan API v2 (Client 1112620458)
2025-10-13 21:00,2025-10-13,21,Copper,725.95,726.86,0.91,0.125,-1.58,8737,79638,730,16.27,16.77,0.8958,INR/kg,Dhan API v2 (Client 1112620458)
2025-10-13 22:00,2025-10-13,22,Copper,726.85,729.23,2.38,0.328,1.47,708,80072,730,15.99,16.49,0.9184,INR/kg,Dhan API v2 (Client 1112620458)
2025-10-13 23:00,2025-10-13,23,Copper,728.75,728.84,0.09,0.0123,-2.29,11162,79365,730,16.94,17.44,0.9195,INR/kg,Dhan API v2 (Client 1112620458)
2025-10-14 09:00,2025-10-14,9,Copper,729.13,733.11,3.98,0.5454,3.89,7809,79016,730,16.28,16.78,0.9348,INR/kg,Dhan API v2 (Client 1112620458)
2025-10-14 10:00,2025-10-14,10,Copper,729.88,730.19,0.31,0.0423,-3.67,2565,79312,730,16.4,16.9,0.9014,INR/kg,Dhan API v2 (Client 1112620458)
2025-10-14 11:00,2025-10-14,11,Copper,731.85,732.8,0.95,0.1299,0.64,561,79240,730,15.66,16.16,0.9626,INR/kg,Dhan API v2 (Client 1112620458)
2025-10-14 12:00,2025-10-14,12,Copper,734.88,736.77,1.89,0.2568,0.94,13939,80115,730,16.24,16.74,0.8997,INR/kg,Dhan API v2 (Client 1112620458)
2025-10-14 13:00,2025-10-14,13,Copper,735.91,739.18,3.27,0.4444,1.38,5009,80289,740,16.13,16.63,0.8921,INR/kg,Dhan API v2 (Client 1112620458)
2025-10-14 14:00,2025-10-14,14,Copper,736.84,736.35,-0.5,-0.0672,-3.77,10840,79844,740,16.51,17.01,0.9034,INR/kg,Dhan API v2 (Client 1112620458)
2025-10-14 15:00,2025-10-14,15,Copper,737.51,739.75,2.24,0.3033,2.74,1070,79270,740,17.01,17.51,0.9181,INR/kg,Dhan API v2 (Client 1112620458)
2025-10-14 16:00,2025-10-14,16,Copper,736.97,740.16,3.19,0.4326,0.95,6998,78879,740,15.9,16.4,0.9324,INR/kg,Dhan API v2 (Client 1112620458)
2025-10-14 17:00,2025-10-14,17,Copper,737.92,741.08,3.16,0.4276,-0.03,9974,79439,740,16.06,16.56,0.9279,INR/kg,Dhan API v2 (Client 1112620458)
2025-10-14 18:00,2025-10-14,18,Copper,738.52,740.71,2.19,0.2965,-0.97,14863,79402,740,16.09,16.59,0.9228,INR/kg,Dhan API v2 (Client 1112620458)
2025-10-14 19:00,2025-10-14,19,Copper,739.49,741.87,2.38,0.3214,0.19,12098,79416,740,16.28,16.78,0.904,INR/kg,Dhan API v2 (Client 1112620458)
2025-10-14 20:00,2025-10-14,20,Copper,739.2,742.9,3.71,0.5015,1.33,4264,78904,740,15.99,16.49,0.9103,INR/kg,Dhan API v2 (Client 1112620458)
2025-10-14 21:00,2025-10-14,21,Copper,739.99,742.31,2.32,0.3141,-1.39,511,80018,740,16.42,16.92,0.8993,INR/kg,Dhan API v2 (Client 1112620458)
2025-10-14 22:00,2025-10-14,22,Copper,738.86,740.72,1.86,0.2521,-0.46,6340,78632,740,16.36,16.86,0.9199,INR/kg,Dhan API v2 (Client 1112620458)
2025-10-14 23:00,2025-10-14,23,Copper,739.61,741.52,1.91,0.2585,0.05,1030,80106,740,16.34,16.84,0.9362,INR/kg,Dhan API v2 (Client 1112620458)
2025-10-15 09:00,2025-10-15,9,Copper,741.37,744.34,2.97,0.4008,1.06,10006,80427,740,16.06,16.56,0.9055,INR/kg,Dhan API v2 (Client 1112620458)
2025-10-15 10:00,2025-10-15,10,Copper,740.66,742.45,1.79,0.2413,-1.18,12053,79039,740,16.66,17.16,0.8982,INR/kg,Dhan API v2 (Client 1112620458)
2025-10-15 11:00,2025-10-15,11,Copper,738.09,739.23,1.13,0.1535,-0.66,1041,80602,740,16.48,16.98,0.9463,INR/kg,Dhan API v2 (Client 1112620458)
2025-10-15 12:00,2025-10-15,12,Copper,743.03,745.2,2.17,0.292,1.04,7356,78793,740,15.96,16.46,0.9086,INR/kg,Dhan API v2 (Client 1112620458)
2025-10-15 13:00,2025-10-15,13,Copper,743.95,747.38,3.43,0.4606,1.26,5783,80324,740,16.62,17.12,0.9307,INR/kg,Dhan API v2 (Client 1112620458)
2025-10-15 14:00,2025-10-15,14,Copper,745.89,747.88,1.99,0.2669,-1.44,12186,80458,750,16.37,16.87,0.8915,INR/kg,Dhan API v2 (Client 1112620458)
2025-10-15 15:00,2025-10-15,15,Copper,743.74,746.64,2.9,0.3897,0.91,8630,80710,740,16.39,16.89,0.9117,INR/kg,Dhan API v2 (Client 1112620458)
2025-10-15 16:00,2025-10-15,16,Copper,740.21,742.14,1.93,0.2608,-0.97,9200,78159,740,16.0,16.5,0.892,INR/kg,Dhan API v2 (Client 1112620458)
2025-10-15 17:00,2025-10-15,17,Copper,740.41,741.48,1.06,0.1437,-0.87,8283,79207,740,16.1,16.6,0.8947,INR/kg,Dhan API v2 (Client 1112620458)
2025-10-15 18:00,2025-10-15,18,Copper,737.29,739.29,1.99,0.2703,0.93,1069,78556,740,16.49,16.99,0.887,INR/kg,Dhan API v2 (Client 1112620458)
2025-10-15 19:00,2025-10-15,19,Copper,731.48,732.18,0.7,0.0962,-1.29,12174,79456,730,15.38,15.88,0.9177,INR/kg,Dhan API v2 (Client 1112620458)
2025-10-15 20:00,2025-10-15,20,Copper,732.08,733.01,0.93,0.1269,0.23,5146,77814,730,16.43,16.93,0.9066,INR/kg,Dhan API v2 (Client 1112620458)
2025-10-15 21:00,2025-10-15,21,Copper,730.84,732.18,1.34,0.1837,0.41,4601,80392,730,16.21,16.71,0.9528,INR/kg,Dhan API v2 (Client 1112620458)
2025-10-15 22:00,2025-10-15,22,Copper,731.09,733.32,2.23,0.3049,0.89,12863,81320,730,16.49,16.99,0.9148,INR/kg,Dhan API v2 (Client 1112620458)
2025-10-15 23:00,2025-10-15,23,Copper,728.45,728.93,0.48,0.0666,-1.75,13366,79170,730,16.27,16.77,0.9186,INR/kg,Dhan API v2 (Client 1112620458)
2025-10-16 09:00,2025-10-16,9,Copper,726.94,727.86,0.92,0.1265,0.44,4086,79079,730,16.3,16.8,0.939,INR/kg,Dhan API v2 (Client 1112620458)
2025-10-16 10:00,2025-10-16,10,Copper,725.42,726.56,1.14,0.1571,0.22,6927,78265,730,16.16,16.66,0.9555,INR/kg,Dhan API v2 (Client 1112620458)
2025-10-16 11:00,2025-10-16,11,Copper,725.92,727.16,1.24,0.1703,0.1,10060,79687,730,16.12,16.62,0.8839,INR/kg,Dhan API v2 (Client 1112620458)
2025-10-16 12:00,2025-10-16,12,Copper,723.14,725.06,1.92,0.2649,0.68,1254,80671,720,16.03,16.53,0.9297,INR/kg,Dhan API v2 (Client 1112620458)
2025-10-16 13:00,2025-10-16,13,Copper,723.89,726.06,2.17,0.2997,0.25,13747,79002,720,16.27,16.77,0.9138,INR/kg,Dhan API v2 (Client 1112620458)
2025-10-16 14:00,2025-10-16,14,Copper,721.04,721.97,0.94,0.13,-1.23,3347,78718,720,17.29,17.79,0.9026,INR/kg,Dhan API v2 (Client 1112620458)
2025-10-16 15:00,2025-10-16,15,Copper,720.88,722.41,1.52,0.2114,0.58,13587,80450,720,16.43,16.93,0.9347,INR/kg,Dhan API v2 (Client 1112620458)
2025-10-16 16:00,2025-10-16,16,Copper,718.9,721.75,2.84,0.3954,1.32,4956,78513,720,15.93,16.43,0.9179,INR/kg,Dhan API v2 (Client 1112620458)
2025-10-16 17:00,2025-10-16,17,Copper,719.7,723.32,3.62,0.5031,0.78,9307,81194,720,16.26,16.76,0.9246,INR/kg,Dhan API v2 (Client 1112620458)
2025-10-16 18:00,2025-10-16,18,Copper,718.71,719.38,0.67,0.0926,-2.95,13131,79647,720,16.19,16.69,0.9401,INR/kg,Dhan API v2 (Client 1112620458)
2025-10-16 19:00,2025-10-16,19,Copper,716.33,717.76,1.42,0.1987,0.75,14930,80093,720,16.58,17.08,0.9404,INR/kg,Dhan API v2 (Client 1112620458)
2025-10-16 20:00,2025-10-16,20,Copper,718.17,721.61,3.43,0.478,2.01,5971,80912,720,16.25,16.75,0.922,INR/kg,Dhan API v2 (Client 1112620458)
2025-10-16 21:00,2025-10-16,21,Copper,715.45,716.65,1.2,0.1679,-2.23,9389,78021,720,15.79,16.29,0.9363,INR/kg,Dhan API v2 (Client 1112620458)
2025-10-16 22:00,2025-10-16,22,Copper,716.1,719.28,3.17,0.4429,1.97,1212,80252,720,16.38,16.88,0.8914,INR/kg,Dhan API v2 (Client 1112620458)
2025-10-16 23:00,2025-10-16,23,Copper,716.86,721.19,4.33,0.6038,1.16,5204,79962,720,16.45,16.95,0.9037,INR/kg,Dhan API v2 (Client 1112620458)
2025-10-17 09:00,2025-10-17,9,Copper,715.95,717.75,1.8,0.2508,-2.53,5169,77793,720,15.66,16.16,0.9372,INR/kg,Dhan API v2 (Client 1112620458)
2025-10-17 10:00,2025-10-17,10,Copper,717.03,718.74,1.71,0.2382,-0.09,3035,80224,720,16.25,16.75,0.9163,INR/kg,Dhan API v2 (Client 1112620458)
2025-10-17 11:00,2025-10-17,11,Copper,715.75,718.21,2.46,0.344,0.75,5414,80127,720,16.25,16.75,0.915,INR/kg,Dhan API v2 (Client 1112620458)
2025-10-17 12:00,2025-10-17,12,Copper,715.94,718.04,2.1,0.2938,-0.36,3387,79384,720,16.0,16.5,0.8865,INR/kg,Dhan API v2 (Client 1112620458)
2025-10-17 13:00,2025-10-17,13,Copper,716.75,718.34,1.59,0.2225,-0.51,2200,79390,720,16.53,17.03,0.9187,INR/kg,Dhan API v2 (Client 1112620458)
2025-10-17 14:00,2025-10-17,14,Copper,715.37,717.67,2.3,0.3217,0.71,6679,80036,720,16.13,16.63,0.8824,INR/kg,Dhan API v2 (Client 1112620458)
2025-10-17 15:00,2025-10-17,15,Copper,717.93,720.79,2.86,0.3987,0.56,12294,80143,720,16.57,17.07,0.8912,INR/kg,Dhan API v2 (Client 1112620458)
2025-10-17 16:00,2025-10-17,16,Copper,715.73,717.81,2.08,0.2905,-0.78,11498,80474,720,16.01,16.51,0.884,INR/kg,Dhan API v2 (Client 1112620458)
2025-10-17 17:00,2025-10-17,17,Copper,717.77,719.88,2.11,0.2943,0.03,2892,80738,720,16.31,16.81,0.8781,INR/kg,Dhan API v2 (Client 1112620458)
2025-10-17 18:00,2025-10-17,18,Copper,720.14,720.96,0.81,0.1128,-1.3,4033,79985,720,16.28,16.78,0.9205,INR/kg,Dhan API v2 (Client 1112620458)
2025-10-17 19:00,2025-10-17,19,Copper,720.29,723.21,2.92,0.4052,2.11,728,78625,720,16.32,16.82,0.9203,INR/kg,Dhan API v2 (Client 1112620458)
2025-10-17 20:00,2025-10-17,20,Copper,723.03,725.67,2.65,0.3658,-0.27,4526,78881,720,15.66,16.16,0.9125,INR/kg,Dhan API v2 (Client 1112620458)
2025-10-17 21:00,2025-10-17,21,Copper,723.46,723.37,-0.09,-0.0125,-2.74,8954,79473,720,17.09,17.59,0.9143,INR/kg,Dhan API v2 (Client 1112620458)
2025-10-17 22:00,2025-10-17,22,Copper,723.25,724.96,1.71,0.2362,1.8,4894,78270,720,16.19,16.69,0.9498,INR/kg,Dhan API v2 (Client 1112620458)
2025-10-17 23:00,2025-10-17,23,Copper,724.78,726.93,2.14,0.2954,0.43,4725,80360,720,16.11,16.61,0.9226,INR/kg,Dhan API v2 (Client 1112620458)
2025-10-20 09:00,2025-10-20,9,Copper,724.58,726.22,1.65,0.2273,-0.49,10254,78965,720,16.3,16.8,0.9024,INR/kg,Dhan API v2 (Client 1112620458)
2025-10-20 10:00,2025-10-20,10,Copper,723.58,725.44,1.86,0.2574,0.21,8453,80724,720,15.6,16.1,0.9068,INR/kg,Dhan API v2 (Client 1112620458)
2025-10-20 11:00,2025-10-20,11,Copper,722.92,725.13,2.21,0.3058,0.35,10956,78279,720,16.71,17.21,0.9364,INR/kg,Dhan API v2 (Client 1112620458)
2025-10-20 12:00,2025-10-20,12,Copper,722.71,722.68,-0.04,-0.0049,-2.25,8553,79743,720,15.98,16.48,0.9268,INR/kg,Dhan API v2 (Client 1112620458)
2025-10-20 13:00,2025-10-20,13,Copper,722.18,723.96,1.78,0.2458,1.82,4337,80176,720,15.85,16.35,0.9322,INR/kg,Dhan API v2 (Client 1112620458)
2025-10-20 14:00,2025-10-20,14,Copper,722.37,723.69,1.33,0.1836,-0.45,8789,79731,720,15.94,16.44,0.889,INR/kg,Dhan API v2 (Client 1112620458)
2025-10-20 15:00,2025-10-20,15,Copper,722.75,724.38,1.63,0.2255,0.3,8399,80990,720,16.32,16.82,0.9513,INR/kg,Dhan API v2 (Client 1112620458)
2025-10-20 16:00,2025-10-20,16,Copper,720.79,723.7,2.91,0.404,1.28,11426,79318,720,16.13,16.63,0.9065,INR/kg,Dhan API v2 (Client 1112620458)
2025-10-20 17:00,2025-10-20,17,Copper,720.19,721.26,1.07,0.1487,-1.84,14373,79429,720,16.06,16.56,0.922,INR/kg,Dhan API v2 (Client 1112620458)
2025-10-20 18:00,2025-10-20,18,Copper,716.13,718.03,1.9,0.2658,0.83,14525,79579,720,15.53,16.03,0.9232,INR/kg,Dhan API v2 (Client 1112620458)
2025-10-20 19:00,2025-10-20,19,Copper,713.18,713.06,-0.12,-0.0165,-2.02,2047,79810,710,16.46,16.96,0.884,INR/kg,Dhan API v2 (Client 1112620458)
2025-10-20 20:00,2025-10-20,20,Copper,714.41,715.55,1.14,0.159,1.26,13492,80581,710,16.01,16.51,0.9323,INR/kg,Dhan API v2 (Client 1112620458)
2025-10-20 21:00,2025-10-20,21,Copper,710.85,713.21,2.36,0.3316,1.22,1428,79275,710,16.1,16.6,0.9419,INR/kg,Dhan API v2 (Client 1112620458)
2025-10-20 22:00,2025-10-20,22,Copper,712.24,711.95,-0.29,-0.0406,-2.65,12835,79935,710,16.06,16.56,0.9139,INR/kg,Dhan API v2 (Client 1112620458)
2025-10-20 23:00,2025-10-20,23,Copper,710.4,711.95,1.55,0.218,1.84,8694,79158,710,16.05,16.55,0.9176,INR/kg,Dhan API v2 (Client 1112620458)
2025-10-21 09:00,2025-10-21,9,Copper,710.19,713.77,3.58,0.5043,2.03,11875,79381,710,16.21,16.71,0.9522,INR/kg,Dhan API v2 (Client 1112620458)
2025-10-21 10:00,2025-10-21,10,Copper,708.76,711.0,2.24,0.3155,-1.34,11273,78884,710,15.85,16.35,0.9274,INR/kg,Dhan API v2 (Client 1112620458)
2025-10-21 11:00,2025-10-21,11,Copper,712.5,713.0,0.5,0.07,-1.74,4286,79646,710,16.57,17.07,0.91,INR/kg,Dhan API v2 (Client 1112620458)
2025-10-21 12:00,2025-10-21,12,Copper,713.25,713.49,0.23,0.0328,-0.27,1277,80235,710,16.34,16.84,0.9386,INR/kg,Dhan API v2 (Client 1112620458)
2025-10-21 13:00,2025-10-21,13,Copper,710.31,711.42,1.11,0.1558,0.88,3537,79390,710,15.62,16.12,0.8634,INR/kg,Dhan API v2 (Client 1112620458)
2025-10-21 14:00,2025-10-21,14,Copper,709.95,713.3,3.36,0.4727,2.25,9801,78594,710,16.42,16.92,0.9386,INR/kg,Dhan API v2 (Client 1112620458)
2025-10-21 15:00,2025-10-21,15,Copper,710.3,709.7,-0.6,-0.0847,-3.96,3373,79885,710,16.39,16.89,0.9555,INR/kg,Dhan API v2 (Client 1112620458)
2025-10-21 16:00,2025-10-21,16,Copper,711.46,712.45,0.99,0.1394,1.59,9270,80233,710,17.01,17.51,0.9566,INR/kg,Dhan API v2 (Client 1112620458)
2025-10-21 17:00,2025-10-21,17,Copper,710.84,709.32,-1.52,-0.2141,-2.51,8921,78858,710,16.13,16.63,0.9224,INR/kg,Dhan API v2 (Client 1112620458)
2025-10-21 18:00,2025-10-21,18,Copper,710.96,712.86,1.9,0.2672,3.42,11136,78829,710,15.98,16.48,0.9324,INR/kg,Dhan API v2 (Client 1112620458)
2025-10-21 19:00,2025-10-21,19,Copper,710.1,709.48,-0.62,-0.0877,-2.52,3002,79090,710,16.43,16.93,0.8991,INR/kg,Dhan API v2 (Client 1112620458)
2025-10-21 20:00,2025-10-21,20,Copper,708.57,709.07,0.5,0.0705,1.12,10011,78246,710,16.11,16.61,0.9481,INR/kg,Dhan API v2 (Client 1112620458)
2025-10-21 21:00,2025-10-21,21,Copper,706.19,707.57,1.38,0.1948,0.88,12557,79589,710,16.72,17.22,0.9033,INR/kg,Dhan API v2 (Client 1112620458)
2025-10-21 22:00,2025-10-21,22,Copper,707.72,710.24,2.52,0.3554,1.14,5335,78160,710,16.24,16.74,0.9237,INR/kg,Dhan API v2 (Client 1112620458)
2025-10-21 23:00,2025-10-21,23,Copper,705.26,707.34,2.08,0.2947,-0.44,12335,80797,710,16.56,17.06,0.9053,INR/kg,Dhan API v2 (Client 1112620458)
2025-10-22 09:00,2025-10-22,9,Copper,705.79,705.51,-0.28,-0.0395,-2.36,2535,79343,710,15.91,16.41,0.8813,INR/kg,Dhan API v2 (Client 1112620458)
2025-10-22 10:00,2025-10-22,10,Copper,702.95,703.88,0.93,0.1328,1.21,8852,80214,700,16.02,16.52,0.909,INR/kg,Dhan API v2 (Client 1112620458)
2025-10-22 11:00,2025-10-22,11,Copper,700.52,702.63,2.11,0.3017,1.18,2290,79752,700,16.83,17.33,0.922,INR/kg,Dhan API v2 (Client 1112620458)
2025-10-22 12:00,2025-10-22,12,Copper,698.37,701.3,2.93,0.4198,0.82,4679,81877,700,16.02,16.52,0.9253,INR/kg,Dhan API v2 (Client 1112620458)
2025-10-22 13:00,2025-10-22,13,Copper,697.54,699.12,1.58,0.2259,-1.35,8928,79798,700,16.52,17.02,0.8926,INR/kg,Dhan API v2 (Client 1112620458)
2025-10-22 14:00,2025-10-22,14,Copper,697.85,699.13,1.29,0.1847,-0.29,12257,80100,700,16.41,16.91,0.9278,INR/kg,Dhan API v2 (Client 1112620458)
2025-10-22 15:00,2025-10-22,15,Copper,698.61,699.16,0.56,0.08,-0.73,903,77294,700,15.78,16.28,0.9414,INR/kg,Dhan API v2 (Client 1112620458)
2025-10-22 16:00,2025-10-22,16,Copper,703.28,705.9,2.62,0.3722,2.06,2797,78538,700,15.98,16.48,0.8804,INR/kg,Dhan API v2 (Client 1112620458)
2025-10-22 17:00,2025-10-22,17,Copper,703.57,704.23,0.66,0.0934,-1.96,7249,79758,700,16.48,16.98,0.9001,INR/kg,Dhan API v2 (Client 1112620458)
2025-10-22 18:00,2025-10-22,18,Copper,702.33,705.43,3.1,0.4412,2.44,13258,80195,700,15.87,16.37,0.8897,INR/kg,Dhan API v2 (Client 1112620458)
2025-10-22 19:00,2025-10-22,19,Copper,701.86,702.86,0.99,0.1415,-2.11,10546,79783,700,16.1,16.6,0.9029,INR/kg,Dhan API v2 (Client 1112620458)
2025-10-22 20:00,2025-10-22,20,Copper,700.36,701.35,0.99,0.1413,0.0,11969,79702,700,16.53,17.03,0.9251,INR/kg,Dhan API v2 (Client 1112620458)
2025-10-22 21:00,2025-10-22,21,Copper,697.1,696.73,-0.37,-0.0525,-1.36,14518,80127,700,16.55,17.05,0.8976,INR/kg,Dhan API v2 (Client 1112620458)
2025-10-22 22:00,2025-10-22,22,Copper,698.46,700.17,1.71,0.2448,2.08,14219,79988,700,16.02,16.52,0.9004,INR/kg,Dhan API v2 (Client 1112620458)
2025-10-22 23:00,2025-10-22,23,Copper,697.1,699.14,2.04,0.2927,0.33,14860,81180,700,16.65,17.15,0.9093,INR/kg,Dhan API v2 (Client 1112620458)
2025-10-23 09:00,2025-10-23,9,Copper,697.67,699.59,1.92,0.2757,-0.12,8426,79022,700,16.11,16.61,0.9262,INR/kg,Dhan API v2 (Client 1112620458)
2025-10-23 10:00,2025-10-23,10,Copper,697.06,697.96,0.9,0.1293,-1.02,9908,78437,700,15.62,16.12,0.8833,INR/kg,Dhan API v2 (Client 1112620458)
2025-10-23 11:00,2025-10-23,11,Copper,696.19,696.74,0.55,0.0789,-0.35,3274,80728,700,16.29,16.79,0.9444,INR/kg,Dhan API v2 (Client 1112620458)
2025-10-23 12:00,2025-10-23,12,Copper,696.71,696.51,-0.19,-0.0279,-0.74,1926,79447,700,15.62,16.12,0.8929,INR/kg,Dhan API v2 (Client 1112620458)
2025-10-23 13:00,2025-10-23,13,Copper,696.58,698.34,1.76,0.253,1.95,9329,78487,700,16.67,17.17,0.9072,INR/kg,Dhan API v2 (Client 1112620458)
2025-10-23 14:00,2025-10-23,14,Copper,692.92,694.06,1.14,0.1639,-0.62,8676,80978,690,16.44,16.94,0.8874,INR/kg,Dhan API v2 (Client 1112620458)
2025-10-23 15:00,2025-10-23,15,Copper,691.37,693.43,2.06,0.2976,0.92,1964,79261,690,16.19,16.69,0.9033,INR/kg,Dhan API v2 (Client 1112620458)
2025-10-23 16:00,2025-10-23,16,Copper,690.72,691.68,0.97,0.1397,-1.09,3150,78674,690,16.34,16.84,0.955,INR/kg,Dhan API v2 (Client 1112620458)
2025-10-23 17:00,2025-10-23,17,Copper,687.24,689.56,2.32,0.3377,1.35,6717,77768,690,16.14,16.64,0.9175,INR/kg,Dhan API v2 (Client 1112620458)
2025-10-23 18:00,2025-10-23,18,Copper,687.35,689.07,1.72,0.25,-0.6,2012,79761,690,16.43,16.93,0.9048,INR/kg,Dhan API v2 (Client 1112620458)
2025-10-23 19:00,2025-10-23,19,Copper,690.38,693.46,3.08,0.4466,1.36,9938,79452,690,15.75,16.25,0.9134,INR/kg,Dhan API v2 (Client 1112620458)
2025-10-23 20:00,2025-10-23,20,Copper,689.53,689.25,-0.28,-0.0406,-3.36,5352,80908,690,16.1,16.6,0.8713,INR/kg,Dhan API v2 (Client 1112620458)
2025-10-23 21:00,2025-10-23,21,Copper,697.16,697.79,0.63,0.091,0.91,9273,78795,700,17.08,17.58,0.9234,INR/kg,Dhan API v2 (Client 1112620458)
2025-10-23 22:00,2025-10-23,22,Copper,697.06,698.04,0.99,0.1415,0.36,1564,78769,700,15.76,16.26,0.9265,INR/kg,Dhan API v2 (Client 1112620458)
2025-10-23 23:00,2025-10-23,23,Copper,698.07,699.01,0.94,0.134,-0.05,2435,77510,700,16.31,16.81,0.926,INR/kg,Dhan API v2 (Client 1112620458)
2025-10-24 09:00,2025-10-24,9,Copper,696.57,697.99,1.42,0.2035,0.48,10648,80557,700,16.19,16.69,0.9252,INR/kg,Dhan API v2 (Client 1112620458)
2025-10-24 10:00,2025-10-24,10,Copper,695.24,696.07,0.83,0.1196,-0.59,4703,79451,700,16.28,16.78,0.9286,INR/kg,Dhan API v2 (Client 1112620458)
2025-10-24 11:00,2025-10-24,11,Copper,700.45,701.85,1.4,0.1999,0.57,5506,80831,700,16.37,16.87,0.933,INR/kg,Dhan API v2 (Client 1112620458)
2025-10-24 12:00,2025-10-24,12,Copper,704.17,704.73,0.56,0.0793,-0.84,13613,78252,700,16.12,16.62,0.9512,INR/kg,Dhan API v2 (Client 1112620458)
2025-10-24 13:00,2025-10-24,13,Copper,702.85,704.55,1.71,0.2427,1.15,10235,79319,700,16.45,16.95,0.9146,INR/kg,Dhan API v2 (Client 1112620458)
2025-10-24 14:00,2025-10-24,14,Copper,704.45,704.8,0.35,0.0503,-1.36,12009,78765,700,15.81,16.31,0.9277,INR/kg,Dhan API v2 (Client 1112620458)
2025-10-24 15:00,2025-10-24,15,Copper,703.0,703.54,0.55,0.0777,0.2,11879,78005,700,15.79,16.29,0.9184,INR/kg,Dhan API v2 (Client 1112620458)
2025-10-24 16:00,2025-10-24,16,Copper,705.83,705.57,-0.25,-0.0355,-0.8,9077,79385,710,16.11,16.61,0.9063,INR/kg,Dhan API v2 (Client 1112620458)
2025-10-24 17:00,2025-10-24,17,Copper,705.47,705.81,0.35,0.049,0.6,10105,79180,710,16.03,16.53,0.9223,INR/kg,Dhan API v2 (Client 1112620458)
2025-10-24 18:00,2025-10-24,18,Copper,703.53,703.59,0.06,0.0085,-0.29,2935,79669,700,15.88,16.38,0.9081,INR/kg,Dhan API v2 (Client 1112620458)
2025-10-24 19:00,2025-10-24,19,Copper,700.6,701.47,0.87,0.1244,0.81,10817,79505,700,16.55,17.05,0.9381,INR/kg,Dhan API v2 (Client 1112620458)
2025-10-24 20:00,2025-10-24,20,Copper,698.96,699.86,0.9,0.1282,0.03,13884,79328,700,16.37,16.87,0.9253,INR/kg,Dhan API v2 (Client 1112620458)
2025-10-24 21:00,2025-10-24,21,Copper,696.61,696.23,-0.39,-0.0556,-1.29,2517,80629,700,16.36,16.86,0.9318,INR/kg,Dhan API v2 (Client 1112620458)
2025-10-24 22:00,2025-10-24,22,Copper,693.57,695.39,1.82,0.2627,2.21,12151,78943,690,16.4,16.9,0.8971,INR/kg,Dhan API v2 (Client 1112620458)
2025-10-24 23:00,2025-10-24,23,Copper,693.23,695.45,2.22,0.3201,0.4,13829,78338,690,16.14,16.64,0.9064,INR/kg,Dhan API v2 (Client 1112620458)
2025-10-27 09:00,2025-10-27,9,Copper,697.89,699.59,1.7,0.2431,-0.52,10156,80434,700,16.43,16.93,0.9197,INR/kg,Dhan API v2 (Client 1112620458)
2025-10-27 10:00,2025-10-27,10,Copper,695.47,696.28,0.81,0.1163,-0.89,2605,78618,700,16.81,17.31,0.9056,INR/kg,Dhan API v2 (Client 1112620458)
2025-10-27 11:00,2025-10-27,11,Copper,697.05,696.53,-0.52,-0.0751,-1.33,14517,78105,700,16.14,16.64,0.9202,INR/kg,Dhan API v2 (Client 1112620458)
2025-10-27 12:00,2025-10-27,12,Copper,697.09,696.45,-0.64,-0.0921,-0.12,2512,79755,700,16.32,16.82,0.8801,INR/kg,Dhan API v2 (Client 1112620458)
2025-10-27 13:00,2025-10-27,13,Copper,699.23,700.73,1.5,0.2139,2.14,5247,78886,700,16.2,16.7,0.8962,INR/kg,Dhan API v2 (Client 1112620458)
2025-10-27 14:00,2025-10-27,14,Copper,698.92,699.74,0.82,0.1174,-0.68,8872,79461,700,16.6,17.1,0.9117,INR/kg,Dhan API v2 (Client 1112620458)
2025-10-27 15:00,2025-10-27,15,Copper,695.37,695.96,0.59,0.0848,-0.23,7078,78699,700,15.86,16.36,0.9,INR/kg,Dhan API v2 (Client 1112620458)
2025-10-27 16:00,2025-10-27,16,Copper,696.68,697.19,0.51,0.0728,-0.08,8408,80151,700,16.05,16.55,0.9343,INR/kg,Dhan API v2 (Client 1112620458)
2025-10-27 17:00,2025-10-27,17,Copper,698.83,698.43,-0.39,-0.0563,-0.9,8531,79537,700,15.95,16.45,0.8955,INR/kg,Dhan API v2 (Client 1112620458)
2025-10-27 18:00,2025-10-27,18,Copper,701.77,700.64,-1.13,-0.1613,-0.74,1747,79773,700,16.2,16.7,0.9389,INR/kg,Dhan API v2 (Client 1112620458)
2025-10-27 19:00,2025-10-27,19,Copper,701.9,700.83,-1.07,-0.1525,0.06,10790,78901,700,15.81,16.31,0.9012,INR/kg,Dhan API v2 (Client 1112620458)
2025-10-27 20:00,2025-10-27,20,Copper,701.09,700.09,-1.0,-0.1428,0.07,2637,80703,700,16.33,16.83,0.9502,INR/kg,Dhan API v2 (Client 1112620458)
2025-10-27 21:00,2025-10-27,21,Copper,703.02,702.23,-0.79,-0.1123,0.21,3345,81105,700,16.01,16.51,0.9323,INR/kg,Dhan API v2 (Client 1112620458)
2025-10-27 22:00,2025-10-27,22,Copper,703.42,706.03,2.6,0.3702,3.39,2624,79424,700,16.09,16.59,0.945,INR/kg,Dhan API v2 (Client 1112620458)
2025-10-27 23:00,2025-10-27,23,Copper,700.47,702.55,2.08,0.297,-0.52,5083,77964,700,16.2,16.7,0.9257,INR/kg,Dhan API v2 (Client 1112620458)
2025-10-28 09:00,2025-10-28,9,Copper,700.03,701.93,1.89,0.2703,-0.19,9302,79692,700,15.97,16.47,0.9226,INR/kg,Dhan API v2 (Client 1112620458)
2025-10-28 10:00,2025-10-28,10,Copper,702.2,704.8,2.59,0.3693,0.7,1942,78713,700,16.51,17.01,0.9122,INR/kg,Dhan API v2 (Client 1112620458)
2025-10-28 11:00,2025-10-28,11,Copper,697.16,699.11,1.95,0.2793,-0.64,7406,79175,700,16.17,16.67,0.9091,INR/kg,Dhan API v2 (Client 1112620458)
2025-10-28 12:00,2025-10-28,12,Copper,694.87,695.62,0.75,0.1083,-1.2,5549,78743,690,16.1,16.6,0.8947,INR/kg,Dhan API v2 (Client 1112620458)
2025-10-28 13:00,2025-10-28,13,Copper,694.08,695.78,1.7,0.2453,0.95,1591,79512,690,16.24,16.74,0.8802,INR/kg,Dhan API v2 (Client 1112620458)
2025-10-28 14:00,2025-10-28,14,Copper,692.8,693.18,0.38,0.0552,-1.32,2416,80675,690,16.12,16.62,0.9217,INR/kg,Dhan API v2 (Client 1112620458)
2025-10-28 15:00,2025-10-28,15,Copper,692.7,692.28,-0.42,-0.0604,-0.8,7108,79479,690,16.65,17.15,0.89,INR/kg,Dhan API v2 (Client 1112620458)
2025-10-28 16:00,2025-10-28,16,Copper,694.14,695.18,1.04,0.15,1.46,13449,80936,690,16.42,16.92,0.9144,INR/kg,Dhan API v2 (Client 1112620458)
2025-10-28 17:00,2025-10-28,17,Copper,692.37,692.38,0.01,0.0018,-1.03,14596,80575,690,16.05,16.55,0.9569,INR/kg,Dhan API v2 (Client 1112620458)
2025-10-28 18:00,2025-10-28,18,Copper,690.15,691.34,1.19,0.1731,1.18,1260,78788,690,16.03,16.53,0.9365,INR/kg,Dhan API v2 (Client 1112620458)
2025-10-28 19:00,2025-10-28,19,Copper,690.51,692.13,1.62,0.2342,0.43,1306,79398,690,16.87,17.37,0.91,INR/kg,Dhan API v2 (Client 1112620458)
2025-10-28 20:00,2025-10-28,20,Copper,687.38,688.18,0.8,0.1161,-0.82,3390,79836,690,16.38,16.88,0.8933,INR/kg,Dhan API v2 (Client 1112620458)
2025-10-28 21:00,2025-10-28,21,Copper,688.79,689.98,1.2,0.1737,0.4,10346,78929,690,16.27,16.77,0.9279,INR/kg,Dhan API v2 (Client 1112620458)
2025-10-28 22:00,2025-10-28,22,Copper,688.95,688.64,-0.31,-0.0443,-1.51,9136,79819,690,16.41,16.91,0.9346,INR/kg,Dhan API v2 (Client 1112620458)
2025-10-28 23:00,2025-10-28,23,Copper,688.42,689.13,0.71,0.1029,1.02,7931,79319,690,15.95,16.45,0.9519,INR/kg,Dhan API v2 (Client 1112620458)
2025-10-29 09:00,2025-10-29,9,Copper,690.06,692.04,1.99,0.2877,1.28,6027,78119,690,15.92,16.42,0.9337,INR/kg,Dhan API v2 (Client 1112620458)
2025-10-29 10:00,2025-10-29,10,Copper,688.41,689.1,0.69,0.1006,-1.3,1772,78611,690,16.4,16.9,0.9159,INR/kg,Dhan API v2 (Client 1112620458)
2025-10-29 11:00,2025-10-29,11,Copper,688.86,690.9,2.04,0.2963,1.35,7485,78986,690,16.51,17.01,0.9134,INR/kg,Dhan API v2 (Client 1112620458)
2025-10-29 12:00,2025-10-29,12,Copper,685.52,685.38,-0.14,-0.0204,-2.18,2330,78690,690,16.66,17.16,0.8763,INR/kg,Dhan API v2 (Client 1112620458)
2025-10-29 13:00,2025-10-29,13,Copper,685.27,686.02,0.75,0.1101,0.89,6508,80257,690,16.07,16.57,0.9067,INR/kg,Dhan API v2 (Client 1112620458)
2025-10-29 14:00,2025-10-29,14,Copper,689.17,690.21,1.04,0.1513,0.29,2129,79764,690,16.03,16.53,0.926,INR/kg,Dhan API v2 (Client 1112620458)
2025-10-29 15:00,2025-10-29,15,Copper,686.97,687.35,0.38,0.0556,-0.66,6544,80499,690,16.25,16.75,0.9079,INR/kg,Dhan API v2 (Client 1112620458)
2025-10-29 16:00,2025-10-29,16,Copper,685.1,684.06,-1.04,-0.1521,-1.42,9870,78727,690,15.87,16.37,0.9212,INR/kg,Dhan API v2 (Client 1112620458)
2025-10-29 17:00,2025-10-29,17,Copper,687.08,688.94,1.86,0.2702,2.9,6157,80721,690,16.33,16.83,0.9228,INR/kg,Dhan API v2 (Client 1112620458)
2025-10-29 18:00,2025-10-29,18,Copper,687.82,687.47,-0.35,-0.0514,-2.21,8919,79459,690,16.54,17.04,0.8998,INR/kg,Dhan API v2 (Client 1112620458)
2025-10-29 19:00,2025-10-29,19,Copper,692.56,692.19,-0.38,-0.0543,-0.03,2092,78989,690,15.62,16.12,0.9487,INR/kg,Dhan API v2 (Client 1112620458)
2025-10-29 20:00,2025-10-29,20,Copper,692.76,690.94,-1.82,-0.2633,-1.44,1521,79471,690,16.01,16.51,0.944,INR/kg,Dhan API v2 (Client 1112620458)
2025-10-29 21:00,2025-10-29,21,Copper,691.47,691.07,-0.4,-0.0584,1.42,7282,78054,690,15.81,16.31,0.8754,INR/kg,Dhan API v2 (Client 1112620458)
2025-10-29 22:00,2025-10-29,22,Copper,688.67,688.39,-0.28,-0.0405,0.12,12733,80272,690,16.41,16.91,0.8786,INR/kg,Dhan API v2 (Client 1112620458)
2025-10-29 23:00,2025-10-29,23,Copper,693.47,694.49,1.02,0.1467,1.3,9229,80407,690,16.43,16.93,0.8867,INR/kg,Dhan API v2 (Client 1112620458)
2025-10-30 09:00,2025-10-30,9,Copper,698.32,698.0,-0.31,-0.0448,-1.33,14116,79628,700,16.21,16.71,0.9574,INR/kg,Dhan API v2 (Client 1112620458)
2025-10-30 10:00,2025-10-30,10,Copper,697.78,697.19,-0.59,-0.0846,-0.28,10629,78659,700,16.14,16.64,0.8943,INR/kg,Dhan API v2 (Client 1112620458)
2025-10-30 11:00,2025-10-30,11,Copper,698.35,700.37,2.02,0.2896,2.61,7751,79051,700,16.65,17.15,0.9403,INR/kg,Dhan API v2 (Client 1112620458)
2025-10-30 12:00,2025-10-30,12,Copper,698.86,698.26,-0.6,-0.0856,-2.62,12815,79150,700,16.43,16.93,0.909,INR/kg,Dhan API v2 (Client 1112620458)
2025-10-30 13:00,2025-10-30,13,Copper,696.99,695.63,-1.37,-0.1959,-0.77,9959,78580,700,15.86,16.36,0.9405,INR/kg,Dhan API v2 (Client 1112620458)
2025-10-30 14:00,2025-10-30,14,Copper,695.62,696.48,0.86,0.1235,2.23,5491,80257,700,16.26,16.76,0.9218,INR/kg,Dhan API v2 (Client 1112620458)
2025-10-30 15:00,2025-10-30,15,Copper,693.57,693.31,-0.25,-0.0363,-1.11,2846,79330,690,16.64,17.14,0.8868,INR/kg,Dhan API v2 (Client 1112620458)
2025-10-30 16:00,2025-10-30,16,Copper,693.21,694.67,1.46,0.21,1.71,4227,80306,690,15.87,16.37,0.9245,INR/kg,Dhan API v2 (Client 1112620458)
2025-10-30 17:00,2025-10-30,17,Copper,691.78,691.97,0.19,0.0277,-1.27,5268,78977,690,16.24,16.74,0.9045,INR/kg,Dhan API v2 (Client 1112620458)
2025-10-30 18:00,2025-10-30,18,Copper,691.24,691.02,-0.21,-0.0309,-0.4,1967,80043,690,15.99,16.49,0.9004,INR/kg,Dhan API v2 (Client 1112620458)
2025-10-30 19:00,2025-10-30,19,Copper,689.07,689.45,0.38,0.055,0.59,13588,79141,690,15.55,16.05,0.9079,INR/kg,Dhan API v2 (Client 1112620458)
2025-10-30 20:00,2025-10-30,20,Copper,688.31,688.86,0.55,0.0802,0.17,10355,78660,690,16.19,16.69,0.9329,INR/kg,Dhan API v2 (Client 1112620458)
2025-10-30 21:00,2025-10-30,21,Copper,688.55,688.08,-0.47,-0.0687,-1.02,3722,79003,690,16.25,16.75,0.8706,INR/kg,Dhan API v2 (Client 1112620458)
2025-10-30 22:00,2025-10-30,22,Copper,685.99,685.45,-0.53,-0.0779,-0.06,2442,78099,690,15.86,16.36,0.9192,INR/kg,Dhan API v2 (Client 1112620458)
2025-10-30 23:00,2025-10-30,23,Copper,685.64,686.29,0.66,0.0956,1.19,5051,80085,690,15.62,16.12,0.9063,INR/kg,Dhan API v2 (Client 1112620458)
2025-10-31 09:00,2025-10-31,9,Copper,681.78,681.49,-0.28,-0.0414,-0.94,14289,78695,680,16.39,16.89,0.8838,INR/kg,Dhan API v2 (Client 1112620458)
2025-10-31 10:00,2025-10-31,10,Copper,683.36,685.47,2.11,0.3092,2.39,3834,79150,680,15.77,16.27,0.939,INR/kg,Dhan API v2 (Client 1112620458)
2025-10-31 11:00,2025-10-31,11,Copper,682.8,683.1,0.3,0.0441,-1.81,7903,80607,680,16.31,16.81,0.9437,INR/kg,Dhan API v2 (Client 1112620458)
2025-10-31 12:00,2025-10-31,12,Copper,682.55,683.1,0.55,0.0808,0.25,14266,78228,680,16.27,16.77,0.92,INR/kg,Dhan API v2 (Client 1112620458)
2025-10-31 13:00,2025-10-31,13,Copper,682.39,681.21,-1.17,-0.1719,-1.72,2847,78668,680,16.07,16.57,0.9093,INR/kg,Dhan API v2 (Client 1112620458)
2025-10-31 14:00,2025-10-31,14,Copper,684.5,685.49,0.99,0.1443,2.16,14512,78880,680,15.43,15.93,0.9073,INR/kg,Dhan API v2 (Client 1112620458)
2025-10-31 15:00,2025-10-31,15,Copper,686.68,687.65,0.97,0.141,-0.02,11991,79566,690,16.17,16.67,0.9077,INR/kg,Dhan API v2 (Client 1112620458)
2025-10-31 16:00,2025-10-31,16,Copper,685.65,686.22,0.57,0.0832,-0.4,7707,80099,690,16.31,16.81,0.8865,INR/kg,Dhan API v2 (Client 1112620458)
2025-10-31 17:00,2025-10-31,17,Copper,690.6,691.39,0.79,0.1144,0.22,14412,78808,690,16.19,16.69,0.895,INR/kg,Dhan API v2 (Client 1112620458)
2025-10-31 18:00,2025-10-31,18,Copper,688.79,690.79,2.01,0.2914,1.22,9154,79931,690,16.25,16.75,0.8975,INR/kg,Dhan API v2 (Client 1112620458)
2025-10-31 19:00,2025-10-31,19,Copper,686.21,685.47,-0.75,-0.1086,-2.76,13897,80246,690,15.87,16.37,0.9632,INR/kg,Dhan API v2 (Client 1112620458)
2025-10-31 20:00,2025-10-31,20,Copper,689.99,689.52,-0.47,-0.0686,0.28,14483,80406,690,16.12,16.62,0.9217,INR/kg,Dhan API v2 (Client 1112620458)
2025-10-31 21:00,2025-10-31,21,Copper,687.68,687.73,0.04,0.0061,0.51,7348,78547,690,16.12,16.62,0.8988,INR/kg,Dhan API v2 (Client 1112620458)
2025-10-31 22:00,2025-10-31,22,Copper,686.96,685.84,-1.11,-0.1616,-1.15,11598,79007,690,16.25,16.75,0.8937,INR/kg,Dhan API v2 (Client 1112620458)
2025-10-31 23:00,2025-10-31,23,Copper,689.76,688.98,-0.78,-0.1125,0.33,4598,79345,690,16.42,16.92,0.9123,INR/kg,Dhan API v2 (Client 1112620458)
2025-11-03 09:00,2025-11-03,9,Copper,687.7,689.51,1.81,0.2637,2.59,13320,80933,690,15.78,16.28,0.8967,INR/kg,Dhan API v2 (Client 1112620458)
2025-11-03 10:00,2025-11-03,10,Copper,689.21,688.66,-0.54,-0.0789,-2.35,10498,77951,690,16.62,17.12,0.9015,INR/kg,Dhan API v2 (Client 1112620458)
2025-11-03 11:00,2025-11-03,11,Copper,690.75,690.41,-0.34,-0.0491,0.2,9456,79463,690,16.05,16.55,0.9265,INR/kg,Dhan API v2 (Client 1112620458)
2025-11-03 12:00,2025-11-03,12,Copper,691.09,692.05,0.96,0.1388,1.3,3252,81304,690,15.61,16.11,0.9098,INR/kg,Dhan API v2 (Client 1112620458)
2025-11-03 13:00,2025-11-03,13,Copper,690.49,689.59,-0.9,-0.1305,-1.86,11725,79637,690,16.15,16.65,0.8839,INR/kg,Dhan API v2 (Client 1112620458)
2025-11-03 14:00,2025-11-03,14,Copper,687.85,685.56,-2.29,-0.3333,-1.39,13686,79415,690,15.52,16.02,0.915,INR/kg,Dhan API v2 (Client 1112620458)
2025-11-03 15:00,2025-11-03,15,Copper,684.62,683.93,-0.69,-0.1015,1.6,3580,80087,680,16.69,17.19,0.9115,INR/kg,Dhan API v2 (Client 1112620458)
2025-11-03 16:00,2025-11-03,16,Copper,687.19,686.61,-0.57,-0.0835,0.12,5367,78175,690,16.28,16.78,0.9437,INR/kg,Dhan API v2 (Client 1112620458)
2025-11-03 17:00,2025-11-03,17,Copper,687.35,686.57,-0.78,-0.1131,-0.21,13986,78284,690,16.65,17.15,0.9656,INR/kg,Dhan API v2 (Client 1112620458)
2025-11-03 18:00,2025-11-03,18,Copper,685.01,684.05,-0.96,-0.1405,-0.18,13232,79698,690,16.42,16.92,0.8534,INR/kg,Dhan API v2 (Client 1112620458)
2025-11-03 19:00,2025-11-03,19,Copper,683.23,683.37,0.14,0.0204,1.1,8014,79649,680,15.38,15.88,0.8853,INR/kg,Dhan API v2 (Client 1112620458)
2025-11-03 20:00,2025-11-03,20,Copper,686.27,686.91,0.64,0.0933,0.5,5112,80482,690,16.35,16.85,0.9196,INR/kg,Dhan API v2 (Client 1112620458)
2025-11-03 21:00,2025-11-03,21,Copper,689.11,688.33,-0.78,-0.1129,-1.42,4313,79087,690,15.86,16.36,0.9255,INR/kg,Dhan API v2 (Client 1112620458)
2025-11-03 22:00,2025-11-03,22,Copper,685.22,686.52,1.3,0.19,2.08,11385,77159,690,15.49,15.99,0.9175,INR/kg,Dhan API v2 (Client 1112620458)
2025-11-03 23:00,2025-11-03,23,Copper,685.21,686.26,1.05,0.1525,-0.25,7196,80476,690,15.82,16.32,0.9282,INR/kg,Dhan API v2 (Client 1112620458)
2025-11-04 09:00,2025-11-04,9,Copper,686.79,688.15,1.37,0.199,0.32,10329,79557,690,16.31,16.81,0.9391,INR/kg,Dhan API v2 (Client 1112620458)
2025-11-04 10:00,2025-11-04,10,Copper,686.88,687.44,0.55,0.0804,-0.82,13693,79612,690,16.33,16.83,0.9311,INR/kg,Dhan API v2 (Client 1112620458)
2025-11-04 11:00,2025-11-04,11,Copper,682.19,681.7,-0.49,-0.072,-1.04,11198,79556,680,16.05,16.55,0.9401,INR/kg,Dhan API v2 (Client 1112620458)
2025-11-04 12:00,2025-11-04,12,Copper,686.18,685.55,-0.62,-0.091,-0.13,6027,79204,690,16.1,16.6,0.9075,INR/kg,Dhan API v2 (Client 1112620458)
2025-11-04 13:00,2025-11-04,13,Copper,688.25,687.49,-0.76,-0.1098,-0.14,13016,80659,690,16.41,16.91,0.9417,INR/kg,Dhan API v2 (Client 1112620458)
2025-11-04 14:00,2025-11-04,14,Copper,688.26,689.73,1.47,0.2136,2.23,6735,80066,690,16.62,17.12,0.9185,INR/kg,Dhan API v2 (Client 1112620458)
2025-11-04 15:00,2025-11-04,15,Copper,689.33,690.82,1.48,0.2149,0.01,1615,80324,690,16.53,17.03,0.9065,INR/kg,Dhan API v2 (Client 1112620458)
2025-11-04 16:00,2025-11-04,16,Copper,691.27,689.83,-1.43,-0.2071,-2.91,12680,79655,690,15.83,16.33,0.9451,INR/kg,Dhan API v2 (Client 1112620458)
2025-11-04 17:00,2025-11-04,17,Copper,694.94,695.13,0.19,0.0273,1.62,14794,78514,690,16.3,16.8,0.9638,INR/kg,Dhan API v2 (Client 1112620458)
2025-11-04 18:00,2025-11-04,18,Copper,694.98,695.82,0.84,0.1205,0.65,12229,80202,690,16.36,16.86,0.9443,INR/kg,Dhan API v2 (Client 1112620458)
2025-11-04 19:00,2025-11-04,19,Copper,692.36,691.36,-0.99,-0.1436,-1.83,11460,80622,690,16.46,16.96,0.9501,INR/kg,Dhan API v2 (Client 1112620458)
2025-11-04 20:00,2025-11-04,20,Copper,691.37,689.95,-1.42,-0.2054,-0.43,11643,80587,690,16.23,16.73,0.9267,INR/kg,Dhan API v2 (Client 1112620458)
2025-11-04 21:00,2025-11-04,21,Copper,689.81,690.33,0.52,0.0748,1.94,5743,80110,690,16.17,16.67,0.8992,INR/kg,Dhan API v2 (Client 1112620458)
2025-11-04 22:00,2025-11-04,22,Copper,692.59,692.8,0.21,0.0303,-0.31,7696,80286,690,15.77,16.27,0.8909,INR/kg,Dhan API v2 (Client 1112620458)
2025-11-04 23:00,2025-11-04,23,Copper,692.54,694.89,2.36,0.3405,2.15,7365,79619,690,16.12,16.62,0.896,INR/kg,Dhan API v2 (Client 1112620458)
2025-11-05 09:00,2025-11-05,9,Copper,694.33,693.72,-0.61,-0.0881,-2.97,11589,79369,690,16.56,17.06,0.9455,INR/kg,Dhan API v2 (Client 1112620458)
2025-11-05 10:00,2025-11-05,10,Copper,692.7,691.94,-0.76,-0.11,-0.15,7102,79009,690,16.85,17.35,0.9234,INR/kg,Dhan API v2 (Client 1112620458)
2025-11-05 11:00,2025-11-05,11,Copper,694.3,696.04,1.75,0.2519,2.51,5006,79927,690,16.15,16.65,0.9649,INR/kg,Dhan API v2 (Client 1112620458)
2025-11-05 12:00,2025-11-05,12,Copper,691.37,690.31,-1.05,-0.152,-2.8,6307,79421,690,15.73,16.23,0.8911,INR/kg,Dhan API v2 (Client 1112620458)
2025-11-05 13:00,2025-11-05,13,Copper,689.78,688.65,-1.13,-0.1644,-0.08,11628,80533,690,16.55,17.05,0.9259,INR/kg,Dhan API v2 (Client 1112620458)
2025-11-05 14:00,2025-11-05,14,Copper,688.12,687.69,-0.43,-0.063,0.7,12789,79969,690,16.42,16.92,0.9011,INR/kg,Dhan API v2 (Client 1112620458)
2025-11-05 15:00,2025-11-05,15,Copper,687.91,684.98,-2.93,-0.4265,-2.5,4262,78393,690,16.14,16.64,0.9091,INR/kg,Dhan API v2 (Client 1112620458)
2025-11-05 16:00,2025-11-05,16,Copper,690.51,691.11,0.6,0.0872,3.53,14228,79779,690,16.51,17.01,0.9071,INR/kg,Dhan API v2 (Client 1112620458)
2025-11-05 17:00,2025-11-05,17,Copper,689.98,688.69,-1.29,-0.1874,-1.89,2726,80103,690,16.09,16.59,0.9406,INR/kg,Dhan API v2 (Client 1112620458)
2025-11-05 18:00,2025-11-05,18,Copper,692.98,690.39,-2.59,-0.3738,-1.3,10505,81542,690,16.47,16.97,0.9468,INR/kg,Dhan API v2 (Client 1112620458)
2025-11-05 19:00,2025-11-05,19,Copper,691.43,690.79,-0.64,-0.0919,1.95,10966,77727,690,16.55,17.05,0.9122,INR/kg,Dhan API v2 (Client 1112620458)
2025-11-05 20:00,2025-11-05,20,Copper,692.0,692.3,0.3,0.0434,0.94,7909,80622,690,16.56,17.06,0.93,INR/kg,Dhan API v2 (Client 1112620458)
2025-11-05 21:00,2025-11-05,21,Copper,692.93,693.21,0.29,0.0414,-0.01,1432,78909,690,16.22,16.72,0.9441,INR/kg,Dhan API v2 (Client 1112620458)
2025-11-05 22:00,2025-11-05,22,Copper,693.38,691.27,-2.11,-0.3039,-2.4,1077,79603,690,16.25,16.75,0.9618,INR/kg,Dhan API v2 (Client 1112620458)
2025-11-05 23:00,2025-11-05,23,Copper,692.93,692.88,-0.05,-0.0069,2.06,14542,79644,690,15.91,16.41,0.9322,INR/kg,Dhan API v2 (Client 1112620458)
2025-11-06 09:00,2025-11-06,9,Copper,691.21,695.23,4.02,0.5816,4.07,1126,77334,690,16.3,16.8,0.9241,INR/kg,Dhan API v2 (Client 1112620458)
2025-11-06 10:00,2025-11-06,10,Copper,689.61,692.24,2.63,0.3821,-1.39,8728,79645,690,16.23,16.73,0.924,INR/kg,Dhan API v2 (Client 1112620458)
2025-11-06 11:00,2025-11-06,11,Copper,688.44,690.84,2.4,0.3489,-0.23,14905,80649,690,16.06,16.56,0.9473,INR/kg,Dhan API v2 (Client 1112620458)
2025-11-06 12:00,2025-11-06,12,Copper,688.05,690.62,2.56,0.3727,0.16,3835,79294,690,16.43,16.93,0.8943,INR/kg,Dhan API v2 (Client 1112620458)
2025-11-06 13:00,2025-11-06,13,Copper,689.1,692.14,3.04,0.4412,0.48,7050,80432,690,16.19,16.69,0.9271,INR/kg,Dhan API v2 (Client 1112620458)
2025-11-06 14:00,2025-11-06,14,Copper,687.67,691.06,3.39,0.493,0.35,6651,78328,690,16.49,16.99,0.9094,INR/kg,Dhan API v2 (Client 1112620458)
2025-11-06 15:00,2025-11-06,15,Copper,686.04,689.23,3.19,0.4645,-0.2,3333,81127,690,16.54,17.04,0.8881,INR/kg,Dhan API v2 (Client 1112620458)
2025-11-06 16:00,2025-11-06,16,Copper,684.5,686.99,2.49,0.3637,-0.7,7644,80359,680,15.82,16.32,0.9074,INR/kg,Dhan API v2 (Client 1112620458)
2025-11-06 17:00,2025-11-06,17,Copper,682.51,687.32,4.81,0.7054,2.32,5422,80101,680,15.78,16.28,0.8998,INR/kg,Dhan API v2 (Client 1112620458)
2025-11-06 18:00,2025-11-06,18,Copper,682.2,683.97,1.76,0.2586,-3.05,14976,79420,680,16.73,17.23,0.9181,INR/kg,Dhan API v2 (Client 1112620458)
2025-11-06 19:00,2025-11-06,19,Copper,682.99,687.13,4.14,0.6058,2.38,1875,81433,680,16.71,17.21,0.9205,INR/kg,Dhan API v2 (Client 1112620458)
2025-11-06 20:00,2025-11-06,20,Copper,683.76,688.1,4.34,0.6354,0.2,11300,81172,680,16.18,16.68,0.9409,INR/kg,Dhan API v2 (Client 1112620458)
2025-11-06 21:00,2025-11-06,21,Copper,681.79,684.95,3.16,0.4638,-1.18,6710,79637,680,16.74,17.24,0.9105,INR/kg,Dhan API v2 (Client 1112620458)
2025-11-06 22:00,2025-11-06,22,Copper,682.25,685.73,3.48,0.5101,0.32,12510,80859,680,16.01,16.51,0.9657,INR/kg,Dhan API v2 (Client 1112620458)
2025-11-06 23:00,2025-11-06,23,Copper,684.65,688.61,3.96,0.5789,0.48,10273,78704,680,16.5,17.0,0.8971,INR/kg,Dhan API v2 (Client 1112620458)
2025-11-07 09:00,2025-11-07,9,Copper,682.98,685.55,2.57,0.3764,-1.39,13895,80688,680,16.42,16.92,0.9569,INR/kg,Dhan API v2 (Client 1112620458)
2025-11-07 10:00,2025-11-07,10,Copper,685.06,687.26,2.21,0.3222,-0.36,11020,79354,690,16.25,16.75,0.8961,INR/kg,Dhan API v2 (Client 1112620458)
2025-11-07 11:00,2025-11-07,11,Copper,682.35,685.43,3.08,0.4519,0.87,10336,79343,680,15.83,16.33,0.9138,INR/kg,Dhan API v2 (Client 1112620458)
2025-11-07 12:00,2025-11-07,12,Copper,686.21,688.62,2.41,0.3507,-0.67,5989,79745,690,15.49,15.99,0.8999,INR/kg,Dhan API v2 (Client 1112620458)
2025-11-07 13:00,2025-11-07,13,Copper,685.81,688.81,3.0,0.4375,0.59,3560,81052,690,15.98,16.48,0.9299,INR/kg,Dhan API v2 (Client 1112620458)
2025-11-07 14:00,2025-11-07,14,Copper,685.14,688.83,3.68,0.5372,0.68,10933,79004,690,15.75,16.25,0.9455,INR/kg,Dhan API v2 (Client 1112620458)
2025-11-07 15:00,2025-11-07,15,Copper,685.06,687.64,2.59,0.3779,-1.09,6861,78224,690,16.34,16.84,0.9356,INR/kg,Dhan API v2 (Client 1112620458)
2025-11-07 16:00,2025-11-07,16,Copper,684.76,688.87,4.11,0.6001,1.52,3639,80759,680,16.32,16.82,0.882,INR/kg,Dhan API v2 (Client 1112620458)
2025-11-07 17:00,2025-11-07,17,Copper,686.32,688.0,1.68,0.2448,-2.43,14293,79435,690,15.74,16.24,0.8668,INR/kg,Dhan API v2 (Client 1112620458)
2025-11-07 18:00,2025-11-07,18,Copper,687.46,689.16,1.7,0.2469,0.02,8355,80075,690,16.49,16.99,0.9193,INR/kg,Dhan API v2 (Client 1112620458)
2025-11-07 19:00,2025-11-07,19,Copper,690.12,693.57,3.45,0.5003,1.75,4792,79836,690,16.28,16.78,0.9013,INR/kg,Dhan API v2 (Client 1112620458)
2025-11-07 20:00,2025-11-07,20,Copper,691.13,694.96,3.83,0.5537,0.38,11720,79977,690,16.43,16.93,0.9115,INR/kg,Dhan API v2 (Client 1112620458)
2025-11-07 21:00,2025-11-07,21,Copper,691.49,694.79,3.3,0.4771,-0.53,903,80061,690,16.93,17.43,0.9521,INR/kg,Dhan API v2 (Client 1112620458)
2025-11-07 22:00,2025-11-07,22,Copper,689.21,690.72,1.51,0.2193,-1.79,5252,80996,690,16.72,17.22,0.908,INR/kg,Dhan API v2 (Client 1112620458)
2025-11-07 23:00,2025-11-07,23,Copper,690.09,693.17,3.08,0.4463,1.57,9418,79178,690,15.51,16.01,0.8933,INR/kg,Dhan API v2 (Client 1112620458)
2025-11-10 09:00,2025-11-10,9,Copper,692.2,695.57,3.37,0.4875,0.29,10026,79871,690,16.4,16.9,0.9115,INR/kg,Dhan API v2 (Client 1112620458)
2025-11-10 10:00,2025-11-10,10,Copper,692.21,695.12,2.91,0.4204,-0.46,13976,79060,690,15.85,16.35,0.9205,INR/kg,Dhan API v2 (Client 1112620458)
2025-11-10 11:00,2025-11-10,11,Copper,694.0,696.6,2.6,0.3749,-0.31,7404,79533,690,15.75,16.25,0.9496,INR/kg,Dhan API v2 (Client 1112620458)
2025-11-10 12:00,2025-11-10,12,Copper,693.35,697.08,3.73,0.5386,1.13,6500,80504,690,15.85,16.35,0.9571,INR/kg,Dhan API v2 (Client 1112620458)
2025-11-10 13:00,2025-11-10,13,Copper,694.31,697.33,3.03,0.4358,-0.7,7258,80206,690,16.26,16.76,0.8685,INR/kg,Dhan API v2 (Client 1112620458)
2025-11-10 14:00,2025-11-10,14,Copper,691.82,695.3,3.48,0.5028,0.45,9851,78016,690,16.66,17.16,0.8847,INR/kg,Dhan API v2 (Client 1112620458)
2025-11-10 15:00,2025-11-10,15,Copper,689.67,693.55,3.88,0.5631,0.4,13748,79490,690,16.59,17.09,0.9147,INR/kg,Dhan API v2 (Client 1112620458)
2025-11-10 16:00,2025-11-10,16,Copper,689.5,692.63,3.14,0.4549,-0.74,2767,79102,690,16.54,17.04,0.9167,INR/kg,Dhan API v2 (Client 1112620458)
2025-11-10 17:00,2025-11-10,17,Copper,686.22,689.42,3.19,0.465,0.05,13030,78331,690,15.76,16.26,0.9063,INR/kg,Dhan API v2 (Client 1112620458)
2025-11-10 18:00,2025-11-10,18,Copper,689.25,691.79,2.54,0.3687,-0.65,11150,79201,690,16.08,16.58,0.9096,INR/kg,Dhan API v2 (Client 1112620458)
2025-11-10 19:00,2025-11-10,19,Copper,690.76,692.77,2.01,0.2912,-0.53,5601,80365,690,16.44,16.94,0.9162,INR/kg,Dhan API v2 (Client 1112620458)
2025-11-10 20:00,2025-11-10,20,Copper,690.78,693.16,2.38,0.3446,0.37,2521,80100,690,16.07,16.57,0.9269,INR/kg,Dhan API v2 (Client 1112620458)
2025-11-10 21:00,2025-11-10,21,Copper,692.5,695.22,2.72,0.3929,0.34,4316,81094,690,16.03,16.53,0.8848,INR/kg,Dhan API v2 (Client 1112620458)
2025-11-10 22:00,2025-11-10,22,Copper,691.21,695.02,3.81,0.5512,1.09,12986,80140,690,16.54,17.04,0.9014,INR/kg,Dhan API v2 (Client 1112620458)
2025-11-10 23:00,2025-11-10,23,Copper,691.94,696.0,4.06,0.5868,0.25,10790,81596,690,16.53,17.03,0.9339,INR/kg,Dhan API v2 (Client 1112620458)
2025-11-11 09:00,2025-11-11,9,Copper,692.12,694.89,2.77,0.4002,-1.29,1961,78693,690,16.7,17.2,0.9071,INR/kg,Dhan API v2 (Client 1112620458)
2025-11-11 10:00,2025-11-11,10,Copper,689.65,693.51,3.85,0.559,1.08,11841,79683,690,16.69,17.19,0.9234,INR/kg,Dhan API v2 (Client 1112620458)
2025-11-11 11:00,2025-11-11,11,Copper,689.66,692.6,2.94,0.427,-0.91,9509,78922,690,16.09,16.59,0.9075,INR/kg,Dhan API v2 (Client 1112620458)
2025-11-11 12:00,2025-11-11,12,Copper,689.51,693.11,3.6,0.5217,0.66,11254,79383,690,16.58,17.08,0.9389,INR/kg,Dhan API v2 (Client 1112620458)
2025-11-11 13:00,2025-11-11,13,Copper,689.12,691.06,1.95,0.2824,-1.65,2336,80554,690,16.37,16.87,0.9442,INR/kg,Dhan API v2 (Client 1112620458)
2025-11-11 14:00,2025-11-11,14,Copper,688.59,690.83,2.24,0.325,0.29,632,78085,690,15.94,16.44,0.9278,INR/kg,Dhan API v2 (Client 1112620458)
2025-11-11 15:00,2025-11-11,15,Copper,688.84,692.37,3.53,0.5131,1.29,7267,76939,690,16.55,17.05,0.9114,INR/kg,Dhan API v2 (Client 1112620458)
2025-11-11 16:00,2025-11-11,16,Copper,690.4,693.44,3.04,0.4398,-0.49,6091,77749,690,16.02,16.52,0.9057,INR/kg,Dhan API v2 (Client 1112620458)
2025-11-11 17:00,2025-11-11,17,Copper,689.47,692.57,3.1,0.4502,0.06,13218,79912,690,16.1,16.6,0.9363,INR/kg,Dhan API v2 (Client 1112620458)
2025-11-11 18:00,2025-11-11,18,Copper,691.58,694.32,2.74,0.3965,-0.36,2824,79336,690,16.1,16.6,0.9314,INR/kg,Dhan API v2 (Client 1112620458)
2025-11-11 19:00,2025-11-11,19,Copper,693.21,696.2,2.99,0.4306,0.25,3795,79339,690,15.72,16.22,0.9231,INR/kg,Dhan API v2 (Client 1112620458)
2025-11-11 20:00,2025-11-11,20,Copper,695.09,697.59,2.5,0.36,-0.49,9147,80452,700,16.02,16.52,0.9073,INR/kg,Dhan API v2 (Client 1112620458)
2025-11-11 21:00,2025-11-11,21,Copper,692.05,693.52,1.47,0.2123,-1.03,6964,79060,690,15.7,16.2,0.8967,INR/kg,Dhan API v2 (Client 1112620458)
2025-11-11 22:00,2025-11-11,22,Copper,694.21,696.33,2.12,0.3059,0.65,4433,79493,690,15.67,16.17,0.9282,INR/kg,Dhan API v2 (Client 1112620458)
2025-11-11 23:00,2025-11-11,23,Copper,698.44,701.37,2.93,0.4198,0.81,3473,78827,700,16.33,16.83,0.9136,INR/kg,Dhan API v2 (Client 1112620458)
2025-11-12 09:00,2025-11-12,9,Copper,698.56,699.73,1.18,0.1683,-1.75,12431,77555,700,16.18,16.68,0.9057,INR/kg,Dhan API v2 (Client 1112620458)
2025-11-12 10:00,2025-11-12,10,Copper,698.12,699.5,1.38,0.1979,0.2,10012,78405,700,16.65,17.15,0.8893,INR/kg,Dhan API v2 (Client 1112620458)
2025-11-12 11:00,2025-11-12,11,Copper,699.32,702.31,2.99,0.4272,1.61,14825,78860,700,15.95,16.45,0.8984,INR/kg,Dhan API v2 (Client 1112620458)
2025-11-12 12:00,2025-11-12,12,Copper,699.12,701.93,2.81,0.4015,-0.18,4472,80277,700,15.98,16.48,0.9475,INR/kg,Dhan API v2 (Client 1112620458)
2025-11-12 13:00,2025-11-12,13,Copper,699.22,702.23,3.01,0.4308,0.2,5299,80266,700,16.02,16.52,0.8714,INR/kg,Dhan API v2 (Client 1112620458)
2025-11-12 14:00,2025-11-12,14,Copper,695.67,698.89,3.22,0.4622,0.21,3701,79180,700,16.04,16.54,0.8856,INR/kg,Dhan API v2 (Client 1112620458)
2025-11-12 15:00,2025-11-12,15,Copper,697.52,701.66,4.13,0.5924,0.91,12850,79752,700,16.19,16.69,0.8959,INR/kg,Dhan API v2 (Client 1112620458)
2025-11-12 16:00,2025-11-12,16,Copper,695.57,699.14,3.57,0.5129,-0.56,13254,79522,700,16.42,16.92,0.9062,INR/kg,Dhan API v2 (Client 1112620458)
2025-11-12 17:00,2025-11-12,17,Copper,696.49,698.68,2.19,0.3143,-1.38,8023,80110,700,16.22,16.72,0.9514,INR/kg,Dhan API v2 (Client 1112620458)
2025-11-12 18:00,2025-11-12,18,Copper,701.44,704.42,2.98,0.4244,0.79,980,80325,700,16.27,16.77,0.9332,INR/kg,Dhan API v2 (Client 1112620458)
2025-11-12 19:00,2025-11-12,19,Copper,702.53,706.11,3.58,0.51,0.6,10379,79838,700,15.88,16.38,0.8953,INR/kg,Dhan API v2 (Client 1112620458)
2025-11-12 20:00,2025-11-12,20,Copper,703.43,705.89,2.47,0.3505,-1.11,7160,80930,700,15.95,16.45,0.9257,INR/kg,Dhan API v2 (Client 1112620458)
2025-11-12 21:00,2025-11-12,21,Copper,703.92,706.21,2.29,0.3253,-0.18,2689,80136,700,16.08,16.58,0.9241,INR/kg,Dhan API v2 (Client 1112620458)
2025-11-12 22:00,2025-11-12,22,Copper,704.48,707.75,3.27,0.4644,0.98,14582,79745,700,16.62,17.12,0.9044,INR/kg,Dhan API v2 (Client 1112620458)
2025-11-12 23:00,2025-11-12,23,Copper,702.0,704.8,2.79,0.3975,-0.48,12237,78858,700,16.32,16.82,0.9037,INR/kg,Dhan API v2 (Client 1112620458)
2025-11-13 09:00,2025-11-13,9,Copper,701.72,705.23,3.51,0.5002,0.72,2900,80052,700,15.98,16.48,0.92,INR/kg,Dhan API v2 (Client 1112620458)
2025-11-13 10:00,2025-11-13,10,Copper,701.02,702.78,1.76,0.2507,-1.75,1369,80579,700,15.84,16.34,0.89,INR/kg,Dhan API v2 (Client 1112620458)
2025-11-13 11:00,2025-11-13,11,Copper,698.48,700.63,2.14,0.3069,0.38,952,79223,700,16.11,16.61,0.9128,INR/kg,Dhan API v2 (Client 1112620458)
2025-11-13 12:00,2025-11-13,12,Copper,695.2,698.56,3.36,0.484,1.22,2163,78339,700,15.94,16.44,0.9431,INR/kg,Dhan API v2 (Client 1112620458)
2025-11-13 13:00,2025-11-13,13,Copper,694.45,696.92,2.47,0.3554,-0.89,11704,78398,690,15.96,16.46,0.9079,INR/kg,Dhan API v2 (Client 1112620458)
2025-11-13 14:00,2025-11-13,14,Copper,693.51,695.43,1.92,0.2774,-0.55,712,78746,690,16.1,16.6,0.9588,INR/kg,Dhan API v2 (Client 1112620458)
2025-11-13 15:00,2025-11-13,15,Copper,693.83,695.07,1.24,0.1785,-0.68,7754,79738,690,16.43,16.93,0.9517,INR/kg,Dhan API v2 (Client 1112620458)
2025-11-13 16:00,2025-11-13,16,Copper,694.95,696.02,1.07,0.1536,-0.17,13329,80061,690,16.69,17.19,0.9232,INR/kg,Dhan API v2 (Client 1112620458)
2025-11-13 17:00,2025-11-13,17,Copper,693.21,696.2,2.99,0.4313,1.92,13304,78150,690,16.63,17.13,0.846,INR/kg,Dhan API v2 (Client 1112620458)
2025-11-13 18:00,2025-11-13,18,Copper,697.67,698.74,1.07,0.1528,-1.92,5735,79008,700,16.12,16.62,0.936,INR/kg,Dhan API v2 (Client 1112620458)
2025-11-13 19:00,2025-11-13,19,Copper,697.03,701.2,4.17,0.5984,3.1,5997,81113,700,15.99,16.49,0.8926,INR/kg,Dhan API v2 (Client 1112620458)
2025-11-13 20:00,2025-11-13,20,Copper,695.95,698.82,2.87,0.4126,-1.3,2086,78525,700,16.79,17.29,0.9248,INR/kg,Dhan API v2 (Client 1112620458)
2025-11-13 21:00,2025-11-13,21,Copper,692.66,695.63,2.98,0.4296,0.11,3373,80722,690,15.71,16.21,0.9119,INR/kg,Dhan API v2 (Client 1112620458)
2025-11-13 22:00,2025-11-13,22,Copper,691.17,694.15,2.98,0.4315,0.0,13758,79289,690,15.98,16.48,0.9093,INR/kg,Dhan API v2 (Client 1112620458)
2025-11-13 23:00,2025-11-13,23,Copper,692.65,693.0,0.34,0.0495,-2.64,7572,78723,690,16.1,16.6,0.9102,INR/kg,Dhan API v2 (Client 1112620458)
2025-11-14 09:00,2025-11-14,9,Copper,692.34,694.01,1.68,0.242,1.34,6893,79637,690,15.98,16.48,0.921,INR/kg,Dhan API v2 (Client 1112620458)
2025-11-14 10:00,2025-11-14,10,Copper,691.89,695.68,3.79,0.5482,2.11,8240,78368,690,15.85,16.35,0.8789,INR/kg,Dhan API v2 (Client 1112620458)
2025-11-14 11:00,2025-11-14,11,Copper,691.11,692.53,1.42,0.206,-2.37,12371,80417,690,16.15,16.65,0.9358,INR/kg,Dhan API v2 (Client 1112620458)
2025-11-14 12:00,2025-11-14,12,Copper,693.3,695.3,2.0,0.2882,0.58,1649,79639,690,16.52,17.02,0.9309,INR/kg,Dhan API v2 (Client 1112620458)
2025-11-14 13:00,2025-11-14,13,Copper,693.54,696.91,3.38,0.4868,1.38,13388,78031,690,16.57,17.07,0.9322,INR/kg,Dhan API v2 (Client 1112620458)
2025-11-14 14:00,2025-11-14,14,Copper,691.26,693.89,2.62,0.3797,-0.76,9140,78907,690,16.16,16.66,0.9076,INR/kg,Dhan API v2 (Client 1112620458)
2025-11-14 15:00,2025-11-14,15,Copper,692.14,694.63,2.49,0.3599,-0.13,6391,78411,690,16.37,16.87,0.9026,INR/kg,Dhan API v2 (Client 1112620458)
2025-11-14 16:00,2025-11-14,16,Copper,688.03,689.18,1.16,0.1681,-1.33,7120,78682,690,16.29,16.79,0.9194,INR/kg,Dhan API v2 (Client 1112620458)
2025-11-14 17:00,2025-11-14,17,Copper,686.77,687.84,1.07,0.1557,-0.09,9541,79450,690,16.51,17.01,0.9429,INR/kg,Dhan API v2 (Client 1112620458)
2025-11-14 18:00,2025-11-14,18,Copper,690.44,692.72,2.28,0.3296,1.21,12615,79699,690,15.87,16.37,0.928,INR/kg,Dhan API v2 (Client 1112620458)
2025-11-14 19:00,2025-11-14,19,Copper,688.23,692.48,4.25,0.6178,1.97,10025,80538,690,16.02,16.52,0.9255,INR/kg,Dhan API v2 (Client 1112620458)
2025-11-14 20:00,2025-11-14,20,Copper,687.61,690.26,2.64,0.3843,-1.61,9659,80605,690,16.87,17.37,0.8859,INR/kg,Dhan API v2 (Client 1112620458)
2025-11-14 21:00,2025-11-14,21,Copper,687.13,690.44,3.3,0.4804,0.66,7208,78165,690,15.86,16.36,0.9119,INR/kg,Dhan API v2 (Client 1112620458)
2025-11-14 22:00,2025-11-14,22,Copper,686.2,689.29,3.09,0.4501,-0.21,13785,79183,690,16.22,16.72,0.9402,INR/kg,Dhan API v2 (Client 1112620458)
2025-11-14 23:00,2025-11-14,23,Copper,682.98,685.22,2.25,0.3289,-0.84,2737,80529,680,16.66,17.16,0.8918,INR/kg,Dhan API v2 (Client 1112620458)
2025-11-17 09:00,2025-11-17,9,Copper,683.02,685.34,2.32,0.3401,0.07,6643,78897,680,16.04,16.54,0.9108,INR/kg,Dhan API v2 (Client 1112620458)
2025-11-17 10:00,2025-11-17,10,Copper,683.9,685.96,2.06,0.3015,-0.26,7914,79738,680,16.83,17.33,0.9333,INR/kg,Dhan API v2 (Client 1112620458)
2025-11-17 11:00,2025-11-17,11,Copper,685.71,687.65,1.94,0.2831,-0.12,4810,77461,690,16.11,16.61,0.9121,INR/kg,Dhan API v2 (Client 1112620458)
2025-11-17 12:00,2025-11-17,12,Copper,685.67,687.37,1.7,0.2482,-0.24,944,80027,690,16.41,16.91,0.9026,INR/kg,Dhan API v2 (Client 1112620458)
2025-11-17 13:00,2025-11-17,13,Copper,684.77,687.04,2.27,0.3316,0.57,6186,78859,680,16.33,16.83,0.939,INR/kg,Dhan API v2 (Client 1112620458)
2025-11-17 14:00,2025-11-17,14,Copper,685.58,688.9,3.32,0.4841,1.05,1316,78882,690,15.89,16.39,0.9291,INR/kg,Dhan API v2 (Client 1112620458)
2025-11-17 15:00,2025-11-17,15,Copper,682.62,685.63,3.02,0.4418,-0.3,10236,79814,680,16.31,16.81,0.8606,INR/kg,Dhan API v2 (Client 1112620458)
2025-11-17 16:00,2025-11-17,16,Copper,681.43,682.54,1.11,0.1624,-1.91,5167,77227,680,16.36,16.86,0.9037,INR/kg,Dhan API v2 (Client 1112620458)
2025-11-17 17:00,2025-11-17,17,Copper,685.88,687.83,1.95,0.2847,0.84,7267,77765,690,16.17,16.67,0.9271,INR/kg,Dhan API v2 (Client 1112620458)
2025-11-17 18:00,2025-11-17,18,Copper,686.34,689.53,3.19,0.4646,1.24,10520,78925,690,16.54,17.04,0.9312,INR/kg,Dhan API v2 (Client 1112620458)
2025-11-17 19:00,2025-11-17,19,Copper,687.57,691.14,3.57,0.5185,0.38,11764,79342,690,16.13,16.63,0.922,INR/kg,Dhan API v2 (Client 1112620458)
2025-11-17 20:00,2025-11-17,20,Copper,685.75,687.22,1.47,0.2143,-2.1,2714,81283,690,16.07,16.57,0.8924,INR/kg,Dhan API v2 (Client 1112620458)
2025-11-17 21:00,2025-11-17,21,Copper,691.36,694.9,3.54,0.5122,2.07,10340,81026,690,16.48,16.98,0.9123,INR/kg,Dhan API v2 (Client 1112620458)
2025-11-17 22:00,2025-11-17,22,Copper,690.02,691.95,1.93,0.2802,-1.61,3759,78929,690,16.47,16.97,0.9091,INR/kg,Dhan API v2 (Client 1112620458)
2025-11-17 23:00,2025-11-17,23,Copper,689.23,691.81,2.59,0.3756,0.66,1347,79640,690,16.76,17.26,0.9044,INR/kg,Dhan API v2 (Client 1112620458)
2025-11-18 09:00,2025-11-18,9,Copper,692.36,693.62,1.26,0.1822,-1.33,8914,79442,690,16.49,16.99,0.8778,INR/kg,Dhan API v2 (Client 1112620458)
2025-11-18 10:00,2025-11-18,10,Copper,692.35,695.8,3.45,0.4978,2.19,11887,79639,690,15.58,16.08,0.9139,INR/kg,Dhan API v2 (Client 1112620458)
2025-11-18 11:00,2025-11-18,11,Copper,689.3,690.95,1.65,0.2388,-1.8,13599,80691,690,16.26,16.76,0.9124,INR/kg,Dhan API v2 (Client 1112620458)
2025-11-18 12:00,2025-11-18,12,Copper,689.46,691.78,2.32,0.3366,0.67,13324,79485,690,17.09,17.59,0.9602,INR/kg,Dhan API v2 (Client 1112620458)
2025-11-18 13:00,2025-11-18,13,Copper,689.36,693.91,4.55,0.6599,2.23,10951,79616,690,15.95,16.45,0.9217,INR/kg,Dhan API v2 (Client 1112620458)
2025-11-18 14:00,2025-11-18,14,Copper,687.66,688.43,0.77,0.1119,-3.78,14051,79536,690,16.71,17.21,0.9192,INR/kg,Dhan API v2 (Client 1112620458)
2025-11-18 15:00,2025-11-18,15,Copper,689.15,690.36,1.21,0.1756,0.44,1506,78996,690,16.06,16.56,0.9372,INR/kg,Dhan API v2 (Client 1112620458)
2025-11-18 16:00,2025-11-18,16,Copper,692.66,694.4,1.74,0.2512,0.53,11932,79356,690,15.9,16.4,0.9253,INR/kg,Dhan API v2 (Client 1112620458)
2025-11-18 17:00,2025-11-18,17,Copper,689.9,692.28,2.37,0.3441,0.63,1732,79022,690,16.22,16.72,0.9018,INR/kg,Dhan API v2 (Client 1112620458)
2025-11-18 18:00,2025-11-18,18,Copper,690.65,693.11,2.46,0.3558,0.09,3553,79664,690,15.94,16.44,0.9308,INR/kg,Dhan API v2 (Client 1112620458)
2025-11-18 19:00,2025-11-18,19,Copper,691.05,694.57,3.53,0.5101,1.07,3370,79961,690,16.76,17.26,0.8884,INR/kg,Dhan API v2 (Client 1112620458)
2025-11-18 20:00,2025-11-18,20,Copper,691.93,694.9,2.97,0.429,-0.56,1518,78211,690,16.55,17.05,0.8974,INR/kg,Dhan API v2 (Client 1112620458)
2025-11-18 21:00,2025-11-18,21,Copper,689.31,691.01,1.7,0.2463,-1.27,11296,79170,690,16.17,16.67,0.9142,INR/kg,Dhan API v2 (Client 1112620458)
2025-11-18 22:00,2025-11-18,22,Copper,689.46,692.15,2.69,0.3902,0.99,4031,78398,690,16.55,17.05,0.9125,INR/kg,Dhan API v2 (Client 1112620458)
2025-11-18 23:00,2025-11-18,23,Copper,688.16,688.3,0.15,0.0212,-2.54,7265,78903,690,15.95,16.45,0.9084,INR/kg,Dhan API v2 (Client 1112620458)
2025-11-19 09:00,2025-11-19,9,Copper,688.52,691.69,3.17,0.4606,3.02,773,79992,690,15.95,16.45,0.9308,INR/kg,Dhan API v2 (Client 1112620458)
2025-11-19 10:00,2025-11-19,10,Copper,684.54,687.15,2.61,0.3808,-0.56,7840,79900,680,16.38,16.88,0.9391,INR/kg,Dhan API v2 (Client 1112620458)
2025-11-19 11:00,2025-11-19,11,Copper,683.44,684.16,0.72,0.1048,-1.89,10795,79998,680,16.5,17.0,0.9593,INR/kg,Dhan API v2 (Client 1112620458)
2025-11-19 12:00,2025-11-19,12,Copper,681.62,684.08,2.46,0.3615,1.74,12446,79249,680,16.65,17.15,0.8864,INR/kg,Dhan API v2 (Client 1112620458)
2025-11-19 13:00,2025-11-19,13,Copper,683.56,685.2,1.64,0.2402,-0.82,9583,80231,680,16.04,16.54,0.93,INR/kg,Dhan API v2 (Client 1112620458)
2025-11-19 14:00,2025-11-19,14,Copper,688.18,690.97,2.79,0.4048,1.15,14449,78827,690,16.05,16.55,0.9098,INR/kg,Dhan API v2 (Client 1112620458)
2025-11-19 15:00,2025-11-19,15,Copper,690.51,694.51,4.0,0.5791,1.21,11893,80666,690,16.2,16.7,0.9001,INR/kg,Dhan API v2 (Client 1112620458)
2025-11-19 16:00,2025-11-19,16,Copper,689.48,691.92,2.44,0.3541,-1.56,11916,78730,690,16.29,16.79,0.9366,INR/kg,Dhan API v2 (Client 1112620458)
2025-11-19 17:00,2025-11-19,17,Copper,685.56,688.03,2.47,0.361,0.03,6915,78756,690,16.42,16.92,0.9072,INR/kg,Dhan API v2 (Client 1112620458)
2025-11-19 18:00,2025-11-19,18,Copper,686.14,689.5,3.36,0.4898,0.89,5397,80023,690,16.49,16.99,0.9139,INR/kg,Dhan API v2 (Client 1112620458)
2025-11-19 19:00,2025-11-19,19,Copper,686.78,688.78,2.0,0.2916,-1.36,7747,77883,690,16.49,16.99,0.9081,INR/kg,Dhan API v2 (Client 1112620458)
2025-11-19 20:00,2025-11-19,20,Copper,686.52,687.51,0.99,0.1441,-1.01,14979,79414,690,16.09,16.59,0.8611,INR/kg,Dhan API v2 (Client 1112620458)
2025-11-19 21:00,2025-11-19,21,Copper,685.96,687.7,1.73,0.2525,0.74,5800,80737,690,16.19,16.69,0.9031,INR/kg,Dhan API v2 (Client 1112620458)
2025-11-19 22:00,2025-11-19,22,Copper,685.75,687.61,1.85,0.2703,0.12,7367,80032,690,16.03,16.53,0.8848,INR/kg,Dhan API v2 (Client 1112620458)
2025-11-19 23:00,2025-11-19,23,Copper,687.78,690.83,3.05,0.4437,1.2,12346,79689,690,16.53,17.03,0.9115,INR/kg,Dhan API v2 (Client 1112620458)
2025-11-20 09:00,2025-11-20,9,Copper,687.96,689.82,1.86,0.2703,-1.19,5711,81139,690,15.69,16.19,0.9553,INR/kg,Dhan API v2 (Client 1112620458)
2025-11-20 10:00,2025-11-20,10,Copper,687.02,688.92,1.9,0.2766,0.04,10219,80413,690,16.7,17.2,0.8808,INR/kg,Dhan API v2 (Client 1112620458)
2025-11-20 11:00,2025-11-20,11,Copper,682.5,684.82,2.32,0.3397,0.42,10156,79523,680,16.18,16.68,0.8885,INR/kg,Dhan API v2 (Client 1112620458)
2025-11-20 12:00,2025-11-20,12,Copper,684.44,689.2,4.76,0.6952,2.44,6336,78036,680,16.56,17.06,0.9335,INR/kg,Dhan API v2 (Client 1112620458)
2025-11-20 13:00,2025-11-20,13,Copper,684.54,684.81,0.26,0.038,-4.5,3364,78897,680,16.32,16.82,0.8988,INR/kg,Dhan API v2 (Client 1112620458)
2025-11-20 14:00,2025-11-20,14,Copper,684.28,685.96,1.68,0.2455,1.42,4461,79732,680,16.41,16.91,0.9178,INR/kg,Dhan API v2 (Client 1112620458)
2025-11-20 15:00,2025-11-20,15,Copper,684.24,686.71,2.47,0.3614,0.79,3287,78629,680,16.61,17.11,0.9223,INR/kg,Dhan API v2 (Client 1112620458)
2025-11-20 16:00,2025-11-20,16,Copper,686.09,687.97,1.87,0.2733,-0.6,3493,80333,690,16.89,17.39,0.9254,INR/kg,Dhan API v2 (Client 1112620458)
2025-11-20 17:00,2025-11-20,17,Copper,688.66,691.09,2.43,0.3527,0.56,1897,77973,690,16.4,16.9,0.9479,INR/kg,Dhan API v2 (Client 1112620458)
2025-11-20 18:00,2025-11-20,18,Copper,687.64,691.3,3.67,0.5332,1.24,4408,81568,690,16.61,17.11,0.9282,INR/kg,Dhan API v2 (Client 1112620458)
2025-11-20 19:00,2025-11-20,19,Copper,686.92,686.85,-0.07,-0.01,-3.74,10070,79017,690,16.24,16.74,0.9417,INR/kg,Dhan API v2 (Client 1112620458)
2025-11-20 20:00,2025-11-20,20,Copper,685.61,687.81,2.2,0.3214,2.27,7565,77397,690,16.05,16.55,0.9033,INR/kg,Dhan API v2 (Client 1112620458)
2025-11-20 21:00,2025-11-20,21,Copper,688.38,689.51,1.14,0.1649,-1.06,5615,78763,690,16.41,16.91,0.9428,INR/kg,Dhan API v2 (Client 1112620458)
2025-11-20 22:00,2025-11-20,22,Copper,689.64,690.44,0.8,0.116,-0.34,9802,79529,690,16.44,16.94,0.8816,INR/kg,Dhan API v2 (Client 1112620458)
2025-11-20 23:00,2025-11-20,23,Copper,691.46,694.96,3.51,0.5072,2.71,7252,79286,690,16.09,16.59,0.8631,INR/kg,Dhan API v2 (Client 1112620458)
2025-11-21 09:00,2025-11-21,9,Copper,689.67,691.36,1.69,0.2445,-1.82,11502,81119,690,15.95,16.45,0.928,INR/kg,Dhan API v2 (Client 1112620458)
2025-11-21 10:00,2025-11-21,10,Copper,690.42,691.0,0.58,0.0842,-1.11,7164,79988,690,16.46,16.96,0.93,INR/kg,Dhan API v2 (Client 1112620458)
2025-11-21 11:00,2025-11-21,11,Copper,690.14,691.66,1.52,0.2195,0.94,4972,79162,690,16.54,17.04,0.9327,INR/kg,Dhan API v2 (Client 1112620458)
2025-11-21 12:00,2025-11-21,12,Copper,691.25,693.11,1.87,0.2702,0.35,8368,78275,690,16.23,16.73,0.9055,INR/kg,Dhan API v2 (Client 1112620458)
2025-11-21 13:00,2025-11-21,13,Copper,690.7,691.83,1.13,0.1639,-0.74,2393,80909,690,16.71,17.21,0.9531,INR/kg,Dhan API v2 (Client 1112620458)
2025-11-21 14:00,2025-11-21,14,Copper,687.3,688.38,1.08,0.1577,-0.05,7088,77120,690,16.14,16.64,0.9143,INR/kg,Dhan API v2 (Client 1112620458)
2025-11-21 15:00,2025-11-21,15,Copper,689.59,692.23,2.64,0.3831,1.56,9192,80669,690,16.15,16.65,0.9227,INR/kg,Dhan API v2 (Client 1112620458)
2025-11-21 16:00,2025-11-21,16,Copper,689.7,691.1,1.4,0.2033,-1.24,3498,80949,690,16.14,16.64,0.8895,INR/kg,Dhan API v2 (Client 1112620458)
2025-11-21 17:00,2025-11-21,17,Copper,690.49,693.1,2.61,0.3774,1.21,3259,79271,690,15.98,16.48,0.9243,INR/kg,Dhan API v2 (Client 1112620458)
2025-11-21 18:00,2025-11-21,18,Copper,692.86,691.57,-1.29,-0.1861,-3.9,4600,79482,690,16.01,16.51,0.9021,INR/kg,Dhan API v2 (Client 1112620458)
2025-11-21 19:00,2025-11-21,19,Copper,694.2,697.91,3.71,0.5349,5.0,4552,80631,690,16.28,16.78,0.9251,INR/kg,Dhan API v2 (Client 1112620458)
2025-11-21 20:00,2025-11-21,20,Copper,697.08,697.47,0.39,0.056,-3.32,7634,79096,700,16.26,16.76,0.8903,INR/kg,Dhan API v2 (Client 1112620458)
2025-11-21 21:00,2025-11-21,21,Copper,698.37,699.75,1.39,0.1987,1.0,4805,78336,700,16.34,16.84,0.9116,INR/kg,Dhan API v2 (Client 1112620458)
2025-11-21 22:00,2025-11-21,22,Copper,699.19,699.47,0.28,0.0398,-1.11,4981,80238,700,16.18,16.68,0.9448,INR/kg,Dhan API v2 (Client 1112620458)
2025-11-21 23:00,2025-11-21,23,Copper,697.61,701.48,3.87,0.5552,3.59,13592,79399,700,16.42,16.92,0.9185,INR/kg,Dhan API v2 (Client 1112620458)
2025-11-24 09:00,2025-11-24,9,Copper,697.46,700.12,2.66,0.3817,-1.21,4824,79804,700,16.68,17.18,0.9028,INR/kg,Dhan API v2 (Client 1112620458)
2025-11-24 10:00,2025-11-24,10,Copper,699.0,702.13,3.13,0.4471,0.47,11642,79239,700,16.3,16.8,0.9122,INR/kg,Dhan API v2 (Client 1112620458)
2025-11-24 11:00,2025-11-24,11,Copper,699.8,702.34,2.54,0.3623,-0.59,6037,79942,700,16.03,16.53,0.9113,INR/kg,Dhan API v2 (Client 1112620458)
2025-11-24 12:00,2025-11-24,12,Copper,697.6,699.34,1.74,0.2489,-0.8,6481,78848,700,16.03,16.53,0.9307,INR/kg,Dhan API v2 (Client 1112620458)
2025-11-24 13:00,2025-11-24,13,Copper,695.04,696.54,1.51,0.2166,-0.23,3186,80707,700,16.61,17.11,0.9195,INR/kg,Dhan API v2 (Client 1112620458)
2025-11-24 14:00,2025-11-24,14,Copper,693.52,695.56,2.05,0.2951,0.54,10621,79738,690,16.12,16.62,0.917,INR/kg,Dhan API v2 (Client 1112620458)
2025-11-24 15:00,2025-11-24,15,Copper,694.42,695.71,1.29,0.1854,-0.76,4776,79252,690,15.78,16.28,0.9001,INR/kg,Dhan API v2 (Client 1112620458)
2025-11-24 16:00,2025-11-24,16,Copper,693.67,695.27,1.61,0.2315,0.32,7102,80428,690,15.98,16.48,0.9186,INR/kg,Dhan API v2 (Client 1112620458)
2025-11-24 17:00,2025-11-24,17,Copper,693.88,695.71,1.84,0.2646,0.23,4321,79234,690,15.39,15.89,0.9178,INR/kg,Dhan API v2 (Client 1112620458)
2025-11-24 18:00,2025-11-24,18,Copper,694.15,695.91,1.76,0.2539,-0.08,10948,80149,690,15.96,16.46,0.9219,INR/kg,Dhan API v2 (Client 1112620458)
2025-11-24 19:00,2025-11-24,19,Copper,694.02,695.93,1.91,0.2754,0.15,1927,80446,690,15.97,16.47,0.9634,INR/kg,Dhan API v2 (Client 1112620458)
2025-11-24 20:00,2025-11-24,20,Copper,690.25,692.64,2.39,0.3464,0.48,7910,81336,690,15.83,16.33,0.938,INR/kg,Dhan API v2 (Client 1112620458)
2025-11-24 21:00,2025-11-24,21,Copper,689.35,691.49,2.14,0.3104,-0.25,14141,79439,690,16.26,16.76,0.8995,INR/kg,Dhan API v2 (Client 1112620458)
2025-11-24 22:00,2025-11-24,22,Copper,688.36,690.51,2.15,0.313,0.01,14559,80192,690,16.17,16.67,0.9222,INR/kg,Dhan API v2 (Client 1112620458)
2025-11-24 23:00,2025-11-24,23,Copper,687.57,690.96,3.39,0.4933,1.24,10253,79301,690,15.96,16.46,0.9072,INR/kg,Dhan API v2 (Client 1112620458)
2025-11-25 09:00,2025-11-25,9,Copper,685.69,689.23,3.54,0.5159,0.15,4643,78742,690,15.81,16.31,0.915,INR/kg,Dhan API v2 (Client 1112620458)
2025-11-25 10:00,2025-11-25,10,Copper,687.47,690.91,3.43,0.4994,-0.11,7661,78877,690,16.41,16.91,0.9021,INR/kg,Dhan API v2 (Client 1112620458)
2025-11-25 11:00,2025-11-25,11,Copper,688.25,690.63,2.39,0.347,-1.04,1812,79177,690,15.75,16.25,0.8995,INR/kg,Dhan API v2 (Client 1112620458)
2025-11-25 12:00,2025-11-25,12,Copper,688.72,689.76,1.04,0.1511,-1.35,1398,80361,690,16.03,16.53,0.8896,INR/kg,Dhan API v2 (Client 1112620458)
2025-11-25 13:00,2025-11-25,13,Copper,687.31,689.44,2.13,0.3097,1.09,4575,79187,690,17.01,17.51,0.9306,INR/kg,Dhan API v2 (Client 1112620458)
2025-11-25 14:00,2025-11-25,14,Copper,685.58,688.54,2.96,0.4318,0.83,6880,79541,690,16.47,16.97,0.935,INR/kg,Dhan API v2 (Client 1112620458)
2025-11-25 15:00,2025-11-25,15,Copper,683.72,686.01,2.29,0.335,-0.67,11791,78382,680,16.01,16.51,0.8992,INR/kg,Dhan API v2 (Client 1112620458)
2025-11-25 16:00,2025-11-25,16,Copper,682.67,686.38,3.7,0.5423,1.41,9468,81003,680,16.02,16.52,0.9216,INR/kg,Dhan API v2 (Client 1112620458)
2025-11-25 17:00,2025-11-25,17,Copper,687.06,687.65,0.59,0.0852,-3.11,11282,79690,690,15.5,16.0,0.8788,INR/kg,Dhan API v2 (Client 1112620458)
2025-11-25 18:00,2025-11-25,18,Copper,684.92,686.5,1.58,0.2305,0.99,7453,78812,680,16.3,16.8,0.8831,INR/kg,Dhan API v2 (Client 1112620458)
2025-11-25 19:00,2025-11-25,19,Copper,687.27,689.44,2.17,0.3157,0.59,9118,80234,690,16.45,16.95,0.9063,INR/kg,Dhan API v2 (Client 1112620458)
2025-11-25 20:00,2025-11-25,20,Copper,686.94,688.95,2.01,0.292,-0.16,10992,78777,690,16.74,17.24,0.9018,INR/kg,Dhan API v2 (Client 1112620458)
2025-11-25 21:00,2025-11-25,21,Copper,689.16,692.41,3.25,0.472,1.24,1403,80209,690,15.94,16.44,0.9016,INR/kg,Dhan API v2 (Client 1112620458)
2025-11-25 22:00,2025-11-25,22,Copper,688.46,689.51,1.05,0.1522,-2.2,1251,80385,690,15.68,16.18,0.894,INR/kg,Dhan API v2 (Client 1112620458)
2025-11-25 23:00,2025-11-25,23,Copper,686.84,689.82,2.98,0.4342,1.93,6554,78211,690,16.43,16.93,0.9349,INR/kg,Dhan API v2 (Client 1112620458)
2025-11-26 09:00,2025-11-26,9,Copper,690.06,690.36,0.3,0.0435,-2.68,10377,79849,690,15.74,16.24,0.9465,INR/kg,Dhan API v2 (Client 1112620458)
2025-11-26 10:00,2025-11-26,10,Copper,687.41,688.3,0.89,0.1292,0.59,7119,79648,690,16.74,17.24,0.8981,INR/kg,Dhan API v2 (Client 1112620458)
2025-11-26 11:00,2025-11-26,11,Copper,687.74,690.25,2.5,0.3637,1.61,13479,79278,690,15.76,16.26,0.933,INR/kg,Dhan API v2 (Client 1112620458)
2025-11-26 12:00,2025-11-26,12,Copper,691.35,694.53,3.18,0.4605,0.68,856,79939,690,16.22,16.72,0.9129,INR/kg,Dhan API v2 (Client 1112620458)
2025-11-26 13:00,2025-11-26,13,Copper,689.17,691.29,2.12,0.3073,-1.06,11890,80001,690,16.33,16.83,0.9336,INR/kg,Dhan API v2 (Client 1112620458)
2025-11-26 14:00,2025-11-26,14,Copper,688.07,690.69,2.62,0.3802,0.5,10863,79724,690,16.46,16.96,0.9373,INR/kg,Dhan API v2 (Client 1112620458)
2025-11-26 15:00,2025-11-26,15,Copper,692.54,694.99,2.45,0.3539,-0.17,2966,79003,690,16.48,16.98,0.9371,INR/kg,Dhan API v2 (Client 1112620458)
2025-11-26 16:00,2025-11-26,16,Copper,696.7,697.92,1.22,0.1752,-1.23,11975,80589,700,16.34,16.84,0.9365,INR/kg,Dhan API v2 (Client 1112620458)
2025-11-26 17:00,2025-11-26,17,Copper,697.95,699.04,1.09,0.1562,-0.13,1853,79228,700,16.12,16.62,0.899,INR/kg,Dhan API v2 (Client 1112620458)
2025-11-26 18:00,2025-11-26,18,Copper,699.96,701.83,1.87,0.2673,0.78,1424,80028,700,16.04,16.54,0.9052,INR/kg,Dhan API v2 (Client 1112620458)
2025-11-26 19:00,2025-11-26,19,Copper,703.03,705.29,2.26,0.3214,0.39,5171,78031,700,15.86,16.36,0.9135,INR/kg,Dhan API v2 (Client 1112620458)
2025-11-26 20:00,2025-11-26,20,Copper,701.66,704.54,2.87,0.4097,0.61,3186,79600,700,16.21,16.71,0.9145,INR/kg,Dhan API v2 (Client 1112620458)
2025-11-26 21:00,2025-11-26,21,Copper,699.99,701.78,1.79,0.256,-1.08,9650,79651,700,16.45,16.95,0.8942,INR/kg,Dhan API v2 (Client 1112620458)
2025-11-26 22:00,2025-11-26,22,Copper,699.81,703.21,3.4,0.4852,1.61,4494,78315,700,15.77,16.27,0.9259,INR/kg,Dhan API v2 (Client 1112620458)
2025-11-26 23:00,2025-11-26,23,Copper,698.19,699.04,0.84,0.1209,-2.56,8740,79879,700,15.84,16.34,0.9253,INR/kg,Dhan API v2 (Client 1112620458)
2025-11-27 09:00,2025-11-27,9,Copper,697.32,697.76,0.43,0.0623,-0.41,3633,80778,700,16.82,17.32,0.9134,INR/kg,Dhan API v2 (Client 1112620458)
2025-11-27 10:00,2025-11-27,10,Copper,701.23,702.18,0.94,0.1344,0.51,864,81186,700,16.25,16.75,0.9324,INR/kg,Dhan API v2 (Client 1112620458)
2025-11-27 11:00,2025-11-27,11,Copper,698.74,700.58,1.84,0.2627,0.9,6244,80632,700,16.56,17.06,0.948,INR/kg,Dhan API v2 (Client 1112620458)
2025-11-27 12:00,2025-11-27,12,Copper,700.61,701.4,0.79,0.1124,-1.05,14533,80641,700,16.4,16.9,0.9437,INR/kg,Dhan API v2 (Client 1112620458)
2025-11-27 13:00,2025-11-27,13,Copper,703.44,705.27,1.84,0.2609,1.05,8019,79826,700,15.9,16.4,0.925,INR/kg,Dhan API v2 (Client 1112620458)
2025-11-27 14:00,2025-11-27,14,Copper,703.49,705.8,2.3,0.3272,0.46,12922,78439,700,15.78,16.28,0.9394,INR/kg,Dhan API v2 (Client 1112620458)
2025-11-27 15:00,2025-11-27,15,Copper,706.61,708.05,1.44,0.2044,-0.86,9175,78712,710,15.76,16.26,0.918,INR/kg,Dhan API v2 (Client 1112620458)
2025-11-27 16:00,2025-11-27,16,Copper,708.85,711.03,2.18,0.308,0.74,7005,78966,710,16.1,16.6,0.9023,INR/kg,Dhan API v2 (Client 1112620458)
2025-11-27 17:00,2025-11-27,17,Copper,708.16,709.59,1.43,0.2017,-0.75,6616,80226,710,15.92,16.42,0.8999,INR/kg,Dhan API v2 (Client 1112620458)
2025-11-27 18:00,2025-11-27,18,Copper,709.95,710.66,0.71,0.1004,-0.72,14173,80541,710,15.64,16.14,0.9142,INR/kg,Dhan API v2 (Client 1112620458)
2025-11-27 19:00,2025-11-27,19,Copper,711.2,713.87,2.68,0.3764,1.97,8852,80675,710,15.8,16.3,0.9207,INR/kg,Dhan API v2 (Client 1112620458)
2025-11-27 20:00,2025-11-27,20,Copper,712.26,715.85,3.59,0.5038,0.91,2011,79190,710,16.43,16.93,0.9249,INR/kg,Dhan API v2 (Client 1112620458)
2025-11-27 21:00,2025-11-27,21,Copper,712.04,712.8,0.76,0.1061,-2.83,14007,78876,710,16.28,16.78,0.9361,INR/kg,Dhan API v2 (Client 1112620458)
2025-11-27 22:00,2025-11-27,22,Copper,716.16,718.24,2.08,0.2904,1.32,9796,80624,720,16.22,16.72,0.9011,INR/kg,Dhan API v2 (Client 1112620458)
2025-11-27 23:00,2025-11-27,23,Copper,716.82,719.42,2.6,0.3631,0.52,4265,78734,720,16.2,16.7,0.9105,INR/kg,Dhan API v2 (Client 1112620458)
2025-11-28 09:00,2025-11-28,9,Copper,720.27,721.05,0.78,0.1082,-1.82,2554,79555,720,16.43,16.93,0.9022,INR/kg,Dhan API v2 (Client 1112620458)
2025-11-28 10:00,2025-11-28,10,Copper,716.54,717.96,1.43,0.1989,0.65,4651,80946,720,15.87,16.37,0.9247,INR/kg,Dhan API v2 (Client 1112620458)
2025-11-28 11:00,2025-11-28,11,Copper,717.83,720.23,2.4,0.335,0.97,7317,79396,720,15.71,16.21,0.9198,INR/kg,Dhan API v2 (Client 1112620458)
2025-11-28 12:00,2025-11-28,12,Copper,715.15,716.76,1.61,0.2251,-0.79,3105,78619,720,16.06,16.56,0.9227,INR/kg,Dhan API v2 (Client 1112620458)
2025-11-28 13:00,2025-11-28,13,Copper,713.09,712.28,-0.81,-0.1142,-2.42,13792,80371,710,15.62,16.12,0.8832,INR/kg,Dhan API v2 (Client 1112620458)
2025-11-28 14:00,2025-11-28,14,Copper,713.22,713.54,0.32,0.0452,1.13,2538,78437,710,16.11,16.61,0.9131,INR/kg,Dhan API v2 (Client 1112620458)
2025-11-28 15:00,2025-11-28,15,Copper,716.29,718.15,1.86,0.2599,1.54,3311,80225,720,16.01,16.51,0.9099,INR/kg,Dhan API v2 (Client 1112620458)
2025-11-28 16:00,2025-11-28,16,Copper,715.68,715.18,-0.5,-0.07,-2.36,2306,78475,720,16.25,16.75,0.9072,INR/kg,Dhan API v2 (Client 1112620458)
2025-11-28 17:00,2025-11-28,17,Copper,716.27,717.82,1.55,0.2165,2.05,1495,79382,720,16.63,17.13,0.9283,INR/kg,Dhan API v2 (Client 1112620458)
2025-11-28 18:00,2025-11-28,18,Copper,713.46,714.17,0.7,0.0985,-0.85,11227,79574,710,16.19,16.69,0.9747,INR/kg,Dhan API v2 (Client 1112620458)
2025-11-28 19:00,2025-11-28,19,Copper,713.94,713.9,-0.04,-0.0056,-0.74,14861,78557,710,16.27,16.77,0.916,INR/kg,Dhan API v2 (Client 1112620458)
2025-11-28 20:00,2025-11-28,20,Copper,714.1,715.97,1.87,0.2618,1.91,10487,80115,710,16.36,16.86,0.9043,INR/kg,Dhan API v2 (Client 1112620458)
2025-11-28 21:00,2025-11-28,21,Copper,712.06,712.08,0.02,0.0027,-1.85,8296,80077,710,16.31,16.81,0.883,INR/kg,Dhan API v2 (Client 1112620458)
2025-11-28 22:00,2025-11-28,22,Copper,711.85,712.39,0.53,0.0747,0.51,11514,80400,710,16.14,16.64,0.9206,INR/kg,Dhan API v2 (Client 1112620458)
2025-11-28 23:00,2025-11-28,23,Copper,714.44,716.61,2.17,0.3033,1.64,580,79537,710,16.14,16.64,0.9281,INR/kg,Dhan API v2 (Client 1112620458)
2025-12-01 09:00,2025-12-01,9,Copper,710.25,712.66,2.41,0.3396,0.24,13301,78819,710,16.11,16.61,0.8784,INR/kg,Dhan API v2 (Client 1112620458)
2025-12-01 10:00,2025-12-01,10,Copper,709.32,710.77,1.45,0.205,-0.96,4003,80123,710,16.34,16.84,0.9309,INR/kg,Dhan API v2 (Client 1112620458)
2025-12-01 11:00,2025-12-01,11,Copper,711.59,712.62,1.04,0.1455,-0.41,14536,78377,710,16.18,16.68,0.8628,INR/kg,Dhan API v2 (Client 1112620458)
2025-12-01 12:00,2025-12-01,12,Copper,712.28,714.16,1.88,0.2636,0.84,8979,80268,710,16.47,16.97,0.9457,INR/kg,Dhan API v2 (Client 1112620458)
2025-12-01 13:00,2025-12-01,13,Copper,713.31,713.62,0.31,0.0439,-1.57,9878,80559,710,15.63,16.13,0.8917,INR/kg,Dhan API v2 (Client 1112620458)
2025-12-01 14:00,2025-12-01,14,Copper,712.89,713.86,0.98,0.137,0.67,1001,81169,710,16.3,16.8,0.892,INR/kg,Dhan API v2 (Client 1112620458)
2025-12-01 15:00,2025-12-01,15,Copper,715.45,717.47,2.02,0.2819,1.04,13465,78741,720,15.74,16.24,0.8932,INR/kg,Dhan API v2 (Client 1112620458)
2025-12-01 16:00,2025-12-01,16,Copper,713.72,715.43,1.71,0.2395,-0.31,9024,79194,710,16.35,16.85,0.8936,INR/kg,Dhan API v2 (Client 1112620458)
2025-12-01 17:00,2025-12-01,17,Copper,714.49,716.71,2.21,0.3099,0.5,11044,78642,710,16.15,16.65,0.8622,INR/kg,Dhan API v2 (Client 1112620458)
2025-12-01 18:00,2025-12-01,18,Copper,714.13,714.13,0.0,0.0001,-2.21,3053,79662,710,16.57,17.07,0.8956,INR/kg,Dhan API v2 (Client 1112620458)
2025-12-01 19:00,2025-12-01,19,Copper,719.08,719.19,0.11,0.0155,0.11,7225,79038,720,16.22,16.72,0.906,INR/kg,Dhan API v2 (Client 1112620458)
2025-12-01 20:00,2025-12-01,20,Copper,719.75,720.69,0.94,0.1304,0.83,3252,79527,720,15.99,16.49,0.9257,INR/kg,Dhan API v2 (Client 1112620458)
2025-12-01 21:00,2025-12-01,21,Copper,717.27,720.65,3.39,0.4722,2.45,12964,78405,720,16.17,16.67,0.9434,INR/kg,Dhan API v2 (Client 1112620458)
2025-12-01 22:00,2025-12-01,22,Copper,717.8,718.65,0.85,0.1186,-2.54,6342,79986,720,16.17,16.67,0.9437,INR/kg,Dhan API v2 (Client 1112620458)
2025-12-01 23:00,2025-12-01,23,Copper,716.35,719.43,3.08,0.4303,2.23,4113,79714,720,16.14,16.64,0.9434,INR/kg,Dhan API v2 (Client 1112620458)
2025-12-02 09:00,2025-12-02,9,Copper,718.38,720.18,1.8,0.2508,-1.28,2103,79672,720,16.23,16.73,0.9111,INR/kg,Dhan API v2 (Client 1112620458)
2025-12-02 10:00,2025-12-02,10,Copper,717.59,719.97,2.38,0.3317,0.58,2200,79074,720,16.39,16.89,0.9221,INR/kg,Dhan API v2 (Client 1112620458)
2025-12-02 11:00,2025-12-02,11,Copper,720.49,719.42,-1.06,-0.1478,-3.44,7717,80184,720,16.35,16.85,0.9375,INR/kg,Dhan API v2 (Client 1112620458)
2025-12-02 12:00,2025-12-02,12,Copper,718.52,721.44,2.91,0.4056,3.97,4140,79505,720,16.25,16.75,0.8878,INR/kg,Dhan API v2 (Client 1112620458)
2025-12-02 13:00,2025-12-02,13,Copper,719.36,719.02,-0.33,-0.0463,-3.24,2628,77776,720,16.47,16.97,0.9308,INR/kg,Dhan API v2 (Client 1112620458)
2025-12-02 14:00,2025-12-02,14,Copper,719.29,720.48,1.18,0.1647,1.51,10601,77758,720,16.28,16.78,0.8868,INR/kg,Dhan API v2 (Client 1112620458)
2025-12-02 15:00,2025-12-02,15,Copper,720.96,723.11,2.14,0.2975,0.96,3061,79638,720,16.09,16.59,0.907,INR/kg,Dhan API v2 (Client 1112620458)
2025-12-02 16:00,2025-12-02,16,Copper,721.4,723.32,1.92,0.2656,-0.22,13005,77975,720,16.36,16.86,0.9284,INR/kg,Dhan API v2 (Client 1112620458)
2025-12-02 17:00,2025-12-02,17,Copper,716.6,718.15,1.55,0.2165,-0.37,7690,80777,720,15.67,16.17,0.9444,INR/kg,Dhan API v2 (Client 1112620458)
2025-12-02 18:00,2025-12-02,18,Copper,716.71,716.84,0.13,0.0178,-1.42,8251,78823,720,15.92,16.42,0.9038,INR/kg,Dhan API v2 (Client 1112620458)
2025-12-02 19:00,2025-12-02,19,Copper,711.66,714.28,2.62,0.368,2.49,11431,78857,710,16.19,16.69,0.9263,INR/kg,Dhan API v2 (Client 1112620458)
2025-12-02 20:00,2025-12-02,20,Copper,712.18,712.61,0.43,0.0604,-2.19,2907,78846,710,16.04,16.54,0.9157,INR/kg,Dhan API v2 (Client 1112620458)
2025-12-02 21:00,2025-12-02,21,Copper,710.84,712.65,1.81,0.2542,1.38,3570,78943,710,16.44,16.94,0.9514,INR/kg,Dhan API v2 (Client 1112620458)
2025-12-02 22:00,2025-12-02,22,Copper,711.74,713.34,1.6,0.2243,-0.21,11519,79584,710,15.99,16.49,0.9198,INR/kg,Dhan API v2 (Client 1112620458)
2025-12-02 23:00,2025-12-02,23,Copper,710.63,708.37,-2.26,-0.3177,-3.86,11236,79887,710,16.34,16.84,0.9212,INR/kg,Dhan API v2 (Client 1112620458)
2025-12-03 09:00,2025-12-03,9,Copper,712.56,713.65,1.09,0.153,3.35,11888,80239,710,16.51,17.01,0.906,INR/kg,Dhan API v2 (Client 1112620458)
2025-12-03 10:00,2025-12-03,10,Copper,712.44,713.99,1.55,0.2174,0.46,9460,79053,710,15.81,16.31,0.9144,INR/kg,Dhan API v2 (Client 1112620458)
2025-12-03 11:00,2025-12-03,11,Copper,713.89,715.27,1.37,0.1926,-0.18,8228,79872,710,16.28,16.78,0.9235,INR/kg,Dhan API v2 (Client 1112620458)
2025-12-03 12:00,2025-12-03,12,Copper,715.53,716.96,1.43,0.2003,0.06,9969,79243,720,16.02,16.52,0.8844,INR/kg,Dhan API v2 (Client 1112620458)
2025-12-03 13:00,2025-12-03,13,Copper,716.14,717.58,1.45,0.2024,0.02,2598,76435,720,15.76,16.26,0.9151,INR/kg,Dhan API v2 (Client 1112620458)
2025-12-03 14:00,2025-12-03,14,Copper,717.29,715.62,-1.67,-0.2328,-3.12,7560,79320,720,16.55,17.05,0.9177,INR/kg,Dhan API v2 (Client 1112620458)
2025-12-03 15:00,2025-12-03,15,Copper,718.81,720.09,1.29,0.1788,2.96,13421,80524,720,16.37,16.87,0.9008,INR/kg,Dhan API v2 (Client 1112620458)
2025-12-03 16:00,2025-12-03,16,Copper,721.12,721.99,0.88,0.1219,-0.41,12492,80040,720,15.73,16.23,0.9304,INR/kg,Dhan API v2 (Client 1112620458)
2025-12-03 17:00,2025-12-03,17,Copper,720.76,723.27,2.51,0.3478,1.63,8947,80230,720,16.46,16.96,0.9417,INR/kg,Dhan API v2 (Client 1112620458)
2025-12-03 18:00,2025-12-03,18,Copper,722.6,725.38,2.78,0.3848,0.27,13123,79392,720,15.98,16.48,0.9117,INR/kg,Dhan API v2 (Client 1112620458)
2025-12-03 19:00,2025-12-03,19,Copper,725.27,727.63,2.35,0.3243,-0.43,12112,78973,730,16.6,17.1,0.9121,INR/kg,Dhan API v2 (Client 1112620458)
2025-12-03 20:00,2025-12-03,20,Copper,726.95,729.37,2.42,0.3327,0.07,7658,79223,730,16.11,16.61,0.9071,INR/kg,Dhan API v2 (Client 1112620458)
2025-12-03 21:00,2025-12-03,21,Copper,730.05,730.77,0.71,0.0979,-1.71,9623,80239,730,16.55,17.05,0.9025,INR/kg,Dhan API v2 (Client 1112620458)
2025-12-03 22:00,2025-12-03,22,Copper,728.31,728.3,-0.01,-0.0018,-0.72,6246,82033,730,16.33,16.83,0.8987,INR/kg,Dhan API v2 (Client 1112620458)
2025-12-03 23:00,2025-12-03,23,Copper,729.11,729.54,0.43,0.0589,0.44,11595,79709,730,16.29,16.79,0.9228,INR/kg,Dhan API v2 (Client 1112620458)
2025-12-04 09:00,2025-12-04,9,Copper,728.18,728.53,0.35,0.0482,-0.08,9704,81574,730,15.89,16.39,0.9571,INR/kg,Dhan API v2 (Client 1112620458)
2025-12-04 10:00,2025-12-04,10,Copper,728.0,730.14,2.14,0.2943,1.79,6951,78795,730,15.85,16.35,0.9095,INR/kg,Dhan API v2 (Client 1112620458)
2025-12-04 11:00,2025-12-04,11,Copper,731.15,731.56,0.42,0.057,-1.72,6332,78742,730,15.89,16.39,0.9131,INR/kg,Dhan API v2 (Client 1112620458)
2025-12-04 12:00,2025-12-04,12,Copper,732.68,733.97,1.29,0.1763,0.87,3110,79722,730,16.18,16.68,0.8844,INR/kg,Dhan API v2 (Client 1112620458)
2025-12-04 13:00,2025-12-04,13,Copper,732.0,734.72,2.72,0.3718,1.43,1376,79168,730,16.41,16.91,0.9506,INR/kg,Dhan API v2 (Client 1112620458)
2025-12-04 14:00,2025-12-04,14,Copper,732.79,731.5,-1.29,-0.1763,-4.01,8080,79254,730,16.54,17.04,0.9124,INR/kg,Dhan API v2 (Client 1112620458)
2025-12-04 15:00,2025-12-04,15,Copper,733.78,735.23,1.45,0.1971,2.74,3853,78843,730,16.66,17.16,0.9281,INR/kg,Dhan API v2 (Client 1112620458)
2025-12-04 16:00,2025-12-04,16,Copper,732.51,735.05,2.54,0.3469,1.09,8514,77980,730,15.83,16.33,0.8991,INR/kg,Dhan API v2 (Client 1112620458)
2025-12-04 17:00,2025-12-04,17,Copper,731.6,733.61,2.02,0.2757,-0.52,10680,80591,730,15.89,16.39,0.9253,INR/kg,Dhan API v2 (Client 1112620458)
2025-12-04 18:00,2025-12-04,18,Copper,733.9,734.64,0.74,0.1007,-1.28,4528,78875,730,16.46,16.96,0.9272,INR/kg,Dhan API v2 (Client 1112620458)
2025-12-04 19:00,2025-12-04,19,Copper,736.42,739.1,2.68,0.364,1.94,3796,80046,740,16.43,16.93,0.8908,INR/kg,Dhan API v2 (Client 1112620458)
2025-12-04 20:00,2025-12-04,20,Copper,735.56,736.49,0.93,0.1269,-1.75,3614,79199,740,16.16,16.66,0.9137,INR/kg,Dhan API v2 (Client 1112620458)
2025-12-04 21:00,2025-12-04,21,Copper,738.51,741.28,2.77,0.3749,1.84,12737,79736,740,16.01,16.51,0.9072,INR/kg,Dhan API v2 (Client 1112620458)
2025-12-04 22:00,2025-12-04,22,Copper,735.98,734.14,-1.85,-0.2508,-4.62,8759,81053,740,15.69,16.19,0.9495,INR/kg,Dhan API v2 (Client 1112620458)
2025-12-04 23:00,2025-12-04,23,Copper,734.57,735.89,1.32,0.1797,3.17,750,78742,730,16.41,16.91,0.9479,INR/kg,Dhan API v2 (Client 1112620458)
2025-12-05 09:00,2025-12-05,9,Copper,735.44,735.73,0.28,0.0387,-1.04,8253,80775,740,16.57,17.07,0.9268,INR/kg,Dhan API v2 (Client 1112620458)
2025-12-05 10:00,2025-12-05,10,Copper,733.57,734.31,0.73,0.1,0.45,2927,80125,730,16.01,16.51,0.9084,INR/kg,Dhan API v2 (Client 1112620458)
2025-12-05 11:00,2025-12-05,11,Copper,731.82,732.69,0.87,0.1185,0.14,12245,78569,730,15.83,16.33,0.9136,INR/kg,Dhan API v2 (Client 1112620458)
2025-12-05 12:00,2025-12-05,12,Copper,731.43,733.4,1.97,0.2691,1.1,6932,79832,730,15.99,16.49,0.9118,INR/kg,Dhan API v2 (Client 1112620458)
2025-12-05 13:00,2025-12-05,13,Copper,730.89,734.0,3.11,0.4248,1.14,3454,79934,730,15.6,16.1,0.8685,INR/kg,Dhan API v2 (Client 1112620458)
2025-12-05 14:00,2025-12-05,14,Copper,733.22,734.29,1.07,0.1459,-2.04,9857,79962,730,15.92,16.42,0.8964,INR/kg,Dhan API v2 (Client 1112620458)
2025-12-05 15:00,2025-12-05,15,Copper,734.16,737.26,3.1,0.4216,2.03,3112,79649,730,16.39,16.89,0.9598,INR/kg,Dhan API v2 (Client 1112620458)
2025-12-05 16:00,2025-12-05,16,Copper,736.36,736.18,-0.18,-0.0247,-3.28,7943,79864,740,15.78,16.28,0.9176,INR/kg,Dhan API v2 (Client 1112620458)
2025-12-05 17:00,2025-12-05,17,Copper,735.87,737.4,1.54,0.2087,1.72,5835,78566,740,15.76,16.26,0.9136,INR/kg,Dhan API v2 (Client 1112620458)
2025-12-05 18:00,2025-12-05,18,Copper,735.93,736.72,0.79,0.1069,-0.75,8731,78628,740,16.13,16.63,0.9004,INR/kg,Dhan API v2 (Client 1112620458)
2025-12-05 19:00,2025-12-05,19,Copper,738.88,741.81,2.93,0.3967,2.14,2233,78457,740,16.15,16.65,0.9186,INR/kg,Dhan API v2 (Client 1112620458)
2025-12-05 20:00,2025-12-05,20,Copper,738.5,738.42,-0.07,-0.0099,-3.0,5816,77281,740,16.32,16.82,0.9197,INR/kg,Dhan API v2 (Client 1112620458)
2025-12-05 21:00,2025-12-05,21,Copper,741.32,740.13,-1.19,-0.1602,-1.12,11841,79209,740,15.63,16.13,0.8946,INR/kg,Dhan API v2 (Client 1112620458)
2025-12-05 22:00,2025-12-05,22,Copper,738.66,738.0,-0.66,-0.0896,0.53,8659,79841,740,16.5,17.0,0.9373,INR/kg,Dhan API v2 (Client 1112620458)
2025-12-05 23:00,2025-12-05,23,Copper,738.99,740.3,1.31,0.1774,1.97,14655,79819,740,16.66,17.16,0.9329,INR/kg,Dhan API v2 (Client 1112620458)
2025-12-08 09:00,2025-12-08,9,Copper,738.99,740.6,1.61,0.2181,0.3,4031,77784,740,16.2,16.7,0.8815,INR/kg,Dhan API v2 (Client 1112620458)
2025-12-08 10:00,2025-12-08,10,Copper,737.6,737.42,-0.18,-0.0244,-1.79,11579,76825,740,15.82,16.32,0.8983,INR/kg,Dhan API v2 (Client 1112620458)
2025-12-08 11:00,2025-12-08,11,Copper,739.68,739.9,0.23,0.0305,0.41,688,81043,740,16.21,16.71,0.8857,INR/kg,Dhan API v2 (Client 1112620458)
2025-12-08 12:00,2025-12-08,12,Copper,741.6,742.18,0.58,0.0787,0.35,5956,79471,740,16.45,16.95,0.8512,INR/kg,Dhan API v2 (Client 1112620458)
2025-12-08 13:00,2025-12-08,13,Copper,746.53,747.81,1.28,0.1713,0.7,12291,78627,750,16.28,16.78,0.9277,INR/kg,Dhan API v2 (Client 1112620458)
2025-12-08 14:00,2025-12-08,14,Copper,746.4,746.78,0.37,0.05,-0.91,12259,80093,750,16.39,16.89,0.9358,INR/kg,Dhan API v2 (Client 1112620458)
2025-12-08 15:00,2025-12-08,15,Copper,743.16,743.24,0.08,0.0101,-0.29,14490,79848,740,15.89,16.39,0.9054,INR/kg,Dhan API v2 (Client 1112620458)
2025-12-08 16:00,2025-12-08,16,Copper,741.27,739.89,-1.37,-0.1851,-1.45,1331,80438,740,16.51,17.01,0.9401,INR/kg,Dhan API v2 (Client 1112620458)
2025-12-08 17:00,2025-12-08,17,Copper,740.8,743.58,2.78,0.3751,4.15,2631,78082,740,16.21,16.71,0.9193,INR/kg,Dhan API v2 (Client 1112620458)
2025-12-08 18:00,2025-12-08,18,Copper,740.79,741.79,1.0,0.1344,-1.78,3452,78632,740,15.82,16.32,0.9211,INR/kg,Dhan API v2 (Client 1112620458)
2025-12-08 19:00,2025-12-08,19,Copper,740.83,742.83,2.01,0.271,1.01,4089,79297,740,15.91,16.41,0.9255,INR/kg,Dhan API v2 (Client 1112620458)
2025-12-08 20:00,2025-12-08,20,Copper,743.07,744.36,1.29,0.1739,-0.72,9910,80141,740,16.11,16.61,0.9056,INR/kg,Dhan API v2 (Client 1112620458)
2025-12-08 21:00,2025-12-08,21,Copper,742.86,746.51,3.65,0.4917,2.36,7437,79181,740,16.36,16.86,0.8987,INR/kg,Dhan API v2 (Client 1112620458)
2025-12-08 22:00,2025-12-08,22,Copper,740.08,741.36,1.28,0.1728,-2.37,12926,80968,740,16.11,16.61,0.9224,INR/kg,Dhan API v2 (Client 1112620458)
2025-12-08 23:00,2025-12-08,23,Copper,740.63,741.68,1.05,0.1415,-0.23,12829,78750,740,16.2,16.7,0.9305,INR/kg,Dhan API v2 (Client 1112620458)
2025-12-09 09:00,2025-12-09,9,Copper,739.53,739.84,0.31,0.042,-0.74,2316,78111,740,16.51,17.01,0.9321,INR/kg,Dhan API v2 (Client 1112620458)
2025-12-09 10:00,2025-12-09,10,Copper,738.48,739.26,0.78,0.1058,0.47,5535,79319,740,15.55,16.05,0.9247,INR/kg,Dhan API v2 (Client 1112620458)
2025-12-09 11:00,2025-12-09,11,Copper,740.69,740.8,0.11,0.0144,-0.67,10129,79450,740,16.28,16.78,0.9466,INR/kg,Dhan API v2 (Client 1112620458)
2025-12-09 12:00,2025-12-09,12,Copper,739.5,739.83,0.32,0.0435,0.21,8957,78975,740,16.0,16.5,0.9225,INR/kg,Dhan API v2 (Client 1112620458)
2025-12-09 13:00,2025-12-09,13,Copper,738.27,738.28,0.01,0.0014,-0.31,10704,79711,740,16.08,16.58,0.9068,INR/kg,Dhan API v2 (Client 1112620458)
2025-12-09 14:00,2025-12-09,14,Copper,737.3,736.29,-1.02,-0.1378,-1.03,14718,79361,740,16.17,16.67,0.9076,INR/kg,Dhan API v2 (Client 1112620458)
2025-12-09 15:00,2025-12-09,15,Copper,736.94,738.35,1.41,0.1916,2.43,1662,79353,740,16.97,17.47,0.9406,INR/kg,Dhan API v2 (Client 1112620458)
2025-12-09 16:00,2025-12-09,16,Copper,734.77,736.32,1.55,0.211,0.14,10577,79851,730,17.16,17.66,0.9382,INR/kg,Dhan API v2 (Client 1112620458)
2025-12-09 17:00,2025-12-09,17,Copper,734.08,735.0,0.92,0.1251,-0.63,8001,78266,730,16.26,16.76,0.9053,INR/kg,Dhan API v2 (Client 1112620458)
2025-12-09 18:00,2025-12-09,18,Copper,734.7,734.62,-0.08,-0.0108,-1.0,11413,79743,730,15.79,16.29,0.9249,INR/kg,Dhan API v2 (Client 1112620458)
2025-12-09 19:00,2025-12-09,19,Copper,736.53,737.1,0.57,0.0776,0.65,14466,77889,740,15.77,16.27,0.8926,INR/kg,Dhan API v2 (Client 1112620458)
2025-12-09 20:00,2025-12-09,20,Copper,735.3,734.68,-0.61,-0.0832,-1.18,2645,79914,740,15.69,16.19,0.9028,INR/kg,Dhan API v2 (Client 1112620458)
2025-12-09 21:00,2025-12-09,21,Copper,736.19,738.54,2.35,0.3193,2.96,13388,78981,740,15.94,16.44,0.9332,INR/kg,Dhan API v2 (Client 1112620458)
2025-12-09 22:00,2025-12-09,22,Copper,734.15,734.6,0.45,0.061,-1.9,9997,78882,730,16.95,17.45,0.9067,INR/kg,Dhan API v2 (Client 1112620458)
2025-12-09 23:00,2025-12-09,23,Copper,736.01,736.15,0.15,0.02,-0.3,5571,79537,740,16.25,16.75,0.9416,INR/kg,Dhan API v2 (Client 1112620458)
2025-12-10 09:00,2025-12-10,9,Copper,739.49,738.18,-1.31,-0.1772,-1.46,12753,79349,740,16.52,17.02,0.9439,INR/kg,Dhan API v2 (Client 1112620458)
2025-12-10 10:00,2025-12-10,10,Copper,741.35,741.55,0.19,0.0259,1.5,11822,79013,740,15.92,16.42,0.9241,INR/kg,Dhan API v2 (Client 1112620458)
2025-12-10 11:00,2025-12-10,11,Copper,743.15,743.73,0.58,0.0781,0.39,2057,79656,740,16.25,16.75,0.9503,INR/kg,Dhan API v2 (Client 1112620458)
2025-12-10 12:00,2025-12-10,12,Copper,740.74,742.46,1.72,0.2325,1.14,1532,80335,740,16.32,16.82,0.882,INR/kg,Dhan API v2 (Client 1112620458)
2025-12-10 13:00,2025-12-10,13,Copper,741.26,739.99,-1.27,-0.1714,-2.99,4206,77886,740,16.03,16.53,0.8973,INR/kg,Dhan API v2 (Client 1112620458)
2025-12-10 14:00,2025-12-10,14,Copper,742.67,745.29,2.61,0.3519,3.88,9203,80473,740,15.73,16.23,0.9145,INR/kg,Dhan API v2 (Client 1112620458)
2025-12-10 15:00,2025-12-10,15,Copper,743.2,744.36,1.16,0.1565,-1.45,5165,78749,740,16.24,16.74,0.9114,INR/kg,Dhan API v2 (Client 1112620458)
2025-12-10 16:00,2025-12-10,16,Copper,741.58,742.89,1.31,0.1769,0.15,1648,80539,740,15.85,16.35,0.953,INR/kg,Dhan API v2 (Client 1112620458)
2025-12-10 17:00,2025-12-10,17,Copper,742.62,742.36,-0.26,-0.0345,-1.57,8954,78268,740,15.8,16.3,0.9272,INR/kg,Dhan API v2 (Client 1112620458)
2025-12-10 18:00,2025-12-10,18,Copper,744.1,745.54,1.44,0.1931,1.7,8179,77756,740,16.37,16.87,0.8983,INR/kg,Dhan API v2 (Client 1112620458)
2025-12-10 19:00,2025-12-10,19,Copper,743.1,743.6,0.5,0.0666,-0.94,4455,79767,740,16.4,16.9,0.9001,INR/kg,Dhan API v2 (Client 1112620458)
2025-12-10 20:00,2025-12-10,20,Copper,745.09,745.13,0.03,0.0042,-0.47,6547,78566,750,16.4,16.9,0.9461,INR/kg,Dhan API v2 (Client 1112620458)
2025-12-10 21:00,2025-12-10,21,Copper,739.91,738.98,-0.93,-0.1251,-0.96,5430,80489,740,16.39,16.89,0.8833,INR/kg,Dhan API v2 (Client 1112620458)
2025-12-10 22:00,2025-12-10,22,Copper,736.98,737.27,0.29,0.0395,1.22,1928,78233,740,15.97,16.47,0.8933,INR/kg,Dhan API v2 (Client 1112620458)
2025-12-10 23:00,2025-12-10,23,Copper,734.08,736.63,2.55,0.3473,2.26,5617,78079,730,16.55,17.05,0.9388,INR/kg,Dhan API v2 (Client 1112620458)
2025-12-11 09:00,2025-12-11,9,Copper,735.16,736.34,1.18,0.1607,-1.37,1609,81435,740,16.24,16.74,0.9257,INR/kg,Dhan API v2 (Client 1112620458)
2025-12-11 10:00,2025-12-11,10,Copper,736.76,737.2,0.44,0.0598,-0.74,7881,79552,740,16.01,16.51,0.8846,INR/kg,Dhan API v2 (Client 1112620458)
2025-12-11 11:00,2025-12-11,11,Copper,734.18,734.71,0.53,0.072,0.09,11741,79393,730,16.81,17.31,0.8814,INR/kg,Dhan API v2 (Client 1112620458)
2025-12-11 12:00,2025-12-11,12,Copper,733.68,734.1,0.41,0.0565,-0.12,9674,77563,730,16.33,16.83,0.9092,INR/kg,Dhan API v2 (Client 1112620458)
2025-12-11 13:00,2025-12-11,13,Copper,733.2,732.89,-0.3,-0.0412,-0.71,3802,79685,730,16.46,16.96,0.9277,INR/kg,Dhan API v2 (Client 1112620458)
2025-12-11 14:00,2025-12-11,14,Copper,729.79,730.33,0.54,0.0733,0.84,4670,80139,730,16.42,16.92,0.9319,INR/kg,Dhan API v2 (Client 1112620458)
2025-12-11 15:00,2025-12-11,15,Copper,730.74,729.01,-1.73,-0.2374,-2.27,1398,80237,730,16.68,17.18,0.9216,INR/kg,Dhan API v2 (Client 1112620458)
2025-12-11 16:00,2025-12-11,16,Copper,729.86,732.86,2.99,0.4101,4.72,12578,78043,730,16.38,16.88,0.9284,INR/kg,Dhan API v2 (Client 1112620458)
2025-12-11 17:00,2025-12-11,17,Copper,726.89,727.04,0.15,0.0209,-2.84,14186,80283,730,16.2,16.7,0.8953,INR/kg,Dhan API v2 (Client 1112620458)
2025-12-11 18:00,2025-12-11,18,Copper,729.43,729.78,0.34,0.0471,0.19,8916,80019,730,16.09,16.59,0.9136,INR/kg,Dhan API v2 (Client 1112620458)
2025-12-11 19:00,2025-12-11,19,Copper,732.9,732.46,-0.44,-0.0594,-0.78,5136,79736,730,16.07,16.57,0.8996,INR/kg,Dhan API v2 (Client 1112620458)
2025-12-11 20:00,2025-12-11,20,Copper,736.89,737.71,0.82,0.1112,1.26,13953,80373,740,15.76,16.26,0.9292,INR/kg,Dhan API v2 (Client 1112620458)
2025-12-11 21:00,2025-12-11,21,Copper,737.01,739.03,2.03,0.2749,1.21,8981,78542,740,15.57,16.07,0.9035,INR/kg,Dhan API v2 (Client 1112620458)
2025-12-11 22:00,2025-12-11,22,Copper,737.69,735.99,-1.7,-0.2307,-3.73,2670,78729,740,15.92,16.42,0.9269,INR/kg,Dhan API v2 (Client 1112620458)
2025-12-11 23:00,2025-12-11,23,Copper,740.76,740.56,-0.2,-0.0272,1.5,6827,78881,740,16.52,17.02,0.9157,INR/kg,Dhan API v2 (Client 1112620458)
2025-12-12 09:00,2025-12-12,9,Copper,740.57,739.82,-0.75,-0.1016,-0.55,3918,80126,740,15.98,16.48,0.918,INR/kg,Dhan API v2 (Client 1112620458)
2025-12-12 10:00,2025-12-12,10,Copper,743.15,741.75,-1.4,-0.1883,-0.65,9782,81060,740,16.1,16.6,0.9153,INR/kg,Dhan API v2 (Client 1112620458)
2025-12-12 11:00,2025-12-12,11,Copper,742.27,741.91,-0.37,-0.0494,1.03,4925,77897,740,16.01,16.51,0.9042,INR/kg,Dhan API v2 (Client 1112620458)
2025-12-12 12:00,2025-12-12,12,Copper,741.33,741.06,-0.27,-0.0363,0.1,11382,79870,740,16.1,16.6,0.9456,INR/kg,Dhan API v2 (Client 1112620458)
2025-12-12 13:00,2025-12-12,13,Copper,746.97,747.85,0.89,0.1185,1.16,1287,79657,750,16.27,16.77,0.9283,INR/kg,Dhan API v2 (Client 1112620458)
2025-12-12 14:00,2025-12-12,14,Copper,747.12,747.75,0.62,0.0833,-0.27,2284,79268,750,15.79,16.29,0.8995,INR/kg,Dhan API v2 (Client 1112620458)
2025-12-12 15:00,2025-12-12,15,Copper,749.21,749.2,-0.01,-0.0017,-0.63,14391,79307,750,16.29,16.79,0.9285,INR/kg,Dhan API v2 (Client 1112620458)
2025-12-12 16:00,2025-12-12,16,Copper,750.38,749.24,-1.15,-0.1528,-1.14,8261,81170,750,16.44,16.94,0.9404,INR/kg,Dhan API v2 (Client 1112620458)
2025-12-12 17:00,2025-12-12,17,Copper,746.8,745.77,-1.03,-0.1379,0.12,3139,79067,750,16.23,16.73,0.894,INR/kg,Dhan API v2 (Client 1112620458)
2025-12-12 18:00,2025-12-12,18,Copper,746.37,747.48,1.11,0.1491,2.14,7188,78840,750,16.7,17.2,0.9382,INR/kg,Dhan API v2 (Client 1112620458)
2025-12-12 19:00,2025-12-12,19,Copper,748.52,749.02,0.5,0.0662,-0.61,14074,79855,750,16.0,16.5,0.9,INR/kg,Dhan API v2 (Client 1112620458)
2025-12-12 20:00,2025-12-12,20,Copper,746.26,745.35,-0.91,-0.1217,-1.41,7006,77827,750,16.27,16.77,0.8977,INR/kg,Dhan API v2 (Client 1112620458)
2025-12-12 21:00,2025-12-12,21,Copper,744.68,746.14,1.46,0.1956,2.37,11688,81075,740,16.34,16.84,0.9219,INR/kg,Dhan API v2 (Client 1112620458)
2025-12-12 22:00,2025-12-12,22,Copper,745.58,746.25,0.66,0.0891,-0.8,13249,80657,750,16.34,16.84,0.9021,INR/kg,Dhan API v2 (Client 1112620458)
2025-12-12 23:00,2025-12-12,23,Copper,744.29,744.46,0.17,0.0224,-0.49,8516,78842,740,16.22,16.72,0.9154,INR/kg,Dhan API v2 (Client 1112620458)
2025-12-15 09:00,2025-12-15,9,Copper,743.32,745.33,2.02,0.2715,1.85,696,79779,740,15.68,16.18,0.938,INR/kg,Dhan API v2 (Client 1112620458)
2025-12-15 10:00,2025-12-15,10,Copper,743.05,743.6,0.55,0.0734,-1.47,2899,79039,740,15.57,16.07,0.9236,INR/kg,Dhan API v2 (Client 1112620458)
2025-12-15 11:00,2025-12-15,11,Copper,748.98,749.21,0.23,0.0303,-0.32,2488,78313,750,16.1,16.6,0.9175,INR/kg,Dhan API v2 (Client 1112620458)
2025-12-15 12:00,2025-12-15,12,Copper,742.82,743.1,0.27,0.0369,0.04,12945,79462,740,16.06,16.56,0.8921,INR/kg,Dhan API v2 (Client 1112620458)
2025-12-15 13:00,2025-12-15,13,Copper,740.78,741.15,0.36,0.0488,0.09,12140,79903,740,16.31,16.81,0.8901,INR/kg,Dhan API v2 (Client 1112620458)
2025-12-15 14:00,2025-12-15,14,Copper,741.38,738.86,-2.52,-0.3396,-2.88,4771,80909,740,16.08,16.58,0.8822,INR/kg,Dhan API v2 (Client 1112620458)
2025-12-15 15:00,2025-12-15,15,Copper,740.73,741.15,0.42,0.0563,2.94,6980,81154,740,16.59,17.09,0.9144,INR/kg,Dhan API v2 (Client 1112620458)
2025-12-15 16:00,2025-12-15,16,Copper,741.68,742.28,0.6,0.0815,0.18,14073,79769,740,16.11,16.61,0.9474,INR/kg,Dhan API v2 (Client 1112620458)
2025-12-15 17:00,2025-12-15,17,Copper,741.55,740.75,-0.8,-0.1082,-1.4,5048,78550,740,16.62,17.12,0.9103,INR/kg,Dhan API v2 (Client 1112620458)
2025-12-15 18:00,2025-12-15,18,Copper,734.51,735.18,0.67,0.0914,1.47,1940,79744,730,16.38,16.88,0.9172,INR/kg,Dhan API v2 (Client 1112620458)
2025-12-15 19:00,2025-12-15,19,Copper,736.96,738.33,1.37,0.1859,0.7,12237,79041,740,16.3,16.8,0.9172,INR/kg,Dhan API v2 (Client 1112620458)
2025-12-15 20:00,2025-12-15,20,Copper,737.38,737.9,0.52,0.0702,-0.85,807,80100,740,16.27,16.77,0.9157,INR/kg,Dhan API v2 (Client 1112620458)
2025-12-15 21:00,2025-12-15,21,Copper,739.92,740.16,0.24,0.0327,-0.28,1070,79813,740,15.85,16.35,0.9003,INR/kg,Dhan API v2 (Client 1112620458)
2025-12-15 22:00,2025-12-15,22,Copper,738.72,740.67,1.95,0.2633,1.71,13688,80680,740,16.43,16.93,0.8888,INR/kg,Dhan API v2 (Client 1112620458)
2025-12-15 23:00,2025-12-15,23,Copper,735.59,735.56,-0.03,-0.0041,-1.98,8897,80253,740,16.06,16.56,0.9068,INR/kg,Dhan API v2 (Client 1112620458)
2025-12-16 09:00,2025-12-16,9,Copper,732.37,730.84,-1.53,-0.2089,-1.5,7345,77823,730,16.37,16.87,0.9044,INR/kg,Dhan API v2 (Client 1112620458)
2025-12-16 10:00,2025-12-16,10,Copper,731.01,731.44,0.43,0.0589,1.96,12230,79281,730,15.96,16.46,0.9249,INR/kg,Dhan API v2 (Client 1112620458)
2025-12-16 11:00,2025-12-16,11,Copper,731.89,729.81,-2.09,-0.285,-2.52,6826,79747,730,16.35,16.85,0.892,INR/kg,Dhan API v2 (Client 1112620458)
2025-12-16 12:00,2025-12-16,12,Copper,730.62,731.01,0.38,0.0526,2.47,14187,79658,730,16.47,16.97,0.9209,INR/kg,Dhan API v2 (Client 1112620458)
2025-12-16 13:00,2025-12-16,13,Copper,731.34,731.0,-0.33,-0.0458,-0.71,3741,80139,730,15.81,16.31,0.9437,INR/kg,Dhan API v2 (Client 1112620458)
2025-12-16 14:00,2025-12-16,14,Copper,729.99,729.1,-0.89,-0.122,-0.56,11560,81282,730,16.38,16.88,0.9317,INR/kg,Dhan API v2 (Client 1112620458)
2025-12-16 15:00,2025-12-16,15,Copper,726.78,727.07,0.29,0.0401,1.18,8150,79225,730,16.57,17.07,0.9122,INR/kg,Dhan API v2 (Client 1112620458)
2025-12-16 16:00,2025-12-16,16,Copper,725.85,725.99,0.14,0.0195,-0.15,1573,79429,730,15.94,16.44,0.8886,INR/kg,Dhan API v2 (Client 1112620458)
2025-12-16 17:00,2025-12-16,17,Copper,725.88,725.9,0.01,0.0018,-0.13,6262,80617,730,16.43,16.93,0.8814,INR/kg,Dhan API v2 (Client 1112620458)
2025-12-16 18:00,2025-12-16,18,Copper,725.87,725.17,-0.7,-0.0959,-0.71,2081,78859,730,15.88,16.38,0.9271,INR/kg,Dhan API v2 (Client 1112620458)
2025-12-16 19:00,2025-12-16,19,Copper,724.39,724.88,0.49,0.0677,1.19,1616,79549,720,16.38,16.88,0.8956,INR/kg,Dhan API v2 (Client 1112620458)
2025-12-16 20:00,2025-12-16,20,Copper,719.24,719.05,-0.19,-0.0263,-0.68,1547,80161,720,16.4,16.9,0.9126,INR/kg,Dhan API v2 (Client 1112620458)
2025-12-16 21:00,2025-12-16,21,Copper,719.76,720.47,0.71,0.0985,0.9,13208,79508,720,16.01,16.51,0.9214,INR/kg,Dhan API v2 (Client 1112620458)
2025-12-16 22:00,2025-12-16,22,Copper,716.3,718.3,2.0,0.2793,1.29,13434,80110,720,16.25,16.75,0.8737,INR/kg,Dhan API v2 (Client 1112620458)
2025-12-16 23:00,2025-12-16,23,Copper,717.86,718.48,0.62,0.0864,-1.38,1036,80571,720,15.93,16.43,0.9157,INR/kg,Dhan API v2 (Client 1112620458)
2025-12-17 09:00,2025-12-17,9,Copper,715.43,713.97,-1.46,-0.204,-2.08,7205,79434,720,15.69,16.19,0.9247,INR/kg,Dhan API v2 (Client 1112620458)
2025-12-17 10:00,2025-12-17,10,Copper,715.22,713.81,-1.41,-0.197,0.05,5515,80066,720,15.95,16.45,0.911,INR/kg,Dhan API v2 (Client 1112620458)
2025-12-17 11:00,2025-12-17,11,Copper,715.91,716.57,0.66,0.0921,2.07,11939,79456,720,16.24,16.74,0.9336,INR/kg,Dhan API v2 (Client 1112620458)
2025-12-17 12:00,2025-12-17,12,Copper,717.73,717.15,-0.58,-0.0814,-1.24,6104,78392,720,15.86,16.36,0.9302,INR/kg,Dhan API v2 (Client 1112620458)
2025-12-17 13:00,2025-12-17,13,Copper,720.3,720.97,0.68,0.094,1.26,7893,80598,720,16.29,16.79,0.9105,INR/kg,Dhan API v2 (Client 1112620458)
2025-12-17 14:00,2025-12-17,14,Copper,716.44,716.2,-0.23,-0.0327,-0.91,3851,80313,720,16.27,16.77,0.9359,INR/kg,Dhan API v2 (Client 1112620458)
2025-12-17 15:00,2025-12-17,15,Copper,717.03,716.65,-0.38,-0.0533,-0.15,10154,78512,720,16.43,16.93,0.8984,INR/kg,Dhan API v2 (Client 1112620458)
2025-12-17 16:00,2025-12-17,16,Copper,712.54,714.09,1.55,0.2173,1.93,4574,78987,710,16.59,17.09,0.9174,INR/kg,Dhan API v2 (Client 1112620458)
2025-12-17 17:00,2025-12-17,17,Copper,713.91,714.24,0.34,0.0471,-1.21,3034,80305,710,16.24,16.74,0.9142,INR/kg,Dhan API v2 (Client 1112620458)
2025-12-17 18:00,2025-12-17,18,Copper,714.41,712.69,-1.72,-0.2409,-2.06,1177,80878,710,15.59,16.09,0.9214,INR/kg,Dhan API v2 (Client 1112620458)
2025-12-17 19:00,2025-12-17,19,Copper,717.87,717.94,0.07,0.0101,1.79,4951,79249,720,16.13,16.63,0.9512,INR/kg,Dhan API v2 (Client 1112620458)
2025-12-17 20:00,2025-12-17,20,Copper,715.71,717.08,1.37,0.1911,1.3,685,80721,720,16.39,16.89,0.9037,INR/kg,Dhan API v2 (Client 1112620458)
2025-12-17 21:00,2025-12-17,21,Copper,716.21,717.24,1.04,0.1447,-0.33,1604,78869,720,16.7,17.2,0.9396,INR/kg,Dhan API v2 (Client 1112620458)
2025-12-17 22:00,2025-12-17,22,Copper,715.4,716.28,0.88,0.123,-0.16,5902,80522,720,16.6,17.1,0.9054,INR/kg,Dhan API v2 (Client 1112620458)
2025-12-17 23:00,2025-12-17,23,Copper,716.0,716.28,0.29,0.0398,-0.59,9828,78934,720,16.68,17.18,0.9485,INR/kg,Dhan API v2 (Client 1112620458)
2025-12-18 09:00,2025-12-18,9,Copper,718.16,723.03,4.87,0.678,4.58,8663,79859,720,16.53,17.03,0.9034,INR/kg,Dhan API v2 (Client 1112620458)
2025-12-18 10:00,2025-12-18,10,Copper,720.74,723.28,2.54,0.3529,-2.33,13602,80458,720,16.26,16.76,0.9578,INR/kg,Dhan API v2 (Client 1112620458)
2025-12-18 11:00,2025-12-18,11,Copper,719.99,724.54,4.55,0.6321,2.01,9536,80773,720,16.0,16.5,0.9011,INR/kg,Dhan API v2 (Client 1112620458)
2025-12-18 12:00,2025-12-18,12,Copper,718.32,719.79,1.48,0.2055,-3.07,13775,79438,720,16.26,16.76,0.9205,INR/kg,Dhan API v2 (Client 1112620458)
2025-12-18 13:00,2025-12-18,13,Copper,721.38,724.72,3.34,0.4634,1.86,8905,80836,720,16.57,17.07,0.91,INR/kg,Dhan API v2 (Client 1112620458)
2025-12-18 14:00,2025-12-18,14,Copper,720.45,722.88,2.42,0.3365,-0.92,2638,80851,720,16.13,16.63,0.9372,INR/kg,Dhan API v2 (Client 1112620458)
2025-12-18 15:00,2025-12-18,15,Copper,718.73,721.95,3.23,0.4487,0.81,6722,81132,720,15.32,15.82,0.9454,INR/kg,Dhan API v2 (Client 1112620458)
2025-12-18 16:00,2025-12-18,16,Copper,718.45,720.14,1.69,0.2353,-1.54,10068,78955,720,16.14,16.64,0.9085,INR/kg,Dhan API v2 (Client 1112620458)
2025-12-18 17:00,2025-12-18,17,Copper,718.6,721.32,2.72,0.3784,1.03,14495,80369,720,16.02,16.52,0.9202,INR/kg,Dhan API v2 (Client 1112620458)
2025-12-18 18:00,2025-12-18,18,Copper,717.14,720.01,2.86,0.3995,0.14,5150,81177,720,16.33,16.83,0.9423,INR/kg,Dhan API v2 (Client 1112620458)
2025-12-18 19:00,2025-12-18,19,Copper,716.58,719.05,2.47,0.3453,-0.39,10563,80252,720,16.47,16.97,0.9483,INR/kg,Dhan API v2 (Client 1112620458)
2025-12-18 20:00,2025-12-18,20,Copper,716.74,720.15,3.42,0.4768,0.95,14952,79726,720,15.94,16.44,0.9308,INR/kg,Dhan API v2 (Client 1112620458)
2025-12-18 21:00,2025-12-18,21,Copper,718.31,721.81,3.51,0.4881,0.09,8077,80617,720,15.92,16.42,0.909,INR/kg,Dhan API v2 (Client 1112620458)
2025-12-18 22:00,2025-12-18,22,Copper,718.08,721.27,3.19,0.4435,-0.32,11188,78010,720,15.98,16.48,0.9332,INR/kg,Dhan API v2 (Client 1112620458)
2025-12-18 23:00,2025-12-18,23,Copper,718.04,721.2,3.16,0.4396,-0.03,6058,78998,720,15.68,16.18,0.9184,INR/kg,Dhan API v2 (Client 1112620458)
2025-12-19 09:00,2025-12-19,9,Copper,718.95,721.07,2.12,0.2951,-1.04,9358,79537,720,16.49,16.99,0.9297,INR/kg,Dhan API v2 (Client 1112620458)
2025-12-19 10:00,2025-12-19,10,Copper,720.18,724.88,4.71,0.6537,2.59,12224,79561,720,16.02,16.52,0.892,INR/kg,Dhan API v2 (Client 1112620458)
2025-12-19 11:00,2025-12-19,11,Copper,720.14,723.98,3.84,0.5338,-0.87,12296,80775,720,15.89,16.39,0.895,INR/kg,Dhan API v2 (Client 1112620458)
2025-12-19 12:00,2025-12-19,12,Copper,718.32,720.73,2.41,0.3359,-1.43,11886,79265,720,16.25,16.75,0.9016,INR/kg,Dhan API v2 (Client 1112620458)
2025-12-19 13:00,2025-12-19,13,Copper,715.32,718.85,3.53,0.4931,1.12,5028,79363,720,16.01,16.51,0.9186,INR/kg,Dhan API v2 (Client 1112620458)
2025-12-19 14:00,2025-12-19,14,Copper,717.6,722.82,5.22,0.7268,1.69,5672,80624,720,16.42,16.92,0.9036,INR/kg,Dhan API v2 (Client 1112620458)
2025-12-19 15:00,2025-12-19,15,Copper,717.7,721.1,3.4,0.4737,-1.82,4139,80009,720,16.11,16.61,0.9228,INR/kg,Dhan API v2 (Client 1112620458)
2025-12-19 16:00,2025-12-19,16,Copper,716.31,718.51,2.2,0.307,-1.2,11058,79803,720,16.88,17.38,0.9292,INR/kg,Dhan API v2 (Client 1112620458)
2025-12-19 17:00,2025-12-19,17,Copper,716.36,719.0,2.64,0.3687,0.44,13342,79185,720,16.91,17.41,0.9491,INR/kg,Dhan API v2 (Client 1112620458)
2025-12-19 18:00,2025-12-19,18,Copper,715.94,718.89,2.95,0.412,0.31,9788,79972,720,16.21,16.71,0.9101,INR/kg,Dhan API v2 (Client 1112620458)
2025-12-19 19:00,2025-12-19,19,Copper,712.88,715.64,2.76,0.3867,-0.19,10621,79084,710,16.28,16.78,0.9134,INR/kg,Dhan API v2 (Client 1112620458)
2025-12-19 20:00,2025-12-19,20,Copper,710.2,712.55,2.35,0.3302,-0.41,11516,80877,710,16.17,16.67,0.8803,INR/kg,Dhan API v2 (Client 1112620458)
2025-12-19 21:00,2025-12-19,21,Copper,710.49,713.57,3.08,0.434,0.73,1189,81119,710,15.81,16.31,0.901,INR/kg,Dhan API v2 (Client 1112620458)
2025-12-19 22:00,2025-12-19,22,Copper,710.75,714.75,4.0,0.5631,0.92,8318,77848,710,16.61,17.11,0.9154,INR/kg,Dhan API v2 (Client 1112620458)
2025-12-19 23:00,2025-12-19,23,Copper,711.97,715.6,3.63,0.5102,-0.37,7616,80487,710,16.05,16.55,0.905,INR/kg,Dhan API v2 (Client 1112620458)
2025-12-22 09:00,2025-12-22,9,Copper,708.67,711.19,2.52,0.3562,-1.11,6534,79980,710,16.34,16.84,0.8816,INR/kg,Dhan API v2 (Client 1112620458)
2025-12-22 10:00,2025-12-22,10,Copper,705.51,708.71,3.2,0.4535,0.68,1709,77427,710,16.54,17.04,0.9183,INR/kg,Dhan API v2 (Client 1112620458)
2025-12-22 11:00,2025-12-22,11,Copper,702.7,704.8,2.1,0.2995,-1.1,7662,78609,700,16.42,16.92,0.9284,INR/kg,Dhan API v2 (Client 1112620458)
2025-12-22 12:00,2025-12-22,12,Copper,702.19,706.55,4.36,0.6212,2.26,13044,78785,700,15.72,16.22,0.8743,INR/kg,Dhan API v2 (Client 1112620458)
2025-12-22 13:00,2025-12-22,13,Copper,704.54,705.74,1.2,0.171,-3.16,6177,80396,700,16.72,17.22,0.9188,INR/kg,Dhan API v2 (Client 1112620458)
2025-12-22 14:00,2025-12-22,14,Copper,706.66,709.35,2.7,0.3816,1.5,7093,78969,710,16.67,17.17,0.9439,INR/kg,Dhan API v2 (Client 1112620458)
2025-12-22 15:00,2025-12-22,15,Copper,705.13,707.94,2.82,0.3996,0.12,5739,78396,710,16.21,16.71,0.8815,INR/kg,Dhan API v2 (Client 1112620458)
2025-12-22 16:00,2025-12-22,16,Copper,704.58,709.28,4.7,0.6669,1.88,1618,81959,700,16.63,17.13,0.9257,INR/kg,Dhan API v2 (Client 1112620458)
2025-12-22 17:00,2025-12-22,17,Copper,702.9,705.09,2.19,0.3117,-2.51,12968,78325,700,16.38,16.88,0.8704,INR/kg,Dhan API v2 (Client 1112620458)
2025-12-22 18:00,2025-12-22,18,Copper,700.08,702.44,2.36,0.3373,0.17,14068,79788,700,16.59,17.09,0.9306,INR/kg,Dhan API v2 (Client 1112620458)
2025-12-22 19:00,2025-12-22,19,Copper,699.74,703.12,3.38,0.4836,1.02,6236,79276,700,16.16,16.66,0.9043,INR/kg,Dhan API v2 (Client 1112620458)
2025-12-22 20:00,2025-12-22,20,Copper,701.59,705.73,4.14,0.5903,0.76,6903,79338,700,16.59,17.09,0.928,INR/kg,Dhan API v2 (Client 1112620458)
2025-12-22 21:00,2025-12-22,21,Copper,700.54,702.13,1.6,0.228,-2.54,5811,79064,700,16.21,16.71,0.8958,INR/kg,Dhan API v2 (Client 1112620458)
2025-12-22 22:00,2025-12-22,22,Copper,701.75,706.23,4.48,0.6386,2.88,6374,80095,700,16.09,16.59,0.8994,INR/kg,Dhan API v2 (Client 1112620458)
2025-12-22 23:00,2025-12-22,23,Copper,701.95,703.56,1.61,0.2294,-2.87,10449,80863,700,15.7,16.2,0.9163,INR/kg,Dhan API v2 (Client 1112620458)
2025-12-23 09:00,2025-12-23,9,Copper,701.09,703.28,2.19,0.3128,0.58,13758,79973,700,15.89,16.39,0.8882,INR/kg,Dhan API v2 (Client 1112620458)
2025-12-23 10:00,2025-12-23,10,Copper,702.43,705.54,3.11,0.4426,0.92,14426,78621,700,16.32,16.82,0.9069,INR/kg,Dhan API v2 (Client 1112620458)
2025-12-23 11:00,2025-12-23,11,Copper,700.05,702.75,2.7,0.3859,-0.41,5500,80534,700,16.1,16.6,0.9432,INR/kg,Dhan API v2 (Client 1112620458)
2025-12-23 12:00,2025-12-23,12,Copper,701.19,703.64,2.45,0.3501,-0.25,3046,80324,700,16.55,17.05,0.9384,INR/kg,Dhan API v2 (Client 1112620458)
2025-12-23 13:00,2025-12-23,13,Copper,702.51,705.39,2.88,0.4106,0.43,7353,79191,700,16.11,16.61,0.9254,INR/kg,Dhan API v2 (Client 1112620458)
2025-12-23 14:00,2025-12-23,14,Copper,701.85,703.81,1.96,0.279,-0.92,13498,80087,700,16.44,16.94,0.9339,INR/kg,Dhan API v2 (Client 1112620458)
2025-12-23 15:00,2025-12-23,15,Copper,704.18,705.77,1.59,0.2264,-0.37,5628,78832,700,16.84,17.34,0.9437,INR/kg,Dhan API v2 (Client 1112620458)
2025-12-23 16:00,2025-12-23,16,Copper,706.37,710.17,3.8,0.538,2.21,4018,78081,710,16.28,16.78,0.8992,INR/kg,Dhan API v2 (Client 1112620458)
2025-12-23 17:00,2025-12-23,17,Copper,705.94,707.8,1.85,0.2622,-1.95,8957,80251,710,16.06,16.56,0.9004,INR/kg,Dhan API v2 (Client 1112620458)
2025-12-23 18:00,2025-12-23,18,Copper,703.17,707.19,4.03,0.5729,2.18,12194,80526,700,16.08,16.58,0.9242,INR/kg,Dhan API v2 (Client 1112620458)
2025-12-23 19:00,2025-12-23,19,Copper,703.51,706.5,2.99,0.4244,-1.04,13369,79457,700,16.26,16.76,0.9025,INR/kg,Dhan API v2 (Client 1112620458)
2025-12-23 20:00,2025-12-23,20,Copper,705.15,707.99,2.83,0.4016,-0.16,663,78793,710,16.02,16.52,0.923,INR/kg,Dhan API v2 (Client 1112620458)
2025-12-23 21:00,2025-12-23,21,Copper,704.66,707.66,2.99,0.4248,0.16,12127,80131,700,16.32,16.82,0.9242,INR/kg,Dhan API v2 (Client 1112620458)
2025-12-23 22:00,2025-12-23,22,Copper,706.17,708.82,2.65,0.3747,-0.34,1762,79918,710,16.23,16.73,0.8862,INR/kg,Dhan API v2 (Client 1112620458)
2025-12-23 23:00,2025-12-23,23,Copper,703.71,707.64,3.94,0.5593,1.29,10943,79309,700,16.14,16.64,0.8933,INR/kg,Dhan API v2 (Client 1112620458)
2025-12-24 09:00,2025-12-24,9,Copper,705.42,709.08,3.67,0.52,-0.27,6016,79958,710,16.18,16.68,0.8838,INR/kg,Dhan API v2 (Client 1112620458)
2025-12-24 10:00,2025-12-24,10,Copper,705.72,707.78,2.06,0.2919,-1.61,9529,80144,710,16.34,16.84,0.9341,INR/kg,Dhan API v2 (Client 1112620458)
2025-12-24 11:00,2025-12-24,11,Copper,706.33,710.0,3.67,0.5189,1.61,6332,79872,710,16.22,16.72,0.9019,INR/kg,Dhan API v2 (Client 1112620458)
2025-12-24 12:00,2025-12-24,12,Copper,709.14,713.01,3.87,0.545,0.2,8843,78732,710,15.95,16.45,0.9139,INR/kg,Dhan API v2 (Client 1112620458)
2025-12-24 13:00,2025-12-24,13,Copper,708.55,709.37,0.82,0.1156,-3.05,6237,80260,710,15.66,16.16,0.9125,INR/kg,Dhan API v2 (Client 1112620458)
2025-12-24 14:00,2025-12-24,14,Copper,707.3,710.84,3.54,0.5003,2.72,8844,78400,710,16.6,17.1,0.9025,INR/kg,Dhan API v2 (Client 1112620458)
2025-12-24 15:00,2025-12-24,15,Copper,709.13,713.45,4.33,0.61,0.79,6971,79636,710,16.22,16.72,0.9399,INR/kg,Dhan API v2 (Client 1112620458)
2025-12-24 16:00,2025-12-24,16,Copper,707.5,710.49,2.99,0.423,-1.34,7389,80167,710,16.47,16.97,0.9165,INR/kg,Dhan API v2 (Client 1112620458)
2025-12-24 17:00,2025-12-24,17,Copper,710.32,715.42,5.09,0.7172,2.1,9617,81440,710,15.67,16.17,0.9307,INR/kg,Dhan API v2 (Client 1112620458)
2025-12-24 18:00,2025-12-24,18,Copper,710.49,713.72,3.23,0.4541,-1.86,10999,79938,710,16.08,16.58,0.9469,INR/kg,Dhan API v2 (Client 1112620458)
2025-12-24 19:00,2025-12-24,19,Copper,708.73,710.75,2.02,0.2856,-1.21,12758,80225,710,16.61,17.11,0.8946,INR/kg,Dhan API v2 (Client 1112620458)
2025-12-24 20:00,2025-12-24,20,Copper,712.17,715.85,3.68,0.5163,1.66,4928,79581,710,16.52,17.02,0.902,INR/kg,Dhan API v2 (Client 1112620458)
2025-12-24 21:00,2025-12-24,21,Copper,710.52,711.94,1.42,0.2001,-2.26,3249,79655,710,15.94,16.44,0.9171,INR/kg,Dhan API v2 (Client 1112620458)
2025-12-24 22:00,2025-12-24,22,Copper,707.41,708.59,1.17,0.1659,-0.25,14795,77834,710,16.27,16.77,0.9515,INR/kg,Dhan API v2 (Client 1112620458)
2025-12-24 23:00,2025-12-24,23,Copper,707.12,710.73,3.61,0.5106,2.44,1683,80621,710,16.87,17.37,0.926,INR/kg,Dhan API v2 (Client 1112620458)
2025-12-25 09:00,2025-12-25,9,Copper,711.32,713.43,2.11,0.2965,-1.5,13777,80311,710,15.91,16.41,0.9528,INR/kg,Dhan API v2 (Client 1112620458)
2025-12-25 10:00,2025-12-25,10,Copper,710.45,716.35,5.9,0.8305,3.79,9220,79145,710,16.5,17.0,0.8846,INR/kg,Dhan API v2 (Client 1112620458)
2025-12-25 11:00,2025-12-25,11,Copper,709.95,710.76,0.82,0.1151,-5.08,4635,79964,710,16.43,16.93,0.921,INR/kg,Dhan API v2 (Client 1112620458)
2025-12-25 12:00,2025-12-25,12,Copper,709.07,712.92,3.84,0.5421,3.02,1255,79435,710,16.54,17.04,0.9206,INR/kg,Dhan API v2 (Client 1112620458)
2025-12-25 13:00,2025-12-25,13,Copper,709.39,711.04,1.65,0.2326,-2.19,11454,81429,710,16.26,16.76,0.9477,INR/kg,Dhan API v2 (Client 1112620458)
2025-12-25 14:00,2025-12-25,14,Copper,710.94,713.13,2.19,0.308,0.54,6321,78957,710,16.3,16.8,0.8756,INR/kg,Dhan API v2 (Client 1112620458)
2025-12-25 15:00,2025-12-25,15,Copper,712.92,714.52,1.6,0.2246,-0.59,6346,81050,710,16.36,16.86,0.905,INR/kg,Dhan API v2 (Client 1112620458)
2025-12-25 16:00,2025-12-25,16,Copper,714.86,716.4,1.54,0.2154,-0.06,13050,80229,710,15.99,16.49,0.8865,INR/kg,Dhan API v2 (Client 1112620458)
2025-12-25 17:00,2025-12-25,17,Copper,715.76,718.89,3.13,0.4378,1.59,12789,81446,720,16.0,16.5,0.8848,INR/kg,Dhan API v2 (Client 1112620458)
2025-12-25 18:00,2025-12-25,18,Copper,716.6,721.78,5.19,0.7237,2.06,14195,80021,720,15.91,16.41,0.9392,INR/kg,Dhan API v2 (Client 1112620458)
2025-12-25 19:00,2025-12-25,19,Copper,717.69,718.77,1.08,0.1511,-4.11,6579,79706,720,15.8,16.3,0.9266,INR/kg,Dhan API v2 (Client 1112620458)
2025-12-25 20:00,2025-12-25,20,Copper,714.9,718.0,3.1,0.4332,2.02,5013,79763,710,16.45,16.95,0.9456,INR/kg,Dhan API v2 (Client 1112620458)
2025-12-25 21:00,2025-12-25,21,Copper,716.89,717.69,0.8,0.1119,-2.3,13719,80203,720,16.47,16.97,0.9454,INR/kg,Dhan API v2 (Client 1112620458)
2025-12-25 22:00,2025-12-25,22,Copper,712.45,716.37,3.91,0.5495,3.11,13387,80470,710,16.27,16.77,0.9017,INR/kg,Dhan API v2 (Client 1112620458)
2025-12-25 23:00,2025-12-25,23,Copper,714.54,718.01,3.47,0.4856,-0.44,13623,79668,710,16.35,16.85,0.9086,INR/kg,Dhan API v2 (Client 1112620458)
2025-12-26 09:00,2025-12-26,9,Copper,716.99,719.81,2.82,0.393,-0.65,3164,79384,720,16.44,16.94,0.8965,INR/kg,Dhan API v2 (Client 1112620458)
2025-12-26 10:00,2025-12-26,10,Copper,720.94,723.76,2.82,0.3907,0.0,11085,78118,720,16.22,16.72,0.9031,INR/kg,Dhan API v2 (Client 1112620458)
2025-12-26 11:00,2025-12-26,11,Copper,723.61,727.11,3.5,0.4835,0.68,14892,80432,720,16.22,16.72,0.8832,INR/kg,Dhan API v2 (Client 1112620458)
2025-12-26 12:00,2025-12-26,12,Copper,721.75,724.15,2.4,0.333,-1.1,7903,78513,720,15.87,16.37,0.9432,INR/kg,Dhan API v2 (Client 1112620458)
2025-12-26 13:00,2025-12-26,13,Copper,720.2,722.43,2.23,0.31,-0.17,7942,80516,720,15.73,16.23,0.9148,INR/kg,Dhan API v2 (Client 1112620458)
2025-12-26 14:00,2025-12-26,14,Copper,719.65,720.55,0.9,0.125,-1.33,9169,79302,720,16.56,17.06,0.8885,INR/kg,Dhan API v2 (Client 1112620458)
2025-12-26 15:00,2025-12-26,15,Copper,722.16,722.42,0.26,0.0362,-0.64,9759,78860,720,15.93,16.43,0.9322,INR/kg,Dhan API v2 (Client 1112620458)
2025-12-26 16:00,2025-12-26,16,Copper,720.95,722.91,1.96,0.2722,1.7,14511,80135,720,16.46,16.96,0.9077,INR/kg,Dhan API v2 (Client 1112620458)
2025-12-26 17:00,2025-12-26,17,Copper,723.51,725.46,1.94,0.2687,-0.02,12063,79581,720,16.21,16.71,0.8977,INR/kg,Dhan API v2 (Client 1112620458)
2025-12-26 18:00,2025-12-26,18,Copper,726.24,727.04,0.79,0.1094,-1.15,7937,78959,730,16.18,16.68,0.9028,INR/kg,Dhan API v2 (Client 1112620458)
2025-12-26 19:00,2025-12-26,19,Copper,727.84,730.42,2.59,0.3554,1.8,10523,81057,730,16.39,16.89,0.9369,INR/kg,Dhan API v2 (Client 1112620458)
2025-12-26 20:00,2025-12-26,20,Copper,724.13,725.9,1.77,0.2441,-0.82,14060,78197,720,16.3,16.8,0.8976,INR/kg,Dhan API v2 (Client 1112620458)
2025-12-26 21:00,2025-12-26,21,Copper,722.21,725.83,3.62,0.5008,1.85,1832,81560,720,16.38,16.88,0.9077,INR/kg,Dhan API v2 (Client 1112620458)
2025-12-26 22:00,2025-12-26,22,Copper,723.51,725.3,1.79,0.2468,-1.83,14183,81545,720,15.7,16.2,0.917,INR/kg,Dhan API v2 (Client 1112620458)
2025-12-26 23:00,2025-12-26,23,Copper,724.64,725.66,1.02,0.1404,-0.77,9089,78526,720,15.94,16.44,0.9172,INR/kg,Dhan API v2 (Client 1112620458)
2025-12-29 09:00,2025-12-29,9,Copper,723.4,727.19,3.79,0.5235,2.77,10481,79748,720,16.41,16.91,0.9259,INR/kg,Dhan API v2 (Client 1112620458)
2025-12-29 10:00,2025-12-29,10,Copper,723.5,725.37,1.86,0.2576,-1.93,10876,80230,720,16.06,16.56,0.9075,INR/kg,Dhan API v2 (Client 1112620458)
2025-12-29 11:00,2025-12-29,11,Copper,724.86,728.4,3.54,0.488,1.68,1045,79902,720,15.42,15.92,0.8997,INR/kg,Dhan API v2 (Client 1112620458)
2025-12-29 12:00,2025-12-29,12,Copper,723.84,727.69,3.85,0.5319,0.31,12077,79480,720,16.32,16.82,0.9348,INR/kg,Dhan API v2 (Client 1112620458)
2025-12-29 13:00,2025-12-29,13,Copper,721.83,725.31,3.47,0.4813,-0.38,5698,79275,720,16.52,17.02,0.9295,INR/kg,Dhan API v2 (Client 1112620458)
2025-12-29 14:00,2025-12-29,14,Copper,722.24,723.42,1.18,0.1634,-2.29,5960,80650,720,16.49,16.99,0.9028,INR/kg,Dhan API v2 (Client 1112620458)
2025-12-29 15:00,2025-12-29,15,Copper,723.08,727.55,4.47,0.6182,3.29,8256,78795,720,16.13,16.63,0.9107,INR/kg,Dhan API v2 (Client 1112620458)
2025-12-29 16:00,2025-12-29,16,Copper,724.0,726.52,2.52,0.3476,-1.95,12927,78762,720,15.79,16.29,0.9038,INR/kg,Dhan API v2 (Client 1112620458)
2025-12-29 17:00,2025-12-29,17,Copper,728.73,732.91,4.18,0.573,1.66,4389,78045,730,15.82,16.32,0.906,INR/kg,Dhan API v2 (Client 1112620458)
2025-12-29 18:00,2025-12-29,18,Copper,728.74,731.34,2.6,0.3568,-1.58,7264,80244,730,16.57,17.07,0.9269,INR/kg,Dhan API v2 (Client 1112620458)
2025-12-29 19:00,2025-12-29,19,Copper,729.47,730.89,1.42,0.1951,-1.18,10864,77856,730,15.65,16.15,0.9016,INR/kg,Dhan API v2 (Client 1112620458)
2025-12-29 20:00,2025-12-29,20,Copper,729.39,731.97,2.58,0.3538,1.16,14170,80803,730,16.09,16.59,0.9188,INR/kg,Dhan API v2 (Client 1112620458)
2025-12-29 21:00,2025-12-29,21,Copper,729.47,731.27,1.8,0.2467,-0.78,1504,79708,730,16.02,16.52,0.8894,INR/kg,Dhan API v2 (Client 1112620458)
2025-12-29 22:00,2025-12-29,22,Copper,728.21,730.77,2.56,0.3515,0.76,3273,78116,730,15.9,16.4,0.8989,INR/kg,Dhan API v2 (Client 1112620458)
2025-12-29 23:00,2025-12-29,23,Copper,728.03,729.99,1.96,0.2693,-0.6,8877,78574,730,16.25,16.75,0.9099,INR/kg,Dhan API v2 (Client 1112620458)
2025-12-30 09:00,2025-12-30,9,Copper,733.11,736.39,3.28,0.4469,1.32,4023,79670,730,15.94,16.44,0.9023,INR/kg,Dhan API v2 (Client 1112620458)
2025-12-30 10:00,2025-12-30,10,Copper,733.58,736.12,2.54,0.3459,-0.74,3076,77155,730,16.21,16.71,0.9017,INR/kg,Dhan API v2 (Client 1112620458)
2025-12-30 11:00,2025-12-30,11,Copper,733.37,735.55,2.18,0.2968,-0.36,3371,79974,730,16.34,16.84,0.9231,INR/kg,Dhan API v2 (Client 1112620458)
2025-12-30 12:00,2025-12-30,12,Copper,730.97,731.93,0.97,0.132,-1.21,11322,78148,730,16.32,16.82,0.9067,INR/kg,Dhan API v2 (Client 1112620458)
2025-12-30 13:00,2025-12-30,13,Copper,730.8,734.22,3.43,0.4689,2.46,6689,79212,730,15.99,16.49,0.905,INR/kg,Dhan API v2 (Client 1112620458)
2025-12-30 14:00,2025-12-30,14,Copper,731.82,734.76,2.94,0.4018,-0.49,8120,79211,730,16.26,16.76,0.9122,INR/kg,Dhan API v2 (Client 1112620458)
2025-12-30 15:00,2025-12-30,15,Copper,731.78,735.58,3.8,0.5194,0.86,11078,79750,730,16.82,17.32,0.9084,INR/kg,Dhan API v2 (Client 1112620458)
2025-12-30 16:00,2025-12-30,16,Copper,726.59,729.89,3.3,0.4544,-0.5,5492,78115,730,16.21,16.71,0.9145,INR/kg,Dhan API v2 (Client 1112620458)
2025-12-30 17:00,2025-12-30,17,Copper,729.25,730.94,1.69,0.2314,-1.61,7616,79220,730,16.19,16.69,0.8987,INR/kg,Dhan API v2 (Client 1112620458)
2025-12-30 18:00,2025-12-30,18,Copper,728.13,729.83,1.7,0.2334,0.01,2737,79069,730,16.43,16.93,0.9258,INR/kg,Dhan API v2 (Client 1112620458)
2025-12-30 19:00,2025-12-30,19,Copper,733.92,737.73,3.81,0.5188,2.11,2653,79025,730,16.55,17.05,0.9309,INR/kg,Dhan API v2 (Client 1112620458)
2025-12-30 20:00,2025-12-30,20,Copper,734.39,734.35,-0.05,-0.0064,-3.86,8066,80807,730,15.92,16.42,0.8722,INR/kg,Dhan API v2 (Client 1112620458)
2025-12-30 21:00,2025-12-30,21,Copper,732.91,735.48,2.56,0.3496,2.61,7889,79553,730,16.41,16.91,0.9704,INR/kg,Dhan API v2 (Client 1112620458)
2025-12-30 22:00,2025-12-30,22,Copper,731.82,734.77,2.95,0.4034,0.39,3691,80441,730,16.32,16.82,0.9553,INR/kg,Dhan API v2 (Client 1112620458)
2025-12-30 23:00,2025-12-30,23,Copper,732.86,736.61,3.75,0.5111,0.8,11586,79517,730,16.42,16.92,0.8879,INR/kg,Dhan API v2 (Client 1112620458)
2025-12-31 09:00,2025-12-31,9,Copper,732.4,736.03,3.63,0.4963,-0.12,6558,78984,730,15.75,16.25,0.9118,INR/kg,Dhan API v2 (Client 1112620458)
2025-12-31 10:00,2025-12-31,10,Copper,732.27,733.82,1.56,0.2124,-2.07,8858,81048,730,16.61,17.11,0.8991,INR/kg,Dhan API v2 (Client 1112620458)
2025-12-31 11:00,2025-12-31,11,Copper,733.09,735.86,2.77,0.3783,1.21,669,78845,730,16.35,16.85,0.9002,INR/kg,Dhan API v2 (Client 1112620458)
2025-12-31 12:00,2025-12-31,12,Copper,732.16,736.23,4.07,0.5555,1.3,3996,78465,730,16.2,16.7,0.8979,INR/kg,Dhan API v2 (Client 1112620458)
2025-12-31 13:00,2025-12-31,13,Copper,733.76,736.01,2.25,0.3065,-1.82,3298,79966,730,16.0,16.5,0.9218,INR/kg,Dhan API v2 (Client 1112620458)
2025-12-31 14:00,2025-12-31,14,Copper,733.96,735.19,1.23,0.1674,-1.02,4396,79984,730,15.65,16.15,0.9344,INR/kg,Dhan API v2 (Client 1112620458)
2025-12-31 15:00,2025-12-31,15,Copper,730.84,732.59,1.75,0.2396,0.52,6997,80531,730,16.58,17.08,0.9601,INR/kg,Dhan API v2 (Client 1112620458)
2025-12-31 16:00,2025-12-31,16,Copper,731.54,736.67,5.13,0.7009,3.38,14075,80942,730,15.9,16.4,0.9287,INR/kg,Dhan API v2 (Client 1112620458)
2025-12-31 17:00,2025-12-31,17,Copper,730.87,733.16,2.29,0.3136,-2.84,4467,79183,730,16.09,16.59,0.9253,INR/kg,Dhan API v2 (Client 1112620458)
2025-12-31 18:00,2025-12-31,18,Copper,733.01,734.66,1.65,0.225,-0.64,7816,78605,730,16.34,16.84,0.9178,INR/kg,Dhan API v2 (Client 1112620458)
2025-12-31 19:00,2025-12-31,19,Copper,730.52,733.19,2.67,0.3656,1.02,7331,79376,730,15.84,16.34,0.8842,INR/kg,Dhan API v2 (Client 1112620458)
2025-12-31 20:00,2025-12-31,20,Copper,731.27,731.16,-0.1,-0.0139,-2.77,9597,80393,730,16.05,16.55,0.946,INR/kg,Dhan API v2 (Client 1112620458)
2025-12-31 21:00,2025-12-31,21,Copper,728.28,729.97,1.69,0.232,1.79,686,79116,730,16.23,16.73,0.8983,INR/kg,Dhan API v2 (Client 1112620458)
2025-12-31 22:00,2025-12-31,22,Copper,725.5,725.53,0.02,0.0031,-1.67,10706,78346,730,16.21,16.71,0.9302,INR/kg,Dhan API v2 (Client 1112620458)
2025-12-31 23:00,2025-12-31,23,Copper,727.48,728.37,0.89,0.1225,0.87,7531,79189,730,16.18,16.68,0.9237,INR/kg,Dhan API v2 (Client 1112620458)
2026-01-01 09:00,2026-01-01,9,Copper,728.34,730.35,2.01,0.2763,1.12,9789,78901,730,16.54,17.04,0.9166,INR/kg,Dhan API v2 (Client 1112620458)
2026-01-01 10:00,2026-01-01,10,Copper,729.83,731.57,1.74,0.2381,-0.27,2966,80198,730,16.07,16.57,0.9395,INR/kg,Dhan API v2 (Client 1112620458)
2026-01-01 11:00,2026-01-01,11,Copper,732.88,733.83,0.95,0.1291,-0.79,12190,79801,730,16.37,16.87,0.8944,INR/kg,Dhan API v2 (Client 1112620458)
2026-01-01 12:00,2026-01-01,12,Copper,733.86,736.68,2.82,0.3843,1.87,5436,79021,730,16.6,17.1,0.9145,INR/kg,Dhan API v2 (Client 1112620458)
2026-01-01 13:00,2026-01-01,13,Copper,731.34,733.59,2.25,0.3077,-0.57,7561,79907,730,16.34,16.84,0.9311,INR/kg,Dhan API v2 (Client 1112620458)
2026-01-01 14:00,2026-01-01,14,Copper,731.11,731.44,0.32,0.0441,-1.93,705,79011,730,15.99,16.49,0.9087,INR/kg,Dhan API v2 (Client 1112620458)
2026-01-01 15:00,2026-01-01,15,Copper,732.86,733.7,0.84,0.1145,0.52,10273,79922,730,15.98,16.48,0.9153,INR/kg,Dhan API v2 (Client 1112620458)
2026-01-01 16:00,2026-01-01,16,Copper,736.84,740.7,3.86,0.5236,3.02,8084,78511,740,15.9,16.4,0.9513,INR/kg,Dhan API v2 (Client 1112620458)
2026-01-01 17:00,2026-01-01,17,Copper,739.88,743.82,3.94,0.5324,0.08,6805,78132,740,16.45,16.95,0.9199,INR/kg,Dhan API v2 (Client 1112620458)
2026-01-01 18:00,2026-01-01,18,Copper,744.44,746.46,2.01,0.2706,-1.93,9575,79682,740,16.34,16.84,0.9345,INR/kg,Dhan API v2 (Client 1112620458)
2026-01-01 19:00,2026-01-01,19,Copper,743.87,743.38,-0.5,-0.0667,-2.51,1341,78364,740,15.76,16.26,0.9145,INR/kg,Dhan API v2 (Client 1112620458)
2026-01-01 20:00,2026-01-01,20,Copper,744.18,747.43,3.25,0.4371,3.75,13844,81292,740,15.7,16.2,0.9275,INR/kg,Dhan API v2 (Client 1112620458)
2026-01-01 21:00,2026-01-01,21,Copper,746.21,747.62,1.41,0.1892,-1.84,2957,79310,750,15.54,16.04,0.9181,INR/kg,Dhan API v2 (Client 1112620458)
2026-01-01 22:00,2026-01-01,22,Copper,747.63,749.69,2.06,0.2751,0.65,6429,79035,750,16.15,16.65,0.9425,INR/kg,Dhan API v2 (Client 1112620458)
2026-01-01 23:00,2026-01-01,23,Copper,746.48,749.03,2.56,0.3426,0.5,9963,79998,750,16.04,16.54,0.9186,INR/kg,Dhan API v2 (Client 1112620458)
2026-01-02 09:00,2026-01-02,9,Copper,745.03,747.21,2.18,0.2926,-0.38,13372,79086,750,16.02,16.52,0.9028,INR/kg,Dhan API v2 (Client 1112620458)
2026-01-02 10:00,2026-01-02,10,Copper,747.72,751.01,3.28,0.4391,1.1,7330,78893,750,16.82,17.32,0.9006,INR/kg,Dhan API v2 (Client 1112620458)
2026-01-02 11:00,2026-01-02,11,Copper,744.62,744.84,0.22,0.0295,-3.06,2654,80306,740,16.25,16.75,0.8827,INR/kg,Dhan API v2 (Client 1112620458)
2026-01-02 12:00,2026-01-02,12,Copper,745.6,747.35,1.75,0.2344,1.53,6960,78414,750,16.3,16.8,0.9349,INR/kg,Dhan API v2 (Client 1112620458)
2026-01-02 13:00,2026-01-02,13,Copper,746.27,749.61,3.34,0.4471,1.59,8062,79934,750,16.18,16.68,0.9101,INR/kg,Dhan API v2 (Client 1112620458)
2026-01-02 14:00,2026-01-02,14,Copper,745.25,746.71,1.46,0.1954,-1.88,723,80216,750,15.82,16.32,0.9115,INR/kg,Dhan API v2 (Client 1112620458)
2026-01-02 15:00,2026-01-02,15,Copper,743.24,744.69,1.45,0.1948,-0.01,14668,79945,740,16.45,16.95,0.9483,INR/kg,Dhan API v2 (Client 1112620458)
2026-01-02 16:00,2026-01-02,16,Copper,742.62,745.53,2.91,0.3916,1.46,2253,81180,740,16.46,16.96,0.905,INR/kg,Dhan API v2 (Client 1112620458)
2026-01-02 17:00,2026-01-02,17,Copper,741.69,744.26,2.58,0.3475,-0.33,14188,80861,740,16.68,17.18,0.9307,INR/kg,Dhan API v2 (Client 1112620458)
2026-01-02 18:00,2026-01-02,18,Copper,741.91,743.15,1.25,0.1683,-1.33,4250,80069,740,15.39,15.89,0.8818,INR/kg,Dhan API v2 (Client 1112620458)
2026-01-02 19:00,2026-01-02,19,Copper,744.63,746.23,1.6,0.2146,0.35,3483,79703,740,16.23,16.73,0.9525,INR/kg,Dhan API v2 (Client 1112620458)
2026-01-02 20:00,2026-01-02,20,Copper,744.74,746.82,2.08,0.2796,0.48,4109,79192,740,16.43,16.93,0.9035,INR/kg,Dhan API v2 (Client 1112620458)
2026-01-02 21:00,2026-01-02,21,Copper,744.62,747.06,2.44,0.3278,0.36,9058,79058,740,16.55,17.05,0.9202,INR/kg,Dhan API v2 (Client 1112620458)
2026-01-02 22:00,2026-01-02,22,Copper,745.77,748.29,2.53,0.3388,0.09,11924,80103,750,16.02,16.52,0.9244,INR/kg,Dhan API v2 (Client 1112620458)
2026-01-02 23:00,2026-01-02,23,Copper,747.13,750.61,3.48,0.466,0.95,1566,78512,750,16.2,16.7,0.9164,INR/kg,Dhan API v2 (Client 1112620458)
2026-01-05 09:00,2026-01-05,9,Copper,748.4,749.3,0.91,0.1211,-2.57,14296,80675,750,15.87,16.37,0.9424,INR/kg,Dhan API v2 (Client 1112620458)
2026-01-05 10:00,2026-01-05,10,Copper,748.41,750.46,2.05,0.2735,1.14,10761,79541,750,16.04,16.54,0.8883,INR/kg,Dhan API v2 (Client 1112620458)
2026-01-05 11:00,2026-01-05,11,Copper,749.07,751.29,2.22,0.2967,0.17,13533,79379,750,16.39,16.89,0.9127,INR/kg,Dhan API v2 (Client 1112620458)
2026-01-05 12:00,2026-01-05,12,Copper,750.55,752.37,1.82,0.2427,-0.4,10587,78341,750,16.07,16.57,0.9017,INR/kg,Dhan API v2 (Client 1112620458)
2026-01-05 13:00,2026-01-05,13,Copper,752.33,754.68,2.35,0.3127,0.53,5455,79474,750,15.86,16.36,0.8918,INR/kg,Dhan API v2 (Client 1112620458)
2026-01-05 14:00,2026-01-05,14,Copper,746.08,746.8,0.72,0.0968,-1.63,5409,77845,750,15.92,16.42,0.9069,INR/kg,Dhan API v2 (Client 1112620458)
2026-01-05 15:00,2026-01-05,15,Copper,746.34,749.28,2.94,0.3942,2.22,5478,78217,750,16.8,17.3,0.9239,INR/kg,Dhan API v2 (Client 1112620458)
2026-01-05 16:00,2026-01-05,16,Copper,746.91,749.03,2.12,0.2835,-0.82,4941,78829,750,15.95,16.45,0.9115,INR/kg,Dhan API v2 (Client 1112620458)
2026-01-05 17:00,2026-01-05,17,Copper,746.85,746.04,-0.8,-0.1078,-2.92,8344,80868,750,15.92,16.42,0.9505,INR/kg,Dhan API v2 (Client 1112620458)
2026-01-05 18:00,2026-01-05,18,Copper,744.22,746.66,2.44,0.3276,3.24,13528,78804,740,16.37,16.87,0.9179,INR/kg,Dhan API v2 (Client 1112620458)
2026-01-05 19:00,2026-01-05,19,Copper,743.18,745.6,2.42,0.3259,-0.02,11086,78027,740,15.83,16.33,0.8823,INR/kg,Dhan API v2 (Client 1112620458)
2026-01-05 20:00,2026-01-05,20,Copper,741.56,743.7,2.14,0.2884,-0.28,4193,79963,740,16.2,16.7,0.9092,INR/kg,Dhan API v2 (Client 1112620458)
2026-01-05 21:00,2026-01-05,21,Copper,743.4,746.49,3.09,0.4158,0.95,13756,80203,740,16.09,16.59,0.9233,INR/kg,Dhan API v2 (Client 1112620458)
2026-01-05 22:00,2026-01-05,22,Copper,742.25,745.04,2.8,0.3767,-0.29,8623,79109,740,15.69,16.19,0.9484,INR/kg,Dhan API v2 (Client 1112620458)
2026-01-05 23:00,2026-01-05,23,Copper,738.71,741.21,2.5,0.3382,-0.3,2245,81305,740,16.24,16.74,0.9247,INR/kg,Dhan API v2 (Client 1112620458)
2026-01-06 09:00,2026-01-06,9,Copper,736.81,739.81,3.0,0.4075,0.5,13416,79545,740,15.93,16.43,0.9162,INR/kg,Dhan API v2 (Client 1112620458)
2026-01-06 10:00,2026-01-06,10,Copper,741.02,743.66,2.63,0.355,-0.37,10511,79664,740,16.17,16.67,0.9249,INR/kg,Dhan API v2 (Client 1112620458)
2026-01-06 11:00,2026-01-06,11,Copper,742.52,744.15,1.63,0.22,-1.0,13390,78273,740,16.14,16.64,0.9332,INR/kg,Dhan API v2 (Client 1112620458)
2026-01-06 12:00,2026-01-06,12,Copper,740.41,742.22,1.81,0.2447,0.18,8413,79576,740,16.38,16.88,0.9409,INR/kg,Dhan API v2 (Client 1112620458)
2026-01-06 13:00,2026-01-06,13,Copper,740.0,742.02,2.02,0.2727,0.21,5318,79620,740,16.48,16.98,0.9148,INR/kg,Dhan API v2 (Client 1112620458)
2026-01-06 14:00,2026-01-06,14,Copper,743.14,744.42,1.28,0.1725,-0.74,6042,78635,740,16.23,16.73,0.9141,INR/kg,Dhan API v2 (Client 1112620458)
2026-01-06 15:00,2026-01-06,15,Copper,747.29,747.33,0.04,0.0056,-1.24,8857,79619,750,16.09,16.59,0.9635,INR/kg,Dhan API v2 (Client 1112620458)
2026-01-06 16:00,2026-01-06,16,Copper,744.74,746.44,1.7,0.2286,1.66,1974,80961,740,16.52,17.02,0.9457,INR/kg,Dhan API v2 (Client 1112620458)
2026-01-06 17:00,2026-01-06,17,Copper,746.24,747.03,0.79,0.1063,-0.91,7003,79630,750,16.35,16.85,0.8829,INR/kg,Dhan API v2 (Client 1112620458)
2026-01-06 18:00,2026-01-06,18,Copper,747.38,750.48,3.1,0.4143,2.31,1994,80019,750,16.45,16.95,0.9593,INR/kg,Dhan API v2 (Client 1112620458)
2026-01-06 19:00,2026-01-06,19,Copper,745.69,748.57,2.88,0.3863,-0.22,1113,78108,750,16.49,16.99,0.894,INR/kg,Dhan API v2 (Client 1112620458)
2026-01-06 20:00,2026-01-06,20,Copper,747.79,750.08,2.29,0.3066,-0.59,11986,80418,750,16.82,17.32,0.8733,INR/kg,Dhan API v2 (Client 1112620458)
2026-01-06 21:00,2026-01-06,21,Copper,744.93,745.8,0.87,0.1166,-1.42,14796,80198,740,16.0,16.5,0.9341,INR/kg,Dhan API v2 (Client 1112620458)
2026-01-06 22:00,2026-01-06,22,Copper,750.24,750.93,0.7,0.093,-0.17,13229,79556,750,16.28,16.78,0.9391,INR/kg,Dhan API v2 (Client 1112620458)
2026-01-06 23:00,2026-01-06,23,Copper,751.17,754.08,2.92,0.3884,2.22,6167,77339,750,16.21,16.71,0.9143,INR/kg,Dhan API v2 (Client 1112620458)
2026-01-07 09:00,2026-01-07,9,Copper,750.46,750.63,0.16,0.0218,-2.76,1402,77888,750,16.27,16.77,0.922,INR/kg,Dhan API v2 (Client 1112620458)
2026-01-07 10:00,2026-01-07,10,Copper,752.4,750.61,-1.79,-0.2379,-1.95,4593,78107,750,16.28,16.78,0.9707,INR/kg,Dhan API v2 (Client 1112620458)
2026-01-07 11:00,2026-01-07,11,Copper,752.64,754.43,1.79,0.2382,3.58,4212,79154,750,15.94,16.44,0.922,INR/kg,Dhan API v2 (Client 1112620458)
2026-01-07 12:00,2026-01-07,12,Copper,751.17,752.55,1.38,0.1832,-0.41,14144,80792,750,16.12,16.62,0.9276,INR/kg,Dhan API v2 (Client 1112620458)
2026-01-07 13:00,2026-01-07,13,Copper,752.51,752.66,0.15,0.02,-1.23,6642,78167,750,16.26,16.76,0.9376,INR/kg,Dhan API v2 (Client 1112620458)
2026-01-07 14:00,2026-01-07,14,Copper,751.31,751.52,0.21,0.028,0.06,11932,79127,750,16.76,17.26,0.8953,INR/kg,Dhan API v2 (Client 1112620458)
2026-01-07 15:00,2026-01-07,15,Copper,750.85,753.61,2.76,0.3678,2.55,7163,81695,750,16.18,16.68,0.9303,INR/kg,Dhan API v2 (Client 1112620458)
2026-01-07 16:00,2026-01-07,16,Copper,753.17,757.17,4.0,0.5311,1.24,10487,81076,750,16.28,16.78,0.9381,INR/kg,Dhan API v2 (Client 1112620458)
2026-01-07 17:00,2026-01-07,17,Copper,753.36,754.13,0.76,0.1011,-3.24,7534,79475,750,16.19,16.69,0.8904,INR/kg,Dhan API v2 (Client 1112620458)
2026-01-07 18:00,2026-01-07,18,Copper,754.55,755.94,1.39,0.1839,0.63,2792,80778,750,16.12,16.62,0.9246,INR/kg,Dhan API v2 (Client 1112620458)
2026-01-07 19:00,2026-01-07,19,Copper,757.08,757.61,0.53,0.0698,-0.86,6087,80039,760,15.9,16.4,0.8724,INR/kg,Dhan API v2 (Client 1112620458)
2026-01-07 20:00,2026-01-07,20,Copper,758.24,761.05,2.81,0.3706,2.28,12088,79394,760,15.79,16.29,0.9083,INR/kg,Dhan API v2 (Client 1112620458)
2026-01-07 21:00,2026-01-07,21,Copper,755.8,759.75,3.95,0.5228,1.14,1613,78958,760,16.51,17.01,0.8963,INR/kg,Dhan API v2 (Client 1112620458)
2026-01-07 22:00,2026-01-07,22,Copper,755.94,756.23,0.29,0.0381,-3.66,3483,77964,760,16.06,16.56,0.8809,INR/kg,Dhan API v2 (Client 1112620458)
2026-01-07 23:00,2026-01-07,23,Copper,760.92,764.89,3.97,0.5216,3.68,2962,78777,760,16.4,16.9,0.9195,INR/kg,Dhan API v2 (Client 1112620458)
2026-01-08 09:00,2026-01-08,9,Copper,761.6,764.34,2.74,0.3596,-1.23,3118,79780,760,15.77,16.27,0.9146,INR/kg,Dhan API v2 (Client 1112620458)
2026-01-08 10:00,2026-01-08,10,Copper,764.25,766.56,2.32,0.303,-0.42,3503,79224,760,15.96,16.46,0.911,INR/kg,Dhan API v2 (Client 1112620458)
2026-01-08 11:00,2026-01-08,11,Copper,766.47,768.21,1.74,0.2267,-0.58,11607,79631,770,15.98,16.48,0.9111,INR/kg,Dhan API v2 (Client 1112620458)
2026-01-08 12:00,2026-01-08,12,Copper,764.19,766.8,2.61,0.3413,0.87,9136,79121,760,16.53,17.03,0.9511,INR/kg,Dhan API v2 (Client 1112620458)
2026-01-08 13:00,2026-01-08,13,Copper,764.67,767.27,2.6,0.3402,-0.01,4439,78572,760,15.92,16.42,0.9521,INR/kg,Dhan API v2 (Client 1112620458)
2026-01-08 14:00,2026-01-08,14,Copper,764.59,765.09,0.5,0.0652,-2.1,4134,78393,760,16.65,17.15,0.8925,INR/kg,Dhan API v2 (Client 1112620458)
2026-01-08 15:00,2026-01-08,15,Copper,759.02,760.59,1.56,0.2061,1.06,14471,79881,760,16.16,16.66,0.8885,INR/kg,Dhan API v2 (Client 1112620458)
2026-01-08 16:00,2026-01-08,16,Copper,761.66,761.96,0.3,0.0395,-1.26,3625,80482,760,16.45,16.95,0.8986,INR/kg,Dhan API v2 (Client 1112620458)
2026-01-08 17:00,2026-01-08,17,Copper,761.89,762.57,0.68,0.0889,0.38,1029,79647,760,16.13,16.63,0.9401,INR/kg,Dhan API v2 (Client 1112620458)
2026-01-08 18:00,2026-01-08,18,Copper,760.9,764.1,3.2,0.4204,2.52,9053,80276,760,16.8,17.3,0.8718,INR/kg,Dhan API v2 (Client 1112620458)
2026-01-08 19:00,2026-01-08,19,Copper,762.43,764.7,2.27,0.298,-0.93,10466,78971,760,16.13,16.63,0.8627,INR/kg,Dhan API v2 (Client 1112620458)
2026-01-08 20:00,2026-01-08,20,Copper,760.09,761.76,1.67,0.2199,-0.6,12044,78479,760,15.8,16.3,0.8871,INR/kg,Dhan API v2 (Client 1112620458)
2026-01-08 21:00,2026-01-08,21,Copper,759.73,760.23,0.51,0.0668,-1.16,8023,80858,760,16.16,16.66,0.9186,INR/kg,Dhan API v2 (Client 1112620458)
2026-01-08 22:00,2026-01-08,22,Copper,757.97,762.06,4.09,0.54,3.58,5248,79832,760,15.98,16.48,0.9208,INR/kg,Dhan API v2 (Client 1112620458)
2026-01-08 23:00,2026-01-08,23,Copper,756.26,759.35,3.08,0.4079,-1.01,3854,81038,760,15.85,16.35,0.9088,INR/kg,Dhan API v2 (Client 1112620458)
2026-01-09 09:00,2026-01-09,9,Copper,757.29,759.17,1.88,0.2483,-1.2,4478,80673,760,16.45,16.95,0.8877,INR/kg,Dhan API v2 (Client 1112620458)
2026-01-09 10:00,2026-01-09,10,Copper,757.7,759.77,2.06,0.2724,0.18,9002,78048,760,15.98,16.48,0.9368,INR/kg,Dhan API v2 (Client 1112620458)
2026-01-09 11:00,2026-01-09,11,Copper,758.5,758.72,0.22,0.0288,-1.84,6399,79422,760,16.74,17.24,0.91,INR/kg,Dhan API v2 (Client 1112620458)
2026-01-09 12:00,2026-01-09,12,Copper,759.82,762.02,2.2,0.2891,1.98,14758,79354,760,16.27,16.77,0.8914,INR/kg,Dhan API v2 (Client 1112620458)
2026-01-09 13:00,2026-01-09,13,Copper,758.42,761.14,2.71,0.358,0.51,7457,78978,760,16.41,16.91,0.9023,INR/kg,Dhan API v2 (Client 1112620458)
2026-01-09 14:00,2026-01-09,14,Copper,754.36,756.81,2.45,0.3252,-0.26,13704,80765,750,16.03,16.53,0.9536,INR/kg,Dhan API v2 (Client 1112620458)
2026-01-09 15:00,2026-01-09,15,Copper,751.86,752.62,0.75,0.1001,-1.7,13070,79585,750,16.59,17.09,0.9281,INR/kg,Dhan API v2 (Client 1112620458)
2026-01-09 16:00,2026-01-09,16,Copper,749.39,751.09,1.7,0.227,0.95,3237,79336,750,16.06,16.56,0.9615,INR/kg,Dhan API v2 (Client 1112620458)
2026-01-09 17:00,2026-01-09,17,Copper,747.65,746.5,-1.16,-0.1546,-2.86,9385,78494,750,16.08,16.58,0.885,INR/kg,Dhan API v2 (Client 1112620458)
2026-01-09 18:00,2026-01-09,18,Copper,751.31,751.94,0.64,0.085,1.8,13698,80062,750,16.08,16.58,0.9422,INR/kg,Dhan API v2 (Client 1112620458)
2026-01-09 19:00,2026-01-09,19,Copper,752.73,755.19,2.46,0.3262,1.82,14422,80270,750,16.25,16.75,0.9458,INR/kg,Dhan API v2 (Client 1112620458)
2026-01-09 20:00,2026-01-09,20,Copper,755.75,755.77,0.02,0.0025,-2.44,4721,79275,760,16.19,16.69,0.9105,INR/kg,Dhan API v2 (Client 1112620458)
2026-01-09 21:00,2026-01-09,21,Copper,756.89,757.77,0.88,0.1161,0.86,6594,78624,760,16.05,16.55,0.8751,INR/kg,Dhan API v2 (Client 1112620458)
2026-01-09 22:00,2026-01-09,22,Copper,758.35,760.29,1.94,0.2554,1.06,4317,78466,760,15.9,16.4,0.9357,INR/kg,Dhan API v2 (Client 1112620458)
2026-01-09 23:00,2026-01-09,23,Copper,759.68,760.94,1.27,0.1668,-0.67,3469,78374,760,15.6,16.1,0.8966,INR/kg,Dhan API v2 (Client 1112620458)
2026-01-12 09:00,2026-01-12,9,Copper,760.5,761.43,0.93,0.1226,-0.34,2695,78218,760,16.18,16.68,0.9517,INR/kg,Dhan API v2 (Client 1112620458)
2026-01-12 10:00,2026-01-12,10,Copper,763.52,766.0,2.48,0.3246,1.55,8110,80754,760,16.12,16.62,0.9286,INR/kg,Dhan API v2 (Client 1112620458)
2026-01-12 11:00,2026-01-12,11,Copper,766.01,768.88,2.88,0.3753,0.4,5822,79054,770,16.87,17.37,0.8754,INR/kg,Dhan API v2 (Client 1112620458)
2026-01-12 12:00,2026-01-12,12,Copper,763.17,764.27,1.1,0.1436,-1.78,14600,78191,760,16.25,16.75,0.9067,INR/kg,Dhan API v2 (Client 1112620458)
2026-01-12 13:00,2026-01-12,13,Copper,763.98,764.3,0.32,0.0422,-0.78,2154,77124,760,15.93,16.43,0.8936,INR/kg,Dhan API v2 (Client 1112620458)
2026-01-12 14:00,2026-01-12,14,Copper,764.51,766.16,1.64,0.2151,1.32,2226,79995,760,16.01,16.51,0.9174,INR/kg,Dhan API v2 (Client 1112620458)
2026-01-12 15:00,2026-01-12,15,Copper,764.45,766.62,2.18,0.2849,0.54,14258,79667,760,16.18,16.68,0.9231,INR/kg,Dhan API v2 (Client 1112620458)
2026-01-12 16:00,2026-01-12,16,Copper,764.35,766.97,2.62,0.3425,0.44,3940,80426,760,15.93,16.43,0.9414,INR/kg,Dhan API v2 (Client 1112620458)
2026-01-12 17:00,2026-01-12,17,Copper,762.93,762.43,-0.5,-0.0653,-3.12,10024,79293,760,15.96,16.46,0.8865,INR/kg,Dhan API v2 (Client 1112620458)
2026-01-12 18:00,2026-01-12,18,Copper,762.17,763.29,1.12,0.1465,1.62,13827,80546,760,16.5,17.0,0.9282,INR/kg,Dhan API v2 (Client 1112620458)
2026-01-12 19:00,2026-01-12,19,Copper,761.35,763.24,1.89,0.2488,0.77,752,79615,760,16.18,16.68,0.9286,INR/kg,Dhan API v2 (Client 1112620458)
2026-01-12 20:00,2026-01-12,20,Copper,763.73,763.47,-0.26,-0.0343,-2.15,4417,78500,760,16.13,16.63,0.9304,INR/kg,Dhan API v2 (Client 1112620458)
2026-01-12 21:00,2026-01-12,21,Copper,760.72,763.51,2.79,0.3661,3.05,1059,80180,760,15.88,16.38,0.8752,INR/kg,Dhan API v2 (Client 1112620458)
2026-01-12 22:00,2026-01-12,22,Copper,761.09,762.33,1.25,0.164,-1.54,9598,78659,760,16.21,16.71,0.8805,INR/kg,Dhan API v2 (Client 1112620458)
2026-01-12 23:00,2026-01-12,23,Copper,758.95,760.28,1.33,0.1747,0.08,12205,78677,760,15.64,16.14,0.9109,INR/kg,Dhan API v2 (Client 1112620458)
2026-01-13 09:00,2026-01-13,9,Copper,760.06,758.96,-1.1,-0.1447,-2.43,10810,79110,760,15.95,16.45,0.9253,INR/kg,Dhan API v2 (Client 1112620458)
2026-01-13 10:00,2026-01-13,10,Copper,761.0,760.88,-0.12,-0.0161,0.98,9765,79741,760,15.9,16.4,0.8993,INR/kg,Dhan API v2 (Client 1112620458)
2026-01-13 11:00,2026-01-13,11,Copper,761.72,761.59,-0.13,-0.0169,-0.01,10535,79419,760,16.63,17.13,0.9512,INR/kg,Dhan API v2 (Client 1112620458)
2026-01-13 12:00,2026-01-13,12,Copper,763.37,764.96,1.59,0.2079,1.72,6707,78308,760,16.46,16.96,0.9148,INR/kg,Dhan API v2 (Client 1112620458)
2026-01-13 13:00,2026-01-13,13,Copper,763.56,765.29,1.73,0.2261,0.14,6426,78755,760,16.03,16.53,0.9195,INR/kg,Dhan API v2 (Client 1112620458)
2026-01-13 14:00,2026-01-13,14,Copper,768.84,770.71,1.88,0.2444,0.15,1495,78741,770,15.85,16.35,0.9444,INR/kg,Dhan API v2 (Client 1112620458)
2026-01-13 15:00,2026-01-13,15,Copper,765.47,767.41,1.94,0.254,0.06,1461,80291,770,16.77,17.27,0.8882,INR/kg,Dhan API v2 (Client 1112620458)
2026-01-13 16:00,2026-01-13,16,Copper,765.84,764.88,-0.96,-0.1256,-2.9,7192,81057,770,16.34,16.84,0.9102,INR/kg,Dhan API v2 (Client 1112620458)
2026-01-13 17:00,2026-01-13,17,Copper,768.52,768.45,-0.07,-0.0096,0.89,984,78857,770,16.24,16.74,0.9253,INR/kg,Dhan API v2 (Client 1112620458)
2026-01-13 18:00,2026-01-13,18,Copper,768.4,771.54,3.13,0.4076,3.2,1685,78261,770,15.98,16.48,0.8973,INR/kg,Dhan API v2 (Client 1112620458)
2026-01-13 19:00,2026-01-13,19,Copper,772.11,772.57,0.47,0.0606,-2.66,549,79867,770,16.06,16.56,0.8999,INR/kg,Dhan API v2 (Client 1112620458)
2026-01-13 20:00,2026-01-13,20,Copper,770.54,770.81,0.27,0.0349,-0.2,6080,79335,770,16.2,16.7,0.9082,INR/kg,Dhan API v2 (Client 1112620458)
2026-01-13 21:00,2026-01-13,21,Copper,769.27,769.36,0.09,0.0114,-0.18,13501,78563,770,16.31,16.81,0.8992,INR/kg,Dhan API v2 (Client 1112620458)
2026-01-13 22:00,2026-01-13,22,Copper,767.16,770.04,2.89,0.3761,2.8,13382,79152,770,15.85,16.35,0.9221,INR/kg,Dhan API v2 (Client 1112620458)
2026-01-13 23:00,2026-01-13,23,Copper,770.74,771.98,1.24,0.1605,-1.65,8001,80358,770,16.79,17.29,0.9249,INR/kg,Dhan API v2 (Client 1112620458)
2026-01-14 09:00,2026-01-14,9,Copper,773.02,774.27,1.25,0.1612,0.01,546,81517,770,16.61,17.11,0.9278,INR/kg,Dhan API v2 (Client 1112620458)
2026-01-14 10:00,2026-01-14,10,Copper,773.1,775.6,2.5,0.3234,1.25,938,80265,770,15.8,16.3,0.9154,INR/kg,Dhan API v2 (Client 1112620458)
2026-01-14 11:00,2026-01-14,11,Copper,769.03,766.82,-2.22,-0.2883,-4.72,1847,81267,770,16.43,16.93,0.9209,INR/kg,Dhan API v2 (Client 1112620458)
2026-01-14 12:00,2026-01-14,12,Copper,769.26,769.81,0.55,0.0715,2.77,14618,78896,770,15.85,16.35,0.8914,INR/kg,Dhan API v2 (Client 1112620458)
2026-01-14 13:00,2026-01-14,13,Copper,764.18,764.37,0.2,0.0258,-0.35,10407,79677,760,16.15,16.65,0.8927,INR/kg,Dhan API v2 (Client 1112620458)
2026-01-14 14:00,2026-01-14,14,Copper,765.07,764.85,-0.23,-0.0296,-0.43,10410,79655,770,16.43,16.93,0.9346,INR/kg,Dhan API v2 (Client 1112620458)
2026-01-14 15:00,2026-01-14,15,Copper,769.69,769.48,-0.21,-0.0275,0.02,7852,79796,770,16.75,17.25,0.929,INR/kg,Dhan API v2 (Client 1112620458)
2026-01-14 16:00,2026-01-14,16,Copper,767.9,771.43,3.53,0.46,3.74,8840,78145,770,16.22,16.72,0.9414,INR/kg,Dhan API v2 (Client 1112620458)
2026-01-14 17:00,2026-01-14,17,Copper,771.45,774.02,2.57,0.3336,-0.96,3137,79302,770,16.09,16.59,0.925,INR/kg,Dhan API v2 (Client 1112620458)
2026-01-14 18:00,2026-01-14,18,Copper,774.16,776.63,2.47,0.3193,-0.1,12631,78787,770,16.42,16.92,0.9181,INR/kg,Dhan API v2 (Client 1112620458)
2026-01-14 19:00,2026-01-14,19,Copper,773.64,773.91,0.27,0.0355,-2.2,8579,78910,770,16.1,16.6,0.9309,INR/kg,Dhan API v2 (Client 1112620458)
2026-01-14 20:00,2026-01-14,20,Copper,773.45,776.58,3.13,0.4042,2.86,6724,78836,770,16.46,16.96,0.8793,INR/kg,Dhan API v2 (Client 1112620458)
2026-01-14 21:00,2026-01-14,21,Copper,773.93,774.88,0.94,0.1217,-2.19,12308,79570,770,16.22,16.72,0.9069,INR/kg,Dhan API v2 (Client 1112620458)
2026-01-14 22:00,2026-01-14,22,Copper,772.03,773.35,1.33,0.1722,0.39,12600,79966,770,16.38,16.88,0.9105,INR/kg,Dhan API v2 (Client 1112620458)
2026-01-14 23:00,2026-01-14,23,Copper,768.54,769.92,1.38,0.1791,0.05,6904,79625,770,15.79,16.29,0.8828,INR/kg,Dhan API v2 (Client 1112620458)
2026-01-15 09:00,2026-01-15,9,Copper,765.49,765.44,-0.05,-0.0063,-1.43,4143,79028,770,15.67,16.17,0.9283,INR/kg,Dhan API v2 (Client 1112620458)
2026-01-15 10:00,2026-01-15,10,Copper,763.35,764.37,1.02,0.1334,1.07,8069,79415,760,16.23,16.73,0.925,INR/kg,Dhan API v2 (Client 1112620458)
2026-01-15 11:00,2026-01-15,11,Copper,760.74,761.58,0.84,0.1108,-0.18,2327,80956,760,16.3,16.8,0.9238,INR/kg,Dhan API v2 (Client 1112620458)
2026-01-15 12:00,2026-01-15,12,Copper,762.56,763.1,0.54,0.0714,-0.3,6356,80037,760,16.57,17.07,0.9119,INR/kg,Dhan API v2 (Client 1112620458)
2026-01-15 13:00,2026-01-15,13,Copper,765.42,766.04,0.62,0.0812,0.08,14747,79257,770,16.27,16.77,0.9023,INR/kg,Dhan API v2 (Client 1112620458)
2026-01-15 14:00,2026-01-15,14,Copper,765.76,766.8,1.04,0.1363,0.42,10563,80791,770,16.42,16.92,0.9095,INR/kg,Dhan API v2 (Client 1112620458)
2026-01-15 15:00,2026-01-15,15,Copper,766.22,767.63,1.41,0.1834,0.37,8685,79404,770,16.17,16.67,0.9236,INR/kg,Dhan API v2 (Client 1112620458)
2026-01-15 16:00,2026-01-15,16,Copper,765.66,768.42,2.75,0.3596,1.34,11017,79357,770,16.25,16.75,0.8935,INR/kg,Dhan API v2 (Client 1112620458)
2026-01-15 17:00,2026-01-15,17,Copper,766.26,766.97,0.71,0.093,-2.04,5271,79217,770,16.15,16.65,0.8729,INR/kg,Dhan API v2 (Client 1112620458)
2026-01-15 18:00,2026-01-15,18,Copper,765.05,763.64,-1.41,-0.1839,-2.12,9269,79009,770,16.37,16.87,0.9607,INR/kg,Dhan API v2 (Client 1112620458)
2026-01-15 19:00,2026-01-15,19,Copper,759.14,759.19,0.05,0.0067,1.46,4170,77796,760,16.45,16.95,0.9027,INR/kg,Dhan API v2 (Client 1112620458)
2026-01-15 20:00,2026-01-15,20,Copper,758.34,760.27,1.93,0.2547,1.88,3169,80081,760,16.08,16.58,0.8805,INR/kg,Dhan API v2 (Client 1112620458)
2026-01-15 21:00,2026-01-15,21,Copper,759.37,758.44,-0.93,-0.122,-2.86,10285,79397,760,16.31,16.81,0.9191,INR/kg,Dhan API v2 (Client 1112620458)
2026-01-15 22:00,2026-01-15,22,Copper,756.93,757.67,0.73,0.0969,1.66,5545,78909,760,15.79,16.29,0.9383,INR/kg,Dhan API v2 (Client 1112620458)
2026-01-15 23:00,2026-01-15,23,Copper,761.71,762.39,0.68,0.0892,-0.05,2345,81341,760,16.58,17.08,0.9319,INR/kg,Dhan API v2 (Client 1112620458)
2026-01-16 09:00,2026-01-16,9,Copper,763.83,764.47,0.64,0.0833,-0.04,7931,80042,760,15.81,16.31,0.9159,INR/kg,Dhan API v2 (Client 1112620458)
2026-01-16 10:00,2026-01-16,10,Copper,763.13,764.53,1.4,0.1832,0.76,10091,78598,760,15.92,16.42,0.9448,INR/kg,Dhan API v2 (Client 1112620458)
2026-01-16 11:00,2026-01-16,11,Copper,760.03,760.86,0.83,0.1094,-0.57,6058,77251,760,16.21,16.71,0.9156,INR/kg,Dhan API v2 (Client 1112620458)
2026-01-16 12:00,2026-01-16,12,Copper,758.99,761.05,2.07,0.2721,1.24,5867,79151,760,15.84,16.34,0.9109,INR/kg,Dhan API v2 (Client 1112620458)
2026-01-16 13:00,2026-01-16,13,Copper,759.23,760.03,0.8,0.1051,-1.27,748,78597,760,15.45,15.95,0.9394,INR/kg,Dhan API v2 (Client 1112620458)
2026-01-16 14:00,2026-01-16,14,Copper,760.29,759.58,-0.71,-0.0938,-1.51,6676,80031,760,16.61,17.11,0.8988,INR/kg,Dhan API v2 (Client 1112620458)
2026-01-16 15:00,2026-01-16,15,Copper,763.01,763.6,0.6,0.0781,1.31,4751,80036,760,15.55,16.05,0.9072,INR/kg,Dhan API v2 (Client 1112620458)
2026-01-16 16:00,2026-01-16,16,Copper,761.33,761.51,0.17,0.0228,-0.43,2606,81165,760,16.76,17.26,0.9198,INR/kg,Dhan API v2 (Client 1112620458)
2026-01-16 17:00,2026-01-16,17,Copper,759.12,758.74,-0.38,-0.05,-0.55,14938,80539,760,16.4,16.9,0.8977,INR/kg,Dhan API v2 (Client 1112620458)
2026-01-16 18:00,2026-01-16,18,Copper,759.0,761.36,2.36,0.3116,2.74,7049,81286,760,16.47,16.97,0.9166,INR/kg,Dhan API v2 (Client 1112620458)
2026-01-16 19:00,2026-01-16,19,Copper,757.76,757.04,-0.72,-0.095,-3.08,12699,79797,760,16.31,16.81,0.8602,INR/kg,Dhan API v2 (Client 1112620458)
2026-01-16 20:00,2026-01-16,20,Copper,755.3,754.49,-0.8,-0.1066,-0.08,9348,80144,760,16.57,17.07,0.9285,INR/kg,Dhan API v2 (Client 1112620458)
2026-01-16 21:00,2026-01-16,21,Copper,756.94,758.47,1.52,0.2012,2.32,9223,78354,760,16.28,16.78,0.9152,INR/kg,Dhan API v2 (Client 1112620458)
2026-01-16 22:00,2026-01-16,22,Copper,756.98,757.98,1.0,0.1326,-0.52,1513,78745,760,16.32,16.82,0.9438,INR/kg,Dhan API v2 (Client 1112620458)
2026-01-16 23:00,2026-01-16,23,Copper,758.22,759.51,1.29,0.1696,0.29,6348,79401,760,16.18,16.68,0.9555,INR/kg,Dhan API v2 (Client 1112620458)
2026-01-19 09:00,2026-01-19,9,Copper,760.03,762.66,2.62,0.3453,1.33,6172,79991,760,16.48,16.98,0.9241,INR/kg,Dhan API v2 (Client 1112620458)
2026-01-19 10:00,2026-01-19,10,Copper,760.73,762.31,1.57,0.207,-1.05,4753,78471,760,16.5,17.0,0.9327,INR/kg,Dhan API v2 (Client 1112620458)
2026-01-19 11:00,2026-01-19,11,Copper,760.64,760.59,-0.05,-0.0061,-1.62,11964,79920,760,16.11,16.61,0.9222,INR/kg,Dhan API v2 (Client 1112620458)
2026-01-19 12:00,2026-01-19,12,Copper,763.0,763.98,0.97,0.1276,1.02,12211,80066,760,16.59,17.09,0.8912,INR/kg,Dhan API v2 (Client 1112620458)
2026-01-19 13:00,2026-01-19,13,Copper,761.7,763.67,1.97,0.2589,1.0,1116,77924,760,16.58,17.08,0.9581,INR/kg,Dhan API v2 (Client 1112620458)
2026-01-19 14:00,2026-01-19,14,Copper,760.59,761.66,1.07,0.1404,-0.9,7958,79329,760,16.09,16.59,0.9385,INR/kg,Dhan API v2 (Client 1112620458)
2026-01-19 15:00,2026-01-19,15,Copper,760.45,760.59,0.14,0.0183,-0.93,1638,80076,760,16.36,16.86,0.9092,INR/kg,Dhan API v2 (Client 1112620458)
2026-01-19 16:00,2026-01-19,16,Copper,760.88,762.24,1.36,0.1787,1.22,14797,79955,760,16.57,17.07,0.928,INR/kg,Dhan API v2 (Client 1112620458)
2026-01-19 17:00,2026-01-19,17,Copper,759.02,758.14,-0.88,-0.1161,-2.24,3003,79766,760,16.15,16.65,0.891,INR/kg,Dhan API v2 (Client 1112620458)
2026-01-19 18:00,2026-01-19,18,Copper,760.4,761.37,0.97,0.1271,1.85,4685,78531,760,16.16,16.66,0.8881,INR/kg,Dhan API v2 (Client 1112620458)
2026-01-19 19:00,2026-01-19,19,Copper,759.2,760.97,1.77,0.2335,0.8,8024,77917,760,15.78,16.28,0.9423,INR/kg,Dhan API v2 (Client 1112620458)
2026-01-19 20:00,2026-01-19,20,Copper,761.06,762.29,1.23,0.1615,-0.54,2061,79759,760,16.1,16.6,0.8868,INR/kg,Dhan API v2 (Client 1112620458)
2026-01-19 21:00,2026-01-19,21,Copper,762.84,763.45,0.61,0.0798,-0.62,11205,78663,760,15.91,16.41,0.9411,INR/kg,Dhan API v2 (Client 1112620458)
2026-01-19 22:00,2026-01-19,22,Copper,763.73,765.38,1.66,0.2167,1.05,7547,81230,760,15.75,16.25,0.9088,INR/kg,Dhan API v2 (Client 1112620458)
2026-01-19 23:00,2026-01-19,23,Copper,764.67,767.32,2.65,0.347,0.99,11646,80965,760,16.39,16.89,0.9263,INR/kg,Dhan API v2 (Client 1112620458)
2026-01-20 09:00,2026-01-20,9,Copper,765.73,766.77,1.04,0.1357,-1.61,5122,80176,770,15.61,16.11,0.9056,INR/kg,Dhan API v2 (Client 1112620458)
2026-01-20 10:00,2026-01-20,10,Copper,765.38,766.22,0.84,0.1091,-0.2,12235,79382,770,16.16,16.66,0.9074,INR/kg,Dhan API v2 (Client 1112620458)
2026-01-20 11:00,2026-01-20,11,Copper,761.36,762.04,0.68,0.0897,-0.16,6681,79698,760,16.36,16.86,0.9113,INR/kg,Dhan API v2 (Client 1112620458)
2026-01-20 12:00,2026-01-20,12,Copper,762.53,761.09,-1.44,-0.1892,-2.12,1263,79148,760,16.58,17.08,0.9198,INR/kg,Dhan API v2 (Client 1112620458)
2026-01-20 13:00,2026-01-20,13,Copper,764.2,766.2,2.0,0.2612,3.44,12498,80297,760,15.75,16.25,0.9007,INR/kg,Dhan API v2 (Client 1112620458)
2026-01-20 14:00,2026-01-20,14,Copper,764.59,766.12,1.53,0.1998,-0.47,10135,80050,760,16.57,17.07,0.9162,INR/kg,Dhan API v2 (Client 1112620458)
2026-01-20 15:00,2026-01-20,15,Copper,764.86,764.53,-0.33,-0.0437,-1.86,3011,78616,760,16.29,16.79,0.8806,INR/kg,Dhan API v2 (Client 1112620458)
2026-01-20 16:00,2026-01-20,16,Copper,763.57,763.58,0.01,0.0019,0.34,6608,80521,760,15.96,16.46,0.8783,INR/kg,Dhan API v2 (Client 1112620458)
2026-01-20 17:00,2026-01-20,17,Copper,766.52,768.16,1.65,0.2149,1.64,4195,78168,770,16.59,17.09,0.9086,INR/kg,Dhan API v2 (Client 1112620458)
2026-01-20 18:00,2026-01-20,18,Copper,768.14,769.17,1.03,0.1341,-0.62,8191,78785,770,16.4,16.9,0.9088,INR/kg,Dhan API v2 (Client 1112620458)
2026-01-20 19:00,2026-01-20,19,Copper,768.14,768.47,0.33,0.0433,-0.7,9481,78875,770,15.98,16.48,0.9611,INR/kg,Dhan API v2 (Client 1112620458)
2026-01-20 20:00,2026-01-20,20,Copper,768.46,769.23,0.77,0.1008,0.44,12216,77766,770,16.48,16.98,0.9164,INR/kg,Dhan API v2 (Client 1112620458)
2026-01-20 21:00,2026-01-20,21,Copper,771.26,771.74,0.48,0.0621,-0.29,11089,80717,770,16.52,17.02,0.9048,INR/kg,Dhan API v2 (Client 1112620458)
2026-01-20 22:00,2026-01-20,22,Copper,775.21,774.6,-0.61,-0.0782,-1.09,2682,77436,780,16.12,16.62,0.926,INR/kg,Dhan API v2 (Client 1112620458)
2026-01-20 23:00,2026-01-20,23,Copper,773.79,774.35,0.56,0.073,1.17,1007,80053,770,16.41,16.91,0.921,INR/kg,Dhan API v2 (Client 1112620458)
2026-01-21 09:00,2026-01-21,9,Copper,774.66,775.55,0.89,0.1152,0.33,5510,81684,770,15.83,16.33,0.9342,INR/kg,Dhan API v2 (Client 1112620458)
2026-01-21 10:00,2026-01-21,10,Copper,774.63,776.21,1.59,0.2049,0.7,10481,80106,770,16.35,16.85,0.9211,INR/kg,Dhan API v2 (Client 1112620458)
2026-01-21 11:00,2026-01-21,11,Copper,780.35,781.91,1.56,0.2002,-0.03,2507,78996,780,16.37,16.87,0.8955,INR/kg,Dhan API v2 (Client 1112620458)
2026-01-21 12:00,2026-01-21,12,Copper,780.79,784.57,3.78,0.4838,2.22,8308,79140,780,15.59,16.09,0.9215,INR/kg,Dhan API v2 (Client 1112620458)
2026-01-21 13:00,2026-01-21,13,Copper,780.98,782.42,1.44,0.185,-2.34,9648,78493,780,15.79,16.29,0.9008,INR/kg,Dhan API v2 (Client 1112620458)
2026-01-21 14:00,2026-01-21,14,Copper,779.95,780.07,0.12,0.0158,-1.32,6284,79059,780,16.23,16.73,0.8645,INR/kg,Dhan API v2 (Client 1112620458)
2026-01-21 15:00,2026-01-21,15,Copper,779.63,780.1,0.47,0.0601,0.35,9067,80800,780,16.38,16.88,0.9437,INR/kg,Dhan API v2 (Client 1112620458)
2026-01-21 16:00,2026-01-21,16,Copper,779.26,779.21,-0.05,-0.0065,-0.52,1100,80621,780,15.74,16.24,0.9035,INR/kg,Dhan API v2 (Client 1112620458)
2026-01-21 17:00,2026-01-21,17,Copper,780.55,781.0,0.44,0.0567,0.49,14952,79799,780,15.91,16.41,0.9017,INR/kg,Dhan API v2 (Client 1112620458)
2026-01-21 18:00,2026-01-21,18,Copper,784.76,785.42,0.66,0.0843,0.22,6951,78851,780,16.16,16.66,0.9006,INR/kg,Dhan API v2 (Client 1112620458)
2026-01-21 19:00,2026-01-21,19,Copper,783.02,783.96,0.95,0.121,0.29,2317,78563,780,15.95,16.45,0.9343,INR/kg,Dhan API v2 (Client 1112620458)
2026-01-21 20:00,2026-01-21,20,Copper,782.54,781.42,-1.12,-0.1433,-2.07,8165,79819,780,16.12,16.62,0.9097,INR/kg,Dhan API v2 (Client 1112620458)
2026-01-21 21:00,2026-01-21,21,Copper,782.15,781.11,-1.04,-0.1329,0.08,9298,79116,780,16.2,16.7,0.9363,INR/kg,Dhan API v2 (Client 1112620458)
2026-01-21 22:00,2026-01-21,22,Copper,780.08,783.81,3.73,0.4781,4.77,7133,79189,780,16.4,16.9,0.9128,INR/kg,Dhan API v2 (Client 1112620458)
2026-01-21 23:00,2026-01-21,23,Copper,778.6,776.69,-1.91,-0.245,-5.64,14945,79189,780,16.17,16.67,0.9194,INR/kg,Dhan API v2 (Client 1112620458)
2026-01-22 09:00,2026-01-22,9,Copper,776.63,776.26,-0.36,-0.0468,1.55,12830,79781,780,16.06,16.56,0.9276,INR/kg,Dhan API v2 (Client 1112620458)
2026-01-22 10:00,2026-01-22,10,Copper,775.44,777.15,1.7,0.2196,2.06,14883,80760,780,16.06,16.56,0.9106,INR/kg,Dhan API v2 (Client 1112620458)
2026-01-22 11:00,2026-01-22,11,Copper,778.66,777.32,-1.34,-0.1719,-3.04,6759,79638,780,15.84,16.34,0.9049,INR/kg,Dhan API v2 (Client 1112620458)
2026-01-22 12:00,2026-01-22,12,Copper,779.45,781.88,2.43,0.3114,3.77,8423,79370,780,16.74,17.24,0.9124,INR/kg,Dhan API v2 (Client 1112620458)
2026-01-22 13:00,2026-01-22,13,Copper,781.56,781.85,0.29,0.0368,-2.14,10804,80427,780,16.29,16.79,0.932,INR/kg,Dhan API v2 (Client 1112620458)
2026-01-22 14:00,2026-01-22,14,Copper,783.29,783.98,0.69,0.088,0.4,8033,80572,780,15.84,16.34,0.8997,INR/kg,Dhan API v2 (Client 1112620458)
2026-01-22 15:00,2026-01-22,15,Copper,782.34,783.92,1.58,0.2021,0.89,3054,78599,780,16.75,17.25,0.9052,INR/kg,Dhan API v2 (Client 1112620458)
2026-01-22 16:00,2026-01-22,16,Copper,783.9,784.51,0.61,0.0774,-0.97,5761,79653,780,16.27,16.77,0.9272,INR/kg,Dhan API v2 (Client 1112620458)
2026-01-22 17:00,2026-01-22,17,Copper,777.56,777.35,-0.21,-0.0269,-0.82,8573,79067,780,16.36,16.86,0.9004,INR/kg,Dhan API v2 (Client 1112620458)
2026-01-22 18:00,2026-01-22,18,Copper,779.58,780.64,1.05,0.1349,1.26,9837,80723,780,15.88,16.38,0.9478,INR/kg,Dhan API v2 (Client 1112620458)
2026-01-22 19:00,2026-01-22,19,Copper,779.52,779.39,-0.13,-0.0164,-1.18,6862,79339,780,16.61,17.11,0.9085,INR/kg,Dhan API v2 (Client 1112620458)
2026-01-22 20:00,2026-01-22,20,Copper,778.98,778.49,-0.49,-0.0628,-0.36,10477,79553,780,16.31,16.81,0.9793,INR/kg,Dhan API v2 (Client 1112620458)
2026-01-22 21:00,2026-01-22,21,Copper,780.63,781.99,1.36,0.1744,1.85,13971,77726,780,16.22,16.72,0.935,INR/kg,Dhan API v2 (Client 1112620458)
2026-01-22 22:00,2026-01-22,22,Copper,779.8,780.9,1.1,0.1408,-0.26,2794,81240,780,16.29,16.79,0.8867,INR/kg,Dhan API v2 (Client 1112620458)
2026-01-22 23:00,2026-01-22,23,Copper,780.51,781.4,0.89,0.1146,-0.21,6197,80550,780,16.55,17.05,0.9318,INR/kg,Dhan API v2 (Client 1112620458)
2026-01-23 09:00,2026-01-23,9,Copper,779.62,780.88,1.26,0.1616,0.37,14908,79254,780,16.22,16.72,0.8773,INR/kg,Dhan API v2 (Client 1112620458)
2026-01-23 10:00,2026-01-23,10,Copper,778.87,780.77,1.89,0.2433,0.63,8461,77588,780,16.3,16.8,0.8984,INR/kg,Dhan API v2 (Client 1112620458)
2026-01-23 11:00,2026-01-23,11,Copper,777.29,778.06,0.77,0.0995,-1.12,9293,80575,780,17.0,17.5,0.9153,INR/kg,Dhan API v2 (Client 1112620458)
2026-01-23 12:00,2026-01-23,12,Copper,785.23,784.75,-0.49,-0.0623,-1.26,2083,81489,790,16.17,16.67,0.9283,INR/kg,Dhan API v2 (Client 1112620458)
2026-01-23 13:00,2026-01-23,13,Copper,780.28,778.37,-1.91,-0.2449,-1.42,6376,78939,780,16.33,16.83,0.9187,INR/kg,Dhan API v2 (Client 1112620458)
2026-01-23 14:00,2026-01-23,14,Copper,786.07,788.45,2.38,0.3023,4.29,9939,79398,790,16.09,16.59,0.9276,INR/kg,Dhan API v2 (Client 1112620458)
2026-01-23 15:00,2026-01-23,15,Copper,785.36,787.72,2.37,0.3013,-0.01,11116,80695,790,16.26,16.76,0.8899,INR/kg,Dhan API v2 (Client 1112620458)
2026-01-23 16:00,2026-01-23,16,Copper,787.13,787.24,0.1,0.0133,-2.27,13054,81155,790,16.37,16.87,0.9252,INR/kg,Dhan API v2 (Client 1112620458)
2026-01-23 17:00,2026-01-23,17,Copper,788.36,787.56,-0.79,-0.1007,-0.89,5558,80368,790,16.56,17.06,0.9188,INR/kg,Dhan API v2 (Client 1112620458)
2026-01-23 18:00,2026-01-23,18,Copper,788.89,788.94,0.05,0.0065,0.84,14636,80305,790,16.46,16.96,0.9009,INR/kg,Dhan API v2 (Client 1112620458)
2026-01-23 19:00,2026-01-23,19,Copper,791.81,791.82,0.01,0.0018,-0.04,10433,79790,790,16.12,16.62,0.9524,INR/kg,Dhan API v2 (Client 1112620458)
2026-01-23 20:00,2026-01-23,20,Copper,790.03,789.66,-0.37,-0.0463,-0.38,1133,79859,790,16.38,16.88,0.8992,INR/kg,Dhan API v2 (Client 1112620458)
2026-01-23 21:00,2026-01-23,21,Copper,791.53,791.83,0.3,0.0381,0.67,13580,79738,790,16.07,16.57,0.9373,INR/kg,Dhan API v2 (Client 1112620458)
2026-01-23 22:00,2026-01-23,22,Copper,792.42,792.15,-0.27,-0.0343,-0.57,2177,81108,790,16.12,16.62,0.9415,INR/kg,Dhan API v2 (Client 1112620458)
2026-01-23 23:00,2026-01-23,23,Copper,791.42,790.05,-1.37,-0.1737,-1.1,5972,79933,790,16.47,16.97,0.8973,INR/kg,Dhan API v2 (Client 1112620458)
2026-01-26 09:00,2026-01-26,9,Copper,794.17,793.44,-0.73,-0.0914,0.64,6568,81046,790,16.24,16.74,0.9555,INR/kg,Dhan API v2 (Client 1112620458)
2026-01-26 10:00,2026-01-26,10,Copper,789.84,789.64,-0.2,-0.0252,0.53,13894,80267,790,16.45,16.95,0.9353,INR/kg,Dhan API v2 (Client 1112620458)
2026-01-26 11:00,2026-01-26,11,Copper,787.44,788.0,0.56,0.0705,0.76,7524,80440,790,16.11,16.61,0.929,INR/kg,Dhan API v2 (Client 1112620458)
2026-01-26 12:00,2026-01-26,12,Copper,786.15,785.71,-0.44,-0.0559,-1.0,6091,79258,790,16.46,16.96,0.8845,INR/kg,Dhan API v2 (Client 1112620458)
2026-01-26 13:00,2026-01-26,13,Copper,784.86,784.14,-0.72,-0.0917,-0.28,6950,80296,780,16.05,16.55,0.8992,INR/kg,Dhan API v2 (Client 1112620458)
2026-01-26 14:00,2026-01-26,14,Copper,784.63,786.82,2.19,0.279,2.91,11438,80158,780,16.57,17.07,0.9187,INR/kg,Dhan API v2 (Client 1112620458)
2026-01-26 15:00,2026-01-26,15,Copper,783.08,784.3,1.23,0.1568,-0.96,9796,80410,780,15.61,16.11,0.9113,INR/kg,Dhan API v2 (Client 1112620458)
2026-01-26 16:00,2026-01-26,16,Copper,787.62,788.04,0.42,0.0538,-0.81,3705,79907,790,16.16,16.66,0.96,INR/kg,Dhan API v2 (Client 1112620458)
2026-01-26 17:00,2026-01-26,17,Copper,787.18,787.69,0.52,0.0657,0.1,8264,79119,790,16.33,16.83,0.8702,INR/kg,Dhan API v2 (Client 1112620458)
2026-01-26 18:00,2026-01-26,18,Copper,784.82,784.04,-0.78,-0.099,-1.3,6406,78333,780,16.18,16.68,0.9073,INR/kg,Dhan API v2 (Client 1112620458)
2026-01-26 19:00,2026-01-26,19,Copper,788.17,787.91,-0.26,-0.0324,0.52,8628,80467,790,15.55,16.05,0.9269,INR/kg,Dhan API v2 (Client 1112620458)
2026-01-26 20:00,2026-01-26,20,Copper,786.06,787.51,1.45,0.184,1.71,13768,80739,790,16.13,16.63,0.8907,INR/kg,Dhan API v2 (Client 1112620458)
2026-01-26 21:00,2026-01-26,21,Copper,787.4,788.0,0.6,0.0762,-0.85,6616,78558,790,16.26,16.76,0.9208,INR/kg,Dhan API v2 (Client 1112620458)
2026-01-26 22:00,2026-01-26,22,Copper,789.53,789.0,-0.53,-0.0674,-1.13,7631,80180,790,16.12,16.62,0.8913,INR/kg,Dhan API v2 (Client 1112620458)
2026-01-26 23:00,2026-01-26,23,Copper,789.4,790.26,0.86,0.1086,1.39,9870,78379,790,16.3,16.8,0.8985,INR/kg,Dhan API v2 (Client 1112620458)
2026-01-27 09:00,2026-01-27,9,Copper,788.2,788.67,0.47,0.0595,-0.39,10722,80140,790,16.37,16.87,0.9157,INR/kg,Dhan API v2 (Client 1112620458)
2026-01-27 10:00,2026-01-27,10,Copper,788.98,789.85,0.88,0.1111,0.41,3010,79167,790,15.81,16.31,0.9307,INR/kg,Dhan API v2 (Client 1112620458)
2026-01-27 11:00,2026-01-27,11,Copper,788.15,790.52,2.37,0.3011,1.49,613,81085,790,16.33,16.83,0.9499,INR/kg,Dhan API v2 (Client 1112620458)
2026-01-27 12:00,2026-01-27,12,Copper,787.14,787.18,0.04,0.0052,-2.33,9478,80615,790,16.26,16.76,0.898,INR/kg,Dhan API v2 (Client 1112620458)
2026-01-27 13:00,2026-01-27,13,Copper,784.83,785.62,0.79,0.1009,0.75,3075,79009,780,16.1,16.6,0.8889,INR/kg,Dhan API v2 (Client 1112620458)
2026-01-27 14:00,2026-01-27,14,Copper,785.94,785.51,-0.43,-0.0548,-1.22,13630,78959,790,16.12,16.62,0.8768,INR/kg,Dhan API v2 (Client 1112620458)
2026-01-27 15:00,2026-01-27,15,Copper,782.77,783.05,0.28,0.0363,0.71,10857,79600,780,16.33,16.83,0.9349,INR/kg,Dhan API v2 (Client 1112620458)
2026-01-27 16:00,2026-01-27,16,Copper,781.25,782.04,0.79,0.1013,0.51,7249,80975,780,16.21,16.71,0.8997,INR/kg,Dhan API v2 (Client 1112620458)
2026-01-27 17:00,2026-01-27,17,Copper,785.21,787.57,2.36,0.3001,1.57,11800,79591,790,16.33,16.83,0.9126,INR/kg,Dhan API v2 (Client 1112620458)
2026-01-27 18:00,2026-01-27,18,Copper,785.57,786.86,1.29,0.1644,-1.07,3129,81355,790,15.71,16.21,0.9114,INR/kg,Dhan API v2 (Client 1112620458)
2026-01-27 19:00,2026-01-27,19,Copper,783.63,783.71,0.07,0.0093,-1.22,7015,80849,780,16.72,17.22,0.9056,INR/kg,Dhan API v2 (Client 1112620458)
2026-01-27 20:00,2026-01-27,20,Copper,786.2,786.18,-0.03,-0.0035,-0.1,7548,78766,790,16.4,16.9,0.8893,INR/kg,Dhan API v2 (Client 1112620458)
2026-01-27 21:00,2026-01-27,21,Copper,787.22,786.47,-0.74,-0.0946,-0.71,7832,77688,790,15.92,16.42,0.916,INR/kg,Dhan API v2 (Client 1112620458)
2026-01-27 22:00,2026-01-27,22,Copper,788.56,790.59,2.03,0.2573,2.77,2406,80551,790,16.02,16.52,0.9515,INR/kg,Dhan API v2 (Client 1112620458)
2026-01-27 23:00,2026-01-27,23,Copper,789.06,789.79,0.73,0.0923,-1.3,2759,80813,790,16.1,16.6,0.9635,INR/kg,Dhan API v2 (Client 1112620458)
2026-01-28 09:00,2026-01-28,9,Copper,787.96,787.55,-0.41,-0.0518,-1.14,5514,80377,790,16.24,16.74,0.9446,INR/kg,Dhan API v2 (Client 1112620458)
2026-01-28 10:00,2026-01-28,10,Copper,790.2,790.86,0.65,0.0825,1.06,11899,78208,790,16.35,16.85,0.9061,INR/kg,Dhan API v2 (Client 1112620458)
2026-01-28 11:00,2026-01-28,11,Copper,792.15,791.71,-0.44,-0.0559,-1.09,14971,78390,790,16.16,16.66,0.9049,INR/kg,Dhan API v2 (Client 1112620458)
2026-01-28 12:00,2026-01-28,12,Copper,792.44,793.25,0.81,0.1025,1.25,4958,79683,790,16.23,16.73,0.961,INR/kg,Dhan API v2 (Client 1112620458)
2026-01-28 13:00,2026-01-28,13,Copper,798.04,797.38,-0.65,-0.0817,-1.46,11786,78725,800,16.66,17.16,0.9298,INR/kg,Dhan API v2 (Client 1112620458)
2026-01-28 14:00,2026-01-28,14,Copper,796.35,797.84,1.48,0.1863,2.13,10819,79954,800,16.06,16.56,0.9338,INR/kg,Dhan API v2 (Client 1112620458)
2026-01-28 15:00,2026-01-28,15,Copper,795.09,794.49,-0.6,-0.0755,-2.08,13657,80747,800,16.26,16.76,0.8971,INR/kg,Dhan API v2 (Client 1112620458)
2026-01-28 16:00,2026-01-28,16,Copper,795.54,794.95,-0.59,-0.0736,0.01,14333,78648,800,16.16,16.66,0.9539,INR/kg,Dhan API v2 (Client 1112620458)
2026-01-28 17:00,2026-01-28,17,Copper,797.3,797.05,-0.25,-0.0315,0.34,9715,79257,800,16.12,16.62,0.9024,INR/kg,Dhan API v2 (Client 1112620458)
2026-01-28 18:00,2026-01-28,18,Copper,794.56,796.91,2.34,0.2947,2.59,11653,80891,790,16.24,16.74,0.9328,INR/kg,Dhan API v2 (Client 1112620458)
2026-01-28 19:00,2026-01-28,19,Copper,792.44,790.77,-1.67,-0.2105,-4.01,6501,81484,790,16.78,17.28,0.9039,INR/kg,Dhan API v2 (Client 1112620458)
2026-01-28 20:00,2026-01-28,20,Copper,789.93,790.2,0.27,0.0341,1.94,14423,80879,790,16.27,16.77,0.95,INR/kg,Dhan API v2 (Client 1112620458)
2026-01-28 21:00,2026-01-28,21,Copper,790.26,790.2,-0.06,-0.0079,-0.33,4244,79290,790,15.93,16.43,0.9017,INR/kg,Dhan API v2 (Client 1112620458)
2026-01-28 22:00,2026-01-28,22,Copper,790.77,791.47,0.7,0.0882,0.76,13579,79795,790,16.5,17.0,0.8848,INR/kg,Dhan API v2 (Client 1112620458)
2026-01-28 23:00,2026-01-28,23,Copper,789.62,789.98,0.36,0.0454,-0.34,2456,79405,790,15.95,16.45,0.9238,INR/kg,Dhan API v2 (Client 1112620458)
2026-01-29 09:00,2026-01-29,9,Copper,789.43,792.04,2.61,0.3302,2.25,12132,78531,790,16.06,16.56,0.8953,INR/kg,Dhan API v2 (Client 1112620458)
2026-01-29 10:00,2026-01-29,10,Copper,789.01,792.83,3.82,0.4836,1.21,5220,79538,790,16.19,16.69,0.9213,INR/kg,Dhan API v2 (Client 1112620458)
2026-01-29 11:00,2026-01-29,11,Copper,791.87,796.88,5.02,0.6334,1.2,7878,80128,790,16.35,16.85,0.9299,INR/kg,Dhan API v2 (Client 1112620458)
2026-01-29 12:00,2026-01-29,12,Copper,788.97,791.37,2.4,0.3044,-2.62,9815,79253,790,16.43,16.93,0.8687,INR/kg,Dhan API v2 (Client 1112620458)
2026-01-29 13:00,2026-01-29,13,Copper,788.27,791.13,2.86,0.3628,0.46,4647,80337,790,16.49,16.99,0.8708,INR/kg,Dhan API v2 (Client 1112620458)
2026-01-29 14:00,2026-01-29,14,Copper,790.03,795.36,5.33,0.6751,2.47,14106,79311,790,16.13,16.63,0.9236,INR/kg,Dhan API v2 (Client 1112620458)
2026-01-29 15:00,2026-01-29,15,Copper,790.44,793.61,3.16,0.4003,-2.17,10694,80352,790,16.41,16.91,0.9055,INR/kg,Dhan API v2 (Client 1112620458)
2026-01-29 16:00,2026-01-29,16,Copper,792.37,795.23,2.86,0.3606,-0.3,7725,80769,790,16.5,17.0,0.9065,INR/kg,Dhan API v2 (Client 1112620458)
2026-01-29 17:00,2026-01-29,17,Copper,792.8,796.63,3.83,0.483,0.97,3964,80362,790,16.01,16.51,0.9635,INR/kg,Dhan API v2 (Client 1112620458)
2026-01-29 18:00,2026-01-29,18,Copper,792.14,795.43,3.29,0.4157,-0.54,7273,79262,790,15.95,16.45,0.9369,INR/kg,Dhan API v2 (Client 1112620458)
2026-01-29 19:00,2026-01-29,19,Copper,794.32,796.93,2.61,0.329,-0.68,14547,78408,790,16.22,16.72,0.914,INR/kg,Dhan API v2 (Client 1112620458)
2026-01-29 20:00,2026-01-29,20,Copper,793.75,797.96,4.2,0.5294,1.59,5074,80882,790,16.19,16.69,0.9595,INR/kg,Dhan API v2 (Client 1112620458)
2026-01-29 21:00,2026-01-29,21,Copper,798.35,800.83,2.48,0.3111,-1.72,9572,79065,800,16.31,16.81,0.9231,INR/kg,Dhan API v2 (Client 1112620458)
2026-01-29 22:00,2026-01-29,22,Copper,798.14,803.32,5.18,0.6487,2.7,6660,81563,800,16.24,16.74,0.912,INR/kg,Dhan API v2 (Client 1112620458)
2026-01-29 23:00,2026-01-29,23,Copper,797.97,799.84,1.87,0.2347,-3.31,11467,80150,800,16.82,17.32,0.9487,INR/kg,Dhan API v2 (Client 1112620458)
2026-01-30 09:00,2026-01-30,9,Copper,797.77,802.0,4.23,0.5302,2.36,1639,81005,800,16.05,16.55,0.9377,INR/kg,Dhan API v2 (Client 1112620458)
2026-01-30 10:00,2026-01-30,10,Copper,798.87,803.82,4.94,0.6187,0.71,1211,80062,800,16.54,17.04,0.9081,INR/kg,Dhan API v2 (Client 1112620458)
2026-01-30 11:00,2026-01-30,11,Copper,794.45,799.08,4.64,0.5835,-0.3,3507,79997,790,16.2,16.7,0.9174,INR/kg,Dhan API v2 (Client 1112620458)
2026-01-30 12:00,2026-01-30,12,Copper,790.97,795.33,4.36,0.5507,-0.28,9771,78102,790,15.88,16.38,0.884,INR/kg,Dhan API v2 (Client 1112620458)
2026-01-30 13:00,2026-01-30,13,Copper,792.44,795.28,2.84,0.3581,-1.52,845,80618,790,16.37,16.87,0.9328,INR/kg,Dhan API v2 (Client 1112620458)
2026-01-30 14:00,2026-01-30,14,Copper,789.32,792.56,3.23,0.4097,0.39,1251,79529,790,16.33,16.83,0.8985,INR/kg,Dhan API v2 (Client 1112620458)
2026-01-30 15:00,2026-01-30,15,Copper,788.75,792.8,4.06,0.5146,0.83,14071,79044,790,16.01,16.51,0.9273,INR/kg,Dhan API v2 (Client 1112620458)
2026-01-30 16:00,2026-01-30,16,Copper,788.75,792.08,3.33,0.4228,-0.73,9764,79197,790,16.08,16.58,0.9332,INR/kg,Dhan API v2 (Client 1112620458)
2026-01-30 17:00,2026-01-30,17,Copper,786.51,788.97,2.46,0.313,-0.87,6711,79305,790,15.44,15.94,0.8915,INR/kg,Dhan API v2 (Client 1112620458)
2026-01-30 18:00,2026-01-30,18,Copper,784.68,784.79,0.1,0.0133,-2.36,2507,79967,780,15.92,16.42,0.8934,INR/kg,Dhan API v2 (Client 1112620458)
2026-01-30 19:00,2026-01-30,19,Copper,786.6,789.3,2.7,0.3433,2.6,14651,79196,790,16.15,16.65,0.9274,INR/kg,Dhan API v2 (Client 1112620458)
2026-01-30 20:00,2026-01-30,20,Copper,786.0,788.39,2.38,0.3028,-0.32,8337,79190,790,16.71,17.21,0.9301,INR/kg,Dhan API v2 (Client 1112620458)
2026-01-30 21:00,2026-01-30,21,Copper,787.89,791.45,3.56,0.4515,1.18,8007,79671,790,15.85,16.35,0.9058,INR/kg,Dhan API v2 (Client 1112620458)
2026-01-30 22:00,2026-01-30,22,Copper,785.27,789.03,3.75,0.4778,0.19,14567,78921,790,15.99,16.49,0.9088,INR/kg,Dhan API v2 (Client 1112620458)
2026-01-30 23:00,2026-01-30,23,Copper,785.36,790.16,4.8,0.611,1.05,8968,79673,790,16.5,17.0,0.8904,INR/kg,Dhan API v2 (Client 1112620458)
2026-02-02 09:00,2026-02-02,9,Copper,790.14,794.15,4.01,0.5072,-0.79,9466,79706,790,15.85,16.35,0.9103,INR/kg,Dhan API v2 (Client 1112620458)
2026-02-02 10:00,2026-02-02,10,Copper,789.35,791.52,2.17,0.275,-1.84,13145,78711,790,16.47,16.97,0.944,INR/kg,Dhan API v2 (Client 1112620458)
2026-02-02 11:00,2026-02-02,11,Copper,790.97,793.91,2.94,0.3711,0.77,5991,80264,790,16.74,17.24,0.9406,INR/kg,Dhan API v2 (Client 1112620458)
2026-02-02 12:00,2026-02-02,12,Copper,788.77,790.63,1.86,0.2361,-1.08,14831,80601,790,16.45,16.95,0.9156,INR/kg,Dhan API v2 (Client 1112620458)
2026-02-02 13:00,2026-02-02,13,Copper,791.7,794.45,2.75,0.3469,0.89,11276,79009,790,16.2,16.7,0.967,INR/kg,Dhan API v2 (Client 1112620458)
2026-02-02 14:00,2026-02-02,14,Copper,790.99,794.7,3.71,0.4692,0.96,3704,79428,790,16.52,17.02,0.9012,INR/kg,Dhan API v2 (Client 1112620458)
2026-02-02 15:00,2026-02-02,15,Copper,790.2,792.59,2.39,0.3025,-1.32,3501,78842,790,15.87,16.37,0.9101,INR/kg,Dhan API v2 (Client 1112620458)
2026-02-02 16:00,2026-02-02,16,Copper,790.15,794.04,3.88,0.4912,1.49,1893,79329,790,16.28,16.78,0.9215,INR/kg,Dhan API v2 (Client 1112620458)
2026-02-02 17:00,2026-02-02,17,Copper,790.08,793.75,3.67,0.4649,-0.21,5110,80517,790,16.4,16.9,0.9126,INR/kg,Dhan API v2 (Client 1112620458)
2026-02-02 18:00,2026-02-02,18,Copper,790.84,794.56,3.72,0.4705,0.05,14583,79100,790,16.06,16.56,0.9418,INR/kg,Dhan API v2 (Client 1112620458)
2026-02-02 19:00,2026-02-02,19,Copper,784.67,789.09,4.41,0.5624,0.69,4092,79694,780,16.14,16.64,0.9047,INR/kg,Dhan API v2 (Client 1112620458)
2026-02-02 20:00,2026-02-02,20,Copper,780.65,784.04,3.39,0.4344,-1.02,11259,79156,780,16.0,16.5,0.8734,INR/kg,Dhan API v2 (Client 1112620458)
2026-02-02 21:00,2026-02-02,21,Copper,779.93,782.66,2.73,0.35,-0.66,12209,79663,780,15.76,16.26,0.9378,INR/kg,Dhan API v2 (Client 1112620458)
2026-02-02 22:00,2026-02-02,22,Copper,779.27,782.35,3.08,0.3953,0.35,11088,79744,780,15.86,16.36,0.9592,INR/kg,Dhan API v2 (Client 1112620458)
2026-02-02 23:00,2026-02-02,23,Copper,781.26,786.03,4.77,0.61,1.69,11118,79306,780,16.41,16.91,0.9398,INR/kg,Dhan API v2 (Client 1112620458)
2026-02-03 09:00,2026-02-03,9,Copper,781.31,782.27,0.96,0.1231,-3.81,3521,80423,780,16.26,16.76,0.9033,INR/kg,Dhan API v2 (Client 1112620458)
2026-02-03 10:00,2026-02-03,10,Copper,780.81,784.26,3.45,0.4415,2.49,11936,77737,780,15.91,16.41,0.9276,INR/kg,Dhan API v2 (Client 1112620458)
2026-02-03 11:00,2026-02-03,11,Copper,779.18,782.06,2.88,0.369,-0.57,14362,78611,780,16.53,17.03,0.9171,INR/kg,Dhan API v2 (Client 1112620458)
2026-02-03 12:00,2026-02-03,12,Copper,782.48,784.69,2.21,0.2827,-0.67,4457,80965,780,15.93,16.43,0.8953,INR/kg,Dhan API v2 (Client 1112620458)
2026-02-03 13:00,2026-02-03,13,Copper,782.69,785.16,2.47,0.3159,0.26,9997,80682,780,15.89,16.39,0.9041,INR/kg,Dhan API v2 (Client 1112620458)
2026-02-03 14:00,2026-02-03,14,Copper,782.3,785.37,3.07,0.3924,0.6,10174,79859,780,15.58,16.08,0.9214,INR/kg,Dhan API v2 (Client 1112620458)
2026-02-03 15:00,2026-02-03,15,Copper,780.16,785.85,5.7,0.73,2.63,12437,78981,780,16.46,16.96,0.9054,INR/kg,Dhan API v2 (Client 1112620458)
2026-02-03 16:00,2026-02-03,16,Copper,782.34,787.08,4.74,0.6063,-0.96,6957,78553,780,16.68,17.18,0.9363,INR/kg,Dhan API v2 (Client 1112620458)
2026-02-03 17:00,2026-02-03,17,Copper,783.96,787.1,3.14,0.401,-1.6,6320,78454,780,16.3,16.8,0.9045,INR/kg,Dhan API v2 (Client 1112620458)
2026-02-03 18:00,2026-02-03,18,Copper,786.27,788.17,1.9,0.2417,-1.24,10408,79731,790,15.92,16.42,0.8997,INR/kg,Dhan API v2 (Client 1112620458)
2026-02-03 19:00,2026-02-03,19,Copper,788.25,788.84,0.58,0.074,-1.32,9736,80808,790,16.53,17.03,0.9385,INR/kg,Dhan API v2 (Client 1112620458)
2026-02-03 20:00,2026-02-03,20,Copper,784.34,787.31,2.97,0.3791,2.39,11317,79271,780,15.89,16.39,0.9221,INR/kg,Dhan API v2 (Client 1112620458)
2026-02-03 21:00,2026-02-03,21,Copper,786.7,791.91,5.21,0.6616,2.24,13776,79336,790,16.08,16.58,0.9058,INR/kg,Dhan API v2 (Client 1112620458)
2026-02-03 22:00,2026-02-03,22,Copper,787.54,789.74,2.2,0.279,-3.01,5744,79911,790,16.21,16.71,0.9417,INR/kg,Dhan API v2 (Client 1112620458)
2026-02-03 23:00,2026-02-03,23,Copper,790.03,794.44,4.41,0.5585,2.21,11596,79681,790,15.91,16.41,0.8985,INR/kg,Dhan API v2 (Client 1112620458)
2026-02-04 09:00,2026-02-04,9,Copper,786.2,788.8,2.6,0.3307,-1.81,3808,79871,790,16.03,16.53,0.9107,INR/kg,Dhan API v2 (Client 1112620458)
2026-02-04 10:00,2026-02-04,10,Copper,787.58,790.41,2.83,0.3596,0.23,5278,78700,790,16.52,17.02,0.9385,INR/kg,Dhan API v2 (Client 1112620458)
2026-02-04 11:00,2026-02-04,11,Copper,787.63,790.04,2.42,0.3067,-0.41,13923,79377,790,16.43,16.93,0.9277,INR/kg,Dhan API v2 (Client 1112620458)
2026-02-04 12:00,2026-02-04,12,Copper,786.82,789.13,2.31,0.2934,-0.11,2560,79866,790,16.1,16.6,0.9337,INR/kg,Dhan API v2 (Client 1112620458)
2026-02-04 13:00,2026-02-04,13,Copper,784.27,788.4,4.13,0.5262,1.82,3365,80313,780,16.54,17.04,0.9139,INR/kg,Dhan API v2 (Client 1112620458)
2026-02-04 14:00,2026-02-04,14,Copper,785.78,789.06,3.28,0.417,-0.85,2026,80365,790,16.3,16.8,0.9429,INR/kg,Dhan API v2 (Client 1112620458)
2026-02-04 15:00,2026-02-04,15,Copper,784.73,785.52,0.79,0.1007,-2.49,12762,80471,780,16.06,16.56,0.897,INR/kg,Dhan API v2 (Client 1112620458)
2026-02-04 16:00,2026-02-04,16,Copper,785.21,785.57,0.36,0.0459,-0.43,9571,78788,790,16.2,16.7,0.9291,INR/kg,Dhan API v2 (Client 1112620458)
2026-02-04 17:00,2026-02-04,17,Copper,787.86,791.76,3.89,0.4942,3.53,1108,79599,790,15.91,16.41,0.9,INR/kg,Dhan API v2 (Client 1112620458)
2026-02-04 18:00,2026-02-04,18,Copper,788.69,793.18,4.49,0.5696,0.6,12086,79095,790,16.29,16.79,0.8908,INR/kg,Dhan API v2 (Client 1112620458)
2026-02-04 19:00,2026-02-04,19,Copper,788.36,790.76,2.4,0.3045,-2.09,7057,80110,790,15.96,16.46,0.8872,INR/kg,Dhan API v2 (Client 1112620458)
2026-02-04 20:00,2026-02-04,20,Copper,788.22,789.89,1.67,0.2118,-0.73,6230,79281,790,15.8,16.3,0.9047,INR/kg,Dhan API v2 (Client 1112620458)
2026-02-04 21:00,2026-02-04,21,Copper,792.13,796.73,4.6,0.5804,2.93,14414,78936,790,15.73,16.23,0.8801,INR/kg,Dhan API v2 (Client 1112620458)
2026-02-04 22:00,2026-02-04,22,Copper,792.31,796.99,4.68,0.5906,0.08,8956,79355,790,16.29,16.79,0.8877,INR/kg,Dhan API v2 (Client 1112620458)
2026-02-04 23:00,2026-02-04,23,Copper,792.47,796.45,3.99,0.5034,-0.69,7042,80430,790,15.91,16.41,0.9311,INR/kg,Dhan API v2 (Client 1112620458)
2026-02-05 09:00,2026-02-05,9,Copper,793.98,798.28,4.3,0.5412,0.31,9872,77371,790,16.3,16.8,0.924,INR/kg,Dhan API v2 (Client 1112620458)
2026-02-05 10:00,2026-02-05,10,Copper,793.5,794.42,0.92,0.1159,-3.38,6147,79054,790,16.5,17.0,0.9458,INR/kg,Dhan API v2 (Client 1112620458)
2026-02-05 11:00,2026-02-05,11,Copper,790.92,793.47,2.55,0.3224,1.63,10048,79923,790,16.62,17.12,0.9375,INR/kg,Dhan API v2 (Client 1112620458)
2026-02-05 12:00,2026-02-05,12,Copper,792.4,796.16,3.76,0.4751,1.21,3301,79266,790,16.35,16.85,0.9182,INR/kg,Dhan API v2 (Client 1112620458)
2026-02-05 13:00,2026-02-05,13,Copper,792.35,794.2,1.86,0.2345,-1.9,12797,78680,790,15.86,16.36,0.8704,INR/kg,Dhan API v2 (Client 1112620458)
2026-02-05 14:00,2026-02-05,14,Copper,791.99,794.96,2.97,0.3747,1.11,7775,80381,790,16.51,17.01,0.9299,INR/kg,Dhan API v2 (Client 1112620458)
2026-02-05 15:00,2026-02-05,15,Copper,790.79,792.58,1.8,0.2271,-1.17,7610,80679,790,16.37,16.87,0.941,INR/kg,Dhan API v2 (Client 1112620458)
2026-02-05 16:00,2026-02-05,16,Copper,792.35,795.35,2.99,0.3778,1.19,2575,78500,790,16.22,16.72,0.8822,INR/kg,Dhan API v2 (Client 1112620458)
2026-02-05 17:00,2026-02-05,17,Copper,792.65,794.6,1.94,0.2453,-1.05,10807,78994,790,16.1,16.6,0.9074,INR/kg,Dhan API v2 (Client 1112620458)
2026-02-05 18:00,2026-02-05,18,Copper,793.73,796.66,2.93,0.3697,0.99,12017,78910,790,16.28,16.78,0.9114,INR/kg,Dhan API v2 (Client 1112620458)
2026-02-05 19:00,2026-02-05,19,Copper,793.67,795.09,1.42,0.1785,-1.51,5932,79902,790,16.39,16.89,0.9231,INR/kg,Dhan API v2 (Client 1112620458)
2026-02-05 20:00,2026-02-05,20,Copper,791.15,794.68,3.53,0.4463,2.11,2416,79190,790,16.45,16.95,0.9448,INR/kg,Dhan API v2 (Client 1112620458)
2026-02-05 21:00,2026-02-05,21,Copper,787.33,788.79,1.46,0.1856,-2.07,13779,80205,790,16.41,16.91,0.9016,INR/kg,Dhan API v2 (Client 1112620458)
2026-02-05 22:00,2026-02-05,22,Copper,781.82,784.46,2.64,0.3377,1.18,7649,79470,780,15.78,16.28,0.9566,INR/kg,Dhan API v2 (Client 1112620458)
2026-02-05 23:00,2026-02-05,23,Copper,778.62,781.35,2.74,0.3515,0.1,13945,80753,780,16.01,16.51,0.9294,INR/kg,Dhan API v2 (Client 1112620458)
2026-02-06 09:00,2026-02-06,9,Copper,778.3,781.67,3.37,0.4324,0.63,7344,80353,780,16.2,16.7,0.898,INR/kg,Dhan API v2 (Client 1112620458)
2026-02-06 10:00,2026-02-06,10,Copper,780.0,782.27,2.28,0.2921,-1.09,12936,80341,780,16.4,16.9,0.9548,INR/kg,Dhan API v2 (Client 1112620458)
2026-02-06 11:00,2026-02-06,11,Copper,776.58,780.16,3.58,0.4613,1.3,9352,79115,780,16.89,17.39,0.9409,INR/kg,Dhan API v2 (Client 1112620458)
2026-02-06 12:00,2026-02-06,12,Copper,779.33,781.62,2.29,0.2938,-1.29,13180,79143,780,15.73,16.23,0.8891,INR/kg,Dhan API v2 (Client 1112620458)
2026-02-06 13:00,2026-02-06,13,Copper,780.35,783.92,3.57,0.4576,1.28,14237,78885,780,16.2,16.7,0.9223,INR/kg,Dhan API v2 (Client 1112620458)
2026-02-06 14:00,2026-02-06,14,Copper,780.96,785.21,4.25,0.5436,0.68,9823,79950,780,15.82,16.32,0.9089,INR/kg,Dhan API v2 (Client 1112620458)
2026-02-06 15:00,2026-02-06,15,Copper,779.17,780.98,1.81,0.2321,-2.44,13811,79112,780,16.22,16.72,0.9031,INR/kg,Dhan API v2 (Client 1112620458)
2026-02-06 16:00,2026-02-06,16,Copper,778.23,781.55,3.32,0.4267,1.51,7208,79479,780,16.22,16.72,0.8891,INR/kg,Dhan API v2 (Client 1112620458)
2026-02-06 17:00,2026-02-06,17,Copper,778.5,782.59,4.09,0.5249,0.77,5465,81485,780,16.43,16.93,0.888,INR/kg,Dhan API v2 (Client 1112620458)
2026-02-06 18:00,2026-02-06,18,Copper,775.32,779.91,4.6,0.593,0.51,8806,79725,780,15.83,16.33,0.9471,INR/kg,Dhan API v2 (Client 1112620458)
2026-02-06 19:00,2026-02-06,19,Copper,775.91,779.31,3.4,0.4388,-1.2,8852,80038,780,16.36,16.86,0.9196,INR/kg,Dhan API v2 (Client 1112620458)
2026-02-06 20:00,2026-02-06,20,Copper,773.95,777.93,3.98,0.5141,0.58,10490,80820,770,16.05,16.55,0.9021,INR/kg,Dhan API v2 (Client 1112620458)
2026-02-06 21:00,2026-02-06,21,Copper,772.09,774.81,2.72,0.3519,-1.26,12776,78671,770,16.26,16.76,0.9623,INR/kg,Dhan API v2 (Client 1112620458)
2026-02-06 22:00,2026-02-06,22,Copper,775.4,778.14,2.75,0.3541,0.03,8080,80794,780,15.7,16.2,0.9553,INR/kg,Dhan API v2 (Client 1112620458)
2026-02-06 23:00,2026-02-06,23,Copper,775.04,777.97,2.93,0.3777,0.18,8986,79951,780,16.42,16.92,0.9108,INR/kg,Dhan API v2 (Client 1112620458)
2026-02-09 09:00,2026-02-09,9,Copper,774.39,778.35,3.96,0.5116,1.03,6537,79046,770,16.24,16.74,0.9061,INR/kg,Dhan API v2 (Client 1112620458)
2026-02-09 10:00,2026-02-09,10,Copper,773.2,777.15,3.95,0.5115,-0.01,3268,80280,770,16.11,16.61,0.9021,INR/kg,Dhan API v2 (Client 1112620458)
2026-02-09 11:00,2026-02-09,11,Copper,769.55,770.43,0.88,0.1145,-3.07,3259,78985,770,15.87,16.37,0.9319,INR/kg,Dhan API v2 (Client 1112620458)
2026-02-09 12:00,2026-02-09,12,Copper,766.81,768.66,1.85,0.2419,0.97,6038,79027,770,16.09,16.59,0.9334,INR/kg,Dhan API v2 (Client 1112620458)
2026-02-09 13:00,2026-02-09,13,Copper,768.71,770.97,2.26,0.2946,0.41,3951,80178,770,16.68,17.18,0.896,INR/kg,Dhan API v2 (Client 1112620458)
2026-02-09 14:00,2026-02-09,14,Copper,764.39,767.09,2.7,0.3538,0.44,8656,79119,760,16.47,16.97,0.9182,INR/kg,Dhan API v2 (Client 1112620458)
2026-02-09 15:00,2026-02-09,15,Copper,769.45,770.47,1.02,0.1324,-1.68,1718,80529,770,16.35,16.85,0.9472,INR/kg,Dhan API v2 (Client 1112620458)
2026-02-09 16:00,2026-02-09,16,Copper,770.78,774.82,4.04,0.5247,3.02,1143,80641,770,16.14,16.64,0.966,INR/kg,Dhan API v2 (Client 1112620458)
2026-02-09 17:00,2026-02-09,17,Copper,771.72,774.84,3.12,0.4041,-0.92,10685,80351,770,16.09,16.59,0.8798,INR/kg,Dhan API v2 (Client 1112620458)
2026-02-09 18:00,2026-02-09,18,Copper,771.83,774.2,2.36,0.3061,-0.76,7014,80003,770,16.08,16.58,0.9539,INR/kg,Dhan API v2 (Client 1112620458)
2026-02-09 19:00,2026-02-09,19,Copper,768.29,771.28,2.99,0.389,0.63,7404,80263,770,16.46,16.96,0.9352,INR/kg,Dhan API v2 (Client 1112620458)
2026-02-09 20:00,2026-02-09,20,Copper,770.89,771.9,1.01,0.1311,-1.98,7401,78696,770,15.92,16.42,0.9274,INR/kg,Dhan API v2 (Client 1112620458)
2026-02-09 21:00,2026-02-09,21,Copper,773.65,776.15,2.5,0.3233,1.49,8715,80320,770,15.95,16.45,0.9035,INR/kg,Dhan API v2 (Client 1112620458)
2026-02-09 22:00,2026-02-09,22,Copper,770.73,773.7,2.97,0.3848,0.47,5701,79348,770,16.66,17.16,0.9118,INR/kg,Dhan API v2 (Client 1112620458)
2026-02-09 23:00,2026-02-09,23,Copper,774.47,776.52,2.05,0.2649,-0.92,10307,79976,770,16.37,16.87,0.9054,INR/kg,Dhan API v2 (Client 1112620458)
2026-02-10 09:00,2026-02-10,9,Copper,777.86,778.75,0.88,0.1135,-1.17,3601,80235,780,15.95,16.45,0.9185,INR/kg,Dhan API v2 (Client 1112620458)
2026-02-10 10:00,2026-02-10,10,Copper,775.54,778.43,2.89,0.3722,2.01,4117,80479,780,15.98,16.48,0.9561,INR/kg,Dhan API v2 (Client 1112620458)
2026-02-10 11:00,2026-02-10,11,Copper,775.9,778.25,2.35,0.3033,-0.54,6973,78718,780,16.25,16.75,0.8827,INR/kg,Dhan API v2 (Client 1112620458)
2026-02-10 12:00,2026-02-10,12,Copper,771.13,774.82,3.69,0.4782,1.34,3183,77191,770,16.03,16.53,0.9155,INR/kg,Dhan API v2 (Client 1112620458)
2026-02-10 13:00,2026-02-10,13,Copper,773.76,778.13,4.37,0.5645,0.68,3000,79844,770,16.04,16.54,0.8911,INR/kg,Dhan API v2 (Client 1112620458)
2026-02-10 14:00,2026-02-10,14,Copper,777.81,778.97,1.16,0.149,-3.21,9298,78879,780,15.53,16.03,0.9546,INR/kg,Dhan API v2 (Client 1112620458)
2026-02-10 15:00,2026-02-10,15,Copper,779.74,782.69,2.95,0.3782,1.79,8820,79875,780,15.89,16.39,0.9091,INR/kg,Dhan API v2 (Client 1112620458)
2026-02-10 16:00,2026-02-10,16,Copper,782.69,783.74,1.05,0.1337,-1.9,13381,78045,780,15.8,16.3,0.8972,INR/kg,Dhan API v2 (Client 1112620458)
2026-02-10 17:00,2026-02-10,17,Copper,784.28,787.96,3.68,0.4697,2.63,10826,77848,780,15.77,16.27,0.9313,INR/kg,Dhan API v2 (Client 1112620458)
2026-02-10 18:00,2026-02-10,18,Copper,788.62,790.95,2.34,0.2965,-1.34,12897,79192,790,15.1,15.6,0.944,INR/kg,Dhan API v2 (Client 1112620458)
2026-02-10 19:00,2026-02-10,19,Copper,787.9,790.76,2.86,0.3624,0.52,6633,80473,790,16.52,17.02,0.938,INR/kg,Dhan API v2 (Client 1112620458)
2026-02-10 20:00,2026-02-10,20,Copper,784.38,786.55,2.16,0.2758,-0.7,4354,77503,780,16.29,16.79,0.883,INR/kg,Dhan API v2 (Client 1112620458)
2026-02-10 21:00,2026-02-10,21,Copper,785.1,788.42,3.33,0.4239,1.17,11129,78145,790,16.18,16.68,0.9044,INR/kg,Dhan API v2 (Client 1112620458)
2026-02-10 22:00,2026-02-10,22,Copper,782.88,785.17,2.29,0.2921,-1.04,6138,79643,780,16.32,16.82,0.8898,INR/kg,Dhan API v2 (Client 1112620458)
2026-02-10 23:00,2026-02-10,23,Copper,781.37,783.53,2.16,0.2766,-0.13,13808,79832,780,15.82,16.32,0.9222,INR/kg,Dhan API v2 (Client 1112620458)
2026-02-11 09:00,2026-02-11,9,Copper,779.97,783.58,3.61,0.4626,1.45,7751,79504,780,15.53,16.03,0.9021,INR/kg,Dhan API v2 (Client 1112620458)
2026-02-11 10:00,2026-02-11,10,Copper,778.63,779.3,0.67,0.0862,-2.94,5459,78525,780,16.65,17.15,0.8849,INR/kg,Dhan API v2 (Client 1112620458)
2026-02-11 11:00,2026-02-11,11,Copper,779.66,783.93,4.27,0.5471,3.6,7871,79491,780,15.95,16.45,0.9142,INR/kg,Dhan API v2 (Client 1112620458)
2026-02-11 12:00,2026-02-11,12,Copper,779.71,781.87,2.16,0.2764,-2.11,4312,80592,780,16.14,16.64,0.9433,INR/kg,Dhan API v2 (Client 1112620458)
2026-02-11 13:00,2026-02-11,13,Copper,784.03,784.33,0.3,0.0378,-1.86,12109,78771,780,16.55,17.05,0.9016,INR/kg,Dhan API v2 (Client 1112620458)
2026-02-11 14:00,2026-02-11,14,Copper,783.8,786.23,2.43,0.3104,2.13,5510,78812,780,15.93,16.43,0.8782,INR/kg,Dhan API v2 (Client 1112620458)
2026-02-11 15:00,2026-02-11,15,Copper,786.8,789.83,3.03,0.3854,0.6,5626,82009,790,16.42,16.92,0.9145,INR/kg,Dhan API v2 (Client 1112620458)
2026-02-11 16:00,2026-02-11,16,Copper,785.24,788.29,3.06,0.3891,0.03,13475,80461,790,16.18,16.68,0.9242,INR/kg,Dhan API v2 (Client 1112620458)
2026-02-11 17:00,2026-02-11,17,Copper,789.15,791.81,2.65,0.3362,-0.41,2803,79196,790,16.31,16.81,0.893,INR/kg,Dhan API v2 (Client 1112620458)
2026-02-11 18:00,2026-02-11,18,Copper,794.21,797.07,2.86,0.3598,0.21,12169,79892,790,15.91,16.41,0.9081,INR/kg,Dhan API v2 (Client 1112620458)
2026-02-11 19:00,2026-02-11,19,Copper,792.65,796.15,3.5,0.4414,0.64,680,80776,790,16.49,16.99,0.8915,INR/kg,Dhan API v2 (Client 1112620458)
2026-02-11 20:00,2026-02-11,20,Copper,795.11,796.61,1.5,0.1883,-2.0,5159,77559,800,16.06,16.56,0.914,INR/kg,Dhan API v2 (Client 1112620458)
2026-02-11 21:00,2026-02-11,21,Copper,790.4,793.48,3.09,0.3907,1.59,14919,81244,790,16.28,16.78,0.9068,INR/kg,Dhan API v2 (Client 1112620458)
2026-02-11 22:00,2026-02-11,22,Copper,794.65,796.8,2.15,0.2703,-0.94,4066,79940,790,16.04,16.54,0.9229,INR/kg,Dhan API v2 (Client 1112620458)
2026-02-11 23:00,2026-02-11,23,Copper,797.29,800.24,2.94,0.3693,0.79,14546,78426,800,15.72,16.22,0.913,INR/kg,Dhan API v2 (Client 1112620458)
2026-02-12 09:00,2026-02-12,9,Copper,798.12,801.35,3.23,0.4041,0.29,1183,77827,800,15.91,16.41,0.9303,INR/kg,Dhan API v2 (Client 1112620458)
2026-02-12 10:00,2026-02-12,10,Copper,801.48,802.95,1.47,0.184,-1.76,11761,78455,800,16.26,16.76,0.9134,INR/kg,Dhan API v2 (Client 1112620458)
2026-02-12 11:00,2026-02-12,11,Copper,804.37,807.33,2.96,0.3681,1.49,13244,80468,800,15.54,16.04,0.9328,INR/kg,Dhan API v2 (Client 1112620458)
2026-02-12 12:00,2026-02-12,12,Copper,800.38,803.85,3.47,0.4334,0.51,6943,78668,800,17.16,17.66,0.9134,INR/kg,Dhan API v2 (Client 1112620458)
2026-02-12 13:00,2026-02-12,13,Copper,802.18,803.0,0.81,0.1011,-2.66,13282,78812,800,16.21,16.71,0.9219,INR/kg,Dhan API v2 (Client 1112620458)
2026-02-12 14:00,2026-02-12,14,Copper,801.28,803.91,2.62,0.3276,1.81,8596,78914,800,15.52,16.02,0.9152,INR/kg,Dhan API v2 (Client 1112620458)
2026-02-12 15:00,2026-02-12,15,Copper,799.99,802.68,2.68,0.3356,0.06,6162,79608,800,16.43,16.93,0.9064,INR/kg,Dhan API v2 (Client 1112620458)
2026-02-12 16:00,2026-02-12,16,Copper,800.53,803.14,2.61,0.3262,-0.07,3449,79198,800,16.08,16.58,0.9394,INR/kg,Dhan API v2 (Client 1112620458)
2026-02-12 17:00,2026-02-12,17,Copper,799.91,802.44,2.53,0.3166,-0.08,13441,79964,800,15.62,16.12,0.9277,INR/kg,Dhan API v2 (Client 1112620458)
2026-02-12 18:00,2026-02-12,18,Copper,800.94,802.83,1.89,0.2355,-0.64,12261,79678,800,15.76,16.26,0.9352,INR/kg,Dhan API v2 (Client 1112620458)
2026-02-12 19:00,2026-02-12,19,Copper,802.35,805.73,3.38,0.4211,1.49,11526,80922,800,16.45,16.95,0.9237,INR/kg,Dhan API v2 (Client 1112620458)
2026-02-12 20:00,2026-02-12,20,Copper,803.47,805.53,2.06,0.2567,-1.32,930,80006,800,15.69,16.19,0.9172,INR/kg,Dhan API v2 (Client 1112620458)
2026-02-12 21:00,2026-02-12,21,Copper,803.92,804.6,0.68,0.0844,-1.38,2615,80997,800,15.78,16.28,0.927,INR/kg,Dhan API v2 (Client 1112620458)
2026-02-12 22:00,2026-02-12,22,Copper,804.07,805.98,1.91,0.2372,1.23,11323,80870,800,16.56,17.06,0.9272,INR/kg,Dhan API v2 (Client 1112620458)
2026-02-12 23:00,2026-02-12,23,Copper,804.82,806.3,1.48,0.1839,-0.43,4400,79263,800,16.22,16.72,0.8861,INR/kg,Dhan API v2 (Client 1112620458)
2026-02-13 09:00,2026-02-13,9,Copper,797.53,801.85,4.32,0.5414,2.84,5106,78718,800,16.35,16.85,0.8946,INR/kg,Dhan API v2 (Client 1112620458)
2026-02-13 10:00,2026-02-13,10,Copper,795.84,797.82,1.99,0.2496,-2.33,13816,79817,800,15.97,16.47,0.8864,INR/kg,Dhan API v2 (Client 1112620458)
2026-02-13 11:00,2026-02-13,11,Copper,797.7,800.51,2.81,0.3525,0.82,10134,80039,800,16.05,16.55,0.9415,INR/kg,Dhan API v2 (Client 1112620458)
2026-02-13 12:00,2026-02-13,12,Copper,797.41,798.49,1.08,0.1355,-1.73,9448,79547,800,16.22,16.72,0.8789,INR/kg,Dhan API v2 (Client 1112620458)
2026-02-13 13:00,2026-02-13,13,Copper,799.91,801.18,1.26,0.1579,0.18,905,77326,800,15.89,16.39,0.898,INR/kg,Dhan API v2 (Client 1112620458)
2026-02-13 14:00,2026-02-13,14,Copper,798.08,799.3,1.22,0.1527,-0.04,6709,78354,800,15.69,16.19,0.9277,INR/kg,Dhan API v2 (Client 1112620458)
2026-02-13 15:00,2026-02-13,15,Copper,801.45,803.45,2.0,0.2498,0.78,1634,80760,800,16.05,16.55,0.9519,INR/kg,Dhan API v2 (Client 1112620458)
2026-02-13 16:00,2026-02-13,16,Copper,802.21,804.54,2.33,0.2911,0.33,1357,80773,800,16.26,16.76,0.9132,INR/kg,Dhan API v2 (Client 1112620458)
2026-02-13 17:00,2026-02-13,17,Copper,802.44,805.2,2.76,0.3434,0.43,9651,80101,800,16.32,16.82,0.8853,INR/kg,Dhan API v2 (Client 1112620458)
2026-02-13 18:00,2026-02-13,18,Copper,801.37,802.1,0.73,0.0909,-2.03,4983,79716,800,16.27,16.77,0.9082,INR/kg,Dhan API v2 (Client 1112620458)
2026-02-13 19:00,2026-02-13,19,Copper,800.52,800.03,-0.49,-0.0613,-1.22,7433,78715,800,15.75,16.25,0.9098,INR/kg,Dhan API v2 (Client 1112620458)
2026-02-13 20:00,2026-02-13,20,Copper,803.52,804.38,0.86,0.1067,1.35,645,79193,800,15.87,16.37,0.9439,INR/kg,Dhan API v2 (Client 1112620458)
2026-02-13 21:00,2026-02-13,21,Copper,802.85,804.47,1.62,0.2021,0.76,13859,81260,800,16.41,16.91,0.9345,INR/kg,Dhan API v2 (Client 1112620458)
2026-02-13 22:00,2026-02-13,22,Copper,806.17,810.44,4.27,0.5295,2.65,2219,79348,810,15.93,16.43,0.9254,INR/kg,Dhan API v2 (Client 1112620458)
2026-02-13 23:00,2026-02-13,23,Copper,807.15,809.87,2.72,0.3376,-1.55,11003,79169,810,16.26,16.76,0.9694,INR/kg,Dhan API v2 (Client 1112620458)
2026-02-16 09:00,2026-02-16,9,Copper,809.03,810.36,1.33,0.1647,-1.39,13723,80479,810,16.76,17.26,0.9307,INR/kg,Dhan API v2 (Client 1112620458)
2026-02-16 10:00,2026-02-16,10,Copper,806.82,809.32,2.5,0.3105,1.17,14171,78403,810,16.67,17.17,0.9341,INR/kg,Dhan API v2 (Client 1112620458)
2026-02-16 11:00,2026-02-16,11,Copper,804.31,804.99,0.67,0.0837,-1.83,5149,81693,800,16.56,17.06,0.9245,INR/kg,Dhan API v2 (Client 1112620458)
2026-02-16 12:00,2026-02-16,12,Copper,802.6,804.64,2.04,0.2543,1.37,11381,79485,800,16.3,16.8,0.9168,INR/kg,Dhan API v2 (Client 1112620458)
2026-02-16 13:00,2026-02-16,13,Copper,801.13,802.42,1.29,0.161,-0.75,14162,78399,800,15.9,16.4,0.8936,INR/kg,Dhan API v2 (Client 1112620458)
2026-02-16 14:00,2026-02-16,14,Copper,802.16,803.11,0.95,0.1184,-0.34,6268,80617,800,16.19,16.69,0.91,INR/kg,Dhan API v2 (Client 1112620458)
2026-02-16 15:00,2026-02-16,15,Copper,799.11,800.76,1.65,0.2059,0.7,2118,79314,800,16.47,16.97,0.944,INR/kg,Dhan API v2 (Client 1112620458)
2026-02-16 16:00,2026-02-16,16,Copper,799.92,801.68,1.77,0.2207,0.12,8774,80303,800,15.84,16.34,0.9513,INR/kg,Dhan API v2 (Client 1112620458)
2026-02-16 17:00,2026-02-16,17,Copper,797.58,800.85,3.27,0.4104,1.5,11597,78094,800,16.26,16.76,0.8987,INR/kg,Dhan API v2 (Client 1112620458)
2026-02-16 18:00,2026-02-16,18,Copper,798.91,802.19,3.28,0.4105,0.01,6152,77702,800,16.62,17.12,0.9358,INR/kg,Dhan API v2 (Client 1112620458)
2026-02-16 19:00,2026-02-16,19,Copper,795.02,797.68,2.66,0.3346,-0.62,9843,79088,800,15.87,16.37,0.9126,INR/kg,Dhan API v2 (Client 1112620458)
2026-02-16 20:00,2026-02-16,20,Copper,792.09,792.41,0.33,0.0412,-2.33,2251,80732,790,16.94,17.44,0.9157,INR/kg,Dhan API v2 (Client 1112620458)
2026-02-16 21:00,2026-02-16,21,Copper,792.46,795.67,3.21,0.4047,2.88,8997,78721,790,16.66,17.16,0.9111,INR/kg,Dhan API v2 (Client 1112620458)
2026-02-16 22:00,2026-02-16,22,Copper,789.92,792.65,2.73,0.3455,-0.48,3895,79947,790,16.43,16.93,0.9264,INR/kg,Dhan API v2 (Client 1112620458)
2026-02-16 23:00,2026-02-16,23,Copper,790.17,789.74,-0.43,-0.0541,-3.16,3109,79404,790,16.12,16.62,0.915,INR/kg,Dhan API v2 (Client 1112620458)
2026-02-17 09:00,2026-02-17,9,Copper,785.74,787.14,1.4,0.1785,1.83,1540,80986,790,16.19,16.69,0.9206,INR/kg,Dhan API v2 (Client 1112620458)
2026-02-17 10:00,2026-02-17,10,Copper,785.99,787.83,1.84,0.2345,0.44,14081,81501,790,16.11,16.61,0.9133,INR/kg,Dhan API v2 (Client 1112620458)
2026-02-17 11:00,2026-02-17,11,Copper,783.9,786.16,2.26,0.2887,0.42,4290,78902,780,15.71,16.21,0.8995,INR/kg,Dhan API v2 (Client 1112620458)
2026-02-17 12:00,2026-02-17,12,Copper,786.34,787.28,0.94,0.1195,-1.32,13126,80077,790,15.96,16.46,0.9108,INR/kg,Dhan API v2 (Client 1112620458)
2026-02-17 13:00,2026-02-17,13,Copper,784.26,785.89,1.63,0.2076,0.69,9097,80469,780,16.48,16.98,0.9255,INR/kg,Dhan API v2 (Client 1112620458)
2026-02-17 14:00,2026-02-17,14,Copper,781.29,783.52,2.23,0.285,0.6,8797,79246,780,16.13,16.63,0.9091,INR/kg,Dhan API v2 (Client 1112620458)
2026-02-17 15:00,2026-02-17,15,Copper,780.72,783.84,3.12,0.3993,0.89,7617,78462,780,16.42,16.92,0.9591,INR/kg,Dhan API v2 (Client 1112620458)
2026-02-17 16:00,2026-02-17,16,Copper,782.84,786.56,3.72,0.4751,0.6,10232,79177,780,16.56,17.06,0.8836,INR/kg,Dhan API v2 (Client 1112620458)
2026-02-17 17:00,2026-02-17,17,Copper,782.46,784.68,2.22,0.2839,-1.5,4607,79134,780,16.32,16.82,0.9247,INR/kg,Dhan API v2 (Client 1112620458)
2026-02-17 18:00,2026-02-17,18,Copper,783.72,785.32,1.6,0.2036,-0.62,14809,79021,780,16.32,16.82,0.9041,INR/kg,Dhan API v2 (Client 1112620458)
2026-02-17 19:00,2026-02-17,19,Copper,780.64,783.12,2.48,0.3177,0.88,5023,79329,780,16.27,16.77,0.9088,INR/kg,Dhan API v2 (Client 1112620458)
2026-02-17 20:00,2026-02-17,20,Copper,780.69,783.16,2.48,0.3175,0.0,12753,77922,780,16.21,16.71,0.9341,INR/kg,Dhan API v2 (Client 1112620458)
2026-02-17 21:00,2026-02-17,21,Copper,783.05,784.59,1.55,0.1975,-0.93,1227,79582,780,16.11,16.61,0.8967,INR/kg,Dhan API v2 (Client 1112620458)
2026-02-17 22:00,2026-02-17,22,Copper,783.71,785.19,1.48,0.1891,-0.07,9157,80361,780,16.31,16.81,0.9725,INR/kg,Dhan API v2 (Client 1112620458)
2026-02-17 23:00,2026-02-17,23,Copper,782.14,785.08,2.94,0.3765,1.46,3239,79829,780,16.09,16.59,0.9168,INR/kg,Dhan API v2 (Client 1112620458)
2026-02-18 09:00,2026-02-18,9,Copper,782.06,785.17,3.11,0.3973,0.17,5123,78511,780,15.99,16.49,0.9061,INR/kg,Dhan API v2 (Client 1112620458)
2026-02-18 10:00,2026-02-18,10,Copper,785.75,789.36,3.6,0.4584,0.49,13079,79704,790,16.12,16.62,0.9173,INR/kg,Dhan API v2 (Client 1112620458)
2026-02-18 11:00,2026-02-18,11,Copper,783.5,783.18,-0.32,-0.0409,-3.92,1957,78627,780,16.44,16.94,0.9586,INR/kg,Dhan API v2 (Client 1112620458)
2026-02-18 12:00,2026-02-18,12,Copper,779.34,782.2,2.86,0.3669,3.18,4440,79894,780,16.36,16.86,0.9056,INR/kg,Dhan API v2 (Client 1112620458)
2026-02-18 13:00,2026-02-18,13,Copper,781.73,781.71,-0.02,-0.0027,-2.88,8739,78378,780,16.28,16.78,0.9266,INR/kg,Dhan API v2 (Client 1112620458)
2026-02-18 14:00,2026-02-18,14,Copper,779.13,778.66,-0.47,-0.06,-0.45,8943,78250,780,16.08,16.58,0.9391,INR/kg,Dhan API v2 (Client 1112620458)
2026-02-18 15:00,2026-02-18,15,Copper,775.28,777.9,2.61,0.3371,3.08,2812,79115,780,15.91,16.41,0.9334,INR/kg,Dhan API v2 (Client 1112620458)
2026-02-18 16:00,2026-02-18,16,Copper,775.0,777.83,2.83,0.365,0.22,3887,79355,780,16.64,17.14,0.9093,INR/kg,Dhan API v2 (Client 1112620458)
2026-02-18 17:00,2026-02-18,17,Copper,772.82,774.04,1.22,0.1578,-1.61,1851,78448,770,15.77,16.27,0.9346,INR/kg,Dhan API v2 (Client 1112620458)
2026-02-18 18:00,2026-02-18,18,Copper,773.45,775.11,1.66,0.2148,0.44,10696,79511,770,15.82,16.32,0.8827,INR/kg,Dhan API v2 (Client 1112620458)
2026-02-18 19:00,2026-02-18,19,Copper,772.21,774.02,1.81,0.235,0.15,12989,79687,770,17.05,17.55,0.9328,INR/kg,Dhan API v2 (Client 1112620458)
2026-02-18 20:00,2026-02-18,20,Copper,775.93,776.52,0.59,0.0756,-1.22,14992,78140,780,16.5,17.0,0.8816,INR/kg,Dhan API v2 (Client 1112620458)
2026-02-18 21:00,2026-02-18,21,Copper,773.08,775.67,2.58,0.3343,1.99,8335,79308,770,16.06,16.56,0.88,INR/kg,Dhan API v2 (Client 1112620458)
2026-02-18 22:00,2026-02-18,22,Copper,773.69,774.58,0.89,0.1156,-1.69,3359,78863,770,16.12,16.62,0.9615,INR/kg,Dhan API v2 (Client 1112620458)
2026-02-18 23:00,2026-02-18,23,Copper,773.58,772.39,-1.19,-0.1539,-2.08,12181,80119,770,16.59,17.09,0.8843,INR/kg,Dhan API v2 (Client 1112620458)
2026-02-19 09:00,2026-02-19,9,Copper,768.71,769.84,1.13,0.1464,2.32,9206,80032,770,16.07,16.57,0.9197,INR/kg,Dhan API v2 (Client 1112620458)
2026-02-19 10:00,2026-02-19,10,Copper,769.95,771.81,1.86,0.2413,0.73,2855,79045,770,15.6,16.1,0.9251,INR/kg,Dhan API v2 (Client 1112620458)
2026-02-19 11:00,2026-02-19,11,Copper,773.11,774.99,1.88,0.243,0.02,7652,80634,770,15.94,16.44,0.8664,INR/kg,Dhan API v2 (Client 1112620458)
2026-02-19 12:00,2026-02-19,12,Copper,769.01,771.05,2.03,0.2646,0.15,9561,80718,770,16.07,16.57,0.9282,INR/kg,Dhan API v2 (Client 1112620458)
2026-02-19 13:00,2026-02-19,13,Copper,774.2,777.67,3.47,0.4483,1.44,10540,81468,770,15.84,16.34,0.9541,INR/kg,Dhan API v2 (Client 1112620458)
2026-02-19 14:00,2026-02-19,14,Copper,770.68,771.17,0.49,0.0639,-2.98,14101,79747,770,16.15,16.65,0.9267,INR/kg,Dhan API v2 (Client 1112620458)
2026-02-19 15:00,2026-02-19,15,Copper,773.2,774.4,1.19,0.1543,0.7,14812,80175,770,16.42,16.92,0.904,INR/kg,Dhan API v2 (Client 1112620458)
2026-02-19 16:00,2026-02-19,16,Copper,773.98,774.77,0.79,0.1016,-0.4,1580,79737,770,16.71,17.21,0.9115,INR/kg,Dhan API v2 (Client 1112620458)
2026-02-19 17:00,2026-02-19,17,Copper,771.12,772.01,0.88,0.1145,0.09,1809,80751,770,15.53,16.03,0.91,INR/kg,Dhan API v2 (Client 1112620458)
2026-02-19 18:00,2026-02-19,18,Copper,770.86,772.2,1.34,0.1734,0.46,12159,79527,770,16.21,16.71,0.9359,INR/kg,Dhan API v2 (Client 1112620458)
2026-02-19 19:00,2026-02-19,19,Copper,771.35,773.52,2.17,0.2815,0.83,11396,80243,770,16.32,16.82,0.9205,INR/kg,Dhan API v2 (Client 1112620458)
2026-02-19 20:00,2026-02-19,20,Copper,770.75,771.3,0.54,0.0706,-1.63,10758,80031,770,16.14,16.64,0.9382,INR/kg,Dhan API v2 (Client 1112620458)
2026-02-19 21:00,2026-02-19,21,Copper,768.09,769.92,1.83,0.2381,1.29,13363,78853,770,16.02,16.52,0.926,INR/kg,Dhan API v2 (Client 1112620458)
2026-02-19 22:00,2026-02-19,22,Copper,766.59,768.16,1.56,0.2041,-0.27,3243,78557,770,15.9,16.4,0.8798,INR/kg,Dhan API v2 (Client 1112620458)
2026-02-19 23:00,2026-02-19,23,Copper,764.51,764.92,0.42,0.0543,-1.14,4215,78849,760,16.41,16.91,0.8924,INR/kg,Dhan API v2 (Client 1112620458)
2026-02-20 09:00,2026-02-20,9,Copper,765.52,769.14,3.62,0.4723,3.2,749,80338,770,16.5,17.0,0.9118,INR/kg,Dhan API v2 (Client 1112620458)
2026-02-20 10:00,2026-02-20,10,Copper,766.58,768.59,2.01,0.2627,-1.61,11480,77732,770,16.2,16.7,0.9397,INR/kg,Dhan API v2 (Client 1112620458)
2026-02-20 11:00,2026-02-20,11,Copper,767.1,770.27,3.17,0.4138,1.16,13422,79384,770,16.09,16.59,0.9106,INR/kg,Dhan API v2 (Client 1112620458)
2026-02-20 12:00,2026-02-20,12,Copper,764.66,763.93,-0.73,-0.0952,-3.9,1077,78272,760,16.4,16.9,0.8744,INR/kg,Dhan API v2 (Client 1112620458)
2026-02-20 13:00,2026-02-20,13,Copper,764.04,765.13,1.09,0.1422,1.82,1119,77922,760,16.27,16.77,0.9479,INR/kg,Dhan API v2 (Client 1112620458)
2026-02-20 14:00,2026-02-20,14,Copper,763.47,765.88,2.42,0.3165,1.33,3256,80504,760,16.2,16.7,0.8852,INR/kg,Dhan API v2 (Client 1112620458)
2026-02-20 15:00,2026-02-20,15,Copper,761.12,763.29,2.17,0.2855,-0.25,1720,79811,760,16.2,16.7,0.9005,INR/kg,Dhan API v2 (Client 1112620458)
2026-02-20 16:00,2026-02-20,16,Copper,761.8,763.73,1.93,0.2532,-0.24,2312,80553,760,16.28,16.78,0.8944,INR/kg,Dhan API v2 (Client 1112620458)
2026-02-20 17:00,2026-02-20,17,Copper,758.33,760.34,2.01,0.2653,0.08,7442,80499,760,16.08,16.58,0.9264,INR/kg,Dhan API v2 (Client 1112620458)
2026-02-20 18:00,2026-02-20,18,Copper,757.06,757.49,0.43,0.0561,-1.58,5234,78916,760,16.7,17.2,0.9131,INR/kg,Dhan API v2 (Client 1112620458)
2026-02-20 19:00,2026-02-20,19,Copper,758.05,760.19,2.14,0.2821,1.71,1559,79461,760,16.05,16.55,0.9251,INR/kg,Dhan API v2 (Client 1112620458)
2026-02-20 20:00,2026-02-20,20,Copper,754.95,753.57,-1.38,-0.1824,-3.52,2145,79016,750,16.66,17.16,0.9013,INR/kg,Dhan API v2 (Client 1112620458)
2026-02-20 21:00,2026-02-20,21,Copper,756.76,757.97,1.21,0.1598,2.59,11643,78972,760,16.49,16.99,0.9171,INR/kg,Dhan API v2 (Client 1112620458)
2026-02-20 22:00,2026-02-20,22,Copper,758.3,760.36,2.06,0.2713,0.85,5483,78202,760,16.35,16.85,0.9275,INR/kg,Dhan API v2 (Client 1112620458)
2026-02-20 23:00,2026-02-20,23,Copper,758.51,760.83,2.32,0.3057,0.26,2972,78754,760,16.37,16.87,0.9428,INR/kg,Dhan API v2 (Client 1112620458)
2026-02-23 09:00,2026-02-23,9,Copper,760.78,763.64,2.86,0.3757,0.54,2949,79862,760,16.31,16.81,0.9321,INR/kg,Dhan API v2 (Client 1112620458)
2026-02-23 10:00,2026-02-23,10,Copper,759.76,761.75,1.99,0.2616,-0.87,8071,78423,760,15.94,16.44,0.863,INR/kg,Dhan API v2 (Client 1112620458)
2026-02-23 11:00,2026-02-23,11,Copper,761.24,764.52,3.28,0.4309,1.29,12383,77817,760,16.5,17.0,0.8946,INR/kg,Dhan API v2 (Client 1112620458)
2026-02-23 12:00,2026-02-23,12,Copper,757.66,758.61,0.95,0.1259,-2.33,13594,79791,760,16.05,16.55,0.87,INR/kg,Dhan API v2 (Client 1112620458)
2026-02-23 13:00,2026-02-23,13,Copper,759.53,760.92,1.39,0.1835,0.44,10710,79302,760,16.28,16.78,0.936,INR/kg,Dhan API v2 (Client 1112620458)
2026-02-23 14:00,2026-02-23,14,Copper,761.18,762.26,1.08,0.1421,-0.31,2471,80044,760,15.98,16.48,0.9372,INR/kg,Dhan API v2 (Client 1112620458)
2026-02-23 15:00,2026-02-23,15,Copper,760.25,761.48,1.22,0.1606,0.14,10394,79744,760,15.85,16.35,0.9218,INR/kg,Dhan API v2 (Client 1112620458)
2026-02-23 16:00,2026-02-23,16,Copper,759.57,763.16,3.59,0.4724,2.37,4299,79007,760,15.97,16.47,0.9377,INR/kg,Dhan API v2 (Client 1112620458)
2026-02-23 17:00,2026-02-23,17,Copper,762.93,763.39,0.46,0.0603,-3.13,3243,78578,760,16.2,16.7,0.9299,INR/kg,Dhan API v2 (Client 1112620458)
2026-02-23 18:00,2026-02-23,18,Copper,760.26,763.33,3.07,0.404,2.61,9886,80572,760,16.91,17.41,0.9432,INR/kg,Dhan API v2 (Client 1112620458)
2026-02-23 19:00,2026-02-23,19,Copper,762.03,762.54,0.5,0.0662,-2.57,6723,79124,760,16.57,17.07,0.9169,INR/kg,Dhan API v2 (Client 1112620458)
2026-02-23 20:00,2026-02-23,20,Copper,763.35,763.23,-0.11,-0.015,-0.61,8244,79490,760,16.57,17.07,0.911,INR/kg,Dhan API v2 (Client 1112620458)
2026-02-23 21:00,2026-02-23,21,Copper,761.99,765.22,3.23,0.4239,3.34,1722,78880,760,16.62,17.12,0.8963,INR/kg,Dhan API v2 (Client 1112620458)
2026-02-23 22:00,2026-02-23,22,Copper,763.65,765.25,1.6,0.2096,-1.63,14006,79994,760,16.35,16.85,0.8912,INR/kg,Dhan API v2 (Client 1112620458)
2026-02-23 23:00,2026-02-23,23,Copper,765.17,768.74,3.57,0.4669,1.97,6626,80198,770,16.26,16.76,0.9407,INR/kg,Dhan API v2 (Client 1112620458)
2026-02-24 09:00,2026-02-24,9,Copper,763.78,766.35,2.56,0.3358,-1.01,6533,78692,760,16.49,16.99,0.9653,INR/kg,Dhan API v2 (Client 1112620458)
2026-02-24 10:00,2026-02-24,10,Copper,759.23,761.18,1.95,0.2562,-0.61,10659,79342,760,15.81,16.31,0.881,INR/kg,Dhan API v2 (Client 1112620458)
2026-02-24 11:00,2026-02-24,11,Copper,761.64,762.89,1.24,0.1634,-0.71,14406,79656,760,16.34,16.84,0.9423,INR/kg,Dhan API v2 (Client 1112620458)
2026-02-24 12:00,2026-02-24,12,Copper,761.71,762.41,0.7,0.0919,-0.54,5922,80422,760,16.24,16.74,0.8965,INR/kg,Dhan API v2 (Client 1112620458)
2026-02-24 13:00,2026-02-24,13,Copper,764.39,766.1,1.72,0.2249,1.02,3087,79433,760,16.41,16.91,0.8951,INR/kg,Dhan API v2 (Client 1112620458)
2026-02-24 14:00,2026-02-24,14,Copper,763.09,766.18,3.09,0.4048,1.37,12449,80610,760,16.89,17.39,0.9364,INR/kg,Dhan API v2 (Client 1112620458)
2026-02-24 15:00,2026-02-24,15,Copper,758.75,759.21,0.46,0.0609,-2.63,5548,80725,760,16.54,17.04,0.9045,INR/kg,Dhan API v2 (Client 1112620458)
2026-02-24 16:00,2026-02-24,16,Copper,759.57,761.61,2.05,0.2693,1.59,13449,79503,760,16.1,16.6,0.9168,INR/kg,Dhan API v2 (Client 1112620458)
2026-02-24 17:00,2026-02-24,17,Copper,758.32,760.1,1.79,0.2356,-0.26,10495,79154,760,16.36,16.86,0.9835,INR/kg,Dhan API v2 (Client 1112620458)
2026-02-24 18:00,2026-02-24,18,Copper,757.09,759.56,2.48,0.3273,0.69,6410,79312,760,16.26,16.76,0.8994,INR/kg,Dhan API v2 (Client 1112620458)
2026-02-24 19:00,2026-02-24,19,Copper,760.19,761.35,1.16,0.1527,-1.32,2090,81182,760,16.13,16.63,0.9195,INR/kg,Dhan API v2 (Client 1112620458)
2026-02-24 20:00,2026-02-24,20,Copper,759.47,760.8,1.33,0.175,0.17,11076,80797,760,16.19,16.69,0.9086,INR/kg,Dhan API v2 (Client 1112620458)
2026-02-24 21:00,2026-02-24,21,Copper,754.82,755.98,1.16,0.1534,-0.17,1666,78957,750,16.42,16.92,0.9282,INR/kg,Dhan API v2 (Client 1112620458)
2026-02-24 22:00,2026-02-24,22,Copper,757.28,760.88,3.61,0.4761,2.45,11333,79022,760,16.07,16.57,0.9123,INR/kg,Dhan API v2 (Client 1112620458)
2026-02-24 23:00,2026-02-24,23,Copper,756.83,756.89,0.06,0.0079,-3.55,13629,81043,760,16.4,16.9,0.8808,INR/kg,Dhan API v2 (Client 1112620458)
2026-02-25 09:00,2026-02-25,9,Copper,756.58,759.13,2.55,0.3365,2.49,12856,81112,760,16.7,17.2,0.9152,INR/kg,Dhan API v2 (Client 1112620458)
2026-02-25 10:00,2026-02-25,10,Copper,758.48,759.82,1.35,0.1776,-1.2,11659,79183,760,16.43,16.93,0.9139,INR/kg,Dhan API v2 (Client 1112620458)
2026-02-25 11:00,2026-02-25,11,Copper,756.89,759.85,2.95,0.39,1.6,904,78868,760,16.46,16.96,0.8894,INR/kg,Dhan API v2 (Client 1112620458)
2026-02-25 12:00,2026-02-25,12,Copper,757.07,759.02,1.95,0.2581,-1.0,5175,81112,760,15.44,15.94,0.9411,INR/kg,Dhan API v2 (Client 1112620458)
2026-02-25 13:00,2026-02-25,13,Copper,760.92,761.7,0.78,0.1029,-1.17,9492,79470,760,15.92,16.42,0.9449,INR/kg,Dhan API v2 (Client 1112620458)
2026-02-25 14:00,2026-02-25,14,Copper,761.63,760.86,-0.77,-0.1006,-1.55,2414,79442,760,16.0,16.5,0.8996,INR/kg,Dhan API v2 (Client 1112620458)
2026-02-25 15:00,2026-02-25,15,Copper,763.04,762.85,-0.19,-0.0248,0.58,1194,80156,760,16.28,16.78,0.9177,INR/kg,Dhan API v2 (Client 1112620458)
2026-02-25 16:00,2026-02-25,16,Copper,764.77,765.93,1.16,0.152,1.35,8646,78742,760,16.0,16.5,0.912,INR/kg,Dhan API v2 (Client 1112620458)
2026-02-25 17:00,2026-02-25,17,Copper,764.11,764.12,0.01,0.0018,-1.15,12005,80008,760,16.31,16.81,0.918,INR/kg,Dhan API v2 (Client 1112620458)
2026-02-25 18:00,2026-02-25,18,Copper,763.66,762.27,-1.39,-0.182,-1.4,3776,78871,760,16.17,16.67,0.9184,INR/kg,Dhan API v2 (Client 1112620458)
2026-02-25 19:00,2026-02-25,19,Copper,764.74,765.49,0.75,0.0984,2.14,2151,79739,760,16.0,16.5,0.8926,INR/kg,Dhan API v2 (Client 1112620458)
2026-02-25 20:00,2026-02-25,20,Copper,763.62,764.2,0.58,0.0754,-0.17,3092,80269,760,16.24,16.74,0.9173,INR/kg,Dhan API v2 (Client 1112620458)
2026-02-25 21:00,2026-02-25,21,Copper,764.11,767.6,3.49,0.4567,2.91,13581,80562,760,16.03,16.53,0.935,INR/kg,Dhan API v2 (Client 1112620458)
2026-02-25 22:00,2026-02-25,22,Copper,761.87,762.52,0.65,0.0859,-2.84,9516,80179,760,16.04,16.54,0.9006,INR/kg,Dhan API v2 (Client 1112620458)
2026-02-25 23:00,2026-02-25,23,Copper,762.67,763.21,0.54,0.0708,-0.11,4743,80441,760,16.33,16.83,0.9381,INR/kg,Dhan API v2 (Client 1112620458)
2026-02-26 09:00,2026-02-26,9,Copper,761.35,762.09,0.74,0.0976,0.2,4953,79424,760,16.32,16.82,0.8962,INR/kg,Dhan API v2 (Client 1112620458)
2026-02-26 10:00,2026-02-26,10,Copper,759.91,762.34,2.43,0.3193,1.69,12858,78408,760,16.12,16.62,0.8965,INR/kg,Dhan API v2 (Client 1112620458)
2026-02-26 11:00,2026-02-26,11,Copper,760.8,761.66,0.85,0.1119,-1.58,3440,79655,760,16.34,16.84,0.893,INR/kg,Dhan API v2 (Client 1112620458)
2026-02-26 12:00,2026-02-26,12,Copper,758.19,760.01,1.81,0.2392,0.96,11853,77979,760,15.78,16.28,0.9592,INR/kg,Dhan API v2 (Client 1112620458)
2026-02-26 13:00,2026-02-26,13,Copper,759.5,762.0,2.5,0.3288,0.69,5793,79115,760,16.2,16.7,0.9454,INR/kg,Dhan API v2 (Client 1112620458)
2026-02-26 14:00,2026-02-26,14,Copper,761.42,763.5,2.07,0.272,-0.43,13517,79501,760,16.26,16.76,0.9449,INR/kg,Dhan API v2 (Client 1112620458)
2026-02-26 15:00,2026-02-26,15,Copper,763.97,765.37,1.4,0.1826,-0.67,13874,78903,760,16.19,16.69,0.9289,INR/kg,Dhan API v2 (Client 1112620458)
2026-02-26 16:00,2026-02-26,16,Copper,764.71,764.09,-0.62,-0.0809,-2.02,10942,80119,760,16.36,16.86,0.9165,INR/kg,Dhan API v2 (Client 1112620458)
2026-02-26 17:00,2026-02-26,17,Copper,766.16,767.43,1.27,0.1662,1.89,10654,79480,770,15.97,16.47,0.9167,INR/kg,Dhan API v2 (Client 1112620458)
2026-02-26 18:00,2026-02-26,18,Copper,762.61,763.59,0.98,0.1283,-0.29,10534,77767,760,16.59,17.09,0.9098,INR/kg,Dhan API v2 (Client 1112620458)
2026-02-26 19:00,2026-02-26,19,Copper,763.54,765.1,1.56,0.2039,0.58,6977,79615,760,16.09,16.59,0.876,INR/kg,Dhan API v2 (Client 1112620458)
2026-02-26 20:00,2026-02-26,20,Copper,761.38,761.79,0.41,0.0537,-1.15,6136,79490,760,16.5,17.0,0.9179,INR/kg,Dhan API v2 (Client 1112620458)
2026-02-26 21:00,2026-02-26,21,Copper,761.98,763.52,1.54,0.2018,1.13,5768,79461,760,16.4,16.9,0.919,INR/kg,Dhan API v2 (Client 1112620458)
2026-02-26 22:00,2026-02-26,22,Copper,762.02,762.5,0.48,0.063,-1.06,9578,79209,760,16.54,17.04,0.9642,INR/kg,Dhan API v2 (Client 1112620458)
2026-02-26 23:00,2026-02-26,23,Copper,760.39,763.37,2.98,0.3913,2.5,3126,80108,760,16.25,16.75,0.9311,INR/kg,Dhan API v2 (Client 1112620458)
2026-02-27 09:00,2026-02-27,9,Copper,761.27,762.7,1.43,0.1883,-1.55,3248,78341,760,16.49,16.99,0.881,INR/kg,Dhan API v2 (Client 1112620458)
2026-02-27 10:00,2026-02-27,10,Copper,763.47,764.6,1.13,0.1482,-0.3,2374,79668,760,16.45,16.95,0.8754,INR/kg,Dhan API v2 (Client 1112620458)
2026-02-27 11:00,2026-02-27,11,Copper,763.82,765.6,1.78,0.2329,0.65,8010,78180,760,16.0,16.5,0.8961,INR/kg,Dhan API v2 (Client 1112620458)
2026-02-27 12:00,2026-02-27,12,Copper,765.2,766.55,1.35,0.1765,-0.43,4499,80296,770,15.97,16.47,0.897,INR/kg,Dhan API v2 (Client 1112620458)
2026-02-27 13:00,2026-02-27,13,Copper,764.04,764.57,0.53,0.0697,-0.82,4463,80760,760,15.85,16.35,0.9166,INR/kg,Dhan API v2 (Client 1112620458)
2026-02-27 14:00,2026-02-27,14,Copper,764.53,766.56,2.02,0.2644,1.49,14154,78694,760,16.76,17.26,0.8978,INR/kg,Dhan API v2 (Client 1112620458)
2026-02-27 15:00,2026-02-27,15,Copper,765.67,766.39,0.72,0.0945,-1.3,2541,79113,770,15.82,16.32,0.9145,INR/kg,Dhan API v2 (Client 1112620458)
2026-02-27 16:00,2026-02-27,16,Copper,766.01,766.11,0.09,0.0124,-0.63,13219,78872,770,16.28,16.78,0.9085,INR/kg,Dhan API v2 (Client 1112620458)
2026-02-27 17:00,2026-02-27,17,Copper,767.66,766.19,-1.47,-0.1912,-1.56,4693,79686,770,15.9,16.4,0.9412,INR/kg,Dhan API v2 (Client 1112620458)
2026-02-27 18:00,2026-02-27,18,Copper,767.98,768.45,0.47,0.0607,1.94,5555,80608,770,15.86,16.36,0.924,INR/kg,Dhan API v2 (Client 1112620458)
2026-02-27 19:00,2026-02-27,19,Copper,770.4,771.87,1.47,0.1909,1.0,2516,79430,770,16.72,17.22,0.9721,INR/kg,Dhan API v2 (Client 1112620458)
2026-02-27 20:00,2026-02-27,20,Copper,772.02,774.34,2.32,0.301,0.85,1382,79930,770,15.95,16.45,0.8929,INR/kg,Dhan API v2 (Client 1112620458)
2026-02-27 21:00,2026-02-27,21,Copper,773.18,774.54,1.37,0.1769,-0.95,8189,79825,770,15.91,16.41,0.9628,INR/kg,Dhan API v2 (Client 1112620458)
2026-02-27 22:00,2026-02-27,22,Copper,771.63,772.14,0.51,0.0664,-0.86,11217,78416,770,15.89,16.39,0.9291,INR/kg,Dhan API v2 (Client 1112620458)
2026-02-27 23:00,2026-02-27,23,Copper,773.38,773.84,0.46,0.0592,-0.05,10873,80616,770,16.3,16.8,0.9194,INR/kg,Dhan API v2 (Client 1112620458)
2026-03-02 09:00,2026-03-02,9,Copper,772.06,772.14,0.09,0.0111,-0.37,561,79533,770,16.36,16.86,0.9002,INR/kg,Dhan API v2 (Client 1112620458)
2026-03-02 10:00,2026-03-02,10,Copper,771.88,775.66,3.78,0.4901,3.69,9518,80635,770,16.22,16.72,0.8934,INR/kg,Dhan API v2 (Client 1112620458)
2026-03-02 11:00,2026-03-02,11,Copper,769.29,769.88,0.59,0.0768,-3.19,13658,79908,770,16.09,16.59,0.9178,INR/kg,Dhan API v2 (Client 1112620458)
2026-03-02 12:00,2026-03-02,12,Copper,768.86,769.91,1.06,0.1372,0.47,2610,79069,770,16.24,16.74,0.9062,INR/kg,Dhan API v2 (Client 1112620458)
2026-03-02 13:00,2026-03-02,13,Copper,771.09,772.81,1.73,0.2242,0.67,6814,79775,770,15.74,16.24,0.9496,INR/kg,Dhan API v2 (Client 1112620458)
2026-03-02 14:00,2026-03-02,14,Copper,769.3,769.86,0.56,0.0728,-1.17,12860,79450,770,16.01,16.51,0.8535,INR/kg,Dhan API v2 (Client 1112620458)
2026-03-02 15:00,2026-03-02,15,Copper,770.62,770.6,-0.03,-0.0036,-0.59,3643,81351,770,16.36,16.86,0.9148,INR/kg,Dhan API v2 (Client 1112620458)
2026-03-02 16:00,2026-03-02,16,Copper,770.98,771.37,0.39,0.0502,0.42,2390,80443,770,16.24,16.74,0.8709,INR/kg,Dhan API v2 (Client 1112620458)
2026-03-02 17:00,2026-03-02,17,Copper,772.32,774.11,1.79,0.2317,1.4,6569,80826,770,15.7,16.2,0.9153,INR/kg,Dhan API v2 (Client 1112620458)
2026-03-02 18:00,2026-03-02,18,Copper,773.05,775.86,2.82,0.3646,1.03,10669,78994,770,16.76,17.26,0.921,INR/kg,Dhan API v2 (Client 1112620458)
2026-03-02 19:00,2026-03-02,19,Copper,773.25,774.45,1.2,0.1553,-1.62,2983,79159,770,16.29,16.79,0.9281,INR/kg,Dhan API v2 (Client 1112620458)
2026-03-02 20:00,2026-03-02,20,Copper,775.4,776.71,1.31,0.1688,0.11,2324,77091,780,15.91,16.41,0.8982,INR/kg,Dhan API v2 (Client 1112620458)
2026-03-02 21:00,2026-03-02,21,Copper,775.02,774.65,-0.37,-0.0483,-1.68,5605,79296,780,15.8,16.3,0.913,INR/kg,Dhan API v2 (Client 1112620458)
2026-03-02 22:00,2026-03-02,22,Copper,774.67,776.51,1.84,0.238,2.21,14500,79402,770,15.98,16.48,0.9014,INR/kg,Dhan API v2 (Client 1112620458)
2026-03-02 23:00,2026-03-02,23,Copper,776.46,779.47,3.01,0.3879,1.17,8213,79312,780,16.18,16.68,0.9036,INR/kg,Dhan API v2 (Client 1112620458)
2026-03-03 09:00,2026-03-03,9,Copper,775.86,777.82,1.96,0.2528,-1.05,3694,79106,780,16.0,16.5,0.9383,INR/kg,Dhan API v2 (Client 1112620458)
2026-03-03 10:00,2026-03-03,10,Copper,772.62,773.7,1.08,0.1393,-0.88,11318,79798,770,16.82,17.32,0.8853,INR/kg,Dhan API v2 (Client 1112620458)
2026-03-03 11:00,2026-03-03,11,Copper,772.46,773.32,0.87,0.1125,-0.21,3788,78599,770,16.31,16.81,0.9272,INR/kg,Dhan API v2 (Client 1112620458)
2026-03-03 12:00,2026-03-03,12,Copper,774.17,771.97,-2.2,-0.2841,-3.07,2525,79737,770,15.77,16.27,0.9083,INR/kg,Dhan API v2 (Client 1112620458)
2026-03-03 13:00,2026-03-03,13,Copper,776.8,777.93,1.13,0.1454,3.33,4549,80268,780,16.18,16.68,0.9576,INR/kg,Dhan API v2 (Client 1112620458)
2026-03-03 14:00,2026-03-03,14,Copper,778.7,779.14,0.44,0.0563,-0.69,14250,78390,780,16.16,16.66,0.9157,INR/kg,Dhan API v2 (Client 1112620458)
2026-03-03 15:00,2026-03-03,15,Copper,779.29,779.15,-0.14,-0.0179,-0.58,11146,78470,780,16.09,16.59,0.8857,INR/kg,Dhan API v2 (Client 1112620458)
2026-03-03 16:00,2026-03-03,16,Copper,778.38,779.09,0.72,0.0919,0.86,10218,80025,780,16.39,16.89,0.9245,INR/kg,Dhan API v2 (Client 1112620458)
2026-03-03 17:00,2026-03-03,17,Copper,774.62,774.83,0.21,0.027,-0.51,2261,80716,770,15.95,16.45,0.9198,INR/kg,Dhan API v2 (Client 1112620458)
2026-03-03 18:00,2026-03-03,18,Copper,773.63,774.62,0.98,0.1268,0.77,5720,79221,770,15.87,16.37,0.9392,INR/kg,Dhan API v2 (Client 1112620458)
2026-03-03 19:00,2026-03-03,19,Copper,774.3,776.98,2.68,0.3462,1.7,12321,79036,770,16.26,16.76,0.9089,INR/kg,Dhan API v2 (Client 1112620458)
2026-03-03 20:00,2026-03-03,20,Copper,773.34,772.67,-0.67,-0.0861,-3.35,12254,78901,770,15.91,16.41,0.952,INR/kg,Dhan API v2 (Client 1112620458)
2026-03-03 21:00,2026-03-03,21,Copper,772.24,772.61,0.37,0.048,1.04,9028,79192,770,15.98,16.48,0.9283,INR/kg,Dhan API v2 (Client 1112620458)
2026-03-03 22:00,2026-03-03,22,Copper,775.19,776.14,0.95,0.123,0.58,7107,80329,780,15.94,16.44,0.8672,INR/kg,Dhan API v2 (Client 1112620458)
2026-03-03 23:00,2026-03-03,23,Copper,774.8,775.75,0.95,0.1222,0.0,11963,80193,770,16.38,16.88,0.9165,INR/kg,Dhan API v2 (Client 1112620458)
2026-03-04 09:00,2026-03-04,9,Copper,776.0,775.95,-0.05,-0.0068,-1.0,11734,79356,780,16.9,17.4,0.9443,INR/kg,Dhan API v2 (Client 1112620458)
2026-03-04 10:00,2026-03-04,10,Copper,770.18,771.21,1.03,0.1344,1.08,2947,77580,770,16.1,16.6,0.9232,INR/kg,Dhan API v2 (Client 1112620458)
2026-03-04 11:00,2026-03-04,11,Copper,767.35,767.88,0.53,0.0685,-0.5,12374,81564,770,16.32,16.82,0.8937,INR/kg,Dhan API v2 (Client 1112620458)
2026-03-04 12:00,2026-03-04,12,Copper,766.13,767.53,1.39,0.182,0.86,3893,79794,770,16.43,16.93,0.9089,INR/kg,Dhan API v2 (Client 1112620458)
2026-03-04 13:00,2026-03-04,13,Copper,766.94,766.76,-0.18,-0.0235,-1.57,3322,79538,770,16.17,16.67,0.9056,INR/kg,Dhan API v2 (Client 1112620458)
2026-03-04 14:00,2026-03-04,14,Copper,767.92,767.77,-0.14,-0.0186,0.04,9259,79938,770,16.45,16.95,0.9287,INR/kg,Dhan API v2 (Client 1112620458)
2026-03-04 15:00,2026-03-04,15,Copper,767.47,768.63,1.16,0.1513,1.3,4579,77801,770,16.58,17.08,0.9115,INR/kg,Dhan API v2 (Client 1112620458)
2026-03-04 16:00,2026-03-04,16,Copper,771.95,772.99,1.04,0.1342,-0.12,14674,80008,770,16.4,16.9,0.9226,INR/kg,Dhan API v2 (Client 1112620458)
2026-03-04 17:00,2026-03-04,17,Copper,773.99,774.86,0.87,0.1121,-0.17,11356,78467,770,15.89,16.39,0.9115,INR/kg,Dhan API v2 (Client 1112620458)
2026-03-04 18:00,2026-03-04,18,Copper,771.88,772.02,0.15,0.0189,-0.72,7171,79408,770,16.42,16.92,0.9088,INR/kg,Dhan API v2 (Client 1112620458)
2026-03-04 19:00,2026-03-04,19,Copper,777.16,778.25,1.1,0.1413,0.95,8831,79461,780,16.32,16.82,0.9194,INR/kg,Dhan API v2 (Client 1112620458)
2026-03-04 20:00,2026-03-04,20,Copper,779.09,778.98,-0.11,-0.0144,-1.21,5073,79747,780,16.47,16.97,0.952,INR/kg,Dhan API v2 (Client 1112620458)
2026-03-04 21:00,2026-03-04,21,Copper,778.12,778.44,0.32,0.0412,0.43,6745,79714,780,16.41,16.91,0.8949,INR/kg,Dhan API v2 (Client 1112620458)
2026-03-04 22:00,2026-03-04,22,Copper,777.5,779.93,2.43,0.3119,2.11,13482,78303,780,15.86,16.36,0.9386,INR/kg,Dhan API v2 (Client 1112620458)
2026-03-04 23:00,2026-03-04,23,Copper,780.01,778.79,-1.22,-0.1566,-3.65,8126,78395,780,16.65,17.15,0.9159,INR/kg,Dhan API v2 (Client 1112620458)
2026-03-05 09:00,2026-03-05,9,Copper,778.58,778.76,0.18,0.0233,1.4,5525,78262,780,16.36,16.86,0.9433,INR/kg,Dhan API v2 (Client 1112620458)
2026-03-05 10:00,2026-03-05,10,Copper,779.0,778.8,-0.2,-0.0256,-0.38,9241,80325,780,16.2,16.7,0.9033,INR/kg,Dhan API v2 (Client 1112620458)
2026-03-05 11:00,2026-03-05,11,Copper,778.98,779.89,0.92,0.1176,1.12,3547,79518,780,16.45,16.95,0.9098,INR/kg,Dhan API v2 (Client 1112620458)
2026-03-05 12:00,2026-03-05,12,Copper,780.72,781.1,0.38,0.0487,-0.54,2858,79336,780,16.07,16.57,0.9457,INR/kg,Dhan API v2 (Client 1112620458)
2026-03-05 13:00,2026-03-05,13,Copper,780.83,782.84,2.01,0.2569,1.63,11895,79421,780,16.43,16.93,0.9127,INR/kg,Dhan API v2 (Client 1112620458)
2026-03-05 14:00,2026-03-05,14,Copper,778.42,778.4,-0.02,-0.0027,-2.03,9398,80749,780,16.14,16.64,0.9188,INR/kg,Dhan API v2 (Client 1112620458)
2026-03-05 15:00,2026-03-05,15,Copper,782.41,782.53,0.11,0.0144,0.13,10560,79601,780,16.32,16.82,0.9341,INR/kg,Dhan API v2 (Client 1112620458)
2026-03-05 16:00,2026-03-05,16,Copper,779.59,780.04,0.45,0.0571,0.34,10046,79296,780,16.26,16.76,0.9252,INR/kg,Dhan API v2 (Client 1112620458)
2026-03-05 17:00,2026-03-05,17,Copper,780.59,782.95,2.36,0.3019,1.91,13602,79033,780,16.25,16.75,0.8997,INR/kg,Dhan API v2 (Client 1112620458)
2026-03-05 18:00,2026-03-05,18,Copper,782.65,784.14,1.49,0.1901,-0.87,13085,80176,780,16.04,16.54,0.9196,INR/kg,Dhan API v2 (Client 1112620458)
2026-03-05 19:00,2026-03-05,19,Copper,782.91,782.47,-0.44,-0.0563,-1.93,2953,79285,780,16.55,17.05,0.8842,INR/kg,Dhan API v2 (Client 1112620458)
2026-03-05 20:00,2026-03-05,20,Copper,782.95,784.52,1.57,0.2001,2.01,8104,79363,780,16.39,16.89,0.9342,INR/kg,Dhan API v2 (Client 1112620458)
2026-03-05 21:00,2026-03-05,21,Copper,780.58,780.09,-0.49,-0.0625,-2.06,4143,81616,780,16.62,17.12,0.9411,INR/kg,Dhan API v2 (Client 1112620458)
2026-03-05 22:00,2026-03-05,22,Copper,780.6,782.39,1.79,0.2288,2.28,6862,80914,780,16.29,16.79,0.9084,INR/kg,Dhan API v2 (Client 1112620458)
2026-03-05 23:00,2026-03-05,23,Copper,781.56,780.14,-1.42,-0.1811,-3.21,12573,80422,780,15.83,16.33,0.9233,INR/kg,Dhan API v2 (Client 1112620458)
2026-03-06 09:00,2026-03-06,9,Copper,781.99,782.95,0.96,0.1225,2.38,10932,78613,780,16.07,16.57,0.9443,INR/kg,Dhan API v2 (Client 1112620458)
2026-03-06 10:00,2026-03-06,10,Copper,781.59,783.29,1.7,0.2172,0.74,6788,80304,780,16.12,16.62,0.9307,INR/kg,Dhan API v2 (Client 1112620458)
2026-03-06 11:00,2026-03-06,11,Copper,778.63,779.42,0.79,0.1013,-0.91,10222,78516,780,15.83,16.33,0.9623,INR/kg,Dhan API v2 (Client 1112620458)
2026-03-06 12:00,2026-03-06,12,Copper,778.72,777.88,-0.84,-0.1075,-1.63,2377,80694,780,15.86,16.36,0.9529,INR/kg,Dhan API v2 (Client 1112620458)
2026-03-06 13:00,2026-03-06,13,Copper,776.0,774.72,-1.28,-0.165,-0.44,6764,80323,780,16.41,16.91,0.9304,INR/kg,Dhan API v2 (Client 1112620458)
2026-03-06 14:00,2026-03-06,14,Copper,776.61,777.29,0.68,0.0871,1.96,10859,78838,780,16.73,17.23,0.9709,INR/kg,Dhan API v2 (Client 1112620458)
2026-03-06 15:00,2026-03-06,15,Copper,777.64,779.03,1.39,0.1787,0.71,1275,80878,780,16.52,17.02,0.919,INR/kg,Dhan API v2 (Client 1112620458)
2026-03-06 16:00,2026-03-06,16,Copper,779.53,779.43,-0.1,-0.0123,-1.49,5000,79545,780,16.96,17.46,0.9308,INR/kg,Dhan API v2 (Client 1112620458)
2026-03-06 17:00,2026-03-06,17,Copper,781.14,782.92,1.78,0.2276,1.88,10146,79954,780,16.46,16.96,0.9218,INR/kg,Dhan API v2 (Client 1112620458)
2026-03-06 18:00,2026-03-06,18,Copper,779.11,779.77,0.66,0.0845,-1.12,12412,78477,780,16.08,16.58,0.8907,INR/kg,Dhan API v2 (Client 1112620458)
2026-03-06 19:00,2026-03-06,19,Copper,778.46,778.28,-0.18,-0.0232,-0.84,3633,81225,780,16.38,16.88,0.9425,INR/kg,Dhan API v2 (Client 1112620458)
2026-03-06 20:00,2026-03-06,20,Copper,779.02,778.04,-0.98,-0.1256,-0.8,5732,79599,780,15.57,16.07,0.8894,INR/kg,Dhan API v2 (Client 1112620458)
2026-03-06 21:00,2026-03-06,21,Copper,780.61,781.51,0.9,0.115,1.88,8721,80967,780,16.3,16.8,0.9232,INR/kg,Dhan API v2 (Client 1112620458)
2026-03-06 22:00,2026-03-06,22,Copper,781.2,780.99,-0.21,-0.0273,-1.11,14793,77824,780,16.21,16.71,0.9241,INR/kg,Dhan API v2 (Client 1112620458)
2026-03-06 23:00,2026-03-06,23,Copper,779.18,780.23,1.05,0.1346,1.26,1945,78478,780,16.09,16.59,0.9441,INR/kg,Dhan API v2 (Client 1112620458)
2026-03-09 09:00,2026-03-09,9,Copper,779.24,780.11,0.87,0.1121,-0.18,10358,78620,780,15.9,16.4,0.9332,INR/kg,Dhan API v2 (Client 1112620458)
2026-03-09 10:00,2026-03-09,10,Copper,778.54,780.54,2.0,0.2565,1.13,2734,79473,780,16.17,16.67,0.909,INR/kg,Dhan API v2 (Client 1112620458)
2026-03-09 11:00,2026-03-09,11,Copper,777.56,777.53,-0.04,-0.0046,-2.04,9598,79845,780,16.08,16.58,0.9203,INR/kg,Dhan API v2 (Client 1112620458)
2026-03-09 12:00,2026-03-09,12,Copper,775.35,777.09,1.75,0.2255,1.79,8518,80531,780,16.02,16.52,0.9216,INR/kg,Dhan API v2 (Client 1112620458)
2026-03-09 13:00,2026-03-09,13,Copper,774.4,775.47,1.07,0.1375,-0.68,14837,79717,770,16.33,16.83,0.883,INR/kg,Dhan API v2 (Client 1112620458)
2026-03-09 14:00,2026-03-09,14,Copper,774.96,775.58,0.62,0.08,-0.45,10396,79435,770,16.4,16.9,0.8973,INR/kg,Dhan API v2 (Client 1112620458)
2026-03-09 15:00,2026-03-09,15,Copper,773.67,774.95,1.28,0.165,0.66,14552,81874,770,15.92,16.42,0.9252,INR/kg,Dhan API v2 (Client 1112620458)
2026-03-09 16:00,2026-03-09,16,Copper,771.92,772.37,0.44,0.0575,-0.84,5235,79976,770,16.58,17.08,0.9232,INR/kg,Dhan API v2 (Client 1112620458)
2026-03-09 17:00,2026-03-09,17,Copper,771.79,774.02,2.23,0.2896,1.79,10072,81400,770,16.19,16.69,0.9195,INR/kg,Dhan API v2 (Client 1112620458)
2026-03-09 18:00,2026-03-09,18,Copper,773.8,774.95,1.16,0.1493,-1.07,8339,78352,770,16.25,16.75,0.9601,INR/kg,Dhan API v2 (Client 1112620458)
2026-03-09 19:00,2026-03-09,19,Copper,775.34,778.17,2.83,0.3648,1.67,2944,78649,780,16.4,16.9,0.9728,INR/kg,Dhan API v2 (Client 1112620458)
2026-03-09 20:00,2026-03-09,20,Copper,775.99,775.08,-0.91,-0.1176,-3.74,2299,78062,780,16.17,16.67,0.9067,INR/kg,Dhan API v2 (Client 1112620458)
2026-03-09 21:00,2026-03-09,21,Copper,776.78,776.13,-0.65,-0.0836,0.26,8732,79934,780,16.57,17.07,0.8602,INR/kg,Dhan API v2 (Client 1112620458)
2026-03-09 22:00,2026-03-09,22,Copper,774.66,774.14,-0.51,-0.0661,0.14,1124,79716,770,16.36,16.86,0.8801,INR/kg,Dhan API v2 (Client 1112620458)
2026-03-09 23:00,2026-03-09,23,Copper,777.77,778.38,0.61,0.0782,1.12,4575,79426,780,16.16,16.66,0.9357,INR/kg,Dhan API v2 (Client 1112620458)
2026-03-10 09:00,2026-03-10,9,Copper,776.73,776.94,0.21,0.0269,-0.4,5862,78733,780,16.54,17.04,0.9116,INR/kg,Dhan API v2 (Client 1112620458)
2026-03-10 10:00,2026-03-10,10,Copper,775.55,776.1,0.54,0.0702,0.33,5978,79418,780,16.37,16.87,0.9489,INR/kg,Dhan API v2 (Client 1112620458)
2026-03-10 11:00,2026-03-10,11,Copper,775.44,774.83,-0.61,-0.0785,-1.15,1612,79652,780,16.03,16.53,0.9577,INR/kg,Dhan API v2 (Client 1112620458)
2026-03-10 12:00,2026-03-10,12,Copper,775.48,775.73,0.25,0.0318,0.86,8045,78763,780,16.35,16.85,0.9145,INR/kg,Dhan API v2 (Client 1112620458)
2026-03-10 13:00,2026-03-10,13,Copper,771.66,772.77,1.11,0.1444,0.86,13355,80518,770,16.2,16.7,0.9123,INR/kg,Dhan API v2 (Client 1112620458)
2026-03-10 14:00,2026-03-10,14,Copper,773.72,774.15,0.43,0.0551,-0.68,5196,78565,770,16.28,16.78,0.9119,INR/kg,Dhan API v2 (Client 1112620458)
2026-03-10 15:00,2026-03-10,15,Copper,777.21,777.68,0.47,0.0605,0.04,14216,80180,780,16.55,17.05,0.9359,INR/kg,Dhan API v2 (Client 1112620458)
2026-03-10 16:00,2026-03-10,16,Copper,773.5,774.65,1.15,0.1486,0.68,2574,79348,770,16.13,16.63,0.9201,INR/kg,Dhan API v2 (Client 1112620458)
2026-03-10 17:00,2026-03-10,17,Copper,775.1,773.81,-1.29,-0.1664,-2.44,12692,78833,780,16.25,16.75,0.9058,INR/kg,Dhan API v2 (Client 1112620458)
2026-03-10 18:00,2026-03-10,18,Copper,773.44,773.84,0.4,0.0519,1.69,7364,80841,770,16.41,16.91,0.8903,INR/kg,Dhan API v2 (Client 1112620458)
2026-03-10 19:00,2026-03-10,19,Copper,773.32,773.48,0.16,0.0207,-0.24,6900,78681,770,15.58,16.08,0.9112,INR/kg,Dhan API v2 (Client 1112620458)
2026-03-10 20:00,2026-03-10,20,Copper,772.45,774.82,2.38,0.3075,2.22,6508,79178,770,16.51,17.01,0.9288,INR/kg,Dhan API v2 (Client 1112620458)
2026-03-10 21:00,2026-03-10,21,Copper,773.75,774.23,0.48,0.0614,-1.9,2503,80855,770,15.57,16.07,0.8665,INR/kg,Dhan API v2 (Client 1112620458)
2026-03-10 22:00,2026-03-10,22,Copper,776.3,775.77,-0.52,-0.0674,-1.0,8470,79792,780,16.37,16.87,0.9223,INR/kg,Dhan API v2 (Client 1112620458)
2026-03-10 23:00,2026-03-10,23,Copper,778.47,779.2,0.73,0.0942,1.25,3343,78568,780,16.13,16.63,0.9054,INR/kg,Dhan API v2 (Client 1112620458)
2026-03-11 09:00,2026-03-11,9,Copper,776.25,775.23,-1.02,-0.1309,-1.75,9949,77506,780,16.36,16.86,0.9033,INR/kg,Dhan API v2 (Client 1112620458)
2026-03-11 10:00,2026-03-11,10,Copper,780.71,781.96,1.25,0.1601,2.27,9106,78884,780,15.8,16.3,0.9009,INR/kg,Dhan API v2 (Client 1112620458)
2026-03-11 11:00,2026-03-11,11,Copper,781.72,782.05,0.33,0.0421,-0.92,6188,78989,780,16.45,16.95,0.936,INR/kg,Dhan API v2 (Client 1112620458)
2026-03-11 12:00,2026-03-11,12,Copper,784.74,783.82,-0.92,-0.117,-1.25,1958,79876,780,16.36,16.86,0.925,INR/kg,Dhan API v2 (Client 1112620458)
2026-03-11 13:00,2026-03-11,13,Copper,787.23,786.28,-0.95,-0.1206,-0.03,8974,80508,790,16.42,16.92,0.9517,INR/kg,Dhan API v2 (Client 1112620458)
2026-03-11 14:00,2026-03-11,14,Copper,786.94,786.0,-0.93,-0.1186,0.02,13468,81163,790,16.29,16.79,0.939,INR/kg,Dhan API v2 (Client 1112620458)
2026-03-11 15:00,2026-03-11,15,Copper,789.08,790.99,1.9,0.2411,2.83,14486,80013,790,15.78,16.28,0.8731,INR/kg,Dhan API v2 (Client 1112620458)
2026-03-11 16:00,2026-03-11,16,Copper,791.79,792.83,1.05,0.132,-0.85,4161,79700,790,16.21,16.71,0.8979,INR/kg,Dhan API v2 (Client 1112620458)
2026-03-11 17:00,2026-03-11,17,Copper,792.57,793.84,1.27,0.1598,0.22,5263,77674,790,16.21,16.71,0.9221,INR/kg,Dhan API v2 (Client 1112620458)
2026-03-11 18:00,2026-03-11,18,Copper,792.2,793.55,1.34,0.1694,0.07,907,79015,790,16.23,16.73,0.9118,INR/kg,Dhan API v2 (Client 1112620458)
2026-03-11 19:00,2026-03-11,19,Copper,794.11,792.91,-1.19,-0.1504,-2.53,8399,79723,790,15.63,16.13,0.9308,INR/kg,Dhan API v2 (Client 1112620458)
2026-03-11 20:00,2026-03-11,20,Copper,796.6,794.42,-2.18,-0.2734,-0.99,2164,77906,800,15.8,16.3,0.9355,INR/kg,Dhan API v2 (Client 1112620458)
2026-03-11 21:00,2026-03-11,21,Copper,796.35,797.94,1.59,0.2002,3.77,2089,79238,800,15.9,16.4,0.9334,INR/kg,Dhan API v2 (Client 1112620458)
2026-03-11 22:00,2026-03-11,22,Copper,794.42,793.45,-0.98,-0.1229,-2.57,7943,79249,790,16.34,16.84,0.9264,INR/kg,Dhan API v2 (Client 1112620458)
2026-03-11 23:00,2026-03-11,23,Copper,793.01,794.2,1.19,0.15,2.17,5819,79275,790,16.37,16.87,0.91,INR/kg,Dhan API v2 (Client 1112620458)
2026-03-12 09:00,2026-03-12,9,Copper,793.0,795.2,2.2,0.2776,1.01,1094,80908,790,16.46,16.96,0.9407,INR/kg,Dhan API v2 (Client 1112620458)
2026-03-12 10:00,2026-03-12,10,Copper,790.74,794.74,4.0,0.5056,1.8,5955,78707,790,16.47,16.97,0.9052,INR/kg,Dhan API v2 (Client 1112620458)
2026-03-12 11:00,2026-03-12,11,Copper,791.24,793.45,2.21,0.2792,-1.79,12348,79156,790,16.22,16.72,0.8843,INR/kg,Dhan API v2 (Client 1112620458)
2026-03-12 12:00,2026-03-12,12,Copper,791.99,795.14,3.15,0.3971,0.94,1206,79721,790,16.18,16.68,0.9042,INR/kg,Dhan API v2 (Client 1112620458)
2026-03-12 13:00,2026-03-12,13,Copper,795.29,796.78,1.49,0.1871,-1.66,8868,79411,800,16.17,16.67,0.9432,INR/kg,Dhan API v2 (Client 1112620458)
2026-03-12 14:00,2026-03-12,14,Copper,797.79,801.78,3.99,0.4996,2.5,10137,78887,800,15.97,16.47,0.9128,INR/kg,Dhan API v2 (Client 1112620458)
2026-03-12 15:00,2026-03-12,15,Copper,797.66,802.75,5.1,0.6389,1.11,599,80100,800,16.35,16.85,0.8826,INR/kg,Dhan API v2 (Client 1112620458)
2026-03-12 16:00,2026-03-12,16,Copper,792.87,795.16,2.29,0.2886,-2.81,7905,79269,790,16.76,17.26,0.895,INR/kg,Dhan API v2 (Client 1112620458)
2026-03-12 17:00,2026-03-12,17,Copper,792.38,796.3,3.92,0.4943,1.63,6726,80347,790,16.24,16.74,0.9178,INR/kg,Dhan API v2 (Client 1112620458)
2026-03-12 18:00,2026-03-12,18,Copper,793.99,796.05,2.05,0.2585,-1.87,733,78235,790,16.29,16.79,0.9337,INR/kg,Dhan API v2 (Client 1112620458)
2026-03-12 19:00,2026-03-12,19,Copper,795.68,800.14,4.46,0.5607,2.41,10891,79338,800,16.55,17.05,0.9527,INR/kg,Dhan API v2 (Client 1112620458)
2026-03-12 20:00,2026-03-12,20,Copper,795.38,799.49,4.1,0.516,-0.36,9810,80179,800,16.28,16.78,0.92,INR/kg,Dhan API v2 (Client 1112620458)
2026-03-12 21:00,2026-03-12,21,Copper,798.1,803.24,5.14,0.6437,1.04,3769,78880,800,16.35,16.85,0.9874,INR/kg,Dhan API v2 (Client 1112620458)
2026-03-12 22:00,2026-03-12,22,Copper,801.06,804.54,3.48,0.435,-1.66,11036,79724,800,16.21,16.71,0.9492,INR/kg,Dhan API v2 (Client 1112620458)
2026-03-12 23:00,2026-03-12,23,Copper,802.26,806.73,4.47,0.5569,0.99,5015,78905,800,16.09,16.59,0.9148,INR/kg,Dhan API v2 (Client 1112620458)
2026-03-13 09:00,2026-03-13,9,Copper,802.26,805.52,3.26,0.406,-1.21,8164,80184,800,16.25,16.75,0.8954,INR/kg,Dhan API v2 (Client 1112620458)
2026-03-13 10:00,2026-03-13,10,Copper,799.36,802.67,3.31,0.4141,0.05,10262,80693,800,16.02,16.52,0.9096,INR/kg,Dhan API v2 (Client 1112620458)
2026-03-13 11:00,2026-03-13,11,Copper,805.44,808.91,3.47,0.4307,0.16,9563,78894,810,16.0,16.5,0.9217,INR/kg,Dhan API v2 (Client 1112620458)
2026-03-13 12:00,2026-03-13,12,Copper,809.62,812.0,2.37,0.2932,-1.1,5438,79332,810,16.55,17.05,0.9098,INR/kg,Dhan API v2 (Client 1112620458)
2026-03-13 13:00,2026-03-13,13,Copper,806.66,810.55,3.9,0.4829,1.53,813,79676,810,15.88,16.38,0.8931,INR/kg,Dhan API v2 (Client 1112620458)
2026-03-13 14:00,2026-03-13,14,Copper,802.94,806.13,3.19,0.3971,-0.71,6916,79036,800,15.93,16.43,0.913,INR/kg,Dhan API v2 (Client 1112620458)
2026-03-13 15:00,2026-03-13,15,Copper,804.2,808.2,4.0,0.4971,0.81,5569,79134,800,16.49,16.99,0.8823,INR/kg,Dhan API v2 (Client 1112620458)
2026-03-13 16:00,2026-03-13,16,Copper,804.86,808.92,4.07,0.5051,0.07,5759,77962,800,15.76,16.26,0.8756,INR/kg,Dhan API v2 (Client 1112620458)
2026-03-13 17:00,2026-03-13,17,Copper,807.94,811.62,3.68,0.4555,-0.39,5433,78810,810,16.43,16.93,0.9338,INR/kg,Dhan API v2 (Client 1112620458)
2026-03-13 18:00,2026-03-13,18,Copper,805.35,808.79,3.44,0.4266,-0.24,13486,80980,810,16.19,16.69,0.9054,INR/kg,Dhan API v2 (Client 1112620458)
2026-03-13 19:00,2026-03-13,19,Copper,809.81,815.52,5.71,0.7054,2.27,584,79969,810,16.1,16.6,0.9229,INR/kg,Dhan API v2 (Client 1112620458)
2026-03-13 20:00,2026-03-13,20,Copper,811.32,814.63,3.31,0.4081,-2.4,9030,79489,810,16.27,16.77,0.9011,INR/kg,Dhan API v2 (Client 1112620458)
2026-03-13 21:00,2026-03-13,21,Copper,810.89,813.35,2.46,0.3029,-0.85,14005,78425,810,16.0,16.5,0.9422,INR/kg,Dhan API v2 (Client 1112620458)
2026-03-13 22:00,2026-03-13,22,Copper,813.74,816.09,2.35,0.2886,-0.11,10012,80804,810,15.77,16.27,0.8922,INR/kg,Dhan API v2 (Client 1112620458)
2026-03-13 23:00,2026-03-13,23,Copper,815.64,818.37,2.73,0.3348,0.38,5196,79734,820,16.31,16.81,0.9245,INR/kg,Dhan API v2 (Client 1112620458)
2026-03-16 09:00,2026-03-16,9,Copper,816.14,818.56,2.42,0.296,-0.31,528,79880,820,16.25,16.75,0.9535,INR/kg,Dhan API v2 (Client 1112620458)
2026-03-16 10:00,2026-03-16,10,Copper,816.49,821.03,4.54,0.5555,2.12,13557,79866,820,16.25,16.75,0.9462,INR/kg,Dhan API v2 (Client 1112620458)
2026-03-16 11:00,2026-03-16,11,Copper,814.28,817.1,2.82,0.346,-1.72,8589,80263,810,16.55,17.05,0.9275,INR/kg,Dhan API v2 (Client 1112620458)
2026-03-16 12:00,2026-03-16,12,Copper,814.54,818.5,3.97,0.4868,1.15,4581,79890,810,16.17,16.67,0.9318,INR/kg,Dhan API v2 (Client 1112620458)
2026-03-16 13:00,2026-03-16,13,Copper,813.34,817.78,4.43,0.5452,0.46,10411,79783,810,15.71,16.21,0.9363,INR/kg,Dhan API v2 (Client 1112620458)
2026-03-16 14:00,2026-03-16,14,Copper,815.28,819.89,4.61,0.5649,0.18,13297,80426,820,15.84,16.34,0.881,INR/kg,Dhan API v2 (Client 1112620458)
2026-03-16 15:00,2026-03-16,15,Copper,816.35,820.7,4.36,0.5335,-0.25,12885,77892,820,16.17,16.67,0.9075,INR/kg,Dhan API v2 (Client 1112620458)
2026-03-16 16:00,2026-03-16,16,Copper,815.94,819.86,3.92,0.48,-0.44,1073,79201,820,16.5,17.0,0.9163,INR/kg,Dhan API v2 (Client 1112620458)
2026-03-16 17:00,2026-03-16,17,Copper,817.32,820.38,3.05,0.3733,-0.87,13708,78921,820,16.05,16.55,0.8765,INR/kg,Dhan API v2 (Client 1112620458)
2026-03-16 18:00,2026-03-16,18,Copper,813.11,817.04,3.93,0.4837,0.88,5450,79433,810,16.56,17.06,0.9257,INR/kg,Dhan API v2 (Client 1112620458)
2026-03-16 19:00,2026-03-16,19,Copper,812.61,815.72,3.11,0.3829,-0.82,646,79681,810,16.24,16.74,0.8904,INR/kg,Dhan API v2 (Client 1112620458)
2026-03-16 20:00,2026-03-16,20,Copper,813.81,817.07,3.26,0.401,0.15,675,79859,810,15.7,16.2,0.9189,INR/kg,Dhan API v2 (Client 1112620458)
2026-03-16 21:00,2026-03-16,21,Copper,811.28,813.25,1.97,0.2429,-1.29,8406,79027,810,16.3,16.8,0.8873,INR/kg,Dhan API v2 (Client 1112620458)
2026-03-16 22:00,2026-03-16,22,Copper,812.1,815.27,3.17,0.3906,1.2,6677,81245,810,16.27,16.77,0.9249,INR/kg,Dhan API v2 (Client 1112620458)
2026-03-16 23:00,2026-03-16,23,Copper,810.69,813.81,3.12,0.3845,-0.05,8718,80810,810,16.89,17.39,0.9105,INR/kg,Dhan API v2 (Client 1112620458)
2026-03-17 09:00,2026-03-17,9,Copper,812.23,815.19,2.96,0.365,-0.16,5911,79681,810,16.65,17.15,0.9531,INR/kg,Dhan API v2 (Client 1112620458)
2026-03-17 10:00,2026-03-17,10,Copper,813.0,816.65,3.65,0.449,0.69,6083,79447,810,16.66,17.16,0.9232,INR/kg,Dhan API v2 (Client 1112620458)
2026-03-17 11:00,2026-03-17,11,Copper,812.84,815.22,2.37,0.2918,-1.28,5502,78801,810,16.38,16.88,0.9152,INR/kg,Dhan API v2 (Client 1112620458)
2026-03-17 12:00,2026-03-17,12,Copper,810.83,814.05,3.22,0.397,0.85,11312,78403,810,16.42,16.92,0.9188,INR/kg,Dhan API v2 (Client 1112620458)
2026-03-17 13:00,2026-03-17,13,Copper,810.53,813.84,3.31,0.408,0.09,4569,80499,810,16.11,16.61,0.9257,INR/kg,Dhan API v2 (Client 1112620458)
2026-03-17 14:00,2026-03-17,14,Copper,812.21,813.55,1.33,0.1639,-1.98,2523,79767,810,16.17,16.67,0.9278,INR/kg,Dhan API v2 (Client 1112620458)
2026-03-17 15:00,2026-03-17,15,Copper,812.24,813.43,1.19,0.1465,-0.14,5049,79105,810,15.76,16.26,0.9153,INR/kg,Dhan API v2 (Client 1112620458)
2026-03-17 16:00,2026-03-17,16,Copper,810.97,814.93,3.96,0.4879,2.77,9675,78760,810,16.25,16.75,0.9084,INR/kg,Dhan API v2 (Client 1112620458)
2026-03-17 17:00,2026-03-17,17,Copper,813.25,818.11,4.86,0.5981,0.9,6832,79653,810,16.37,16.87,0.9153,INR/kg,Dhan API v2 (Client 1112620458)
2026-03-17 18:00,2026-03-17,18,Copper,814.93,817.04,2.11,0.2592,-2.75,2194,80117,810,16.4,16.9,0.9358,INR/kg,Dhan API v2 (Client 1112620458)
2026-03-17 19:00,2026-03-17,19,Copper,812.95,816.55,3.6,0.4423,1.49,4270,79918,810,15.94,16.44,0.9139,INR/kg,Dhan API v2 (Client 1112620458)
2026-03-17 20:00,2026-03-17,20,Copper,814.65,818.74,4.09,0.5026,0.49,11288,79913,810,16.33,16.83,0.9451,INR/kg,Dhan API v2 (Client 1112620458)
2026-03-17 21:00,2026-03-17,21,Copper,815.52,821.05,5.53,0.6777,1.44,8321,80843,820,16.38,16.88,0.9226,INR/kg,Dhan API v2 (Client 1112620458)
2026-03-17 22:00,2026-03-17,22,Copper,816.63,819.89,3.27,0.4,-2.26,6313,78509,820,16.46,16.96,0.9286,INR/kg,Dhan API v2 (Client 1112620458)
2026-03-17 23:00,2026-03-17,23,Copper,815.21,819.24,4.02,0.4932,0.75,1512,78087,820,16.17,16.67,0.9217,INR/kg,Dhan API v2 (Client 1112620458)
2026-03-18 09:00,2026-03-18,9,Copper,817.33,819.67,2.34,0.2859,-1.68,5800,78631,820,16.31,16.81,0.8705,INR/kg,Dhan API v2 (Client 1112620458)
2026-03-18 10:00,2026-03-18,10,Copper,816.79,820.31,3.52,0.4313,1.18,5493,78968,820,16.3,16.8,0.9304,INR/kg,Dhan API v2 (Client 1112620458)
2026-03-18 11:00,2026-03-18,11,Copper,814.29,818.15,3.86,0.474,0.34,12375,79799,810,15.93,16.43,0.9527,INR/kg,Dhan API v2 (Client 1112620458)
2026-03-18 12:00,2026-03-18,12,Copper,813.69,816.63,2.93,0.3605,-0.93,5204,80502,810,16.25,16.75,0.9348,INR/kg,Dhan API v2 (Client 1112620458)
2026-03-18 13:00,2026-03-18,13,Copper,814.42,817.77,3.35,0.4109,0.42,13882,79629,810,16.05,16.55,0.9015,INR/kg,Dhan API v2 (Client 1112620458)
2026-03-18 14:00,2026-03-18,14,Copper,814.03,816.49,2.46,0.302,-0.89,8627,79870,810,16.31,16.81,0.914,INR/kg,Dhan API v2 (Client 1112620458)
2026-03-18 15:00,2026-03-18,15,Copper,813.79,815.48,1.69,0.2082,-0.77,8604,78531,810,16.62,17.12,0.9029,INR/kg,Dhan API v2 (Client 1112620458)
2026-03-18 16:00,2026-03-18,16,Copper,814.31,817.45,3.14,0.3854,1.45,3849,80131,810,16.04,16.54,0.887,INR/kg,Dhan API v2 (Client 1112620458)
2026-03-18 17:00,2026-03-18,17,Copper,813.95,817.0,3.06,0.3753,-0.08,2840,79548,810,16.16,16.66,0.9185,INR/kg,Dhan API v2 (Client 1112620458)
2026-03-18 18:00,2026-03-18,18,Copper,812.83,816.6,3.77,0.4635,0.71,5428,80529,810,16.29,16.79,0.941,INR/kg,Dhan API v2 (Client 1112620458)
2026-03-18 19:00,2026-03-18,19,Copper,815.2,817.99,2.79,0.3422,-0.98,1103,78988,820,16.19,16.69,0.9268,INR/kg,Dhan API v2 (Client 1112620458)
2026-03-18 20:00,2026-03-18,20,Copper,814.73,817.63,2.91,0.357,0.12,11355,80692,810,15.83,16.33,0.879,INR/kg,Dhan API v2 (Client 1112620458)
2026-03-18 21:00,2026-03-18,21,Copper,813.7,816.02,2.32,0.2849,-0.59,534,79289,810,15.79,16.29,0.887,INR/kg,Dhan API v2 (Client 1112620458)
2026-03-18 22:00,2026-03-18,22,Copper,809.78,811.79,2.01,0.2487,-0.31,1338,79104,810,15.93,16.43,0.9348,INR/kg,Dhan API v2 (Client 1112620458)
2026-03-18 23:00,2026-03-18,23,Copper,809.42,812.75,3.33,0.4113,1.32,2469,78874,810,16.13,16.63,0.9068,INR/kg,Dhan API v2 (Client 1112620458)
2026-03-19 09:00,2026-03-19,9,Copper,809.03,813.57,4.54,0.5609,1.21,734,78420,810,16.41,16.91,0.9127,INR/kg,Dhan API v2 (Client 1112620458)
2026-03-19 10:00,2026-03-19,10,Copper,809.21,812.91,3.7,0.4571,-0.84,3232,79132,810,15.87,16.37,0.9105,INR/kg,Dhan API v2 (Client 1112620458)
2026-03-19 11:00,2026-03-19,11,Copper,811.7,813.71,2.0,0.2469,-1.7,4126,80200,810,16.48,16.98,0.9006,INR/kg,Dhan API v2 (Client 1112620458)
2026-03-19 12:00,2026-03-19,12,Copper,812.47,815.65,3.19,0.3921,1.19,8309,78173,810,16.17,16.67,0.8883,INR/kg,Dhan API v2 (Client 1112620458)
2026-03-19 13:00,2026-03-19,13,Copper,811.76,813.1,1.34,0.1646,-1.85,7228,79126,810,15.78,16.28,0.9261,INR/kg,Dhan API v2 (Client 1112620458)
2026-03-19 14:00,2026-03-19,14,Copper,813.0,816.05,3.05,0.3755,1.71,4643,80580,810,16.33,16.83,0.9112,INR/kg,Dhan API v2 (Client 1112620458)
2026-03-19 15:00,2026-03-19,15,Copper,812.09,813.79,1.7,0.2093,-1.35,9824,79220,810,15.95,16.45,0.9199,INR/kg,Dhan API v2 (Client 1112620458)
2026-03-19 16:00,2026-03-19,16,Copper,814.05,816.63,2.57,0.3158,0.87,7079,80324,810,16.51,17.01,0.9263,INR/kg,Dhan API v2 (Client 1112620458)
2026-03-19 17:00,2026-03-19,17,Copper,813.61,818.07,4.46,0.548,1.89,7321,78947,810,16.1,16.6,0.9257,INR/kg,Dhan API v2 (Client 1112620458)
2026-03-19 18:00,2026-03-19,18,Copper,814.27,818.53,4.26,0.5226,-0.2,3269,79128,810,15.61,16.11,0.9437,INR/kg,Dhan API v2 (Client 1112620458)
2026-03-19 19:00,2026-03-19,19,Copper,816.47,817.21,0.74,0.0906,-3.52,12471,79463,820,15.99,16.49,0.9014,INR/kg,Dhan API v2 (Client 1112620458)
2026-03-19 20:00,2026-03-19,20,Copper,816.57,819.13,2.56,0.3132,1.82,687,80812,820,16.0,16.5,0.8554,INR/kg,Dhan API v2 (Client 1112620458)
2026-03-19 21:00,2026-03-19,21,Copper,817.38,820.47,3.09,0.3776,0.53,10109,79141,820,15.8,16.3,0.9395,INR/kg,Dhan API v2 (Client 1112620458)
2026-03-19 22:00,2026-03-19,22,Copper,820.55,822.7,2.14,0.2613,-0.95,2906,78632,820,16.29,16.79,0.9064,INR/kg,Dhan API v2 (Client 1112620458)
2026-03-19 23:00,2026-03-19,23,Copper,817.63,821.72,4.09,0.5001,1.95,9230,78474,820,16.36,16.86,0.9208,INR/kg,Dhan API v2 (Client 1112620458)
2026-03-20 09:00,2026-03-20,9,Copper,813.81,816.98,3.17,0.3898,-0.92,1462,80763,810,16.06,16.56,0.9117,INR/kg,Dhan API v2 (Client 1112620458)
2026-03-20 10:00,2026-03-20,10,Copper,813.62,816.76,3.14,0.3856,-0.03,3210,79933,810,16.55,17.05,0.8916,INR/kg,Dhan API v2 (Client 1112620458)
2026-03-20 11:00,2026-03-20,11,Copper,812.34,816.32,3.98,0.4903,0.84,13932,80678,810,15.62,16.12,0.8866,INR/kg,Dhan API v2 (Client 1112620458)
2026-03-20 12:00,2026-03-20,12,Copper,811.04,814.41,3.37,0.4153,-0.61,3010,78825,810,16.0,16.5,0.8935,INR/kg,Dhan API v2 (Client 1112620458)
2026-03-20 13:00,2026-03-20,13,Copper,812.61,815.21,2.6,0.3199,-0.77,14379,78576,810,16.34,16.84,0.915,INR/kg,Dhan API v2 (Client 1112620458)
2026-03-20 14:00,2026-03-20,14,Copper,808.81,811.96,3.16,0.3904,0.56,5413,79431,810,16.72,17.22,0.948,INR/kg,Dhan API v2 (Client 1112620458)
2026-03-20 15:00,2026-03-20,15,Copper,813.88,816.19,2.32,0.285,-0.84,4957,77098,810,16.25,16.75,0.9224,INR/kg,Dhan API v2 (Client 1112620458)
2026-03-20 16:00,2026-03-20,16,Copper,813.97,814.98,1.01,0.124,-1.31,4747,81351,810,15.94,16.44,0.9623,INR/kg,Dhan API v2 (Client 1112620458)
2026-03-20 17:00,2026-03-20,17,Copper,814.45,816.14,1.69,0.207,0.68,3937,79557,810,16.28,16.78,0.9026,INR/kg,Dhan API v2 (Client 1112620458)
2026-03-20 18:00,2026-03-20,18,Copper,811.42,811.99,0.57,0.0698,-1.12,1848,80171,810,16.42,16.92,0.9168,INR/kg,Dhan API v2 (Client 1112620458)
2026-03-20 19:00,2026-03-20,19,Copper,808.1,810.64,2.54,0.3139,1.97,13598,79044,810,15.93,16.43,0.8942,INR/kg,Dhan API v2 (Client 1112620458)
2026-03-20 20:00,2026-03-20,20,Copper,808.68,812.09,3.42,0.4223,0.88,14117,79511,810,16.42,16.92,0.8775,INR/kg,Dhan API v2 (Client 1112620458)
2026-03-20 21:00,2026-03-20,21,Copper,808.64,811.23,2.58,0.3195,-0.84,12037,79179,810,16.05,16.55,0.9312,INR/kg,Dhan API v2 (Client 1112620458)
2026-03-20 22:00,2026-03-20,22,Copper,806.96,811.14,4.17,0.517,1.59,2065,79694,810,16.43,16.93,0.9378,INR/kg,Dhan API v2 (Client 1112620458)
2026-03-20 23:00,2026-03-20,23,Copper,804.59,807.7,3.1,0.3858,-1.07,6812,80761,800,16.17,16.67,0.8993,INR/kg,Dhan API v2 (Client 1112620458)
2026-03-23 09:00,2026-03-23,9,Copper,806.77,810.11,3.34,0.4143,0.24,9826,79319,810,16.45,16.95,0.9389,INR/kg,Dhan API v2 (Client 1112620458)
2026-03-23 10:00,2026-03-23,10,Copper,805.27,807.93,2.66,0.3301,-0.68,2219,79542,810,16.35,16.85,0.9047,INR/kg,Dhan API v2 (Client 1112620458)
2026-03-23 11:00,2026-03-23,11,Copper,811.46,813.36,1.9,0.2344,-0.76,8350,80569,810,15.85,16.35,0.9281,INR/kg,Dhan API v2 (Client 1112620458)
2026-03-23 12:00,2026-03-23,12,Copper,816.28,817.2,0.92,0.1128,-0.98,5307,80437,820,15.92,16.42,0.9098,INR/kg,Dhan API v2 (Client 1112620458)
2026-03-23 13:00,2026-03-23,13,Copper,815.87,819.47,3.61,0.442,2.69,12882,80920,820,16.27,16.77,0.9093,INR/kg,Dhan API v2 (Client 1112620458)
2026-03-23 14:00,2026-03-23,14,Copper,820.53,822.12,1.59,0.1937,-2.02,7664,80098,820,16.2,16.7,0.9054,INR/kg,Dhan API v2 (Client 1112620458)
2026-03-23 15:00,2026-03-23,15,Copper,818.09,819.5,1.41,0.1724,-0.18,9047,80910,820,16.75,17.25,0.9021,INR/kg,Dhan API v2 (Client 1112620458)
2026-03-23 16:00,2026-03-23,16,Copper,819.48,822.34,2.86,0.3495,1.45,7509,78978,820,16.05,16.55,0.8958,INR/kg,Dhan API v2 (Client 1112620458)
2026-03-23 17:00,2026-03-23,17,Copper,819.0,821.04,2.04,0.2489,-0.82,11468,79226,820,16.86,17.36,0.8987,INR/kg,Dhan API v2 (Client 1112620458)
2026-03-23 18:00,2026-03-23,18,Copper,820.89,824.47,3.58,0.4355,1.54,5780,80651,820,16.83,17.33,0.9227,INR/kg,Dhan API v2 (Client 1112620458)
2026-03-23 19:00,2026-03-23,19,Copper,824.09,825.6,1.5,0.1824,-2.08,5300,79164,820,16.48,16.98,0.9321,INR/kg,Dhan API v2 (Client 1112620458)
2026-03-23 20:00,2026-03-23,20,Copper,818.88,821.65,2.77,0.338,1.27,6088,79396,820,16.4,16.9,0.9245,INR/kg,Dhan API v2 (Client 1112620458)
2026-03-23 21:00,2026-03-23,21,Copper,818.78,822.75,3.97,0.4849,1.2,7317,79325,820,16.44,16.94,0.9066,INR/kg,Dhan API v2 (Client 1112620458)
2026-03-23 22:00,2026-03-23,22,Copper,820.11,821.55,1.44,0.1761,-2.53,13663,80679,820,16.72,17.22,0.9064,INR/kg,Dhan API v2 (Client 1112620458)
2026-03-23 23:00,2026-03-23,23,Copper,822.21,824.91,2.7,0.3287,1.26,11754,79876,820,15.85,16.35,0.9021,INR/kg,Dhan API v2 (Client 1112620458)
2026-03-24 09:00,2026-03-24,9,Copper,822.28,825.95,3.67,0.4465,0.97,9168,80631,820,15.78,16.28,0.9237,INR/kg,Dhan API v2 (Client 1112620458)
2026-03-24 10:00,2026-03-24,10,Copper,824.55,828.04,3.49,0.4238,-0.18,6026,79009,820,16.04,16.54,0.9252,INR/kg,Dhan API v2 (Client 1112620458)
2026-03-24 11:00,2026-03-24,11,Copper,825.6,828.03,2.43,0.2939,-1.06,7645,79839,830,16.2,16.7,0.9432,INR/kg,Dhan API v2 (Client 1112620458)
2026-03-24 12:00,2026-03-24,12,Copper,824.16,827.51,3.35,0.406,0.92,785,79506,820,15.72,16.22,0.9095,INR/kg,Dhan API v2 (Client 1112620458)
2026-03-24 13:00,2026-03-24,13,Copper,825.73,827.41,1.68,0.2035,-1.67,4954,77914,830,16.39,16.89,0.9487,INR/kg,Dhan API v2 (Client 1112620458)
2026-03-24 14:00,2026-03-24,14,Copper,827.14,830.33,3.19,0.3858,1.51,4665,78909,830,15.99,16.49,0.8988,INR/kg,Dhan API v2 (Client 1112620458)
2026-03-24 15:00,2026-03-24,15,Copper,822.71,824.69,1.97,0.24,-1.22,7494,80442,820,16.06,16.56,0.955,INR/kg,Dhan API v2 (Client 1112620458)
2026-03-24 16:00,2026-03-24,16,Copper,825.17,827.31,2.14,0.2589,0.17,10233,79119,830,16.25,16.75,0.8771,INR/kg,Dhan API v2 (Client 1112620458)
2026-03-24 17:00,2026-03-24,17,Copper,822.82,824.9,2.08,0.2528,-0.06,12351,78950,820,16.09,16.59,0.9003,INR/kg,Dhan API v2 (Client 1112620458)
2026-03-24 18:00,2026-03-24,18,Copper,821.25,823.93,2.68,0.3261,0.6,4308,80468,820,15.81,16.31,0.9277,INR/kg,Dhan API v2 (Client 1112620458)
2026-03-24 19:00,2026-03-24,19,Copper,818.16,820.54,2.38,0.2907,-0.3,6712,79546,820,15.9,16.4,0.9096,INR/kg,Dhan API v2 (Client 1112620458)
2026-03-24 20:00,2026-03-24,20,Copper,816.35,818.22,1.86,0.228,-0.52,12658,80212,820,16.21,16.71,0.9232,INR/kg,Dhan API v2 (Client 1112620458)
2026-03-24 21:00,2026-03-24,21,Copper,815.49,817.01,1.52,0.1868,-0.34,11713,79485,820,16.29,16.79,0.9683,INR/kg,Dhan API v2 (Client 1112620458)
2026-03-24 22:00,2026-03-24,22,Copper,819.67,822.08,2.41,0.2935,0.89,8746,79203,820,15.91,16.41,0.9035,INR/kg,Dhan API v2 (Client 1112620458)
2026-03-24 23:00,2026-03-24,23,Copper,818.46,820.18,1.72,0.2103,-0.69,6473,80052,820,15.78,16.28,0.9276,INR/kg,Dhan API v2 (Client 1112620458)
2026-03-25 09:00,2026-03-25,9,Copper,819.16,821.24,2.08,0.2545,0.36,13099,79444,820,16.25,16.75,0.9287,INR/kg,Dhan API v2 (Client 1112620458)
2026-03-25 10:00,2026-03-25,10,Copper,815.96,816.38,0.42,0.0514,-1.66,5357,79846,820,15.91,16.41,0.896,INR/kg,Dhan API v2 (Client 1112620458)
2026-03-25 11:00,2026-03-25,11,Copper,812.74,814.87,2.14,0.2631,1.72,7544,80219,810,15.8,16.3,0.931,INR/kg,Dhan API v2 (Client 1112620458)
2026-03-25 12:00,2026-03-25,12,Copper,813.94,816.59,2.65,0.3253,0.51,4233,79747,810,16.44,16.94,0.8916,INR/kg,Dhan API v2 (Client 1112620458)
2026-03-25 13:00,2026-03-25,13,Copper,814.09,817.88,3.79,0.4658,1.14,14899,81003,810,16.33,16.83,0.9091,INR/kg,Dhan API v2 (Client 1112620458)
2026-03-25 14:00,2026-03-25,14,Copper,813.61,814.64,1.03,0.1261,-2.76,1576,78776,810,15.85,16.35,0.8921,INR/kg,Dhan API v2 (Client 1112620458)
2026-03-25 15:00,2026-03-25,15,Copper,815.74,818.49,2.74,0.3364,1.71,3547,78793,820,15.88,16.38,0.8875,INR/kg,Dhan API v2 (Client 1112620458)
2026-03-25 16:00,2026-03-25,16,Copper,813.88,816.49,2.61,0.3209,-0.13,10317,79588,810,15.9,16.4,0.8818,INR/kg,Dhan API v2 (Client 1112620458)
2026-03-25 17:00,2026-03-25,17,Copper,812.21,814.95,2.74,0.3374,0.13,2797,79708,810,15.97,16.47,0.9085,INR/kg,Dhan API v2 (Client 1112620458)
2026-03-25 18:00,2026-03-25,18,Copper,810.56,811.77,1.21,0.1493,-1.53,14939,81062,810,16.2,16.7,0.9041,INR/kg,Dhan API v2 (Client 1112620458)
2026-03-25 19:00,2026-03-25,19,Copper,810.17,813.66,3.49,0.4306,2.28,6499,78575,810,16.16,16.66,0.9018,INR/kg,Dhan API v2 (Client 1112620458)
2026-03-25 20:00,2026-03-25,20,Copper,807.85,809.67,1.82,0.2252,-1.67,10102,79700,810,16.47,16.97,0.9671,INR/kg,Dhan API v2 (Client 1112620458)
2026-03-25 21:00,2026-03-25,21,Copper,809.6,811.43,1.83,0.2257,0.01,6793,80240,810,16.09,16.59,0.942,INR/kg,Dhan API v2 (Client 1112620458)
2026-03-25 22:00,2026-03-25,22,Copper,806.44,808.69,2.25,0.2791,0.42,2891,79387,810,15.59,16.09,0.9204,INR/kg,Dhan API v2 (Client 1112620458)
2026-03-25 23:00,2026-03-25,23,Copper,807.72,811.15,3.43,0.4246,1.18,939,80668,810,15.98,16.48,0.9219,INR/kg,Dhan API v2 (Client 1112620458)
2026-03-26 09:00,2026-03-26,9,Copper,805.6,807.59,1.99,0.2466,-1.44,7527,79913,810,15.98,16.48,0.9146,INR/kg,Dhan API v2 (Client 1112620458)
2026-03-26 10:00,2026-03-26,10,Copper,804.83,807.63,2.81,0.3487,0.82,11984,79658,800,16.53,17.03,0.9449,INR/kg,Dhan API v2 (Client 1112620458)
2026-03-26 11:00,2026-03-26,11,Copper,805.46,807.61,2.15,0.2671,-0.66,12363,80578,810,15.78,16.28,0.9212,INR/kg,Dhan API v2 (Client 1112620458)
2026-03-26 12:00,2026-03-26,12,Copper,805.25,808.7,3.45,0.4278,1.3,4985,80490,810,16.49,16.99,0.9111,INR/kg,Dhan API v2 (Client 1112620458)
2026-03-26 13:00,2026-03-26,13,Copper,804.45,806.16,1.71,0.2127,-1.74,12712,78637,800,16.35,16.85,0.9327,INR/kg,Dhan API v2 (Client 1112620458)
2026-03-26 14:00,2026-03-26,14,Copper,807.28,809.87,2.59,0.3207,0.88,10093,78835,810,16.35,16.85,0.9155,INR/kg,Dhan API v2 (Client 1112620458)
2026-03-26 15:00,2026-03-26,15,Copper,810.86,812.16,1.3,0.1606,-1.29,9238,80729,810,15.89,16.39,0.9568,INR/kg,Dhan API v2 (Client 1112620458)
2026-03-26 16:00,2026-03-26,16,Copper,810.28,812.78,2.5,0.3087,1.2,4748,79761,810,16.49,16.99,0.904,INR/kg,Dhan API v2 (Client 1112620458)
2026-03-26 17:00,2026-03-26,17,Copper,809.98,812.54,2.56,0.3155,0.06,12870,80138,810,15.53,16.03,0.9262,INR/kg,Dhan API v2 (Client 1112620458)
2026-03-26 18:00,2026-03-26,18,Copper,813.23,815.28,2.04,0.2512,-0.52,12097,78814,810,16.31,16.81,0.9406,INR/kg,Dhan API v2 (Client 1112620458)
2026-03-26 19:00,2026-03-26,19,Copper,813.66,814.5,0.85,0.1041,-1.19,9888,78018,810,16.83,17.33,0.9492,INR/kg,Dhan API v2 (Client 1112620458)
2026-03-26 20:00,2026-03-26,20,Copper,816.43,818.74,2.31,0.2829,1.46,14927,80557,820,16.12,16.62,0.9032,INR/kg,Dhan API v2 (Client 1112620458)
2026-03-26 21:00,2026-03-26,21,Copper,816.93,820.89,3.97,0.4855,1.66,13215,78318,820,16.65,17.15,0.9252,INR/kg,Dhan API v2 (Client 1112620458)
2026-03-26 22:00,2026-03-26,22,Copper,816.4,818.2,1.79,0.2198,-2.18,4703,79893,820,15.97,16.47,0.892,INR/kg,Dhan API v2 (Client 1112620458)
2026-03-26 23:00,2026-03-26,23,Copper,815.97,820.2,4.23,0.5183,2.44,6885,77814,820,16.66,17.16,0.8934,INR/kg,Dhan API v2 (Client 1112620458)
2026-03-27 09:00,2026-03-27,9,Copper,820.47,823.87,3.4,0.4145,-0.83,4472,80337,820,16.61,17.11,0.9126,INR/kg,Dhan API v2 (Client 1112620458)
2026-03-27 10:00,2026-03-27,10,Copper,815.02,816.73,1.71,0.2094,-1.69,3759,80225,820,16.73,17.23,0.9182,INR/kg,Dhan API v2 (Client 1112620458)
2026-03-27 11:00,2026-03-27,11,Copper,816.64,819.57,2.93,0.3591,1.22,5744,79306,820,16.59,17.09,0.9047,INR/kg,Dhan API v2 (Client 1112620458)
2026-03-27 12:00,2026-03-27,12,Copper,817.33,819.24,1.9,0.2328,-1.03,6143,78590,820,16.37,16.87,0.9554,INR/kg,Dhan API v2 (Client 1112620458)
2026-03-27 13:00,2026-03-27,13,Copper,820.39,822.38,1.98,0.2417,0.08,12065,79748,820,16.37,16.87,0.9245,INR/kg,Dhan API v2 (Client 1112620458)
2026-03-27 14:00,2026-03-27,14,Copper,817.31,820.7,3.39,0.4154,1.41,4642,79305,820,16.51,17.01,0.9241,INR/kg,Dhan API v2 (Client 1112620458)
2026-03-27 15:00,2026-03-27,15,Copper,816.44,818.9,2.46,0.3012,-0.93,5129,78875,820,16.58,17.08,0.9064,INR/kg,Dhan API v2 (Client 1112620458)
2026-03-27 16:00,2026-03-27,16,Copper,813.98,816.96,2.98,0.3665,0.52,14371,78653,810,16.64,17.14,0.9089,INR/kg,Dhan API v2 (Client 1112620458)
2026-03-27 17:00,2026-03-27,17,Copper,811.02,814.03,3.01,0.371,0.03,7323,79518,810,16.2,16.7,0.9268,INR/kg,Dhan API v2 (Client 1112620458)
2026-03-27 18:00,2026-03-27,18,Copper,814.06,814.48,0.42,0.0512,-2.59,5593,80237,810,16.14,16.64,0.9047,INR/kg,Dhan API v2 (Client 1112620458)
2026-03-27 19:00,2026-03-27,19,Copper,815.42,818.19,2.77,0.3402,2.35,2699,79434,820,15.92,16.42,0.9253,INR/kg,Dhan API v2 (Client 1112620458)
2026-03-27 20:00,2026-03-27,20,Copper,814.95,816.66,1.71,0.2096,-1.06,12175,80816,810,16.29,16.79,0.897,INR/kg,Dhan API v2 (Client 1112620458)
2026-03-27 21:00,2026-03-27,21,Copper,816.61,818.67,2.05,0.2512,0.34,12464,80696,820,16.38,16.88,0.9042,INR/kg,Dhan API v2 (Client 1112620458)
2026-03-27 22:00,2026-03-27,22,Copper,816.28,818.07,1.79,0.219,-0.26,7642,81522,820,15.98,16.48,0.8968,INR/kg,Dhan API v2 (Client 1112620458)
2026-03-27 23:00,2026-03-27,23,Copper,816.59,818.65,2.06,0.2522,0.27,1271,79245,820,16.37,16.87,0.9025,INR/kg,Dhan API v2 (Client 1112620458)
2026-03-30 09:00,2026-03-30,9,Copper,818.47,821.02,2.55,0.3116,0.49,11954,79173,820,16.35,16.85,0.9009,INR/kg,Dhan API v2 (Client 1112620458)
2026-03-30 10:00,2026-03-30,10,Copper,821.78,822.64,0.87,0.1054,-1.68,8616,79587,820,16.06,16.56,0.9302,INR/kg,Dhan API v2 (Client 1112620458)
2026-03-30 11:00,2026-03-30,11,Copper,824.42,825.29,0.88,0.1062,0.01,13513,77768,820,16.17,16.67,0.8729,INR/kg,Dhan API v2 (Client 1112620458)
2026-03-30 12:00,2026-03-30,12,Copper,824.4,826.61,2.21,0.2682,1.33,1594,79287,820,16.42,16.92,0.9282,INR/kg,Dhan API v2 (Client 1112620458)
2026-03-30 13:00,2026-03-30,13,Copper,825.9,829.26,3.36,0.4065,1.15,9906,79046,830,16.3,16.8,0.9204,INR/kg,Dhan API v2 (Client 1112620458)
2026-03-30 14:00,2026-03-30,14,Copper,828.21,831.17,2.97,0.3581,-0.39,12493,78814,830,16.09,16.59,0.9006,INR/kg,Dhan API v2 (Client 1112620458)
2026-03-30 15:00,2026-03-30,15,Copper,831.34,834.57,3.23,0.388,0.26,8138,78683,830,16.14,16.64,0.8811,INR/kg,Dhan API v2 (Client 1112620458)
2026-03-30 16:00,2026-03-30,16,Copper,829.6,832.96,3.36,0.4053,0.13,5569,78848,830,15.92,16.42,0.9014,INR/kg,Dhan API v2 (Client 1112620458)
2026-03-30 17:00,2026-03-30,17,Copper,831.82,832.66,0.84,0.1005,-2.52,777,80889,830,16.45,16.95,0.8843,INR/kg,Dhan API v2 (Client 1112620458)
2026-03-30 18:00,2026-03-30,18,Copper,835.35,836.76,1.41,0.1686,0.57,11250,81567,840,16.3,16.8,0.9294,INR/kg,Dhan API v2 (Client 1112620458)
2026-03-30 19:00,2026-03-30,19,Copper,837.54,838.12,0.58,0.0693,-0.83,12578,80312,840,16.29,16.79,0.9723,INR/kg,Dhan API v2 (Client 1112620458)
2026-03-30 20:00,2026-03-30,20,Copper,836.85,838.56,1.71,0.2048,1.13,3538,77445,840,16.52,17.02,0.9163,INR/kg,Dhan API v2 (Client 1112620458)
2026-03-30 21:00,2026-03-30,21,Copper,840.88,842.63,1.75,0.2079,0.04,7801,78492,840,17.18,17.68,0.9215,INR/kg,Dhan API v2 (Client 1112620458)
2026-03-30 22:00,2026-03-30,22,Copper,841.78,844.94,3.16,0.3754,1.41,10257,79434,840,15.98,16.48,0.938,INR/kg,Dhan API v2 (Client 1112620458)
2026-03-30 23:00,2026-03-30,23,Copper,843.02,844.85,1.83,0.2168,-1.33,4997,80700,840,16.06,16.56,0.915,INR/kg,Dhan API v2 (Client 1112620458)
2026-03-31 09:00,2026-03-31,9,Copper,843.79,846.73,2.94,0.3484,1.11,7543,78459,840,15.94,16.44,0.9374,INR/kg,Dhan API v2 (Client 1112620458)
2026-03-31 10:00,2026-03-31,10,Copper,841.65,843.38,1.73,0.2056,-1.21,7442,79736,840,16.09,16.59,0.9195,INR/kg,Dhan API v2 (Client 1112620458)
2026-03-31 11:00,2026-03-31,11,Copper,845.23,848.47,3.24,0.3833,1.51,5970,79393,850,16.35,16.85,0.9359,INR/kg,Dhan API v2 (Client 1112620458)
2026-03-31 12:00,2026-03-31,12,Copper,844.53,848.23,3.69,0.4373,0.45,14008,78603,840,16.43,16.93,0.9055,INR/kg,Dhan API v2 (Client 1112620458)
2026-03-31 13:00,2026-03-31,13,Copper,842.43,846.56,4.13,0.4904,0.44,8613,79557,840,16.04,16.54,0.9262,INR/kg,Dhan API v2 (Client 1112620458)
2026-03-31 14:00,2026-03-31,14,Copper,845.4,846.04,0.64,0.0762,-3.49,11496,79742,850,16.33,16.83,0.9143,INR/kg,Dhan API v2 (Client 1112620458)
2026-03-31 15:00,2026-03-31,15,Copper,846.42,849.29,2.87,0.3392,2.23,8599,80664,850,16.3,16.8,0.8946,INR/kg,Dhan API v2 (Client 1112620458)
2026-03-31 16:00,2026-03-31,16,Copper,850.45,852.33,1.87,0.2202,-1.0,5173,79367,850,16.01,16.51,0.9308,INR/kg,Dhan API v2 (Client 1112620458)
2026-03-31 17:00,2026-03-31,17,Copper,849.91,853.39,3.47,0.4087,1.6,8344,80190,850,16.01,16.51,0.9052,INR/kg,Dhan API v2 (Client 1112620458)
2026-03-31 18:00,2026-03-31,18,Copper,849.41,851.85,2.45,0.2881,-1.02,6673,80169,850,15.91,16.41,0.9095,INR/kg,Dhan API v2 (Client 1112620458)
2026-03-31 19:00,2026-03-31,19,Copper,853.69,856.82,3.13,0.3668,0.68,9856,79351,850,16.06,16.56,0.9108,INR/kg,Dhan API v2 (Client 1112620458)
2026-03-31 20:00,2026-03-31,20,Copper,848.82,849.08,0.26,0.0309,-2.87,2017,77543,850,16.52,17.02,0.9253,INR/kg,Dhan API v2 (Client 1112620458)
2026-03-31 21:00,2026-03-31,21,Copper,850.23,851.93,1.7,0.1995,1.44,10128,78110,850,15.71,16.21,0.9321,INR/kg,Dhan API v2 (Client 1112620458)
2026-03-31 22:00,2026-03-31,22,Copper,847.75,848.7,0.95,0.1117,-0.75,3167,79512,850,16.2,16.7,0.9127,INR/kg,Dhan API v2 (Client 1112620458)
2026-03-31 23:00,2026-03-31,23,Copper,848.06,850.24,2.18,0.2576,1.23,13777,79996,850,16.41,16.91,0.8941,INR/kg,Dhan API v2 (Client 1112620458)
2026-04-01 09:00,2026-04-01,9,Copper,845.23,847.82,2.59,0.3066,0.41,4584,80947,850,15.83,16.33,0.8929,INR/kg,Dhan API v2 (Client 1112620458)
2026-04-01 10:00,2026-04-01,10,Copper,844.46,848.25,3.8,0.4496,1.21,2192,78330,840,16.1,16.6,0.8921,INR/kg,Dhan API v2 (Client 1112620458)
2026-04-01 11:00,2026-04-01,11,Copper,843.46,844.93,1.48,0.1751,-2.32,5419,78358,840,16.55,17.05,0.9111,INR/kg,Dhan API v2 (Client 1112620458)
2026-04-01 12:00,2026-04-01,12,Copper,841.02,845.7,4.68,0.5562,3.2,13389,78617,840,16.4,16.9,0.9336,INR/kg,Dhan API v2 (Client 1112620458)
2026-04-01 13:00,2026-04-01,13,Copper,840.91,842.2,1.29,0.1533,-3.39,12292,79475,840,16.01,16.51,0.9091,INR/kg,Dhan API v2 (Client 1112620458)
2026-04-01 14:00,2026-04-01,14,Copper,839.79,842.14,2.35,0.2799,1.06,11388,79722,840,16.01,16.51,0.9241,INR/kg,Dhan API v2 (Client 1112620458)
2026-04-01 15:00,2026-04-01,15,Copper,838.12,840.33,2.21,0.2631,-0.14,12754,80043,840,15.48,15.98,0.8943,INR/kg,Dhan API v2 (Client 1112620458)
2026-04-01 16:00,2026-04-01,16,Copper,839.86,842.23,2.37,0.2825,0.16,680,79877,840,16.37,16.87,0.9088,INR/kg,Dhan API v2 (Client 1112620458)
2026-04-01 17:00,2026-04-01,17,Copper,840.29,843.21,2.92,0.3477,0.55,5171,79276,840,15.75,16.25,0.9026,INR/kg,Dhan API v2 (Client 1112620458)
2026-04-01 18:00,2026-04-01,18,Copper,838.2,840.24,2.04,0.2433,-0.88,8413,79845,840,16.11,16.61,0.8919,INR/kg,Dhan API v2 (Client 1112620458)
2026-04-01 19:00,2026-04-01,19,Copper,840.35,843.92,3.57,0.4245,1.53,6566,79944,840,16.08,16.58,0.9386,INR/kg,Dhan API v2 (Client 1112620458)
2026-04-01 20:00,2026-04-01,20,Copper,842.12,844.63,2.51,0.2977,-1.06,12536,80455,840,16.16,16.66,0.92,INR/kg,Dhan API v2 (Client 1112620458)
2026-04-01 21:00,2026-04-01,21,Copper,843.26,844.26,1.0,0.1189,-1.51,6085,81490,840,15.96,16.46,0.9334,INR/kg,Dhan API v2 (Client 1112620458)
2026-04-01 22:00,2026-04-01,22,Copper,846.92,848.9,1.97,0.2329,0.97,2026,80295,850,16.62,17.12,0.92,INR/kg,Dhan API v2 (Client 1112620458)
2026-04-01 23:00,2026-04-01,23,Copper,851.12,852.75,1.63,0.1918,-0.34,13868,78813,850,16.05,16.55,0.9316,INR/kg,Dhan API v2 (Client 1112620458)
2026-04-02 09:00,2026-04-02,9,Copper,848.21,851.04,2.83,0.3332,1.2,10110,78756,850,16.05,16.55,0.9042,INR/kg,Dhan API v2 (Client 1112620458)
2026-04-02 10:00,2026-04-02,10,Copper,846.9,848.12,1.22,0.1445,-1.61,7853,80984,850,16.44,16.94,0.9381,INR/kg,Dhan API v2 (Client 1112620458)
2026-04-02 11:00,2026-04-02,11,Copper,845.54,849.41,3.87,0.4578,2.65,10678,78824,850,16.37,16.87,0.8986,INR/kg,Dhan API v2 (Client 1112620458)
2026-04-02 12:00,2026-04-02,12,Copper,849.61,852.73,3.12,0.3676,-0.75,7559,80146,850,16.06,16.56,0.9572,INR/kg,Dhan API v2 (Client 1112620458)
2026-04-02 13:00,2026-04-02,13,Copper,844.64,847.39,2.75,0.3252,-0.37,9095,79609,840,16.22,16.72,0.8803,INR/kg,Dhan API v2 (Client 1112620458)
2026-04-02 14:00,2026-04-02,14,Copper,843.68,845.16,1.48,0.175,-1.27,7573,80047,840,16.13,16.63,0.9013,INR/kg,Dhan API v2 (Client 1112620458)
2026-04-02 15:00,2026-04-02,15,Copper,846.8,848.75,1.95,0.23,0.47,9276,79185,850,16.48,16.98,0.9171,INR/kg,Dhan API v2 (Client 1112620458)
2026-04-02 16:00,2026-04-02,16,Copper,844.82,846.79,1.97,0.2332,0.02,887,78760,840,16.22,16.72,0.9133,INR/kg,Dhan API v2 (Client 1112620458)
2026-04-02 17:00,2026-04-02,17,Copper,848.45,850.92,2.47,0.2908,0.5,10831,79443,850,16.73,17.23,0.8924,INR/kg,Dhan API v2 (Client 1112620458)
2026-04-02 18:00,2026-04-02,18,Copper,847.55,848.7,1.15,0.136,-1.32,12284,79497,850,16.14,16.64,0.9421,INR/kg,Dhan API v2 (Client 1112620458)
2026-04-02 19:00,2026-04-02,19,Copper,845.35,848.04,2.69,0.3181,1.54,1013,78441,850,15.97,16.47,0.9252,INR/kg,Dhan API v2 (Client 1112620458)
2026-04-02 20:00,2026-04-02,20,Copper,848.26,850.15,1.89,0.2232,-0.8,5255,77715,850,15.71,16.21,0.9093,INR/kg,Dhan API v2 (Client 1112620458)
2026-04-02 21:00,2026-04-02,21,Copper,849.17,850.23,1.06,0.1244,-0.83,4089,80299,850,16.33,16.83,0.9222,INR/kg,Dhan API v2 (Client 1112620458)
2026-04-02 22:00,2026-04-02,22,Copper,851.38,851.84,0.46,0.054,-0.6,1939,79461,850,16.43,16.93,0.9231,INR/kg,Dhan API v2 (Client 1112620458)
2026-04-02 23:00,2026-04-02,23,Copper,850.94,850.89,-0.05,-0.0054,-0.51,14075,79203,850,16.19,16.69,0.926,INR/kg,Dhan API v2 (Client 1112620458)
2026-04-03 09:00,2026-04-03,9,Copper,844.38,847.12,2.74,0.324,2.79,6532,78993,840,16.19,16.69,0.9224,INR/kg,Dhan API v2 (Client 1112620458)
2026-04-03 10:00,2026-04-03,10,Copper,845.11,847.38,2.26,0.2679,-0.48,11396,79773,850,16.35,16.85,0.9311,INR/kg,Dhan API v2 (Client 1112620458)
2026-04-03 11:00,2026-04-03,11,Copper,843.82,846.61,2.79,0.3307,0.53,8069,79718,840,16.05,16.55,0.9377,INR/kg,Dhan API v2 (Client 1112620458)
2026-04-03 12:00,2026-04-03,12,Copper,847.08,847.84,0.76,0.0902,-2.03,14508,78458,850,16.33,16.83,0.9427,INR/kg,Dhan API v2 (Client 1112620458)
2026-04-03 13:00,2026-04-03,13,Copper,846.91,848.87,1.96,0.2318,1.2,3945,80398,850,16.22,16.72,0.9086,INR/kg,Dhan API v2 (Client 1112620458)
2026-04-03 14:00,2026-04-03,14,Copper,844.82,844.98,0.15,0.0183,-1.81,10231,78592,840,16.21,16.71,0.944,INR/kg,Dhan API v2 (Client 1112620458)
2026-04-03 15:00,2026-04-03,15,Copper,846.75,848.5,1.75,0.2067,1.6,11535,78454,850,16.39,16.89,0.8893,INR/kg,Dhan API v2 (Client 1112620458)
2026-04-03 16:00,2026-04-03,16,Copper,846.58,847.8,1.21,0.1433,-0.54,3845,79798,850,16.22,16.72,0.9114,INR/kg,Dhan API v2 (Client 1112620458)
2026-04-03 17:00,2026-04-03,17,Copper,843.21,846.83,3.62,0.4289,2.41,11187,78919,840,16.57,17.07,0.9261,INR/kg,Dhan API v2 (Client 1112620458)
2026-04-03 18:00,2026-04-03,18,Copper,841.92,842.47,0.54,0.0645,-3.08,2834,79743,840,16.55,17.05,0.8808,INR/kg,Dhan API v2 (Client 1112620458)
2026-04-03 19:00,2026-04-03,19,Copper,842.24,844.66,2.42,0.2878,1.88,7412,78535,840,15.52,16.02,0.9453,INR/kg,Dhan API v2 (Client 1112620458)
2026-04-03 20:00,2026-04-03,20,Copper,844.56,846.23,1.67,0.1976,-0.75,11452,78379,840,16.25,16.75,0.8941,INR/kg,Dhan API v2 (Client 1112620458)
2026-04-03 21:00,2026-04-03,21,Copper,841.81,844.24,2.43,0.2887,0.76,2252,79996,840,16.06,16.56,0.943,INR/kg,Dhan API v2 (Client 1112620458)
2026-04-03 22:00,2026-04-03,22,Copper,840.0,841.26,1.25,0.1491,-1.18,10861,78532,840,16.27,16.77,0.8967,INR/kg,Dhan API v2 (Client 1112620458)
2026-04-03 23:00,2026-04-03,23,Copper,841.94,844.25,2.32,0.2752,1.07,10003,79793,840,16.17,16.67,0.9123,INR/kg,Dhan API v2 (Client 1112620458)
2026-04-06 09:00,2026-04-06,9,Copper,841.4,844.55,3.16,0.3752,0.84,5981,77223,840,15.69,16.19,0.9205,INR/kg,Dhan API v2 (Client 1112620458)
2026-04-06 10:00,2026-04-06,10,Copper,840.92,843.66,2.75,0.3268,-0.41,14279,79411,840,15.76,16.26,0.919,INR/kg,Dhan API v2 (Client 1112620458)
2026-04-06 11:00,2026-04-06,11,Copper,841.79,841.93,0.13,0.016,-2.62,4470,78079,840,15.58,16.08,0.894,INR/kg,Dhan API v2 (Client 1112620458)
2026-04-06 12:00,2026-04-06,12,Copper,842.07,843.93,1.86,0.2204,1.73,12365,80921,840,16.31,16.81,0.8956,INR/kg,Dhan API v2 (Client 1112620458)
2026-04-06 13:00,2026-04-06,13,Copper,842.3,843.02,0.73,0.0862,-1.13,8761,79960,840,16.31,16.81,0.9122,INR/kg,Dhan API v2 (Client 1112620458)
2026-04-06 14:00,2026-04-06,14,Copper,838.93,840.18,1.25,0.1489,0.52,13906,78518,840,15.97,16.47,0.9381,INR/kg,Dhan API v2 (Client 1112620458)
2026-04-06 15:00,2026-04-06,15,Copper,836.36,839.31,2.95,0.3528,1.7,4213,80209,840,16.23,16.73,0.9534,INR/kg,Dhan API v2 (Client 1112620458)
2026-04-06 16:00,2026-04-06,16,Copper,834.25,837.04,2.79,0.335,-0.16,8111,78829,830,16.14,16.64,0.9364,INR/kg,Dhan API v2 (Client 1112620458)
2026-04-06 17:00,2026-04-06,17,Copper,833.37,835.22,1.84,0.2212,-0.95,1180,79568,830,16.57,17.07,0.8995,INR/kg,Dhan API v2 (Client 1112620458)
2026-04-06 18:00,2026-04-06,18,Copper,832.85,836.52,3.67,0.4408,1.83,8198,79740,830,15.95,16.45,0.9279,INR/kg,Dhan API v2 (Client 1112620458)
2026-04-06 19:00,2026-04-06,19,Copper,829.77,830.11,0.34,0.0414,-3.33,4013,80586,830,15.47,15.97,0.916,INR/kg,Dhan API v2 (Client 1112620458)
2026-04-06 20:00,2026-04-06,20,Copper,832.52,835.67,3.14,0.3775,2.8,1108,80202,830,16.39,16.89,0.9306,INR/kg,Dhan API v2 (Client 1112620458)
2026-04-06 21:00,2026-04-06,21,Copper,831.6,831.1,-0.5,-0.0605,-3.64,1001,80165,830,16.45,16.95,0.9243,INR/kg,Dhan API v2 (Client 1112620458)
2026-04-06 22:00,2026-04-06,22,Copper,831.08,834.96,3.88,0.4667,4.38,13417,77264,830,16.5,17.0,0.9032,INR/kg,Dhan API v2 (Client 1112620458)
2026-04-06 23:00,2026-04-06,23,Copper,830.12,830.18,0.05,0.0065,-3.83,6855,78989,830,16.03,16.53,0.9275,INR/kg,Dhan API v2 (Client 1112620458)
2026-04-07 09:00,2026-04-07,9,Copper,827.44,827.73,0.29,0.0352,0.24,3725,79517,830,15.92,16.42,0.9273,INR/kg,Dhan API v2 (Client 1112620458)
2026-04-07 10:00,2026-04-07,10,Copper,826.75,829.33,2.58,0.312,2.29,2507,79770,830,16.27,16.77,0.8975,INR/kg,Dhan API v2 (Client 1112620458)
2026-04-07 11:00,2026-04-07,11,Copper,826.6,828.43,1.83,0.2214,-0.75,2597,80375,830,16.42,16.92,0.9276,INR/kg,Dhan API v2 (Client 1112620458)
2026-04-07 12:00,2026-04-07,12,Copper,827.83,827.91,0.08,0.0095,-1.75,3286,79306,830,15.54,16.04,0.9451,INR/kg,Dhan API v2 (Client 1112620458)
2026-04-07 13:00,2026-04-07,13,Copper,825.85,826.54,0.69,0.0838,0.61,8019,80459,830,16.44,16.94,0.9349,INR/kg,Dhan API v2 (Client 1112620458)
2026-04-07 14:00,2026-04-07,14,Copper,828.86,831.28,2.42,0.2919,1.73,5529,78535,830,16.38,16.88,0.8996,INR/kg,Dhan API v2 (Client 1112620458)
2026-04-07 15:00,2026-04-07,15,Copper,830.52,832.38,1.86,0.2238,-0.56,7970,77507,830,16.48,16.98,0.9198,INR/kg,Dhan API v2 (Client 1112620458)
2026-04-07 16:00,2026-04-07,16,Copper,834.01,835.51,1.51,0.1805,-0.35,4313,79094,830,16.09,16.59,0.8923,INR/kg,Dhan API v2 (Client 1112620458)
2026-04-07 17:00,2026-04-07,17,Copper,835.46,836.58,1.12,0.134,-0.39,12484,80247,840,16.39,16.89,0.8733,INR/kg,Dhan API v2 (Client 1112620458)
2026-04-07 18:00,2026-04-07,18,Copper,837.14,840.48,3.35,0.3997,2.23,1220,81574,840,16.32,16.82,0.9047,INR/kg,Dhan API v2 (Client 1112620458)
2026-04-07 19:00,2026-04-07,19,Copper,839.26,839.31,0.05,0.0062,-3.3,11281,79881,840,15.91,16.41,0.8892,INR/kg,Dhan API v2 (Client 1112620458)
2026-04-07 20:00,2026-04-07,20,Copper,840.69,843.33,2.64,0.3144,2.59,5822,79080,840,16.29,16.79,0.8797,INR/kg,Dhan API v2 (Client 1112620458)
2026-04-07 21:00,2026-04-07,21,Copper,837.94,839.54,1.59,0.19,-1.05,9638,78538,840,16.3,16.8,0.91,INR/kg,Dhan API v2 (Client 1112620458)
2026-04-07 22:00,2026-04-07,22,Copper,836.95,837.03,0.08,0.0099,-1.51,8010,79180,840,16.21,16.71,0.9063,INR/kg,Dhan API v2 (Client 1112620458)
2026-04-07 23:00,2026-04-07,23,Copper,838.1,838.16,0.06,0.0073,-0.02,3016,80024,840,16.17,16.67,0.8848,INR/kg,Dhan API v2 (Client 1112620458)
2026-04-08 09:00,2026-04-08,9,Copper,839.26,841.94,2.68,0.3188,2.62,3944,78886,840,16.14,16.64,0.8878,INR/kg,Dhan API v2 (Client 1112620458)
2026-04-08 10:00,2026-04-08,10,Copper,842.79,846.5,3.71,0.4405,1.03,1243,79844,840,16.42,16.92,0.9313,INR/kg,Dhan API v2 (Client 1112620458)
2026-04-08 11:00,2026-04-08,11,Copper,843.45,843.54,0.09,0.0109,-3.62,14119,78898,840,15.89,16.39,0.9133,INR/kg,Dhan API v2 (Client 1112620458)
2026-04-08 12:00,2026-04-08,12,Copper,844.48,844.19,-0.29,-0.0342,-0.38,4465,79644,840,16.09,16.59,0.9176,INR/kg,Dhan API v2 (Client 1112620458)
2026-04-08 13:00,2026-04-08,13,Copper,846.51,846.16,-0.35,-0.0414,-0.06,13286,79801,850,16.49,16.99,0.938,INR/kg,Dhan API v2 (Client 1112620458)
2026-04-08 14:00,2026-04-08,14,Copper,846.45,847.95,1.5,0.1772,1.85,11180,79160,850,16.24,16.74,0.914,INR/kg,Dhan API v2 (Client 1112620458)
2026-04-08 15:00,2026-04-08,15,Copper,847.18,850.3,3.12,0.3686,1.62,900,80115,850,16.16,16.66,0.9236,INR/kg,Dhan API v2 (Client 1112620458)
2026-04-08 16:00,2026-04-08,16,Copper,845.79,849.54,3.75,0.4437,0.63,5311,79119,850,16.16,16.66,0.9243,INR/kg,Dhan API v2 (Client 1112620458)
2026-04-08 17:00,2026-04-08,17,Copper,845.73,846.44,0.71,0.0839,-3.04,4654,78717,850,16.12,16.62,0.9146,INR/kg,Dhan API v2 (Client 1112620458)
2026-04-08 18:00,2026-04-08,18,Copper,843.43,845.32,1.89,0.2242,1.18,2473,81291,840,16.08,16.58,0.9084,INR/kg,Dhan API v2 (Client 1112620458)
2026-04-08 19:00,2026-04-08,19,Copper,846.18,848.8,2.62,0.3101,0.73,7259,77699,850,16.18,16.68,0.9354,INR/kg,Dhan API v2 (Client 1112620458)
2026-04-08 20:00,2026-04-08,20,Copper,851.9,853.94,2.04,0.2393,-0.58,12262,79205,850,16.18,16.68,0.9111,INR/kg,Dhan API v2 (Client 1112620458)
2026-04-08 21:00,2026-04-08,21,Copper,855.95,856.72,0.76,0.0892,-1.28,9931,79743,860,16.49,16.99,0.9151,INR/kg,Dhan API v2 (Client 1112620458)
2026-04-08 22:00,2026-04-08,22,Copper,852.45,855.17,2.73,0.3197,1.97,5042,81202,850,16.19,16.69,0.9206,INR/kg,Dhan API v2 (Client 1112620458)
2026-04-08 23:00,2026-04-08,23,Copper,857.25,858.45,1.21,0.1406,-1.52,3158,79729,860,16.33,16.83,0.9345,INR/kg,Dhan API v2 (Client 1112620458)
2026-04-09 09:00,2026-04-09,9,Copper,854.96,856.92,1.96,0.2288,0.75,10865,78465,850,16.31,16.81,0.919,INR/kg,Dhan API v2 (Client 1112620458)
2026-04-09 10:00,2026-04-09,10,Copper,852.56,853.58,1.02,0.1193,-0.94,11007,78715,850,16.65,17.15,0.9346,INR/kg,Dhan API v2 (Client 1112620458)
2026-04-09 11:00,2026-04-09,11,Copper,852.04,852.25,0.21,0.0247,-0.81,5102,79662,850,16.47,16.97,0.9411,INR/kg,Dhan API v2 (Client 1112620458)
2026-04-09 12:00,2026-04-09,12,Copper,848.8,850.23,1.43,0.1689,1.22,7765,80887,850,15.73,16.23,0.9396,INR/kg,Dhan API v2 (Client 1112620458)
2026-04-09 13:00,2026-04-09,13,Copper,852.51,854.65,2.14,0.2514,0.71,2181,79225,850,15.74,16.24,0.9118,INR/kg,Dhan API v2 (Client 1112620458)
2026-04-09 14:00,2026-04-09,14,Copper,855.5,857.82,2.32,0.2709,0.18,7285,80896,860,16.19,16.69,0.9342,INR/kg,Dhan API v2 (Client 1112620458)
2026-04-09 15:00,2026-04-09,15,Copper,854.82,855.61,0.79,0.0924,-1.53,9053,78344,850,16.39,16.89,0.9519,INR/kg,Dhan API v2 (Client 1112620458)
2026-04-09 16:00,2026-04-09,16,Copper,857.65,861.04,3.39,0.3953,2.6,503,79440,860,16.4,16.9,0.9157,INR/kg,Dhan API v2 (Client 1112620458)
2026-04-09 17:00,2026-04-09,17,Copper,859.49,860.38,0.89,0.1037,-2.5,7288,80407,860,16.33,16.83,0.9123,INR/kg,Dhan API v2 (Client 1112620458)
2026-04-09 18:00,2026-04-09,18,Copper,855.25,856.8,1.55,0.1807,0.66,7554,79579,860,16.47,16.97,0.9152,INR/kg,Dhan API v2 (Client 1112620458)
2026-04-09 19:00,2026-04-09,19,Copper,855.31,854.45,-0.86,-0.1009,-2.41,4904,78547,860,15.95,16.45,0.9124,INR/kg,Dhan API v2 (Client 1112620458)
2026-04-09 20:00,2026-04-09,20,Copper,858.18,859.5,1.32,0.154,2.18,10938,80864,860,16.31,16.81,0.9251,INR/kg,Dhan API v2 (Client 1112620458)
2026-04-09 21:00,2026-04-09,21,Copper,852.4,853.37,0.97,0.1135,-0.35,8719,80076,850,16.08,16.58,0.8762,INR/kg,Dhan API v2 (Client 1112620458)
2026-04-09 22:00,2026-04-09,22,Copper,852.64,853.98,1.34,0.1575,0.37,9132,80207,850,16.21,16.71,0.9387,INR/kg,Dhan API v2 (Client 1112620458)
2026-04-09 23:00,2026-04-09,23,Copper,852.3,853.73,1.43,0.1674,0.09,7023,79705,850,16.21,16.71,0.92,INR/kg,Dhan API v2 (Client 1112620458)
2026-04-10 09:00,2026-04-10,9,Copper,856.72,858.35,1.63,0.1901,0.2,6662,80505,860,15.95,16.45,0.9339,INR/kg,Dhan API v2 (Client 1112620458)
2026-04-10 10:00,2026-04-10,10,Copper,854.99,855.34,0.35,0.0409,-1.28,10290,79483,850,15.71,16.21,0.9263,INR/kg,Dhan API v2 (Client 1112620458)
2026-04-10 11:00,2026-04-10,11,Copper,856.04,857.86,1.82,0.2127,1.47,14365,79509,860,15.84,16.34,0.9215,INR/kg,Dhan API v2 (Client 1112620458)
2026-04-10 12:00,2026-04-10,12,Copper,854.43,854.16,-0.27,-0.0314,-2.09,6633,80361,850,15.8,16.3,0.908,INR/kg,Dhan API v2 (Client 1112620458)
2026-04-10 13:00,2026-04-10,13,Copper,854.6,855.85,1.25,0.1464,1.52,5196,80583,850,15.75,16.25,0.9258,INR/kg,Dhan API v2 (Client 1112620458)
2026-04-10 14:00,2026-04-10,14,Copper,853.83,854.43,0.6,0.07,-0.65,6962,79792,850,16.3,16.8,0.9155,INR/kg,Dhan API v2 (Client 1112620458)
2026-04-10 15:00,2026-04-10,15,Copper,857.47,859.33,1.86,0.2171,1.26,792,78589,860,16.36,16.86,0.9055,INR/kg,Dhan API v2 (Client 1112620458)
2026-04-10 16:00,2026-04-10,16,Copper,852.43,854.05,1.63,0.1907,-0.23,11131,79759,850,15.81,16.31,0.8803,INR/kg,Dhan API v2 (Client 1112620458)
2026-04-10 17:00,2026-04-10,17,Copper,852.38,854.63,2.25,0.2634,0.62,6794,80809,850,16.1,16.6,0.9084,INR/kg,Dhan API v2 (Client 1112620458)
2026-04-10 18:00,2026-04-10,18,Copper,852.1,853.1,1.01,0.1182,-1.24,5162,80316,850,16.48,16.98,0.8989,INR/kg,Dhan API v2 (Client 1112620458)
2026-04-10 19:00,2026-04-10,19,Copper,848.09,848.96,0.87,0.102,-0.14,2426,80687,850,16.62,17.12,0.9329,INR/kg,Dhan API v2 (Client 1112620458)
2026-04-10 20:00,2026-04-10,20,Copper,850.23,851.48,1.25,0.1471,0.38,13157,79915,850,15.44,15.94,0.9633,INR/kg,Dhan API v2 (Client 1112620458)
2026-04-10 21:00,2026-04-10,21,Copper,845.87,847.11,1.24,0.1467,-0.01,12485,79806,850,16.31,16.81,0.9467,INR/kg,Dhan API v2 (Client 1112620458)
2026-04-10 22:00,2026-04-10,22,Copper,845.22,845.8,0.58,0.0683,-0.66,3736,78695,850,15.53,16.03,0.9388,INR/kg,Dhan API v2 (Client 1112620458)
2026-04-10 23:00,2026-04-10,23,Copper,845.98,845.63,-0.35,-0.0417,-0.93,6511,78351,850,16.76,17.26,0.9204,INR/kg,Dhan API v2 (Client 1112620458)
2026-04-13 09:00,2026-04-13,9,Copper,847.88,848.02,0.14,0.0169,0.49,9544,79497,850,16.08,16.58,0.8638,INR/kg,Dhan API v2 (Client 1112620458)
2026-04-13 10:00,2026-04-13,10,Copper,853.79,855.92,2.13,0.2496,1.99,8082,79880,850,16.43,16.93,0.9137,INR/kg,Dhan API v2 (Client 1112620458)
2026-04-13 11:00,2026-04-13,11,Copper,851.74,854.45,2.7,0.3175,0.57,9250,80912,850,15.93,16.43,0.9459,INR/kg,Dhan API v2 (Client 1112620458)
2026-04-13 12:00,2026-04-13,12,Copper,851.96,852.57,0.6,0.0706,-2.1,5714,80078,850,16.27,16.77,0.912,INR/kg,Dhan API v2 (Client 1112620458)
2026-04-13 13:00,2026-04-13,13,Copper,849.64,850.91,1.27,0.1499,0.67,7163,78638,850,16.49,16.99,0.904,INR/kg,Dhan API v2 (Client 1112620458)
2026-04-13 14:00,2026-04-13,14,Copper,849.39,851.62,2.23,0.2628,0.96,14158,79934,850,16.25,16.75,0.9343,INR/kg,Dhan API v2 (Client 1112620458)
2026-04-13 15:00,2026-04-13,15,Copper,849.39,850.81,1.42,0.1667,-0.81,12934,79725,850,15.9,16.4,0.9055,INR/kg,Dhan API v2 (Client 1112620458)
2026-04-13 16:00,2026-04-13,16,Copper,850.2,851.24,1.05,0.1232,-0.37,7979,79636,850,16.71,17.21,0.9068,INR/kg,Dhan API v2 (Client 1112620458)
2026-04-13 17:00,2026-04-13,17,Copper,847.93,848.57,0.64,0.0757,-0.41,13693,79222,850,16.04,16.54,0.8696,INR/kg,Dhan API v2 (Client 1112620458)
2026-04-13 18:00,2026-04-13,18,Copper,847.91,849.31,1.39,0.1643,0.75,3116,78705,850,16.31,16.81,0.8993,INR/kg,Dhan API v2 (Client 1112620458)
2026-04-13 19:00,2026-04-13,19,Copper,849.75,850.63,0.88,0.1037,-0.51,3202,79331,850,16.03,16.53,0.8973,INR/kg,Dhan API v2 (Client 1112620458)
2026-04-13 20:00,2026-04-13,20,Copper,846.24,846.73,0.48,0.0568,-0.4,6420,79154,850,16.29,16.79,0.8848,INR/kg,Dhan API v2 (Client 1112620458)
2026-04-13 21:00,2026-04-13,21,Copper,847.3,849.93,2.63,0.3108,2.15,10671,79525,850,16.55,17.05,0.9457,INR/kg,Dhan API v2 (Client 1112620458)
2026-04-13 22:00,2026-04-13,22,Copper,845.39,845.19,-0.2,-0.0235,-2.83,4626,78942,850,15.88,16.38,0.8805,INR/kg,Dhan API v2 (Client 1112620458)
2026-04-13 23:00,2026-04-13,23,Copper,848.65,850.84,2.19,0.2579,2.39,12461,78990,850,16.32,16.82,0.9474,INR/kg,Dhan API v2 (Client 1112620458)
2026-04-14 09:00,2026-04-14,9,Copper,848.94,850.35,1.4,0.1653,-0.79,9242,78661,850,16.28,16.78,0.9217,INR/kg,Dhan API v2 (Client 1112620458)
2026-04-14 10:00,2026-04-14,10,Copper,850.43,850.38,-0.05,-0.0063,-1.45,14162,80335,850,15.96,16.46,0.8679,INR/kg,Dhan API v2 (Client 1112620458)
2026-04-14 11:00,2026-04-14,11,Copper,851.88,850.28,-1.6,-0.1877,-1.55,8325,80166,850,15.77,16.27,0.9101,INR/kg,Dhan API v2 (Client 1112620458)
2026-04-14 12:00,2026-04-14,12,Copper,855.19,856.35,1.16,0.1357,2.76,13847,78964,860,16.61,17.11,0.9382,INR/kg,Dhan API v2 (Client 1112620458)
2026-04-14 13:00,2026-04-14,13,Copper,859.02,859.17,0.15,0.0172,-1.01,9191,78711,860,15.94,16.44,0.8811,INR/kg,Dhan API v2 (Client 1112620458)
2026-04-14 14:00,2026-04-14,14,Copper,857.2,856.92,-0.27,-0.032,-0.42,14546,79750,860,16.46,16.96,0.9342,INR/kg,Dhan API v2 (Client 1112620458)
2026-04-14 15:00,2026-04-14,15,Copper,858.37,858.83,0.46,0.0535,0.73,10971,79928,860,16.02,16.52,0.9186,INR/kg,Dhan API v2 (Client 1112620458)
2026-04-14 16:00,2026-04-14,16,Copper,859.64,863.01,3.37,0.3922,2.91,6318,80278,860,16.22,16.72,0.9091,INR/kg,Dhan API v2 (Client 1112620458)
2026-04-14 17:00,2026-04-14,17,Copper,856.53,858.0,1.48,0.1725,-1.89,6344,79675,860,16.05,16.55,0.9491,INR/kg,Dhan API v2 (Client 1112620458)
2026-04-14 18:00,2026-04-14,18,Copper,853.29,854.26,0.97,0.1138,-0.51,2082,80750,850,16.12,16.62,0.9185,INR/kg,Dhan API v2 (Client 1112620458)
2026-04-14 19:00,2026-04-14,19,Copper,857.23,857.88,0.65,0.0759,-0.32,10032,79656,860,16.04,16.54,0.9054,INR/kg,Dhan API v2 (Client 1112620458)
2026-04-14 20:00,2026-04-14,20,Copper,858.6,860.11,1.51,0.1759,0.86,10151,78013,860,16.42,16.92,0.8725,INR/kg,Dhan API v2 (Client 1112620458)
2026-04-14 21:00,2026-04-14,21,Copper,859.68,859.67,-0.0,-0.0002,-1.51,10883,80098,860,15.95,16.45,0.9093,INR/kg,Dhan API v2 (Client 1112620458)
2026-04-14 22:00,2026-04-14,22,Copper,854.39,854.13,-0.26,-0.03,-0.26,6939,79615,850,16.4,16.9,0.9203,INR/kg,Dhan API v2 (Client 1112620458)
2026-04-14 23:00,2026-04-14,23,Copper,856.44,858.51,2.07,0.2422,2.33,4585,79955,860,16.35,16.85,0.9237,INR/kg,Dhan API v2 (Client 1112620458)
2026-04-15 09:00,2026-04-15,9,Copper,855.95,856.21,0.26,0.0304,-1.81,5505,78026,860,15.89,16.39,0.901,INR/kg,Dhan API v2 (Client 1112620458)
2026-04-15 10:00,2026-04-15,10,Copper,855.78,856.54,0.76,0.0892,0.5,1283,79004,860,16.14,16.64,0.9241,INR/kg,Dhan API v2 (Client 1112620458)
2026-04-15 11:00,2026-04-15,11,Copper,855.11,855.42,0.31,0.0365,-0.45,12036,79111,860,16.3,16.8,0.9238,INR/kg,Dhan API v2 (Client 1112620458)
2026-04-15 12:00,2026-04-15,12,Copper,857.34,857.33,-0.02,-0.0019,-0.33,13434,79243,860,15.68,16.18,0.9481,INR/kg,Dhan API v2 (Client 1112620458)
2026-04-15 13:00,2026-04-15,13,Copper,857.47,856.9,-0.57,-0.0663,-0.55,9656,79393,860,16.64,17.14,0.9059,INR/kg,Dhan API v2 (Client 1112620458)
2026-04-15 14:00,2026-04-15,14,Copper,854.97,853.81,-1.16,-0.1356,-0.59,6623,80381,850,16.27,16.77,0.9184,INR/kg,Dhan API v2 (Client 1112620458)
2026-04-15 15:00,2026-04-15,15,Copper,858.58,858.26,-0.32,-0.0368,0.84,12621,78449,860,15.59,16.09,0.8967,INR/kg,Dhan API v2 (Client 1112620458)
2026-04-15 16:00,2026-04-15,16,Copper,858.41,858.75,0.34,0.0401,0.66,14828,76661,860,15.97,16.47,0.9142,INR/kg,Dhan API v2 (Client 1112620458)
2026-04-15 17:00,2026-04-15,17,Copper,862.42,863.47,1.05,0.1221,0.71,13622,78739,860,16.28,16.78,0.9421,INR/kg,Dhan API v2 (Client 1112620458)
2026-04-15 18:00,2026-04-15,18,Copper,862.46,862.12,-0.34,-0.0394,-1.39,9018,78944,860,16.31,16.81,0.9005,INR/kg,Dhan API v2 (Client 1112620458)
2026-04-15 19:00,2026-04-15,19,Copper,862.74,864.92,2.18,0.253,2.52,13140,80699,860,16.75,17.25,0.908,INR/kg,Dhan API v2 (Client 1112620458)
2026-04-15 20:00,2026-04-15,20,Copper,860.94,860.72,-0.21,-0.0249,-2.39,11739,79753,860,15.91,16.41,0.8948,INR/kg,Dhan API v2 (Client 1112620458)
2026-04-15 21:00,2026-04-15,21,Copper,858.26,858.49,0.24,0.0275,0.45,5146,79351,860,16.61,17.11,0.9006,INR/kg,Dhan API v2 (Client 1112620458)
2026-04-15 22:00,2026-04-15,22,Copper,858.69,859.13,0.44,0.0512,0.2,7977,79032,860,16.59,17.09,0.9369,INR/kg,Dhan API v2 (Client 1112620458)
2026-04-15 23:00,2026-04-15,23,Copper,855.02,855.66,0.64,0.075,0.2,2855,80428,860,16.44,16.94,0.902,INR/kg,Dhan API v2 (Client 1112620458)
2026-04-16 09:00,2026-04-16,9,Copper,852.41,851.96,-0.45,-0.0528,-1.09,2321,79824,850,16.0,16.5,0.9084,INR/kg,Dhan API v2 (Client 1112620458)
2026-04-16 10:00,2026-04-16,10,Copper,856.78,856.67,-0.1,-0.0121,0.35,8564,78949,860,15.67,16.17,0.8886,INR/kg,Dhan API v2 (Client 1112620458)
2026-04-16 11:00,2026-04-16,11,Copper,852.11,852.89,0.78,0.092,0.88,8733,79293,850,16.05,16.55,0.9227,INR/kg,Dhan API v2 (Client 1112620458)
2026-04-16 12:00,2026-04-16,12,Copper,847.26,847.13,-0.12,-0.0146,-0.9,9021,80745,850,16.13,16.63,0.9254,INR/kg,Dhan API v2 (Client 1112620458)
2026-04-16 13:00,2026-04-16,13,Copper,845.27,845.04,-0.23,-0.0275,-0.11,14723,80284,850,15.65,16.15,0.9052,INR/kg,Dhan API v2 (Client 1112620458)
2026-04-16 14:00,2026-04-16,14,Copper,846.75,846.32,-0.43,-0.0509,-0.2,4782,80419,850,16.53,17.03,0.8779,INR/kg,Dhan API v2 (Client 1112620458)
2026-04-16 15:00,2026-04-16,15,Copper,848.0,848.82,0.82,0.0962,1.25,14874,81112,850,15.95,16.45,0.8948,INR/kg,Dhan API v2 (Client 1112620458)
2026-04-16 16:00,2026-04-16,16,Copper,850.77,851.56,0.79,0.0928,-0.03,9198,80567,850,16.16,16.66,0.9249,INR/kg,Dhan API v2 (Client 1112620458)
2026-04-16 17:00,2026-04-16,17,Copper,851.55,851.02,-0.53,-0.0624,-1.32,10211,78797,850,16.68,17.18,0.9269,INR/kg,Dhan API v2 (Client 1112620458)
2026-04-16 18:00,2026-04-16,18,Copper,851.35,852.19,0.84,0.0982,1.37,2582,79633,850,15.67,16.17,0.8935,INR/kg,Dhan API v2 (Client 1112620458)
2026-04-16 19:00,2026-04-16,19,Copper,852.68,853.91,1.23,0.1448,0.39,714,80286,850,15.86,16.36,0.9525,INR/kg,Dhan API v2 (Client 1112620458)
2026-04-16 20:00,2026-04-16,20,Copper,849.55,850.02,0.47,0.0547,-0.76,8530,78323,850,16.02,16.52,0.8919,INR/kg,Dhan API v2 (Client 1112620458)
2026-04-16 21:00,2026-04-16,21,Copper,853.05,853.45,0.4,0.0465,-0.07,8031,80087,850,16.5,17.0,0.915,INR/kg,Dhan API v2 (Client 1112620458)
2026-04-16 22:00,2026-04-16,22,Copper,850.39,850.57,0.18,0.0211,-0.22,8671,79439,850,16.46,16.96,0.9464,INR/kg,Dhan API v2 (Client 1112620458)
2026-04-16 23:00,2026-04-16,23,Copper,849.12,849.13,0.02,0.0022,-0.16,2337,78346,850,16.0,16.5,0.9425,INR/kg,Dhan API v2 (Client 1112620458)
2026-04-17 09:00,2026-04-17,9,Copper,847.74,847.46,-0.27,-0.0324,-0.29,9052,78686,850,15.59,16.09,0.9056,INR/kg,Dhan API v2 (Client 1112620458)
2026-04-17 10:00,2026-04-17,10,Copper,846.71,847.8,1.09,0.1285,1.36,4258,79955,850,16.32,16.82,0.9061,INR/kg,Dhan API v2 (Client 1112620458)
2026-04-17 11:00,2026-04-17,11,Copper,850.31,852.16,1.85,0.2176,0.76,6190,79280,850,16.1,16.6,0.9176,INR/kg,Dhan API v2 (Client 1112620458)
2026-04-17 12:00,2026-04-17,12,Copper,850.77,852.16,1.39,0.1636,-0.46,13945,81678,850,16.03,16.53,0.9175,INR/kg,Dhan API v2 (Client 1112620458)
2026-04-17 13:00,2026-04-17,13,Copper,851.48,850.71,-0.77,-0.0902,-2.16,9823,78570,850,16.22,16.72,0.9243,INR/kg,Dhan API v2 (Client 1112620458)
2026-04-17 14:00,2026-04-17,14,Copper,850.45,852.76,2.3,0.2709,3.07,12865,78672,850,15.64,16.14,0.8902,INR/kg,Dhan API v2 (Client 1112620458)
2026-04-17 15:00,2026-04-17,15,Copper,849.35,850.05,0.7,0.0827,-1.6,4343,79791,850,16.82,17.32,0.9166,INR/kg,Dhan API v2 (Client 1112620458)
2026-04-17 16:00,2026-04-17,16,Copper,849.66,850.9,1.25,0.1467,0.55,9383,78292,850,16.39,16.89,0.8973,INR/kg,Dhan API v2 (Client 1112620458)
2026-04-17 17:00,2026-04-17,17,Copper,851.15,853.44,2.3,0.2701,1.05,8816,78087,850,15.73,16.23,0.8962,INR/kg,Dhan API v2 (Client 1112620458)
2026-04-17 18:00,2026-04-17,18,Copper,852.06,853.11,1.05,0.1232,-1.25,7970,79664,850,16.36,16.86,0.9108,INR/kg,Dhan API v2 (Client 1112620458)
2026-04-17 19:00,2026-04-17,19,Copper,851.38,851.86,0.48,0.0558,-0.57,2133,79764,850,15.67,16.17,0.9182,INR/kg,Dhan API v2 (Client 1112620458)
2026-04-17 20:00,2026-04-17,20,Copper,848.9,849.8,0.9,0.1063,0.42,13861,79080,850,16.17,16.67,0.9032,INR/kg,Dhan API v2 (Client 1112620458)
2026-04-17 21:00,2026-04-17,21,Copper,851.47,851.33,-0.14,-0.0162,-1.04,12343,78320,850,15.57,16.07,0.8924,INR/kg,Dhan API v2 (Client 1112620458)
2026-04-17 22:00,2026-04-17,22,Copper,850.8,852.26,1.46,0.1719,1.6,12038,79509,850,16.6,17.1,0.9138,INR/kg,Dhan API v2 (Client 1112620458)
2026-04-17 23:00,2026-04-17,23,Copper,849.14,851.02,1.88,0.2214,0.42,8225,79256,850,16.28,16.78,0.9662,INR/kg,Dhan API v2 (Client 1112620458)
2026-04-20 09:00,2026-04-20,9,Copper,851.48,851.45,-0.02,-0.0027,-1.9,2060,81843,850,15.93,16.43,0.9179,INR/kg,Dhan API v2 (Client 1112620458)
2026-04-20 10:00,2026-04-20,10,Copper,855.39,856.07,0.69,0.0801,0.71,10680,81412,860,16.1,16.6,0.9396,INR/kg,Dhan API v2 (Client 1112620458)
2026-04-20 11:00,2026-04-20,11,Copper,856.29,856.54,0.25,0.0293,-0.44,14378,79776,860,16.12,16.62,0.8958,INR/kg,Dhan API v2 (Client 1112620458)
2026-04-20 12:00,2026-04-20,12,Copper,856.62,857.18,0.56,0.0649,0.31,726,78111,860,16.28,16.78,0.9033,INR/kg,Dhan API v2 (Client 1112620458)
2026-04-20 13:00,2026-04-20,13,Copper,857.94,859.17,1.23,0.1438,0.67,4060,78187,860,16.39,16.89,0.9216,INR/kg,Dhan API v2 (Client 1112620458)
2026-04-20 14:00,2026-04-20,14,Copper,858.15,857.75,-0.4,-0.0468,-1.63,771,78845,860,15.48,15.98,0.8765,INR/kg,Dhan API v2 (Client 1112620458)
2026-04-20 15:00,2026-04-20,15,Copper,857.83,858.57,0.74,0.0862,1.14,9481,80454,860,15.84,16.34,0.9028,INR/kg,Dhan API v2 (Client 1112620458)
2026-04-20 16:00,2026-04-20,16,Copper,859.34,858.02,-1.33,-0.1545,-2.07,7429,79636,860,16.58,17.08,0.9064,INR/kg,Dhan API v2 (Client 1112620458)
2026-04-20 17:00,2026-04-20,17,Copper,859.05,859.49,0.43,0.0505,1.76,4167,79850,860,15.75,16.25,0.9304,INR/kg,Dhan API v2 (Client 1112620458)
2026-04-20 18:00,2026-04-20,18,Copper,863.73,862.96,-0.77,-0.089,-1.2,10718,79804,860,16.49,16.99,0.9053,INR/kg,Dhan API v2 (Client 1112620458)
2026-04-20 19:00,2026-04-20,19,Copper,864.37,864.83,0.45,0.0524,1.22,3002,79614,860,16.43,16.93,0.9688,INR/kg,Dhan API v2 (Client 1112620458)
2026-04-20 20:00,2026-04-20,20,Copper,857.28,856.79,-0.49,-0.057,-0.94,6925,78809,860,16.96,17.46,0.8965,INR/kg,Dhan API v2 (Client 1112620458)
2026-04-20 21:00,2026-04-20,21,Copper,860.59,861.61,1.02,0.1186,1.51,9187,78516,860,16.01,16.51,0.8674,INR/kg,Dhan API v2 (Client 1112620458)
2026-04-20 22:00,2026-04-20,22,Copper,860.47,860.47,-0.01,-0.0008,-1.03,12755,79826,860,16.02,16.52,0.9401,INR/kg,Dhan API v2 (Client 1112620458)
2026-04-20 23:00,2026-04-20,23,Copper,859.71,860.02,0.31,0.0362,0.32,14054,80293,860,16.15,16.65,0.9355,INR/kg,Dhan API v2 (Client 1112620458)
2026-04-21 09:00,2026-04-21,9,Copper,862.03,862.11,0.08,0.0094,-0.23,10310,77597,860,16.06,16.56,0.9276,INR/kg,Dhan API v2 (Client 1112620458)
2026-04-21 10:00,2026-04-21,10,Copper,863.74,862.89,-0.85,-0.0979,-0.93,13439,79294,860,15.97,16.47,0.9171,INR/kg,Dhan API v2 (Client 1112620458)
2026-04-21 11:00,2026-04-21,11,Copper,869.44,871.73,2.29,0.2638,3.14,7690,79133,870,16.26,16.76,0.9515,INR/kg,Dhan API v2 (Client 1112620458)
2026-04-21 12:00,2026-04-21,12,Copper,870.13,871.44,1.31,0.1504,-0.98,3997,78717,870,16.5,17.0,0.9067,INR/kg,Dhan API v2 (Client 1112620458)
2026-04-21 13:00,2026-04-21,13,Copper,872.95,874.66,1.71,0.196,0.4,11390,79155,870,16.39,16.89,0.8891,INR/kg,Dhan API v2 (Client 1112620458)
2026-04-21 14:00,2026-04-21,14,Copper,874.64,873.12,-1.51,-0.173,-3.22,4511,80952,870,16.41,16.91,0.9165,INR/kg,Dhan API v2 (Client 1112620458)
2026-04-21 15:00,2026-04-21,15,Copper,873.24,873.07,-0.17,-0.0191,1.34,538,79590,870,16.07,16.57,0.8941,INR/kg,Dhan API v2 (Client 1112620458)
2026-04-21 16:00,2026-04-21,16,Copper,872.88,873.59,0.71,0.0812,0.88,2317,80022,870,15.85,16.35,0.9175,INR/kg,Dhan API v2 (Client 1112620458)
2026-04-21 17:00,2026-04-21,17,Copper,868.68,868.44,-0.24,-0.0276,-0.95,5596,79545,870,16.31,16.81,0.9079,INR/kg,Dhan API v2 (Client 1112620458)
2026-04-21 18:00,2026-04-21,18,Copper,874.31,875.29,0.98,0.1122,1.22,5001,79884,870,16.18,16.68,0.9141,INR/kg,Dhan API v2 (Client 1112620458)
2026-04-21 19:00,2026-04-21,19,Copper,873.02,874.13,1.11,0.1276,0.13,14127,80552,870,16.34,16.84,0.929,INR/kg,Dhan API v2 (Client 1112620458)
2026-04-21 20:00,2026-04-21,20,Copper,868.46,868.61,0.15,0.0169,-0.96,14959,79774,870,16.25,16.75,0.9374,INR/kg,Dhan API v2 (Client 1112620458)
2026-04-21 21:00,2026-04-21,21,Copper,869.86,869.83,-0.03,-0.0029,-0.18,12763,78527,870,15.86,16.36,0.9187,INR/kg,Dhan API v2 (Client 1112620458)
2026-04-21 22:00,2026-04-21,22,Copper,868.47,869.18,0.71,0.0816,0.74,6431,80437,870,16.05,16.55,0.9163,INR/kg,Dhan API v2 (Client 1112620458)
2026-04-21 23:00,2026-04-21,23,Copper,868.97,868.25,-0.72,-0.0825,-1.43,9316,79225,870,16.15,16.65,0.9299,INR/kg,Dhan API v2 (Client 1112620458)
2026-04-22 09:00,2026-04-22,9,Copper,872.54,873.44,0.91,0.104,1.63,12953,80006,870,15.73,16.23,0.8755,INR/kg,Dhan API v2 (Client 1112620458)
2026-04-22 10:00,2026-04-22,10,Copper,876.63,876.03,-0.6,-0.0679,-1.51,3999,77795,880,16.54,17.04,0.9244,INR/kg,Dhan API v2 (Client 1112620458)
2026-04-22 11:00,2026-04-22,11,Copper,877.97,878.55,0.57,0.0654,1.17,2757,80527,880,16.44,16.94,0.9638,INR/kg,Dhan API v2 (Client 1112620458)
2026-04-22 12:00,2026-04-22,12,Copper,880.0,879.45,-0.55,-0.063,-1.12,2610,80364,880,16.25,16.75,0.9015,INR/kg,Dhan API v2 (Client 1112620458)
2026-04-22 13:00,2026-04-22,13,Copper,880.6,880.87,0.27,0.0302,0.82,13498,79205,880,16.0,16.5,0.9211,INR/kg,Dhan API v2 (Client 1112620458)
2026-04-22 14:00,2026-04-22,14,Copper,877.74,879.17,1.43,0.1626,1.16,1891,78421,880,16.43,16.93,0.98,INR/kg,Dhan API v2 (Client 1112620458)
2026-04-22 15:00,2026-04-22,15,Copper,877.73,876.3,-1.43,-0.163,-2.86,6570,78845,880,16.27,16.77,0.9021,INR/kg,Dhan API v2 (Client 1112620458)
2026-04-22 16:00,2026-04-22,16,Copper,876.92,875.04,-1.88,-0.2142,-0.45,6428,80289,880,16.13,16.63,0.9106,INR/kg,Dhan API v2 (Client 1112620458)
2026-04-22 17:00,2026-04-22,17,Copper,878.66,878.57,-0.09,-0.0098,1.79,804,79652,880,15.82,16.32,0.911,INR/kg,Dhan API v2 (Client 1112620458)
2026-04-22 18:00,2026-04-22,18,Copper,875.21,876.51,1.3,0.1488,1.39,4687,80568,880,16.16,16.66,0.8929,INR/kg,Dhan API v2 (Client 1112620458)
2026-04-22 19:00,2026-04-22,19,Copper,876.26,875.75,-0.51,-0.0578,-1.81,13447,78813,880,15.79,16.29,0.929,INR/kg,Dhan API v2 (Client 1112620458)
2026-04-22 20:00,2026-04-22,20,Copper,879.85,879.02,-0.83,-0.0943,-0.32,11709,79645,880,16.1,16.6,0.9415,INR/kg,Dhan API v2 (Client 1112620458)
2026-04-22 21:00,2026-04-22,21,Copper,882.49,882.94,0.44,0.0504,1.27,3899,80581,880,16.23,16.73,0.9017,INR/kg,Dhan API v2 (Client 1112620458)
2026-04-22 22:00,2026-04-22,22,Copper,885.22,884.24,-0.98,-0.1108,-1.42,6131,79407,890,15.98,16.48,0.9347,INR/kg,Dhan API v2 (Client 1112620458)
2026-04-22 23:00,2026-04-22,23,Copper,882.22,881.48,-0.74,-0.0836,0.24,2007,79175,880,16.36,16.86,0.8834,INR/kg,Dhan API v2 (Client 1112620458)
2026-04-23 09:00,2026-04-23,9,Copper,881.03,883.47,2.44,0.277,3.18,6666,79165,880,15.83,16.33,0.9477,INR/kg,Dhan API v2 (Client 1112620458)
2026-04-23 10:00,2026-04-23,10,Copper,878.15,883.39,5.24,0.5968,2.8,1352,80074,880,16.07,16.57,0.9096,INR/kg,Dhan API v2 (Client 1112620458)
2026-04-23 11:00,2026-04-23,11,Copper,874.04,878.92,4.88,0.5585,-0.36,622,78741,870,15.86,16.36,0.9068,INR/kg,Dhan API v2 (Client 1112620458)
2026-04-23 12:00,2026-04-23,12,Copper,873.93,877.14,3.21,0.3676,-1.67,6542,81317,870,16.2,16.7,0.9194,INR/kg,Dhan API v2 (Client 1112620458)
2026-04-23 13:00,2026-04-23,13,Copper,872.91,878.22,5.31,0.6087,2.1,12075,78853,870,16.28,16.78,0.8915,INR/kg,Dhan API v2 (Client 1112620458)
2026-04-23 14:00,2026-04-23,14,Copper,872.82,875.64,2.81,0.3223,-2.5,7751,78499,870,16.5,17.0,0.8835,INR/kg,Dhan API v2 (Client 1112620458)
2026-04-23 15:00,2026-04-23,15,Copper,873.9,876.05,2.16,0.2467,-0.65,13852,79065,870,16.35,16.85,0.9241,INR/kg,Dhan API v2 (Client 1112620458)
2026-04-23 16:00,2026-04-23,16,Copper,872.79,877.74,4.95,0.5675,2.79,13956,79806,870,15.64,16.14,0.9257,INR/kg,Dhan API v2 (Client 1112620458)
2026-04-23 17:00,2026-04-23,17,Copper,876.41,879.71,3.3,0.3766,-1.65,842,79484,880,16.05,16.55,0.9168,INR/kg,Dhan API v2 (Client 1112620458)
2026-04-23 18:00,2026-04-23,18,Copper,879.05,881.67,2.62,0.2979,-0.68,11642,77565,880,16.09,16.59,0.8689,INR/kg,Dhan API v2 (Client 1112620458)
2026-04-23 19:00,2026-04-23,19,Copper,878.29,881.69,3.4,0.3867,0.78,14568,80191,880,16.18,16.68,0.9069,INR/kg,Dhan API v2 (Client 1112620458)
2026-04-23 20:00,2026-04-23,20,Copper,884.71,889.43,4.72,0.5339,1.32,7727,78383,880,16.37,16.87,0.9341,INR/kg,Dhan API v2 (Client 1112620458)
2026-04-23 21:00,2026-04-23,21,Copper,883.86,887.44,3.58,0.4045,-1.14,12987,80873,880,16.19,16.69,0.9036,INR/kg,Dhan API v2 (Client 1112620458)
2026-04-23 22:00,2026-04-23,22,Copper,878.59,882.93,4.34,0.4935,0.76,8535,80901,880,16.26,16.76,0.948,INR/kg,Dhan API v2 (Client 1112620458)
2026-04-23 23:00,2026-04-23,23,Copper,879.84,882.68,2.84,0.3223,-1.5,1138,80194,880,16.37,16.87,0.9151,INR/kg,Dhan API v2 (Client 1112620458)
2026-04-24 09:00,2026-04-24,9,Copper,880.83,884.75,3.93,0.4456,1.09,2827,81095,880,16.33,16.83,0.8966,INR/kg,Dhan API v2 (Client 1112620458)
2026-04-24 10:00,2026-04-24,10,Copper,877.52,879.36,1.85,0.2104,-2.08,2343,80765,880,16.04,16.54,0.9148,INR/kg,Dhan API v2 (Client 1112620458)
2026-04-24 11:00,2026-04-24,11,Copper,877.24,879.96,2.72,0.3098,0.87,10848,80844,880,16.6,17.1,0.9227,INR/kg,Dhan API v2 (Client 1112620458)
2026-04-24 12:00,2026-04-24,12,Copper,878.53,883.9,5.37,0.6112,2.65,11562,77907,880,16.77,17.27,0.8831,INR/kg,Dhan API v2 (Client 1112620458)
2026-04-24 13:00,2026-04-24,13,Copper,876.21,882.76,6.55,0.7472,1.18,2322,79257,880,16.34,16.84,0.8924,INR/kg,Dhan API v2 (Client 1112620458)
2026-04-24 14:00,2026-04-24,14,Copper,875.79,880.92,5.14,0.5866,-1.41,12616,78417,880,16.46,16.96,0.9361,INR/kg,Dhan API v2 (Client 1112620458)
2026-04-24 15:00,2026-04-24,15,Copper,876.04,878.67,2.63,0.3006,-2.51,4416,79048,880,16.29,16.79,0.9289,INR/kg,Dhan API v2 (Client 1112620458)
2026-04-24 16:00,2026-04-24,16,Copper,877.5,880.89,3.39,0.3869,0.76,11524,77129,880,16.6,17.1,0.9216,INR/kg,Dhan API v2 (Client 1112620458)
2026-04-24 17:00,2026-04-24,17,Copper,876.81,883.73,6.92,0.7887,3.53,6104,81839,880,16.74,17.24,0.8882,INR/kg,Dhan API v2 (Client 1112620458)
2026-04-24 18:00,2026-04-24,18,Copper,877.07,880.57,3.49,0.3982,-3.43,9707,78613,880,15.91,16.41,0.9139,INR/kg,Dhan API v2 (Client 1112620458)
2026-04-24 19:00,2026-04-24,19,Copper,878.19,882.62,4.43,0.505,0.94,2123,80222,880,16.43,16.93,0.9435,INR/kg,Dhan API v2 (Client 1112620458)
2026-04-24 20:00,2026-04-24,20,Copper,879.44,883.14,3.7,0.4209,-0.73,4222,80517,880,16.15,16.65,0.904,INR/kg,Dhan API v2 (Client 1112620458)
2026-04-24 21:00,2026-04-24,21,Copper,882.93,885.65,2.72,0.3081,-0.98,12703,79896,880,16.38,16.88,0.9297,INR/kg,Dhan API v2 (Client 1112620458)
2026-04-24 22:00,2026-04-24,22,Copper,876.31,879.92,3.61,0.4125,0.89,3540,78537,880,16.6,17.1,0.9301,INR/kg,Dhan API v2 (Client 1112620458)
2026-04-24 23:00,2026-04-24,23,Copper,873.07,877.18,4.11,0.4709,0.5,8502,79223,870,16.26,16.76,0.8997,INR/kg,Dhan API v2 (Client 1112620458)
2026-04-27 09:00,2026-04-27,9,Copper,873.35,875.51,2.16,0.2471,-1.95,14672,79379,870,16.53,17.03,0.951,INR/kg,Dhan API v2 (Client 1112620458)
2026-04-27 10:00,2026-04-27,10,Copper,875.17,878.13,2.96,0.3379,0.8,3289,79451,880,15.78,16.28,0.9184,INR/kg,Dhan API v2 (Client 1112620458)
2026-04-27 11:00,2026-04-27,11,Copper,870.83,875.86,5.02,0.5768,2.06,5178,79051,870,16.6,17.1,0.9126,INR/kg,Dhan API v2 (Client 1112620458)
2026-04-27 12:00,2026-04-27,12,Copper,873.47,876.95,3.48,0.3983,-1.54,14687,81352,870,16.71,17.21,0.9072,INR/kg,Dhan API v2 (Client 1112620458)
2026-04-27 13:00,2026-04-27,13,Copper,878.55,881.88,3.33,0.3789,-0.15,2467,79795,880,16.12,16.62,0.9467,INR/kg,Dhan API v2 (Client 1112620458)
2026-04-27 14:00,2026-04-27,14,Copper,879.24,882.21,2.97,0.3378,-0.36,9132,78989,880,16.33,16.83,0.8974,INR/kg,Dhan API v2 (Client 1112620458)
2026-04-27 15:00,2026-04-27,15,Copper,876.08,879.48,3.4,0.3885,0.43,8829,79087,880,15.77,16.27,0.8849,INR/kg,Dhan API v2 (Client 1112620458)
2026-04-27 16:00,2026-04-27,16,Copper,876.79,881.89,5.1,0.5815,1.7,8225,78376,880,16.07,16.57,0.8793,INR/kg,Dhan API v2 (Client 1112620458)
2026-04-27 17:00,2026-04-27,17,Copper,876.98,881.06,4.08,0.465,-1.02,2547,79942,880,16.02,16.52,0.9712,INR/kg,Dhan API v2 (Client 1112620458)
2026-04-27 18:00,2026-04-27,18,Copper,877.05,880.4,3.35,0.3819,-0.73,10449,79597,880,15.87,16.37,0.9239,INR/kg,Dhan API v2 (Client 1112620458)
2026-04-27 19:00,2026-04-27,19,Copper,876.64,880.2,3.56,0.406,0.21,10925,77381,880,15.78,16.28,0.9271,INR/kg,Dhan API v2 (Client 1112620458)
2026-04-27 20:00,2026-04-27,20,Copper,878.91,883.0,4.09,0.4657,0.53,12359,79627,880,16.47,16.97,0.8977,INR/kg,Dhan API v2 (Client 1112620458)
2026-04-27 21:00,2026-04-27,21,Copper,879.33,884.52,5.19,0.5898,1.1,3522,79014,880,16.58,17.08,0.9201,INR/kg,Dhan API v2 (Client 1112620458)
2026-04-27 22:00,2026-04-27,22,Copper,876.34,878.48,2.14,0.2444,-3.05,12465,79246,880,16.21,16.71,0.8821,INR/kg,Dhan API v2 (Client 1112620458)
2026-04-27 23:00,2026-04-27,23,Copper,873.03,876.75,3.72,0.426,1.58,14349,80071,870,16.22,16.72,0.8624,INR/kg,Dhan API v2 (Client 1112620458)
2026-04-28 09:00,2026-04-28,9,Copper,878.61,881.02,2.41,0.2742,-1.31,3788,79371,880,15.89,16.39,0.9053,INR/kg,Dhan API v2 (Client 1112620458)
2026-04-28 10:00,2026-04-28,10,Copper,879.74,882.4,2.65,0.3015,0.24,6277,78243,880,15.9,16.4,0.8844,INR/kg,Dhan API v2 (Client 1112620458)
2026-04-28 11:00,2026-04-28,11,Copper,879.95,881.82,1.87,0.2126,-0.78,13400,79294,880,15.71,16.21,0.8816,INR/kg,Dhan API v2 (Client 1112620458)
2026-04-28 12:00,2026-04-28,12,Copper,880.02,883.9,3.88,0.4405,2.01,12335,78185,880,16.23,16.73,0.9278,INR/kg,Dhan API v2 (Client 1112620458)
2026-04-28 13:00,2026-04-28,13,Copper,881.38,885.04,3.66,0.4158,-0.22,10933,80618,880,15.94,16.44,0.9196,INR/kg,Dhan API v2 (Client 1112620458)
2026-04-28 14:00,2026-04-28,14,Copper,882.02,885.91,3.9,0.4416,0.24,1939,79999,880,15.8,16.3,0.9255,INR/kg,Dhan API v2 (Client 1112620458)
2026-04-28 15:00,2026-04-28,15,Copper,887.16,891.25,4.09,0.4611,0.19,11386,80098,890,15.55,16.05,0.9293,INR/kg,Dhan API v2 (Client 1112620458)
2026-04-28 16:00,2026-04-28,16,Copper,892.04,897.03,4.98,0.5588,0.89,2182,79418,890,16.47,16.97,0.9403,INR/kg,Dhan API v2 (Client 1112620458)
2026-04-28 17:00,2026-04-28,17,Copper,894.65,898.58,3.93,0.4394,-1.05,10615,79852,890,16.14,16.64,0.9268,INR/kg,Dhan API v2 (Client 1112620458)
2026-04-28 18:00,2026-04-28,18,Copper,895.42,899.67,4.25,0.4744,0.32,4760,80212,900,16.05,16.55,0.9207,INR/kg,Dhan API v2 (Client 1112620458)
2026-04-28 19:00,2026-04-28,19,Copper,897.73,901.95,4.21,0.4694,-0.04,6971,79044,900,16.37,16.87,0.9219,INR/kg,Dhan API v2 (Client 1112620458)
2026-04-28 20:00,2026-04-28,20,Copper,899.85,905.1,5.25,0.5834,1.04,10520,79625,900,16.77,17.27,0.9014,INR/kg,Dhan API v2 (Client 1112620458)
2026-04-28 21:00,2026-04-28,21,Copper,896.69,901.87,5.19,0.5784,-0.06,11720,79444,900,15.81,16.31,0.9331,INR/kg,Dhan API v2 (Client 1112620458)
2026-04-28 22:00,2026-04-28,22,Copper,899.78,904.13,4.35,0.4833,-0.84,10200,79279,900,16.06,16.56,0.9429,INR/kg,Dhan API v2 (Client 1112620458)
2026-04-28 23:00,2026-04-28,23,Copper,901.3,907.63,6.33,0.7023,1.98,6122,79479,900,16.24,16.74,0.9113,INR/kg,Dhan API v2 (Client 1112620458)
2026-04-29 09:00,2026-04-29,9,Copper,902.22,907.04,4.82,0.5341,-1.51,2457,80080,900,15.76,16.26,0.9256,INR/kg,Dhan API v2 (Client 1112620458)
2026-04-29 10:00,2026-04-29,10,Copper,898.82,901.99,3.17,0.3532,-1.65,5217,79544,900,15.68,16.18,0.879,INR/kg,Dhan API v2 (Client 1112620458)
2026-04-29 11:00,2026-04-29,11,Copper,899.97,904.11,4.14,0.4597,0.97,7798,78223,900,16.18,16.68,0.8868,INR/kg,Dhan API v2 (Client 1112620458)
2026-04-29 12:00,2026-04-29,12,Copper,897.05,900.86,3.81,0.4248,-0.33,3738,80855,900,15.7,16.2,0.9192,INR/kg,Dhan API v2 (Client 1112620458)
2026-04-29 13:00,2026-04-29,13,Copper,897.94,901.8,3.86,0.4293,0.05,9086,79493,900,16.36,16.86,0.9154,INR/kg,Dhan API v2 (Client 1112620458)
2026-04-29 14:00,2026-04-29,14,Copper,896.67,899.11,2.44,0.2721,-1.42,14634,81136,900,15.62,16.12,0.9484,INR/kg,Dhan API v2 (Client 1112620458)
2026-04-29 15:00,2026-04-29,15,Copper,896.93,901.08,4.14,0.4618,1.7,13474,79709,900,15.88,16.38,0.9346,INR/kg,Dhan API v2 (Client 1112620458)
2026-04-29 16:00,2026-04-29,16,Copper,900.22,903.28,3.06,0.3398,-1.08,11443,80241,900,16.26,16.76,0.9298,INR/kg,Dhan API v2 (Client 1112620458)
2026-04-29 17:00,2026-04-29,17,Copper,899.24,903.63,4.39,0.4879,1.33,8110,80421,900,16.39,16.89,0.9415,INR/kg,Dhan API v2 (Client 1112620458)
2026-04-29 18:00,2026-04-29,18,Copper,901.78,908.56,6.79,0.7524,2.4,7276,79904,900,16.86,17.36,0.9223,INR/kg,Dhan API v2 (Client 1112620458)
2026-04-29 19:00,2026-04-29,19,Copper,904.49,910.7,6.2,0.6858,-0.59,1120,78064,900,16.12,16.62,0.9148,INR/kg,Dhan API v2 (Client 1112620458)
2026-04-29 20:00,2026-04-29,20,Copper,902.92,906.69,3.77,0.4179,-2.43,8138,78503,900,16.14,16.64,0.878,INR/kg,Dhan API v2 (Client 1112620458)
2026-04-29 21:00,2026-04-29,21,Copper,904.54,907.98,3.43,0.3796,-0.34,13980,79519,900,16.45,16.95,0.9158,INR/kg,Dhan API v2 (Client 1112620458)
2026-04-29 22:00,2026-04-29,22,Copper,902.23,905.42,3.2,0.3541,-0.23,6603,79077,900,16.12,16.62,0.9043,INR/kg,Dhan API v2 (Client 1112620458)
2026-04-29 23:00,2026-04-29,23,Copper,902.52,905.54,3.01,0.334,-0.19,4972,79623,900,16.17,16.67,0.8769,INR/kg,Dhan API v2 (Client 1112620458)
2026-04-30 09:00,2026-04-30,9,Copper,903.4,905.22,1.82,0.2019,-1.19,11520,78740,900,16.58,17.08,0.9606,INR/kg,Dhan API v2 (Client 1112620458)
2026-04-30 10:00,2026-04-30,10,Copper,903.83,906.43,2.6,0.2877,0.78,14865,78871,900,16.1,16.6,0.9365,INR/kg,Dhan API v2 (Client 1112620458)
2026-04-30 11:00,2026-04-30,11,Copper,901.5,906.75,5.25,0.5825,2.65,6164,80108,900,16.16,16.66,0.9319,INR/kg,Dhan API v2 (Client 1112620458)
2026-04-30 12:00,2026-04-30,12,Copper,901.01,904.56,3.55,0.3936,-1.7,3424,80791,900,15.7,16.2,0.9122,INR/kg,Dhan API v2 (Client 1112620458)
2026-04-30 13:00,2026-04-30,13,Copper,902.02,905.43,3.41,0.3775,-0.14,4149,80225,900,16.24,16.74,0.9306,INR/kg,Dhan API v2 (Client 1112620458)
2026-04-30 14:00,2026-04-30,14,Copper,902.46,906.68,4.22,0.4679,0.81,9923,80988,900,15.8,16.3,0.9078,INR/kg,Dhan API v2 (Client 1112620458)
2026-04-30 15:00,2026-04-30,15,Copper,903.61,908.73,5.12,0.5663,0.9,6625,79735,900,16.3,16.8,0.9261,INR/kg,Dhan API v2 (Client 1112620458)
2026-04-30 16:00,2026-04-30,16,Copper,903.45,908.67,5.22,0.5781,0.1,4860,80094,900,16.32,16.82,0.9118,INR/kg,Dhan API v2 (Client 1112620458)
2026-04-30 17:00,2026-04-30,17,Copper,897.8,900.39,2.59,0.2886,-2.63,10887,80416,900,15.94,16.44,0.9442,INR/kg,Dhan API v2 (Client 1112620458)
2026-04-30 18:00,2026-04-30,18,Copper,895.1,898.15,3.06,0.3418,0.47,1782,78038,900,16.2,16.7,0.9058,INR/kg,Dhan API v2 (Client 1112620458)
2026-04-30 19:00,2026-04-30,19,Copper,890.28,896.03,5.75,0.6458,2.69,3965,79363,890,15.92,16.42,0.9188,INR/kg,Dhan API v2 (Client 1112620458)
2026-04-30 20:00,2026-04-30,20,Copper,883.62,889.34,5.73,0.648,-0.02,1419,78630,880,16.29,16.79,0.8846,INR/kg,Dhan API v2 (Client 1112620458)
2026-04-30 21:00,2026-04-30,21,Copper,884.83,888.12,3.3,0.3724,-2.43,4011,80131,880,16.12,16.62,0.8926,INR/kg,Dhan API v2 (Client 1112620458)
2026-04-30 22:00,2026-04-30,22,Copper,884.29,887.74,3.45,0.3901,0.15,5587,81126,880,16.6,17.1,0.9178,INR/kg,Dhan API v2 (Client 1112620458)
2026-04-30 23:00,2026-04-30,23,Copper,883.56,886.31,2.74,0.3104,-0.71,12522,80091,880,15.69,16.19,0.9359,INR/kg,Dhan API v2 (Client 1112620458)
2026-05-01 09:00,2026-05-01,9,Copper,886.35,888.9,2.54,0.287,-0.2,13259,80221,890,16.22,16.72,0.9306,INR/kg,Dhan API v2 (Client 1112620458)
2026-05-01 10:00,2026-05-01,10,Copper,887.16,891.68,4.52,0.5099,1.98,767,81072,890,15.96,16.46,0.9109,INR/kg,Dhan API v2 (Client 1112620458)
2026-05-01 11:00,2026-05-01,11,Copper,889.49,893.54,4.05,0.4549,-0.47,8448,80386,890,16.27,16.77,0.9329,INR/kg,Dhan API v2 (Client 1112620458)
2026-05-01 12:00,2026-05-01,12,Copper,893.08,897.1,4.02,0.45,-0.03,9745,80401,890,16.19,16.69,0.9394,INR/kg,Dhan API v2 (Client 1112620458)
2026-05-01 13:00,2026-05-01,13,Copper,895.35,897.83,2.48,0.2765,-1.54,13656,78943,900,15.89,16.39,0.8991,INR/kg,Dhan API v2 (Client 1112620458)
2026-05-01 14:00,2026-05-01,14,Copper,894.33,896.99,2.66,0.2972,0.18,7864,78089,890,16.25,16.75,0.8963,INR/kg,Dhan API v2 (Client 1112620458)
2026-05-01 15:00,2026-05-01,15,Copper,892.78,894.81,2.03,0.2275,-0.63,13897,80115,890,16.57,17.07,0.9174,INR/kg,Dhan API v2 (Client 1112620458)
2026-05-01 16:00,2026-05-01,16,Copper,892.06,894.09,2.03,0.2275,0.0,8471,80128,890,16.0,16.5,0.8955,INR/kg,Dhan API v2 (Client 1112620458)
2026-05-01 17:00,2026-05-01,17,Copper,891.76,895.41,3.65,0.4088,1.62,4974,80175,890,16.03,16.53,0.9528,INR/kg,Dhan API v2 (Client 1112620458)
2026-05-01 18:00,2026-05-01,18,Copper,892.77,895.18,2.41,0.2699,-1.24,14053,79571,890,15.9,16.4,0.9,INR/kg,Dhan API v2 (Client 1112620458)
2026-05-01 19:00,2026-05-01,19,Copper,894.49,897.61,3.12,0.3486,0.71,4400,79825,890,16.26,16.76,0.8882,INR/kg,Dhan API v2 (Client 1112620458)
2026-05-01 20:00,2026-05-01,20,Copper,896.27,898.62,2.35,0.2627,-0.77,14150,80314,900,16.18,16.68,0.9383,INR/kg,Dhan API v2 (Client 1112620458)
2026-05-01 21:00,2026-05-01,21,Copper,896.04,897.53,1.49,0.1659,-0.86,853,78920,900,16.39,16.89,0.9041,INR/kg,Dhan API v2 (Client 1112620458)
2026-05-01 22:00,2026-05-01,22,Copper,895.68,899.09,3.42,0.3813,1.93,12078,79975,900,16.12,16.62,0.8728,INR/kg,Dhan API v2 (Client 1112620458)
2026-05-01 23:00,2026-05-01,23,Copper,897.39,900.05,2.67,0.2972,-0.75,1651,79865,900,16.28,16.78,0.957,INR/kg,Dhan API v2 (Client 1112620458)
2026-05-04 09:00,2026-05-04,9,Copper,902.7,905.25,2.55,0.2827,-0.12,3402,79242,900,16.06,16.56,0.915,INR/kg,Dhan API v2 (Client 1112620458)
2026-05-04 10:00,2026-05-04,10,Copper,901.52,904.43,2.91,0.3227,0.36,3534,79628,900,16.07,16.57,0.9272,INR/kg,Dhan API v2 (Client 1112620458)
2026-05-04 11:00,2026-05-04,11,Copper,897.53,900.59,3.06,0.3406,0.15,5890,80340,900,15.63,16.13,0.9078,INR/kg,Dhan API v2 (Client 1112620458)
2026-05-04 12:00,2026-05-04,12,Copper,893.62,898.04,4.42,0.495,1.36,945,78646,890,16.54,17.04,0.9479,INR/kg,Dhan API v2 (Client 1112620458)
2026-05-04 13:00,2026-05-04,13,Copper,899.75,902.76,3.01,0.3344,-1.41,8613,77772,900,16.0,16.5,0.9257,INR/kg,Dhan API v2 (Client 1112620458)
2026-05-04 14:00,2026-05-04,14,Copper,900.03,901.89,1.87,0.2073,-1.14,12113,78662,900,16.3,16.8,0.9278,INR/kg,Dhan API v2 (Client 1112620458)
2026-05-04 15:00,2026-05-04,15,Copper,900.35,905.36,5.0,0.5557,3.13,5969,78569,900,16.1,16.6,0.8855,INR/kg,Dhan API v2 (Client 1112620458)
2026-05-04 16:00,2026-05-04,16,Copper,902.14,904.39,2.25,0.2496,-2.75,13616,79431,900,16.26,16.76,0.9239,INR/kg,Dhan API v2 (Client 1112620458)
2026-05-04 17:00,2026-05-04,17,Copper,902.58,904.75,2.17,0.2406,-0.08,6375,77768,900,16.4,16.9,0.9188,INR/kg,Dhan API v2 (Client 1112620458)
2026-05-04 18:00,2026-05-04,18,Copper,909.72,912.77,3.05,0.3354,0.88,14051,80332,910,16.4,16.9,0.9131,INR/kg,Dhan API v2 (Client 1112620458)
2026-05-04 19:00,2026-05-04,19,Copper,908.61,913.99,5.38,0.5922,2.33,12919,78798,910,16.84,17.34,0.9163,INR/kg,Dhan API v2 (Client 1112620458)
2026-05-04 20:00,2026-05-04,20,Copper,910.81,914.16,3.35,0.3674,-2.03,5589,79259,910,16.48,16.98,0.9226,INR/kg,Dhan API v2 (Client 1112620458)
2026-05-04 21:00,2026-05-04,21,Copper,911.89,916.6,4.71,0.5164,1.36,5194,80460,910,16.46,16.96,0.9117,INR/kg,Dhan API v2 (Client 1112620458)
2026-05-04 22:00,2026-05-04,22,Copper,903.67,908.81,5.14,0.5691,0.43,4767,80227,900,16.09,16.59,0.8991,INR/kg,Dhan API v2 (Client 1112620458)
2026-05-04 23:00,2026-05-04,23,Copper,903.53,907.59,4.06,0.4499,-1.08,747,79834,900,15.8,16.3,0.8734,INR/kg,Dhan API v2 (Client 1112620458)
2026-05-05 09:00,2026-05-05,9,Copper,903.59,906.51,2.92,0.3232,-1.14,11090,79104,900,15.72,16.22,0.8986,INR/kg,Dhan API v2 (Client 1112620458)
2026-05-05 10:00,2026-05-05,10,Copper,906.67,909.91,3.24,0.3578,0.32,12199,79213,910,16.06,16.56,0.9032,INR/kg,Dhan API v2 (Client 1112620458)
2026-05-05 11:00,2026-05-05,11,Copper,902.26,906.43,4.17,0.4626,0.93,9608,79280,900,15.93,16.43,0.9361,INR/kg,Dhan API v2 (Client 1112620458)
2026-05-05 12:00,2026-05-05,12,Copper,903.96,905.78,1.82,0.2017,-2.35,14294,80557,900,16.23,16.73,0.8804,INR/kg,Dhan API v2 (Client 1112620458)
2026-05-05 13:00,2026-05-05,13,Copper,903.69,904.46,0.78,0.0859,-1.04,10085,78705,900,15.83,16.33,0.8925,INR/kg,Dhan API v2 (Client 1112620458)
2026-05-05 14:00,2026-05-05,14,Copper,904.68,904.91,0.23,0.0255,-0.55,605,80190,900,16.2,16.7,0.9422,INR/kg,Dhan API v2 (Client 1112620458)
2026-05-05 15:00,2026-05-05,15,Copper,906.81,911.12,4.32,0.4762,4.09,8638,78090,910,16.63,17.13,0.9648,INR/kg,Dhan API v2 (Client 1112620458)
2026-05-05 16:00,2026-05-05,16,Copper,908.77,912.32,3.55,0.3906,-0.77,5689,79728,910,16.24,16.74,0.9318,INR/kg,Dhan API v2 (Client 1112620458)
2026-05-05 17:00,2026-05-05,17,Copper,904.61,908.23,3.62,0.4007,0.07,14012,79361,900,16.25,16.75,0.904,INR/kg,Dhan API v2 (Client 1112620458)
2026-05-05 18:00,2026-05-05,18,Copper,905.94,909.71,3.77,0.416,0.15,9485,79815,910,16.2,16.7,0.8859,INR/kg,Dhan API v2 (Client 1112620458)
2026-05-05 19:00,2026-05-05,19,Copper,906.47,908.63,2.16,0.2378,-1.61,13279,80035,910,16.76,17.26,0.9149,INR/kg,Dhan API v2 (Client 1112620458)
2026-05-05 20:00,2026-05-05,20,Copper,905.29,908.85,3.56,0.3932,1.4,6757,80521,910,16.16,16.66,0.8942,INR/kg,Dhan API v2 (Client 1112620458)
2026-05-05 21:00,2026-05-05,21,Copper,904.01,907.65,3.64,0.4024,0.08,1786,79397,900,16.43,16.93,0.9057,INR/kg,Dhan API v2 (Client 1112620458)
2026-05-05 22:00,2026-05-05,22,Copper,903.83,908.02,4.19,0.4641,0.55,14245,79727,900,16.15,16.65,0.9027,INR/kg,Dhan API v2 (Client 1112620458)
2026-05-05 23:00,2026-05-05,23,Copper,902.86,904.71,1.84,0.2043,-2.35,10557,78937,900,16.45,16.95,0.8798,INR/kg,Dhan API v2 (Client 1112620458)
2026-05-06 09:00,2026-05-06,9,Copper,905.17,908.72,3.55,0.3924,1.71,3966,79714,910,16.16,16.66,0.9231,INR/kg,Dhan API v2 (Client 1112620458)
2026-05-06 10:00,2026-05-06,10,Copper,903.58,904.17,0.59,0.0653,-2.96,12987,80205,900,15.83,16.33,0.928,INR/kg,Dhan API v2 (Client 1112620458)
2026-05-06 11:00,2026-05-06,11,Copper,900.6,904.43,3.83,0.4257,3.24,2219,80857,900,16.13,16.63,0.9115,INR/kg,Dhan API v2 (Client 1112620458)
2026-05-06 12:00,2026-05-06,12,Copper,900.77,904.65,3.88,0.4308,0.05,8683,78843,900,16.62,17.12,0.9341,INR/kg,Dhan API v2 (Client 1112620458)
2026-05-06 13:00,2026-05-06,13,Copper,900.93,904.02,3.08,0.3422,-0.8,5599,79500,900,16.61,17.11,0.8877,INR/kg,Dhan API v2 (Client 1112620458)
2026-05-06 14:00,2026-05-06,14,Copper,902.64,903.44,0.8,0.0886,-2.28,14975,77912,900,16.07,16.57,0.9019,INR/kg,Dhan API v2 (Client 1112620458)
2026-05-06 15:00,2026-05-06,15,Copper,899.93,903.29,3.36,0.3736,2.56,8529,80139,900,16.04,16.54,0.9465,INR/kg,Dhan API v2 (Client 1112620458)
2026-05-06 16:00,2026-05-06,16,Copper,901.66,904.28,2.62,0.2904,-0.74,4910,80288,900,15.95,16.45,0.8887,INR/kg,Dhan API v2 (Client 1112620458)
2026-05-06 17:00,2026-05-06,17,Copper,904.17,906.76,2.59,0.2861,-0.03,9929,78699,900,16.14,16.64,0.9223,INR/kg,Dhan API v2 (Client 1112620458)
2026-05-06 18:00,2026-05-06,18,Copper,900.64,904.78,4.14,0.4595,1.55,6913,78304,900,16.35,16.85,0.9272,INR/kg,Dhan API v2 (Client 1112620458)
2026-05-06 19:00,2026-05-06,19,Copper,902.27,904.33,2.06,0.2283,-2.08,4221,77555,900,16.23,16.73,0.8948,INR/kg,Dhan API v2 (Client 1112620458)
2026-05-06 20:00,2026-05-06,20,Copper,900.97,904.14,3.17,0.3514,1.11,8188,79149,900,16.81,17.31,0.9081,INR/kg,Dhan API v2 (Client 1112620458)
2026-05-06 21:00,2026-05-06,21,Copper,904.42,909.1,4.68,0.5174,1.51,12015,79673,900,16.22,16.72,0.8863,INR/kg,Dhan API v2 (Client 1112620458)
2026-05-06 22:00,2026-05-06,22,Copper,905.97,908.55,2.59,0.2857,-2.09,9112,80455,910,16.24,16.74,0.9009,INR/kg,Dhan API v2 (Client 1112620458)
2026-05-06 23:00,2026-05-06,23,Copper,909.91,914.25,4.34,0.4774,1.75,2771,79665,910,16.71,17.21,0.9079,INR/kg,Dhan API v2 (Client 1112620458)
2026-05-07 09:00,2026-05-07,9,Copper,910.29,913.92,3.63,0.3992,-0.71,10291,79125,910,16.41,16.91,0.9401,INR/kg,Dhan API v2 (Client 1112620458)
2026-05-07 10:00,2026-05-07,10,Copper,914.36,918.07,3.71,0.4055,0.08,1905,78505,910,15.77,16.27,0.9246,INR/kg,Dhan API v2 (Client 1112620458)
2026-05-07 11:00,2026-05-07,11,Copper,916.36,920.77,4.41,0.4807,0.7,11564,80505,920,16.24,16.74,0.9064,INR/kg,Dhan API v2 (Client 1112620458)
2026-05-07 12:00,2026-05-07,12,Copper,916.23,918.69,2.47,0.2691,-1.94,3985,79716,920,16.19,16.69,0.9356,INR/kg,Dhan API v2 (Client 1112620458)
2026-05-07 13:00,2026-05-07,13,Copper,916.9,918.59,1.69,0.1841,-0.78,6257,78696,920,16.35,16.85,0.9211,INR/kg,Dhan API v2 (Client 1112620458)
2026-05-07 14:00,2026-05-07,14,Copper,916.51,918.3,1.79,0.1953,0.1,5083,81053,920,15.99,16.49,0.8884,INR/kg,Dhan API v2 (Client 1112620458)
2026-05-07 15:00,2026-05-07,15,Copper,916.7,920.49,3.79,0.4136,2.0,7067,80331,920,16.31,16.81,0.9115,INR/kg,Dhan API v2 (Client 1112620458)
2026-05-07 16:00,2026-05-07,16,Copper,914.29,918.02,3.74,0.4086,-0.05,5872,79399,910,15.93,16.43,0.9373,INR/kg,Dhan API v2 (Client 1112620458)
2026-05-07 17:00,2026-05-07,17,Copper,917.87,919.28,1.4,0.1531,-2.34,6136,78770,920,16.05,16.55,0.9202,INR/kg,Dhan API v2 (Client 1112620458)
2026-05-07 18:00,2026-05-07,18,Copper,920.77,925.32,4.55,0.4942,3.15,10661,79374,920,15.87,16.37,0.9315,INR/kg,Dhan API v2 (Client 1112620458)
2026-05-07 19:00,2026-05-07,19,Copper,923.09,926.08,2.99,0.3236,-1.56,3152,79462,920,16.02,16.52,0.9209,INR/kg,Dhan API v2 (Client 1112620458)
2026-05-07 20:00,2026-05-07,20,Copper,924.11,926.26,2.15,0.2325,-0.84,5227,79242,920,16.15,16.65,0.8961,INR/kg,Dhan API v2 (Client 1112620458)
2026-05-07 21:00,2026-05-07,21,Copper,926.26,928.92,2.66,0.2872,0.51,6456,78175,930,15.76,16.26,0.9151,INR/kg,Dhan API v2 (Client 1112620458)
2026-05-07 22:00,2026-05-07,22,Copper,925.95,928.45,2.5,0.2703,-0.16,11731,79246,930,15.91,16.41,0.8976,INR/kg,Dhan API v2 (Client 1112620458)
2026-05-07 23:00,2026-05-07,23,Copper,925.04,927.45,2.42,0.2611,-0.08,7572,78733,930,16.29,16.79,0.9258,INR/kg,Dhan API v2 (Client 1112620458)
2026-05-08 09:00,2026-05-08,9,Copper,924.48,927.26,2.78,0.3007,0.36,11876,80792,920,15.51,16.01,0.9168,INR/kg,Dhan API v2 (Client 1112620458)
2026-05-08 10:00,2026-05-08,10,Copper,917.84,920.12,2.28,0.2486,-0.5,11582,79165,920,16.27,16.77,0.9564,INR/kg,Dhan API v2 (Client 1112620458)
2026-05-08 11:00,2026-05-08,11,Copper,918.05,919.48,1.42,0.1551,-0.86,7918,79589,920,16.86,17.36,0.9099,INR/kg,Dhan API v2 (Client 1112620458)
2026-05-08 12:00,2026-05-08,12,Copper,913.86,917.28,3.42,0.3743,2.0,1323,79380,910,16.17,16.67,0.9132,INR/kg,Dhan API v2 (Client 1112620458)
2026-05-08 13:00,2026-05-08,13,Copper,917.26,919.8,2.54,0.2773,-0.88,11388,80736,920,16.45,16.95,0.9242,INR/kg,Dhan API v2 (Client 1112620458)
2026-05-08 14:00,2026-05-08,14,Copper,918.49,921.79,3.31,0.3601,0.77,2980,79353,920,16.05,16.55,0.866,INR/kg,Dhan API v2 (Client 1112620458)
2026-05-08 15:00,2026-05-08,15,Copper,916.47,918.73,2.26,0.2466,-1.05,5582,80603,920,16.25,16.75,0.9372,INR/kg,Dhan API v2 (Client 1112620458)
2026-05-08 16:00,2026-05-08,16,Copper,921.38,922.72,1.34,0.1455,-0.92,13053,78784,920,16.5,17.0,0.9388,INR/kg,Dhan API v2 (Client 1112620458)
2026-05-08 17:00,2026-05-08,17,Copper,921.78,923.94,2.16,0.2338,0.82,6178,79550,920,16.28,16.78,0.9022,INR/kg,Dhan API v2 (Client 1112620458)
2026-05-08 18:00,2026-05-08,18,Copper,922.21,923.49,1.28,0.1386,-0.88,5739,80086,920,15.87,16.37,0.9204,INR/kg,Dhan API v2 (Client 1112620458)
2026-05-08 19:00,2026-05-08,19,Copper,924.73,928.49,3.76,0.4063,2.48,7823,79891,920,16.79,17.29,0.9386,INR/kg,Dhan API v2 (Client 1112620458)
2026-05-08 20:00,2026-05-08,20,Copper,927.6,930.49,2.89,0.3112,-0.87,12580,79688,930,15.94,16.44,0.9381,INR/kg,Dhan API v2 (Client 1112620458)
2026-05-08 21:00,2026-05-08,21,Copper,930.11,934.96,4.85,0.5216,1.96,3420,80692,930,16.29,16.79,0.9124,INR/kg,Dhan API v2 (Client 1112620458)
2026-05-08 22:00,2026-05-08,22,Copper,932.19,932.83,0.64,0.069,-4.21,3348,78010,930,16.16,16.66,0.9058,INR/kg,Dhan API v2 (Client 1112620458)
2026-05-08 23:00,2026-05-08,23,Copper,931.54,935.18,3.64,0.391,3.0,3795,80781,930,16.18,16.68,0.9211,INR/kg,Dhan API v2 (Client 1112620458)
2026-05-11 09:00,2026-05-11,9,Copper,933.78,937.24,3.46,0.371,-0.18,13296,80293,930,16.67,17.17,0.9286,INR/kg,Dhan API v2 (Client 1112620458)
2026-05-11 10:00,2026-05-11,10,Copper,932.1,933.51,1.41,0.1511,-2.05,2119,81215,930,16.36,16.86,0.9109,INR/kg,Dhan API v2 (Client 1112620458)
2026-05-11 11:00,2026-05-11,11,Copper,932.8,934.62,1.82,0.1955,0.41,12614,78263,930,16.95,17.45,0.8948,INR/kg,Dhan API v2 (Client 1112620458)
2026-05-11 12:00,2026-05-11,12,Copper,933.94,936.19,2.26,0.2417,0.44,1081,79005,930,16.32,16.82,0.9551,INR/kg,Dhan API v2 (Client 1112620458)
2026-05-11 13:00,2026-05-11,13,Copper,934.29,938.27,3.98,0.4257,1.72,10690,79373,930,15.88,16.38,0.9031,INR/kg,Dhan API v2 (Client 1112620458)
2026-05-11 14:00,2026-05-11,14,Copper,937.91,940.87,2.96,0.3151,-1.02,14435,80333,940,16.27,16.77,0.956,INR/kg,Dhan API v2 (Client 1112620458)
2026-05-11 15:00,2026-05-11,15,Copper,936.42,939.29,2.87,0.3067,-0.09,9066,79569,940,16.37,16.87,0.9301,INR/kg,Dhan API v2 (Client 1112620458)
2026-05-11 16:00,2026-05-11,16,Copper,935.63,940.79,5.16,0.552,2.29,5867,78390,940,16.15,16.65,0.9337,INR/kg,Dhan API v2 (Client 1112620458)
2026-05-11 17:00,2026-05-11,17,Copper,940.61,942.37,1.76,0.1874,-3.4,10300,79025,940,16.42,16.92,0.8947,INR/kg,Dhan API v2 (Client 1112620458)
2026-05-11 18:00,2026-05-11,18,Copper,943.24,945.66,2.41,0.2556,0.65,5723,79214,940,15.99,16.49,0.9171,INR/kg,Dhan API v2 (Client 1112620458)
2026-05-11 19:00,2026-05-11,19,Copper,941.22,942.8,1.58,0.1675,-0.83,2575,79008,940,16.09,16.59,0.9473,INR/kg,Dhan API v2 (Client 1112620458)
2026-05-11 20:00,2026-05-11,20,Copper,936.74,939.38,2.64,0.2823,1.06,8558,80550,940,16.15,16.65,0.9326,INR/kg,Dhan API v2 (Client 1112620458)
2026-05-11 21:00,2026-05-11,21,Copper,940.52,942.17,1.66,0.1762,-0.98,4345,78910,940,16.18,16.68,0.9195,INR/kg,Dhan API v2 (Client 1112620458)
2026-05-11 22:00,2026-05-11,22,Copper,938.56,940.52,1.96,0.2091,0.3,12785,81394,940,16.17,16.67,0.91,INR/kg,Dhan API v2 (Client 1112620458)
2026-05-11 23:00,2026-05-11,23,Copper,932.23,934.59,2.36,0.2534,0.4,546,81078,930,16.43,16.93,0.9249,INR/kg,Dhan API v2 (Client 1112620458)
2026-05-12 09:00,2026-05-12,9,Copper,929.73,932.16,2.43,0.2612,0.07,5242,79825,930,15.97,16.47,0.9216,INR/kg,Dhan API v2 (Client 1112620458)
2026-05-12 10:00,2026-05-12,10,Copper,926.86,929.37,2.51,0.2704,0.08,7735,79878,930,16.75,17.25,0.9124,INR/kg,Dhan API v2 (Client 1112620458)
2026-05-12 11:00,2026-05-12,11,Copper,931.37,933.01,1.63,0.1753,-0.88,10135,79481,930,16.21,16.71,0.9687,INR/kg,Dhan API v2 (Client 1112620458)
2026-05-12 12:00,2026-05-12,12,Copper,935.29,937.49,2.2,0.2355,0.57,8040,80288,940,16.54,17.04,0.889,INR/kg,Dhan API v2 (Client 1112620458)
2026-05-12 13:00,2026-05-12,13,Copper,934.86,935.54,0.69,0.0734,-1.51,8652,80557,930,15.86,16.36,0.8994,INR/kg,Dhan API v2 (Client 1112620458)
2026-05-12 14:00,2026-05-12,14,Copper,934.23,936.03,1.8,0.1928,1.11,6459,80665,930,15.88,16.38,0.9083,INR/kg,Dhan API v2 (Client 1112620458)
2026-05-12 15:00,2026-05-12,15,Copper,929.77,931.7,1.93,0.2072,0.13,1889,81061,930,15.98,16.48,0.9146,INR/kg,Dhan API v2 (Client 1112620458)
2026-05-12 16:00,2026-05-12,16,Copper,930.5,933.22,2.72,0.2926,0.79,1841,78195,930,15.84,16.34,0.8915,INR/kg,Dhan API v2 (Client 1112620458)
2026-05-12 17:00,2026-05-12,17,Copper,925.28,927.45,2.17,0.2347,-0.55,5298,77977,930,16.27,16.77,0.8702,INR/kg,Dhan API v2 (Client 1112620458)
2026-05-12 18:00,2026-05-12,18,Copper,925.93,927.46,1.52,0.1645,-0.65,12906,80307,930,15.8,16.3,0.9179,INR/kg,Dhan API v2 (Client 1112620458)
2026-05-12 19:00,2026-05-12,19,Copper,927.89,931.97,4.08,0.4396,2.56,8163,78580,930,16.7,17.2,0.9276,INR/kg,Dhan API v2 (Client 1112620458)
2026-05-12 20:00,2026-05-12,20,Copper,927.06,929.53,2.47,0.2668,-1.61,542,79711,930,16.5,17.0,0.889,INR/kg,Dhan API v2 (Client 1112620458)
2026-05-12 21:00,2026-05-12,21,Copper,928.66,930.3,1.63,0.1759,-0.84,4598,78954,930,16.58,17.08,0.9179,INR/kg,Dhan API v2 (Client 1112620458)
2026-05-12 22:00,2026-05-12,22,Copper,927.98,928.35,0.37,0.0404,-1.26,3944,79117,930,16.49,16.99,0.9585,INR/kg,Dhan API v2 (Client 1112620458)
2026-05-12 23:00,2026-05-12,23,Copper,925.07,928.93,3.86,0.4167,3.49,10851,79581,930,16.06,16.56,0.8904,INR/kg,Dhan API v2 (Client 1112620458)
2026-05-13 09:00,2026-05-13,9,Copper,923.37,925.79,2.42,0.262,-1.44,1283,81473,920,16.04,16.54,0.9234,INR/kg,Dhan API v2 (Client 1112620458)
2026-05-13 10:00,2026-05-13,10,Copper,921.21,923.19,1.99,0.2156,-0.43,5255,80397,920,16.67,17.17,0.9512,INR/kg,Dhan API v2 (Client 1112620458)
2026-05-13 11:00,2026-05-13,11,Copper,926.5,928.46,1.96,0.2112,-0.03,694,79941,930,16.11,16.61,0.9296,INR/kg,Dhan API v2 (Client 1112620458)
2026-05-13 12:00,2026-05-13,12,Copper,928.0,931.67,3.67,0.3957,1.71,805,78806,930,15.75,16.25,0.9301,INR/kg,Dhan API v2 (Client 1112620458)
2026-05-13 13:00,2026-05-13,13,Copper,928.0,929.52,1.52,0.164,-2.15,3473,79690,930,16.67,17.17,0.9066,INR/kg,Dhan API v2 (Client 1112620458)
2026-05-13 14:00,2026-05-13,14,Copper,928.28,931.98,3.7,0.3989,2.18,5377,79260,930,16.56,17.06,0.9354,INR/kg,Dhan API v2 (Client 1112620458)
2026-05-13 15:00,2026-05-13,15,Copper,927.89,928.45,0.56,0.0601,-3.14,5977,80315,930,16.24,16.74,0.94,INR/kg,Dhan API v2 (Client 1112620458)
2026-05-13 16:00,2026-05-13,16,Copper,926.52,928.43,1.91,0.2063,1.35,7226,80020,930,16.17,16.67,0.9105,INR/kg,Dhan API v2 (Client 1112620458)
2026-05-13 17:00,2026-05-13,17,Copper,930.08,931.8,1.72,0.1852,-0.19,7690,79919,930,16.23,16.73,0.9605,INR/kg,Dhan API v2 (Client 1112620458)
2026-05-13 18:00,2026-05-13,18,Copper,935.4,937.18,1.78,0.1905,0.06,8834,77803,940,16.12,16.62,0.9432,INR/kg,Dhan API v2 (Client 1112620458)
2026-05-13 19:00,2026-05-13,19,Copper,936.21,939.69,3.47,0.3711,1.69,1066,80872,940,16.4,16.9,0.8606,INR/kg,Dhan API v2 (Client 1112620458)
2026-05-13 20:00,2026-05-13,20,Copper,935.63,938.43,2.8,0.2996,-0.67,7197,77444,940,16.21,16.71,0.9074,INR/kg,Dhan API v2 (Client 1112620458)
2026-05-13 21:00,2026-05-13,21,Copper,932.65,934.3,1.65,0.1773,-1.15,6818,79098,930,16.64,17.14,0.9174,INR/kg,Dhan API v2 (Client 1112620458)
2026-05-13 22:00,2026-05-13,22,Copper,934.46,937.79,3.33,0.3561,1.68,4074,79266,930,16.1,16.6,0.9208,INR/kg,Dhan API v2 (Client 1112620458)
2026-05-13 23:00,2026-05-13,23,Copper,933.25,936.38,3.13,0.3349,-0.2,11709,78267,930,16.07,16.57,0.894,INR/kg,Dhan API v2 (Client 1112620458)
2026-05-14 09:00,2026-05-14,9,Copper,930.54,933.71,3.17,0.3403,0.04,5030,79906,930,16.24,16.74,0.9205,INR/kg,Dhan API v2 (Client 1112620458)
2026-05-14 10:00,2026-05-14,10,Copper,927.16,928.39,1.22,0.1321,-1.95,5211,78542,930,16.19,16.69,0.9421,INR/kg,Dhan API v2 (Client 1112620458)
2026-05-14 11:00,2026-05-14,11,Copper,927.6,928.61,1.01,0.1094,-0.21,4698,79344,930,15.81,16.31,0.9185,INR/kg,Dhan API v2 (Client 1112620458)
2026-05-14 12:00,2026-05-14,12,Copper,927.72,930.19,2.47,0.2661,1.46,10755,81042,930,15.73,16.23,0.915,INR/kg,Dhan API v2 (Client 1112620458)
2026-05-14 13:00,2026-05-14,13,Copper,929.78,933.12,3.34,0.3592,0.87,4437,80200,930,15.88,16.38,0.9236,INR/kg,Dhan API v2 (Client 1112620458)
2026-05-14 14:00,2026-05-14,14,Copper,928.41,930.7,2.29,0.2462,-1.05,12369,79636,930,16.11,16.61,0.9112,INR/kg,Dhan API v2 (Client 1112620458)
2026-05-14 15:00,2026-05-14,15,Copper,928.83,930.91,2.08,0.2242,-0.21,10213,79821,930,16.44,16.94,0.9397,INR/kg,Dhan API v2 (Client 1112620458)
2026-05-14 16:00,2026-05-14,16,Copper,927.84,930.93,3.09,0.3329,1.01,14567,78809,930,16.29,16.79,0.9503,INR/kg,Dhan API v2 (Client 1112620458)
2026-05-14 17:00,2026-05-14,17,Copper,928.19,929.82,1.64,0.1762,-1.45,10439,77634,930,16.29,16.79,0.9176,INR/kg,Dhan API v2 (Client 1112620458)
2026-05-14 18:00,2026-05-14,18,Copper,929.58,929.75,0.17,0.0187,-1.47,5692,78875,930,16.4,16.9,0.9558,INR/kg,Dhan API v2 (Client 1112620458)
2026-05-14 19:00,2026-05-14,19,Copper,926.17,929.55,3.39,0.3659,3.22,890,80266,930,16.36,16.86,0.9201,INR/kg,Dhan API v2 (Client 1112620458)
2026-05-14 20:00,2026-05-14,20,Copper,926.0,927.9,1.89,0.2046,-1.5,2424,80336,930,15.79,16.29,0.95,INR/kg,Dhan API v2 (Client 1112620458)
2026-05-14 21:00,2026-05-14,21,Copper,929.78,933.45,3.67,0.3951,1.78,13995,79220,930,15.86,16.36,0.9065,INR/kg,Dhan API v2 (Client 1112620458)
2026-05-14 22:00,2026-05-14,22,Copper,928.56,930.77,2.21,0.2385,-1.46,7549,78698,930,16.43,16.93,0.8934,INR/kg,Dhan API v2 (Client 1112620458)
2026-05-14 23:00,2026-05-14,23,Copper,927.67,927.81,0.14,0.0155,-2.07,5163,78978,930,16.17,16.67,0.8756,INR/kg,Dhan API v2 (Client 1112620458)
2026-05-15 09:00,2026-05-15,9,Copper,929.67,932.07,2.4,0.2585,2.26,11120,78744,930,16.4,16.9,0.9413,INR/kg,Dhan API v2 (Client 1112620458)
2026-05-15 10:00,2026-05-15,10,Copper,927.04,927.67,0.62,0.067,-1.78,11483,79432,930,16.56,17.06,0.9358,INR/kg,Dhan API v2 (Client 1112620458)
2026-05-15 11:00,2026-05-15,11,Copper,928.24,930.45,2.21,0.2383,1.59,8926,79697,930,15.3,15.8,0.926,INR/kg,Dhan API v2 (Client 1112620458)
2026-05-15 12:00,2026-05-15,12,Copper,929.49,930.25,0.76,0.0819,-1.45,7039,80228,930,16.58,17.08,0.9216,INR/kg,Dhan API v2 (Client 1112620458)
2026-05-15 13:00,2026-05-15,13,Copper,929.02,931.62,2.6,0.2794,1.84,3138,81552,930,16.3,16.8,0.9335,INR/kg,Dhan API v2 (Client 1112620458)
2026-05-15 14:00,2026-05-15,14,Copper,929.0,931.74,2.74,0.2947,0.14,13840,78178,930,16.42,16.92,0.9015,INR/kg,Dhan API v2 (Client 1112620458)
2026-05-15 15:00,2026-05-15,15,Copper,931.51,932.4,0.89,0.0958,-1.85,510,79143,930,16.58,17.08,0.892,INR/kg,Dhan API v2 (Client 1112620458)
2026-05-15 16:00,2026-05-15,16,Copper,931.98,935.57,3.59,0.3852,2.7,12973,78754,930,16.66,17.16,0.9085,INR/kg,Dhan API v2 (Client 1112620458)
2026-05-15 17:00,2026-05-15,17,Copper,931.25,934.54,3.29,0.3528,-0.3,11464,79916,930,16.2,16.7,0.9135,INR/kg,Dhan API v2 (Client 1112620458)
2026-05-15 18:00,2026-05-15,18,Copper,934.1,936.03,1.93,0.2068,-1.36,11207,80533,930,15.91,16.41,0.9201,INR/kg,Dhan API v2 (Client 1112620458)
2026-05-15 19:00,2026-05-15,19,Copper,933.11,934.49,1.38,0.1474,-0.55,7456,78262,930,16.08,16.58,0.8869,INR/kg,Dhan API v2 (Client 1112620458)
2026-05-15 20:00,2026-05-15,20,Copper,933.85,935.36,1.51,0.1619,0.13,6403,79964,930,15.98,16.48,0.9213,INR/kg,Dhan API v2 (Client 1112620458)
2026-05-15 21:00,2026-05-15,21,Copper,936.98,940.28,3.3,0.3527,1.79,11550,78792,940,16.53,17.03,0.8888,INR/kg,Dhan API v2 (Client 1112620458)
2026-05-15 22:00,2026-05-15,22,Copper,933.84,937.33,3.49,0.3739,0.19,12814,79726,930,15.81,16.31,0.9187,INR/kg,Dhan API v2 (Client 1112620458)
2026-05-15 23:00,2026-05-15,23,Copper,930.68,934.41,3.73,0.4002,0.24,4100,78918,930,16.05,16.55,0.9175,INR/kg,Dhan API v2 (Client 1112620458)
2026-05-18 09:00,2026-05-18,9,Copper,934.12,937.8,3.68,0.3939,-0.05,12633,77354,930,16.13,16.63,0.9443,INR/kg,Dhan API v2 (Client 1112620458)
2026-05-18 10:00,2026-05-18,10,Copper,938.4,941.23,2.83,0.3018,-0.85,10667,79331,940,16.33,16.83,0.9441,INR/kg,Dhan API v2 (Client 1112620458)
2026-05-18 11:00,2026-05-18,11,Copper,940.27,941.77,1.5,0.1594,-1.33,6186,80441,940,16.34,16.84,0.915,INR/kg,Dhan API v2 (Client 1112620458)
2026-05-18 12:00,2026-05-18,12,Copper,942.64,943.03,0.39,0.0413,-1.11,3722,80665,940,15.68,16.18,0.9097,INR/kg,Dhan API v2 (Client 1112620458)
2026-05-18 13:00,2026-05-18,13,Copper,946.93,951.09,4.17,0.44,3.78,3635,77652,950,16.15,16.65,0.9081,INR/kg,Dhan API v2 (Client 1112620458)
2026-05-18 14:00,2026-05-18,14,Copper,941.37,945.0,3.64,0.3865,-0.53,5190,79158,940,16.39,16.89,0.9168,INR/kg,Dhan API v2 (Client 1112620458)
2026-05-18 15:00,2026-05-18,15,Copper,939.65,940.48,0.83,0.0882,-2.81,4208,81243,940,16.19,16.69,0.901,INR/kg,Dhan API v2 (Client 1112620458)
2026-05-18 16:00,2026-05-18,16,Copper,942.79,946.31,3.52,0.3729,2.69,13712,80571,940,16.24,16.74,0.9391,INR/kg,Dhan API v2 (Client 1112620458)
2026-05-18 17:00,2026-05-18,17,Copper,944.2,946.24,2.04,0.2157,-1.48,13664,78582,940,16.28,16.78,0.9173,INR/kg,Dhan API v2 (Client 1112620458)
2026-05-18 18:00,2026-05-18,18,Copper,942.35,945.56,3.21,0.3406,1.17,4224,79796,940,16.21,16.71,0.9232,INR/kg,Dhan API v2 (Client 1112620458)
2026-05-18 19:00,2026-05-18,19,Copper,938.38,939.42,1.04,0.1113,-2.17,3603,80037,940,16.52,17.02,0.9075,INR/kg,Dhan API v2 (Client 1112620458)
2026-05-18 20:00,2026-05-18,20,Copper,933.55,935.94,2.39,0.2561,1.35,9589,80318,930,16.41,16.91,0.8895,INR/kg,Dhan API v2 (Client 1112620458)
2026-05-18 21:00,2026-05-18,21,Copper,931.99,934.03,2.03,0.2183,-0.36,562,79156,930,16.03,16.53,0.9461,INR/kg,Dhan API v2 (Client 1112620458)
2026-05-18 22:00,2026-05-18,22,Copper,931.46,933.23,1.77,0.1903,-0.26,11299,79240,930,16.13,16.63,0.9575,INR/kg,Dhan API v2 (Client 1112620458)
2026-05-18 23:00,2026-05-18,23,Copper,932.79,934.16,1.37,0.1472,-0.4,3315,78251,930,16.28,16.78,0.9088,INR/kg,Dhan API v2 (Client 1112620458)
2026-05-19 09:00,2026-05-19,9,Copper,937.78,940.77,2.99,0.319,1.62,6687,78411,940,15.87,16.37,0.9265,INR/kg,Dhan API v2 (Client 1112620458)
2026-05-19 10:00,2026-05-19,10,Copper,944.55,947.23,2.68,0.2835,-0.31,1732,78203,940,16.38,16.88,0.9308,INR/kg,Dhan API v2 (Client 1112620458)
2026-05-19 11:00,2026-05-19,11,Copper,944.57,945.59,1.02,0.1083,-1.66,4076,78404,940,16.24,16.74,0.8987,INR/kg,Dhan API v2 (Client 1112620458)
2026-05-19 12:00,2026-05-19,12,Copper,948.68,950.57,1.89,0.1993,0.87,13281,78859,950,16.04,16.54,0.9273,INR/kg,Dhan API v2 (Client 1112620458)
2026-05-19 13:00,2026-05-19,13,Copper,949.96,951.23,1.27,0.1335,-0.62,8581,79672,950,16.4,16.9,0.9028,INR/kg,Dhan API v2 (Client 1112620458)
2026-05-19 14:00,2026-05-19,14,Copper,946.49,947.82,1.33,0.1407,0.06,7927,78242,950,16.96,17.46,0.9156,INR/kg,Dhan API v2 (Client 1112620458)
2026-05-19 15:00,2026-05-19,15,Copper,946.79,950.43,3.65,0.385,2.32,726,81064,950,16.67,17.17,0.9449,INR/kg,Dhan API v2 (Client 1112620458)
2026-05-19 16:00,2026-05-19,16,Copper,947.55,950.03,2.48,0.2618,-1.17,14774,78398,950,16.28,16.78,0.8944,INR/kg,Dhan API v2 (Client 1112620458)
2026-05-19 17:00,2026-05-19,17,Copper,947.5,949.25,1.76,0.1853,-0.72,1456,78289,950,16.35,16.85,0.881,INR/kg,Dhan API v2 (Client 1112620458)
2026-05-19 18:00,2026-05-19,18,Copper,950.59,950.32,-0.27,-0.0284,-2.03,12274,80048,950,16.31,16.81,0.9291,INR/kg,Dhan API v2 (Client 1112620458)
2026-05-19 19:00,2026-05-19,19,Copper,954.99,959.21,4.22,0.4418,4.49,13754,79094,950,15.93,16.43,0.9252,INR/kg,Dhan API v2 (Client 1112620458)
2026-05-19 20:00,2026-05-19,20,Copper,952.44,956.17,3.72,0.3911,-0.5,12541,77766,950,15.73,16.23,0.8908,INR/kg,Dhan API v2 (Client 1112620458)
2026-05-19 21:00,2026-05-19,21,Copper,951.43,952.94,1.51,0.1587,-2.21,6682,78729,950,15.9,16.4,0.9135,INR/kg,Dhan API v2 (Client 1112620458)
2026-05-19 22:00,2026-05-19,22,Copper,952.38,952.43,0.04,0.0044,-1.47,5602,80032,950,16.24,16.74,0.8875,INR/kg,Dhan API v2 (Client 1112620458)
2026-05-19 23:00,2026-05-19,23,Copper,950.62,953.12,2.5,0.2631,2.46,7131,78913,950,16.04,16.54,0.9135,INR/kg,Dhan API v2 (Client 1112620458)
2026-05-20 09:00,2026-05-20,9,Copper,947.67,948.03,0.36,0.038,-2.14,2303,79466,950,16.19,16.69,0.912,INR/kg,Dhan API v2 (Client 1112620458)
2026-05-20 10:00,2026-05-20,10,Copper,946.07,949.52,3.45,0.3643,3.09,8498,79345,950,16.71,17.21,0.9323,INR/kg,Dhan API v2 (Client 1112620458)
2026-05-20 11:00,2026-05-20,11,Copper,952.02,952.79,0.78,0.0815,-2.67,1132,80491,950,16.66,17.16,0.9218,INR/kg,Dhan API v2 (Client 1112620458)
2026-05-20 12:00,2026-05-20,12,Copper,949.67,952.59,2.92,0.3075,2.14,4289,81143,950,15.73,16.23,0.9243,INR/kg,Dhan API v2 (Client 1112620458)
2026-05-20 13:00,2026-05-20,13,Copper,947.18,948.36,1.17,0.124,-1.75,11472,80453,950,16.27,16.77,0.9405,INR/kg,Dhan API v2 (Client 1112620458)
2026-05-20 14:00,2026-05-20,14,Copper,953.95,955.59,1.64,0.1715,0.47,10129,80926,950,15.63,16.13,0.8981,INR/kg,Dhan API v2 (Client 1112620458)
2026-05-20 15:00,2026-05-20,15,Copper,959.8,962.32,2.52,0.2628,0.88,3455,80258,960,16.2,16.7,0.9222,INR/kg,Dhan API v2 (Client 1112620458)
2026-05-20 16:00,2026-05-20,16,Copper,959.39,960.96,1.57,0.1637,-0.95,2990,78499,960,16.47,16.97,0.9571,INR/kg,Dhan API v2 (Client 1112620458)
2026-05-20 17:00,2026-05-20,17,Copper,960.49,961.06,0.57,0.0591,-1.0,5087,79572,960,16.22,16.72,0.8875,INR/kg,Dhan API v2 (Client 1112620458)
2026-05-20 18:00,2026-05-20,18,Copper,957.6,960.05,2.45,0.2561,1.88,4327,79608,960,16.45,16.95,0.9324,INR/kg,Dhan API v2 (Client 1112620458)
2026-05-20 19:00,2026-05-20,19,Copper,955.84,958.94,3.11,0.325,0.66,1172,79287,960,16.16,16.66,0.9189,INR/kg,Dhan API v2 (Client 1112620458)
2026-05-20 20:00,2026-05-20,20,Copper,957.56,959.4,1.84,0.1916,-1.27,7938,79455,960,16.16,16.66,0.908,INR/kg,Dhan API v2 (Client 1112620458)
2026-05-20 21:00,2026-05-20,21,Copper,959.24,961.35,2.11,0.22,0.27,2258,80643,960,15.81,16.31,0.9223,INR/kg,Dhan API v2 (Client 1112620458)
2026-05-20 22:00,2026-05-20,22,Copper,959.85,961.41,1.56,0.1628,-0.55,10709,80873,960,16.39,16.89,0.9283,INR/kg,Dhan API v2 (Client 1112620458)
2026-05-20 23:00,2026-05-20,23,Copper,956.52,959.51,2.99,0.3124,1.43,6826,78706,960,15.9,16.4,0.9535,INR/kg,Dhan API v2 (Client 1112620458)
2026-05-21 09:00,2026-05-21,9,Copper,960.6,964.8,4.19,0.4364,1.2,3679,79451,960,15.96,16.46,0.9383,INR/kg,Dhan API v2 (Client 1112620458)
2026-05-21 10:00,2026-05-21,10,Copper,961.8,964.42,2.62,0.2725,-1.57,3442,79860,960,16.88,17.38,0.9277,INR/kg,Dhan API v2 (Client 1112620458)
2026-05-21 11:00,2026-05-21,11,Copper,961.05,961.51,0.46,0.0475,-2.16,4582,79083,960,15.7,16.2,0.9441,INR/kg,Dhan API v2 (Client 1112620458)
2026-05-21 12:00,2026-05-21,12,Copper,965.56,966.36,0.8,0.0827,0.34,13863,79396,970,15.59,16.09,0.8972,INR/kg,Dhan API v2 (Client 1112620458)
2026-05-21 13:00,2026-05-21,13,Copper,967.54,967.69,0.14,0.0149,-0.66,10021,81032,970,16.12,16.62,0.9154,INR/kg,Dhan API v2 (Client 1112620458)
2026-05-21 14:00,2026-05-21,14,Copper,968.39,968.81,0.43,0.0443,0.29,11334,78978,970,15.79,16.29,0.9104,INR/kg,Dhan API v2 (Client 1112620458)
2026-05-21 15:00,2026-05-21,15,Copper,966.94,967.93,0.99,0.1025,0.56,14137,78031,970,16.1,16.6,0.9052,INR/kg,Dhan API v2 (Client 1112620458)
2026-05-21 16:00,2026-05-21,16,Copper,971.8,969.57,-2.23,-0.2295,-3.22,4853,79882,970,16.31,16.81,0.9165,INR/kg,Dhan API v2 (Client 1112620458)
2026-05-21 17:00,2026-05-21,17,Copper,973.88,976.11,2.23,0.2287,4.46,3684,80317,970,15.71,16.21,0.9041,INR/kg,Dhan API v2 (Client 1112620458)
2026-05-21 18:00,2026-05-21,18,Copper,973.84,977.17,3.33,0.3416,1.1,7784,79931,970,16.13,16.63,0.9185,INR/kg,Dhan API v2 (Client 1112620458)
2026-05-21 19:00,2026-05-21,19,Copper,974.35,976.09,1.74,0.1786,-1.59,6447,78467,970,16.26,16.76,0.9455,INR/kg,Dhan API v2 (Client 1112620458)
2026-05-21 20:00,2026-05-21,20,Copper,974.89,976.12,1.23,0.1264,-0.51,763,79721,970,16.31,16.81,0.8969,INR/kg,Dhan API v2 (Client 1112620458)
2026-05-21 21:00,2026-05-21,21,Copper,975.92,977.08,1.16,0.1185,-0.07,6417,80337,980,16.12,16.62,0.9522,INR/kg,Dhan API v2 (Client 1112620458)
2026-05-21 22:00,2026-05-21,22,Copper,975.42,976.61,1.2,0.1227,0.04,8774,78499,980,16.42,16.92,0.9704,INR/kg,Dhan API v2 (Client 1112620458)
2026-05-21 23:00,2026-05-21,23,Copper,971.77,973.74,1.97,0.2026,0.77,14285,78731,970,15.56,16.06,0.8937,INR/kg,Dhan API v2 (Client 1112620458)
2026-05-22 09:00,2026-05-22,9,Copper,972.63,972.55,-0.08,-0.0082,-2.05,2474,79749,970,16.32,16.82,0.8977,INR/kg,Dhan API v2 (Client 1112620458)
2026-05-22 10:00,2026-05-22,10,Copper,967.32,970.22,2.89,0.2992,2.97,13500,78868,970,16.37,16.87,0.9063,INR/kg,Dhan API v2 (Client 1112620458)
2026-05-22 11:00,2026-05-22,11,Copper,965.1,966.04,0.94,0.0973,-1.95,9080,78374,970,16.16,16.66,0.9182,INR/kg,Dhan API v2 (Client 1112620458)
2026-05-22 12:00,2026-05-22,12,Copper,965.15,966.1,0.95,0.0981,0.01,1300,79960,970,17.24,17.74,0.892,INR/kg,Dhan API v2 (Client 1112620458)
2026-05-22 13:00,2026-05-22,13,Copper,969.75,971.13,1.38,0.1424,0.43,14739,79771,970,15.87,16.37,0.9333,INR/kg,Dhan API v2 (Client 1112620458)
2026-05-22 14:00,2026-05-22,14,Copper,972.36,973.76,1.41,0.1449,0.03,6803,79941,970,15.86,16.36,0.8985,INR/kg,Dhan API v2 (Client 1112620458)
2026-05-22 15:00,2026-05-22,15,Copper,971.21,973.09,1.88,0.1933,0.47,1777,79225,970,16.15,16.65,0.9284,INR/kg,Dhan API v2 (Client 1112620458)
2026-05-22 16:00,2026-05-22,16,Copper,970.73,970.95,0.22,0.0229,-1.66,12133,79098,970,16.25,16.75,0.9083,INR/kg,Dhan API v2 (Client 1112620458)
2026-05-22 17:00,2026-05-22,17,Copper,969.77,971.12,1.35,0.139,1.13,12577,79188,970,16.43,16.93,0.9264,INR/kg,Dhan API v2 (Client 1112620458)
2026-05-22 18:00,2026-05-22,18,Copper,971.4,972.53,1.13,0.1162,-0.22,5066,78366,970,16.43,16.93,0.8962,INR/kg,Dhan API v2 (Client 1112620458)
2026-05-22 19:00,2026-05-22,19,Copper,971.81,973.49,1.68,0.1728,0.55,2113,78739,970,15.95,16.45,0.9358,INR/kg,Dhan API v2 (Client 1112620458)
2026-05-22 20:00,2026-05-22,20,Copper,974.49,975.72,1.24,0.127,-0.44,3962,79628,970,16.08,16.58,0.9054,INR/kg,Dhan API v2 (Client 1112620458)
2026-05-22 21:00,2026-05-22,21,Copper,976.43,977.14,0.71,0.0726,-0.53,13203,79764,980,16.2,16.7,0.9467,INR/kg,Dhan API v2 (Client 1112620458)
2026-05-22 22:00,2026-05-22,22,Copper,978.52,979.42,0.9,0.0916,0.19,2060,79008,980,15.94,16.44,0.8871,INR/kg,Dhan API v2 (Client 1112620458)
2026-05-22 23:00,2026-05-22,23,Copper,981.95,983.35,1.4,0.1425,0.5,1715,81812,980,16.46,16.96,0.8844,INR/kg,Dhan API v2 (Client 1112620458)
2026-05-25 09:00,2026-05-25,9,Copper,985.66,989.65,3.99,0.4049,2.59,8392,80245,990,15.98,16.48,0.9359,INR/kg,Dhan API v2 (Client 1112620458)
2026-05-25 10:00,2026-05-25,10,Copper,979.59,981.37,1.78,0.182,-2.21,11000,80522,980,16.21,16.71,0.8944,INR/kg,Dhan API v2 (Client 1112620458)
2026-05-25 11:00,2026-05-25,11,Copper,982.84,984.71,1.87,0.1901,0.09,7737,79302,980,16.2,16.7,0.9362,INR/kg,Dhan API v2 (Client 1112620458)
2026-05-25 12:00,2026-05-25,12,Copper,979.58,979.06,-0.51,-0.0525,-2.38,9392,78965,980,15.93,16.43,0.906,INR/kg,Dhan API v2 (Client 1112620458)
2026-05-25 13:00,2026-05-25,13,Copper,980.74,982.35,1.61,0.1645,2.12,1016,79100,980,16.52,17.02,0.9196,INR/kg,Dhan API v2 (Client 1112620458)
2026-05-25 14:00,2026-05-25,14,Copper,979.49,980.67,1.18,0.1202,-0.43,8889,79749,980,16.34,16.84,0.951,INR/kg,Dhan API v2 (Client 1112620458)
2026-05-25 15:00,2026-05-25,15,Copper,974.92,976.39,1.47,0.1505,0.29,5237,78610,970,16.32,16.82,0.8998,INR/kg,Dhan API v2 (Client 1112620458)
2026-05-25 16:00,2026-05-25,16,Copper,979.34,979.71,0.37,0.038,-1.1,2439,78660,980,16.34,16.84,0.8848,INR/kg,Dhan API v2 (Client 1112620458)
2026-05-25 17:00,2026-05-25,17,Copper,973.9,974.72,0.82,0.0845,0.45,12855,81220,970,16.18,16.68,0.8991,INR/kg,Dhan API v2 (Client 1112620458)
2026-05-25 18:00,2026-05-25,18,Copper,972.5,973.09,0.59,0.0604,-0.23,2683,80588,970,15.82,16.32,0.9377,INR/kg,Dhan API v2 (Client 1112620458)
2026-05-25 19:00,2026-05-25,19,Copper,975.83,977.46,1.63,0.167,1.04,2110,78649,980,16.28,16.78,0.9041,INR/kg,Dhan API v2 (Client 1112620458)
2026-05-25 20:00,2026-05-25,20,Copper,976.24,976.77,0.53,0.0539,-1.1,518,80648,980,16.4,16.9,0.9539,INR/kg,Dhan API v2 (Client 1112620458)
2026-05-25 21:00,2026-05-25,21,Copper,978.67,978.66,-0.0,-0.0003,-0.53,12554,80906,980,15.99,16.49,0.8989,INR/kg,Dhan API v2 (Client 1112620458)
2026-05-25 22:00,2026-05-25,22,Copper,978.88,979.91,1.04,0.1058,1.04,14357,80447,980,16.04,16.54,0.8912,INR/kg,Dhan API v2 (Client 1112620458)
2026-05-25 23:00,2026-05-25,23,Copper,980.55,983.08,2.53,0.2578,1.49,8533,79308,980,15.76,16.26,0.9174,INR/kg,Dhan API v2 (Client 1112620458)
2026-05-26 09:00,2026-05-26,9,Copper,975.72,975.54,-0.18,-0.0189,-2.71,6899,79334,980,15.81,16.31,0.9172,INR/kg,Dhan API v2 (Client 1112620458)
2026-05-26 10:00,2026-05-26,10,Copper,977.3,977.86,0.56,0.0574,0.74,8369,80222,980,15.97,16.47,0.937,INR/kg,Dhan API v2 (Client 1112620458)
2026-05-26 11:00,2026-05-26,11,Copper,975.18,978.43,3.25,0.3337,2.69,704,79494,980,16.39,16.89,0.8884,INR/kg,Dhan API v2 (Client 1112620458)
2026-05-26 12:00,2026-05-26,12,Copper,977.01,978.13,1.13,0.1152,-2.12,5150,79178,980,16.53,17.03,0.9313,INR/kg,Dhan API v2 (Client 1112620458)
2026-05-26 13:00,2026-05-26,13,Copper,976.17,976.42,0.26,0.0263,-0.87,6309,79506,980,16.45,16.95,0.9244,INR/kg,Dhan API v2 (Client 1112620458)
2026-05-26 14:00,2026-05-26,14,Copper,973.84,975.73,1.89,0.1942,1.63,3200,79016,970,15.61,16.11,0.9306,INR/kg,Dhan API v2 (Client 1112620458)
2026-05-26 15:00,2026-05-26,15,Copper,977.21,977.44,0.23,0.0239,-1.66,12149,78692,980,16.32,16.82,0.8995,INR/kg,Dhan API v2 (Client 1112620458)
2026-05-26 16:00,2026-05-26,16,Copper,979.04,980.38,1.35,0.1376,1.12,614,78695,980,16.65,17.15,0.9036,INR/kg,Dhan API v2 (Client 1112620458)
2026-05-26 17:00,2026-05-26,17,Copper,979.48,981.19,1.7,0.1741,0.35,11030,79263,980,16.19,16.69,0.9041,INR/kg,Dhan API v2 (Client 1112620458)
2026-05-26 18:00,2026-05-26,18,Copper,977.65,979.06,1.41,0.1439,-0.29,4915,77692,980,16.27,16.77,0.907,INR/kg,Dhan API v2 (Client 1112620458)
2026-05-26 19:00,2026-05-26,19,Copper,975.98,976.47,0.5,0.0509,-0.91,12159,78125,980,16.3,16.8,0.9107,INR/kg,Dhan API v2 (Client 1112620458)
2026-05-26 20:00,2026-05-26,20,Copper,976.08,975.25,-0.83,-0.0849,-1.33,4113,79924,980,15.88,16.38,0.87,INR/kg,Dhan API v2 (Client 1112620458)
2026-05-26 21:00,2026-05-26,21,Copper,972.64,973.57,0.93,0.0952,1.76,14817,78308,970,16.26,16.76,0.8858,INR/kg,Dhan API v2 (Client 1112620458)
2026-05-26 22:00,2026-05-26,22,Copper,976.62,976.51,-0.11,-0.011,-1.04,6283,79836,980,15.73,16.23,0.9171,INR/kg,Dhan API v2 (Client 1112620458)
2026-05-26 23:00,2026-05-26,23,Copper,976.85,977.48,0.62,0.0638,0.73,4735,78630,980,16.21,16.71,0.9415,INR/kg,Dhan API v2 (Client 1112620458)
2026-05-27 09:00,2026-05-27,9,Copper,977.5,978.66,1.15,0.1181,0.53,3661,79875,980,16.02,16.52,0.927,INR/kg,Dhan API v2 (Client 1112620458)
2026-05-27 10:00,2026-05-27,10,Copper,976.34,977.64,1.31,0.134,0.16,1742,79719,980,16.16,16.66,0.9512,INR/kg,Dhan API v2 (Client 1112620458)
2026-05-27 11:00,2026-05-27,11,Copper,973.87,973.79,-0.08,-0.0083,-1.39,14807,80022,970,16.22,16.72,0.9101,INR/kg,Dhan API v2 (Client 1112620458)
2026-05-27 12:00,2026-05-27,12,Copper,977.06,975.99,-1.08,-0.1101,-1.0,4475,78764,980,16.16,16.66,0.9498,INR/kg,Dhan API v2 (Client 1112620458)
2026-05-27 13:00,2026-05-27,13,Copper,979.64,982.3,2.66,0.2716,3.74,13617,81566,980,16.66,17.16,0.9218,INR/kg,Dhan API v2 (Client 1112620458)
2026-05-27 14:00,2026-05-27,14,Copper,978.93,979.34,0.4,0.0411,-2.26,3566,81050,980,16.68,17.18,0.9198,INR/kg,Dhan API v2 (Client 1112620458)
2026-05-27 15:00,2026-05-27,15,Copper,978.45,980.12,1.67,0.171,1.27,2880,79791,980,16.3,16.8,0.9105,INR/kg,Dhan API v2 (Client 1112620458)
2026-05-27 16:00,2026-05-27,16,Copper,977.09,978.67,1.58,0.1616,-0.09,6720,79157,980,16.11,16.61,0.9246,INR/kg,Dhan API v2 (Client 1112620458)
2026-05-27 17:00,2026-05-27,17,Copper,984.19,985.73,1.54,0.1569,-0.04,12157,79787,980,15.77,16.27,0.9229,INR/kg,Dhan API v2 (Client 1112620458)
2026-05-27 18:00,2026-05-27,18,Copper,983.73,986.79,3.06,0.3113,1.52,9770,79651,980,15.94,16.44,0.9209,INR/kg,Dhan API v2 (Client 1112620458)
2026-05-27 19:00,2026-05-27,19,Copper,981.61,983.34,1.73,0.1763,-1.33,14538,78880,980,16.47,16.97,0.9009,INR/kg,Dhan API v2 (Client 1112620458)
2026-05-27 20:00,2026-05-27,20,Copper,980.09,979.07,-1.02,-0.1041,-2.75,11080,79811,980,15.33,15.83,0.9476,INR/kg,Dhan API v2 (Client 1112620458)
2026-05-27 21:00,2026-05-27,21,Copper,976.04,977.29,1.25,0.1282,2.27,11987,78113,980,16.6,17.1,0.9136,INR/kg,Dhan API v2 (Client 1112620458)
2026-05-27 22:00,2026-05-27,22,Copper,973.47,976.4,2.93,0.3014,1.68,535,78743,970,16.23,16.73,0.8944,INR/kg,Dhan API v2 (Client 1112620458)
2026-05-27 23:00,2026-05-27,23,Copper,976.33,977.91,1.58,0.1617,-1.35,4447,81526,980,16.13,16.63,0.9019,INR/kg,Dhan API v2 (Client 1112620458)
2026-05-28 09:00,2026-05-28,9,Copper,976.04,975.31,-0.73,-0.0744,-2.31,14859,80613,980,15.56,16.06,0.9238,INR/kg,Dhan API v2 (Client 1112620458)
2026-05-28 10:00,2026-05-28,10,Copper,979.85,983.18,3.34,0.3405,4.07,2255,78910,980,15.86,16.36,0.9334,INR/kg,Dhan API v2 (Client 1112620458)
2026-05-28 11:00,2026-05-28,11,Copper,973.77,974.7,0.93,0.0955,-2.41,2304,80385,970,16.41,16.91,0.8882,INR/kg,Dhan API v2 (Client 1112620458)
2026-05-28 12:00,2026-05-28,12,Copper,973.69,973.17,-0.52,-0.0533,-1.45,640,80205,970,16.26,16.76,0.8805,INR/kg,Dhan API v2 (Client 1112620458)
2026-05-28 13:00,2026-05-28,13,Copper,970.07,968.71,-1.36,-0.1401,-0.84,13576,79103,970,16.27,16.77,0.9594,INR/kg,Dhan API v2 (Client 1112620458)
2026-05-28 14:00,2026-05-28,14,Copper,970.01,970.03,0.02,0.002,1.38,4385,79800,970,15.99,16.49,0.8923,INR/kg,Dhan API v2 (Client 1112620458)
2026-05-28 15:00,2026-05-28,15,Copper,971.1,970.57,-0.53,-0.0542,-0.55,5154,79939,970,16.82,17.32,0.8985,INR/kg,Dhan API v2 (Client 1112620458)
2026-05-28 16:00,2026-05-28,16,Copper,976.35,975.75,-0.59,-0.0607,-0.06,8761,78867,980,16.06,16.56,0.8965,INR/kg,Dhan API v2 (Client 1112620458)
2026-05-28 17:00,2026-05-28,17,Copper,980.14,980.71,0.57,0.0578,1.16,10833,79466,980,16.34,16.84,0.8851,INR/kg,Dhan API v2 (Client 1112620458)
2026-05-28 18:00,2026-05-28,18,Copper,975.22,974.75,-0.47,-0.048,-1.04,6717,79039,980,16.49,16.99,0.8866,INR/kg,Dhan API v2 (Client 1112620458)
2026-05-28 19:00,2026-05-28,19,Copper,980.98,980.7,-0.28,-0.0284,0.19,4894,80539,980,16.14,16.64,0.9302,INR/kg,Dhan API v2 (Client 1112620458)
2026-05-28 20:00,2026-05-28,20,Copper,987.13,987.47,0.34,0.0346,0.62,2794,79384,990,16.53,17.03,0.9242,INR/kg,Dhan API v2 (Client 1112620458)
2026-05-28 21:00,2026-05-28,21,Copper,981.93,983.66,1.74,0.1768,1.4,4608,80659,980,16.64,17.14,0.9136,INR/kg,Dhan API v2 (Client 1112620458)
2026-05-28 22:00,2026-05-28,22,Copper,982.8,984.11,1.32,0.1339,-0.42,6319,79882,980,16.16,16.66,0.8853,INR/kg,Dhan API v2 (Client 1112620458)
2026-05-28 23:00,2026-05-28,23,Copper,983.21,985.47,2.26,0.2296,0.94,606,79470,980,16.28,16.78,0.9195,INR/kg,Dhan API v2 (Client 1112620458)
2026-05-29 09:00,2026-05-29,9,Copper,985.83,987.17,1.35,0.1365,-0.91,1811,80003,990,15.82,16.32,0.8856,INR/kg,Dhan API v2 (Client 1112620458)
2026-05-29 10:00,2026-05-29,10,Copper,988.38,990.11,1.73,0.1751,0.38,14453,80038,990,15.73,16.23,0.9155,INR/kg,Dhan API v2 (Client 1112620458)
2026-05-29 11:00,2026-05-29,11,Copper,984.2,984.24,0.04,0.0038,-1.69,11821,78557,980,16.39,16.89,0.9183,INR/kg,Dhan API v2 (Client 1112620458)
2026-05-29 12:00,2026-05-29,12,Copper,985.04,986.48,1.43,0.1456,1.39,525,80574,990,15.99,16.49,0.9301,INR/kg,Dhan API v2 (Client 1112620458)
2026-05-29 13:00,2026-05-29,13,Copper,985.8,986.46,0.67,0.0677,-0.76,4035,79677,990,15.81,16.31,0.8839,INR/kg,Dhan API v2 (Client 1112620458)
2026-05-29 14:00,2026-05-29,14,Copper,986.59,985.7,-0.89,-0.0904,-1.56,10174,77748,990,16.31,16.81,0.8897,INR/kg,Dhan API v2 (Client 1112620458)
2026-05-29 15:00,2026-05-29,15,Copper,984.39,984.33,-0.06,-0.0061,0.83,2075,78333,980,15.79,16.29,0.9297,INR/kg,Dhan API v2 (Client 1112620458)
2026-05-29 16:00,2026-05-29,16,Copper,990.9,992.6,1.7,0.1721,1.76,4097,80981,990,16.29,16.79,0.9085,INR/kg,Dhan API v2 (Client 1112620458)
2026-05-29 17:00,2026-05-29,17,Copper,991.56,992.09,0.53,0.0534,-1.17,9259,80381,990,15.98,16.48,0.9324,INR/kg,Dhan API v2 (Client 1112620458)
2026-05-29 18:00,2026-05-29,18,Copper,990.65,991.39,0.74,0.0746,0.21,8151,80272,990,16.31,16.81,0.9399,INR/kg,Dhan API v2 (Client 1112620458)
2026-05-29 19:00,2026-05-29,19,Copper,993.8,994.77,0.97,0.0977,0.23,3688,80362,990,16.05,16.55,0.9105,INR/kg,Dhan API v2 (Client 1112620458)
2026-05-29 20:00,2026-05-29,20,Copper,994.98,994.95,-0.03,-0.003,-1.0,9407,79276,990,16.77,17.27,0.9416,INR/kg,Dhan API v2 (Client 1112620458)
2026-05-29 21:00,2026-05-29,21,Copper,990.87,991.81,0.94,0.0949,0.97,3464,79892,990,16.08,16.58,0.9204,INR/kg,Dhan API v2 (Client 1112620458)
2026-05-29 22:00,2026-05-29,22,Copper,987.91,989.39,1.47,0.1492,0.53,12548,80760,990,16.12,16.62,0.9208,INR/kg,Dhan API v2 (Client 1112620458)
2026-05-29 23:00,2026-05-29,23,Copper,987.46,989.0,1.54,0.1558,0.07,5499,79400,990,16.51,17.01,0.8896,INR/kg,Dhan API v2 (Client 1112620458)
2026-06-01 09:00,2026-06-01,9,Copper,986.79,987.8,1.01,0.1027,-0.53,8863,80123,990,16.05,16.55,0.9191,INR/kg,Dhan API v2 (Client 1112620458)
2026-06-01 10:00,2026-06-01,10,Copper,983.09,982.67,-0.42,-0.0429,-1.43,552,80018,980,16.43,16.93,0.9096,INR/kg,Dhan API v2 (Client 1112620458)
2026-06-01 11:00,2026-06-01,11,Copper,983.26,982.8,-0.46,-0.0468,-0.04,13404,79747,980,16.26,16.76,0.9026,INR/kg,Dhan API v2 (Client 1112620458)
2026-06-01 12:00,2026-06-01,12,Copper,981.54,981.61,0.07,0.0074,0.53,6426,80474,980,15.97,16.47,0.8903,INR/kg,Dhan API v2 (Client 1112620458)
2026-06-01 13:00,2026-06-01,13,Copper,980.92,981.34,0.42,0.0425,0.35,4279,79069,980,16.54,17.04,0.8893,INR/kg,Dhan API v2 (Client 1112620458)
2026-06-01 14:00,2026-06-01,14,Copper,979.3,979.43,0.14,0.0139,-0.28,1310,80625,980,15.97,16.47,0.8913,INR/kg,Dhan API v2 (Client 1112620458)
2026-06-01 15:00,2026-06-01,15,Copper,982.2,982.57,0.37,0.0372,0.23,6206,78228,980,16.26,16.76,0.9101,INR/kg,Dhan API v2 (Client 1112620458)
2026-06-01 16:00,2026-06-01,16,Copper,983.85,985.34,1.49,0.151,1.12,13837,79461,980,15.97,16.47,0.9441,INR/kg,Dhan API v2 (Client 1112620458)
2026-06-01 17:00,2026-06-01,17,Copper,988.35,987.7,-0.65,-0.0654,-2.14,5078,80107,990,16.3,16.8,0.8702,INR/kg,Dhan API v2 (Client 1112620458)
2026-06-01 18:00,2026-06-01,18,Copper,985.38,985.81,0.43,0.0434,1.08,2280,78248,990,16.73,17.23,0.9199,INR/kg,Dhan API v2 (Client 1112620458)
2026-06-01 19:00,2026-06-01,19,Copper,984.43,985.01,0.58,0.0587,0.15,6185,79712,980,15.61,16.11,0.9003,INR/kg,Dhan API v2 (Client 1112620458)
2026-06-01 20:00,2026-06-01,20,Copper,989.38,989.76,0.38,0.0383,-0.2,2605,78107,990,15.83,16.33,0.8845,INR/kg,Dhan API v2 (Client 1112620458)
2026-06-01 21:00,2026-06-01,21,Copper,989.37,989.3,-0.07,-0.0074,-0.45,14033,79341,990,16.32,16.82,0.8926,INR/kg,Dhan API v2 (Client 1112620458)
2026-06-01 22:00,2026-06-01,22,Copper,992.86,993.73,0.87,0.0877,0.94,4936,80370,990,16.23,16.73,0.8988,INR/kg,Dhan API v2 (Client 1112620458)
2026-06-01 23:00,2026-06-01,23,Copper,994.37,994.46,0.08,0.0085,-0.79,4843,78571,990,16.43,16.93,0.9101,INR/kg,Dhan API v2 (Client 1112620458)
2026-06-02 09:00,2026-06-02,9,Copper,990.6,991.8,1.2,0.1212,1.12,924,79960,990,16.16,16.66,0.913,INR/kg,Dhan API v2 (Client 1112620458)
2026-06-02 10:00,2026-06-02,10,Copper,989.95,990.34,0.4,0.0401,-0.8,6870,79123,990,16.51,17.01,0.8921,INR/kg,Dhan API v2 (Client 1112620458)
2026-06-02 11:00,2026-06-02,11,Copper,990.14,991.99,1.86,0.1876,1.46,7525,80727,990,16.58,17.08,0.9201,INR/kg,Dhan API v2 (Client 1112620458)
2026-06-02 12:00,2026-06-02,12,Copper,985.49,987.7,2.21,0.2242,0.35,5317,78314,990,16.41,16.91,0.9062,INR/kg,Dhan API v2 (Client 1112620458)
2026-06-02 13:00,2026-06-02,13,Copper,986.69,987.29,0.6,0.0612,-1.61,1985,81063,990,16.24,16.74,0.9101,INR/kg,Dhan API v2 (Client 1112620458)
2026-06-02 14:00,2026-06-02,14,Copper,981.23,981.75,0.52,0.0533,-0.08,2816,78649,980,16.21,16.71,0.9246,INR/kg,Dhan API v2 (Client 1112620458)
2026-06-02 15:00,2026-06-02,15,Copper,977.95,977.87,-0.07,-0.0074,-0.59,4726,81975,980,16.39,16.89,0.9382,INR/kg,Dhan API v2 (Client 1112620458)
2026-06-02 16:00,2026-06-02,16,Copper,979.3,979.84,0.54,0.0553,0.61,5320,78664,980,15.78,16.28,0.9112,INR/kg,Dhan API v2 (Client 1112620458)
2026-06-02 17:00,2026-06-02,17,Copper,978.1,978.49,0.38,0.0393,-0.16,7732,81043,980,16.51,17.01,0.9088,INR/kg,Dhan API v2 (Client 1112620458)
2026-06-02 18:00,2026-06-02,18,Copper,980.6,981.21,0.61,0.0618,0.23,5708,78998,980,15.95,16.45,0.9008,INR/kg,Dhan API v2 (Client 1112620458)
2026-06-02 19:00,2026-06-02,19,Copper,981.35,981.44,0.09,0.0096,-0.52,8751,80423,980,17.19,17.69,0.934,INR/kg,Dhan API v2 (Client 1112620458)
2026-06-02 20:00,2026-06-02,20,Copper,983.23,984.06,0.84,0.085,0.75,6248,79510,980,16.18,16.68,0.9169,INR/kg,Dhan API v2 (Client 1112620458)
2026-06-02 21:00,2026-06-02,21,Copper,980.62,983.67,3.04,0.3103,2.2,2246,79131,980,16.29,16.79,0.8965,INR/kg,Dhan API v2 (Client 1112620458)
2026-06-02 22:00,2026-06-02,22,Copper,979.6,980.86,1.26,0.1286,-1.78,7281,80939,980,16.5,17.0,0.9182,INR/kg,Dhan API v2 (Client 1112620458)
2026-06-02 23:00,2026-06-02,23,Copper,980.14,982.95,2.81,0.2863,1.55,4102,81917,980,16.6,17.1,0.9304,INR/kg,Dhan API v2 (Client 1112620458)
2026-06-03 09:00,2026-06-03,9,Copper,979.92,978.46,-1.46,-0.1485,-4.27,10900,80864,980,15.71,16.21,0.9084,INR/kg,Dhan API v2 (Client 1112620458)
2026-06-03 10:00,2026-06-03,10,Copper,979.16,978.17,-0.99,-0.1009,0.47,7833,79515,980,16.32,16.82,0.9182,INR/kg,Dhan API v2 (Client 1112620458)
2026-06-03 11:00,2026-06-03,11,Copper,978.6,979.57,0.97,0.0993,1.96,7221,80140,980,16.63,17.13,0.9048,INR/kg,Dhan API v2 (Client 1112620458)
2026-06-03 12:00,2026-06-03,12,Copper,977.33,976.52,-0.8,-0.0819,-1.77,14517,81622,980,16.04,16.54,0.9137,INR/kg,Dhan API v2 (Client 1112620458)
2026-06-03 13:00,2026-06-03,13,Copper,979.34,980.6,1.26,0.1289,2.06,4994,80223,980,16.45,16.95,0.9077,INR/kg,Dhan API v2 (Client 1112620458)
2026-06-03 14:00,2026-06-03,14,Copper,979.95,979.24,-0.71,-0.072,-1.97,4432,79160,980,16.52,17.02,0.9082,INR/kg,Dhan API v2 (Client 1112620458)
2026-06-03 15:00,2026-06-03,15,Copper,982.41,980.48,-1.93,-0.1963,-1.22,14616,79266,980,16.55,17.05,0.9262,INR/kg,Dhan API v2 (Client 1112620458)
2026-06-03 16:00,2026-06-03,16,Copper,985.38,985.68,0.29,0.0296,2.22,13477,80461,990,15.81,16.31,0.93,INR/kg,Dhan API v2 (Client 1112620458)
2026-06-03 17:00,2026-06-03,17,Copper,986.76,985.63,-1.14,-0.1151,-1.43,4740,78563,990,15.82,16.32,0.9248,INR/kg,Dhan API v2 (Client 1112620458)
2026-06-03 18:00,2026-06-03,18,Copper,993.7,994.74,1.05,0.1052,2.19,6508,80162,990,16.29,16.79,0.9409,INR/kg,Dhan API v2 (Client 1112620458)
2026-06-03 19:00,2026-06-03,19,Copper,997.46,994.9,-2.56,-0.2567,-3.61,7008,80244,1000,16.07,16.57,0.936,INR/kg,Dhan API v2 (Client 1112620458)
2026-06-03 20:00,2026-06-03,20,Copper,998.79,998.84,0.05,0.0052,2.61,10352,79230,1000,16.34,16.84,0.9215,INR/kg,Dhan API v2 (Client 1112620458)
2026-06-03 21:00,2026-06-03,21,Copper,997.25,996.62,-0.63,-0.0631,-0.68,12213,79002,1000,16.14,16.64,0.8954,INR/kg,Dhan API v2 (Client 1112620458)
2026-06-03 22:00,2026-06-03,22,Copper,1003.81,1005.48,1.67,0.1659,2.3,9952,79339,1000,15.55,16.05,0.9385,INR/kg,Dhan API v2 (Client 1112620458)
2026-06-03 23:00,2026-06-03,23,Copper,999.51,999.24,-0.27,-0.0268,-1.94,11833,78915,1000,16.3,16.8,0.8979,INR/kg,Dhan API v2 (Client 1112620458)
2026-06-04 09:00,2026-06-04,9,Copper,996.91,1001.64,4.72,0.4738,4.99,968,80674,1000,16.0,16.5,0.9059,INR/kg,Dhan API v2 (Client 1112620458)
2026-06-04 10:00,2026-06-04,10,Copper,998.45,1002.86,4.42,0.4422,-0.3,3439,78509,1000,15.96,16.46,0.9198,INR/kg,Dhan API v2 (Client 1112620458)
2026-06-04 11:00,2026-06-04,11,Copper,999.78,1002.76,2.98,0.2978,-1.44,11562,78323,1000,16.38,16.88,0.9259,INR/kg,Dhan API v2 (Client 1112620458)
2026-06-04 12:00,2026-06-04,12,Copper,999.52,1002.39,2.87,0.2876,-0.11,11530,80123,1000,16.0,16.5,0.8806,INR/kg,Dhan API v2 (Client 1112620458)
2026-06-04 13:00,2026-06-04,13,Copper,998.68,1003.89,5.21,0.5213,2.34,2679,81008,1000,16.85,17.35,0.9085,INR/kg,Dhan API v2 (Client 1112620458)
2026-06-04 14:00,2026-06-04,14,Copper,1002.67,1006.36,3.69,0.3684,-1.52,9033,79823,1000,16.34,16.84,0.9121,INR/kg,Dhan API v2 (Client 1112620458)
2026-06-04 15:00,2026-06-04,15,Copper,1001.64,1005.31,3.67,0.3666,-0.02,9165,80002,1000,15.8,16.3,0.8776,INR/kg,Dhan API v2 (Client 1112620458)
2026-06-04 16:00,2026-06-04,16,Copper,998.81,1002.07,3.26,0.3266,-0.41,9143,80450,1000,15.91,16.41,0.9291,INR/kg,Dhan API v2 (Client 1112620458)
2026-06-04 17:00,2026-06-04,17,Copper,1000.79,1004.98,4.2,0.4194,0.94,3414,79651,1000,16.38,16.88,0.9375,INR/kg,Dhan API v2 (Client 1112620458)
2026-06-04 18:00,2026-06-04,18,Copper,1001.9,1006.8,4.9,0.4891,0.7,2438,80318,1000,16.52,17.02,0.897,INR/kg,Dhan API v2 (Client 1112620458)
2026-06-04 19:00,2026-06-04,19,Copper,1001.49,1006.6,5.1,0.5097,0.2,10461,79641,1000,16.16,16.66,0.9325,INR/kg,Dhan API v2 (Client 1112620458)
2026-06-04 20:00,2026-06-04,20,Copper,1001.94,1007.43,5.49,0.5479,0.39,6354,80149,1000,16.7,17.2,0.9232,INR/kg,Dhan API v2 (Client 1112620458)
2026-06-04 21:00,2026-06-04,21,Copper,1001.05,1004.27,3.22,0.3217,-2.27,10461,78035,1000,15.87,16.37,0.9084,INR/kg,Dhan API v2 (Client 1112620458)
2026-06-04 22:00,2026-06-04,22,Copper,1000.13,1003.65,3.52,0.352,0.3,7533,79868,1000,16.13,16.63,0.9704,INR/kg,Dhan API v2 (Client 1112620458)
2026-06-04 23:00,2026-06-04,23,Copper,999.38,1004.12,4.73,0.4737,1.21,2064,79812,1000,15.95,16.45,0.9246,INR/kg,Dhan API v2 (Client 1112620458)
2026-06-05 09:00,2026-06-05,9,Copper,1000.89,1004.79,3.9,0.39,-0.83,14209,79434,1000,16.24,16.74,0.8781,INR/kg,Dhan API v2 (Client 1112620458)
2026-06-05 10:00,2026-06-05,10,Copper,1003.22,1006.72,3.49,0.348,-0.41,7866,77911,1000,16.23,16.73,0.9044,INR/kg,Dhan API v2 (Client 1112620458)
2026-06-05 11:00,2026-06-05,11,Copper,1002.99,1008.28,5.29,0.5277,1.8,2002,79724,1000,16.06,16.56,0.9258,INR/kg,Dhan API v2 (Client 1112620458)
2026-06-05 12:00,2026-06-05,12,Copper,1009.87,1014.24,4.37,0.433,-0.92,13417,79742,1010,16.41,16.91,0.9116,INR/kg,Dhan API v2 (Client 1112620458)
2026-06-05 13:00,2026-06-05,13,Copper,1009.49,1015.53,6.04,0.5983,1.67,4330,78315,1010,16.58,17.08,0.9232,INR/kg,Dhan API v2 (Client 1112620458)
2026-06-05 14:00,2026-06-05,14,Copper,1012.53,1017.15,4.63,0.4571,-1.41,12855,78879,1010,16.67,17.17,0.9045,INR/kg,Dhan API v2 (Client 1112620458)
2026-06-05 15:00,2026-06-05,15,Copper,1010.31,1015.4,5.09,0.5038,0.46,7247,78650,1010,16.33,16.83,0.8987,INR/kg,Dhan API v2 (Client 1112620458)
2026-06-05 16:00,2026-06-05,16,Copper,1008.98,1012.55,3.58,0.3546,-1.51,857,80887,1010,16.2,16.7,0.8871,INR/kg,Dhan API v2 (Client 1112620458)
2026-06-05 17:00,2026-06-05,17,Copper,1010.03,1013.71,3.67,0.3635,0.09,3041,79764,1010,16.52,17.02,0.9122,INR/kg,Dhan API v2 (Client 1112620458)
2026-06-05 18:00,2026-06-05,18,Copper,1015.49,1021.92,6.43,0.6329,2.76,861,79586,1020,15.63,16.13,0.9224,INR/kg,Dhan API v2 (Client 1112620458)
2026-06-05 19:00,2026-06-05,19,Copper,1014.25,1019.27,5.02,0.495,-1.41,14760,78458,1010,15.88,16.38,0.8975,INR/kg,Dhan API v2 (Client 1112620458)
2026-06-05 20:00,2026-06-05,20,Copper,1013.51,1016.99,3.47,0.3429,-1.55,12399,80019,1010,16.04,16.54,0.9207,INR/kg,Dhan API v2 (Client 1112620458)
2026-06-05 21:00,2026-06-05,21,Copper,1019.17,1024.05,4.88,0.4787,1.41,5625,80211,1020,16.02,16.52,0.9358,INR/kg,Dhan API v2 (Client 1112620458)
2026-06-05 22:00,2026-06-05,22,Copper,1020.76,1024.37,3.6,0.353,-1.28,12399,80740,1020,16.14,16.64,0.9018,INR/kg,Dhan API v2 (Client 1112620458)
2026-06-05 23:00,2026-06-05,23,Copper,1028.39,1033.11,4.72,0.4593,1.12,14666,80417,1030,16.19,16.69,0.9178,INR/kg,Dhan API v2 (Client 1112620458)
2026-06-08 09:00,2026-06-08,9,Copper,1032.8,1036.51,3.71,0.359,-1.01,11929,79008,1030,16.03,16.53,0.9068,INR/kg,Dhan API v2 (Client 1112620458)
2026-06-08 10:00,2026-06-08,10,Copper,1031.49,1037.7,6.21,0.602,2.5,2775,79792,1030,16.16,16.66,0.9071,INR/kg,Dhan API v2 (Client 1112620458)
2026-06-08 11:00,2026-06-08,11,Copper,1032.58,1036.08,3.5,0.3389,-2.71,11975,80404,1030,15.73,16.23,0.924,INR/kg,Dhan API v2 (Client 1112620458)
2026-06-08 12:00,2026-06-08,12,Copper,1034.95,1038.62,3.67,0.355,0.17,12143,80864,1030,16.02,16.52,0.8894,INR/kg,Dhan API v2 (Client 1112620458)
2026-06-08 13:00,2026-06-08,13,Copper,1034.11,1037.7,3.59,0.3473,-0.08,9223,80615,1030,16.29,16.79,0.9226,INR/kg,Dhan API v2 (Client 1112620458)
2026-06-08 14:00,2026-06-08,14,Copper,1034.81,1038.55,3.74,0.3611,0.15,7688,78914,1030,16.05,16.55,0.9097,INR/kg,Dhan API v2 (Client 1112620458)
2026-06-08 15:00,2026-06-08,15,Copper,1031.77,1036.55,4.78,0.4634,1.04,1131,79850,1030,16.58,17.08,0.9207,INR/kg,Dhan API v2 (Client 1112620458)
2026-06-08 16:00,2026-06-08,16,Copper,1031.51,1036.25,4.73,0.4588,-0.05,3526,78785,1030,16.01,16.51,0.9563,INR/kg,Dhan API v2 (Client 1112620458)
2026-06-08 17:00,2026-06-08,17,Copper,1027.74,1032.73,4.99,0.4855,0.26,3229,79779,1030,16.14,16.64,0.9314,INR/kg,Dhan API v2 (Client 1112620458)
2026-06-08 18:00,2026-06-08,18,Copper,1027.72,1033.16,5.44,0.5296,0.45,14729,80345,1030,15.62,16.12,0.9389,INR/kg,Dhan API v2 (Client 1112620458)
2026-06-08 19:00,2026-06-08,19,Copper,1028.21,1032.58,4.37,0.4253,-1.07,12603,78210,1030,16.3,16.8,0.9173,INR/kg,Dhan API v2 (Client 1112620458)
2026-06-08 20:00,2026-06-08,20,Copper,1025.98,1029.58,3.6,0.3513,-0.77,9905,80635,1030,16.3,16.8,0.9293,INR/kg,Dhan API v2 (Client 1112620458)
2026-06-08 21:00,2026-06-08,21,Copper,1025.08,1031.0,5.93,0.578,2.33,6636,80427,1030,15.76,16.26,0.8929,INR/kg,Dhan API v2 (Client 1112620458)
2026-06-08 22:00,2026-06-08,22,Copper,1024.0,1028.14,4.13,0.4034,-1.8,2397,79883,1020,16.04,16.54,0.9124,INR/kg,Dhan API v2 (Client 1112620458)
2026-06-08 23:00,2026-06-08,23,Copper,1026.59,1030.16,3.57,0.3475,-0.56,10371,80926,1030,16.32,16.82,0.926,INR/kg,Dhan API v2 (Client 1112620458)
2026-06-09 09:00,2026-06-09,9,Copper,1024.22,1026.93,2.71,0.2648,-0.86,7564,81296,1020,16.02,16.52,0.8855,INR/kg,Dhan API v2 (Client 1112620458)
2026-06-09 10:00,2026-06-09,10,Copper,1024.49,1026.69,2.2,0.2144,-0.51,10663,79415,1020,16.43,16.93,0.9328,INR/kg,Dhan API v2 (Client 1112620458)
2026-06-09 11:00,2026-06-09,11,Copper,1024.3,1026.1,1.8,0.1758,-0.4,7447,79682,1020,15.93,16.43,0.9521,INR/kg,Dhan API v2 (Client 1112620458)
2026-06-09 12:00,2026-06-09,12,Copper,1023.77,1028.55,4.78,0.4671,2.98,5457,79732,1020,15.97,16.47,0.9722,INR/kg,Dhan API v2 (Client 1112620458)
2026-06-09 13:00,2026-06-09,13,Copper,1027.25,1031.27,4.02,0.3909,-0.76,12730,80410,1030,16.34,16.84,0.9152,INR/kg,Dhan API v2 (Client 1112620458)
2026-06-09 14:00,2026-06-09,14,Copper,1028.05,1030.67,2.62,0.2547,-1.4,4840,78966,1030,16.4,16.9,0.9229,INR/kg,Dhan API v2 (Client 1112620458)
2026-06-09 15:00,2026-06-09,15,Copper,1029.57,1034.9,5.33,0.518,2.71,2451,79257,1030,16.53,17.03,0.9501,INR/kg,Dhan API v2 (Client 1112620458)
2026-06-09 16:00,2026-06-09,16,Copper,1030.46,1034.06,3.6,0.3491,-1.73,1432,80423,1030,16.1,16.6,0.9244,INR/kg,Dhan API v2 (Client 1112620458)
2026-06-09 17:00,2026-06-09,17,Copper,1032.1,1036.47,4.36,0.4229,0.76,1832,79851,1030,16.33,16.83,0.9214,INR/kg,Dhan API v2 (Client 1112620458)
2026-06-09 18:00,2026-06-09,18,Copper,1032.08,1035.26,3.18,0.3082,-1.18,3665,78554,1030,16.17,16.67,0.9133,INR/kg,Dhan API v2 (Client 1112620458)
2026-06-09 19:00,2026-06-09,19,Copper,1035.14,1037.81,2.67,0.2582,-0.51,2777,79566,1040,15.62,16.12,0.8901,INR/kg,Dhan API v2 (Client 1112620458)
2026-06-09 20:00,2026-06-09,20,Copper,1035.76,1039.63,3.86,0.373,1.19,10082,80114,1040,16.24,16.74,0.9449,INR/kg,Dhan API v2 (Client 1112620458)
2026-06-09 21:00,2026-06-09,21,Copper,1029.64,1033.8,4.16,0.4044,0.3,7467,79161,1030,16.27,16.77,0.932,INR/kg,Dhan API v2 (Client 1112620458)
2026-06-09 22:00,2026-06-09,22,Copper,1030.2,1034.78,4.58,0.445,0.42,12898,79798,1030,16.56,17.06,0.9463,INR/kg,Dhan API v2 (Client 1112620458)
2026-06-09 23:00,2026-06-09,23,Copper,1033.23,1038.42,5.19,0.5019,0.61,11849,79614,1030,16.0,16.5,0.895,INR/kg,Dhan API v2 (Client 1112620458)
2026-06-10 09:00,2026-06-10,9,Copper,1030.14,1035.06,4.92,0.4773,-0.27,9958,80254,1030,16.47,16.97,0.8933,INR/kg,Dhan API v2 (Client 1112620458)
2026-06-10 10:00,2026-06-10,10,Copper,1029.37,1032.35,2.97,0.2887,-1.95,12559,79701,1030,16.06,16.56,0.9037,INR/kg,Dhan API v2 (Client 1112620458)
2026-06-10 11:00,2026-06-10,11,Copper,1031.66,1034.8,3.14,0.304,0.17,1949,79517,1030,16.05,16.55,0.9151,INR/kg,Dhan API v2 (Client 1112620458)
2026-06-10 12:00,2026-06-10,12,Copper,1030.05,1034.26,4.21,0.4091,1.07,1261,78799,1030,16.57,17.07,0.9028,INR/kg,Dhan API v2 (Client 1112620458)
2026-06-10 13:00,2026-06-10,13,Copper,1028.9,1032.0,3.1,0.3015,-1.11,4927,78666,1030,16.58,17.08,0.9255,INR/kg,Dhan API v2 (Client 1112620458)
2026-06-10 14:00,2026-06-10,14,Copper,1025.31,1028.87,3.56,0.3473,0.46,5696,80133,1030,16.25,16.75,0.9086,INR/kg,Dhan API v2 (Client 1112620458)
2026-06-10 15:00,2026-06-10,15,Copper,1026.05,1029.13,3.07,0.2994,-0.49,11184,79259,1030,15.94,16.44,0.9212,INR/kg,Dhan API v2 (Client 1112620458)
2026-06-10 16:00,2026-06-10,16,Copper,1028.16,1032.39,4.22,0.4106,1.15,2251,78718,1030,16.57,17.07,0.897,INR/kg,Dhan API v2 (Client 1112620458)
2026-06-10 17:00,2026-06-10,17,Copper,1029.46,1034.09,4.63,0.4495,0.41,4393,80443,1030,15.84,16.34,0.9114,INR/kg,Dhan API v2 (Client 1112620458)
2026-06-10 18:00,2026-06-10,18,Copper,1029.21,1034.07,4.86,0.4724,0.23,6269,79430,1030,15.99,16.49,0.9081,INR/kg,Dhan API v2 (Client 1112620458)
2026-06-10 19:00,2026-06-10,19,Copper,1033.34,1036.5,3.17,0.3066,-1.69,11417,79877,1030,16.41,16.91,0.926,INR/kg,Dhan API v2 (Client 1112620458)
2026-06-10 20:00,2026-06-10,20,Copper,1028.49,1033.08,4.59,0.4459,1.42,11917,78919,1030,16.12,16.62,0.9308,INR/kg,Dhan API v2 (Client 1112620458)
2026-06-10 21:00,2026-06-10,21,Copper,1032.6,1036.14,3.54,0.3427,-1.05,6073,79170,1030,16.04,16.54,0.9033,INR/kg,Dhan API v2 (Client 1112620458)
2026-06-10 22:00,2026-06-10,22,Copper,1037.76,1040.2,2.44,0.2351,-1.1,2413,79662,1040,15.74,16.24,0.8973,INR/kg,Dhan API v2 (Client 1112620458)
2026-06-10 23:00,2026-06-10,23,Copper,1039.44,1042.43,3.0,0.2883,0.56,2694,79092,1040,16.39,16.89,0.9235,INR/kg,Dhan API v2 (Client 1112620458)
2026-06-11 09:00,2026-06-11,9,Copper,1036.0,1038.46,2.46,0.2374,-0.54,6792,79824,1040,15.49,15.99,0.9054,INR/kg,Dhan API v2 (Client 1112620458)
2026-06-11 10:00,2026-06-11,10,Copper,1033.95,1038.06,4.11,0.3972,1.65,5156,78305,1030,15.84,16.34,0.9147,INR/kg,Dhan API v2 (Client 1112620458)
2026-06-11 11:00,2026-06-11,11,Copper,1038.4,1043.02,4.62,0.4451,0.51,4195,79735,1040,15.81,16.31,0.8903,INR/kg,Dhan API v2 (Client 1112620458)
2026-06-11 12:00,2026-06-11,12,Copper,1037.71,1041.56,3.85,0.3713,-0.77,12864,79446,1040,15.9,16.4,0.8872,INR/kg,Dhan API v2 (Client 1112620458)
2026-06-11 13:00,2026-06-11,13,Copper,1032.92,1037.21,4.29,0.4151,0.44,10451,79908,1030,17.01,17.51,0.9262,INR/kg,Dhan API v2 (Client 1112620458)
2026-06-11 14:00,2026-06-11,14,Copper,1030.14,1033.31,3.17,0.3075,-1.12,6013,79912,1030,16.14,16.64,0.8972,INR/kg,Dhan API v2 (Client 1112620458)
2026-06-11 15:00,2026-06-11,15,Copper,1033.6,1036.83,3.23,0.3124,0.06,9565,80996,1030,16.15,16.65,0.8899,INR/kg,Dhan API v2 (Client 1112620458)
2026-06-11 16:00,2026-06-11,16,Copper,1036.15,1039.9,3.75,0.362,0.52,7260,79450,1040,16.0,16.5,0.9016,INR/kg,Dhan API v2 (Client 1112620458)
2026-06-11 17:00,2026-06-11,17,Copper,1032.9,1036.97,4.07,0.3941,0.32,7219,78009,1030,15.9,16.4,0.8976,INR/kg,Dhan API v2 (Client 1112620458)
2026-06-11 18:00,2026-06-11,18,Copper,1033.04,1034.54,1.5,0.1449,-2.57,12836,80982,1030,16.39,16.89,0.896,INR/kg,Dhan API v2 (Client 1112620458)
2026-06-11 19:00,2026-06-11,19,Copper,1036.03,1041.33,5.3,0.5111,3.8,13448,79264,1040,15.67,16.17,0.9118,INR/kg,Dhan API v2 (Client 1112620458)
2026-06-11 20:00,2026-06-11,20,Copper,1035.98,1040.0,4.02,0.3881,-1.28,4419,80078,1040,15.93,16.43,0.915,INR/kg,Dhan API v2 (Client 1112620458)
2026-06-11 21:00,2026-06-11,21,Copper,1034.87,1037.11,2.24,0.2166,-1.78,10937,79844,1030,16.51,17.01,0.8928,INR/kg,Dhan API v2 (Client 1112620458)
2026-06-11 22:00,2026-06-11,22,Copper,1036.69,1040.24,3.55,0.3425,1.31,14538,79439,1040,16.15,16.65,0.9326,INR/kg,Dhan API v2 (Client 1112620458)
2026-06-11 23:00,2026-06-11,23,Copper,1033.66,1037.06,3.4,0.3289,-0.15,7181,80009,1030,15.92,16.42,0.8904,INR/kg,Dhan API v2 (Client 1112620458)
2026-06-12 09:00,2026-06-12,9,Copper,1029.68,1032.32,2.64,0.2562,-0.76,7781,79654,1030,15.95,16.45,0.8891,INR/kg,Dhan API v2 (Client 1112620458)
2026-06-12 10:00,2026-06-12,10,Copper,1023.2,1027.76,4.56,0.4459,1.92,4604,79399,1020,16.07,16.57,0.9176,INR/kg,Dhan API v2 (Client 1112620458)
2026-06-12 11:00,2026-06-12,11,Copper,1017.55,1021.9,4.35,0.4277,-0.21,3269,79491,1020,15.96,16.46,0.9254,INR/kg,Dhan API v2 (Client 1112620458)
2026-06-12 12:00,2026-06-12,12,Copper,1015.74,1018.43,2.7,0.2654,-1.65,9657,80131,1020,16.64,17.14,0.9344,INR/kg,Dhan API v2 (Client 1112620458)
2026-06-12 13:00,2026-06-12,13,Copper,1020.81,1024.94,4.12,0.4039,1.42,843,80678,1020,16.67,17.17,0.944,INR/kg,Dhan API v2 (Client 1112620458)
2026-06-12 14:00,2026-06-12,14,Copper,1020.34,1023.53,3.19,0.3128,-0.93,572,78235,1020,15.94,16.44,0.9054,INR/kg,Dhan API v2 (Client 1112620458)
2026-06-12 15:00,2026-06-12,15,Copper,1020.29,1023.17,2.88,0.2825,-0.31,14162,78459,1020,16.62,17.12,0.8854,INR/kg,Dhan API v2 (Client 1112620458)
2026-06-12 16:00,2026-06-12,16,Copper,1015.75,1019.85,4.1,0.4035,1.22,10341,79164,1020,16.2,16.7,0.9139,INR/kg,Dhan API v2 (Client 1112620458)
2026-06-12 17:00,2026-06-12,17,Copper,1012.14,1016.22,4.08,0.4034,-0.02,4217,80263,1010,16.11,16.61,0.9295,INR/kg,Dhan API v2 (Client 1112620458)
2026-06-12 18:00,2026-06-12,18,Copper,1009.62,1013.43,3.81,0.3771,-0.27,7119,79409,1010,16.01,16.51,0.9528,INR/kg,Dhan API v2 (Client 1112620458)
2026-06-12 19:00,2026-06-12,19,Copper,1006.8,1009.17,2.37,0.2351,-1.44,2870,77949,1010,16.81,17.31,0.8979,INR/kg,Dhan API v2 (Client 1112620458)
2026-06-12 20:00,2026-06-12,20,Copper,1003.15,1007.55,4.4,0.4385,2.03,12017,78874,1000,16.08,16.58,0.8828,INR/kg,Dhan API v2 (Client 1112620458)
2026-06-12 21:00,2026-06-12,21,Copper,1004.61,1009.92,5.31,0.5283,0.91,5680,78811,1000,16.22,16.72,0.9122,INR/kg,Dhan API v2 (Client 1112620458)
2026-06-12 22:00,2026-06-12,22,Copper,1003.67,1007.68,4.01,0.3996,-1.3,10539,79734,1000,16.11,16.61,0.9381,INR/kg,Dhan API v2 (Client 1112620458)
2026-06-12 23:00,2026-06-12,23,Copper,1005.09,1008.43,3.33,0.3316,-0.68,7890,78182,1010,16.23,16.73,0.9,INR/kg,Dhan API v2 (Client 1112620458)
2026-06-15 09:00,2026-06-15,9,Copper,1003.65,1005.51,1.85,0.1848,-1.48,6769,79742,1000,16.3,16.8,0.9327,INR/kg,Dhan API v2 (Client 1112620458)
2026-06-15 10:00,2026-06-15,10,Copper,1004.97,1009.63,4.65,0.463,2.8,5708,80313,1000,16.06,16.56,0.9266,INR/kg,Dhan API v2 (Client 1112620458)
2026-06-15 11:00,2026-06-15,11,Copper,1006.29,1010.27,3.98,0.3955,-0.67,7340,80484,1010,16.39,16.89,0.9367,INR/kg,Dhan API v2 (Client 1112620458)
2026-06-15 12:00,2026-06-15,12,Copper,1010.16,1013.04,2.88,0.2847,-1.1,10549,78665,1010,16.18,16.68,0.917,INR/kg,Dhan API v2 (Client 1112620458)
2026-06-15 13:00,2026-06-15,13,Copper,1006.89,1010.69,3.8,0.3776,0.92,7595,79474,1010,16.0,16.5,0.9078,INR/kg,Dhan API v2 (Client 1112620458)
2026-06-15 14:00,2026-06-15,14,Copper,1006.96,1009.79,2.83,0.2815,-0.97,9500,80038,1010,16.53,17.03,0.8783,INR/kg,Dhan API v2 (Client 1112620458)
2026-06-15 15:00,2026-06-15,15,Copper,1013.75,1017.86,4.11,0.4053,1.28,13837,78699,1010,16.27,16.77,0.9542,INR/kg,Dhan API v2 (Client 1112620458)
2026-06-15 16:00,2026-06-15,16,Copper,1009.26,1013.16,3.9,0.3867,-0.21,2386,78206,1010,16.5,17.0,0.9143,INR/kg,Dhan API v2 (Client 1112620458)
2026-06-15 17:00,2026-06-15,17,Copper,1011.2,1015.7,4.5,0.4449,0.6,5112,78523,1010,16.22,16.72,0.8762,INR/kg,Dhan API v2 (Client 1112620458)
2026-06-15 18:00,2026-06-15,18,Copper,1008.54,1011.02,2.48,0.2463,-2.02,8466,80014,1010,16.08,16.58,0.8931,INR/kg,Dhan API v2 (Client 1112620458)
2026-06-15 19:00,2026-06-15,19,Copper,1008.66,1012.77,4.11,0.4075,1.63,14213,79783,1010,16.12,16.62,0.8531,INR/kg,Dhan API v2 (Client 1112620458)
2026-06-15 20:00,2026-06-15,20,Copper,1008.51,1011.68,3.17,0.3148,-0.94,11162,80063,1010,16.19,16.69,0.9142,INR/kg,Dhan API v2 (Client 1112620458)
2026-06-15 21:00,2026-06-15,21,Copper,1010.14,1014.93,4.8,0.4748,1.63,14862,78408,1010,15.99,16.49,0.9455,INR/kg,Dhan API v2 (Client 1112620458)
2026-06-15 22:00,2026-06-15,22,Copper,1008.33,1013.41,5.08,0.5037,0.28,1700,78718,1010,16.41,16.91,0.8669,INR/kg,Dhan API v2 (Client 1112620458)
2026-06-15 23:00,2026-06-15,23,Copper,1009.33,1014.7,5.37,0.5318,0.29,2415,79897,1010,16.04,16.54,0.9214,INR/kg,Dhan API v2 (Client 1112620458)
2026-06-16 09:00,2026-06-16,9,Copper,1006.13,1009.09,2.96,0.2947,-2.41,13551,80035,1010,15.92,16.42,0.9492,INR/kg,Dhan API v2 (Client 1112620458)
2026-06-16 10:00,2026-06-16,10,Copper,1004.8,1008.38,3.58,0.3562,0.62,9536,80173,1000,15.53,16.03,0.9122,INR/kg,Dhan API v2 (Client 1112620458)
2026-06-16 11:00,2026-06-16,11,Copper,1001.2,1005.01,3.81,0.3801,0.23,648,78050,1000,16.47,16.97,0.8992,INR/kg,Dhan API v2 (Client 1112620458)
2026-06-16 12:00,2026-06-16,12,Copper,1002.34,1007.95,5.61,0.5601,1.8,8041,80288,1000,16.13,16.63,0.8965,INR/kg,Dhan API v2 (Client 1112620458)
2026-06-16 13:00,2026-06-16,13,Copper,1002.44,1005.2,2.75,0.2748,-2.86,9828,79824,1000,16.57,17.07,0.9092,INR/kg,Dhan API v2 (Client 1112620458)
2026-06-16 14:00,2026-06-16,14,Copper,1004.18,1007.41,3.23,0.3217,0.48,4776,79131,1000,16.07,16.57,0.9315,INR/kg,Dhan API v2 (Client 1112620458)
2026-06-16 15:00,2026-06-16,15,Copper,1002.17,1004.95,2.78,0.2771,-0.45,5310,78185,1000,16.31,16.81,0.9195,INR/kg,Dhan API v2 (Client 1112620458)
2026-06-16 16:00,2026-06-16,16,Copper,1003.85,1006.39,2.54,0.2529,-0.24,6941,78598,1000,15.98,16.48,0.9255,INR/kg,Dhan API v2 (Client 1112620458)
2026-06-16 17:00,2026-06-16,17,Copper,1005.63,1008.26,2.63,0.2611,0.09,7324,77949,1010,16.3,16.8,0.9338,INR/kg,Dhan API v2 (Client 1112620458)
2026-06-16 18:00,2026-06-16,18,Copper,1010.19,1013.04,2.85,0.2823,0.22,5753,78626,1010,16.23,16.73,0.899,INR/kg,Dhan API v2 (Client 1112620458)
2026-06-16 19:00,2026-06-16,19,Copper,1011.87,1015.23,3.35,0.3313,0.5,895,78142,1010,15.98,16.48,0.9169,INR/kg,Dhan API v2 (Client 1112620458)
2026-06-16 20:00,2026-06-16,20,Copper,1012.81,1015.7,2.89,0.2858,-0.46,8350,79758,1010,16.05,16.55,0.9268,INR/kg,Dhan API v2 (Client 1112620458)
2026-06-16 21:00,2026-06-16,21,Copper,1007.82,1011.82,4.01,0.3975,1.12,12431,78947,1010,16.42,16.92,0.9578,INR/kg,Dhan API v2 (Client 1112620458)
2026-06-16 22:00,2026-06-16,22,Copper,1007.08,1011.73,4.65,0.4622,0.64,5823,80379,1010,16.13,16.63,0.9099,INR/kg,Dhan API v2 (Client 1112620458)
2026-06-16 23:00,2026-06-16,23,Copper,1008.98,1011.69,2.72,0.2692,-1.93,12276,80578,1010,16.61,17.11,0.9169,INR/kg,Dhan API v2 (Client 1112620458)
2026-06-17 09:00,2026-06-17,9,Copper,1006.61,1009.26,2.65,0.2628,-0.07,14210,80403,1010,16.3,16.8,0.9129,INR/kg,Dhan API v2 (Client 1112620458)
2026-06-17 10:00,2026-06-17,10,Copper,1011.19,1014.47,3.29,0.3251,0.64,2524,79142,1010,16.05,16.55,0.9468,INR/kg,Dhan API v2 (Client 1112620458)
2026-06-17 11:00,2026-06-17,11,Copper,1012.69,1015.35,2.67,0.2634,-0.62,10539,78521,1010,16.14,16.64,0.9269,INR/kg,Dhan API v2 (Client 1112620458)
2026-06-17 12:00,2026-06-17,12,Copper,1013.07,1016.4,3.33,0.3284,0.66,504,79054,1010,16.16,16.66,0.9679,INR/kg,Dhan API v2 (Client 1112620458)
2026-06-17 13:00,2026-06-17,13,Copper,1012.96,1016.28,3.31,0.3269,-0.02,9821,79181,1010,16.21,16.71,0.9358,INR/kg,Dhan API v2 (Client 1112620458)
2026-06-17 14:00,2026-06-17,14,Copper,1015.88,1018.65,2.77,0.2727,-0.54,9370,79857,1020,15.92,16.42,0.9101,INR/kg,Dhan API v2 (Client 1112620458)
2026-06-17 15:00,2026-06-17,15,Copper,1013.63,1018.77,5.14,0.5069,2.37,11922,79080,1010,16.25,16.75,0.8877,INR/kg,Dhan API v2 (Client 1112620458)
2026-06-17 16:00,2026-06-17,16,Copper,1014.7,1017.46,2.75,0.2712,-2.39,8581,78748,1010,16.33,16.83,0.9217,INR/kg,Dhan API v2 (Client 1112620458)
2026-06-17 17:00,2026-06-17,17,Copper,1017.38,1019.71,2.33,0.2291,-0.42,8778,79303,1020,16.15,16.65,0.9135,INR/kg,Dhan API v2 (Client 1112620458)
2026-06-17 18:00,2026-06-17,18,Copper,1021.47,1024.57,3.1,0.3034,0.77,14295,78396,1020,16.37,16.87,0.9234,INR/kg,Dhan API v2 (Client 1112620458)
2026-06-17 19:00,2026-06-17,19,Copper,1016.69,1017.5,0.81,0.0801,-2.29,4715,78916,1020,15.98,16.48,0.9398,INR/kg,Dhan API v2 (Client 1112620458)
2026-06-17 20:00,2026-06-17,20,Copper,1017.21,1020.53,3.32,0.3261,2.51,3113,80732,1020,16.51,17.01,0.902,INR/kg,Dhan API v2 (Client 1112620458)
2026-06-17 21:00,2026-06-17,21,Copper,1021.86,1024.97,3.1,0.3038,-0.22,4256,79525,1020,16.73,17.23,0.9147,INR/kg,Dhan API v2 (Client 1112620458)
2026-06-17 22:00,2026-06-17,22,Copper,1021.71,1024.11,2.4,0.2345,-0.7,10131,81109,1020,16.02,16.52,0.9007,INR/kg,Dhan API v2 (Client 1112620458)
2026-06-17 23:00,2026-06-17,23,Copper,1023.78,1023.53,-0.26,-0.0251,-2.66,8632,80147,1020,16.2,16.7,0.9001,INR/kg,Dhan API v2 (Client 1112620458)
2026-06-18 09:00,2026-06-18,9,Copper,1022.72,1025.35,2.64,0.2577,2.9,14224,79545,1020,16.76,17.26,0.935,INR/kg,Dhan API v2 (Client 1112620458)
2026-06-18 10:00,2026-06-18,10,Copper,1024.26,1027.44,3.17,0.3099,0.53,13900,79259,1020,15.87,16.37,0.9335,INR/kg,Dhan API v2 (Client 1112620458)
2026-06-18 11:00,2026-06-18,11,Copper,1022.68,1025.17,2.49,0.2433,-0.68,5843,79047,1020,16.02,16.52,0.9251,INR/kg,Dhan API v2 (Client 1112620458)
2026-06-18 12:00,2026-06-18,12,Copper,1026.56,1030.19,3.63,0.3536,1.14,12198,78121,1030,15.86,16.36,0.9144,INR/kg,Dhan API v2 (Client 1112620458)
2026-06-18 13:00,2026-06-18,13,Copper,1025.66,1025.94,0.28,0.0271,-3.35,6081,78811,1030,16.32,16.82,0.9225,INR/kg,Dhan API v2 (Client 1112620458)
2026-06-18 14:00,2026-06-18,14,Copper,1019.25,1023.8,4.55,0.4465,4.27,3436,78579,1020,16.09,16.59,0.9336,INR/kg,Dhan API v2 (Client 1112620458)
2026-06-18 15:00,2026-06-18,15,Copper,1019.94,1022.98,3.04,0.2983,-1.51,12198,79253,1020,16.5,17.0,0.9325,INR/kg,Dhan API v2 (Client 1112620458)
2026-06-18 16:00,2026-06-18,16,Copper,1018.6,1021.34,2.74,0.269,-0.3,6306,78948,1020,15.86,16.36,0.8951,INR/kg,Dhan API v2 (Client 1112620458)
2026-06-18 17:00,2026-06-18,17,Copper,1022.18,1026.81,4.63,0.4531,1.89,723,80389,1020,16.43,16.93,0.8862,INR/kg,Dhan API v2 (Client 1112620458)
2026-06-18 18:00,2026-06-18,18,Copper,1025.28,1030.05,4.77,0.4653,0.14,1910,79206,1030,16.46,16.96,0.8903,INR/kg,Dhan API v2 (Client 1112620458)
2026-06-18 19:00,2026-06-18,19,Copper,1026.69,1027.85,1.16,0.1131,-3.61,10901,78939,1030,16.28,16.78,0.8918,INR/kg,Dhan API v2 (Client 1112620458)
2026-06-18 20:00,2026-06-18,20,Copper,1031.25,1036.0,4.75,0.4608,3.59,9442,80116,1030,16.37,16.87,0.9068,INR/kg,Dhan API v2 (Client 1112620458)
2026-06-18 21:00,2026-06-18,21,Copper,1027.64,1030.66,3.03,0.2948,-1.72,6010,79315,1030,16.2,16.7,0.9391,INR/kg,Dhan API v2 (Client 1112620458)
2026-06-18 22:00,2026-06-18,22,Copper,1027.33,1030.39,3.06,0.2977,0.03,14550,79799,1030,16.31,16.81,0.9316,INR/kg,Dhan API v2 (Client 1112620458)
2026-06-18 23:00,2026-06-18,23,Copper,1030.57,1036.3,5.73,0.5563,2.67,4054,80070,1030,16.05,16.55,0.9163,INR/kg,Dhan API v2 (Client 1112620458)
2026-06-19 09:00,2026-06-19,9,Copper,1034.57,1035.93,1.36,0.1316,-4.37,13458,80454,1030,16.17,16.67,0.9225,INR/kg,Dhan API v2 (Client 1112620458)
2026-06-19 10:00,2026-06-19,10,Copper,1040.27,1043.61,3.34,0.3212,1.98,14903,79939,1040,16.55,17.05,0.9226,INR/kg,Dhan API v2 (Client 1112620458)
2026-06-19 11:00,2026-06-19,11,Copper,1037.8,1039.4,1.59,0.1536,-1.75,10783,80773,1040,16.16,16.66,0.8945,INR/kg,Dhan API v2 (Client 1112620458)
2026-06-19 12:00,2026-06-19,12,Copper,1033.21,1036.88,3.67,0.3553,2.08,2570,79352,1030,15.7,16.2,0.8983,INR/kg,Dhan API v2 (Client 1112620458)
2026-06-19 13:00,2026-06-19,13,Copper,1031.92,1036.18,4.26,0.4126,0.59,6589,79698,1030,15.93,16.43,0.9357,INR/kg,Dhan API v2 (Client 1112620458)
2026-06-19 14:00,2026-06-19,14,Copper,1036.6,1038.94,2.35,0.2263,-1.91,11576,78541,1040,15.96,16.46,0.9161,INR/kg,Dhan API v2 (Client 1112620458)
2026-06-19 15:00,2026-06-19,15,Copper,1032.51,1035.93,3.43,0.3319,1.08,2999,79276,1030,16.32,16.82,0.9478,INR/kg,Dhan API v2 (Client 1112620458)
2026-06-19 16:00,2026-06-19,16,Copper,1029.72,1031.9,2.18,0.2121,-1.25,13510,81025,1030,16.2,16.7,0.9158,INR/kg,Dhan API v2 (Client 1112620458)
2026-06-19 17:00,2026-06-19,17,Copper,1030.89,1033.62,2.73,0.265,0.55,6196,81047,1030,15.63,16.13,0.9203,INR/kg,Dhan API v2 (Client 1112620458)
2026-06-19 18:00,2026-06-19,18,Copper,1030.46,1034.32,3.86,0.3741,1.13,6758,78678,1030,16.05,16.55,0.9412,INR/kg,Dhan API v2 (Client 1112620458)
2026-06-19 19:00,2026-06-19,19,Copper,1037.61,1041.83,4.22,0.4069,0.36,1379,78891,1040,16.43,16.93,0.904,INR/kg,Dhan API v2 (Client 1112620458)
2026-06-19 20:00,2026-06-19,20,Copper,1033.71,1038.91,5.21,0.5035,0.99,6744,79374,1030,16.54,17.04,0.9014,INR/kg,Dhan API v2 (Client 1112620458)
2026-06-19 21:00,2026-06-19,21,Copper,1032.03,1034.94,2.91,0.2817,-2.3,12668,80891,1030,16.19,16.69,0.9357,INR/kg,Dhan API v2 (Client 1112620458)
2026-06-19 22:00,2026-06-19,22,Copper,1028.37,1031.75,3.38,0.3284,0.47,12894,80730,1030,16.48,16.98,0.9282,INR/kg,Dhan API v2 (Client 1112620458)
2026-06-19 23:00,2026-06-19,23,Copper,1028.11,1031.15,3.04,0.2959,-0.34,8293,79087,1030,16.2,16.7,0.9373,INR/kg,Dhan API v2 (Client 1112620458)
2026-06-22 09:00,2026-06-22,9,Copper,1026.84,1030.65,3.8,0.3705,0.76,8703,79311,1030,16.59,17.09,0.9277,INR/kg,Dhan API v2 (Client 1112620458)
2026-06-22 10:00,2026-06-22,10,Copper,1025.02,1029.68,4.66,0.4543,0.86,6109,78927,1030,16.51,17.01,0.8968,INR/kg,Dhan API v2 (Client 1112620458)
2026-06-22 11:00,2026-06-22,11,Copper,1032.15,1033.67,1.52,0.1469,-3.14,7416,78315,1030,16.19,16.69,0.9179,INR/kg,Dhan API v2 (Client 1112620458)
2026-06-22 12:00,2026-06-22,12,Copper,1027.75,1029.72,1.97,0.192,0.45,14148,80058,1030,15.99,16.49,0.9026,INR/kg,Dhan API v2 (Client 1112620458)
2026-06-22 13:00,2026-06-22,13,Copper,1023.18,1024.09,0.91,0.0886,-1.06,14173,77920,1020,16.28,16.78,0.9077,INR/kg,Dhan API v2 (Client 1112620458)
2026-06-22 14:00,2026-06-22,14,Copper,1025.58,1028.18,2.61,0.2541,1.7,9151,80559,1030,16.67,17.17,0.9275,INR/kg,Dhan API v2 (Client 1112620458)
2026-06-22 15:00,2026-06-22,15,Copper,1024.8,1028.42,3.62,0.3534,1.01,14360,80596,1020,16.09,16.59,0.9345,INR/kg,Dhan API v2 (Client 1112620458)
2026-06-22 16:00,2026-06-22,16,Copper,1021.27,1023.45,2.19,0.2143,-1.43,8755,80584,1020,15.8,16.3,0.9062,INR/kg,Dhan API v2 (Client 1112620458)
2026-06-22 17:00,2026-06-22,17,Copper,1020.64,1023.35,2.71,0.2657,0.52,11010,79888,1020,16.52,17.02,0.9122,INR/kg,Dhan API v2 (Client 1112620458)
2026-06-22 18:00,2026-06-22,18,Copper,1020.99,1022.53,1.54,0.1504,-1.17,13193,79193,1020,16.65,17.15,0.9495,INR/kg,Dhan API v2 (Client 1112620458)
2026-06-22 19:00,2026-06-22,19,Copper,1016.05,1017.44,1.39,0.1367,-0.15,5749,81497,1020,16.47,16.97,0.9191,INR/kg,Dhan API v2 (Client 1112620458)
2026-06-22 20:00,2026-06-22,20,Copper,1020.49,1025.0,4.51,0.4422,3.12,11961,77886,1020,16.31,16.81,0.9108,INR/kg,Dhan API v2 (Client 1112620458)
2026-06-22 21:00,2026-06-22,21,Copper,1019.55,1022.76,3.21,0.3147,-1.3,14470,79613,1020,16.43,16.93,0.9033,INR/kg,Dhan API v2 (Client 1112620458)
2026-06-22 22:00,2026-06-22,22,Copper,1019.8,1021.45,1.65,0.1618,-1.56,9971,79648,1020,16.49,16.99,0.9207,INR/kg,Dhan API v2 (Client 1112620458)
2026-06-22 23:00,2026-06-22,23,Copper,1023.69,1026.57,2.88,0.2813,1.23,1759,79232,1020,15.85,16.35,0.9454,INR/kg,Dhan API v2 (Client 1112620458)
2026-06-23 09:00,2026-06-23,9,Copper,1030.14,1031.45,1.31,0.1274,-1.57,2946,78297,1030,16.16,16.66,0.898,INR/kg,Dhan API v2 (Client 1112620458)
2026-06-23 10:00,2026-06-23,10,Copper,1031.09,1032.54,1.45,0.1405,0.14,5584,79084,1030,16.3,16.8,0.9278,INR/kg,Dhan API v2 (Client 1112620458)
2026-06-23 11:00,2026-06-23,11,Copper,1030.22,1033.48,3.26,0.3165,1.81,7260,79937,1030,16.66,17.16,0.9053,INR/kg,Dhan API v2 (Client 1112620458)
2026-06-23 12:00,2026-06-23,12,Copper,1031.76,1034.72,2.96,0.2869,-0.3,2219,79328,1030,15.77,16.27,0.9141,INR/kg,Dhan API v2 (Client 1112620458)
2026-06-23 13:00,2026-06-23,13,Copper,1035.6,1036.82,1.22,0.1176,-1.74,12095,79139,1040,16.08,16.58,0.9109,INR/kg,Dhan API v2 (Client 1112620458)
2026-06-23 14:00,2026-06-23,14,Copper,1032.89,1037.16,4.27,0.4134,3.05,8894,80195,1030,16.18,16.68,0.9034,INR/kg,Dhan API v2 (Client 1112620458)
2026-06-23 15:00,2026-06-23,15,Copper,1031.72,1034.54,2.82,0.273,-1.45,9687,80535,1030,16.14,16.64,0.9422,INR/kg,Dhan API v2 (Client 1112620458)
2026-06-23 16:00,2026-06-23,16,Copper,1030.15,1034.44,4.29,0.4165,1.47,3391,79751,1030,16.07,16.57,0.9399,INR/kg,Dhan API v2 (Client 1112620458)
2026-06-23 17:00,2026-06-23,17,Copper,1029.37,1032.73,3.36,0.3265,-0.93,5098,79240,1030,16.2,16.7,0.9072,INR/kg,Dhan API v2 (Client 1112620458)
2026-06-23 18:00,2026-06-23,18,Copper,1028.18,1030.34,2.17,0.2107,-1.19,1500,79635,1030,16.48,16.98,0.9132,INR/kg,Dhan API v2 (Client 1112620458)
2026-06-23 19:00,2026-06-23,19,Copper,1029.59,1032.78,3.19,0.3096,1.02,6256,77638,1030,15.92,16.42,0.9228,INR/kg,Dhan API v2 (Client 1112620458)
2026-06-23 20:00,2026-06-23,20,Copper,1025.57,1027.48,1.91,0.1861,-1.28,12138,78843,1030,16.13,16.63,0.9075,INR/kg,Dhan API v2 (Client 1112620458)
2026-06-23 21:00,2026-06-23,21,Copper,1021.33,1022.29,0.96,0.0943,-0.95,9686,82704,1020,16.16,16.66,0.9334,INR/kg,Dhan API v2 (Client 1112620458)
2026-06-23 22:00,2026-06-23,22,Copper,1021.05,1023.25,2.2,0.2158,1.24,10662,79822,1020,16.36,16.86,0.9156,INR/kg,Dhan API v2 (Client 1112620458)
2026-06-23 23:00,2026-06-23,23,Copper,1019.86,1022.1,2.24,0.2193,0.04,9825,78894,1020,15.99,16.49,0.9452,INR/kg,Dhan API v2 (Client 1112620458)
2026-06-24 09:00,2026-06-24,9,Copper,1025.42,1026.94,1.51,0.1477,-0.73,11997,79233,1030,15.63,16.13,0.9287,INR/kg,Dhan API v2 (Client 1112620458)
2026-06-24 10:00,2026-06-24,10,Copper,1025.51,1026.04,0.53,0.0519,-0.98,8521,78604,1030,15.99,16.49,0.9177,INR/kg,Dhan API v2 (Client 1112620458)
2026-06-24 11:00,2026-06-24,11,Copper,1027.24,1028.58,1.34,0.1302,0.81,8984,78830,1030,16.25,16.75,0.9651,INR/kg,Dhan API v2 (Client 1112620458)
2026-06-24 12:00,2026-06-24,12,Copper,1027.62,1028.74,1.12,0.1088,-0.22,5654,79163,1030,15.9,16.4,0.9294,INR/kg,Dhan API v2 (Client 1112620458)
2026-06-24 13:00,2026-06-24,13,Copper,1029.53,1032.43,2.91,0.2824,1.79,9695,78406,1030,16.56,17.06,0.9544,INR/kg,Dhan API v2 (Client 1112620458)
2026-06-24 14:00,2026-06-24,14,Copper,1029.08,1032.46,3.38,0.3281,0.47,2615,79289,1030,16.34,16.84,0.9392,INR/kg,Dhan API v2 (Client 1112620458)
2026-06-24 15:00,2026-06-24,15,Copper,1024.37,1026.22,1.85,0.1806,-1.53,10139,80995,1020,16.48,16.98,0.923,INR/kg,Dhan API v2 (Client 1112620458)
2026-06-24 16:00,2026-06-24,16,Copper,1026.1,1028.33,2.23,0.217,0.38,7030,79439,1030,15.78,16.28,0.8956,INR/kg,Dhan API v2 (Client 1112620458)
2026-06-24 17:00,2026-06-24,17,Copper,1025.76,1026.01,0.25,0.0248,-1.98,6416,79525,1030,16.57,17.07,0.9175,INR/kg,Dhan API v2 (Client 1112620458)
2026-06-24 18:00,2026-06-24,18,Copper,1027.35,1030.45,3.1,0.3018,2.85,12915,79414,1030,16.08,16.58,0.8862,INR/kg,Dhan API v2 (Client 1112620458)
2026-06-24 19:00,2026-06-24,19,Copper,1032.05,1033.95,1.89,0.1834,-1.21,5615,77262,1030,16.26,16.76,0.9203,INR/kg,Dhan API v2 (Client 1112620458)
2026-06-24 20:00,2026-06-24,20,Copper,1034.29,1035.66,1.36,0.1318,-0.53,9605,79128,1030,16.82,17.32,0.9205,INR/kg,Dhan API v2 (Client 1112620458)
2026-06-24 21:00,2026-06-24,21,Copper,1034.31,1037.45,3.13,0.3029,1.77,7975,78818,1030,16.44,16.94,0.9001,INR/kg,Dhan API v2 (Client 1112620458)
2026-06-24 22:00,2026-06-24,22,Copper,1034.42,1039.21,4.78,0.4626,1.65,3852,80217,1030,16.4,16.9,0.9537,INR/kg,Dhan API v2 (Client 1112620458)
2026-06-24 23:00,2026-06-24,23,Copper,1028.89,1031.66,2.78,0.2701,-2.0,7645,80873,1030,16.69,17.19,0.9435,INR/kg,Dhan API v2 (Client 1112620458)
2026-06-25 09:00,2026-06-25,9,Copper,1036.39,1037.84,1.46,0.1405,-1.32,14643,79556,1040,16.25,16.75,0.9163,INR/kg,Dhan API v2 (Client 1112620458)
2026-06-25 10:00,2026-06-25,10,Copper,1032.1,1036.46,4.37,0.4232,2.91,8296,79869,1030,16.41,16.91,0.9221,INR/kg,Dhan API v2 (Client 1112620458)
2026-06-25 11:00,2026-06-25,11,Copper,1030.81,1034.6,3.79,0.3681,-0.58,9379,79644,1030,15.33,15.83,0.9269,INR/kg,Dhan API v2 (Client 1112620458)
2026-06-25 12:00,2026-06-25,12,Copper,1028.91,1032.51,3.6,0.3502,-0.19,1180,79739,1030,16.61,17.11,0.8821,INR/kg,Dhan API v2 (Client 1112620458)
2026-06-25 13:00,2026-06-25,13,Copper,1030.2,1032.65,2.45,0.2376,-1.15,6138,78549,1030,16.46,16.96,0.9197,INR/kg,Dhan API v2 (Client 1112620458)
2026-06-25 14:00,2026-06-25,14,Copper,1031.57,1034.46,2.9,0.2807,0.45,7314,79936,1030,16.28,16.78,0.9221,INR/kg,Dhan API v2 (Client 1112620458)
2026-06-25 15:00,2026-06-25,15,Copper,1030.57,1033.26,2.69,0.2611,-0.21,13728,79114,1030,16.29,16.79,0.9264,INR/kg,Dhan API v2 (Client 1112620458)
2026-06-25 16:00,2026-06-25,16,Copper,1032.92,1034.27,1.35,0.1307,-1.34,3017,79389,1030,15.72,16.22,0.9595,INR/kg,Dhan API v2 (Client 1112620458)
2026-06-25 17:00,2026-06-25,17,Copper,1032.2,1034.95,2.75,0.266,1.4,2507,78478,1030,16.16,16.66,0.9371,INR/kg,Dhan API v2 (Client 1112620458)
2026-06-25 18:00,2026-06-25,18,Copper,1034.17,1036.72,2.55,0.2464,-0.2,10075,80733,1030,15.94,16.44,0.9183,INR/kg,Dhan API v2 (Client 1112620458)
2026-06-25 19:00,2026-06-25,19,Copper,1040.51,1043.95,3.44,0.3309,0.89,1963,79849,1040,15.87,16.37,0.9163,INR/kg,Dhan API v2 (Client 1112620458)
2026-06-25 20:00,2026-06-25,20,Copper,1038.28,1041.52,3.24,0.3119,-0.2,13939,79986,1040,16.4,16.9,0.9062,INR/kg,Dhan API v2 (Client 1112620458)
2026-06-25 21:00,2026-06-25,21,Copper,1040.35,1043.93,3.57,0.3436,0.33,9472,78965,1040,16.29,16.79,0.923,INR/kg,Dhan API v2 (Client 1112620458)
2026-06-25 22:00,2026-06-25,22,Copper,1039.65,1040.58,0.92,0.0887,-2.65,3025,79500,1040,15.81,16.31,0.936,INR/kg,Dhan API v2 (Client 1112620458)
2026-06-25 23:00,2026-06-25,23,Copper,1035.38,1037.17,1.79,0.1729,0.87,13870,79421,1040,16.44,16.94,0.9044,INR/kg,Dhan API v2 (Client 1112620458)
2026-06-26 09:00,2026-06-26,9,Copper,1033.0,1037.21,4.2,0.4067,2.41,1233,81325,1030,16.35,16.85,0.9395,INR/kg,Dhan API v2 (Client 1112620458)
2026-06-26 10:00,2026-06-26,10,Copper,1031.73,1034.59,2.86,0.2773,-1.34,9391,77862,1030,16.51,17.01,0.9131,INR/kg,Dhan API v2 (Client 1112620458)
2026-06-26 11:00,2026-06-26,11,Copper,1032.17,1033.31,1.14,0.1107,-1.72,9481,79143,1030,16.27,16.77,0.9252,INR/kg,Dhan API v2 (Client 1112620458)
2026-06-26 12:00,2026-06-26,12,Copper,1028.63,1032.15,3.52,0.3421,2.38,7292,80716,1030,16.42,16.92,0.9361,INR/kg,Dhan API v2 (Client 1112620458)
2026-06-26 13:00,2026-06-26,13,Copper,1022.31,1024.56,2.25,0.2203,-1.27,5268,77325,1020,15.91,16.41,0.9102,INR/kg,Dhan API v2 (Client 1112620458)
2026-06-26 14:00,2026-06-26,14,Copper,1022.02,1024.81,2.79,0.2734,0.54,9921,80306,1020,16.03,16.53,0.9045,INR/kg,Dhan API v2 (Client 1112620458)
2026-06-26 15:00,2026-06-26,15,Copper,1024.98,1028.35,3.37,0.3289,0.58,12799,77781,1020,15.73,16.23,0.9254,INR/kg,Dhan API v2 (Client 1112620458)
2026-06-26 16:00,2026-06-26,16,Copper,1025.6,1026.4,0.8,0.0776,-2.57,2340,79483,1030,16.12,16.62,0.8865,INR/kg,Dhan API v2 (Client 1112620458)
2026-06-26 17:00,2026-06-26,17,Copper,1027.41,1028.63,1.22,0.1188,0.42,11469,80172,1030,16.61,17.11,0.9406,INR/kg,Dhan API v2 (Client 1112620458)
2026-06-26 18:00,2026-06-26,18,Copper,1029.31,1030.91,1.6,0.1551,0.38,5107,79724,1030,16.47,16.97,0.9192,INR/kg,Dhan API v2 (Client 1112620458)
2026-06-26 19:00,2026-06-26,19,Copper,1030.59,1032.0,1.41,0.137,-0.19,14419,80715,1030,15.76,16.26,0.9412,INR/kg,Dhan API v2 (Client 1112620458)
2026-06-26 20:00,2026-06-26,20,Copper,1027.55,1030.2,2.66,0.2584,1.25,2564,79255,1030,15.76,16.26,0.9145,INR/kg,Dhan API v2 (Client 1112620458)
2026-06-26 21:00,2026-06-26,21,Copper,1030.69,1032.29,1.6,0.1553,-1.06,5618,80974,1030,15.83,16.33,0.9124,INR/kg,Dhan API v2 (Client 1112620458)
2026-06-26 22:00,2026-06-26,22,Copper,1027.75,1029.14,1.39,0.1354,-0.21,5657,80875,1030,16.25,16.75,0.9283,INR/kg,Dhan API v2 (Client 1112620458)
2026-06-26 23:00,2026-06-26,23,Copper,1029.9,1033.91,4.01,0.3894,2.62,14626,80320,1030,16.38,16.88,0.9131,INR/kg,Dhan API v2 (Client 1112620458)
2026-06-29 09:00,2026-06-29,9,Copper,1031.66,1034.68,3.02,0.2931,-0.99,4470,78843,1030,16.11,16.61,0.9132,INR/kg,Dhan API v2 (Client 1112620458)
2026-06-29 10:00,2026-06-29,10,Copper,1030.08,1033.12,3.04,0.2948,0.02,12877,80153,1030,15.89,16.39,0.9522,INR/kg,Dhan API v2 (Client 1112620458)
2026-06-29 11:00,2026-06-29,11,Copper,1031.36,1032.24,0.88,0.0853,-2.16,13315,79858,1030,15.97,16.47,0.91,INR/kg,Dhan API v2 (Client 1112620458)
2026-06-29 12:00,2026-06-29,12,Copper,1032.16,1034.66,2.5,0.2421,1.62,1712,78666,1030,16.44,16.94,0.9319,INR/kg,Dhan API v2 (Client 1112620458)
2026-06-29 13:00,2026-06-29,13,Copper,1033.53,1035.51,1.98,0.1911,-0.52,4840,79758,1030,16.37,16.87,0.8954,INR/kg,Dhan API v2 (Client 1112620458)
2026-06-29 14:00,2026-06-29,14,Copper,1035.21,1036.81,1.6,0.1542,-0.38,13577,80157,1040,16.5,17.0,0.9345,INR/kg,Dhan API v2 (Client 1112620458)
2026-06-29 15:00,2026-06-29,15,Copper,1039.87,1041.97,2.09,0.2011,0.49,14973,79793,1040,15.89,16.39,0.9316,INR/kg,Dhan API v2 (Client 1112620458)
2026-06-29 16:00,2026-06-29,16,Copper,1042.08,1043.81,1.73,0.1662,-0.36,12552,81476,1040,16.25,16.75,0.9491,INR/kg,Dhan API v2 (Client 1112620458)
2026-06-29 17:00,2026-06-29,17,Copper,1043.2,1044.99,1.79,0.1713,0.06,12337,78723,1040,15.8,16.3,0.9497,INR/kg,Dhan API v2 (Client 1112620458)
2026-06-29 18:00,2026-06-29,18,Copper,1043.0,1045.37,2.37,0.2277,0.58,6716,78898,1040,15.77,16.27,0.8866,INR/kg,Dhan API v2 (Client 1112620458)
2026-06-29 19:00,2026-06-29,19,Copper,1045.44,1048.31,2.87,0.2741,0.5,11213,79376,1050,16.52,17.02,0.9119,INR/kg,Dhan API v2 (Client 1112620458)
2026-06-29 20:00,2026-06-29,20,Copper,1039.91,1041.52,1.61,0.1549,-1.26,10288,79299,1040,16.74,17.24,0.9427,INR/kg,Dhan API v2 (Client 1112620458)
2026-06-29 21:00,2026-06-29,21,Copper,1043.09,1043.89,0.8,0.0765,-0.81,2697,78350,1040,16.37,16.87,0.9409,INR/kg,Dhan API v2 (Client 1112620458)
2026-06-29 22:00,2026-06-29,22,Copper,1038.39,1040.6,2.21,0.2126,1.41,2591,79362,1040,15.97,16.47,0.9075,INR/kg,Dhan API v2 (Client 1112620458)
2026-06-29 23:00,2026-06-29,23,Copper,1037.41,1039.27,1.85,0.1785,-0.36,14143,78739,1040,16.18,16.68,0.9151,INR/kg,Dhan API v2 (Client 1112620458)
2026-06-30 09:00,2026-06-30,9,Copper,1037.26,1038.35,1.1,0.1059,-0.75,3951,80618,1040,16.03,16.53,0.9047,INR/kg,Dhan API v2 (Client 1112620458)
2026-06-30 10:00,2026-06-30,10,Copper,1036.49,1036.7,0.22,0.0209,-0.88,4730,80897,1040,16.38,16.88,0.8775,INR/kg,Dhan API v2 (Client 1112620458)
2026-06-30 11:00,2026-06-30,11,Copper,1032.44,1036.57,4.13,0.3997,3.91,10384,78825,1030,15.99,16.49,0.9279,INR/kg,Dhan API v2 (Client 1112620458)
2026-06-30 12:00,2026-06-30,12,Copper,1025.15,1028.42,3.27,0.3185,-0.86,6887,80558,1030,16.79,17.29,0.917,INR/kg,Dhan API v2 (Client 1112620458)
2026-06-30 13:00,2026-06-30,13,Copper,1019.84,1020.93,1.09,0.1067,-2.18,14745,78339,1020,16.23,16.73,0.8966,INR/kg,Dhan API v2 (Client 1112620458)
2026-06-30 14:00,2026-06-30,14,Copper,1022.1,1023.68,1.58,0.1551,0.49,6350,78298,1020,16.31,16.81,0.8923,INR/kg,Dhan API v2 (Client 1112620458)
2026-06-30 15:00,2026-06-30,15,Copper,1026.09,1026.19,0.1,0.0098,-1.48,3759,78376,1030,16.5,17.0,0.9088,INR/kg,Dhan API v2 (Client 1112620458)
2026-06-30 16:00,2026-06-30,16,Copper,1027.53,1031.42,3.89,0.3788,3.79,5827,79713,1030,16.11,16.61,0.9343,INR/kg,Dhan API v2 (Client 1112620458)
2026-06-30 17:00,2026-06-30,17,Copper,1034.33,1034.92,0.59,0.0573,-3.3,3167,77388,1030,16.04,16.54,0.9012,INR/kg,Dhan API v2 (Client 1112620458)
2026-06-30 18:00,2026-06-30,18,Copper,1034.09,1034.79,0.7,0.0674,0.11,14978,81178,1030,16.22,16.72,0.9186,INR/kg,Dhan API v2 (Client 1112620458)
2026-06-30 19:00,2026-06-30,19,Copper,1031.97,1035.19,3.23,0.3127,2.53,11088,78703,1030,15.71,16.21,0.8832,INR/kg,Dhan API v2 (Client 1112620458)
2026-06-30 20:00,2026-06-30,20,Copper,1028.93,1031.38,2.45,0.2384,-0.78,8609,79693,1030,16.19,16.69,0.8885,INR/kg,Dhan API v2 (Client 1112620458)
2026-06-30 21:00,2026-06-30,21,Copper,1026.69,1027.91,1.22,0.1187,-1.23,9862,80257,1030,16.55,17.05,0.9255,INR/kg,Dhan API v2 (Client 1112620458)
2026-06-30 22:00,2026-06-30,22,Copper,1028.66,1030.9,2.24,0.2178,1.02,2932,78000,1030,16.55,17.05,0.9064,INR/kg,Dhan API v2 (Client 1112620458)
2026-06-30 23:00,2026-06-30,23,Copper,1022.03,1024.24,2.21,0.216,-0.03,5731,78065,1020,15.93,16.43,0.9474,INR/kg,Dhan API v2 (Client 1112620458)
2026-07-01 09:00,2026-07-01,9,Copper,1025.06,1026.03,0.98,0.0953,-1.23,6994,80644,1030,16.5,17.0,0.9425,INR/kg,Dhan API v2 (Client 1112620458)
2026-07-01 10:00,2026-07-01,10,Copper,1022.99,1026.16,3.17,0.3103,2.19,6365,79448,1020,16.71,17.21,0.9168,INR/kg,Dhan API v2 (Client 1112620458)
2026-07-01 11:00,2026-07-01,11,Copper,1016.82,1016.38,-0.45,-0.0442,-3.62,11390,80521,1020,16.66,17.16,0.9202,INR/kg,Dhan API v2 (Client 1112620458)
2026-07-01 12:00,2026-07-01,12,Copper,1018.34,1019.09,0.75,0.0739,1.2,5567,79073,1020,15.47,15.97,0.9424,INR/kg,Dhan API v2 (Client 1112620458)
2026-07-01 13:00,2026-07-01,13,Copper,1013.66,1016.45,2.79,0.2751,2.04,6300,79618,1010,16.56,17.06,0.9502,INR/kg,Dhan API v2 (Client 1112620458)
2026-07-01 14:00,2026-07-01,14,Copper,1014.29,1013.02,-1.27,-0.125,-4.06,7611,79258,1010,16.26,16.76,0.9293,INR/kg,Dhan API v2 (Client 1112620458)
2026-07-01 15:00,2026-07-01,15,Copper,1013.69,1013.26,-0.43,-0.0429,0.84,13832,78918,1010,15.83,16.33,0.9327,INR/kg,Dhan API v2 (Client 1112620458)
2026-07-01 16:00,2026-07-01,16,Copper,1014.91,1016.72,1.81,0.1787,2.24,6730,81043,1010,15.92,16.42,0.9077,INR/kg,Dhan API v2 (Client 1112620458)
2026-07-01 17:00,2026-07-01,17,Copper,1017.29,1019.02,1.72,0.1693,-0.09,5152,80234,1020,16.23,16.73,0.9179,INR/kg,Dhan API v2 (Client 1112620458)
2026-07-01 18:00,2026-07-01,18,Copper,1019.98,1022.08,2.1,0.2057,0.38,9103,79739,1020,16.2,16.7,0.9098,INR/kg,Dhan API v2 (Client 1112620458)
2026-07-01 19:00,2026-07-01,19,Copper,1015.56,1015.34,-0.22,-0.0213,-2.32,11465,79605,1020,15.68,16.18,0.8775,INR/kg,Dhan API v2 (Client 1112620458)
2026-07-01 20:00,2026-07-01,20,Copper,1016.38,1021.16,4.78,0.4703,5.0,8580,80645,1020,15.57,16.07,0.9338,INR/kg,Dhan API v2 (Client 1112620458)
2026-07-01 21:00,2026-07-01,21,Copper,1018.26,1018.04,-0.22,-0.0213,-5.0,6203,77558,1020,16.08,16.58,0.9183,INR/kg,Dhan API v2 (Client 1112620458)
2026-07-01 22:00,2026-07-01,22,Copper,1013.9,1015.49,1.59,0.1572,1.81,11876,79203,1010,16.43,16.93,0.908,INR/kg,Dhan API v2 (Client 1112620458)
2026-07-01 23:00,2026-07-01,23,Copper,1010.87,1013.59,2.72,0.2694,1.13,878,79824,1010,15.99,16.49,0.9265,INR/kg,Dhan API v2 (Client 1112620458)
2026-07-02 09:00,2026-07-02,9,Copper,1011.23,1013.61,2.38,0.2351,-0.34,6540,78050,1010,16.1,16.6,0.904,INR/kg,Dhan API v2 (Client 1112620458)
2026-07-02 10:00,2026-07-02,10,Copper,1009.9,1013.72,3.82,0.3781,1.44,2271,79088,1010,16.36,16.86,0.9102,INR/kg,Dhan API v2 (Client 1112620458)
2026-07-02 11:00,2026-07-02,11,Copper,1015.2,1014.96,-0.24,-0.0239,-4.06,11966,79608,1020,16.58,17.08,0.9169,INR/kg,Dhan API v2 (Client 1112620458)
2026-07-02 12:00,2026-07-02,12,Copper,1014.42,1015.59,1.17,0.1156,1.41,13509,80116,1010,16.31,16.81,0.9425,INR/kg,Dhan API v2 (Client 1112620458)
2026-07-02 13:00,2026-07-02,13,Copper,1014.46,1016.23,1.76,0.1739,0.59,3801,79203,1010,16.31,16.81,0.9171,INR/kg,Dhan API v2 (Client 1112620458)
2026-07-02 14:00,2026-07-02,14,Copper,1013.13,1014.59,1.47,0.1449,-0.29,2436,79319,1010,16.69,17.19,0.9447,INR/kg,Dhan API v2 (Client 1112620458)
2026-07-02 15:00,2026-07-02,15,Copper,1012.9,1013.62,0.72,0.0709,-0.75,12587,79136,1010,16.12,16.62,0.9086,INR/kg,Dhan API v2 (Client 1112620458)
2026-07-02 16:00,2026-07-02,16,Copper,1017.18,1018.73,1.55,0.1521,0.83,9290,77850,1020,15.9,16.4,0.908,INR/kg,Dhan API v2 (Client 1112620458)
2026-07-02 17:00,2026-07-02,17,Copper,1018.26,1021.13,2.87,0.2815,1.32,4098,80039,1020,16.44,16.94,0.8934,INR/kg,Dhan API v2 (Client 1112620458)
2026-07-02 18:00,2026-07-02,18,Copper,1019.42,1022.0,2.58,0.2529,-0.29,7970,79739,1020,15.85,16.35,0.8978,INR/kg,Dhan API v2 (Client 1112620458)
2026-07-02 19:00,2026-07-02,19,Copper,1020.64,1022.64,2.0,0.1957,-0.58,5752,80389,1020,16.44,16.94,0.9515,INR/kg,Dhan API v2 (Client 1112620458)
2026-07-02 20:00,2026-07-02,20,Copper,1018.26,1020.23,1.97,0.1938,-0.03,6006,80439,1020,15.55,16.05,0.9246,INR/kg,Dhan API v2 (Client 1112620458)
2026-07-02 21:00,2026-07-02,21,Copper,1016.13,1017.11,0.97,0.0957,-1.0,12087,78394,1020,15.79,16.29,0.8845,INR/kg,Dhan API v2 (Client 1112620458)
2026-07-02 22:00,2026-07-02,22,Copper,1011.23,1012.96,1.73,0.1714,0.76,2766,80539,1010,15.92,16.42,0.933,INR/kg,Dhan API v2 (Client 1112620458)
2026-07-02 23:00,2026-07-02,23,Copper,1012.01,1014.52,2.51,0.2478,0.78,7931,79196,1010,16.42,16.92,0.9261,INR/kg,Dhan API v2 (Client 1112620458)
2026-07-03 09:00,2026-07-03,9,Copper,1014.99,1015.86,0.87,0.0854,-1.64,9816,80488,1010,16.24,16.74,0.894,INR/kg,Dhan API v2 (Client 1112620458)
2026-07-03 10:00,2026-07-03,10,Copper,1013.7,1014.6,0.9,0.0891,0.03,10032,78582,1010,15.64,16.14,0.9058,INR/kg,Dhan API v2 (Client 1112620458)
2026-07-03 11:00,2026-07-03,11,Copper,1013.65,1016.15,2.5,0.2465,1.6,12505,80308,1010,16.11,16.61,0.9247,INR/kg,Dhan API v2 (Client 1112620458)
2026-07-03 12:00,2026-07-03,12,Copper,1010.91,1013.22,2.31,0.2283,-0.19,6760,79402,1010,16.46,16.96,0.9569,INR/kg,Dhan API v2 (Client 1112620458)
2026-07-03 13:00,2026-07-03,13,Copper,1011.24,1012.64,1.41,0.1391,-0.9,8747,80765,1010,16.36,16.86,0.9091,INR/kg,Dhan API v2 (Client 1112620458)
2026-07-03 14:00,2026-07-03,14,Copper,1013.41,1012.82,-0.59,-0.0586,-2.0,6836,79540,1010,16.31,16.81,0.9353,INR/kg,Dhan API v2 (Client 1112620458)
2026-07-03 15:00,2026-07-03,15,Copper,1010.06,1010.92,0.86,0.0854,1.45,13792,80346,1010,16.42,16.92,0.915,INR/kg,Dhan API v2 (Client 1112620458)
2026-07-03 16:00,2026-07-03,16,Copper,1010.41,1012.04,1.64,0.1622,0.78,3504,78387,1010,16.4,16.9,0.9083,INR/kg,Dhan API v2 (Client 1112620458)
2026-07-03 17:00,2026-07-03,17,Copper,1010.99,1011.58,0.58,0.0578,-1.06,13062,79289,1010,16.27,16.77,0.9543,INR/kg,Dhan API v2 (Client 1112620458)
2026-07-03 18:00,2026-07-03,18,Copper,1007.96,1007.87,-0.08,-0.0082,-0.66,6735,78358,1010,15.78,16.28,0.9105,INR/kg,Dhan API v2 (Client 1112620458)
2026-07-03 19:00,2026-07-03,19,Copper,1005.25,1007.53,2.28,0.2264,2.36,14294,79222,1010,15.77,16.27,0.9115,INR/kg,Dhan API v2 (Client 1112620458)
2026-07-03 20:00,2026-07-03,20,Copper,1001.69,1002.3,0.61,0.0613,-1.67,4963,81567,1000,16.94,17.44,0.9028,INR/kg,Dhan API v2 (Client 1112620458)
2026-07-03 21:00,2026-07-03,21,Copper,1003.75,1004.52,0.77,0.0772,0.16,7588,80458,1000,15.26,15.76,0.9439,INR/kg,Dhan API v2 (Client 1112620458)
2026-07-03 22:00,2026-07-03,22,Copper,1006.93,1006.39,-0.54,-0.0534,-1.31,14593,78303,1010,15.82,16.32,0.9084,INR/kg,Dhan API v2 (Client 1112620458)
2026-07-03 23:00,2026-07-03,23,Copper,1008.75,1010.41,1.66,0.1643,2.2,2630,80034,1010,16.6,17.1,0.9175,INR/kg,Dhan API v2 (Client 1112620458)
2026-07-06 09:00,2026-07-06,9,Copper,1007.76,1008.29,0.54,0.0534,-1.12,4710,78977,1010,16.7,17.2,0.9252,INR/kg,Dhan API v2 (Client 1112620458)
2026-07-06 10:00,2026-07-06,10,Copper,1008.85,1011.27,2.42,0.2397,1.88,1164,80672,1010,15.98,16.48,0.919,INR/kg,Dhan API v2 (Client 1112620458)
2026-07-06 11:00,2026-07-06,11,Copper,1004.16,1006.65,2.49,0.2483,0.07,9434,78636,1000,16.45,16.95,0.897,INR/kg,Dhan API v2 (Client 1112620458)
2026-07-06 12:00,2026-07-06,12,Copper,1007.35,1008.46,1.1,0.1094,-1.39,13432,81557,1010,16.53,17.03,0.8901,INR/kg,Dhan API v2 (Client 1112620458)
2026-07-06 13:00,2026-07-06,13,Copper,1012.07,1012.44,0.37,0.0363,-0.73,4949,78930,1010,16.22,16.72,0.8835,INR/kg,Dhan API v2 (Client 1112620458)
2026-07-06 14:00,2026-07-06,14,Copper,1012.46,1014.17,1.71,0.1687,1.34,11632,77989,1010,16.24,16.74,0.9245,INR/kg,Dhan API v2 (Client 1112620458)
2026-07-06 15:00,2026-07-06,15,Copper,1013.45,1015.13,1.69,0.1663,-0.02,9162,80725,1010,16.4,16.9,0.9273,INR/kg,Dhan API v2 (Client 1112620458)
2026-07-06 16:00,2026-07-06,16,Copper,1014.49,1014.92,0.43,0.0423,-1.26,13488,80485,1010,16.06,16.56,0.9336,INR/kg,Dhan API v2 (Client 1112620458)
2026-07-06 17:00,2026-07-06,17,Copper,1016.69,1020.34,3.65,0.3591,3.22,3647,80241,1020,15.79,16.29,0.9302,INR/kg,Dhan API v2 (Client 1112620458)
2026-07-06 18:00,2026-07-06,18,Copper,1011.45,1013.58,2.12,0.2099,-1.53,6560,79283,1010,16.89,17.39,0.9106,INR/kg,Dhan API v2 (Client 1112620458)
2026-07-06 19:00,2026-07-06,19,Copper,1007.48,1009.74,2.26,0.2247,0.14,11174,80103,1010,16.11,16.61,0.9058,INR/kg,Dhan API v2 (Client 1112620458)
2026-07-06 20:00,2026-07-06,20,Copper,1010.07,1011.29,1.21,0.1203,-1.05,3415,78924,1010,16.76,17.26,0.9246,INR/kg,Dhan API v2 (Client 1112620458)
2026-07-06 21:00,2026-07-06,21,Copper,1013.31,1015.9,2.59,0.2551,1.38,6359,77862,1010,16.3,16.8,0.9101,INR/kg,Dhan API v2 (Client 1112620458)
2026-07-06 22:00,2026-07-06,22,Copper,1012.7,1013.25,0.55,0.0539,-2.04,13138,78252,1010,16.09,16.59,0.8965,INR/kg,Dhan API v2 (Client 1112620458)
2026-07-06 23:00,2026-07-06,23,Copper,1008.65,1009.52,0.88,0.0869,0.33,14850,78894,1010,15.92,16.42,0.9016,INR/kg,Dhan API v2 (Client 1112620458)
2026-07-07 09:00,2026-07-07,9,Copper,1008.76,1009.06,0.3,0.0295,-0.58,2029,79350,1010,16.31,16.81,0.9528,INR/kg,Dhan API v2 (Client 1112620458)
2026-07-07 10:00,2026-07-07,10,Copper,1006.09,1006.95,0.86,0.085,0.56,5362,79174,1010,16.9,17.4,0.9045,INR/kg,Dhan API v2 (Client 1112620458)
2026-07-07 11:00,2026-07-07,11,Copper,1008.04,1010.16,2.13,0.2109,1.27,3326,78971,1010,15.46,15.96,0.9168,INR/kg,Dhan API v2 (Client 1112620458)
2026-07-07 12:00,2026-07-07,12,Copper,1008.61,1008.07,-0.54,-0.054,-2.67,10390,79921,1010,16.16,16.66,0.9366,INR/kg,Dhan API v2 (Client 1112620458)
2026-07-07 13:00,2026-07-07,13,Copper,1008.2,1008.67,0.48,0.0471,1.02,4980,80339,1010,16.39,16.89,0.9068,INR/kg,Dhan API v2 (Client 1112620458)
2026-07-07 14:00,2026-07-07,14,Copper,1005.86,1008.57,2.72,0.27,2.24,3283,80759,1010,16.34,16.84,0.8966,INR/kg,Dhan API v2 (Client 1112620458)
2026-07-07 15:00,2026-07-07,15,Copper,1013.08,1014.89,1.81,0.1789,-0.91,6475,79238,1010,16.23,16.73,0.9212,INR/kg,Dhan API v2 (Client 1112620458)
2026-07-07 16:00,2026-07-07,16,Copper,1014.71,1014.37,-0.35,-0.0342,-2.16,9209,80150,1010,16.03,16.53,0.9271,INR/kg,Dhan API v2 (Client 1112620458)
2026-07-07 17:00,2026-07-07,17,Copper,1023.72,1024.99,1.27,0.1242,1.62,9181,80029,1020,15.88,16.38,0.9228,INR/kg,Dhan API v2 (Client 1112620458)
2026-07-07 18:00,2026-07-07,18,Copper,1025.19,1026.57,1.38,0.1343,0.11,13753,78334,1030,15.75,16.25,0.9045,INR/kg,Dhan API v2 (Client 1112620458)
2026-07-07 19:00,2026-07-07,19,Copper,1026.94,1027.67,0.74,0.0716,-0.64,12137,79415,1030,15.96,16.46,0.9553,INR/kg,Dhan API v2 (Client 1112620458)
2026-07-07 20:00,2026-07-07,20,Copper,1024.54,1026.26,1.73,0.1684,0.99,2144,77757,1020,16.75,17.25,0.9326,INR/kg,Dhan API v2 (Client 1112620458)
2026-07-07 21:00,2026-07-07,21,Copper,1024.78,1024.97,0.19,0.0187,-1.54,8897,79446,1020,16.48,16.98,0.9525,INR/kg,Dhan API v2 (Client 1112620458)
2026-07-07 22:00,2026-07-07,22,Copper,1022.54,1023.54,1.01,0.0983,0.82,3853,81215,1020,16.23,16.73,0.8856,INR/kg,Dhan API v2 (Client 1112620458)
2026-07-07 23:00,2026-07-07,23,Copper,1018.97,1020.07,1.1,0.1077,0.09,7840,77600,1020,16.12,16.62,0.9094,INR/kg,Dhan API v2 (Client 1112620458)
2026-07-08 09:00,2026-07-08,9,Copper,1022.13,1022.5,0.37,0.0363,-0.73,13552,79892,1020,16.07,16.57,0.9,INR/kg,Dhan API v2 (Client 1112620458)
2026-07-08 10:00,2026-07-08,10,Copper,1023.32,1022.35,-0.97,-0.095,-1.34,1802,78764,1020,16.1,16.6,0.941,INR/kg,Dhan API v2 (Client 1112620458)
2026-07-08 11:00,2026-07-08,11,Copper,1024.83,1026.01,1.18,0.1151,2.15,11617,81154,1020,16.38,16.88,0.9174,INR/kg,Dhan API v2 (Client 1112620458)
2026-07-08 12:00,2026-07-08,12,Copper,1020.41,1020.72,0.31,0.0306,-0.87,8844,79807,1020,16.48,16.98,0.9324,INR/kg,Dhan API v2 (Client 1112620458)
2026-07-08 13:00,2026-07-08,13,Copper,1019.29,1021.44,2.15,0.211,1.84,8263,80566,1020,16.36,16.86,0.9057,INR/kg,Dhan API v2 (Client 1112620458)
2026-07-08 14:00,2026-07-08,14,Copper,1021.24,1021.67,0.42,0.0416,-1.73,8760,78446,1020,16.41,16.91,0.9513,INR/kg,Dhan API v2 (Client 1112620458)
2026-07-08 15:00,2026-07-08,15,Copper,1018.86,1019.52,0.66,0.0648,0.24,8177,80374,1020,16.34,16.84,0.9506,INR/kg,Dhan API v2 (Client 1112620458)
2026-07-08 16:00,2026-07-08,16,Copper,1016.32,1018.32,2.0,0.197,1.34,9559,80841,1020,15.83,16.33,0.9245,INR/kg,Dhan API v2 (Client 1112620458)
2026-07-08 17:00,2026-07-08,17,Copper,1016.22,1014.78,-1.44,-0.1421,-3.44,11122,79779,1020,16.24,16.74,0.8974,INR/kg,Dhan API v2 (Client 1112620458)
2026-07-08 18:00,2026-07-08,18,Copper,1013.39,1014.34,0.95,0.0938,2.39,11476,79097,1010,16.44,16.94,0.9273,INR/kg,Dhan API v2 (Client 1112620458)
2026-07-08 19:00,2026-07-08,19,Copper,1014.24,1015.55,1.31,0.1288,0.36,6302,79103,1010,16.05,16.55,0.9276,INR/kg,Dhan API v2 (Client 1112620458)
2026-07-08 20:00,2026-07-08,20,Copper,1016.93,1018.53,1.61,0.158,0.3,10687,81338,1020,16.16,16.66,0.9281,INR/kg,Dhan API v2 (Client 1112620458)
2026-07-08 21:00,2026-07-08,21,Copper,1016.74,1019.85,3.11,0.3062,1.5,2925,79416,1020,16.35,16.85,0.9096,INR/kg,Dhan API v2 (Client 1112620458)
2026-07-08 22:00,2026-07-08,22,Copper,1017.12,1017.75,0.63,0.0617,-2.48,10678,80896,1020,16.31,16.81,0.9069,INR/kg,Dhan API v2 (Client 1112620458)
2026-07-08 23:00,2026-07-08,23,Copper,1016.04,1016.13,0.08,0.0083,-0.55,5756,79787,1020,16.39,16.89,0.8955,INR/kg,Dhan API v2 (Client 1112620458)
2026-07-09 09:00,2026-07-09,9,Copper,1014.73,1015.4,0.67,0.066,0.59,6027,80506,1010,15.91,16.41,0.9201,INR/kg,Dhan API v2 (Client 1112620458)
2026-07-09 10:00,2026-07-09,10,Copper,1014.57,1014.63,0.05,0.0054,-0.62,1657,79800,1010,16.77,17.27,0.8762,INR/kg,Dhan API v2 (Client 1112620458)
2026-07-09 11:00,2026-07-09,11,Copper,1016.23,1018.82,2.6,0.2557,2.55,4249,80137,1020,15.78,16.28,0.88,INR/kg,Dhan API v2 (Client 1112620458)
2026-07-09 12:00,2026-07-09,12,Copper,1018.62,1018.51,-0.1,-0.0103,-2.7,11541,79381,1020,16.31,16.81,0.9389,INR/kg,Dhan API v2 (Client 1112620458)
2026-07-09 13:00,2026-07-09,13,Copper,1020.15,1021.4,1.25,0.1225,1.35,6794,77946,1020,16.68,17.18,0.8923,INR/kg,Dhan API v2 (Client 1112620458)
2026-07-09 14:00,2026-07-09,14,Copper,1020.93,1020.18,-0.75,-0.0737,-2.0,9430,79567,1020,16.55,17.05,0.9443,INR/kg,Dhan API v2 (Client 1112620458)
2026-07-09 15:00,2026-07-09,15,Copper,1013.68,1013.68,-0.0,-0.0002,0.75,13140,80371,1010,16.12,16.62,0.9555,INR/kg,Dhan API v2 (Client 1112620458)
2026-07-09 16:00,2026-07-09,16,Copper,1011.77,1012.89,1.13,0.1112,1.13,10243,79316,1010,16.45,16.95,0.9143,INR/kg,Dhan API v2 (Client 1112620458)
2026-07-09 17:00,2026-07-09,17,Copper,1007.18,1007.09,-0.1,-0.0095,-1.23,14147,79760,1010,16.29,16.79,0.9085,INR/kg,Dhan API v2 (Client 1112620458)
2026-07-09 18:00,2026-07-09,18,Copper,1012.66,1013.42,0.76,0.0753,0.86,14096,78520,1010,16.47,16.97,0.9249,INR/kg,Dhan API v2 (Client 1112620458)
2026-07-09 19:00,2026-07-09,19,Copper,1016.74,1017.14,0.4,0.0394,-0.36,4938,79161,1020,16.01,16.51,0.9141,INR/kg,Dhan API v2 (Client 1112620458)
2026-07-09 20:00,2026-07-09,20,Copper,1020.16,1022.57,2.41,0.2366,2.01,801,80338,1020,16.42,16.92,0.8998,INR/kg,Dhan API v2 (Client 1112620458)
2026-07-09 21:00,2026-07-09,21,Copper,1021.61,1023.21,1.59,0.1559,-0.82,9492,78395,1020,15.93,16.43,0.919,INR/kg,Dhan API v2 (Client 1112620458)
2026-07-09 22:00,2026-07-09,22,Copper,1021.41,1023.51,2.1,0.2057,0.51,8360,79255,1020,17.52,18.02,0.9487,INR/kg,Dhan API v2 (Client 1112620458)
2026-07-09 23:00,2026-07-09,23,Copper,1026.15,1026.7,0.55,0.0532,-1.55,12435,78519,1030,16.48,16.98,0.9528,INR/kg,Dhan API v2 (Client 1112620458)
2026-07-10 09:00,2026-07-10,9,Copper,1023.66,1023.25,-0.42,-0.0409,-0.97,1848,78782,1020,16.41,16.91,0.8998,INR/kg,Dhan API v2 (Client 1112620458)
2026-07-10 10:00,2026-07-10,10,Copper,1025.75,1024.97,-0.78,-0.0761,-0.36,5871,80624,1030,15.78,16.28,0.919,INR/kg,Dhan API v2 (Client 1112620458)
2026-07-10 11:00,2026-07-10,11,Copper,1023.74,1022.86,-0.88,-0.0856,-0.1,1907,79562,1020,16.2,16.7,0.9416,INR/kg,Dhan API v2 (Client 1112620458)
2026-07-10 12:00,2026-07-10,12,Copper,1027.35,1029.16,1.81,0.176,2.69,6395,78845,1030,16.41,16.91,0.9048,INR/kg,Dhan API v2 (Client 1112620458)
2026-07-10 13:00,2026-07-10,13,Copper,1025.12,1025.99,0.88,0.0855,-0.93,2888,79964,1030,16.54,17.04,0.9529,INR/kg,Dhan API v2 (Client 1112620458)
2026-07-10 14:00,2026-07-10,14,Copper,1029.38,1031.85,2.47,0.2401,1.59,7892,78792,1030,15.89,16.39,0.9164,INR/kg,Dhan API v2 (Client 1112620458)
2026-07-10 15:00,2026-07-10,15,Copper,1033.61,1034.77,1.15,0.1115,-1.32,4160,80601,1030,15.92,16.42,0.9239,INR/kg,Dhan API v2 (Client 1112620458)
2026-07-10 16:00,2026-07-10,16,Copper,1031.75,1031.47,-0.28,-0.0268,-1.43,3881,77990,1030,16.47,16.97,0.9068,INR/kg,Dhan API v2 (Client 1112620458)
2026-07-10 17:00,2026-07-10,17,Copper,1029.39,1029.08,-0.3,-0.0294,-0.02,9701,79504,1030,16.65,17.15,0.9496,INR/kg,Dhan API v2 (Client 1112620458)
2026-07-10 18:00,2026-07-10,18,Copper,1029.52,1028.63,-0.89,-0.0866,-0.59,986,78561,1030,15.76,16.26,0.9438,INR/kg,Dhan API v2 (Client 1112620458)
2026-07-10 19:00,2026-07-10,19,Copper,1033.1,1034.52,1.42,0.1377,2.31,14335,78116,1030,16.06,16.56,0.9147,INR/kg,Dhan API v2 (Client 1112620458)
2026-07-10 20:00,2026-07-10,20,Copper,1029.77,1031.64,1.86,0.181,0.44,14006,77751,1030,16.55,17.05,0.9264,INR/kg,Dhan API v2 (Client 1112620458)
2026-07-10 21:00,2026-07-10,21,Copper,1029.92,1030.05,0.13,0.0125,-1.73,8737,80699,1030,15.84,16.34,0.9328,INR/kg,Dhan API v2 (Client 1112620458)
2026-07-10 22:00,2026-07-10,22,Copper,1033.75,1033.46,-0.29,-0.0281,-0.42,4997,81026,1030,16.57,17.07,0.91,INR/kg,Dhan API v2 (Client 1112620458)
2026-07-10 23:00,2026-07-10,23,Copper,1032.67,1033.21,0.54,0.0526,0.83,14654,80277,1030,16.24,16.74,0.9284,INR/kg,Dhan API v2 (Client 1112620458)
2026-07-13 09:00,2026-07-13,9,Copper,1029.47,1029.31,-0.15,-0.0149,-0.69,5601,79410,1030,16.26,16.76,0.9389,INR/kg,Dhan API v2 (Client 1112620458)
2026-07-13 10:00,2026-07-13,10,Copper,1028.88,1031.3,2.42,0.2355,2.57,13407,80479,1030,16.07,16.57,0.9,INR/kg,Dhan API v2 (Client 1112620458)
2026-07-13 11:00,2026-07-13,11,Copper,1034.22,1037.01,2.79,0.2699,0.37,13083,78966,1030,16.25,16.75,0.9539,INR/kg,Dhan API v2 (Client 1112620458)
2026-07-13 12:00,2026-07-13,12,Copper,1030.71,1031.34,0.63,0.0611,-2.16,8088,79944,1030,15.95,16.45,0.8851,INR/kg,Dhan API v2 (Client 1112620458)
2026-07-13 13:00,2026-07-13,13,Copper,1026.85,1028.77,1.93,0.1876,1.3,6208,80838,1030,16.04,16.54,0.909,INR/kg,Dhan API v2 (Client 1112620458)
2026-07-13 14:00,2026-07-13,14,Copper,1018.61,1018.92,0.3,0.0299,-1.63,13116,79451,1020,16.7,17.2,0.9213,INR/kg,Dhan API v2 (Client 1112620458)
2026-07-13 15:00,2026-07-13,15,Copper,1021.29,1020.67,-0.62,-0.0606,-0.92,7927,80279,1020,16.16,16.66,0.9377,INR/kg,Dhan API v2 (Client 1112620458)
2026-07-13 16:00,2026-07-13,16,Copper,1017.42,1018.19,0.77,0.0754,1.39,7224,78425,1020,16.07,16.57,0.9188,INR/kg,Dhan API v2 (Client 1112620458)
2026-07-13 17:00,2026-07-13,17,Copper,1016.99,1017.38,0.4,0.039,-0.37,9703,78323,1020,16.48,16.98,0.931,INR/kg,Dhan API v2 (Client 1112620458)
2026-07-13 18:00,2026-07-13,18,Copper,1014.57,1017.87,3.3,0.3257,2.9,8459,79305,1010,16.27,16.77,0.8746,INR/kg,Dhan API v2 (Client 1112620458)
2026-07-13 19:00,2026-07-13,19,Copper,1013.52,1015.99,2.47,0.2439,-0.83,11674,78478,1010,15.94,16.44,0.9419,INR/kg,Dhan API v2 (Client 1112620458)
2026-07-13 20:00,2026-07-13,20,Copper,1013.35,1012.13,-1.22,-0.1204,-3.69,3325,80698,1010,16.13,16.63,0.9138,INR/kg,Dhan API v2 (Client 1112620458)
2026-07-13 21:00,2026-07-13,21,Copper,1011.17,1011.51,0.33,0.0331,1.55,8726,80712,1010,16.4,16.9,0.9051,INR/kg,Dhan API v2 (Client 1112620458)
2026-07-13 22:00,2026-07-13,22,Copper,1009.3,1010.07,0.77,0.0761,0.44,5641,80220,1010,16.01,16.51,0.9036,INR/kg,Dhan API v2 (Client 1112620458)
2026-07-13 23:00,2026-07-13,23,Copper,1013.8,1012.86,-0.93,-0.0919,-1.7,7613,80422,1010,16.26,16.76,0.9434,INR/kg,Dhan API v2 (Client 1112620458)
2026-07-14 09:00,2026-07-14,9,Copper,1013.11,1013.36,0.24,0.0239,1.17,14996,79097,1010,16.56,17.06,0.905,INR/kg,Dhan API v2 (Client 1112620458)
2026-07-14 10:00,2026-07-14,10,Copper,1018.19,1018.85,0.66,0.0652,0.42,10005,81238,1020,16.5,17.0,0.8918,INR/kg,Dhan API v2 (Client 1112620458)
2026-07-14 11:00,2026-07-14,11,Copper,1019.37,1018.78,-0.59,-0.0578,-1.25,14253,79689,1020,16.5,17.0,0.9301,INR/kg,Dhan API v2 (Client 1112620458)
2026-07-14 12:00,2026-07-14,12,Copper,1021.6,1022.5,0.9,0.0884,1.49,3993,79465,1020,16.07,16.57,0.9822,INR/kg,Dhan API v2 (Client 1112620458)
2026-07-14 13:00,2026-07-14,13,Copper,1018.87,1018.74,-0.13,-0.0129,-1.03,6898,79228,1020,16.48,16.98,0.9277,INR/kg,Dhan API v2 (Client 1112620458)
2026-07-14 14:00,2026-07-14,14,Copper,1020.94,1021.35,0.41,0.0402,0.54,2191,78226,1020,16.44,16.94,0.9247,INR/kg,Dhan API v2 (Client 1112620458)
2026-07-14 15:00,2026-07-14,15,Copper,1024.35,1024.02,-0.32,-0.0315,-0.73,11208,78298,1020,16.22,16.72,0.8967,INR/kg,Dhan API v2 (Client 1112620458)
2026-07-14 16:00,2026-07-14,16,Copper,1025.17,1024.93,-0.24,-0.0236,0.08,13045,79311,1030,16.03,16.53,0.8884,INR/kg,Dhan API v2 (Client 1112620458)
2026-07-14 17:00,2026-07-14,17,Copper,1022.46,1021.74,-0.72,-0.07,-0.48,4065,80143,1020,16.21,16.71,0.9504,INR/kg,Dhan API v2 (Client 1112620458)
2026-07-14 18:00,2026-07-14,18,Copper,1022.73,1025.22,2.49,0.2439,3.21,11393,80874,1020,16.38,16.88,0.894,INR/kg,Dhan API v2 (Client 1112620458)
2026-07-14 19:00,2026-07-14,19,Copper,1021.84,1021.9,0.06,0.0059,-2.43,9747,79287,1020,16.38,16.88,0.894,INR/kg,Dhan API v2 (Client 1112620458)
2026-07-14 20:00,2026-07-14,20,Copper,1020.64,1020.55,-0.08,-0.0083,-0.14,6564,79048,1020,16.07,16.57,0.9043,INR/kg,Dhan API v2 (Client 1112620458)
2026-07-14 21:00,2026-07-14,21,Copper,1018.97,1019.2,0.23,0.0228,0.31,4458,80033,1020,16.34,16.84,0.9349,INR/kg,Dhan API v2 (Client 1112620458)
2026-07-14 22:00,2026-07-14,22,Copper,1019.52,1021.51,1.99,0.1951,1.76,6931,79665,1020,16.36,16.86,0.9231,INR/kg,Dhan API v2 (Client 1112620458)
2026-07-14 23:00,2026-07-14,23,Copper,1016.59,1016.54,-0.05,-0.0049,-2.04,9275,82918,1020,16.57,17.07,0.8957,INR/kg,Dhan API v2 (Client 1112620458)
2026-07-15 09:00,2026-07-15,9,Copper,1017.4,1018.04,0.64,0.0627,0.69,722,80511,1020,16.56,17.06,0.9182,INR/kg,Dhan API v2 (Client 1112620458)
2026-07-15 10:00,2026-07-15,10,Copper,1020.56,1022.61,2.04,0.2001,1.4,8503,79118,1020,16.33,16.83,0.9027,INR/kg,Dhan API v2 (Client 1112620458)
2026-07-15 11:00,2026-07-15,11,Copper,1019.15,1018.1,-1.05,-0.103,-3.09,3049,80594,1020,16.26,16.76,0.9497,INR/kg,Dhan API v2 (Client 1112620458)
2026-07-15 12:00,2026-07-15,12,Copper,1021.29,1021.93,0.64,0.0623,1.69,11766,78947,1020,15.67,16.17,0.8914,INR/kg,Dhan API v2 (Client 1112620458)
2026-07-15 13:00,2026-07-15,13,Copper,1022.63,1023.52,0.88,0.0863,0.24,11231,80369,1020,16.85,17.35,0.892,INR/kg,Dhan API v2 (Client 1112620458)
2026-07-15 14:00,2026-07-15,14,Copper,1020.92,1021.0,0.07,0.0073,-0.81,11430,78166,1020,16.13,16.63,0.8835,INR/kg,Dhan API v2 (Client 1112620458)
2026-07-15 15:00,2026-07-15,15,Copper,1025.84,1026.74,0.89,0.0869,0.82,1511,79891,1030,15.99,16.49,0.8955,INR/kg,Dhan API v2 (Client 1112620458)
2026-07-15 16:00,2026-07-15,16,Copper,1025.43,1028.03,2.59,0.253,1.7,5081,79687,1030,16.24,16.74,0.8913,INR/kg,Dhan API v2 (Client 1112620458)
2026-07-15 17:00,2026-07-15,17,Copper,1024.22,1023.43,-0.79,-0.0767,-3.38,4720,80144,1020,15.6,16.1,0.9218,INR/kg,Dhan API v2 (Client 1112620458)
2026-07-15 18:00,2026-07-15,18,Copper,1018.73,1020.07,1.34,0.1312,2.13,4666,78576,1020,15.94,16.44,0.9212,INR/kg,Dhan API v2 (Client 1112620458)
2026-07-15 19:00,2026-07-15,19,Copper,1016.79,1016.04,-0.76,-0.0746,-2.1,7361,80130,1020,16.04,16.54,0.9207,INR/kg,Dhan API v2 (Client 1112620458)
2026-07-15 20:00,2026-07-15,20,Copper,1020.82,1021.58,0.76,0.0741,1.52,14775,79302,1020,16.48,16.98,0.9517,INR/kg,Dhan API v2 (Client 1112620458)
2026-07-15 21:00,2026-07-15,21,Copper,1019.38,1018.75,-0.64,-0.0623,-1.4,12813,77790,1020,16.35,16.85,0.9216,INR/kg,Dhan API v2 (Client 1112620458)
2026-07-15 22:00,2026-07-15,22,Copper,1025.11,1026.62,1.51,0.1475,2.15,3208,80215,1030,15.76,16.26,0.9335,INR/kg,Dhan API v2 (Client 1112620458)
2026-07-15 23:00,2026-07-15,23,Copper,1025.26,1025.16,-0.1,-0.0099,-1.61,3441,80831,1030,15.64,16.14,0.8986,INR/kg,Dhan API v2 (Client 1112620458)
2026-07-16 09:00,2026-07-16,9,Copper,1022.79,1026.14,3.36,0.3282,3.46,5253,79559,1020,15.98,16.48,0.9333,INR/kg,Dhan API v2 (Client 1112620458)
2026-07-16 10:00,2026-07-16,10,Copper,1027.82,1031.26,3.44,0.3344,0.08,5915,79383,1030,16.3,16.8,0.9303,INR/kg,Dhan API v2 (Client 1112620458)
2026-07-16 11:00,2026-07-16,11,Copper,1033.45,1038.09,4.64,0.449,1.2,10771,80768,1030,15.95,16.45,0.9292,INR/kg,Dhan API v2 (Client 1112620458)
2026-07-16 12:00,2026-07-16,12,Copper,1033.63,1038.24,4.61,0.4459,-0.03,4871,78400,1030,16.14,16.64,0.9227,INR/kg,Dhan API v2 (Client 1112620458)
2026-07-16 13:00,2026-07-16,13,Copper,1035.15,1039.54,4.38,0.4235,-0.23,12604,79679,1040,15.92,16.42,0.931,INR/kg,Dhan API v2 (Client 1112620458)
2026-07-16 14:00,2026-07-16,14,Copper,1038.82,1042.85,4.03,0.3879,-0.35,10943,77952,1040,16.15,16.65,0.9374,INR/kg,Dhan API v2 (Client 1112620458)
2026-07-16 15:00,2026-07-16,15,Copper,1034.75,1040.5,5.75,0.5558,1.72,13415,78981,1030,16.36,16.86,0.9497,INR/kg,Dhan API v2 (Client 1112620458)
2026-07-16 16:00,2026-07-16,16,Copper,1032.49,1037.79,5.31,0.5138,-0.44,7745,80484,1030,16.48,16.98,0.8991,INR/kg,Dhan API v2 (Client 1112620458)
2026-07-16 17:00,2026-07-16,17,Copper,1034.72,1039.43,4.72,0.4558,-0.59,13083,80325,1030,16.41,16.91,0.9294,INR/kg,Dhan API v2 (Client 1112620458)
2026-07-16 18:00,2026-07-16,18,Copper,1033.72,1037.39,3.67,0.3548,-1.05,11295,79583,1030,16.04,16.54,0.8949,INR/kg,Dhan API v2 (Client 1112620458)
2026-07-16 19:00,2026-07-16,19,Copper,1032.04,1036.17,4.13,0.3999,0.46,4154,80224,1030,16.1,16.6,0.9081,INR/kg,Dhan API v2 (Client 1112620458)
2026-07-16 20:00,2026-07-16,20,Copper,1030.92,1034.55,3.63,0.3526,-0.5,12275,79344,1030,15.81,16.31,0.9358,INR/kg,Dhan API v2 (Client 1112620458)
2026-07-16 21:00,2026-07-16,21,Copper,1031.05,1034.07,3.02,0.2931,-0.61,1872,81223,1030,16.18,16.68,0.8843,INR/kg,Dhan API v2 (Client 1112620458)
2026-07-16 22:00,2026-07-16,22,Copper,1036.33,1039.9,3.57,0.3443,0.55,5023,79333,1040,15.89,16.39,0.9186,INR/kg,Dhan API v2 (Client 1112620458)
2026-07-16 23:00,2026-07-16,23,Copper,1033.51,1038.46,4.95,0.4789,1.38,3552,81090,1030,16.3,16.8,0.962,INR/kg,Dhan API v2 (Client 1112620458)
2026-07-17 09:00,2026-07-17,9,Copper,1027.8,1029.65,1.85,0.1798,-3.1,10634,80156,1030,16.11,16.61,0.9405,INR/kg,Dhan API v2 (Client 1112620458)
2026-07-17 10:00,2026-07-17,10,Copper,1029.82,1034.89,5.06,0.4917,3.21,11265,81362,1030,16.34,16.84,0.922,INR/kg,Dhan API v2 (Client 1112620458)
2026-07-17 11:00,2026-07-17,11,Copper,1028.14,1034.51,6.37,0.6198,1.31,11187,78984,1030,16.12,16.62,0.9172,INR/kg,Dhan API v2 (Client 1112620458)
2026-07-17 12:00,2026-07-17,12,Copper,1020.92,1024.77,3.85,0.3774,-2.52,13435,80544,1020,16.11,16.61,0.907,INR/kg,Dhan API v2 (Client 1112620458)
2026-07-17 13:00,2026-07-17,13,Copper,1017.74,1024.14,6.4,0.6292,2.55,1348,80169,1020,15.92,16.42,0.9154,INR/kg,Dhan API v2 (Client 1112620458)
2026-07-17 14:00,2026-07-17,14,Copper,1016.0,1020.28,4.28,0.4217,-2.12,4597,79899,1020,16.13,16.63,0.889,INR/kg,Dhan API v2 (Client 1112620458)
2026-07-17 15:00,2026-07-17,15,Copper,1018.76,1023.71,4.95,0.4858,0.67,12031,80252,1020,16.05,16.55,0.9049,INR/kg,Dhan API v2 (Client 1112620458)
2026-07-17 16:00,2026-07-17,16,Copper,1022.14,1027.49,5.35,0.5236,0.4,3434,77993,1020,16.22,16.72,0.9532,INR/kg,Dhan API v2 (Client 1112620458)
2026-07-17 17:00,2026-07-17,17,Copper,1018.35,1023.99,5.64,0.5535,0.29,10166,80742,1020,16.61,17.11,0.9282,INR/kg,Dhan API v2 (Client 1112620458)
2026-07-17 18:00,2026-07-17,18,Copper,1016.66,1022.12,5.46,0.5374,-0.18,7987,78585,1020,16.34,16.84,0.9114,INR/kg,Dhan API v2 (Client 1112620458)
2026-07-17 19:00,2026-07-17,19,Copper,1016.19,1021.25,5.06,0.4979,-0.4,6032,78529,1020,16.34,16.84,0.9234,INR/kg,Dhan API v2 (Client 1112620458)
2026-07-17 20:00,2026-07-17,20,Copper,1016.86,1020.52,3.66,0.3595,-1.4,7777,79782,1020,16.52,17.02,0.8775,INR/kg,Dhan API v2 (Client 1112620458)
2026-07-17 21:00,2026-07-17,21,Copper,1019.77,1023.24,3.48,0.341,-0.18,12580,80359,1020,16.0,16.5,0.8896,INR/kg,Dhan API v2 (Client 1112620458)
2026-07-17 22:00,2026-07-17,22,Copper,1014.13,1017.53,3.39,0.3345,-0.09,14107,79201,1010,16.07,16.57,0.9282,INR/kg,Dhan API v2 (Client 1112620458)
2026-07-17 23:00,2026-07-17,23,Copper,1015.91,1020.89,4.98,0.4903,1.59,8576,80216,1020,15.81,16.31,0.9343,INR/kg,Dhan API v2 (Client 1112620458)
2026-07-20 09:00,2026-07-20,9,Copper,1016.41,1022.12,5.71,0.5619,0.73,10068,77945,1020,16.28,16.78,0.8888,INR/kg,Dhan API v2 (Client 1112620458)
2026-07-20 10:00,2026-07-20,10,Copper,1011.15,1014.19,3.04,0.3004,-2.67,7723,78364,1010,16.17,16.67,0.9324,INR/kg,Dhan API v2 (Client 1112620458)
2026-07-20 11:00,2026-07-20,11,Copper,1005.64,1010.25,4.61,0.4582,1.57,4469,80181,1010,15.75,16.25,0.9106,INR/kg,Dhan API v2 (Client 1112620458)
2026-07-20 12:00,2026-07-20,12,Copper,1001.54,1006.26,4.73,0.4719,0.12,7715,78993,1000,15.4,15.9,0.8861,INR/kg,Dhan API v2 (Client 1112620458)
2026-07-20 13:00,2026-07-20,13,Copper,1000.92,1005.67,4.75,0.4749,0.02,1528,80022,1000,16.68,17.18,0.9461,INR/kg,Dhan API v2 (Client 1112620458)
2026-07-20 14:00,2026-07-20,14,Copper,1006.57,1010.59,4.01,0.3989,-0.74,11055,80527,1010,16.07,16.57,0.9019,INR/kg,Dhan API v2 (Client 1112620458)
2026-07-20 15:00,2026-07-20,15,Copper,1004.99,1009.06,4.07,0.4046,0.06,5938,79585,1000,15.95,16.45,0.9215,INR/kg,Dhan API v2 (Client 1112620458)
2026-07-20 16:00,2026-07-20,16,Copper,1003.94,1007.89,3.96,0.3942,-0.11,8109,79241,1000,16.33,16.83,0.9323,INR/kg,Dhan API v2 (Client 1112620458)
2026-07-20 17:00,2026-07-20,17,Copper,1008.7,1013.9,5.2,0.5156,1.24,12046,79494,1010,16.28,16.78,0.9197,INR/kg,Dhan API v2 (Client 1112620458)
2026-07-20 18:00,2026-07-20,18,Copper,1005.49,1009.43,3.94,0.3918,-1.26,13424,80372,1010,16.03,16.53,0.9225,INR/kg,Dhan API v2 (Client 1112620458)
2026-07-20 19:00,2026-07-20,19,Copper,1009.84,1015.6,5.76,0.5704,1.82,10811,81279,1010,15.89,16.39,0.9172,INR/kg,Dhan API v2 (Client 1112620458)
2026-07-20 20:00,2026-07-20,20,Copper,1008.36,1013.07,4.71,0.467,-1.05,8870,79695,1010,15.71,16.21,0.9134,INR/kg,Dhan API v2 (Client 1112620458)
2026-07-20 21:00,2026-07-20,21,Copper,1008.02,1012.42,4.4,0.4366,-0.31,1669,78625,1010,16.5,17.0,0.9222,INR/kg,Dhan API v2 (Client 1112620458)
2026-07-20 22:00,2026-07-20,22,Copper,1004.33,1011.52,7.18,0.7153,2.78,11031,79492,1000,16.31,16.81,0.9352,INR/kg,Dhan API v2 (Client 1112620458)
2026-07-20 23:00,2026-07-20,23,Copper,1004.3,1008.26,3.96,0.3944,-3.22,4349,80337,1000,16.26,16.76,0.9528,INR/kg,Dhan API v2 (Client 1112620458)
2026-07-21 09:00,2026-07-21,9,Copper,1006.57,1011.16,4.59,0.4559,0.63,9020,78020,1010,15.86,16.36,0.9255,INR/kg,Dhan API v2 (Client 1112620458)
2026-07-21 10:00,2026-07-21,10,Copper,1002.69,1008.75,6.06,0.6042,1.47,14416,77879,1000,16.5,17.0,0.9112,INR/kg,Dhan API v2 (Client 1112620458)
2026-07-21 11:00,2026-07-21,11,Copper,997.93,1003.63,5.69,0.5706,-0.37,10235,79087,1000,15.63,16.13,0.9485,INR/kg,Dhan API v2 (Client 1112620458)
2026-07-21 12:00,2026-07-21,12,Copper,997.79,1001.15,3.36,0.3364,-2.33,813,79564,1000,16.03,16.53,0.9126,INR/kg,Dhan API v2 (Client 1112620458)
2026-07-21 13:00,2026-07-21,13,Copper,1000.09,1003.59,3.51,0.3505,0.15,14831,77962,1000,16.13,16.63,0.9457,INR/kg,Dhan API v2 (Client 1112620458)
2026-07-21 14:00,2026-07-21,14,Copper,1001.7,1005.99,4.29,0.4281,0.78,13381,78980,1000,16.05,16.55,0.9248,INR/kg,Dhan API v2 (Client 1112620458)
2026-07-21 15:00,2026-07-21,15,Copper,1000.01,1003.05,3.04,0.3039,-1.25,12329,78648,1000,16.2,16.7,0.8896,INR/kg,Dhan API v2 (Client 1112620458)
2026-07-21 16:00,2026-07-21,16,Copper,995.2,999.83,4.63,0.4656,1.59,13131,80516,1000,16.55,17.05,0.9071,INR/kg,Dhan API v2 (Client 1112620458)
2026-07-21 17:00,2026-07-21,17,Copper,990.04,993.85,3.82,0.3858,-0.81,1505,78852,990,16.08,16.58,0.9251,INR/kg,Dhan API v2 (Client 1112620458)
2026-07-21 18:00,2026-07-21,18,Copper,990.25,993.23,2.98,0.3006,-0.84,7109,78866,990,16.09,16.59,0.893,INR/kg,Dhan API v2 (Client 1112620458)
2026-07-21 19:00,2026-07-21,19,Copper,988.35,992.97,4.62,0.4679,1.64,8124,79644,990,15.81,16.31,0.9227,INR/kg,Dhan API v2 (Client 1112620458)
2026-07-21 20:00,2026-07-21,20,Copper,986.55,991.04,4.49,0.4547,-0.13,12540,79311,990,16.09,16.59,0.9118,INR/kg,Dhan API v2 (Client 1112620458)
2026-07-21 21:00,2026-07-21,21,Copper,981.27,985.61,4.34,0.4423,-0.15,6908,79161,980,16.66,17.16,0.9465,INR/kg,Dhan API v2 (Client 1112620458)
2026-07-21 22:00,2026-07-21,22,Copper,979.78,984.62,4.84,0.4939,0.5,12466,80084,980,16.23,16.73,0.9163,INR/kg,Dhan API v2 (Client 1112620458)
2026-07-21 23:00,2026-07-21,23,Copper,976.49,981.12,4.63,0.4746,-0.21,8386,77736,980,16.34,16.84,0.9471,INR/kg,Dhan API v2 (Client 1112620458)
2026-07-22 09:00,2026-07-22,9,Copper,977.88,983.88,5.99,0.613,1.36,12736,80050,980,16.63,17.13,0.9035,INR/kg,Dhan API v2 (Client 1112620458)
2026-07-22 10:00,2026-07-22,10,Copper,972.89,976.17,3.28,0.3374,-2.71,4141,79219,970,16.44,16.94,0.9018,INR/kg,Dhan API v2 (Client 1112620458)
2026-07-22 11:00,2026-07-22,11,Copper,972.66,973.9,1.24,0.1277,-2.04,7528,79242,970,16.17,16.67,0.9242,INR/kg,Dhan API v2 (Client 1112620458)
2026-07-22 12:00,2026-07-22,12,Copper,975.44,978.55,3.11,0.319,1.87,9738,79622,980,16.36,16.86,0.9373,INR/kg,Dhan API v2 (Client 1112620458)
2026-07-22 13:00,2026-07-22,13,Copper,974.79,980.07,5.28,0.5415,2.17,5382,79923,970,15.78,16.28,0.8582,INR/kg,Dhan API v2 (Client 1112620458)
2026-07-22 14:00,2026-07-22,14,Copper,974.07,978.14,4.07,0.4182,-1.21,9270,79217,970,16.4,16.9,0.9114,INR/kg,Dhan API v2 (Client 1112620458)
2026-07-22 15:00,2026-07-22,15,Copper,975.62,979.14,3.52,0.3612,-0.55,1000,79707,980,16.31,16.81,0.9253,INR/kg,Dhan API v2 (Client 1112620458)
2026-07-22 16:00,2026-07-22,16,Copper,978.36,983.09,4.73,0.4831,1.21,11626,80211,980,16.15,16.65,0.9159,INR/kg,Dhan API v2 (Client 1112620458)
2026-07-22 17:00,2026-07-22,17,Copper,983.51,990.04,6.53,0.6643,1.8,11457,78463,980,15.98,16.48,0.934,INR/kg,Dhan API v2 (Client 1112620458)
2026-07-22 18:00,2026-07-22,18,Copper,987.29,991.11,3.83,0.3875,-2.7,1677,79972,990,16.03,16.53,0.927,INR/kg,Dhan API v2 (Client 1112620458)
2026-07-22 19:00,2026-07-22,19,Copper,983.15,989.64,6.49,0.6603,2.66,9726,79837,980,16.06,16.56,0.9447,INR/kg,Dhan API v2 (Client 1112620458)
2026-07-22 20:00,2026-07-22,20,Copper,983.93,987.54,3.61,0.3667,-2.88,14383,77948,980,16.21,16.71,0.9415,INR/kg,Dhan API v2 (Client 1112620458)
2026-07-22 21:00,2026-07-22,21,Copper,989.68,991.01,1.33,0.1348,-2.28,2319,79202,990,15.94,16.44,0.9751,INR/kg,Dhan API v2 (Client 1112620458)
2026-07-22 22:00,2026-07-22,22,Copper,990.31,992.55,2.24,0.2259,0.91,11553,79168,990,16.3,16.8,0.8946,INR/kg,Dhan API v2 (Client 1112620458)
2026-07-22 23:00,2026-07-22,23,Copper,989.52,994.25,4.73,0.478,2.49,10212,80519,990,16.57,17.07,0.9388,INR/kg,Dhan API v2 (Client 1112620458)
2026-07-23 09:00,2026-07-23,9,Copper,989.84,994.07,4.23,0.4275,-0.5,564,80804,990,16.05,16.55,0.8929,INR/kg,Dhan API v2 (Client 1112620458)
2026-07-23 10:00,2026-07-23,10,Copper,991.23,996.7,5.47,0.552,1.24,3105,77853,990,16.24,16.74,0.9486,INR/kg,Dhan API v2 (Client 1112620458)
2026-07-23 11:00,2026-07-23,11,Copper,991.75,995.64,3.89,0.3922,-1.58,5317,81260,990,16.28,16.78,0.9176,INR/kg,Dhan API v2 (Client 1112620458)
2026-07-23 12:00,2026-07-23,12,Copper,991.62,996.52,4.9,0.4946,1.01,2195,78711,990,16.79,17.29,0.8903,INR/kg,Dhan API v2 (Client 1112620458)
2026-07-23 13:00,2026-07-23,13,Copper,990.74,994.66,3.93,0.3962,-0.97,3158,80176,990,16.44,16.94,0.9531,INR/kg,Dhan API v2 (Client 1112620458)
2026-07-23 14:00,2026-07-23,14,Copper,986.09,990.84,4.76,0.4826,0.83,6954,80138,990,16.25,16.75,0.951,INR/kg,Dhan API v2 (Client 1112620458)
2026-07-23 15:00,2026-07-23,15,Copper,982.14,985.0,2.85,0.2905,-1.91,3852,80107,980,16.31,16.81,0.9262,INR/kg,Dhan API v2 (Client 1112620458)
2026-07-23 16:00,2026-07-23,16,Copper,982.31,986.96,4.65,0.4733,1.8,13748,79465,980,16.32,16.82,0.9281,INR/kg,Dhan API v2 (Client 1112620458)
2026-07-23 17:00,2026-07-23,17,Copper,987.42,992.15,4.73,0.4787,0.08,10478,78531,990,15.95,16.45,0.9192,INR/kg,Dhan API v2 (Client 1112620458)
2026-07-23 18:00,2026-07-23,18,Copper,984.15,988.73,4.58,0.4658,-0.15,5339,79477,980,16.26,16.76,0.9724,INR/kg,Dhan API v2 (Client 1112620458)
2026-07-23 19:00,2026-07-23,19,Copper,986.38,990.32,3.94,0.3993,-0.64,13006,80397,990,16.73,17.23,0.9495,INR/kg,Dhan API v2 (Client 1112620458)
2026-07-23 20:00,2026-07-23,20,Copper,984.0,988.25,4.25,0.4318,0.31,5672,77447,980,16.58,17.08,0.911,INR/kg,Dhan API v2 (Client 1112620458)
2026-07-23 21:00,2026-07-23,21,Copper,986.88,990.54,3.66,0.3704,-0.59,2926,80019,990,16.18,16.68,0.9039,INR/kg,Dhan API v2 (Client 1112620458)
2026-07-23 22:00,2026-07-23,22,Copper,986.26,991.92,5.66,0.5735,2.0,7414,80011,990,15.89,16.39,0.8871,INR/kg,Dhan API v2 (Client 1112620458)
2026-07-23 23:00,2026-07-23,23,Copper,986.85,989.52,2.67,0.2709,-2.99,1647,79314,990,16.09,16.59,0.9119,INR/kg,Dhan API v2 (Client 1112620458)
2026-07-24 09:00,2026-07-24,9,Copper,988.52,990.77,2.25,0.2277,-0.42,3563,79588,990,16.28,16.78,0.9009,INR/kg,Dhan API v2 (Client 1112620458)
2026-07-24 10:00,2026-07-24,10,Copper,986.24,989.25,3.01,0.3051,0.76,4829,78981,990,16.11,16.61,0.9435,INR/kg,Dhan API v2 (Client 1112620458)
2026-07-24 11:00,2026-07-24,11,Copper,983.64,987.51,3.86,0.3927,0.85,1609,80156,980,16.02,16.52,0.9259,INR/kg,Dhan API v2 (Client 1112620458)
2026-07-24 12:00,2026-07-24,12,Copper,985.44,988.8,3.36,0.3414,-0.5,5477,80700,990,16.17,16.67,0.9005,INR/kg,Dhan API v2 (Client 1112620458)
2026-07-24 13:00,2026-07-24,13,Copper,988.4,993.4,5.0,0.5054,1.64,3725,78849,990,15.76,16.26,0.927,INR/kg,Dhan API v2 (Client 1112620458)
2026-07-24 14:00,2026-07-24,14,Copper,992.52,997.57,5.05,0.5093,0.05,5041,80898,990,16.66,17.16,0.8959,INR/kg,Dhan API v2 (Client 1112620458)
2026-07-24 15:00,2026-07-24,15,Copper,990.45,993.75,3.29,0.3326,-1.76,12687,77920,990,16.22,16.72,0.8991,INR/kg,Dhan API v2 (Client 1112620458)
2026-07-24 16:00,2026-07-24,16,Copper,986.79,990.43,3.65,0.3695,0.36,4965,80145,990,16.46,16.96,0.9574,INR/kg,Dhan API v2 (Client 1112620458)
2026-07-24 17:00,2026-07-24,17,Copper,992.23,996.55,4.33,0.436,0.68,5521,77908,990,16.39,16.89,0.9313,INR/kg,Dhan API v2 (Client 1112620458)
2026-07-24 18:00,2026-07-24,18,Copper,986.49,991.25,4.77,0.4832,0.44,14819,79836,990,15.54,16.04,0.9384,INR/kg,Dhan API v2 (Client 1112620458)
2026-07-24 19:00,2026-07-24,19,Copper,982.33,987.45,5.12,0.5212,0.35,12368,79912,980,15.74,16.24,0.9076,INR/kg,Dhan API v2 (Client 1112620458)
2026-07-24 20:00,2026-07-24,20,Copper,985.3,987.32,2.02,0.2051,-3.1,11319,80397,990,15.59,16.09,0.9217,INR/kg,Dhan API v2 (Client 1112620458)
2026-07-24 21:00,2026-07-24,21,Copper,984.12,986.22,2.09,0.2129,0.07,9815,79003,980,16.55,17.05,0.8908,INR/kg,Dhan API v2 (Client 1112620458)
2026-07-24 22:00,2026-07-24,22,Copper,986.25,991.07,4.82,0.4892,2.73,2126,81038,990,16.1,16.6,0.9593,INR/kg,Dhan API v2 (Client 1112620458)
2026-07-24 23:00,2026-07-24,23,Copper,986.73,989.84,3.11,0.3155,-1.71,709,79335,990,16.29,16.79,0.9038,INR/kg,Dhan API v2 (Client 1112620458)
2026-07-27 09:00,2026-07-27,9,Copper,984.32,990.77,6.45,0.6553,3.34,13848,79755,980,16.01,16.51,0.9134,INR/kg,Dhan API v2 (Client 1112620458)
2026-07-27 10:00,2026-07-27,10,Copper,985.04,989.08,4.04,0.4097,-2.41,2613,80358,990,15.62,16.12,0.9472,INR/kg,Dhan API v2 (Client 1112620458)
2026-07-27 11:00,2026-07-27,11,Copper,984.97,988.43,3.46,0.3511,-0.58,14826,79275,980,15.94,16.44,0.9031,INR/kg,Dhan API v2 (Client 1112620458)
2026-07-27 12:00,2026-07-27,12,Copper,986.96,989.68,2.72,0.2759,-0.74,10014,78181,990,16.27,16.77,0.8976,INR/kg,Dhan API v2 (Client 1112620458)
2026-07-27 13:00,2026-07-27,13,Copper,981.97,985.77,3.81,0.3878,1.09,14957,80125,980,16.11,16.61,0.8823,INR/kg,Dhan API v2 (Client 1112620458)
2026-07-27 14:00,2026-07-27,14,Copper,978.49,981.91,3.42,0.3499,-0.39,4713,79177,980,16.23,16.73,0.9013,INR/kg,Dhan API v2 (Client 1112620458)
2026-07-27 15:00,2026-07-27,15,Copper,972.48,975.95,3.47,0.357,0.05,4163,78851,970,16.22,16.72,0.9043,INR/kg,Dhan API v2 (Client 1112620458)
2026-07-27 16:00,2026-07-27,16,Copper,970.6,973.39,2.79,0.2871,-0.68,9656,79653,970,16.3,16.8,0.9221,INR/kg,Dhan API v2 (Client 1112620458)
2026-07-27 17:00,2026-07-27,17,Copper,973.6,975.1,1.5,0.1539,-1.29,14150,80159,970,15.93,16.43,0.903,INR/kg,Dhan API v2 (Client 1112620458)
2026-07-27 18:00,2026-07-27,18,Copper,974.18,977.3,3.12,0.3207,1.62,9750,79793,970,15.81,16.31,0.9347,INR/kg,Dhan API v2 (Client 1112620458)
2026-07-27 19:00,2026-07-27,19,Copper,976.0,979.22,3.22,0.3298,0.1,11985,79639,980,16.53,17.03,0.9295,INR/kg,Dhan API v2 (Client 1112620458)
2026-07-27 20:00,2026-07-27,20,Copper,977.32,981.42,4.1,0.4196,0.88,7355,79264,980,16.56,17.06,0.9216,INR/kg,Dhan API v2 (Client 1112620458)
2026-07-27 21:00,2026-07-27,21,Copper,974.67,981.5,6.83,0.7012,2.73,8320,79442,970,16.52,17.02,0.9529,INR/kg,Dhan API v2 (Client 1112620458)
2026-07-27 22:00,2026-07-27,22,Copper,972.77,974.28,1.51,0.1555,-5.32,9353,80361,970,16.41,16.91,0.9344,INR/kg,Dhan API v2 (Client 1112620458)
2026-07-27 23:00,2026-07-27,23,Copper,975.15,976.2,1.05,0.1073,-0.46,4000,79526,980,16.27,16.77,0.9345,INR/kg,Dhan API v2 (Client 1112620458)
2026-07-28 09:00,2026-07-28,9,Copper,981.53,985.74,4.22,0.4297,3.17,534,79580,980,16.96,17.46,0.9442,INR/kg,Dhan API v2 (Client 1112620458)
2026-07-28 10:00,2026-07-28,10,Copper,986.64,989.81,3.17,0.3214,-1.05,8790,79074,990,16.29,16.79,0.9317,INR/kg,Dhan API v2 (Client 1112620458)
2026-07-28 11:00,2026-07-28,11,Copper,988.97,992.45,3.47,0.3512,0.3,8624,78551,990,15.98,16.48,0.8937,INR/kg,Dhan API v2 (Client 1112620458)
2026-07-28 12:00,2026-07-28,12,Copper,988.28,991.33,3.04,0.308,-0.43,8541,78499,990,16.21,16.71,0.9104,INR/kg,Dhan API v2 (Client 1112620458)
2026-07-28 13:00,2026-07-28,13,Copper,988.19,992.17,3.98,0.4032,0.94,6418,79822,990,15.78,16.28,0.9518,INR/kg,Dhan API v2 (Client 1112620458)
2026-07-28 14:00,2026-07-28,14,Copper,990.02,994.12,4.1,0.4139,0.12,10892,79539,990,16.4,16.9,0.9191,INR/kg,Dhan API v2 (Client 1112620458)
2026-07-28 15:00,2026-07-28,15,Copper,992.05,995.64,3.6,0.3625,-0.5,13430,78778,990,16.6,17.1,0.9477,INR/kg,Dhan API v2 (Client 1112620458)
2026-07-28 16:00,2026-07-28,16,Copper,987.94,990.14,2.19,0.2221,-1.41,5908,80007,990,16.79,17.29,0.9309,INR/kg,Dhan API v2 (Client 1112620458)
2026-07-28 17:00,2026-07-28,17,Copper,983.93,988.28,4.35,0.4424,2.16,2332,80884,980,16.13,16.63,0.9727,INR/kg,Dhan API v2 (Client 1112620458)
2026-07-28 18:00,2026-07-28,18,Copper,988.29,993.98,5.69,0.5756,1.34,2547,81801,990,16.19,16.69,0.9558,INR/kg,Dhan API v2 (Client 1112620458)
2026-07-28 19:00,2026-07-28,19,Copper,985.79,988.96,3.16,0.3208,-2.53,14257,80854,990,16.36,16.86,0.864,INR/kg,Dhan API v2 (Client 1112620458)
2026-07-28 20:00,2026-07-28,20,Copper,988.3,990.65,2.36,0.2386,-0.8,6777,79633,990,16.12,16.62,0.8891,INR/kg,Dhan API v2 (Client 1112620458)
2026-07-28 21:00,2026-07-28,21,Copper,986.22,989.95,3.73,0.3779,1.37,6765,77628,990,16.46,16.96,0.9181,INR/kg,Dhan API v2 (Client 1112620458)
2026-07-28 22:00,2026-07-28,22,Copper,983.93,987.91,3.98,0.4046,0.25,12110,78767,980,16.34,16.84,0.9104,INR/kg,Dhan API v2 (Client 1112620458)
2026-07-28 23:00,2026-07-28,23,Copper,981.87,986.12,4.25,0.4329,0.27,7271,79078,980,16.3,16.8,0.9419,INR/kg,Dhan API v2 (Client 1112620458)
2026-07-29 09:00,2026-07-29,9,Copper,981.26,985.01,3.76,0.3827,-0.49,3212,80361,980,16.22,16.72,0.9588,INR/kg,Dhan API v2 (Client 1112620458)
2026-07-29 10:00,2026-07-29,10,Copper,984.29,987.68,3.39,0.3442,-0.37,11457,78673,980,16.32,16.82,0.9093,INR/kg,Dhan API v2 (Client 1112620458)
2026-07-29 11:00,2026-07-29,11,Copper,983.96,985.01,1.05,0.1072,-2.34,3505,78372,980,16.03,16.53,0.906,INR/kg,Dhan API v2 (Client 1112620458)
2026-07-29 12:00,2026-07-29,12,Copper,983.17,984.93,1.76,0.1786,0.71,8942,80476,980,16.28,16.78,0.9368,INR/kg,Dhan API v2 (Client 1112620458)
2026-07-29 13:00,2026-07-29,13,Copper,976.86,980.49,3.63,0.3721,1.87,3385,80387,980,16.08,16.58,0.8832,INR/kg,Dhan API v2 (Client 1112620458)
2026-07-29 14:00,2026-07-29,14,Copper,970.43,975.22,4.8,0.4943,1.17,10653,80816,970,16.02,16.52,0.9059,INR/kg,Dhan API v2 (Client 1112620458)
2026-07-29 15:00,2026-07-29,15,Copper,972.39,976.4,4.01,0.4122,-0.79,3109,80344,970,16.18,16.68,0.9083,INR/kg,Dhan API v2 (Client 1112620458)
2026-07-29 16:00,2026-07-29,16,Copper,968.19,971.36,3.17,0.3271,-0.84,14792,79214,970,16.3,16.8,0.8896,INR/kg,Dhan API v2 (Client 1112620458)
2026-07-29 17:00,2026-07-29,17,Copper,963.63,965.41,1.78,0.1848,-1.39,8792,78800,960,16.12,16.62,0.9169,INR/kg,Dhan API v2 (Client 1112620458)
2026-07-29 18:00,2026-07-29,18,Copper,967.28,970.72,3.44,0.3558,1.66,2541,79816,970,16.0,16.5,0.9431,INR/kg,Dhan API v2 (Client 1112620458)
2026-07-29 19:00,2026-07-29,19,Copper,967.22,970.13,2.91,0.3005,-0.53,3917,80880,970,16.36,16.86,0.9302,INR/kg,Dhan API v2 (Client 1112620458)
2026-07-29 20:00,2026-07-29,20,Copper,965.88,968.79,2.92,0.3019,0.01,9118,79236,970,16.29,16.79,0.8885,INR/kg,Dhan API v2 (Client 1112620458)
2026-07-29 21:00,2026-07-29,21,Copper,965.77,969.61,3.84,0.398,0.92,2162,77592,970,16.15,16.65,0.8877,INR/kg,Dhan API v2 (Client 1112620458)
2026-07-29 22:00,2026-07-29,22,Copper,963.55,965.02,1.47,0.1528,-2.37,9190,81313,960,16.11,16.61,0.9247,INR/kg,Dhan API v2 (Client 1112620458)
2026-07-29 23:00,2026-07-29,23,Copper,964.55,967.24,2.69,0.2784,1.22,6886,79682,960,16.23,16.73,0.8969,INR/kg,Dhan API v2 (Client 1112620458)
2026-07-30 09:00,2026-07-30,9,Copper,965.51,968.78,3.27,0.3388,0.58,2067,78060,970,16.05,16.55,0.909,INR/kg,Dhan API v2 (Client 1112620458)
2026-07-30 10:00,2026-07-30,10,Copper,967.41,972.74,5.33,0.5513,2.06,10425,79408,970,16.54,17.04,0.8814,INR/kg,Dhan API v2 (Client 1112620458)
2026-07-30 11:00,2026-07-30,11,Copper,962.99,966.16,3.17,0.3292,-2.16,14279,81596,960,16.32,16.82,0.9268,INR/kg,Dhan API v2 (Client 1112620458)
2026-07-30 12:00,2026-07-30,12,Copper,960.36,963.16,2.8,0.2919,-0.37,4505,79065,960,16.59,17.09,0.9365,INR/kg,Dhan API v2 (Client 1112620458)
2026-07-30 13:00,2026-07-30,13,Copper,958.71,962.57,3.85,0.402,1.05,10319,80500,960,15.79,16.29,0.9289,INR/kg,Dhan API v2 (Client 1112620458)
2026-07-30 14:00,2026-07-30,14,Copper,963.0,965.64,2.64,0.2742,-1.21,7900,79423,960,16.14,16.64,0.9082,INR/kg,Dhan API v2 (Client 1112620458)
2026-07-30 15:00,2026-07-30,15,Copper,960.01,963.04,3.03,0.3151,0.39,2749,79718,960,15.72,16.22,0.8844,INR/kg,Dhan API v2 (Client 1112620458)
2026-07-30 16:00,2026-07-30,16,Copper,958.78,963.01,4.22,0.4404,1.19,12610,79920,960,16.39,16.89,0.9381,INR/kg,Dhan API v2 (Client 1112620458)
2026-07-30 17:00,2026-07-30,17,Copper,959.84,962.81,2.97,0.3098,-1.25,883,78909,960,16.69,17.19,0.8938,INR/kg,Dhan API v2 (Client 1112620458)
2026-07-30 18:00,2026-07-30,18,Copper,951.59,955.76,4.18,0.4393,1.21,5724,79328,950,16.43,16.93,0.9265,INR/kg,Dhan API v2 (Client 1112620458)
2026-07-30 19:00,2026-07-30,19,Copper,950.29,952.09,1.81,0.1902,-2.37,11400,79400,950,16.27,16.77,0.9305,INR/kg,Dhan API v2 (Client 1112620458)
2026-07-30 20:00,2026-07-30,20,Copper,947.02,951.13,4.11,0.4341,2.3,6323,80970,950,16.05,16.55,0.9011,INR/kg,Dhan API v2 (Client 1112620458)
2026-07-30 21:00,2026-07-30,21,Copper,946.5,947.29,0.79,0.0834,-3.32,3275,81265,950,16.28,16.78,0.8849,INR/kg,Dhan API v2 (Client 1112620458)
2026-07-30 22:00,2026-07-30,22,Copper,943.9,949.05,5.14,0.545,4.35,3350,78218,940,15.88,16.38,0.9231,INR/kg,Dhan API v2 (Client 1112620458)
2026-07-30 23:00,2026-07-30,23,Copper,939.56,941.64,2.08,0.2216,-3.06,1793,77303,940,16.0,16.5,0.9161,INR/kg,Dhan API v2 (Client 1112620458)
2026-07-31 09:00,2026-07-31,9,Copper,940.06,942.98,2.92,0.3103,0.84,9929,79263,940,16.48,16.98,0.919,INR/kg,Dhan API v2 (Client 1112620458)
2026-07-31 10:00,2026-07-31,10,Copper,942.8,945.92,3.12,0.3307,0.2,14528,80589,940,15.96,16.46,0.8924,INR/kg,Dhan API v2 (Client 1112620458)
2026-07-31 11:00,2026-07-31,11,Copper,941.78,947.11,5.33,0.5665,2.21,4525,80076,940,16.39,16.89,0.9234,INR/kg,Dhan API v2 (Client 1112620458)
2026-07-31 12:00,2026-07-31,12,Copper,944.42,947.87,3.45,0.3657,-1.88,7418,80556,940,16.72,17.22,0.919,INR/kg,Dhan API v2 (Client 1112620458)
2026-07-31 13:00,2026-07-31,13,Copper,944.45,947.55,3.09,0.3273,-0.36,2839,80879,940,16.05,16.55,0.9433,INR/kg,Dhan API v2 (Client 1112620458)
2026-07-31 14:00,2026-07-31,14,Copper,950.82,953.72,2.89,0.3042,-0.2,13716,78239,950,16.11,16.61,0.8969,INR/kg,Dhan API v2 (Client 1112620458)
2026-07-31 15:00,2026-07-31,15,Copper,945.61,947.32,1.71,0.1807,-1.18,7811,80525,950,16.36,16.86,0.9084,INR/kg,Dhan API v2 (Client 1112620458)
2026-07-31 16:00,2026-07-31,16,Copper,946.11,949.76,3.65,0.3862,1.94,5800,79883,950,16.97,17.47,0.9333,INR/kg,Dhan API v2 (Client 1112620458)
2026-07-31 17:00,2026-07-31,17,Copper,945.38,948.76,3.39,0.3582,-0.26,7762,78014,950,16.51,17.01,0.9055,INR/kg,Dhan API v2 (Client 1112620458)
2026-07-31 18:00,2026-07-31,18,Copper,945.67,948.2,2.53,0.2672,-0.86,1002,79569,950,15.95,16.45,0.9655,INR/kg,Dhan API v2 (Client 1112620458)
2026-07-31 19:00,2026-07-31,19,Copper,948.74,950.57,1.83,0.1928,-0.7,7573,80443,950,16.19,16.69,0.9021,INR/kg,Dhan API v2 (Client 1112620458)
2026-07-31 20:00,2026-07-31,20,Copper,953.55,955.86,2.32,0.2428,0.49,10781,79687,950,16.18,16.68,0.9088,INR/kg,Dhan API v2 (Client 1112620458)
2026-07-31 21:00,2026-07-31,21,Copper,952.59,956.3,3.71,0.3893,1.39,6743,79550,950,16.05,16.55,0.9042,INR/kg,Dhan API v2 (Client 1112620458)
2026-07-31 22:00,2026-07-31,22,Copper,954.02,955.44,1.42,0.149,-2.29,7699,79793,950,16.6,17.1,0.9057,INR/kg,Dhan API v2 (Client 1112620458)
2026-07-31 23:00,2026-07-31,23,Copper,951.25,955.56,4.32,0.4537,2.9,6312,79871,950,16.5,17.0,0.9445,INR/kg,Dhan API v2 (Client 1112620458)
2026-08-03 09:00,2026-08-03,9,Copper,951.18,953.18,2.0,0.2103,-2.32,6824,80208,950,16.45,16.95,0.9169,INR/kg,Dhan API v2 (Client 1112620458)
2026-08-03 10:00,2026-08-03,10,Copper,948.98,952.91,3.93,0.4142,1.93,4841,80747,950,16.64,17.14,0.9385,INR/kg,Dhan API v2 (Client 1112620458)
2026-08-03 11:00,2026-08-03,11,Copper,951.33,954.86,3.53,0.371,-0.4,5789,80789,950,16.75,17.25,0.8938,INR/kg,Dhan API v2 (Client 1112620458)
2026-08-03 12:00,2026-08-03,12,Copper,948.32,950.42,2.11,0.2221,-1.42,3422,79806,950,16.54,17.04,0.9075,INR/kg,Dhan API v2 (Client 1112620458)
2026-08-03 13:00,2026-08-03,13,Copper,950.48,952.37,1.89,0.1988,-0.22,5148,81101,950,16.05,16.55,0.9254,INR/kg,Dhan API v2 (Client 1112620458)
2026-08-03 14:00,2026-08-03,14,Copper,950.68,952.19,1.51,0.1584,-0.38,784,80013,950,16.47,16.97,0.9112,INR/kg,Dhan API v2 (Client 1112620458)
2026-08-03 15:00,2026-08-03,15,Copper,950.04,952.93,2.9,0.3048,1.39,7999,79569,950,16.22,16.72,0.8962,INR/kg,Dhan API v2 (Client 1112620458)
2026-08-03 16:00,2026-08-03,16,Copper,952.41,956.09,3.68,0.3864,0.78,10847,79748,950,16.11,16.61,0.8951,INR/kg,Dhan API v2 (Client 1112620458)
2026-08-03 17:00,2026-08-03,17,Copper,952.49,954.52,2.02,0.2126,-1.66,7071,80699,950,16.03,16.53,0.9089,INR/kg,Dhan API v2 (Client 1112620458)
2026-08-03 18:00,2026-08-03,18,Copper,950.73,950.76,0.03,0.0027,-1.99,758,78370,950,16.02,16.52,0.9302,INR/kg,Dhan API v2 (Client 1112620458)
2026-08-03 19:00,2026-08-03,19,Copper,952.23,954.48,2.24,0.2355,2.21,7787,79131,950,16.36,16.86,0.9145,INR/kg,Dhan API v2 (Client 1112620458)
2026-08-03 20:00,2026-08-03,20,Copper,951.98,955.86,3.89,0.4083,1.65,7641,78430,950,15.82,16.32,0.9408,INR/kg,Dhan API v2 (Client 1112620458)
2026-08-03 21:00,2026-08-03,21,Copper,951.71,953.01,1.3,0.1364,-2.59,14636,80178,950,16.28,16.78,0.9187,INR/kg,Dhan API v2 (Client 1112620458)
2026-08-03 22:00,2026-08-03,22,Copper,947.34,952.13,4.79,0.5058,3.49,11119,78284,950,16.39,16.89,0.9034,INR/kg,Dhan API v2 (Client 1112620458)
2026-08-03 23:00,2026-08-03,23,Copper,946.76,950.8,4.04,0.4266,-0.75,6360,79244,950,16.44,16.94,0.9151,INR/kg,Dhan API v2 (Client 1112620458)
2026-08-04 09:00,2026-08-04,9,Copper,946.04,948.05,2.01,0.2127,-2.03,8963,78440,950,16.16,16.66,0.9573,INR/kg,Dhan API v2 (Client 1112620458)
2026-08-04 10:00,2026-08-04,10,Copper,948.87,950.24,1.38,0.1451,-0.63,3946,77950,950,16.24,16.74,0.9292,INR/kg,Dhan API v2 (Client 1112620458)
2026-08-04 11:00,2026-08-04,11,Copper,947.53,949.13,1.6,0.1684,0.22,13057,79994,950,16.14,16.64,0.8963,INR/kg,Dhan API v2 (Client 1112620458)
2026-08-04 12:00,2026-08-04,12,Copper,946.97,950.07,3.1,0.3278,1.5,11859,80195,950,15.72,16.22,0.8795,INR/kg,Dhan API v2 (Client 1112620458)
2026-08-04 13:00,2026-08-04,13,Copper,947.82,950.35,2.52,0.2663,-0.58,13423,78968,950,16.25,16.75,0.9007,INR/kg,Dhan API v2 (Client 1112620458)
2026-08-04 14:00,2026-08-04,14,Copper,950.65,954.26,3.61,0.3795,1.09,13982,80088,950,16.06,16.56,0.9079,INR/kg,Dhan API v2 (Client 1112620458)
2026-08-04 15:00,2026-08-04,15,Copper,954.55,957.22,2.66,0.279,-0.95,10909,79195,950,16.81,17.31,0.9338,INR/kg,Dhan API v2 (Client 1112620458)
2026-08-04 16:00,2026-08-04,16,Copper,954.7,956.95,2.26,0.2363,-0.4,9054,78930,950,15.62,16.12,0.9036,INR/kg,Dhan API v2 (Client 1112620458)
2026-08-04 17:00,2026-08-04,17,Copper,956.51,957.71,1.2,0.1253,-1.06,5909,79868,960,16.43,16.93,0.9366,INR/kg,Dhan API v2 (Client 1112620458)
2026-08-04 18:00,2026-08-04,18,Copper,954.75,958.57,3.82,0.4004,2.62,7911,76999,950,16.06,16.56,0.9385,INR/kg,Dhan API v2 (Client 1112620458)
2026-08-04 19:00,2026-08-04,19,Copper,954.23,956.66,2.43,0.2544,-1.39,13845,80424,950,16.98,17.48,0.931,INR/kg,Dhan API v2 (Client 1112620458)
2026-08-04 20:00,2026-08-04,20,Copper,956.95,959.57,2.62,0.2735,0.19,8275,80562,960,16.02,16.52,0.9372,INR/kg,Dhan API v2 (Client 1112620458)
2026-08-04 21:00,2026-08-04,21,Copper,958.04,959.85,1.8,0.1883,-0.82,10954,77888,960,16.38,16.88,0.8746,INR/kg,Dhan API v2 (Client 1112620458)
2026-08-04 22:00,2026-08-04,22,Copper,957.58,959.2,1.63,0.1699,-0.17,3169,79184,960,15.96,16.46,0.8694,INR/kg,Dhan API v2 (Client 1112620458)
2026-08-04 23:00,2026-08-04,23,Copper,955.33,956.89,1.56,0.1632,-0.07,11750,78947,960,15.86,16.36,0.9056,INR/kg,Dhan API v2 (Client 1112620458)
2026-08-05 09:00,2026-08-05,9,Copper,957.07,962.12,5.05,0.5281,3.49,8763,77808,960,16.21,16.71,0.9187,INR/kg,Dhan API v2 (Client 1112620458)
2026-08-05 10:00,2026-08-05,10,Copper,955.27,960.74,5.46,0.5717,0.41,4757,78864,960,16.77,17.27,0.9182,INR/kg,Dhan API v2 (Client 1112620458)
2026-08-05 11:00,2026-08-05,11,Copper,953.78,956.06,2.28,0.2391,-3.18,3121,78197,950,16.1,16.6,0.9178,INR/kg,Dhan API v2 (Client 1112620458)
2026-08-05 12:00,2026-08-05,12,Copper,952.1,954.67,2.57,0.2704,0.29,8663,79494,950,16.15,16.65,0.9182,INR/kg,Dhan API v2 (Client 1112620458)
2026-08-05 13:00,2026-08-05,13,Copper,950.87,953.41,2.54,0.267,-0.03,3373,81179,950,16.53,17.03,0.9355,INR/kg,Dhan API v2 (Client 1112620458)
2026-08-05 14:00,2026-08-05,14,Copper,951.64,954.57,2.93,0.3075,0.39,8285,80756,950,16.02,16.52,0.8782,INR/kg,Dhan API v2 (Client 1112620458)
2026-08-05 15:00,2026-08-05,15,Copper,956.49,956.12,-0.37,-0.0385,-3.3,990,78183,960,15.9,16.4,0.9628,INR/kg,Dhan API v2 (Client 1112620458)
2026-08-05 16:00,2026-08-05,16,Copper,956.8,960.59,3.79,0.396,4.16,4895,79718,960,16.47,16.97,0.9279,INR/kg,Dhan API v2 (Client 1112620458)
2026-08-05 17:00,2026-08-05,17,Copper,957.05,960.6,3.56,0.3715,-0.23,4487,81164,960,15.92,16.42,0.9486,INR/kg,Dhan API v2 (Client 1112620458)
2026-08-05 18:00,2026-08-05,18,Copper,956.11,958.81,2.7,0.2821,-0.86,10608,81612,960,15.61,16.11,0.904,INR/kg,Dhan API v2 (Client 1112620458)
2026-08-05 19:00,2026-08-05,19,Copper,956.92,957.72,0.8,0.0832,-1.9,2502,79562,960,16.37,16.87,0.9277,INR/kg,Dhan API v2 (Client 1112620458)
2026-08-05 20:00,2026-08-05,20,Copper,951.16,954.95,3.79,0.3989,2.99,6926,78983,950,16.38,16.88,0.9121,INR/kg,Dhan API v2 (Client 1112620458)
2026-08-05 21:00,2026-08-05,21,Copper,947.07,948.39,1.32,0.1394,-2.47,8864,80487,950,15.78,16.28,0.9022,INR/kg,Dhan API v2 (Client 1112620458)
2026-08-05 22:00,2026-08-05,22,Copper,946.85,948.22,1.38,0.1454,0.06,7282,80513,950,16.63,17.13,0.9428,INR/kg,Dhan API v2 (Client 1112620458)
2026-08-05 23:00,2026-08-05,23,Copper,947.51,949.94,2.43,0.2567,1.05,11723,80431,950,16.24,16.74,0.9308,INR/kg,Dhan API v2 (Client 1112620458)
2026-08-06 09:00,2026-08-06,9,Copper,944.33,947.47,3.14,0.3323,0.71,8866,77991,940,15.96,16.46,0.9128,INR/kg,Dhan API v2 (Client 1112620458)
2026-08-06 10:00,2026-08-06,10,Copper,938.48,940.81,2.34,0.2489,-0.8,1129,79071,940,16.21,16.71,0.9244,INR/kg,Dhan API v2 (Client 1112620458)
2026-08-06 11:00,2026-08-06,11,Copper,942.22,943.5,1.28,0.1363,-1.06,7812,78672,940,15.97,16.47,0.8813,INR/kg,Dhan API v2 (Client 1112620458)
2026-08-06 12:00,2026-08-06,12,Copper,943.12,943.85,0.73,0.0774,-0.55,13409,78881,940,16.36,16.86,0.8545,INR/kg,Dhan API v2 (Client 1112620458)
2026-08-06 13:00,2026-08-06,13,Copper,943.02,947.14,4.12,0.437,3.39,4457,79384,940,16.47,16.97,0.9271,INR/kg,Dhan API v2 (Client 1112620458)
2026-08-06 14:00,2026-08-06,14,Copper,944.19,946.44,2.24,0.2377,-1.88,10083,80677,940,15.61,16.11,0.8722,INR/kg,Dhan API v2 (Client 1112620458)
2026-08-06 15:00,2026-08-06,15,Copper,945.98,947.93,1.95,0.2062,-0.29,5457,80408,950,16.4,16.9,0.9398,INR/kg,Dhan API v2 (Client 1112620458)
2026-08-06 16:00,2026-08-06,16,Copper,941.58,944.01,2.43,0.2583,0.48,7970,77959,940,15.94,16.44,0.9389,INR/kg,Dhan API v2 (Client 1112620458)
2026-08-06 17:00,2026-08-06,17,Copper,933.34,934.79,1.45,0.1555,-0.98,5177,79703,930,16.17,16.67,0.9436,INR/kg,Dhan API v2 (Client 1112620458)
2026-08-06 18:00,2026-08-06,18,Copper,934.56,936.12,1.56,0.1665,0.11,9273,79541,930,16.36,16.86,0.9379,INR/kg,Dhan API v2 (Client 1112620458)
2026-08-06 19:00,2026-08-06,19,Copper,934.64,936.55,1.9,0.2038,0.34,9880,80203,930,16.85,17.35,0.871,INR/kg,Dhan API v2 (Client 1112620458)
2026-08-06 20:00,2026-08-06,20,Copper,933.38,935.62,2.24,0.2405,0.34,7419,79697,930,16.24,16.74,0.9212,INR/kg,Dhan API v2 (Client 1112620458)
2026-08-06 21:00,2026-08-06,21,Copper,933.25,936.29,3.04,0.3256,0.8,13980,78672,930,16.23,16.73,0.9224,INR/kg,Dhan API v2 (Client 1112620458)
2026-08-06 22:00,2026-08-06,22,Copper,931.78,935.43,3.64,0.391,0.6,6037,78702,930,16.02,16.52,0.8961,INR/kg,Dhan API v2 (Client 1112620458)
2026-08-06 23:00,2026-08-06,23,Copper,931.67,933.78,2.11,0.2269,-1.53,6483,78811,930,16.68,17.18,0.943,INR/kg,Dhan API v2 (Client 1112620458)
2026-08-07 09:00,2026-08-07,9,Copper,934.0,936.07,2.08,0.2226,-0.03,2220,79282,930,16.14,16.64,0.868,INR/kg,Dhan API v2 (Client 1112620458)
2026-08-07 10:00,2026-08-07,10,Copper,934.3,936.97,2.68,0.2865,0.6,5914,79018,930,16.53,17.03,0.9214,INR/kg,Dhan API v2 (Client 1112620458)
2026-08-07 11:00,2026-08-07,11,Copper,926.35,927.11,0.77,0.0826,-1.91,5779,79641,930,16.34,16.84,0.8525,INR/kg,Dhan API v2 (Client 1112620458)
2026-08-07 12:00,2026-08-07,12,Copper,927.85,930.52,2.67,0.2878,1.9,5420,78960,930,16.24,16.74,0.9411,INR/kg,Dhan API v2 (Client 1112620458)
2026-08-07 13:00,2026-08-07,13,Copper,929.19,930.27,1.07,0.1153,-1.6,14627,77784,930,16.31,16.81,0.916,INR/kg,Dhan API v2 (Client 1112620458)
2026-08-07 14:00,2026-08-07,14,Copper,927.72,931.0,3.28,0.3531,2.21,3704,79047,930,16.4,16.9,0.9173,INR/kg,Dhan API v2 (Client 1112620458)
2026-08-07 15:00,2026-08-07,15,Copper,925.09,926.82,1.73,0.1865,-1.55,5113,79632,930,16.49,16.99,0.9446,INR/kg,Dhan API v2 (Client 1112620458)
2026-08-07 16:00,2026-08-07,16,Copper,920.17,921.92,1.76,0.1909,0.03,4941,79790,920,15.15,15.65,0.8624,INR/kg,Dhan API v2 (Client 1112620458)
2026-08-07 17:00,2026-08-07,17,Copper,920.36,923.56,3.2,0.3482,1.44,14087,79730,920,16.08,16.58,0.9065,INR/kg,Dhan API v2 (Client 1112620458)
2026-08-07 18:00,2026-08-07,18,Copper,920.91,923.89,2.99,0.3243,-0.21,1219,78567,920,16.05,16.55,0.9022,INR/kg,Dhan API v2 (Client 1112620458)
2026-08-07 19:00,2026-08-07,19,Copper,923.54,924.93,1.39,0.1508,-1.6,8452,80639,920,16.45,16.95,0.9207,INR/kg,Dhan API v2 (Client 1112620458)
2026-08-07 20:00,2026-08-07,20,Copper,922.62,925.06,2.43,0.2639,1.04,14763,80767,920,16.55,17.05,0.8959,INR/kg,Dhan API v2 (Client 1112620458)
2026-08-07 21:00,2026-08-07,21,Copper,919.58,923.74,4.16,0.4521,1.73,4945,80056,920,15.91,16.41,0.8913,INR/kg,Dhan API v2 (Client 1112620458)
2026-08-07 22:00,2026-08-07,22,Copper,918.52,920.58,2.05,0.2236,-2.11,8642,78040,920,15.93,16.43,0.9068,INR/kg,Dhan API v2 (Client 1112620458)
2026-08-07 23:00,2026-08-07,23,Copper,914.86,917.92,3.05,0.3336,1.0,12771,79570,910,16.49,16.99,0.9384,INR/kg,Dhan API v2 (Client 1112620458)
2026-08-10 09:00,2026-08-10,9,Copper,913.2,915.7,2.5,0.2735,-0.55,6807,80269,910,15.87,16.37,0.9463,INR/kg,Dhan API v2 (Client 1112620458)
2026-08-10 10:00,2026-08-10,10,Copper,916.3,918.41,2.1,0.2293,-0.4,13992,78284,920,16.1,16.6,0.9178,INR/kg,Dhan API v2 (Client 1112620458)
2026-08-10 11:00,2026-08-10,11,Copper,916.95,916.09,-0.85,-0.0929,-2.95,5063,81560,920,16.8,17.3,0.9254,INR/kg,Dhan API v2 (Client 1112620458)
2026-08-10 12:00,2026-08-10,12,Copper,919.94,921.53,1.59,0.1732,2.44,10396,80194,920,15.83,16.33,0.9237,INR/kg,Dhan API v2 (Client 1112620458)
2026-08-10 13:00,2026-08-10,13,Copper,922.76,924.65,1.88,0.204,0.29,7411,77642,920,16.64,17.14,0.9222,INR/kg,Dhan API v2 (Client 1112620458)
2026-08-10 14:00,2026-08-10,14,Copper,918.19,918.4,0.2,0.022,-1.68,626,78480,920,15.93,16.43,0.9456,INR/kg,Dhan API v2 (Client 1112620458)
2026-08-10 15:00,2026-08-10,15,Copper,920.21,921.53,1.32,0.1433,1.12,7034,79192,920,16.12,16.62,0.9359,INR/kg,Dhan API v2 (Client 1112620458)
2026-08-10 16:00,2026-08-10,16,Copper,918.86,920.3,1.44,0.157,0.12,3981,81166,920,16.44,16.94,0.9235,INR/kg,Dhan API v2 (Client 1112620458)
2026-08-10 17:00,2026-08-10,17,Copper,920.82,923.31,2.49,0.2708,1.05,13740,80715,920,15.46,15.96,0.8753,INR/kg,Dhan API v2 (Client 1112620458)
2026-08-10 18:00,2026-08-10,18,Copper,918.57,921.43,2.86,0.3108,0.37,2659,79515,920,16.49,16.99,0.9068,INR/kg,Dhan API v2 (Client 1112620458)
2026-08-10 19:00,2026-08-10,19,Copper,918.22,919.83,1.61,0.1755,-1.25,10323,78403,920,16.32,16.82,0.9125,INR/kg,Dhan API v2 (Client 1112620458)
2026-08-10 20:00,2026-08-10,20,Copper,920.97,923.61,2.64,0.2871,1.03,4379,79353,920,16.25,16.75,0.9119,INR/kg,Dhan API v2 (Client 1112620458)
2026-08-10 21:00,2026-08-10,21,Copper,919.8,921.56,1.77,0.1923,-0.87,6522,80001,920,15.8,16.3,0.9478,INR/kg,Dhan API v2 (Client 1112620458)
2026-08-10 22:00,2026-08-10,22,Copper,921.12,922.36,1.24,0.1349,-0.53,4228,80801,920,15.76,16.26,0.9304,INR/kg,Dhan API v2 (Client 1112620458)
2026-08-10 23:00,2026-08-10,23,Copper,922.69,925.05,2.37,0.2564,1.13,7088,79567,920,15.98,16.48,0.9295,INR/kg,Dhan API v2 (Client 1112620458)
2026-08-11 09:00,2026-08-11,9,Copper,926.93,928.96,2.03,0.2189,-0.34,2134,79128,930,16.4,16.9,0.8995,INR/kg,Dhan API v2 (Client 1112620458)
2026-08-11 10:00,2026-08-11,10,Copper,925.88,926.2,0.32,0.0344,-1.71,13519,81103,930,16.68,17.18,0.9268,INR/kg,Dhan API v2 (Client 1112620458)
2026-08-11 11:00,2026-08-11,11,Copper,923.45,923.69,0.24,0.0258,-0.08,14731,80401,920,16.16,16.66,0.9177,INR/kg,Dhan API v2 (Client 1112620458)
2026-08-11 12:00,2026-08-11,12,Copper,926.72,928.4,1.68,0.1815,1.44,11860,78641,930,16.25,16.75,0.9438,INR/kg,Dhan API v2 (Client 1112620458)
2026-08-11 13:00,2026-08-11,13,Copper,927.74,930.4,2.66,0.2867,0.98,610,80872,930,16.18,16.68,0.9135,INR/kg,Dhan API v2 (Client 1112620458)
2026-08-11 14:00,2026-08-11,14,Copper,924.01,926.52,2.52,0.2724,-0.14,7615,79681,920,16.32,16.82,0.9346,INR/kg,Dhan API v2 (Client 1112620458)
2026-08-11 15:00,2026-08-11,15,Copper,922.43,923.67,1.23,0.1336,-1.29,9056,78597,920,16.21,16.71,0.9167,INR/kg,Dhan API v2 (Client 1112620458)
2026-08-11 16:00,2026-08-11,16,Copper,922.63,925.97,3.34,0.3618,2.11,10640,79406,920,16.48,16.98,0.9202,INR/kg,Dhan API v2 (Client 1112620458)
2026-08-11 17:00,2026-08-11,17,Copper,928.16,930.64,2.48,0.2672,-0.86,10144,78596,930,16.15,16.65,0.9087,INR/kg,Dhan API v2 (Client 1112620458)
2026-08-11 18:00,2026-08-11,18,Copper,933.53,936.02,2.49,0.267,0.01,11030,79545,930,16.5,17.0,0.9596,INR/kg,Dhan API v2 (Client 1112620458)
2026-08-11 19:00,2026-08-11,19,Copper,928.08,928.99,0.91,0.098,-1.58,9276,79580,930,16.46,16.96,0.9029,INR/kg,Dhan API v2 (Client 1112620458)
2026-08-11 20:00,2026-08-11,20,Copper,926.18,928.52,2.34,0.2522,1.43,4096,79284,930,16.4,16.9,0.9166,INR/kg,Dhan API v2 (Client 1112620458)
2026-08-11 21:00,2026-08-11,21,Copper,931.1,934.88,3.77,0.4053,1.43,12113,78997,930,16.35,16.85,0.9229,INR/kg,Dhan API v2 (Client 1112620458)
2026-08-11 22:00,2026-08-11,22,Copper,930.56,930.39,-0.17,-0.0184,-3.94,7153,78207,930,16.45,16.95,0.9222,INR/kg,Dhan API v2 (Client 1112620458)
2026-08-11 23:00,2026-08-11,23,Copper,933.2,933.91,0.71,0.076,0.88,12219,81132,930,16.29,16.79,0.9109,INR/kg,Dhan API v2 (Client 1112620458)
2026-08-12 09:00,2026-08-12,9,Copper,932.7,934.17,1.47,0.1572,0.76,5330,79286,930,16.52,17.02,0.9263,INR/kg,Dhan API v2 (Client 1112620458)
2026-08-12 10:00,2026-08-12,10,Copper,931.07,931.37,0.3,0.0321,-1.17,12417,79524,930,16.11,16.61,0.9493,INR/kg,Dhan API v2 (Client 1112620458)
2026-08-12 11:00,2026-08-12,11,Copper,933.72,934.87,1.15,0.1236,0.85,7973,78828,930,16.03,16.53,0.9469,INR/kg,Dhan API v2 (Client 1112620458)
2026-08-12 12:00,2026-08-12,12,Copper,930.79,933.31,2.52,0.2706,1.37,4063,79012,930,16.38,16.88,0.9106,INR/kg,Dhan API v2 (Client 1112620458)
2026-08-12 13:00,2026-08-12,13,Copper,933.76,934.54,0.78,0.0833,-1.74,7273,77535,930,15.71,16.21,0.8861,INR/kg,Dhan API v2 (Client 1112620458)
2026-08-12 14:00,2026-08-12,14,Copper,931.13,932.86,1.73,0.1858,0.95,5833,79254,930,16.55,17.05,0.9436,INR/kg,Dhan API v2 (Client 1112620458)
2026-08-12 15:00,2026-08-12,15,Copper,936.0,938.28,2.28,0.2436,0.55,14296,81168,940,16.38,16.88,0.9231,INR/kg,Dhan API v2 (Client 1112620458)
2026-08-12 16:00,2026-08-12,16,Copper,942.71,944.28,1.57,0.1671,-0.71,1655,79645,940,16.09,16.59,0.9063,INR/kg,Dhan API v2 (Client 1112620458)
2026-08-12 17:00,2026-08-12,17,Copper,944.91,947.12,2.21,0.2337,0.64,4668,80125,940,15.75,16.25,0.9601,INR/kg,Dhan API v2 (Client 1112620458)
2026-08-12 18:00,2026-08-12,18,Copper,946.56,945.82,-0.75,-0.0787,-2.96,6229,79416,950,15.91,16.41,0.9112,INR/kg,Dhan API v2 (Client 1112620458)
2026-08-12 19:00,2026-08-12,19,Copper,948.06,948.6,0.53,0.0561,1.28,13455,78903,950,16.64,17.14,0.875,INR/kg,Dhan API v2 (Client 1112620458)
2026-08-12 20:00,2026-08-12,20,Copper,953.58,955.32,1.73,0.1816,1.2,14927,79648,950,16.22,16.72,0.9414,INR/kg,Dhan API v2 (Client 1112620458)
2026-08-12 21:00,2026-08-12,21,Copper,950.59,951.4,0.81,0.0848,-0.92,4411,80072,950,16.5,17.0,0.9389,INR/kg,Dhan API v2 (Client 1112620458)
2026-08-12 22:00,2026-08-12,22,Copper,949.96,951.19,1.23,0.1294,0.42,2990,81146,950,16.24,16.74,0.8931,INR/kg,Dhan API v2 (Client 1112620458)
2026-08-12 23:00,2026-08-12,23,Copper,946.25,948.76,2.51,0.2653,1.28,3259,80889,950,16.43,16.93,0.888,INR/kg,Dhan API v2 (Client 1112620458)
2026-08-13 09:00,2026-08-13,9,Copper,947.86,948.47,0.62,0.065,-1.89,11314,78523,950,15.61,16.11,0.8827,INR/kg,Dhan API v2 (Client 1112620458)
2026-08-13 10:00,2026-08-13,10,Copper,949.01,952.19,3.18,0.3353,2.56,5916,80383,950,16.42,16.92,0.9492,INR/kg,Dhan API v2 (Client 1112620458)
2026-08-13 11:00,2026-08-13,11,Copper,945.06,946.47,1.4,0.1487,-1.78,8301,81199,950,16.03,16.53,0.9272,INR/kg,Dhan API v2 (Client 1112620458)
2026-08-13 12:00,2026-08-13,12,Copper,947.49,950.84,3.35,0.3538,1.95,2063,79939,950,16.32,16.82,0.8982,INR/kg,Dhan API v2 (Client 1112620458)
2026-08-13 13:00,2026-08-13,13,Copper,950.83,952.12,1.29,0.1354,-2.06,1015,79254,950,16.88,17.38,0.9412,INR/kg,Dhan API v2 (Client 1112620458)
2026-08-13 14:00,2026-08-13,14,Copper,947.74,948.38,0.65,0.0682,-0.64,3264,78091,950,16.55,17.05,0.8991,INR/kg,Dhan API v2 (Client 1112620458)
2026-08-13 15:00,2026-08-13,15,Copper,946.58,947.97,1.39,0.1464,0.74,4266,79243,950,16.17,16.67,0.9152,INR/kg,Dhan API v2 (Client 1112620458)
2026-08-13 16:00,2026-08-13,16,Copper,943.91,947.63,3.72,0.3936,2.33,4546,78844,940,16.75,17.25,0.9056,INR/kg,Dhan API v2 (Client 1112620458)
2026-08-13 17:00,2026-08-13,17,Copper,943.08,944.85,1.76,0.1871,-1.96,4584,79864,940,15.8,16.3,0.9232,INR/kg,Dhan API v2 (Client 1112620458)
2026-08-13 18:00,2026-08-13,18,Copper,942.34,944.46,2.12,0.225,0.36,1670,80383,940,15.9,16.4,0.9226,INR/kg,Dhan API v2 (Client 1112620458)
2026-08-13 19:00,2026-08-13,19,Copper,944.83,947.8,2.96,0.3138,0.84,6574,79872,940,16.44,16.94,0.9297,INR/kg,Dhan API v2 (Client 1112620458)
2026-08-13 20:00,2026-08-13,20,Copper,943.53,944.46,0.93,0.0991,-2.03,898,79567,940,15.99,16.49,0.9339,INR/kg,Dhan API v2 (Client 1112620458)
2026-08-13 21:00,2026-08-13,21,Copper,939.49,942.4,2.91,0.3099,1.98,10457,80291,940,16.05,16.55,0.9157,INR/kg,Dhan API v2 (Client 1112620458)
2026-08-13 22:00,2026-08-13,22,Copper,941.34,944.57,3.23,0.3436,0.32,5177,80382,940,16.31,16.81,0.9436,INR/kg,Dhan API v2 (Client 1112620458)
2026-08-13 23:00,2026-08-13,23,Copper,939.54,941.23,1.69,0.1799,-1.54,2846,79552,940,16.05,16.55,0.9215,INR/kg,Dhan API v2 (Client 1112620458)
2026-08-14 09:00,2026-08-14,9,Copper,943.88,945.89,2.01,0.2134,0.32,7568,78632,940,16.53,17.03,0.9459,INR/kg,Dhan API v2 (Client 1112620458)
2026-08-14 10:00,2026-08-14,10,Copper,945.41,947.66,2.26,0.2388,0.25,14739,79665,950,16.31,16.81,0.9174,INR/kg,Dhan API v2 (Client 1112620458)
2026-08-14 11:00,2026-08-14,11,Copper,945.11,946.48,1.37,0.1449,-0.89,1091,79031,950,16.76,17.26,0.9509,INR/kg,Dhan API v2 (Client 1112620458)
