Timestamp,Date,Hour,Commodity,Spot_LTP,Futures_LTP,Futures_Basis,Basis_Yield_Pct,Basis_Diff_d1,Volume,Open_Interest,ATM_Strike,ATM_Call_IV_Pct,ATM_Put_IV_Pct,Put_Call_Ratio_PCR,Unit,Dhan_Source
2025-08-14 09:00,2025-08-14,9,Cotton,53714.69,53989.59,274.89,0.5118,0.0,6512,80602,53500,14.31,14.81,0.9132,INR/bale,Dhan API v2 (Client 1112620458)
2025-08-14 10:00,2025-08-14,10,Cotton,53794.69,54032.62,237.93,0.4423,-36.96,3080,79626,54000,13.96,14.46,0.908,INR/bale,Dhan API v2 (Client 1112620458)
2025-08-14 11:00,2025-08-14,11,Cotton,53555.56,53850.62,295.06,0.5509,57.13,8978,80179,53500,14.6,15.1,0.9101,INR/bale,Dhan API v2 (Client 1112620458)
2025-08-14 12:00,2025-08-14,12,Cotton,53550.24,53770.99,220.75,0.4122,-74.31,7287,79626,53500,14.63,15.13,0.9031,INR/bale,Dhan API v2 (Client 1112620458)
2025-08-14 13:00,2025-08-14,13,Cotton,53441.5,53687.26,245.76,0.4599,25.01,1172,78496,53500,14.62,15.12,0.908,INR/bale,Dhan API v2 (Client 1112620458)
2025-08-14 14:00,2025-08-14,14,Cotton,53396.11,53653.71,257.6,0.4824,11.84,8129,77292,53500,14.48,14.98,0.9157,INR/bale,Dhan API v2 (Client 1112620458)
2025-08-14 15:00,2025-08-14,15,Cotton,53162.44,53287.95,125.51,0.2361,-132.09,5845,79544,53000,14.26,14.76,0.9665,INR/bale,Dhan API v2 (Client 1112620458)
2025-08-14 16:00,2025-08-14,16,Cotton,52717.28,53004.83,287.55,0.5455,162.04,12142,79288,52500,14.28,14.78,0.9285,INR/bale,Dhan API v2 (Client 1112620458)
2025-08-14 17:00,2025-08-14,17,Cotton,52724.47,53092.39,367.93,0.6978,80.38,8883,79382,52500,14.29,14.79,0.9288,INR/bale,Dhan API v2 (Client 1112620458)
2025-08-14 18:00,2025-08-14,18,Cotton,52556.42,52869.96,313.54,0.5966,-54.39,13806,79784,52500,14.26,14.76,0.9083,INR/bale,Dhan API v2 (Client 1112620458)
2025-08-14 19:00,2025-08-14,19,Cotton,52563.4,52676.1,112.7,0.2144,-200.84,2308,78324,52500,14.3,14.8,0.8999,INR/bale,Dhan API v2 (Client 1112620458)
2025-08-14 20:00,2025-08-14,20,Cotton,52439.6,52640.28,200.68,0.3827,87.98,2549,79404,52500,13.95,14.45,0.9145,INR/bale,Dhan API v2 (Client 1112620458)
2025-08-14 21:00,2025-08-14,21,Cotton,52518.19,52710.84,192.65,0.3668,-8.03,2530,80822,52500,14.78,15.28,0.9037,INR/bale,Dhan API v2 (Client 1112620458)
2025-08-14 22:00,2025-08-14,22,Cotton,52342.86,52760.46,417.61,0.7978,224.96,8404,78294,52500,14.39,14.89,0.8902,INR/bale,Dhan API v2 (Client 1112620458)
2025-08-14 23:00,2025-08-14,23,Cotton,52451.92,52779.36,327.44,0.6243,-90.17,10125,80412,52500,14.57,15.07,0.9216,INR/bale,Dhan API v2 (Client 1112620458)
2025-08-15 09:00,2025-08-15,9,Cotton,52219.71,52495.38,275.67,0.5279,-51.77,4738,78683,52000,13.8,14.3,0.934,INR/bale,Dhan API v2 (Client 1112620458)
2025-08-15 10:00,2025-08-15,10,Cotton,52427.06,52658.88,231.82,0.4422,-43.85,9973,79605,52500,14.54,15.04,0.8987,INR/bale,Dhan API v2 (Client 1112620458)
2025-08-15 11:00,2025-08-15,11,Cotton,52663.14,52853.35,190.21,0.3612,-41.61,9133,78370,52500,14.32,14.82,0.9275,INR/bale,Dhan API v2 (Client 1112620458)
2025-08-15 12:00,2025-08-15,12,Cotton,52707.92,52904.94,197.02,0.3738,6.81,8711,77439,52500,14.3,14.8,0.896,INR/bale,Dhan API v2 (Client 1112620458)
2025-08-15 13:00,2025-08-15,13,Cotton,52835.99,53096.44,260.45,0.4929,63.43,11322,80041,53000,14.15,14.65,0.943,INR/bale,Dhan API v2 (Client 1112620458)
2025-08-15 14:00,2025-08-15,14,Cotton,52867.93,53129.71,261.78,0.4952,1.33,2260,77280,53000,14.69,15.19,0.9221,INR/bale,Dhan API v2 (Client 1112620458)
2025-08-15 15:00,2025-08-15,15,Cotton,52590.68,52884.04,293.36,0.5578,31.58,7857,78615,52500,14.31,14.81,0.906,INR/bale,Dhan API v2 (Client 1112620458)
2025-08-15 16:00,2025-08-15,16,Cotton,52560.17,52861.48,301.31,0.5733,7.95,10583,80073,52500,13.82,14.32,0.9452,INR/bale,Dhan API v2 (Client 1112620458)
2025-08-15 17:00,2025-08-15,17,Cotton,52408.39,52663.91,255.53,0.4876,-45.78,12343,79987,52500,14.84,15.34,0.925,INR/bale,Dhan API v2 (Client 1112620458)
2025-08-15 18:00,2025-08-15,18,Cotton,52393.33,52730.69,337.36,0.6439,81.83,2848,79895,52500,14.59,15.09,0.9131,INR/bale,Dhan API v2 (Client 1112620458)
2025-08-15 19:00,2025-08-15,19,Cotton,52270.46,52493.64,223.18,0.427,-114.18,11564,80418,52500,13.87,14.37,0.932,INR/bale,Dhan API v2 (Client 1112620458)
2025-08-15 20:00,2025-08-15,20,Cotton,52318.23,52451.13,132.9,0.254,-90.28,607,80430,52500,14.51,15.01,0.9062,INR/bale,Dhan API v2 (Client 1112620458)
2025-08-15 21:00,2025-08-15,21,Cotton,52405.74,52682.85,277.1,0.5288,144.2,8383,80109,52500,14.46,14.96,0.9167,INR/bale,Dhan API v2 (Client 1112620458)
2025-08-15 22:00,2025-08-15,22,Cotton,52592.21,52947.67,355.46,0.6759,78.36,13084,78381,52500,14.26,14.76,0.922,INR/bale,Dhan API v2 (Client 1112620458)
2025-08-15 23:00,2025-08-15,23,Cotton,52496.25,52787.27,291.02,0.5544,-64.44,11782,79135,52500,14.06,14.56,0.8934,INR/bale,Dhan API v2 (Client 1112620458)
2025-08-18 09:00,2025-08-18,9,Cotton,52472.47,52703.87,231.4,0.441,-59.62,7103,79620,52500,14.53,15.03,0.9302,INR/bale,Dhan API v2 (Client 1112620458)
2025-08-18 10:00,2025-08-18,10,Cotton,52347.02,52644.29,297.27,0.5679,65.87,10800,78661,52500,14.51,15.01,0.9332,INR/bale,Dhan API v2 (Client 1112620458)
2025-08-18 11:00,2025-08-18,11,Cotton,52592.59,52859.99,267.4,0.5084,-29.87,13228,80567,52500,13.99,14.49,0.9317,INR/bale,Dhan API v2 (Client 1112620458)
2025-08-18 12:00,2025-08-18,12,Cotton,52614.84,52734.63,119.79,0.2277,-147.61,4742,78895,52500,14.47,14.97,0.9225,INR/bale,Dhan API v2 (Client 1112620458)
2025-08-18 13:00,2025-08-18,13,Cotton,52772.62,53139.74,367.12,0.6957,247.33,6385,78852,53000,14.37,14.87,0.9182,INR/bale,Dhan API v2 (Client 1112620458)
2025-08-18 14:00,2025-08-18,14,Cotton,52980.31,53290.99,310.68,0.5864,-56.44,1478,80888,53000,14.61,15.11,0.9151,INR/bale,Dhan API v2 (Client 1112620458)
2025-08-18 15:00,2025-08-18,15,Cotton,52914.26,53141.62,227.36,0.4297,-83.32,13374,80126,53000,14.5,15.0,0.9155,INR/bale,Dhan API v2 (Client 1112620458)
2025-08-18 16:00,2025-08-18,16,Cotton,52793.23,52978.88,185.65,0.3516,-41.71,5771,78379,53000,14.53,15.03,0.9266,INR/bale,Dhan API v2 (Client 1112620458)
2025-08-18 17:00,2025-08-18,17,Cotton,53018.17,53339.99,321.81,0.607,136.16,11935,80947,53000,14.9,15.4,0.9107,INR/bale,Dhan API v2 (Client 1112620458)
2025-08-18 18:00,2025-08-18,18,Cotton,53048.36,53363.5,315.14,0.5941,-6.67,10460,80510,53000,14.23,14.73,0.9029,INR/bale,Dhan API v2 (Client 1112620458)
2025-08-18 19:00,2025-08-18,19,Cotton,53092.0,53284.13,192.14,0.3619,-123.0,13108,79946,53000,14.84,15.34,0.9351,INR/bale,Dhan API v2 (Client 1112620458)
2025-08-18 20:00,2025-08-18,20,Cotton,52940.08,53192.42,252.34,0.4767,60.2,4882,77848,53000,14.72,15.22,0.9387,INR/bale,Dhan API v2 (Client 1112620458)
2025-08-18 21:00,2025-08-18,21,Cotton,52601.69,52787.71,186.02,0.3536,-66.32,6821,80531,52500,14.03,14.53,0.9084,INR/bale,Dhan API v2 (Client 1112620458)
2025-08-18 22:00,2025-08-18,22,Cotton,52609.06,52914.98,305.91,0.5815,119.89,14516,78994,52500,14.61,15.11,0.8894,INR/bale,Dhan API v2 (Client 1112620458)
2025-08-18 23:00,2025-08-18,23,Cotton,52650.61,52879.32,228.72,0.4344,-77.19,4154,81062,52500,14.65,15.15,0.9083,INR/bale,Dhan API v2 (Client 1112620458)
2025-08-19 09:00,2025-08-19,9,Cotton,52747.64,53031.22,283.58,0.5376,54.86,1368,78037,52500,14.44,14.94,0.9055,INR/bale,Dhan API v2 (Client 1112620458)
2025-08-19 10:00,2025-08-19,10,Cotton,52869.2,53013.11,143.91,0.2722,-139.67,5669,78898,53000,14.5,15.0,0.9463,INR/bale,Dhan API v2 (Client 1112620458)
2025-08-19 11:00,2025-08-19,11,Cotton,53062.93,53322.09,259.15,0.4884,115.24,4575,78197,53000,14.99,15.49,0.9183,INR/bale,Dhan API v2 (Client 1112620458)
2025-08-19 12:00,2025-08-19,12,Cotton,52861.45,53184.69,323.24,0.6115,64.09,7348,79139,53000,14.07,14.57,0.9473,INR/bale,Dhan API v2 (Client 1112620458)
2025-08-19 13:00,2025-08-19,13,Cotton,52927.13,53153.61,226.48,0.4279,-96.76,1890,79355,53000,14.63,15.13,0.9041,INR/bale,Dhan API v2 (Client 1112620458)
2025-08-19 14:00,2025-08-19,14,Cotton,52849.68,53056.8,207.11,0.3919,-19.37,12793,80057,53000,14.06,14.56,0.8872,INR/bale,Dhan API v2 (Client 1112620458)
2025-08-19 15:00,2025-08-19,15,Cotton,52739.08,52974.84,235.76,0.447,28.65,9603,78149,52500,14.84,15.34,0.9118,INR/bale,Dhan API v2 (Client 1112620458)
2025-08-19 16:00,2025-08-19,16,Cotton,52733.48,52913.66,180.18,0.3417,-55.58,3670,79002,52500,15.02,15.52,0.9315,INR/bale,Dhan API v2 (Client 1112620458)
2025-08-19 17:00,2025-08-19,17,Cotton,52865.62,53171.81,306.18,0.5792,126.0,682,79200,53000,14.43,14.93,0.9341,INR/bale,Dhan API v2 (Client 1112620458)
2025-08-19 18:00,2025-08-19,18,Cotton,52745.19,53009.32,264.13,0.5008,-42.05,14342,78636,52500,14.14,14.64,0.9378,INR/bale,Dhan API v2 (Client 1112620458)
2025-08-19 19:00,2025-08-19,19,Cotton,52905.11,53139.63,234.52,0.4433,-29.61,4018,79660,53000,14.56,15.06,0.9057,INR/bale,Dhan API v2 (Client 1112620458)
2025-08-19 20:00,2025-08-19,20,Cotton,53039.22,53365.86,326.64,0.6158,92.12,5670,78782,53000,14.71,15.21,0.8891,INR/bale,Dhan API v2 (Client 1112620458)
2025-08-19 21:00,2025-08-19,21,Cotton,53113.86,53380.76,266.9,0.5025,-59.74,964,80292,53000,14.19,14.69,0.8876,INR/bale,Dhan API v2 (Client 1112620458)
2025-08-19 22:00,2025-08-19,22,Cotton,53223.21,53571.25,348.03,0.6539,81.13,11822,78473,53000,14.62,15.12,0.8957,INR/bale,Dhan API v2 (Client 1112620458)
2025-08-19 23:00,2025-08-19,23,Cotton,53251.34,53590.28,338.94,0.6365,-9.09,9783,80454,53500,15.0,15.5,0.9065,INR/bale,Dhan API v2 (Client 1112620458)
2025-08-20 09:00,2025-08-20,9,Cotton,52987.44,53390.08,402.63,0.7599,63.69,6324,79208,53000,14.06,14.56,0.8828,INR/bale,Dhan API v2 (Client 1112620458)
2025-08-20 10:00,2025-08-20,10,Cotton,52940.61,53239.42,298.81,0.5644,-103.82,12799,79640,53000,14.38,14.88,0.914,INR/bale,Dhan API v2 (Client 1112620458)
2025-08-20 11:00,2025-08-20,11,Cotton,52926.01,53231.61,305.6,0.5774,6.79,7873,79648,53000,14.32,14.82,0.9266,INR/bale,Dhan API v2 (Client 1112620458)
2025-08-20 12:00,2025-08-20,12,Cotton,52687.92,52879.36,191.45,0.3634,-114.15,13338,80294,52500,14.91,15.41,0.921,INR/bale,Dhan API v2 (Client 1112620458)
2025-08-20 13:00,2025-08-20,13,Cotton,52562.75,52892.93,330.18,0.6282,138.73,12681,78967,52500,13.84,14.34,0.9053,INR/bale,Dhan API v2 (Client 1112620458)
2025-08-20 14:00,2025-08-20,14,Cotton,52785.11,52825.14,40.03,0.0758,-290.15,8604,78824,53000,14.65,15.15,0.8962,INR/bale,Dhan API v2 (Client 1112620458)
2025-08-20 15:00,2025-08-20,15,Cotton,52848.53,53003.15,154.62,0.2926,114.59,9832,80854,53000,14.53,15.03,0.9076,INR/bale,Dhan API v2 (Client 1112620458)
2025-08-20 16:00,2025-08-20,16,Cotton,52710.72,52961.72,251.0,0.4762,96.38,3341,79350,52500,14.5,15.0,0.9243,INR/bale,Dhan API v2 (Client 1112620458)
2025-08-20 17:00,2025-08-20,17,Cotton,52367.59,52623.58,255.99,0.4888,4.99,6863,79243,52500,14.51,15.01,0.9465,INR/bale,Dhan API v2 (Client 1112620458)
2025-08-20 18:00,2025-08-20,18,Cotton,52325.61,52417.19,91.58,0.175,-164.41,5232,80679,52500,14.23,14.73,0.9534,INR/bale,Dhan API v2 (Client 1112620458)
2025-08-20 19:00,2025-08-20,19,Cotton,52254.79,52455.72,200.93,0.3845,109.35,1880,81569,52500,14.69,15.19,0.9029,INR/bale,Dhan API v2 (Client 1112620458)
2025-08-20 20:00,2025-08-20,20,Cotton,52251.12,52467.32,216.2,0.4138,15.27,10668,79273,52500,14.43,14.93,0.9007,INR/bale,Dhan API v2 (Client 1112620458)
2025-08-20 21:00,2025-08-20,21,Cotton,52204.39,52479.87,275.47,0.5277,59.27,3122,79327,52000,14.63,15.13,0.9022,INR/bale,Dhan API v2 (Client 1112620458)
2025-08-20 22:00,2025-08-20,22,Cotton,52137.49,52351.52,214.03,0.4105,-61.44,4976,78988,52000,14.16,14.66,0.9033,INR/bale,Dhan API v2 (Client 1112620458)
2025-08-20 23:00,2025-08-20,23,Cotton,52147.08,52327.96,180.88,0.3469,-33.15,10844,80460,52000,14.88,15.38,0.893,INR/bale,Dhan API v2 (Client 1112620458)
2025-08-21 09:00,2025-08-21,9,Cotton,52020.15,52327.36,307.21,0.5906,126.33,2357,78224,52000,14.42,14.92,0.9286,INR/bale,Dhan API v2 (Client 1112620458)
2025-08-21 10:00,2025-08-21,10,Cotton,52164.79,52387.91,223.12,0.4277,-84.09,1139,78676,52000,14.71,15.21,0.9131,INR/bale,Dhan API v2 (Client 1112620458)
2025-08-21 11:00,2025-08-21,11,Cotton,52276.35,52535.24,258.89,0.4952,35.77,7846,79624,52500,14.43,14.93,0.9135,INR/bale,Dhan API v2 (Client 1112620458)
2025-08-21 12:00,2025-08-21,12,Cotton,52376.06,52590.71,214.64,0.4098,-44.25,8974,79635,52500,14.75,15.25,0.9092,INR/bale,Dhan API v2 (Client 1112620458)
2025-08-21 13:00,2025-08-21,13,Cotton,52304.16,52591.35,287.19,0.5491,72.55,14761,78946,52500,13.64,14.14,0.919,INR/bale,Dhan API v2 (Client 1112620458)
2025-08-21 14:00,2025-08-21,14,Cotton,52060.1,52329.6,269.5,0.5177,-17.69,11601,76813,52000,14.3,14.8,0.9179,INR/bale,Dhan API v2 (Client 1112620458)
2025-08-21 15:00,2025-08-21,15,Cotton,52153.59,52334.75,181.16,0.3474,-88.34,12546,78117,52000,14.73,15.23,0.9159,INR/bale,Dhan API v2 (Client 1112620458)
2025-08-21 16:00,2025-08-21,16,Cotton,52452.05,52759.72,307.67,0.5866,126.51,772,78674,52500,14.72,15.22,0.9215,INR/bale,Dhan API v2 (Client 1112620458)
2025-08-21 17:00,2025-08-21,17,Cotton,52541.59,52737.1,195.52,0.3721,-112.15,8963,78680,52500,14.63,15.13,0.886,INR/bale,Dhan API v2 (Client 1112620458)
2025-08-21 18:00,2025-08-21,18,Cotton,52415.23,52590.04,174.81,0.3335,-20.71,8853,80765,52500,14.93,15.43,0.9714,INR/bale,Dhan API v2 (Client 1112620458)
2025-08-21 19:00,2025-08-21,19,Cotton,52224.26,52437.24,212.98,0.4078,38.17,594,80957,52000,14.4,14.9,0.9282,INR/bale,Dhan API v2 (Client 1112620458)
2025-08-21 20:00,2025-08-21,20,Cotton,52218.24,52432.86,214.62,0.411,1.64,9442,80403,52000,14.08,14.58,0.8877,INR/bale,Dhan API v2 (Client 1112620458)
2025-08-21 21:00,2025-08-21,21,Cotton,52298.32,52432.17,133.85,0.2559,-80.77,12259,80621,52500,13.77,14.27,0.8846,INR/bale,Dhan API v2 (Client 1112620458)
2025-08-21 22:00,2025-08-21,22,Cotton,52372.03,52658.11,286.08,0.5462,152.23,1445,80766,52500,14.88,15.38,0.8983,INR/bale,Dhan API v2 (Client 1112620458)
2025-08-21 23:00,2025-08-21,23,Cotton,52187.97,52419.49,231.52,0.4436,-54.56,11456,81066,52000,14.53,15.03,0.9465,INR/bale,Dhan API v2 (Client 1112620458)
2025-08-22 09:00,2025-08-22,9,Cotton,52240.67,52470.55,229.88,0.44,-1.64,8218,78838,52000,14.7,15.2,0.9564,INR/bale,Dhan API v2 (Client 1112620458)
2025-08-22 10:00,2025-08-22,10,Cotton,52188.35,52353.38,165.03,0.3162,-64.85,12675,78755,52000,14.87,15.37,0.9282,INR/bale,Dhan API v2 (Client 1112620458)
2025-08-22 11:00,2025-08-22,11,Cotton,52419.57,52573.38,153.81,0.2934,-11.22,6905,80345,52500,14.03,14.53,0.9608,INR/bale,Dhan API v2 (Client 1112620458)
2025-08-22 12:00,2025-08-22,12,Cotton,52415.89,52689.06,273.17,0.5212,119.36,3639,79528,52500,14.42,14.92,0.9291,INR/bale,Dhan API v2 (Client 1112620458)
2025-08-22 13:00,2025-08-22,13,Cotton,52446.72,52672.52,225.8,0.4305,-47.37,2064,78262,52500,14.49,14.99,0.9549,INR/bale,Dhan API v2 (Client 1112620458)
2025-08-22 14:00,2025-08-22,14,Cotton,52331.51,52543.25,211.75,0.4046,-14.05,9145,78158,52500,14.39,14.89,0.895,INR/bale,Dhan API v2 (Client 1112620458)
2025-08-22 15:00,2025-08-22,15,Cotton,52256.34,52356.3,99.96,0.1913,-111.79,5845,78692,52500,13.87,14.37,0.9136,INR/bale,Dhan API v2 (Client 1112620458)
2025-08-22 16:00,2025-08-22,16,Cotton,52178.78,52392.04,213.25,0.4087,113.29,12268,78173,52000,14.73,15.23,0.9315,INR/bale,Dhan API v2 (Client 1112620458)
2025-08-22 17:00,2025-08-22,17,Cotton,52014.15,52271.36,257.22,0.4945,43.97,4197,78783,52000,14.53,15.03,0.9096,INR/bale,Dhan API v2 (Client 1112620458)
2025-08-22 18:00,2025-08-22,18,Cotton,52239.73,52459.34,219.61,0.4204,-37.61,6536,78945,52000,14.45,14.95,0.9248,INR/bale,Dhan API v2 (Client 1112620458)
2025-08-22 19:00,2025-08-22,19,Cotton,52326.39,52490.98,164.59,0.3145,-55.02,10309,78958,52500,14.23,14.73,0.8999,INR/bale,Dhan API v2 (Client 1112620458)
2025-08-22 20:00,2025-08-22,20,Cotton,52233.0,52383.24,150.24,0.2876,-14.35,10912,78356,52000,14.41,14.91,0.8838,INR/bale,Dhan API v2 (Client 1112620458)
2025-08-22 21:00,2025-08-22,21,Cotton,52135.43,52203.75,68.32,0.1311,-81.92,14269,79992,52000,14.58,15.08,0.9139,INR/bale,Dhan API v2 (Client 1112620458)
2025-08-22 22:00,2025-08-22,22,Cotton,51969.79,52214.99,245.2,0.4718,176.88,14182,79758,52000,14.4,14.9,0.9275,INR/bale,Dhan API v2 (Client 1112620458)
2025-08-22 23:00,2025-08-22,23,Cotton,51713.89,51782.08,68.19,0.1319,-177.01,5191,80201,51500,13.76,14.26,0.9374,INR/bale,Dhan API v2 (Client 1112620458)
2025-08-25 09:00,2025-08-25,9,Cotton,51690.5,51637.64,-52.86,-0.1023,-121.05,9022,80674,51500,14.41,14.91,0.9209,INR/bale,Dhan API v2 (Client 1112620458)
2025-08-25 10:00,2025-08-25,10,Cotton,51704.4,52013.69,309.3,0.5982,362.16,10211,80588,51500,14.27,14.77,0.929,INR/bale,Dhan API v2 (Client 1112620458)
2025-08-25 11:00,2025-08-25,11,Cotton,51573.77,51977.28,403.52,0.7824,94.22,13507,80294,51500,14.64,15.14,0.941,INR/bale,Dhan API v2 (Client 1112620458)
2025-08-25 12:00,2025-08-25,12,Cotton,51429.16,51602.48,173.32,0.337,-230.2,6670,80627,51500,14.54,15.04,0.9111,INR/bale,Dhan API v2 (Client 1112620458)
2025-08-25 13:00,2025-08-25,13,Cotton,51358.02,51449.96,91.94,0.179,-81.38,7979,77729,51500,14.22,14.72,0.9336,INR/bale,Dhan API v2 (Client 1112620458)
2025-08-25 14:00,2025-08-25,14,Cotton,51428.56,51702.06,273.5,0.5318,181.56,4860,79976,51500,14.76,15.26,0.9056,INR/bale,Dhan API v2 (Client 1112620458)
2025-08-25 15:00,2025-08-25,15,Cotton,51431.6,51566.7,135.1,0.2627,-138.4,8982,80787,51500,14.4,14.9,0.9699,INR/bale,Dhan API v2 (Client 1112620458)
2025-08-25 16:00,2025-08-25,16,Cotton,51377.15,51527.93,150.78,0.2935,15.68,4615,81291,51500,14.31,14.81,0.9094,INR/bale,Dhan API v2 (Client 1112620458)
2025-08-25 17:00,2025-08-25,17,Cotton,51104.64,51236.83,132.19,0.2587,-18.59,9308,79170,51000,14.53,15.03,0.9316,INR/bale,Dhan API v2 (Client 1112620458)
2025-08-25 18:00,2025-08-25,18,Cotton,50898.84,51156.45,257.61,0.5061,125.42,7198,79095,51000,14.55,15.05,0.8897,INR/bale,Dhan API v2 (Client 1112620458)
2025-08-25 19:00,2025-08-25,19,Cotton,50893.44,50971.87,78.43,0.1541,-179.18,11929,78078,51000,14.34,14.84,0.8935,INR/bale,Dhan API v2 (Client 1112620458)
2025-08-25 20:00,2025-08-25,20,Cotton,50802.07,50888.02,85.95,0.1692,7.52,10802,78133,51000,14.53,15.03,0.9384,INR/bale,Dhan API v2 (Client 1112620458)
2025-08-25 21:00,2025-08-25,21,Cotton,50662.32,50875.53,213.21,0.4208,127.26,13969,81520,50500,14.25,14.75,0.8935,INR/bale,Dhan API v2 (Client 1112620458)
2025-08-25 22:00,2025-08-25,22,Cotton,50626.06,50863.77,237.7,0.4695,24.49,13768,79898,50500,14.23,14.73,0.8985,INR/bale,Dhan API v2 (Client 1112620458)
2025-08-25 23:00,2025-08-25,23,Cotton,50777.2,50830.7,53.5,0.1054,-184.2,12798,80004,51000,14.48,14.98,0.9059,INR/bale,Dhan API v2 (Client 1112620458)
2025-08-26 09:00,2025-08-26,9,Cotton,50909.73,51156.67,246.94,0.4851,193.44,783,79487,51000,15.16,15.66,0.9198,INR/bale,Dhan API v2 (Client 1112620458)
2025-08-26 10:00,2025-08-26,10,Cotton,50960.42,51209.33,248.92,0.4884,1.98,3206,80427,51000,14.82,15.32,0.9227,INR/bale,Dhan API v2 (Client 1112620458)
2025-08-26 11:00,2025-08-26,11,Cotton,51111.15,51226.34,115.19,0.2254,-133.73,585,80531,51000,15.01,15.51,0.9065,INR/bale,Dhan API v2 (Client 1112620458)
2025-08-26 12:00,2025-08-26,12,Cotton,50880.4,51027.32,146.92,0.2888,31.73,6135,78207,51000,14.11,14.61,0.9213,INR/bale,Dhan API v2 (Client 1112620458)
2025-08-26 13:00,2025-08-26,13,Cotton,50702.02,50860.97,158.95,0.3135,12.03,6894,78534,50500,14.36,14.86,0.9658,INR/bale,Dhan API v2 (Client 1112620458)
2025-08-26 14:00,2025-08-26,14,Cotton,50492.7,50596.71,104.01,0.206,-54.94,8229,79215,50500,14.38,14.88,0.927,INR/bale,Dhan API v2 (Client 1112620458)
2025-08-26 15:00,2025-08-26,15,Cotton,50529.53,50793.93,264.4,0.5233,160.39,7642,80378,50500,13.97,14.47,0.9454,INR/bale,Dhan API v2 (Client 1112620458)
2025-08-26 16:00,2025-08-26,16,Cotton,50695.06,50880.51,185.44,0.3658,-78.96,11161,79849,50500,14.18,14.68,0.9453,INR/bale,Dhan API v2 (Client 1112620458)
2025-08-26 17:00,2025-08-26,17,Cotton,50977.9,51172.07,194.17,0.3809,8.73,11928,78436,51000,14.11,14.61,0.898,INR/bale,Dhan API v2 (Client 1112620458)
2025-08-26 18:00,2025-08-26,18,Cotton,50811.65,50927.8,116.15,0.2286,-78.02,10285,78565,51000,14.72,15.22,0.9063,INR/bale,Dhan API v2 (Client 1112620458)
2025-08-26 19:00,2025-08-26,19,Cotton,50522.05,50768.01,245.96,0.4868,129.81,7405,80741,50500,14.59,15.09,0.911,INR/bale,Dhan API v2 (Client 1112620458)
2025-08-26 20:00,2025-08-26,20,Cotton,50370.35,50679.45,309.11,0.6137,63.15,1565,78839,50500,14.59,15.09,0.907,INR/bale,Dhan API v2 (Client 1112620458)
2025-08-26 21:00,2025-08-26,21,Cotton,50305.72,50449.24,143.52,0.2853,-165.59,14874,79677,50500,14.62,15.12,0.9026,INR/bale,Dhan API v2 (Client 1112620458)
2025-08-26 22:00,2025-08-26,22,Cotton,50307.65,50437.67,130.03,0.2585,-13.49,8223,80514,50500,14.71,15.21,0.9198,INR/bale,Dhan API v2 (Client 1112620458)
2025-08-26 23:00,2025-08-26,23,Cotton,50215.22,50354.36,139.14,0.2771,9.11,567,78243,50000,14.24,14.74,0.9396,INR/bale,Dhan API v2 (Client 1112620458)
2025-08-27 09:00,2025-08-27,9,Cotton,50351.43,50493.8,142.37,0.2828,3.23,1380,78773,50500,13.93,14.43,0.9234,INR/bale,Dhan API v2 (Client 1112620458)
2025-08-27 10:00,2025-08-27,10,Cotton,50457.35,50558.1,100.75,0.1997,-41.62,3790,78404,50500,14.62,15.12,0.8846,INR/bale,Dhan API v2 (Client 1112620458)
2025-08-27 11:00,2025-08-27,11,Cotton,50233.12,50433.55,200.43,0.399,99.68,5533,79728,50000,14.64,15.14,0.9372,INR/bale,Dhan API v2 (Client 1112620458)
2025-08-27 12:00,2025-08-27,12,Cotton,50225.61,50387.14,161.53,0.3216,-38.9,8239,78578,50000,14.11,14.61,0.8996,INR/bale,Dhan API v2 (Client 1112620458)
2025-08-27 13:00,2025-08-27,13,Cotton,50281.09,50484.67,203.57,0.4049,42.04,9849,78896,50500,14.81,15.31,0.899,INR/bale,Dhan API v2 (Client 1112620458)
2025-08-27 14:00,2025-08-27,14,Cotton,50309.87,50690.14,380.27,0.7559,176.7,5537,79941,50500,14.93,15.43,0.9196,INR/bale,Dhan API v2 (Client 1112620458)
2025-08-27 15:00,2025-08-27,15,Cotton,50238.17,50439.46,201.29,0.4007,-178.98,5296,79888,50000,14.0,14.5,0.942,INR/bale,Dhan API v2 (Client 1112620458)
2025-08-27 16:00,2025-08-27,16,Cotton,50457.3,50572.22,114.92,0.2278,-86.37,6305,80306,50500,14.3,14.8,0.9323,INR/bale,Dhan API v2 (Client 1112620458)
2025-08-27 17:00,2025-08-27,17,Cotton,50549.7,50664.56,114.86,0.2272,-0.06,2834,78834,50500,14.17,14.67,0.8775,INR/bale,Dhan API v2 (Client 1112620458)
2025-08-27 18:00,2025-08-27,18,Cotton,50531.74,50694.89,163.15,0.3229,48.29,13831,81137,50500,14.27,14.77,0.9083,INR/bale,Dhan API v2 (Client 1112620458)
2025-08-27 19:00,2025-08-27,19,Cotton,50398.81,50602.52,203.72,0.4042,40.57,12459,80784,50500,13.71,14.21,0.9244,INR/bale,Dhan API v2 (Client 1112620458)
2025-08-27 20:00,2025-08-27,20,Cotton,50376.72,50431.07,54.35,0.1079,-149.37,12718,80323,50500,14.11,14.61,0.9441,INR/bale,Dhan API v2 (Client 1112620458)
2025-08-27 21:00,2025-08-27,21,Cotton,50164.39,50443.32,278.93,0.556,224.58,13886,79886,50000,14.36,14.86,0.9183,INR/bale,Dhan API v2 (Client 1112620458)
2025-08-27 22:00,2025-08-27,22,Cotton,50236.18,50366.27,130.1,0.259,-148.83,11126,78621,50000,13.99,14.49,0.8677,INR/bale,Dhan API v2 (Client 1112620458)
2025-08-27 23:00,2025-08-27,23,Cotton,50101.39,50196.17,94.78,0.1892,-35.32,13296,80087,50000,14.2,14.7,0.9362,INR/bale,Dhan API v2 (Client 1112620458)
2025-08-28 09:00,2025-08-28,9,Cotton,50062.14,50289.51,227.37,0.4542,132.59,6635,78473,50000,14.36,14.86,0.8986,INR/bale,Dhan API v2 (Client 1112620458)
2025-08-28 10:00,2025-08-28,10,Cotton,50044.7,50178.31,133.61,0.267,-93.76,12046,79037,50000,14.21,14.71,0.9434,INR/bale,Dhan API v2 (Client 1112620458)
2025-08-28 11:00,2025-08-28,11,Cotton,49952.73,50145.22,192.49,0.3854,58.88,2893,80639,50000,14.56,15.06,0.8955,INR/bale,Dhan API v2 (Client 1112620458)
2025-08-28 12:00,2025-08-28,12,Cotton,49988.34,50230.2,241.86,0.4838,49.37,1758,78695,50000,14.48,14.98,0.9192,INR/bale,Dhan API v2 (Client 1112620458)
2025-08-28 13:00,2025-08-28,13,Cotton,49888.7,49978.7,90.0,0.1804,-151.86,10013,80600,50000,14.25,14.75,0.8778,INR/bale,Dhan API v2 (Client 1112620458)
2025-08-28 14:00,2025-08-28,14,Cotton,49885.73,50150.63,264.9,0.531,174.9,8196,78427,50000,14.3,14.8,0.9091,INR/bale,Dhan API v2 (Client 1112620458)
2025-08-28 15:00,2025-08-28,15,Cotton,49737.61,50030.27,292.66,0.5884,27.76,5145,79528,49500,14.02,14.52,0.9089,INR/bale,Dhan API v2 (Client 1112620458)
2025-08-28 16:00,2025-08-28,16,Cotton,50037.81,50161.24,123.43,0.2467,-169.23,12016,80731,50000,13.97,14.47,0.9402,INR/bale,Dhan API v2 (Client 1112620458)
2025-08-28 17:00,2025-08-28,17,Cotton,50113.21,50312.82,199.61,0.3983,76.18,13415,79418,50000,14.66,15.16,0.9135,INR/bale,Dhan API v2 (Client 1112620458)
2025-08-28 18:00,2025-08-28,18,Cotton,50039.97,50260.77,220.8,0.4412,21.19,9576,79151,50000,14.4,14.9,0.9327,INR/bale,Dhan API v2 (Client 1112620458)
2025-08-28 19:00,2025-08-28,19,Cotton,50116.15,50165.05,48.9,0.0976,-171.9,3927,78857,50000,14.55,15.05,0.9293,INR/bale,Dhan API v2 (Client 1112620458)
2025-08-28 20:00,2025-08-28,20,Cotton,50208.68,50368.86,160.18,0.319,111.28,4187,79845,50000,14.71,15.21,0.9128,INR/bale,Dhan API v2 (Client 1112620458)
2025-08-28 21:00,2025-08-28,21,Cotton,50064.89,50241.0,176.11,0.3518,15.93,2294,78839,50000,14.67,15.17,0.9291,INR/bale,Dhan API v2 (Client 1112620458)
2025-08-28 22:00,2025-08-28,22,Cotton,49938.4,50141.51,203.12,0.4067,27.01,2109,80451,50000,14.37,14.87,0.9402,INR/bale,Dhan API v2 (Client 1112620458)
2025-08-28 23:00,2025-08-28,23,Cotton,49905.88,50033.68,127.8,0.2561,-75.32,12262,80430,50000,14.35,14.85,0.8922,INR/bale,Dhan API v2 (Client 1112620458)
2025-08-29 09:00,2025-08-29,9,Cotton,49994.15,50176.02,181.88,0.3638,54.08,13219,80362,50000,14.49,14.99,0.8906,INR/bale,Dhan API v2 (Client 1112620458)
2025-08-29 10:00,2025-08-29,10,Cotton,49817.02,50062.03,245.01,0.4918,63.13,12306,78759,50000,14.32,14.82,0.961,INR/bale,Dhan API v2 (Client 1112620458)
2025-08-29 11:00,2025-08-29,11,Cotton,49732.3,49922.33,190.02,0.3821,-54.99,5533,79921,49500,14.15,14.65,0.894,INR/bale,Dhan API v2 (Client 1112620458)
2025-08-29 12:00,2025-08-29,12,Cotton,49517.78,49587.95,70.18,0.1417,-119.84,2768,79585,49500,14.75,15.25,0.9278,INR/bale,Dhan API v2 (Client 1112620458)
2025-08-29 13:00,2025-08-29,13,Cotton,49536.82,49644.41,107.59,0.2172,37.41,1801,80040,49500,14.45,14.95,0.9231,INR/bale,Dhan API v2 (Client 1112620458)
2025-08-29 14:00,2025-08-29,14,Cotton,49560.98,49549.87,-11.11,-0.0224,-118.7,2947,80385,49500,14.23,14.73,0.9,INR/bale,Dhan API v2 (Client 1112620458)
2025-08-29 15:00,2025-08-29,15,Cotton,49886.92,50098.5,211.58,0.4241,222.69,10907,80055,50000,14.18,14.68,0.8973,INR/bale,Dhan API v2 (Client 1112620458)
2025-08-29 16:00,2025-08-29,16,Cotton,49690.73,49841.67,150.94,0.3038,-60.64,6559,77410,49500,14.07,14.57,0.8876,INR/bale,Dhan API v2 (Client 1112620458)
2025-08-29 17:00,2025-08-29,17,Cotton,49605.47,49757.51,152.04,0.3065,1.1,5379,79093,49500,14.32,14.82,0.9048,INR/bale,Dhan API v2 (Client 1112620458)
2025-08-29 18:00,2025-08-29,18,Cotton,49592.64,49789.53,196.89,0.397,44.85,1470,79141,49500,14.89,15.39,0.9182,INR/bale,Dhan API v2 (Client 1112620458)
2025-08-29 19:00,2025-08-29,19,Cotton,49636.93,49691.46,54.53,0.1099,-142.36,4381,79778,49500,14.18,14.68,0.9259,INR/bale,Dhan API v2 (Client 1112620458)
2025-08-29 20:00,2025-08-29,20,Cotton,49630.93,49737.89,106.95,0.2155,52.42,2652,78778,49500,14.05,14.55,0.9517,INR/bale,Dhan API v2 (Client 1112620458)
2025-08-29 21:00,2025-08-29,21,Cotton,49685.07,50040.81,355.74,0.716,248.79,5607,79714,49500,14.46,14.96,0.9301,INR/bale,Dhan API v2 (Client 1112620458)
2025-08-29 22:00,2025-08-29,22,Cotton,49918.17,50111.23,193.06,0.3868,-162.68,5028,79333,50000,14.75,15.25,0.9246,INR/bale,Dhan API v2 (Client 1112620458)
2025-08-29 23:00,2025-08-29,23,Cotton,50062.72,50223.43,160.7,0.321,-32.36,10272,79907,50000,13.8,14.3,0.9272,INR/bale,Dhan API v2 (Client 1112620458)
2025-09-01 09:00,2025-09-01,9,Cotton,50084.49,50305.66,221.17,0.4416,60.47,3513,80014,50000,14.55,15.05,0.9054,INR/bale,Dhan API v2 (Client 1112620458)
2025-09-01 10:00,2025-09-01,10,Cotton,50078.64,49975.2,-103.45,-0.2066,-324.62,14569,78915,50000,13.96,14.46,0.9076,INR/bale,Dhan API v2 (Client 1112620458)
2025-09-01 11:00,2025-09-01,11,Cotton,50054.16,50107.55,53.38,0.1066,156.83,14262,78142,50000,14.17,14.67,0.9343,INR/bale,Dhan API v2 (Client 1112620458)
2025-09-01 12:00,2025-09-01,12,Cotton,50205.6,50413.16,207.56,0.4134,154.18,6404,79977,50000,14.2,14.7,0.911,INR/bale,Dhan API v2 (Client 1112620458)
2025-09-01 13:00,2025-09-01,13,Cotton,50279.17,50464.15,184.98,0.3679,-22.58,11419,80704,50500,14.65,15.15,0.947,INR/bale,Dhan API v2 (Client 1112620458)
2025-09-01 14:00,2025-09-01,14,Cotton,50269.97,50449.03,179.06,0.3562,-5.92,13571,78021,50500,14.8,15.3,0.9245,INR/bale,Dhan API v2 (Client 1112620458)
2025-09-01 15:00,2025-09-01,15,Cotton,50137.92,50371.0,233.08,0.4649,54.02,12026,80755,50000,14.25,14.75,0.9007,INR/bale,Dhan API v2 (Client 1112620458)
2025-09-01 16:00,2025-09-01,16,Cotton,50041.49,50183.3,141.81,0.2834,-91.27,8894,79510,50000,14.72,15.22,0.9334,INR/bale,Dhan API v2 (Client 1112620458)
2025-09-01 17:00,2025-09-01,17,Cotton,49991.71,50125.05,133.34,0.2667,-8.47,5623,78670,50000,14.09,14.59,0.9292,INR/bale,Dhan API v2 (Client 1112620458)
2025-09-01 18:00,2025-09-01,18,Cotton,50072.16,50206.64,134.48,0.2686,1.14,10680,79459,50000,14.37,14.87,0.921,INR/bale,Dhan API v2 (Client 1112620458)
2025-09-01 19:00,2025-09-01,19,Cotton,49988.04,50169.94,181.9,0.3639,47.42,5036,78609,50000,14.53,15.03,0.9064,INR/bale,Dhan API v2 (Client 1112620458)
2025-09-01 20:00,2025-09-01,20,Cotton,49997.16,50244.11,246.95,0.4939,65.05,12323,80422,50000,14.91,15.41,0.9044,INR/bale,Dhan API v2 (Client 1112620458)
2025-09-01 21:00,2025-09-01,21,Cotton,49866.98,50092.04,225.06,0.4513,-21.89,5155,79766,50000,14.49,14.99,0.9098,INR/bale,Dhan API v2 (Client 1112620458)
2025-09-01 22:00,2025-09-01,22,Cotton,49696.23,49818.75,122.52,0.2465,-102.54,6189,78170,49500,14.13,14.63,0.8726,INR/bale,Dhan API v2 (Client 1112620458)
2025-09-01 23:00,2025-09-01,23,Cotton,49656.95,49940.41,283.46,0.5708,160.94,1953,77585,49500,14.05,14.55,0.9224,INR/bale,Dhan API v2 (Client 1112620458)
2025-09-02 09:00,2025-09-02,9,Cotton,49559.85,49665.55,105.7,0.2133,-177.76,13965,79362,49500,14.41,14.91,0.9238,INR/bale,Dhan API v2 (Client 1112620458)
2025-09-02 10:00,2025-09-02,10,Cotton,49489.92,49545.78,55.85,0.1129,-49.85,6377,78196,49500,14.62,15.12,0.8927,INR/bale,Dhan API v2 (Client 1112620458)
2025-09-02 11:00,2025-09-02,11,Cotton,49530.18,49812.91,282.73,0.5708,226.88,11028,77787,49500,14.19,14.69,0.8945,INR/bale,Dhan API v2 (Client 1112620458)
2025-09-02 12:00,2025-09-02,12,Cotton,49437.8,49668.53,230.74,0.4667,-51.99,10981,79328,49500,14.24,14.74,0.926,INR/bale,Dhan API v2 (Client 1112620458)
2025-09-02 13:00,2025-09-02,13,Cotton,49618.09,49673.96,55.87,0.1126,-174.87,13200,80570,49500,14.5,15.0,0.9395,INR/bale,Dhan API v2 (Client 1112620458)
2025-09-02 14:00,2025-09-02,14,Cotton,49547.93,49788.93,241.0,0.4864,185.13,11455,78816,49500,13.88,14.38,0.8942,INR/bale,Dhan API v2 (Client 1112620458)
2025-09-02 15:00,2025-09-02,15,Cotton,49318.39,49423.39,105.0,0.2129,-136.0,10072,79039,49500,14.24,14.74,0.9297,INR/bale,Dhan API v2 (Client 1112620458)
2025-09-02 16:00,2025-09-02,16,Cotton,49367.95,49485.04,117.09,0.2372,12.09,5114,78573,49500,14.52,15.02,0.8965,INR/bale,Dhan API v2 (Client 1112620458)
2025-09-02 17:00,2025-09-02,17,Cotton,49438.68,49675.28,236.6,0.4786,119.51,12566,78671,49500,14.19,14.69,0.9287,INR/bale,Dhan API v2 (Client 1112620458)
2025-09-02 18:00,2025-09-02,18,Cotton,49566.39,49761.22,194.83,0.3931,-41.77,5597,79700,49500,14.24,14.74,0.916,INR/bale,Dhan API v2 (Client 1112620458)
2025-09-02 19:00,2025-09-02,19,Cotton,49625.7,49659.05,33.35,0.0672,-161.48,3650,79824,49500,14.3,14.8,0.9138,INR/bale,Dhan API v2 (Client 1112620458)
2025-09-02 20:00,2025-09-02,20,Cotton,49670.42,49752.5,82.08,0.1652,48.73,13266,79559,49500,14.42,14.92,0.8944,INR/bale,Dhan API v2 (Client 1112620458)
2025-09-02 21:00,2025-09-02,21,Cotton,49668.6,49783.11,114.51,0.2305,32.43,5365,80436,49500,14.39,14.89,0.9452,INR/bale,Dhan API v2 (Client 1112620458)
2025-09-02 22:00,2025-09-02,22,Cotton,49612.93,49807.96,195.03,0.3931,80.52,8009,78280,49500,13.95,14.45,0.9106,INR/bale,Dhan API v2 (Client 1112620458)
2025-09-02 23:00,2025-09-02,23,Cotton,49714.58,49899.07,184.49,0.3711,-10.54,6745,79371,49500,13.97,14.47,0.9137,INR/bale,Dhan API v2 (Client 1112620458)
2025-09-03 09:00,2025-09-03,9,Cotton,49916.27,49936.35,20.08,0.0402,-164.41,10223,78441,50000,14.34,14.84,0.9262,INR/bale,Dhan API v2 (Client 1112620458)
2025-09-03 10:00,2025-09-03,10,Cotton,49856.5,50090.6,234.11,0.4696,214.03,4850,78779,50000,13.87,14.37,0.9144,INR/bale,Dhan API v2 (Client 1112620458)
2025-09-03 11:00,2025-09-03,11,Cotton,49798.73,49852.4,53.67,0.1078,-180.44,3871,80177,50000,14.51,15.01,0.912,INR/bale,Dhan API v2 (Client 1112620458)
2025-09-03 12:00,2025-09-03,12,Cotton,49590.16,49617.89,27.72,0.0559,-25.95,13580,79797,49500,14.78,15.28,0.8962,INR/bale,Dhan API v2 (Client 1112620458)
2025-09-03 13:00,2025-09-03,13,Cotton,49366.69,49471.47,104.78,0.2122,77.06,13631,79121,49500,14.46,14.96,0.9027,INR/bale,Dhan API v2 (Client 1112620458)
2025-09-03 14:00,2025-09-03,14,Cotton,49470.39,49634.63,164.24,0.332,59.46,5637,80315,49500,13.88,14.38,0.9596,INR/bale,Dhan API v2 (Client 1112620458)
2025-09-03 15:00,2025-09-03,15,Cotton,49293.36,49389.27,95.91,0.1946,-68.33,2246,79465,49500,14.5,15.0,0.9108,INR/bale,Dhan API v2 (Client 1112620458)
2025-09-03 16:00,2025-09-03,16,Cotton,49080.18,49143.71,63.54,0.1295,-32.37,12130,79651,49000,14.19,14.69,0.927,INR/bale,Dhan API v2 (Client 1112620458)
2025-09-03 17:00,2025-09-03,17,Cotton,49377.16,49471.47,94.31,0.191,30.77,9875,79013,49500,13.74,14.24,0.9041,INR/bale,Dhan API v2 (Client 1112620458)
2025-09-03 18:00,2025-09-03,18,Cotton,49051.14,49307.05,255.92,0.5217,161.61,1576,79964,49000,14.33,14.83,0.9029,INR/bale,Dhan API v2 (Client 1112620458)
2025-09-03 19:00,2025-09-03,19,Cotton,49043.81,49155.75,111.94,0.2282,-143.98,9458,79410,49000,14.49,14.99,0.9513,INR/bale,Dhan API v2 (Client 1112620458)
2025-09-03 20:00,2025-09-03,20,Cotton,48893.66,49143.56,249.89,0.5111,137.95,11384,80328,49000,14.53,15.03,0.8799,INR/bale,Dhan API v2 (Client 1112620458)
2025-09-03 21:00,2025-09-03,21,Cotton,48920.48,49054.59,134.1,0.2741,-115.79,3742,79278,49000,14.65,15.15,0.9287,INR/bale,Dhan API v2 (Client 1112620458)
2025-09-03 22:00,2025-09-03,22,Cotton,49102.31,49091.78,-10.53,-0.0215,-144.63,4362,79125,49000,14.63,15.13,0.9451,INR/bale,Dhan API v2 (Client 1112620458)
2025-09-03 23:00,2025-09-03,23,Cotton,49082.95,49157.42,74.47,0.1517,85.0,6066,80271,49000,14.45,14.95,0.9646,INR/bale,Dhan API v2 (Client 1112620458)
2025-09-04 09:00,2025-09-04,9,Cotton,49215.25,49222.55,7.31,0.0148,-67.16,12584,79441,49000,14.01,14.51,0.9101,INR/bale,Dhan API v2 (Client 1112620458)
2025-09-04 10:00,2025-09-04,10,Cotton,49098.7,49205.32,106.62,0.2171,99.31,9354,79986,49000,14.33,14.83,0.9048,INR/bale,Dhan API v2 (Client 1112620458)
2025-09-04 11:00,2025-09-04,11,Cotton,49237.79,49588.18,350.39,0.7116,243.77,9545,80483,49000,14.4,14.9,0.9237,INR/bale,Dhan API v2 (Client 1112620458)
2025-09-04 12:00,2025-09-04,12,Cotton,49441.81,49460.05,18.24,0.0369,-332.15,14172,79779,49500,14.89,15.39,0.9137,INR/bale,Dhan API v2 (Client 1112620458)
2025-09-04 13:00,2025-09-04,13,Cotton,49400.66,49649.45,248.78,0.5036,230.54,9901,80866,49500,14.53,15.03,0.9137,INR/bale,Dhan API v2 (Client 1112620458)
2025-09-04 14:00,2025-09-04,14,Cotton,49489.27,49632.68,143.41,0.2898,-105.37,7835,81133,49500,13.65,14.15,0.9272,INR/bale,Dhan API v2 (Client 1112620458)
2025-09-04 15:00,2025-09-04,15,Cotton,49579.68,49698.29,118.62,0.2392,-24.79,3105,81315,49500,14.05,14.55,0.9309,INR/bale,Dhan API v2 (Client 1112620458)
2025-09-04 16:00,2025-09-04,16,Cotton,49482.57,49661.42,178.85,0.3614,60.23,3522,79313,49500,14.79,15.29,0.9161,INR/bale,Dhan API v2 (Client 1112620458)
2025-09-04 17:00,2025-09-04,17,Cotton,49498.91,49702.95,204.03,0.4122,25.18,14913,79769,49500,14.38,14.88,0.9074,INR/bale,Dhan API v2 (Client 1112620458)
2025-09-04 18:00,2025-09-04,18,Cotton,49470.86,49523.0,52.14,0.1054,-151.89,4738,79242,49500,14.5,15.0,0.8956,INR/bale,Dhan API v2 (Client 1112620458)
2025-09-04 19:00,2025-09-04,19,Cotton,49509.51,49888.69,379.18,0.7659,327.04,7850,78743,49500,14.61,15.11,0.8984,INR/bale,Dhan API v2 (Client 1112620458)
2025-09-04 20:00,2025-09-04,20,Cotton,49478.2,49731.79,253.6,0.5125,-125.58,2872,78608,49500,14.59,15.09,0.9339,INR/bale,Dhan API v2 (Client 1112620458)
2025-09-04 21:00,2025-09-04,21,Cotton,49616.74,49761.36,144.62,0.2915,-108.98,14139,79887,49500,14.42,14.92,0.9464,INR/bale,Dhan API v2 (Client 1112620458)
2025-09-04 22:00,2025-09-04,22,Cotton,49515.79,49791.7,275.91,0.5572,131.29,2907,79268,49500,14.35,14.85,0.9005,INR/bale,Dhan API v2 (Client 1112620458)
2025-09-04 23:00,2025-09-04,23,Cotton,49452.63,49781.97,329.34,0.666,53.43,1996,81693,49500,14.01,14.51,0.9086,INR/bale,Dhan API v2 (Client 1112620458)
2025-09-05 09:00,2025-09-05,9,Cotton,49143.65,49249.86,106.21,0.2161,-223.13,7981,79964,49000,14.65,15.15,0.9463,INR/bale,Dhan API v2 (Client 1112620458)
2025-09-05 10:00,2025-09-05,10,Cotton,49209.39,49306.31,96.93,0.197,-9.28,5113,77327,49000,14.39,14.89,0.9434,INR/bale,Dhan API v2 (Client 1112620458)
2025-09-05 11:00,2025-09-05,11,Cotton,49313.28,49492.8,179.51,0.364,82.58,3276,79850,49500,14.57,15.07,0.9308,INR/bale,Dhan API v2 (Client 1112620458)
2025-09-05 12:00,2025-09-05,12,Cotton,49305.84,49399.16,93.32,0.1893,-86.19,8234,80762,49500,14.91,15.41,0.9167,INR/bale,Dhan API v2 (Client 1112620458)
2025-09-05 13:00,2025-09-05,13,Cotton,49269.09,49324.57,55.48,0.1126,-37.84,13198,80442,49500,14.69,15.19,0.8824,INR/bale,Dhan API v2 (Client 1112620458)
2025-09-05 14:00,2025-09-05,14,Cotton,49309.37,49471.01,161.65,0.3278,106.17,6549,78586,49500,14.12,14.62,0.9535,INR/bale,Dhan API v2 (Client 1112620458)
2025-09-05 15:00,2025-09-05,15,Cotton,49416.14,49552.75,136.61,0.2764,-25.04,12253,78217,49500,14.72,15.22,0.8808,INR/bale,Dhan API v2 (Client 1112620458)
2025-09-05 16:00,2025-09-05,16,Cotton,49533.3,49582.18,48.88,0.0987,-87.73,548,78500,49500,14.56,15.06,0.8981,INR/bale,Dhan API v2 (Client 1112620458)
2025-09-05 17:00,2025-09-05,17,Cotton,49413.0,49545.46,132.46,0.2681,83.58,1978,78288,49500,13.8,14.3,0.9193,INR/bale,Dhan API v2 (Client 1112620458)
2025-09-05 18:00,2025-09-05,18,Cotton,49467.48,49444.08,-23.4,-0.0473,-155.86,7876,80076,49500,14.62,15.12,0.9139,INR/bale,Dhan API v2 (Client 1112620458)
2025-09-05 19:00,2025-09-05,19,Cotton,49485.01,49606.96,121.95,0.2464,145.35,3291,81899,49500,14.9,15.4,0.9555,INR/bale,Dhan API v2 (Client 1112620458)
2025-09-05 20:00,2025-09-05,20,Cotton,49511.18,49742.58,231.4,0.4674,109.45,14638,79034,49500,14.18,14.68,0.887,INR/bale,Dhan API v2 (Client 1112620458)
2025-09-05 21:00,2025-09-05,21,Cotton,49606.62,49673.54,66.93,0.1349,-164.47,10188,79533,49500,14.26,14.76,0.932,INR/bale,Dhan API v2 (Client 1112620458)
2025-09-05 22:00,2025-09-05,22,Cotton,49534.36,49688.33,153.97,0.3108,87.04,8164,80435,49500,14.44,14.94,0.9306,INR/bale,Dhan API v2 (Client 1112620458)
2025-09-05 23:00,2025-09-05,23,Cotton,49465.42,49491.31,25.88,0.0523,-128.09,8043,79602,49500,14.47,14.97,0.9293,INR/bale,Dhan API v2 (Client 1112620458)
2025-09-08 09:00,2025-09-08,9,Cotton,49457.4,49548.26,90.86,0.1837,64.98,9855,78940,49500,14.63,15.13,0.9276,INR/bale,Dhan API v2 (Client 1112620458)
2025-09-08 10:00,2025-09-08,10,Cotton,49491.77,49593.7,101.93,0.206,11.07,8992,79071,49500,14.69,15.19,0.9381,INR/bale,Dhan API v2 (Client 1112620458)
2025-09-08 11:00,2025-09-08,11,Cotton,49567.0,49512.09,-54.91,-0.1108,-156.84,14990,79368,49500,14.32,14.82,0.9507,INR/bale,Dhan API v2 (Client 1112620458)
2025-09-08 12:00,2025-09-08,12,Cotton,49541.66,49614.23,72.57,0.1465,127.48,11283,78227,49500,14.18,14.68,0.9345,INR/bale,Dhan API v2 (Client 1112620458)
2025-09-08 13:00,2025-09-08,13,Cotton,49432.05,49579.04,146.99,0.2974,74.42,6780,76265,49500,14.45,14.95,0.9161,INR/bale,Dhan API v2 (Client 1112620458)
2025-09-08 14:00,2025-09-08,14,Cotton,49380.04,49454.63,74.59,0.1511,-72.4,7286,78316,49500,14.33,14.83,0.9002,INR/bale,Dhan API v2 (Client 1112620458)
2025-09-08 15:00,2025-09-08,15,Cotton,49641.26,49662.02,20.76,0.0418,-53.83,11789,79400,49500,14.01,14.51,0.9203,INR/bale,Dhan API v2 (Client 1112620458)
2025-09-08 16:00,2025-09-08,16,Cotton,49613.21,49622.45,9.24,0.0186,-11.52,13273,78880,49500,14.24,14.74,0.9258,INR/bale,Dhan API v2 (Client 1112620458)
2025-09-08 17:00,2025-09-08,17,Cotton,49809.43,49880.95,71.53,0.1436,62.29,5405,79804,50000,14.75,15.25,0.8797,INR/bale,Dhan API v2 (Client 1112620458)
2025-09-08 18:00,2025-09-08,18,Cotton,49827.34,49918.21,90.87,0.1824,19.34,6641,80012,50000,14.19,14.69,0.9219,INR/bale,Dhan API v2 (Client 1112620458)
2025-09-08 19:00,2025-09-08,19,Cotton,50006.73,50211.14,204.41,0.4088,113.54,9667,78807,50000,14.54,15.04,0.9271,INR/bale,Dhan API v2 (Client 1112620458)
2025-09-08 20:00,2025-09-08,20,Cotton,49950.37,50033.01,82.64,0.1654,-121.77,10630,79310,50000,14.34,14.84,0.9368,INR/bale,Dhan API v2 (Client 1112620458)
2025-09-08 21:00,2025-09-08,21,Cotton,49836.97,49767.1,-69.86,-0.1402,-152.5,7932,80983,50000,14.59,15.09,0.93,INR/bale,Dhan API v2 (Client 1112620458)
2025-09-08 22:00,2025-09-08,22,Cotton,49832.16,49871.91,39.75,0.0798,109.61,6796,79486,50000,14.29,14.79,0.9258,INR/bale,Dhan API v2 (Client 1112620458)
2025-09-08 23:00,2025-09-08,23,Cotton,49694.65,49969.56,274.9,0.5532,235.15,13368,78906,49500,14.17,14.67,0.9142,INR/bale,Dhan API v2 (Client 1112620458)
2025-09-09 09:00,2025-09-09,9,Cotton,49765.44,49751.29,-14.15,-0.0284,-289.05,1655,80905,50000,14.37,14.87,0.9286,INR/bale,Dhan API v2 (Client 1112620458)
2025-09-09 10:00,2025-09-09,10,Cotton,49775.52,49919.72,144.2,0.2897,158.35,3780,78783,50000,14.02,14.52,0.8917,INR/bale,Dhan API v2 (Client 1112620458)
2025-09-09 11:00,2025-09-09,11,Cotton,50186.77,50389.01,202.24,0.403,58.04,9282,79123,50000,14.03,14.53,0.9728,INR/bale,Dhan API v2 (Client 1112620458)
2025-09-09 12:00,2025-09-09,12,Cotton,50056.11,50173.11,117.0,0.2337,-85.24,4676,80476,50000,14.78,15.28,0.9232,INR/bale,Dhan API v2 (Client 1112620458)
2025-09-09 13:00,2025-09-09,13,Cotton,50069.97,50106.59,36.61,0.0731,-80.39,11370,78311,50000,14.55,15.05,0.9158,INR/bale,Dhan API v2 (Client 1112620458)
2025-09-09 14:00,2025-09-09,14,Cotton,50338.14,50454.98,116.84,0.2321,80.23,14562,81507,50500,14.47,14.97,0.9151,INR/bale,Dhan API v2 (Client 1112620458)
2025-09-09 15:00,2025-09-09,15,Cotton,50309.3,50357.52,48.22,0.0958,-68.62,11665,79025,50500,14.79,15.29,0.9564,INR/bale,Dhan API v2 (Client 1112620458)
2025-09-09 16:00,2025-09-09,16,Cotton,50341.46,50526.2,184.74,0.367,136.52,3268,78885,50500,14.3,14.8,0.9242,INR/bale,Dhan API v2 (Client 1112620458)
2025-09-09 17:00,2025-09-09,17,Cotton,50205.44,50291.92,86.48,0.1723,-98.26,12537,81402,50000,13.91,14.41,0.952,INR/bale,Dhan API v2 (Client 1112620458)
2025-09-09 18:00,2025-09-09,18,Cotton,50120.09,50178.23,58.14,0.116,-28.34,8454,79472,50000,14.28,14.78,0.927,INR/bale,Dhan API v2 (Client 1112620458)
2025-09-09 19:00,2025-09-09,19,Cotton,50380.7,50468.18,87.48,0.1736,29.34,11668,80985,50500,14.86,15.36,0.9154,INR/bale,Dhan API v2 (Client 1112620458)
2025-09-09 20:00,2025-09-09,20,Cotton,50303.24,50420.07,116.82,0.2322,29.34,10741,79947,50500,13.79,14.29,0.9065,INR/bale,Dhan API v2 (Client 1112620458)
2025-09-09 21:00,2025-09-09,21,Cotton,50439.55,50722.68,283.14,0.5613,166.32,4918,79902,50500,15.15,15.65,0.9083,INR/bale,Dhan API v2 (Client 1112620458)
2025-09-09 22:00,2025-09-09,22,Cotton,50404.47,50572.26,167.79,0.3329,-115.35,6886,78909,50500,14.46,14.96,0.9279,INR/bale,Dhan API v2 (Client 1112620458)
2025-09-09 23:00,2025-09-09,23,Cotton,50384.43,50450.69,66.26,0.1315,-101.53,11628,80301,50500,14.8,15.3,0.9407,INR/bale,Dhan API v2 (Client 1112620458)
2025-09-10 09:00,2025-09-10,9,Cotton,50376.75,50425.65,48.9,0.0971,-17.36,8392,80839,50500,14.66,15.16,0.8887,INR/bale,Dhan API v2 (Client 1112620458)
2025-09-10 10:00,2025-09-10,10,Cotton,50212.8,50385.72,172.91,0.3444,124.01,12129,81206,50000,14.58,15.08,0.9003,INR/bale,Dhan API v2 (Client 1112620458)
2025-09-10 11:00,2025-09-10,11,Cotton,50013.78,50195.49,181.71,0.3633,8.8,6764,80373,50000,14.24,14.74,0.9053,INR/bale,Dhan API v2 (Client 1112620458)
2025-09-10 12:00,2025-09-10,12,Cotton,50026.29,50195.47,169.18,0.3382,-12.53,6058,80255,50000,14.53,15.03,0.9127,INR/bale,Dhan API v2 (Client 1112620458)
2025-09-10 13:00,2025-09-10,13,Cotton,50176.83,50382.23,205.4,0.4093,36.22,10375,81027,50000,14.22,14.72,0.9188,INR/bale,Dhan API v2 (Client 1112620458)
2025-09-10 14:00,2025-09-10,14,Cotton,50174.02,50367.22,193.2,0.3851,-12.2,13523,80748,50000,14.58,15.08,0.8944,INR/bale,Dhan API v2 (Client 1112620458)
2025-09-10 15:00,2025-09-10,15,Cotton,50061.45,50302.65,241.2,0.4818,48.0,9378,80302,50000,14.2,14.7,0.9254,INR/bale,Dhan API v2 (Client 1112620458)
2025-09-10 16:00,2025-09-10,16,Cotton,49862.17,50005.3,143.14,0.2871,-98.06,9834,78645,50000,14.39,14.89,0.9475,INR/bale,Dhan API v2 (Client 1112620458)
2025-09-10 17:00,2025-09-10,17,Cotton,49641.97,49848.27,206.3,0.4156,63.16,7481,80310,49500,14.04,14.54,0.9267,INR/bale,Dhan API v2 (Client 1112620458)
2025-09-10 18:00,2025-09-10,18,Cotton,49540.24,49635.81,95.56,0.1929,-110.74,3411,78567,49500,14.31,14.81,0.9273,INR/bale,Dhan API v2 (Client 1112620458)
2025-09-10 19:00,2025-09-10,19,Cotton,49642.7,49752.15,109.45,0.2205,13.89,10419,78744,49500,14.73,15.23,0.932,INR/bale,Dhan API v2 (Client 1112620458)
2025-09-10 20:00,2025-09-10,20,Cotton,49777.81,49818.1,40.29,0.0809,-69.16,2114,79105,50000,13.84,14.34,0.8893,INR/bale,Dhan API v2 (Client 1112620458)
2025-09-10 21:00,2025-09-10,21,Cotton,49834.69,49983.23,148.55,0.2981,108.26,8770,79628,50000,14.68,15.18,0.9058,INR/bale,Dhan API v2 (Client 1112620458)
2025-09-10 22:00,2025-09-10,22,Cotton,49818.73,49773.32,-45.41,-0.0912,-193.96,10783,78517,50000,14.03,14.53,0.9056,INR/bale,Dhan API v2 (Client 1112620458)
2025-09-10 23:00,2025-09-10,23,Cotton,49680.52,49736.83,56.31,0.1133,101.72,7562,78664,49500,14.38,14.88,0.8805,INR/bale,Dhan API v2 (Client 1112620458)
2025-09-11 09:00,2025-09-11,9,Cotton,49647.65,49749.41,101.77,0.205,45.46,6255,80883,49500,14.09,14.59,0.9502,INR/bale,Dhan API v2 (Client 1112620458)
2025-09-11 10:00,2025-09-11,10,Cotton,49798.74,50028.39,229.64,0.4611,127.87,11595,79584,50000,14.35,14.85,0.9263,INR/bale,Dhan API v2 (Client 1112620458)
2025-09-11 11:00,2025-09-11,11,Cotton,49768.02,49943.55,175.53,0.3527,-54.11,13393,78101,50000,14.9,15.4,0.9502,INR/bale,Dhan API v2 (Client 1112620458)
2025-09-11 12:00,2025-09-11,12,Cotton,49785.51,49756.62,-28.89,-0.058,-204.42,14076,80439,50000,13.86,14.36,0.8997,INR/bale,Dhan API v2 (Client 1112620458)
2025-09-11 13:00,2025-09-11,13,Cotton,49796.53,49778.51,-18.03,-0.0362,10.86,12290,78650,50000,14.61,15.11,0.9253,INR/bale,Dhan API v2 (Client 1112620458)
2025-09-11 14:00,2025-09-11,14,Cotton,49731.72,49810.78,79.06,0.159,97.09,14063,78808,49500,14.31,14.81,0.9232,INR/bale,Dhan API v2 (Client 1112620458)
2025-09-11 15:00,2025-09-11,15,Cotton,49697.86,49869.79,171.93,0.3459,92.87,1244,79602,49500,14.39,14.89,0.9247,INR/bale,Dhan API v2 (Client 1112620458)
2025-09-11 16:00,2025-09-11,16,Cotton,49565.29,49553.58,-11.71,-0.0236,-183.64,3182,78886,49500,14.05,14.55,0.9063,INR/bale,Dhan API v2 (Client 1112620458)
2025-09-11 17:00,2025-09-11,17,Cotton,49403.27,49631.22,227.95,0.4614,239.66,14008,79341,49500,14.87,15.37,0.9327,INR/bale,Dhan API v2 (Client 1112620458)
2025-09-11 18:00,2025-09-11,18,Cotton,49305.6,49422.61,117.0,0.2373,-110.95,7858,80466,49500,14.16,14.66,0.9182,INR/bale,Dhan API v2 (Client 1112620458)
2025-09-11 19:00,2025-09-11,19,Cotton,49136.52,49200.85,64.33,0.1309,-52.67,10738,80007,49000,14.11,14.61,0.8952,INR/bale,Dhan API v2 (Client 1112620458)
2025-09-11 20:00,2025-09-11,20,Cotton,49205.69,49339.31,133.61,0.2715,69.28,2748,80440,49000,14.97,15.47,0.9268,INR/bale,Dhan API v2 (Client 1112620458)
2025-09-11 21:00,2025-09-11,21,Cotton,49147.89,49179.13,31.24,0.0636,-102.37,7317,80097,49000,14.06,14.56,0.9724,INR/bale,Dhan API v2 (Client 1112620458)
2025-09-11 22:00,2025-09-11,22,Cotton,49133.6,49194.17,60.57,0.1233,29.33,4569,78451,49000,14.53,15.03,0.8967,INR/bale,Dhan API v2 (Client 1112620458)
2025-09-11 23:00,2025-09-11,23,Cotton,49201.93,49305.65,103.72,0.2108,43.15,11104,79038,49000,13.58,14.08,0.9211,INR/bale,Dhan API v2 (Client 1112620458)
2025-09-12 09:00,2025-09-12,9,Cotton,49270.21,49239.83,-30.38,-0.0617,-134.1,568,78996,49500,14.22,14.72,0.9334,INR/bale,Dhan API v2 (Client 1112620458)
2025-09-12 10:00,2025-09-12,10,Cotton,49306.03,49444.2,138.17,0.2802,168.55,10543,78909,49500,14.8,15.3,0.9046,INR/bale,Dhan API v2 (Client 1112620458)
2025-09-12 11:00,2025-09-12,11,Cotton,49265.9,49396.47,130.57,0.265,-7.6,1704,81560,49500,14.4,14.9,0.9185,INR/bale,Dhan API v2 (Client 1112620458)
2025-09-12 12:00,2025-09-12,12,Cotton,49189.74,49322.73,132.99,0.2704,2.42,14021,80513,49000,13.59,14.09,0.9059,INR/bale,Dhan API v2 (Client 1112620458)
2025-09-12 13:00,2025-09-12,13,Cotton,49162.59,49208.5,45.91,0.0934,-87.08,12468,79503,49000,14.45,14.95,0.9196,INR/bale,Dhan API v2 (Client 1112620458)
2025-09-12 14:00,2025-09-12,14,Cotton,49228.51,49191.3,-37.21,-0.0756,-83.12,11514,78908,49000,14.66,15.16,0.859,INR/bale,Dhan API v2 (Client 1112620458)
2025-09-12 15:00,2025-09-12,15,Cotton,48932.37,49128.53,196.17,0.4009,233.38,10476,79954,49000,14.89,15.39,0.9368,INR/bale,Dhan API v2 (Client 1112620458)
2025-09-12 16:00,2025-09-12,16,Cotton,48851.38,48943.75,92.37,0.1891,-103.8,11503,80443,49000,14.59,15.09,0.9318,INR/bale,Dhan API v2 (Client 1112620458)
2025-09-12 17:00,2025-09-12,17,Cotton,48984.55,49052.93,68.38,0.1396,-23.99,10568,79096,49000,14.36,14.86,0.9075,INR/bale,Dhan API v2 (Client 1112620458)
2025-09-12 18:00,2025-09-12,18,Cotton,49091.46,49013.78,-77.68,-0.1582,-146.06,3999,79179,49000,14.73,15.23,0.9291,INR/bale,Dhan API v2 (Client 1112620458)
2025-09-12 19:00,2025-09-12,19,Cotton,49070.6,49281.13,210.53,0.429,288.21,6198,78188,49000,14.34,14.84,0.9207,INR/bale,Dhan API v2 (Client 1112620458)
2025-09-12 20:00,2025-09-12,20,Cotton,49100.49,49128.19,27.7,0.0564,-182.83,2402,79632,49000,14.19,14.69,0.9371,INR/bale,Dhan API v2 (Client 1112620458)
2025-09-12 21:00,2025-09-12,21,Cotton,49072.23,49143.34,71.11,0.1449,43.41,651,79511,49000,14.66,15.16,0.8849,INR/bale,Dhan API v2 (Client 1112620458)
2025-09-12 22:00,2025-09-12,22,Cotton,48952.34,48969.5,17.15,0.035,-53.96,3190,79490,49000,14.11,14.61,0.8984,INR/bale,Dhan API v2 (Client 1112620458)
2025-09-12 23:00,2025-09-12,23,Cotton,49092.07,49193.89,101.81,0.2074,84.66,2381,79462,49000,14.48,14.98,0.9331,INR/bale,Dhan API v2 (Client 1112620458)
2025-09-15 09:00,2025-09-15,9,Cotton,49284.12,49452.36,168.24,0.3414,66.43,8123,79971,49500,14.85,15.35,0.9311,INR/bale,Dhan API v2 (Client 1112620458)
2025-09-15 10:00,2025-09-15,10,Cotton,49310.52,49380.91,70.39,0.1428,-97.85,2018,78516,49500,14.39,14.89,0.9029,INR/bale,Dhan API v2 (Client 1112620458)
2025-09-15 11:00,2025-09-15,11,Cotton,49381.94,49484.5,102.56,0.2077,32.17,5680,79152,49500,14.06,14.56,0.8926,INR/bale,Dhan API v2 (Client 1112620458)
2025-09-15 12:00,2025-09-15,12,Cotton,49314.21,49264.13,-50.08,-0.1016,-152.64,529,79197,49500,14.01,14.51,0.9412,INR/bale,Dhan API v2 (Client 1112620458)
2025-09-15 13:00,2025-09-15,13,Cotton,49134.08,49167.82,33.74,0.0687,83.82,3478,79881,49000,13.85,14.35,0.9438,INR/bale,Dhan API v2 (Client 1112620458)
2025-09-15 14:00,2025-09-15,14,Cotton,49129.24,49271.64,142.4,0.2898,108.66,11335,80024,49000,14.15,14.65,0.9392,INR/bale,Dhan API v2 (Client 1112620458)
2025-09-15 15:00,2025-09-15,15,Cotton,48975.61,49072.83,97.22,0.1985,-45.18,2710,80179,49000,14.54,15.04,0.9098,INR/bale,Dhan API v2 (Client 1112620458)
2025-09-15 16:00,2025-09-15,16,Cotton,48847.76,49054.81,207.05,0.4239,109.83,13810,79512,49000,14.21,14.71,0.9026,INR/bale,Dhan API v2 (Client 1112620458)
2025-09-15 17:00,2025-09-15,17,Cotton,48733.69,48762.97,29.28,0.0601,-177.77,8712,79608,48500,14.8,15.3,0.908,INR/bale,Dhan API v2 (Client 1112620458)
2025-09-15 18:00,2025-09-15,18,Cotton,48765.54,48803.71,38.16,0.0783,8.88,4151,80103,49000,13.79,14.29,0.9338,INR/bale,Dhan API v2 (Client 1112620458)
2025-09-15 19:00,2025-09-15,19,Cotton,48484.71,48347.61,-137.1,-0.2828,-175.26,2026,80213,48500,14.34,14.84,0.9004,INR/bale,Dhan API v2 (Client 1112620458)
2025-09-15 20:00,2025-09-15,20,Cotton,48503.61,48460.22,-43.39,-0.0895,93.71,6491,79755,48500,14.44,14.94,0.8765,INR/bale,Dhan API v2 (Client 1112620458)
2025-09-15 21:00,2025-09-15,21,Cotton,48367.66,48521.65,153.99,0.3184,197.38,9512,80118,48500,14.94,15.44,0.9045,INR/bale,Dhan API v2 (Client 1112620458)
2025-09-15 22:00,2025-09-15,22,Cotton,48504.06,48582.79,78.73,0.1623,-75.26,11403,79034,48500,14.21,14.71,0.868,INR/bale,Dhan API v2 (Client 1112620458)
2025-09-15 23:00,2025-09-15,23,Cotton,48706.42,48801.98,95.57,0.1962,16.84,5394,78127,48500,14.42,14.92,0.8774,INR/bale,Dhan API v2 (Client 1112620458)
2025-09-16 09:00,2025-09-16,9,Cotton,48682.4,48662.07,-20.33,-0.0418,-115.9,5882,78477,48500,14.54,15.04,0.9216,INR/bale,Dhan API v2 (Client 1112620458)
2025-09-16 10:00,2025-09-16,10,Cotton,48555.61,48703.97,148.35,0.3055,168.68,12613,80290,48500,14.6,15.1,0.8996,INR/bale,Dhan API v2 (Client 1112620458)
2025-09-16 11:00,2025-09-16,11,Cotton,48430.56,48518.11,87.55,0.1808,-60.8,10503,80081,48500,14.42,14.92,0.8871,INR/bale,Dhan API v2 (Client 1112620458)
2025-09-16 12:00,2025-09-16,12,Cotton,48399.9,48516.2,116.3,0.2403,28.75,4445,80437,48500,14.77,15.27,0.9673,INR/bale,Dhan API v2 (Client 1112620458)
2025-09-16 13:00,2025-09-16,13,Cotton,48494.5,48479.05,-15.45,-0.0319,-131.75,11055,80518,48500,14.13,14.63,0.9097,INR/bale,Dhan API v2 (Client 1112620458)
2025-09-16 14:00,2025-09-16,14,Cotton,48306.19,48257.99,-48.19,-0.0998,-32.74,9467,78729,48500,14.29,14.79,0.9195,INR/bale,Dhan API v2 (Client 1112620458)
2025-09-16 15:00,2025-09-16,15,Cotton,48368.17,48276.68,-91.49,-0.1892,-43.3,1862,78674,48500,13.79,14.29,0.8865,INR/bale,Dhan API v2 (Client 1112620458)
2025-09-16 16:00,2025-09-16,16,Cotton,48291.33,48448.2,156.87,0.3248,248.36,2941,81159,48500,13.91,14.41,0.8665,INR/bale,Dhan API v2 (Client 1112620458)
2025-09-16 17:00,2025-09-16,17,Cotton,48210.96,48137.07,-73.89,-0.1533,-230.76,13486,78010,48000,13.88,14.38,0.939,INR/bale,Dhan API v2 (Client 1112620458)
2025-09-16 18:00,2025-09-16,18,Cotton,48102.84,48106.44,3.61,0.0075,77.5,14517,80805,48000,14.03,14.53,0.9121,INR/bale,Dhan API v2 (Client 1112620458)
2025-09-16 19:00,2025-09-16,19,Cotton,48002.42,48027.59,25.17,0.0524,21.56,4638,80855,48000,13.96,14.46,0.872,INR/bale,Dhan API v2 (Client 1112620458)
2025-09-16 20:00,2025-09-16,20,Cotton,48000.48,48067.35,66.87,0.1393,41.7,2398,78748,48000,14.2,14.7,0.925,INR/bale,Dhan API v2 (Client 1112620458)
2025-09-16 21:00,2025-09-16,21,Cotton,48058.97,48083.63,24.65,0.0513,-42.22,13276,79619,48000,14.44,14.94,0.925,INR/bale,Dhan API v2 (Client 1112620458)
2025-09-16 22:00,2025-09-16,22,Cotton,47915.55,48002.2,86.65,0.1808,62.0,10213,79933,48000,14.57,15.07,0.8897,INR/bale,Dhan API v2 (Client 1112620458)
2025-09-16 23:00,2025-09-16,23,Cotton,47812.09,47845.32,33.23,0.0695,-53.42,8341,79938,48000,13.53,14.03,0.912,INR/bale,Dhan API v2 (Client 1112620458)
2025-09-17 09:00,2025-09-17,9,Cotton,47716.95,47978.47,261.52,0.5481,228.29,3684,79684,47500,13.95,14.45,0.9531,INR/bale,Dhan API v2 (Client 1112620458)
2025-09-17 10:00,2025-09-17,10,Cotton,47958.98,47997.17,38.2,0.0796,-223.32,9327,81029,48000,14.38,14.88,0.8881,INR/bale,Dhan API v2 (Client 1112620458)
2025-09-17 11:00,2025-09-17,11,Cotton,48026.58,48158.82,132.24,0.2753,94.04,7754,79187,48000,14.66,15.16,0.9253,INR/bale,Dhan API v2 (Client 1112620458)
2025-09-17 12:00,2025-09-17,12,Cotton,47945.5,48029.98,84.48,0.1762,-47.76,8725,77868,48000,14.39,14.89,0.9125,INR/bale,Dhan API v2 (Client 1112620458)
2025-09-17 13:00,2025-09-17,13,Cotton,47876.86,47856.7,-20.15,-0.0421,-104.63,4496,78745,48000,14.46,14.96,0.9339,INR/bale,Dhan API v2 (Client 1112620458)
2025-09-17 14:00,2025-09-17,14,Cotton,47890.91,47970.76,79.85,0.1667,100.0,9622,78075,48000,14.4,14.9,0.8962,INR/bale,Dhan API v2 (Client 1112620458)
2025-09-17 15:00,2025-09-17,15,Cotton,48010.04,48142.74,132.7,0.2764,52.85,13591,79960,48000,14.74,15.24,0.9317,INR/bale,Dhan API v2 (Client 1112620458)
2025-09-17 16:00,2025-09-17,16,Cotton,48139.91,48264.12,124.21,0.258,-8.49,6796,78558,48000,15.0,15.5,0.8744,INR/bale,Dhan API v2 (Client 1112620458)
2025-09-17 17:00,2025-09-17,17,Cotton,48113.04,48032.13,-80.91,-0.1682,-205.12,8399,78998,48000,14.45,14.95,0.9349,INR/bale,Dhan API v2 (Client 1112620458)
2025-09-17 18:00,2025-09-17,18,Cotton,48367.62,48437.02,69.39,0.1435,150.3,2748,79743,48500,14.51,15.01,0.9164,INR/bale,Dhan API v2 (Client 1112620458)
2025-09-17 19:00,2025-09-17,19,Cotton,48285.67,48311.73,26.06,0.054,-43.33,14988,80183,48500,14.41,14.91,0.9485,INR/bale,Dhan API v2 (Client 1112620458)
2025-09-17 20:00,2025-09-17,20,Cotton,48125.76,48194.24,68.48,0.1423,42.42,4090,80973,48000,13.99,14.49,0.9053,INR/bale,Dhan API v2 (Client 1112620458)
2025-09-17 21:00,2025-09-17,21,Cotton,48017.0,48010.87,-6.13,-0.0128,-74.61,12799,80612,48000,13.96,14.46,0.9057,INR/bale,Dhan API v2 (Client 1112620458)
2025-09-17 22:00,2025-09-17,22,Cotton,47965.24,48078.63,113.39,0.2364,119.52,11666,79992,48000,14.05,14.55,0.8614,INR/bale,Dhan API v2 (Client 1112620458)
2025-09-17 23:00,2025-09-17,23,Cotton,47934.37,47991.38,57.01,0.1189,-56.38,7652,80919,48000,14.43,14.93,0.938,INR/bale,Dhan API v2 (Client 1112620458)
2025-09-18 09:00,2025-09-18,9,Cotton,47937.61,47930.29,-7.32,-0.0153,-64.33,1305,78630,48000,14.41,14.91,0.9086,INR/bale,Dhan API v2 (Client 1112620458)
2025-09-18 10:00,2025-09-18,10,Cotton,47943.92,48009.11,65.19,0.136,72.51,11158,78430,48000,14.69,15.19,0.9436,INR/bale,Dhan API v2 (Client 1112620458)
2025-09-18 11:00,2025-09-18,11,Cotton,47983.52,48067.22,83.7,0.1744,18.51,2147,78589,48000,13.93,14.43,0.9172,INR/bale,Dhan API v2 (Client 1112620458)
2025-09-18 12:00,2025-09-18,12,Cotton,47938.25,47999.18,60.93,0.1271,-22.77,10710,80005,48000,14.11,14.61,0.9462,INR/bale,Dhan API v2 (Client 1112620458)
2025-09-18 13:00,2025-09-18,13,Cotton,47968.43,48051.67,83.24,0.1735,22.31,703,79687,48000,14.71,15.21,0.8766,INR/bale,Dhan API v2 (Client 1112620458)
2025-09-18 14:00,2025-09-18,14,Cotton,47954.18,48070.08,115.9,0.2417,32.66,13736,77763,48000,14.12,14.62,0.9152,INR/bale,Dhan API v2 (Client 1112620458)
2025-09-18 15:00,2025-09-18,15,Cotton,47980.11,48007.2,27.09,0.0565,-88.81,4175,80378,48000,14.47,14.97,0.8766,INR/bale,Dhan API v2 (Client 1112620458)
2025-09-18 16:00,2025-09-18,16,Cotton,47754.81,47703.1,-51.7,-0.1083,-78.79,11299,77783,48000,14.51,15.01,0.931,INR/bale,Dhan API v2 (Client 1112620458)
2025-09-18 17:00,2025-09-18,17,Cotton,47842.46,47919.18,76.72,0.1604,128.42,595,79373,48000,14.06,14.56,0.9176,INR/bale,Dhan API v2 (Client 1112620458)
2025-09-18 18:00,2025-09-18,18,Cotton,47634.75,47791.56,156.81,0.3292,80.09,6553,77426,47500,13.87,14.37,0.8979,INR/bale,Dhan API v2 (Client 1112620458)
2025-09-18 19:00,2025-09-18,19,Cotton,47457.38,47539.04,81.66,0.1721,-75.15,8688,79363,47500,14.09,14.59,0.9185,INR/bale,Dhan API v2 (Client 1112620458)
2025-09-18 20:00,2025-09-18,20,Cotton,47553.16,47580.93,27.78,0.0584,-53.88,14855,77821,47500,14.19,14.69,0.9105,INR/bale,Dhan API v2 (Client 1112620458)
2025-09-18 21:00,2025-09-18,21,Cotton,47559.41,47634.53,75.13,0.158,47.35,2228,78828,47500,14.53,15.03,0.9335,INR/bale,Dhan API v2 (Client 1112620458)
2025-09-18 22:00,2025-09-18,22,Cotton,47523.49,47446.01,-77.48,-0.163,-152.61,1136,78699,47500,14.28,14.78,0.9106,INR/bale,Dhan API v2 (Client 1112620458)
2025-09-18 23:00,2025-09-18,23,Cotton,47373.05,47379.17,6.12,0.0129,83.6,8310,79445,47500,14.22,14.72,0.9489,INR/bale,Dhan API v2 (Client 1112620458)
2025-09-19 09:00,2025-09-19,9,Cotton,47335.8,47326.6,-9.2,-0.0194,-15.32,4620,82045,47500,14.02,14.52,0.9235,INR/bale,Dhan API v2 (Client 1112620458)
2025-09-19 10:00,2025-09-19,10,Cotton,47441.57,47630.38,188.81,0.398,198.01,9456,79190,47500,14.36,14.86,0.945,INR/bale,Dhan API v2 (Client 1112620458)
2025-09-19 11:00,2025-09-19,11,Cotton,47506.25,47460.07,-46.18,-0.0972,-234.99,11134,80699,47500,14.47,14.97,0.9488,INR/bale,Dhan API v2 (Client 1112620458)
2025-09-19 12:00,2025-09-19,12,Cotton,47269.21,47137.1,-132.11,-0.2795,-85.93,8431,79220,47500,14.11,14.61,0.8864,INR/bale,Dhan API v2 (Client 1112620458)
2025-09-19 13:00,2025-09-19,13,Cotton,47259.27,47242.89,-16.37,-0.0346,115.74,13648,78428,47500,14.54,15.04,0.8908,INR/bale,Dhan API v2 (Client 1112620458)
2025-09-19 14:00,2025-09-19,14,Cotton,47295.01,47151.86,-143.15,-0.3027,-126.78,10852,79398,47500,14.64,15.14,0.9278,INR/bale,Dhan API v2 (Client 1112620458)
2025-09-19 15:00,2025-09-19,15,Cotton,47377.4,47389.78,12.37,0.0261,155.52,6918,79986,47500,14.11,14.61,0.8778,INR/bale,Dhan API v2 (Client 1112620458)
2025-09-19 16:00,2025-09-19,16,Cotton,47399.91,47434.86,34.95,0.0737,22.58,6522,78564,47500,14.43,14.93,0.9084,INR/bale,Dhan API v2 (Client 1112620458)
2025-09-19 17:00,2025-09-19,17,Cotton,47469.56,47482.69,13.13,0.0277,-21.82,14495,79296,47500,13.94,14.44,0.909,INR/bale,Dhan API v2 (Client 1112620458)
2025-09-19 18:00,2025-09-19,18,Cotton,47461.1,47526.69,65.59,0.1382,52.46,8843,80437,47500,14.24,14.74,0.9158,INR/bale,Dhan API v2 (Client 1112620458)
2025-09-19 19:00,2025-09-19,19,Cotton,47432.27,47443.14,10.87,0.0229,-54.72,13505,79839,47500,14.46,14.96,0.9424,INR/bale,Dhan API v2 (Client 1112620458)
2025-09-19 20:00,2025-09-19,20,Cotton,47639.81,47622.91,-16.9,-0.0355,-27.77,4131,80763,47500,14.17,14.67,0.9268,INR/bale,Dhan API v2 (Client 1112620458)
2025-09-19 21:00,2025-09-19,21,Cotton,47317.15,47511.12,193.97,0.4099,210.87,8545,80758,47500,13.61,14.11,0.9077,INR/bale,Dhan API v2 (Client 1112620458)
2025-09-19 22:00,2025-09-19,22,Cotton,47245.94,47115.88,-130.06,-0.2753,-324.03,10115,79046,47000,14.57,15.07,0.9217,INR/bale,Dhan API v2 (Client 1112620458)
2025-09-19 23:00,2025-09-19,23,Cotton,47218.52,47282.33,63.8,0.1351,193.86,6215,79405,47000,15.01,15.51,0.8841,INR/bale,Dhan API v2 (Client 1112620458)
2025-09-22 09:00,2025-09-22,9,Cotton,47329.68,47377.45,47.77,0.1009,-16.03,8377,78484,47500,14.13,14.63,0.8776,INR/bale,Dhan API v2 (Client 1112620458)
2025-09-22 10:00,2025-09-22,10,Cotton,47494.43,47608.36,113.93,0.2399,66.16,9640,78320,47500,14.41,14.91,0.9222,INR/bale,Dhan API v2 (Client 1112620458)
2025-09-22 11:00,2025-09-22,11,Cotton,47481.23,47521.01,39.78,0.0838,-74.15,9019,80016,47500,14.81,15.31,0.9409,INR/bale,Dhan API v2 (Client 1112620458)
2025-09-22 12:00,2025-09-22,12,Cotton,47214.03,47397.7,183.67,0.389,143.89,6801,79588,47000,14.19,14.69,0.9026,INR/bale,Dhan API v2 (Client 1112620458)
2025-09-22 13:00,2025-09-22,13,Cotton,47153.25,47107.3,-45.95,-0.0975,-229.62,10527,79291,47000,14.52,15.02,0.9062,INR/bale,Dhan API v2 (Client 1112620458)
2025-09-22 14:00,2025-09-22,14,Cotton,46894.96,46930.51,35.54,0.0758,81.49,1779,79050,47000,14.59,15.09,0.9396,INR/bale,Dhan API v2 (Client 1112620458)
2025-09-22 15:00,2025-09-22,15,Cotton,46679.45,46610.74,-68.71,-0.1472,-104.25,981,79948,46500,14.52,15.02,0.8939,INR/bale,Dhan API v2 (Client 1112620458)
2025-09-22 16:00,2025-09-22,16,Cotton,46726.61,46810.85,84.24,0.1803,152.95,14479,81920,46500,14.35,14.85,0.9089,INR/bale,Dhan API v2 (Client 1112620458)
2025-09-22 17:00,2025-09-22,17,Cotton,46769.54,46767.94,-1.6,-0.0034,-85.84,13286,78631,47000,14.29,14.79,0.8901,INR/bale,Dhan API v2 (Client 1112620458)
2025-09-22 18:00,2025-09-22,18,Cotton,46688.42,46755.69,67.27,0.1441,68.87,12164,78954,46500,14.33,14.83,0.877,INR/bale,Dhan API v2 (Client 1112620458)
2025-09-22 19:00,2025-09-22,19,Cotton,46774.77,46672.26,-102.51,-0.2192,-169.78,3391,78778,47000,14.78,15.28,0.9522,INR/bale,Dhan API v2 (Client 1112620458)
2025-09-22 20:00,2025-09-22,20,Cotton,47104.83,47134.9,30.07,0.0638,132.58,627,79336,47000,14.58,15.08,0.9307,INR/bale,Dhan API v2 (Client 1112620458)
2025-09-22 21:00,2025-09-22,21,Cotton,47130.21,47114.99,-15.22,-0.0323,-45.29,3980,79929,47000,14.43,14.93,0.9049,INR/bale,Dhan API v2 (Client 1112620458)
2025-09-22 22:00,2025-09-22,22,Cotton,47072.33,47103.5,31.17,0.0662,46.39,12218,79978,47000,14.12,14.62,0.8811,INR/bale,Dhan API v2 (Client 1112620458)
2025-09-22 23:00,2025-09-22,23,Cotton,47408.67,47301.75,-106.92,-0.2255,-138.09,10118,79726,47500,14.39,14.89,0.9031,INR/bale,Dhan API v2 (Client 1112620458)
2025-09-23 09:00,2025-09-23,9,Cotton,47470.92,47406.11,-64.82,-0.1365,42.1,2821,79497,47500,14.6,15.1,0.8976,INR/bale,Dhan API v2 (Client 1112620458)
2025-09-23 10:00,2025-09-23,10,Cotton,47757.04,47793.95,36.92,0.0773,101.74,14792,78742,48000,14.29,14.79,0.9358,INR/bale,Dhan API v2 (Client 1112620458)
2025-09-23 11:00,2025-09-23,11,Cotton,47831.55,47879.94,48.39,0.1012,11.47,5870,79576,48000,14.64,15.14,0.9167,INR/bale,Dhan API v2 (Client 1112620458)
2025-09-23 12:00,2025-09-23,12,Cotton,47700.01,47720.59,20.58,0.0431,-27.81,5060,80740,47500,14.22,14.72,0.8797,INR/bale,Dhan API v2 (Client 1112620458)
2025-09-23 13:00,2025-09-23,13,Cotton,47453.39,47535.42,82.03,0.1729,61.45,4719,78914,47500,14.2,14.7,0.9205,INR/bale,Dhan API v2 (Client 1112620458)
2025-09-23 14:00,2025-09-23,14,Cotton,47535.93,47467.25,-68.68,-0.1445,-150.71,11683,78419,47500,14.43,14.93,0.9371,INR/bale,Dhan API v2 (Client 1112620458)
2025-09-23 15:00,2025-09-23,15,Cotton,47341.51,47449.23,107.71,0.2275,176.39,4116,80502,47500,14.44,14.94,0.9108,INR/bale,Dhan API v2 (Client 1112620458)
2025-09-23 16:00,2025-09-23,16,Cotton,47137.03,47103.86,-33.17,-0.0704,-140.88,9392,78407,47000,14.01,14.51,0.9161,INR/bale,Dhan API v2 (Client 1112620458)
2025-09-23 17:00,2025-09-23,17,Cotton,47171.78,47068.5,-103.28,-0.2189,-70.11,14165,78931,47000,14.4,14.9,0.8846,INR/bale,Dhan API v2 (Client 1112620458)
2025-09-23 18:00,2025-09-23,18,Cotton,47345.83,47351.95,6.11,0.0129,109.39,9755,78794,47500,14.69,15.19,0.8754,INR/bale,Dhan API v2 (Client 1112620458)
2025-09-23 19:00,2025-09-23,19,Cotton,47411.75,47370.15,-41.6,-0.0877,-47.71,5408,80439,47500,14.5,15.0,0.9456,INR/bale,Dhan API v2 (Client 1112620458)
2025-09-23 20:00,2025-09-23,20,Cotton,47390.51,47370.24,-20.27,-0.0428,21.33,11456,78638,47500,14.9,15.4,0.9113,INR/bale,Dhan API v2 (Client 1112620458)
2025-09-23 21:00,2025-09-23,21,Cotton,47264.72,47389.27,124.54,0.2635,144.81,1120,79385,47500,14.26,14.76,0.8883,INR/bale,Dhan API v2 (Client 1112620458)
2025-09-23 22:00,2025-09-23,22,Cotton,47292.65,47205.68,-86.98,-0.1839,-211.52,7675,79917,47500,14.4,14.9,0.9461,INR/bale,Dhan API v2 (Client 1112620458)
2025-09-23 23:00,2025-09-23,23,Cotton,47579.98,47716.16,136.18,0.2862,223.16,6856,80823,47500,13.78,14.28,0.9119,INR/bale,Dhan API v2 (Client 1112620458)
2025-09-24 09:00,2025-09-24,9,Cotton,47607.38,47672.47,65.08,0.1367,-71.1,12942,79233,47500,14.25,14.75,0.9176,INR/bale,Dhan API v2 (Client 1112620458)
2025-09-24 10:00,2025-09-24,10,Cotton,47786.97,47673.32,-113.64,-0.2378,-178.72,7693,79604,48000,14.91,15.41,0.9266,INR/bale,Dhan API v2 (Client 1112620458)
2025-09-24 11:00,2025-09-24,11,Cotton,48127.4,48116.65,-10.76,-0.0224,102.88,7169,78425,48000,14.3,14.8,0.9251,INR/bale,Dhan API v2 (Client 1112620458)
2025-09-24 12:00,2025-09-24,12,Cotton,48029.08,48159.15,130.07,0.2708,140.83,3012,80594,48000,14.72,15.22,0.9461,INR/bale,Dhan API v2 (Client 1112620458)
2025-09-24 13:00,2025-09-24,13,Cotton,47985.04,47995.92,10.88,0.0227,-119.19,13779,78952,48000,14.57,15.07,0.9104,INR/bale,Dhan API v2 (Client 1112620458)
2025-09-24 14:00,2025-09-24,14,Cotton,47966.34,48051.68,85.34,0.1779,74.46,14922,78320,48000,14.29,14.79,0.8718,INR/bale,Dhan API v2 (Client 1112620458)
2025-09-24 15:00,2025-09-24,15,Cotton,47944.75,47909.2,-35.55,-0.0742,-120.89,9549,80001,48000,14.12,14.62,0.9304,INR/bale,Dhan API v2 (Client 1112620458)
2025-09-24 16:00,2025-09-24,16,Cotton,47763.73,47802.63,38.9,0.0814,74.45,9753,77579,48000,14.49,14.99,0.9057,INR/bale,Dhan API v2 (Client 1112620458)
2025-09-24 17:00,2025-09-24,17,Cotton,47789.04,47797.42,8.38,0.0175,-30.52,2266,78390,48000,13.94,14.44,0.8976,INR/bale,Dhan API v2 (Client 1112620458)
2025-09-24 18:00,2025-09-24,18,Cotton,47705.12,47555.0,-150.13,-0.3147,-158.51,8957,79642,47500,14.71,15.21,0.9292,INR/bale,Dhan API v2 (Client 1112620458)
2025-09-24 19:00,2025-09-24,19,Cotton,47865.67,47745.84,-119.83,-0.2503,30.3,8793,80329,48000,14.48,14.98,0.9131,INR/bale,Dhan API v2 (Client 1112620458)
2025-09-24 20:00,2025-09-24,20,Cotton,47912.49,47933.27,20.78,0.0434,140.61,7205,78601,48000,14.39,14.89,0.953,INR/bale,Dhan API v2 (Client 1112620458)
2025-09-24 21:00,2025-09-24,21,Cotton,47832.43,47787.68,-44.75,-0.0935,-65.53,9469,78908,48000,14.15,14.65,0.8855,INR/bale,Dhan API v2 (Client 1112620458)
2025-09-24 22:00,2025-09-24,22,Cotton,47776.79,47704.99,-71.8,-0.1503,-27.05,10612,79639,48000,14.53,15.03,0.9256,INR/bale,Dhan API v2 (Client 1112620458)
2025-09-24 23:00,2025-09-24,23,Cotton,47578.43,47468.05,-110.38,-0.232,-38.58,10829,80418,47500,14.28,14.78,0.9092,INR/bale,Dhan API v2 (Client 1112620458)
2025-09-25 09:00,2025-09-25,9,Cotton,47360.24,47545.09,184.86,0.3903,295.24,3024,79167,47500,14.35,14.85,0.9336,INR/bale,Dhan API v2 (Client 1112620458)
2025-09-25 10:00,2025-09-25,10,Cotton,47306.29,47597.68,291.39,0.616,106.53,13084,80079,47500,14.26,14.76,0.9007,INR/bale,Dhan API v2 (Client 1112620458)
2025-09-25 11:00,2025-09-25,11,Cotton,47234.82,47475.17,240.34,0.5088,-51.05,12886,78660,47000,14.28,14.78,0.9077,INR/bale,Dhan API v2 (Client 1112620458)
2025-09-25 12:00,2025-09-25,12,Cotton,47229.69,47561.37,331.68,0.7023,91.34,2401,79786,47000,14.2,14.7,0.8833,INR/bale,Dhan API v2 (Client 1112620458)
2025-09-25 13:00,2025-09-25,13,Cotton,47160.38,47367.41,207.02,0.439,-124.66,4103,78505,47000,14.15,14.65,0.9156,INR/bale,Dhan API v2 (Client 1112620458)
2025-09-25 14:00,2025-09-25,14,Cotton,47282.38,47486.1,203.72,0.4309,-3.3,4863,78744,47500,13.98,14.48,0.9715,INR/bale,Dhan API v2 (Client 1112620458)
2025-09-25 15:00,2025-09-25,15,Cotton,47438.17,47600.64,162.47,0.3425,-41.25,11954,79216,47500,14.59,15.09,0.9363,INR/bale,Dhan API v2 (Client 1112620458)
2025-09-25 16:00,2025-09-25,16,Cotton,47490.92,47748.21,257.29,0.5418,94.82,5320,79083,47500,14.61,15.11,0.9454,INR/bale,Dhan API v2 (Client 1112620458)
2025-09-25 17:00,2025-09-25,17,Cotton,47252.28,47303.77,51.49,0.109,-205.8,5670,80018,47500,14.2,14.7,0.9222,INR/bale,Dhan API v2 (Client 1112620458)
2025-09-25 18:00,2025-09-25,18,Cotton,47260.88,47446.68,185.8,0.3931,134.31,12299,78577,47500,14.39,14.89,0.9227,INR/bale,Dhan API v2 (Client 1112620458)
2025-09-25 19:00,2025-09-25,19,Cotton,47381.89,47601.26,219.37,0.463,33.57,14999,80780,47500,14.34,14.84,0.927,INR/bale,Dhan API v2 (Client 1112620458)
2025-09-25 20:00,2025-09-25,20,Cotton,47442.34,47807.29,364.94,0.7692,145.57,8921,79809,47500,14.33,14.83,0.9416,INR/bale,Dhan API v2 (Client 1112620458)
2025-09-25 21:00,2025-09-25,21,Cotton,47454.4,47609.94,155.55,0.3278,-209.39,11575,81114,47500,14.22,14.72,0.9152,INR/bale,Dhan API v2 (Client 1112620458)
2025-09-25 22:00,2025-09-25,22,Cotton,47540.17,47732.48,192.31,0.4045,36.76,2238,79518,47500,14.75,15.25,0.9308,INR/bale,Dhan API v2 (Client 1112620458)
2025-09-25 23:00,2025-09-25,23,Cotton,47559.32,47826.8,267.48,0.5624,75.17,10334,79668,47500,14.36,14.86,0.9199,INR/bale,Dhan API v2 (Client 1112620458)
2025-09-26 09:00,2025-09-26,9,Cotton,47591.57,47767.48,175.92,0.3696,-91.56,12044,79971,47500,14.29,14.79,0.8994,INR/bale,Dhan API v2 (Client 1112620458)
2025-09-26 10:00,2025-09-26,10,Cotton,47441.04,47612.21,171.17,0.3608,-4.75,639,79883,47500,14.96,15.46,0.9246,INR/bale,Dhan API v2 (Client 1112620458)
2025-09-26 11:00,2025-09-26,11,Cotton,47332.99,47519.14,186.15,0.3933,14.98,3143,79164,47500,14.71,15.21,0.9232,INR/bale,Dhan API v2 (Client 1112620458)
2025-09-26 12:00,2025-09-26,12,Cotton,47369.04,47466.25,97.21,0.2052,-88.94,9510,80375,47500,14.22,14.72,0.9015,INR/bale,Dhan API v2 (Client 1112620458)
2025-09-26 13:00,2025-09-26,13,Cotton,47568.23,47826.55,258.32,0.543,161.11,9852,80863,47500,14.19,14.69,0.9552,INR/bale,Dhan API v2 (Client 1112620458)
2025-09-26 14:00,2025-09-26,14,Cotton,47405.53,47573.87,168.34,0.3551,-89.98,1975,79953,47500,14.89,15.39,0.8788,INR/bale,Dhan API v2 (Client 1112620458)
2025-09-26 15:00,2025-09-26,15,Cotton,47225.12,47387.0,161.88,0.3428,-6.46,12985,78598,47000,14.81,15.31,0.9003,INR/bale,Dhan API v2 (Client 1112620458)
2025-09-26 16:00,2025-09-26,16,Cotton,47280.86,47481.45,200.59,0.4242,38.71,9894,79452,47500,13.92,14.42,0.9405,INR/bale,Dhan API v2 (Client 1112620458)
2025-09-26 17:00,2025-09-26,17,Cotton,47168.9,47381.27,212.37,0.4502,11.78,14556,79343,47000,14.2,14.7,0.8885,INR/bale,Dhan API v2 (Client 1112620458)
2025-09-26 18:00,2025-09-26,18,Cotton,47309.42,47656.0,346.58,0.7326,134.21,1191,78776,47500,14.59,15.09,0.8939,INR/bale,Dhan API v2 (Client 1112620458)
2025-09-26 19:00,2025-09-26,19,Cotton,47213.74,47515.19,301.46,0.6385,-45.12,13014,80551,47000,14.07,14.57,0.9087,INR/bale,Dhan API v2 (Client 1112620458)
2025-09-26 20:00,2025-09-26,20,Cotton,47128.29,47340.39,212.11,0.4501,-89.35,7407,78778,47000,14.25,14.75,0.9164,INR/bale,Dhan API v2 (Client 1112620458)
2025-09-26 21:00,2025-09-26,21,Cotton,47048.26,47181.69,133.43,0.2836,-78.68,4026,79162,47000,14.1,14.6,0.9258,INR/bale,Dhan API v2 (Client 1112620458)
2025-09-26 22:00,2025-09-26,22,Cotton,47248.49,47460.03,211.54,0.4477,78.11,1918,78223,47000,14.64,15.14,0.9326,INR/bale,Dhan API v2 (Client 1112620458)
2025-09-26 23:00,2025-09-26,23,Cotton,47285.87,47587.25,301.38,0.6373,89.84,13793,80319,47500,14.95,15.45,0.9191,INR/bale,Dhan API v2 (Client 1112620458)
2025-09-29 09:00,2025-09-29,9,Cotton,47341.93,47493.21,151.28,0.3196,-150.1,1578,78356,47500,14.32,14.82,0.9197,INR/bale,Dhan API v2 (Client 1112620458)
2025-09-29 10:00,2025-09-29,10,Cotton,47526.59,47827.83,301.23,0.6338,149.95,11475,78558,47500,14.43,14.93,0.9057,INR/bale,Dhan API v2 (Client 1112620458)
2025-09-29 11:00,2025-09-29,11,Cotton,47638.1,47704.97,66.86,0.1404,-234.37,9709,77311,47500,14.5,15.0,0.9189,INR/bale,Dhan API v2 (Client 1112620458)
2025-09-29 12:00,2025-09-29,12,Cotton,47697.76,47989.21,291.45,0.611,224.59,7494,78669,47500,14.45,14.95,0.918,INR/bale,Dhan API v2 (Client 1112620458)
2025-09-29 13:00,2025-09-29,13,Cotton,47780.62,47970.6,189.98,0.3976,-101.47,3329,79146,48000,14.29,14.79,0.9476,INR/bale,Dhan API v2 (Client 1112620458)
2025-09-29 14:00,2025-09-29,14,Cotton,47802.83,48103.2,300.37,0.6283,110.39,8317,80709,48000,14.42,14.92,0.9267,INR/bale,Dhan API v2 (Client 1112620458)
2025-09-29 15:00,2025-09-29,15,Cotton,47980.45,48256.72,276.26,0.5758,-24.11,5366,80879,48000,14.3,14.8,0.9176,INR/bale,Dhan API v2 (Client 1112620458)
2025-09-29 16:00,2025-09-29,16,Cotton,47968.76,48088.9,120.14,0.2504,-156.12,1211,79299,48000,14.13,14.63,0.8835,INR/bale,Dhan API v2 (Client 1112620458)
2025-09-29 17:00,2025-09-29,17,Cotton,47907.2,48140.13,232.93,0.4862,112.79,5974,79368,48000,14.73,15.23,0.9122,INR/bale,Dhan API v2 (Client 1112620458)
2025-09-29 18:00,2025-09-29,18,Cotton,47990.49,48242.6,252.1,0.5253,19.17,3032,78820,48000,14.3,14.8,0.8837,INR/bale,Dhan API v2 (Client 1112620458)
2025-09-29 19:00,2025-09-29,19,Cotton,47986.84,48225.29,238.45,0.4969,-13.65,567,80331,48000,14.19,14.69,0.9106,INR/bale,Dhan API v2 (Client 1112620458)
2025-09-29 20:00,2025-09-29,20,Cotton,48000.34,48203.7,203.36,0.4237,-35.09,10524,81210,48000,14.42,14.92,0.9415,INR/bale,Dhan API v2 (Client 1112620458)
2025-09-29 21:00,2025-09-29,21,Cotton,48171.76,48341.1,169.33,0.3515,-34.03,2131,77718,48000,14.01,14.51,0.9242,INR/bale,Dhan API v2 (Client 1112620458)
2025-09-29 22:00,2025-09-29,22,Cotton,48363.26,48562.24,198.98,0.4114,29.65,5521,80132,48500,14.72,15.22,0.9464,INR/bale,Dhan API v2 (Client 1112620458)
2025-09-29 23:00,2025-09-29,23,Cotton,48243.37,48496.99,253.62,0.5257,54.64,625,78958,48000,13.96,14.46,0.8885,INR/bale,Dhan API v2 (Client 1112620458)
2025-09-30 09:00,2025-09-30,9,Cotton,48381.81,48654.65,272.84,0.5639,19.22,14814,79945,48500,14.4,14.9,0.883,INR/bale,Dhan API v2 (Client 1112620458)
2025-09-30 10:00,2025-09-30,10,Cotton,48180.8,48406.22,225.42,0.4679,-47.42,12291,78284,48000,13.88,14.38,0.9141,INR/bale,Dhan API v2 (Client 1112620458)
2025-09-30 11:00,2025-09-30,11,Cotton,47964.26,48188.05,223.79,0.4666,-1.63,12616,78062,48000,14.36,14.86,0.9101,INR/bale,Dhan API v2 (Client 1112620458)
2025-09-30 12:00,2025-09-30,12,Cotton,48021.59,48229.19,207.59,0.4323,-16.2,9330,80111,48000,14.39,14.89,0.9341,INR/bale,Dhan API v2 (Client 1112620458)
2025-09-30 13:00,2025-09-30,13,Cotton,48023.63,48235.27,211.64,0.4407,4.05,11321,79990,48000,14.4,14.9,0.9215,INR/bale,Dhan API v2 (Client 1112620458)
2025-09-30 14:00,2025-09-30,14,Cotton,47804.46,47930.65,126.2,0.264,-85.44,6677,78631,48000,14.43,14.93,0.9488,INR/bale,Dhan API v2 (Client 1112620458)
2025-09-30 15:00,2025-09-30,15,Cotton,47695.14,47811.75,116.61,0.2445,-9.59,7687,80282,47500,14.06,14.56,0.9026,INR/bale,Dhan API v2 (Client 1112620458)
2025-09-30 16:00,2025-09-30,16,Cotton,47693.42,47999.91,306.49,0.6426,189.88,12462,80023,47500,14.05,14.55,0.9278,INR/bale,Dhan API v2 (Client 1112620458)
2025-09-30 17:00,2025-09-30,17,Cotton,47585.86,47885.78,299.92,0.6303,-6.57,3630,79942,47500,14.51,15.01,0.9327,INR/bale,Dhan API v2 (Client 1112620458)
2025-09-30 18:00,2025-09-30,18,Cotton,47704.31,47891.19,186.89,0.3918,-113.03,4235,79984,47500,14.01,14.51,0.9231,INR/bale,Dhan API v2 (Client 1112620458)
2025-09-30 19:00,2025-09-30,19,Cotton,47792.74,48225.74,433.0,0.906,246.11,8621,78771,48000,14.23,14.73,0.8932,INR/bale,Dhan API v2 (Client 1112620458)
2025-09-30 20:00,2025-09-30,20,Cotton,47895.1,48136.45,241.35,0.5039,-191.65,10727,79168,48000,14.13,14.63,0.9405,INR/bale,Dhan API v2 (Client 1112620458)
2025-09-30 21:00,2025-09-30,21,Cotton,48036.69,48069.63,32.94,0.0686,-208.41,7005,80041,48000,14.3,14.8,0.918,INR/bale,Dhan API v2 (Client 1112620458)
2025-09-30 22:00,2025-09-30,22,Cotton,48204.59,48418.61,214.01,0.444,181.07,9024,79034,48000,14.51,15.01,0.8786,INR/bale,Dhan API v2 (Client 1112620458)
2025-09-30 23:00,2025-09-30,23,Cotton,47945.8,48303.14,357.34,0.7453,143.33,4323,76646,48000,14.55,15.05,0.9244,INR/bale,Dhan API v2 (Client 1112620458)
2025-10-01 09:00,2025-10-01,9,Cotton,48097.79,48243.63,145.84,0.3032,-211.5,11004,78938,48000,14.3,14.8,0.913,INR/bale,Dhan API v2 (Client 1112620458)
2025-10-01 10:00,2025-10-01,10,Cotton,48143.78,48502.98,359.2,0.7461,213.36,10249,79586,48000,14.36,14.86,0.9393,INR/bale,Dhan API v2 (Client 1112620458)
2025-10-01 11:00,2025-10-01,11,Cotton,48277.49,48501.25,223.76,0.4635,-135.44,9120,80050,48500,14.9,15.4,0.9302,INR/bale,Dhan API v2 (Client 1112620458)
2025-10-01 12:00,2025-10-01,12,Cotton,48092.29,48253.15,160.86,0.3345,-62.9,10995,78061,48000,14.36,14.86,0.9089,INR/bale,Dhan API v2 (Client 1112620458)
2025-10-01 13:00,2025-10-01,13,Cotton,48068.9,48277.5,208.61,0.434,47.75,8808,78002,48000,13.88,14.38,0.933,INR/bale,Dhan API v2 (Client 1112620458)
2025-10-01 14:00,2025-10-01,14,Cotton,48144.54,48283.77,139.22,0.2892,-69.39,14043,79751,48000,14.71,15.21,0.9083,INR/bale,Dhan API v2 (Client 1112620458)
2025-10-01 15:00,2025-10-01,15,Cotton,48237.01,48385.16,148.15,0.3071,8.93,14909,79023,48000,14.95,15.45,0.954,INR/bale,Dhan API v2 (Client 1112620458)
2025-10-01 16:00,2025-10-01,16,Cotton,48067.51,48212.65,145.14,0.302,-3.01,11523,79838,48000,14.34,14.84,0.8956,INR/bale,Dhan API v2 (Client 1112620458)
2025-10-01 17:00,2025-10-01,17,Cotton,48211.82,48304.59,92.77,0.1924,-52.37,13062,80632,48000,15.0,15.5,0.9,INR/bale,Dhan API v2 (Client 1112620458)
2025-10-01 18:00,2025-10-01,18,Cotton,48340.2,48583.7,243.5,0.5037,150.73,3544,78596,48500,13.99,14.49,0.9208,INR/bale,Dhan API v2 (Client 1112620458)
2025-10-01 19:00,2025-10-01,19,Cotton,48443.25,48625.0,181.75,0.3752,-61.75,2676,80362,48500,14.25,14.75,0.9002,INR/bale,Dhan API v2 (Client 1112620458)
2025-10-01 20:00,2025-10-01,20,Cotton,48500.94,48779.58,278.64,0.5745,96.89,5946,80074,48500,14.39,14.89,0.9246,INR/bale,Dhan API v2 (Client 1112620458)
2025-10-01 21:00,2025-10-01,21,Cotton,48667.27,48734.31,67.04,0.1378,-211.6,11828,79718,48500,14.23,14.73,0.9142,INR/bale,Dhan API v2 (Client 1112620458)
2025-10-01 22:00,2025-10-01,22,Cotton,48562.94,48939.22,376.28,0.7748,309.24,7356,79448,48500,13.8,14.3,0.9036,INR/bale,Dhan API v2 (Client 1112620458)
2025-10-01 23:00,2025-10-01,23,Cotton,48613.23,48689.9,76.66,0.1577,-299.62,2845,79065,48500,13.82,14.32,0.903,INR/bale,Dhan API v2 (Client 1112620458)
2025-10-02 09:00,2025-10-02,9,Cotton,48670.32,48704.12,33.8,0.0694,-42.86,10176,78503,48500,13.89,14.39,0.907,INR/bale,Dhan API v2 (Client 1112620458)
2025-10-02 10:00,2025-10-02,10,Cotton,48616.13,48808.19,192.07,0.3951,158.27,634,79261,48500,14.58,15.08,0.9573,INR/bale,Dhan API v2 (Client 1112620458)
2025-10-02 11:00,2025-10-02,11,Cotton,48563.86,48705.13,141.27,0.2909,-50.8,5132,78994,48500,14.43,14.93,0.9279,INR/bale,Dhan API v2 (Client 1112620458)
2025-10-02 12:00,2025-10-02,12,Cotton,48726.13,48930.52,204.39,0.4195,63.12,4610,80098,48500,14.19,14.69,0.92,INR/bale,Dhan API v2 (Client 1112620458)
2025-10-02 13:00,2025-10-02,13,Cotton,48780.2,48953.38,173.18,0.355,-31.21,7499,79323,49000,15.17,15.67,0.9092,INR/bale,Dhan API v2 (Client 1112620458)
2025-10-02 14:00,2025-10-02,14,Cotton,48869.99,49051.05,181.06,0.3705,7.88,3834,80994,49000,14.59,15.09,0.9074,INR/bale,Dhan API v2 (Client 1112620458)
2025-10-02 15:00,2025-10-02,15,Cotton,48750.27,48969.97,219.71,0.4507,38.65,7231,79716,49000,14.63,15.13,0.8985,INR/bale,Dhan API v2 (Client 1112620458)
2025-10-02 16:00,2025-10-02,16,Cotton,48867.23,49034.68,167.45,0.3427,-52.26,5442,80065,49000,13.97,14.47,0.9131,INR/bale,Dhan API v2 (Client 1112620458)
2025-10-02 17:00,2025-10-02,17,Cotton,49077.34,49419.16,341.82,0.6965,174.37,1711,78929,49000,13.71,14.21,0.917,INR/bale,Dhan API v2 (Client 1112620458)
2025-10-02 18:00,2025-10-02,18,Cotton,49145.46,49408.8,263.33,0.5358,-78.49,3882,78192,49000,14.2,14.7,0.9088,INR/bale,Dhan API v2 (Client 1112620458)
2025-10-02 19:00,2025-10-02,19,Cotton,49073.18,49210.79,137.6,0.2804,-125.73,13327,80024,49000,14.5,15.0,0.9256,INR/bale,Dhan API v2 (Client 1112620458)
2025-10-02 20:00,2025-10-02,20,Cotton,49170.57,49435.12,264.55,0.538,126.95,7072,80826,49000,14.63,15.13,0.9023,INR/bale,Dhan API v2 (Client 1112620458)
2025-10-02 21:00,2025-10-02,21,Cotton,49333.2,49554.26,221.06,0.4481,-43.49,13708,80536,49500,14.13,14.63,0.9012,INR/bale,Dhan API v2 (Client 1112620458)
2025-10-02 22:00,2025-10-02,22,Cotton,49351.45,49538.42,186.97,0.3789,-34.09,11160,78126,49500,14.79,15.29,0.8736,INR/bale,Dhan API v2 (Client 1112620458)
2025-10-02 23:00,2025-10-02,23,Cotton,49176.54,49374.8,198.26,0.4032,11.29,12963,79320,49000,14.55,15.05,0.9471,INR/bale,Dhan API v2 (Client 1112620458)
2025-10-03 09:00,2025-10-03,9,Cotton,48975.5,49085.78,110.28,0.2252,-87.98,4792,79678,49000,14.82,15.32,0.9223,INR/bale,Dhan API v2 (Client 1112620458)
2025-10-03 10:00,2025-10-03,10,Cotton,48851.74,49110.75,259.01,0.5302,148.73,9084,79990,49000,14.38,14.88,0.9401,INR/bale,Dhan API v2 (Client 1112620458)
2025-10-03 11:00,2025-10-03,11,Cotton,48814.13,49174.43,360.29,0.7381,101.28,12279,80049,49000,14.58,15.08,0.9013,INR/bale,Dhan API v2 (Client 1112620458)
2025-10-03 12:00,2025-10-03,12,Cotton,48837.53,49029.14,191.61,0.3923,-168.68,3918,80214,49000,14.46,14.96,0.9155,INR/bale,Dhan API v2 (Client 1112620458)
2025-10-03 13:00,2025-10-03,13,Cotton,48965.62,49242.04,276.42,0.5645,84.81,6556,78290,49000,14.59,15.09,0.9138,INR/bale,Dhan API v2 (Client 1112620458)
2025-10-03 14:00,2025-10-03,14,Cotton,48782.04,49135.36,353.32,0.7243,76.9,1596,80486,49000,14.92,15.42,0.9433,INR/bale,Dhan API v2 (Client 1112620458)
2025-10-03 15:00,2025-10-03,15,Cotton,48876.76,49021.02,144.26,0.2952,-209.06,13484,79170,49000,14.31,14.81,0.95,INR/bale,Dhan API v2 (Client 1112620458)
2025-10-03 16:00,2025-10-03,16,Cotton,48873.49,49110.65,237.15,0.4852,92.89,6650,78116,49000,14.39,14.89,0.947,INR/bale,Dhan API v2 (Client 1112620458)
2025-10-03 17:00,2025-10-03,17,Cotton,48921.42,49038.94,117.52,0.2402,-119.63,11481,79356,49000,14.51,15.01,0.9164,INR/bale,Dhan API v2 (Client 1112620458)
2025-10-03 18:00,2025-10-03,18,Cotton,48926.46,49036.42,109.96,0.2248,-7.56,12873,78768,49000,14.7,15.2,0.8956,INR/bale,Dhan API v2 (Client 1112620458)
2025-10-03 19:00,2025-10-03,19,Cotton,48925.32,49202.27,276.95,0.5661,166.99,14830,79129,49000,14.08,14.58,0.942,INR/bale,Dhan API v2 (Client 1112620458)
2025-10-03 20:00,2025-10-03,20,Cotton,48916.38,49126.84,210.47,0.4303,-66.48,1102,80095,49000,14.49,14.99,0.9114,INR/bale,Dhan API v2 (Client 1112620458)
2025-10-03 21:00,2025-10-03,21,Cotton,48854.38,48979.41,125.02,0.2559,-85.45,7514,78562,49000,14.25,14.75,0.9278,INR/bale,Dhan API v2 (Client 1112620458)
2025-10-03 22:00,2025-10-03,22,Cotton,48750.66,48907.91,157.26,0.3226,32.24,9205,78951,49000,14.1,14.6,0.9037,INR/bale,Dhan API v2 (Client 1112620458)
2025-10-03 23:00,2025-10-03,23,Cotton,48567.47,48900.41,332.94,0.6855,175.68,4975,80811,48500,14.62,15.12,0.9333,INR/bale,Dhan API v2 (Client 1112620458)
2025-10-06 09:00,2025-10-06,9,Cotton,48619.16,48895.38,276.22,0.5681,-56.72,9281,79507,48500,14.34,14.84,0.9397,INR/bale,Dhan API v2 (Client 1112620458)
2025-10-06 10:00,2025-10-06,10,Cotton,48710.26,48934.5,224.24,0.4604,-51.98,7067,78824,48500,14.28,14.78,0.8948,INR/bale,Dhan API v2 (Client 1112620458)
2025-10-06 11:00,2025-10-06,11,Cotton,48645.77,48953.17,307.4,0.6319,83.16,3318,79892,48500,14.24,14.74,0.9061,INR/bale,Dhan API v2 (Client 1112620458)
2025-10-06 12:00,2025-10-06,12,Cotton,48526.89,48750.68,223.8,0.4612,-83.6,5652,80207,48500,14.13,14.63,0.8995,INR/bale,Dhan API v2 (Client 1112620458)
2025-10-06 13:00,2025-10-06,13,Cotton,48582.59,48768.4,185.81,0.3825,-37.99,947,78441,48500,13.82,14.32,0.9247,INR/bale,Dhan API v2 (Client 1112620458)
2025-10-06 14:00,2025-10-06,14,Cotton,48560.01,48786.42,226.41,0.4662,40.6,2778,80375,48500,14.52,15.02,0.9455,INR/bale,Dhan API v2 (Client 1112620458)
2025-10-06 15:00,2025-10-06,15,Cotton,48660.19,48804.19,143.99,0.2959,-82.42,10495,78460,48500,14.12,14.62,0.8907,INR/bale,Dhan API v2 (Client 1112620458)
2025-10-06 16:00,2025-10-06,16,Cotton,48817.4,49091.63,274.22,0.5617,130.23,8282,78981,49000,15.12,15.62,0.9076,INR/bale,Dhan API v2 (Client 1112620458)
2025-10-06 17:00,2025-10-06,17,Cotton,48934.46,49153.39,218.93,0.4474,-55.29,7961,79861,49000,14.44,14.94,0.902,INR/bale,Dhan API v2 (Client 1112620458)
2025-10-06 18:00,2025-10-06,18,Cotton,48864.45,49162.46,298.01,0.6099,79.08,7932,79420,49000,14.19,14.69,0.9306,INR/bale,Dhan API v2 (Client 1112620458)
2025-10-06 19:00,2025-10-06,19,Cotton,48946.06,49288.42,342.37,0.6995,44.36,11318,80307,49000,14.47,14.97,0.928,INR/bale,Dhan API v2 (Client 1112620458)
2025-10-06 20:00,2025-10-06,20,Cotton,49074.15,49259.71,185.56,0.3781,-156.81,13701,78878,49000,14.53,15.03,0.9565,INR/bale,Dhan API v2 (Client 1112620458)
2025-10-06 21:00,2025-10-06,21,Cotton,49304.77,49553.78,249.01,0.505,63.45,9124,80498,49500,14.21,14.71,0.9141,INR/bale,Dhan API v2 (Client 1112620458)
2025-10-06 22:00,2025-10-06,22,Cotton,49233.49,49449.46,215.97,0.4387,-33.04,7906,80699,49000,14.13,14.63,0.8869,INR/bale,Dhan API v2 (Client 1112620458)
2025-10-06 23:00,2025-10-06,23,Cotton,49292.44,49458.73,166.28,0.3373,-49.69,2720,79845,49500,14.87,15.37,0.8959,INR/bale,Dhan API v2 (Client 1112620458)
2025-10-07 09:00,2025-10-07,9,Cotton,49359.37,49627.97,268.6,0.5442,102.32,6479,80449,49500,14.48,14.98,0.8809,INR/bale,Dhan API v2 (Client 1112620458)
2025-10-07 10:00,2025-10-07,10,Cotton,49382.69,49556.38,173.69,0.3517,-94.91,7882,79287,49500,14.09,14.59,0.9272,INR/bale,Dhan API v2 (Client 1112620458)
2025-10-07 11:00,2025-10-07,11,Cotton,49191.29,49443.62,252.33,0.513,78.64,13513,80630,49000,14.65,15.15,0.9178,INR/bale,Dhan API v2 (Client 1112620458)
2025-10-07 12:00,2025-10-07,12,Cotton,49083.86,49202.11,118.25,0.2409,-134.08,3685,80044,49000,14.79,15.29,0.9059,INR/bale,Dhan API v2 (Client 1112620458)
2025-10-07 13:00,2025-10-07,13,Cotton,49102.76,49302.14,199.38,0.4061,81.13,6562,79604,49000,14.44,14.94,0.9549,INR/bale,Dhan API v2 (Client 1112620458)
2025-10-07 14:00,2025-10-07,14,Cotton,49276.6,49557.62,281.02,0.5703,81.64,5496,80147,49500,14.34,14.84,0.9277,INR/bale,Dhan API v2 (Client 1112620458)
2025-10-07 15:00,2025-10-07,15,Cotton,49146.82,49256.27,109.45,0.2227,-171.57,8372,78878,49000,14.11,14.61,0.913,INR/bale,Dhan API v2 (Client 1112620458)
2025-10-07 16:00,2025-10-07,16,Cotton,49011.77,49130.72,118.95,0.2427,9.5,7711,79898,49000,14.52,15.02,0.929,INR/bale,Dhan API v2 (Client 1112620458)
2025-10-07 17:00,2025-10-07,17,Cotton,49058.21,49240.49,182.28,0.3715,63.33,12929,78010,49000,14.28,14.78,0.864,INR/bale,Dhan API v2 (Client 1112620458)
2025-10-07 18:00,2025-10-07,18,Cotton,49169.84,49327.78,157.94,0.3212,-24.34,8949,78199,49000,13.99,14.49,0.9091,INR/bale,Dhan API v2 (Client 1112620458)
2025-10-07 19:00,2025-10-07,19,Cotton,49406.46,49577.9,171.45,0.347,13.51,2084,79444,49500,15.15,15.65,0.8961,INR/bale,Dhan API v2 (Client 1112620458)
2025-10-07 20:00,2025-10-07,20,Cotton,49203.14,49413.65,210.5,0.4278,39.05,9676,79487,49000,14.25,14.75,0.9535,INR/bale,Dhan API v2 (Client 1112620458)
2025-10-07 21:00,2025-10-07,21,Cotton,49274.0,49515.59,241.59,0.4903,31.09,10975,79261,49500,13.61,14.11,0.9328,INR/bale,Dhan API v2 (Client 1112620458)
2025-10-07 22:00,2025-10-07,22,Cotton,49387.96,49409.79,21.83,0.0442,-219.76,9790,79810,49500,13.91,14.41,0.9107,INR/bale,Dhan API v2 (Client 1112620458)
2025-10-07 23:00,2025-10-07,23,Cotton,49376.76,49619.72,242.96,0.4921,221.13,4182,79539,49500,14.14,14.64,0.9256,INR/bale,Dhan API v2 (Client 1112620458)
2025-10-08 09:00,2025-10-08,9,Cotton,49347.42,49545.86,198.44,0.4021,-44.52,10009,77715,49500,14.39,14.89,0.9241,INR/bale,Dhan API v2 (Client 1112620458)
2025-10-08 10:00,2025-10-08,10,Cotton,49404.58,49511.42,106.84,0.2163,-91.6,5055,78459,49500,14.95,15.45,0.8999,INR/bale,Dhan API v2 (Client 1112620458)
2025-10-08 11:00,2025-10-08,11,Cotton,49485.73,49703.66,217.94,0.4404,111.1,11703,78827,49500,14.42,14.92,0.9515,INR/bale,Dhan API v2 (Client 1112620458)
2025-10-08 12:00,2025-10-08,12,Cotton,49524.59,49684.09,159.5,0.3221,-58.44,5279,81032,49500,14.39,14.89,0.9364,INR/bale,Dhan API v2 (Client 1112620458)
2025-10-08 13:00,2025-10-08,13,Cotton,49451.51,49650.63,199.12,0.4027,39.62,10524,78891,49500,14.32,14.82,0.9447,INR/bale,Dhan API v2 (Client 1112620458)
2025-10-08 14:00,2025-10-08,14,Cotton,49395.22,49553.96,158.74,0.3214,-40.38,6097,77953,49500,14.62,15.12,0.9237,INR/bale,Dhan API v2 (Client 1112620458)
2025-10-08 15:00,2025-10-08,15,Cotton,49485.19,49574.9,89.7,0.1813,-69.04,9211,79966,49500,14.38,14.88,0.9022,INR/bale,Dhan API v2 (Client 1112620458)
2025-10-08 16:00,2025-10-08,16,Cotton,49598.9,49808.68,209.78,0.423,120.08,3570,80317,49500,14.36,14.86,0.9137,INR/bale,Dhan API v2 (Client 1112620458)
2025-10-08 17:00,2025-10-08,17,Cotton,49515.72,49733.55,217.83,0.4399,8.05,7328,80246,49500,14.27,14.77,0.8722,INR/bale,Dhan API v2 (Client 1112620458)
2025-10-08 18:00,2025-10-08,18,Cotton,49577.24,49880.08,302.84,0.6109,85.01,4115,80678,49500,14.5,15.0,0.8714,INR/bale,Dhan API v2 (Client 1112620458)
2025-10-08 19:00,2025-10-08,19,Cotton,49394.92,49677.7,282.77,0.5725,-20.07,10043,80290,49500,14.6,15.1,0.916,INR/bale,Dhan API v2 (Client 1112620458)
2025-10-08 20:00,2025-10-08,20,Cotton,49535.09,49847.04,311.95,0.6298,29.18,2051,78717,49500,14.99,15.49,0.9289,INR/bale,Dhan API v2 (Client 1112620458)
2025-10-08 21:00,2025-10-08,21,Cotton,49567.38,49819.43,252.05,0.5085,-59.9,7139,78948,49500,13.78,14.28,0.9201,INR/bale,Dhan API v2 (Client 1112620458)
2025-10-08 22:00,2025-10-08,22,Cotton,49462.26,49662.69,200.43,0.4052,-51.62,9264,79511,49500,14.52,15.02,0.9327,INR/bale,Dhan API v2 (Client 1112620458)
2025-10-08 23:00,2025-10-08,23,Cotton,49466.81,49511.62,44.81,0.0906,-155.62,7581,78160,49500,14.67,15.17,0.9192,INR/bale,Dhan API v2 (Client 1112620458)
2025-10-09 09:00,2025-10-09,9,Cotton,49350.76,49560.05,209.29,0.4241,164.48,11479,81545,49500,14.41,14.91,0.912,INR/bale,Dhan API v2 (Client 1112620458)
2025-10-09 10:00,2025-10-09,10,Cotton,49393.51,49583.5,190.0,0.3847,-19.29,4491,80401,49500,14.28,14.78,0.9267,INR/bale,Dhan API v2 (Client 1112620458)
2025-10-09 11:00,2025-10-09,11,Cotton,49364.12,49487.26,123.14,0.2494,-66.86,10238,80263,49500,14.5,15.0,0.9295,INR/bale,Dhan API v2 (Client 1112620458)
2025-10-09 12:00,2025-10-09,12,Cotton,49361.62,49440.94,79.32,0.1607,-43.82,12816,78815,49500,13.88,14.38,0.8787,INR/bale,Dhan API v2 (Client 1112620458)
2025-10-09 13:00,2025-10-09,13,Cotton,49251.75,49460.85,209.1,0.4245,129.78,13602,79509,49500,14.85,15.35,0.9111,INR/bale,Dhan API v2 (Client 1112620458)
2025-10-09 14:00,2025-10-09,14,Cotton,49184.22,49250.35,66.12,0.1344,-142.98,2980,79344,49000,14.65,15.15,0.8954,INR/bale,Dhan API v2 (Client 1112620458)
2025-10-09 15:00,2025-10-09,15,Cotton,49189.06,49393.93,204.87,0.4165,138.75,10588,79904,49000,14.44,14.94,0.9408,INR/bale,Dhan API v2 (Client 1112620458)
2025-10-09 16:00,2025-10-09,16,Cotton,49332.76,49507.15,174.39,0.3535,-30.48,8788,78665,49500,14.33,14.83,0.8984,INR/bale,Dhan API v2 (Client 1112620458)
2025-10-09 17:00,2025-10-09,17,Cotton,49500.03,49654.87,154.85,0.3128,-19.54,14858,78346,49500,14.05,14.55,0.9455,INR/bale,Dhan API v2 (Client 1112620458)
2025-10-09 18:00,2025-10-09,18,Cotton,49530.05,49702.25,172.19,0.3477,17.34,1023,80829,49500,14.64,15.14,0.8985,INR/bale,Dhan API v2 (Client 1112620458)
2025-10-09 19:00,2025-10-09,19,Cotton,49607.26,49721.66,114.4,0.2306,-57.79,11885,79749,49500,14.84,15.34,0.9316,INR/bale,Dhan API v2 (Client 1112620458)
2025-10-09 20:00,2025-10-09,20,Cotton,49551.47,49683.27,131.8,0.266,17.4,7892,79761,49500,14.91,15.41,0.9114,INR/bale,Dhan API v2 (Client 1112620458)
2025-10-09 21:00,2025-10-09,21,Cotton,49454.96,49572.03,117.07,0.2367,-14.73,3123,78885,49500,14.44,14.94,0.8995,INR/bale,Dhan API v2 (Client 1112620458)
2025-10-09 22:00,2025-10-09,22,Cotton,49382.47,49554.44,171.98,0.3483,54.91,13141,78891,49500,14.61,15.11,0.9071,INR/bale,Dhan API v2 (Client 1112620458)
2025-10-09 23:00,2025-10-09,23,Cotton,49582.84,49889.0,306.17,0.6175,134.19,1697,80296,49500,14.01,14.51,0.9363,INR/bale,Dhan API v2 (Client 1112620458)
2025-10-10 09:00,2025-10-10,9,Cotton,49434.58,49570.71,136.13,0.2754,-170.04,8023,78869,49500,14.07,14.57,0.946,INR/bale,Dhan API v2 (Client 1112620458)
2025-10-10 10:00,2025-10-10,10,Cotton,49806.38,49921.11,114.73,0.2304,-21.4,11953,79302,50000,14.93,15.43,0.892,INR/bale,Dhan API v2 (Client 1112620458)
2025-10-10 11:00,2025-10-10,11,Cotton,49637.07,49825.8,188.74,0.3802,74.01,9004,80388,49500,14.28,14.78,0.8895,INR/bale,Dhan API v2 (Client 1112620458)
2025-10-10 12:00,2025-10-10,12,Cotton,49852.47,49962.9,110.43,0.2215,-78.31,10090,79387,50000,14.04,14.54,0.9,INR/bale,Dhan API v2 (Client 1112620458)
2025-10-10 13:00,2025-10-10,13,Cotton,50166.62,50257.73,91.12,0.1816,-19.31,5500,78193,50000,14.67,15.17,0.9002,INR/bale,Dhan API v2 (Client 1112620458)
2025-10-10 14:00,2025-10-10,14,Cotton,50094.13,50363.53,269.4,0.5378,178.28,10697,78933,50000,13.79,14.29,0.9013,INR/bale,Dhan API v2 (Client 1112620458)
2025-10-10 15:00,2025-10-10,15,Cotton,50139.34,50219.83,80.49,0.1605,-188.91,11306,80156,50000,14.72,15.22,0.8999,INR/bale,Dhan API v2 (Client 1112620458)
2025-10-10 16:00,2025-10-10,16,Cotton,49836.0,50111.67,275.67,0.5532,195.18,2708,79499,50000,14.31,14.81,0.9172,INR/bale,Dhan API v2 (Client 1112620458)
2025-10-10 17:00,2025-10-10,17,Cotton,49717.83,49951.29,233.45,0.4696,-42.22,770,80399,49500,14.95,15.45,0.8899,INR/bale,Dhan API v2 (Client 1112620458)
2025-10-10 18:00,2025-10-10,18,Cotton,49745.75,49918.01,172.27,0.3463,-61.18,5254,79391,49500,14.49,14.99,0.8783,INR/bale,Dhan API v2 (Client 1112620458)
2025-10-10 19:00,2025-10-10,19,Cotton,49686.39,49916.57,230.18,0.4633,57.91,6671,78779,49500,13.76,14.26,0.9125,INR/bale,Dhan API v2 (Client 1112620458)
2025-10-10 20:00,2025-10-10,20,Cotton,49623.85,49900.23,276.38,0.5569,46.2,7585,79016,49500,14.09,14.59,0.9278,INR/bale,Dhan API v2 (Client 1112620458)
2025-10-10 21:00,2025-10-10,21,Cotton,49576.52,49808.72,232.21,0.4684,-44.17,1267,77836,49500,14.48,14.98,0.9409,INR/bale,Dhan API v2 (Client 1112620458)
2025-10-10 22:00,2025-10-10,22,Cotton,49581.23,49861.48,280.25,0.5652,48.04,1341,80025,49500,14.29,14.79,0.9293,INR/bale,Dhan API v2 (Client 1112620458)
2025-10-10 23:00,2025-10-10,23,Cotton,49506.6,49565.75,59.15,0.1195,-221.1,8532,79035,49500,14.46,14.96,0.8821,INR/bale,Dhan API v2 (Client 1112620458)
2025-10-13 09:00,2025-10-13,9,Cotton,49620.5,49734.59,114.08,0.2299,54.93,3567,79408,49500,14.65,15.15,0.943,INR/bale,Dhan API v2 (Client 1112620458)
2025-10-13 10:00,2025-10-13,10,Cotton,49687.39,49936.69,249.3,0.5017,135.22,10406,79194,49500,14.28,14.78,0.939,INR/bale,Dhan API v2 (Client 1112620458)
2025-10-13 11:00,2025-10-13,11,Cotton,49475.62,49567.88,92.26,0.1865,-157.04,1495,80613,49500,14.24,14.74,0.8913,INR/bale,Dhan API v2 (Client 1112620458)
2025-10-13 12:00,2025-10-13,12,Cotton,49351.11,49440.65,89.54,0.1814,-2.72,5888,80253,49500,13.72,14.22,0.9517,INR/bale,Dhan API v2 (Client 1112620458)
2025-10-13 13:00,2025-10-13,13,Cotton,49354.01,49467.84,113.83,0.2306,24.29,13343,79327,49500,14.06,14.56,0.9214,INR/bale,Dhan API v2 (Client 1112620458)
2025-10-13 14:00,2025-10-13,14,Cotton,49276.46,49338.91,62.45,0.1267,-51.38,1252,79284,49500,14.38,14.88,0.9168,INR/bale,Dhan API v2 (Client 1112620458)
2025-10-13 15:00,2025-10-13,15,Cotton,49321.35,49483.84,162.49,0.3294,100.04,7633,80115,49500,14.52,15.02,0.9124,INR/bale,Dhan API v2 (Client 1112620458)
2025-10-13 16:00,2025-10-13,16,Cotton,49390.93,49579.89,188.96,0.3826,26.47,9227,79319,49500,14.83,15.33,0.9166,INR/bale,Dhan API v2 (Client 1112620458)
2025-10-13 17:00,2025-10-13,17,Cotton,49260.28,49377.14,116.86,0.2372,-72.1,3562,78153,49500,14.3,14.8,0.9389,INR/bale,Dhan API v2 (Client 1112620458)
2025-10-13 18:00,2025-10-13,18,Cotton,49302.66,49561.68,259.02,0.5254,142.16,2091,80770,49500,14.37,14.87,0.9252,INR/bale,Dhan API v2 (Client 1112620458)
2025-10-13 19:00,2025-10-13,19,Cotton,49219.89,49427.66,207.78,0.4221,-51.24,6165,80103,49000,14.79,15.29,0.9256,INR/bale,Dhan API v2 (Client 1112620458)
2025-10-13 20:00,2025-10-13,20,Cotton,49201.7,49436.3,234.6,0.4768,26.82,6557,78693,49000,14.41,14.91,0.923,INR/bale,Dhan API v2 (Client 1112620458)
2025-10-13 21:00,2025-10-13,21,Cotton,49317.73,49482.01,164.28,0.3331,-70.32,5785,80196,49500,14.04,14.54,0.9122,INR/bale,Dhan API v2 (Client 1112620458)
2025-10-13 22:00,2025-10-13,22,Cotton,49306.97,49386.3,79.32,0.1609,-84.96,13988,79224,49500,14.21,14.71,0.968,INR/bale,Dhan API v2 (Client 1112620458)
2025-10-13 23:00,2025-10-13,23,Cotton,49252.46,49371.71,119.25,0.2421,39.93,6470,80260,49500,14.14,14.64,0.9532,INR/bale,Dhan API v2 (Client 1112620458)
2025-10-14 09:00,2025-10-14,9,Cotton,49052.47,49045.55,-6.92,-0.0141,-126.17,8127,77832,49000,13.94,14.44,0.9118,INR/bale,Dhan API v2 (Client 1112620458)
2025-10-14 10:00,2025-10-14,10,Cotton,48969.68,49149.17,179.49,0.3665,186.41,4997,80747,49000,14.54,15.04,0.9603,INR/bale,Dhan API v2 (Client 1112620458)
2025-10-14 11:00,2025-10-14,11,Cotton,49059.86,49178.85,118.98,0.2425,-60.51,2576,78932,49000,13.67,14.17,0.8916,INR/bale,Dhan API v2 (Client 1112620458)
2025-10-14 12:00,2025-10-14,12,Cotton,49158.49,49222.16,63.67,0.1295,-55.31,9508,78566,49000,14.21,14.71,0.8652,INR/bale,Dhan API v2 (Client 1112620458)
2025-10-14 13:00,2025-10-14,13,Cotton,49120.58,49245.86,125.28,0.255,61.61,3621,79896,49000,14.62,15.12,0.9587,INR/bale,Dhan API v2 (Client 1112620458)
2025-10-14 14:00,2025-10-14,14,Cotton,49241.35,49374.69,133.34,0.2708,8.06,12753,79733,49000,14.47,14.97,0.924,INR/bale,Dhan API v2 (Client 1112620458)
2025-10-14 15:00,2025-10-14,15,Cotton,49032.82,49033.76,0.93,0.0019,-132.41,3170,79382,49000,13.98,14.48,0.9311,INR/bale,Dhan API v2 (Client 1112620458)
2025-10-14 16:00,2025-10-14,16,Cotton,49144.27,49376.25,231.98,0.472,231.05,5365,79895,49000,14.45,14.95,0.9167,INR/bale,Dhan API v2 (Client 1112620458)
2025-10-14 17:00,2025-10-14,17,Cotton,49260.41,49451.16,190.75,0.3872,-41.23,13874,78238,49500,14.19,14.69,0.9007,INR/bale,Dhan API v2 (Client 1112620458)
2025-10-14 18:00,2025-10-14,18,Cotton,49214.45,49358.46,144.01,0.2926,-46.74,11401,80183,49000,14.81,15.31,0.9323,INR/bale,Dhan API v2 (Client 1112620458)
2025-10-14 19:00,2025-10-14,19,Cotton,49119.87,49268.81,148.94,0.3032,4.93,5338,80799,49000,14.87,15.37,0.922,INR/bale,Dhan API v2 (Client 1112620458)
2025-10-14 20:00,2025-10-14,20,Cotton,49192.63,49355.7,163.07,0.3315,14.13,9064,79556,49000,14.38,14.88,0.9001,INR/bale,Dhan API v2 (Client 1112620458)
2025-10-14 21:00,2025-10-14,21,Cotton,49277.04,49499.45,222.41,0.4513,59.34,5161,80310,49500,14.46,14.96,0.9149,INR/bale,Dhan API v2 (Client 1112620458)
2025-10-14 22:00,2025-10-14,22,Cotton,49381.83,49316.07,-65.76,-0.1332,-288.17,5162,80197,49500,13.85,14.35,0.9264,INR/bale,Dhan API v2 (Client 1112620458)
2025-10-14 23:00,2025-10-14,23,Cotton,49388.54,49569.08,180.54,0.3656,246.3,9393,79243,49500,14.33,14.83,0.9235,INR/bale,Dhan API v2 (Client 1112620458)
2025-10-15 09:00,2025-10-15,9,Cotton,49287.09,49390.98,103.88,0.2108,-76.66,12547,79467,49500,15.09,15.59,0.884,INR/bale,Dhan API v2 (Client 1112620458)
2025-10-15 10:00,2025-10-15,10,Cotton,49460.32,49594.97,134.65,0.2722,30.77,5614,79840,49500,14.49,14.99,0.9061,INR/bale,Dhan API v2 (Client 1112620458)
2025-10-15 11:00,2025-10-15,11,Cotton,49322.25,49393.8,71.55,0.1451,-63.1,8956,79649,49500,14.2,14.7,0.8842,INR/bale,Dhan API v2 (Client 1112620458)
2025-10-15 12:00,2025-10-15,12,Cotton,49070.8,49232.85,162.05,0.3302,90.5,12767,79786,49000,14.31,14.81,0.9095,INR/bale,Dhan API v2 (Client 1112620458)
2025-10-15 13:00,2025-10-15,13,Cotton,48951.4,49196.64,245.24,0.501,83.19,11230,81159,49000,14.55,15.05,0.9087,INR/bale,Dhan API v2 (Client 1112620458)
2025-10-15 14:00,2025-10-15,14,Cotton,48883.06,49093.37,210.31,0.4302,-34.93,7529,80536,49000,14.24,14.74,0.939,INR/bale,Dhan API v2 (Client 1112620458)
2025-10-15 15:00,2025-10-15,15,Cotton,48705.13,48843.74,138.61,0.2846,-71.7,9553,79454,48500,14.58,15.08,0.9222,INR/bale,Dhan API v2 (Client 1112620458)
2025-10-15 16:00,2025-10-15,16,Cotton,48588.68,48554.76,-33.91,-0.0698,-172.52,13707,79362,48500,14.57,15.07,0.9331,INR/bale,Dhan API v2 (Client 1112620458)
2025-10-15 17:00,2025-10-15,17,Cotton,48531.07,48713.69,182.62,0.3763,216.53,4049,78869,48500,14.07,14.57,0.9164,INR/bale,Dhan API v2 (Client 1112620458)
2025-10-15 18:00,2025-10-15,18,Cotton,48603.65,48747.85,144.2,0.2967,-38.42,5277,78494,48500,14.19,14.69,0.9094,INR/bale,Dhan API v2 (Client 1112620458)
2025-10-15 19:00,2025-10-15,19,Cotton,48740.74,48968.64,227.9,0.4676,83.7,5058,79225,48500,14.72,15.22,0.8839,INR/bale,Dhan API v2 (Client 1112620458)
2025-10-15 20:00,2025-10-15,20,Cotton,48920.84,48983.54,62.7,0.1282,-165.2,3666,81061,49000,14.4,14.9,0.8823,INR/bale,Dhan API v2 (Client 1112620458)
2025-10-15 21:00,2025-10-15,21,Cotton,48903.1,48982.04,78.94,0.1614,16.24,1774,80573,49000,13.74,14.24,0.9553,INR/bale,Dhan API v2 (Client 1112620458)
2025-10-15 22:00,2025-10-15,22,Cotton,48893.41,49097.02,203.61,0.4164,124.67,1267,79663,49000,14.17,14.67,0.9615,INR/bale,Dhan API v2 (Client 1112620458)
2025-10-15 23:00,2025-10-15,23,Cotton,48930.48,49194.98,264.5,0.5406,60.89,13617,78509,49000,13.91,14.41,0.9572,INR/bale,Dhan API v2 (Client 1112620458)
2025-10-16 09:00,2025-10-16,9,Cotton,49040.82,49181.3,140.47,0.2864,-124.03,14690,79279,49000,14.7,15.2,0.9321,INR/bale,Dhan API v2 (Client 1112620458)
2025-10-16 10:00,2025-10-16,10,Cotton,49143.87,49193.54,49.67,0.1011,-90.8,11625,78821,49000,13.88,14.38,0.9105,INR/bale,Dhan API v2 (Client 1112620458)
2025-10-16 11:00,2025-10-16,11,Cotton,49189.48,49293.91,104.43,0.2123,54.76,8740,80743,49000,14.61,15.11,0.9313,INR/bale,Dhan API v2 (Client 1112620458)
2025-10-16 12:00,2025-10-16,12,Cotton,49099.73,49287.56,187.82,0.3825,83.39,9247,79546,49000,14.51,15.01,0.8683,INR/bale,Dhan API v2 (Client 1112620458)
2025-10-16 13:00,2025-10-16,13,Cotton,49037.96,49190.4,152.45,0.3109,-35.37,12883,78170,49000,14.74,15.24,0.8916,INR/bale,Dhan API v2 (Client 1112620458)
2025-10-16 14:00,2025-10-16,14,Cotton,49062.46,49061.48,-0.99,-0.002,-153.44,14349,78414,49000,14.9,15.4,0.9634,INR/bale,Dhan API v2 (Client 1112620458)
2025-10-16 15:00,2025-10-16,15,Cotton,48960.78,49050.11,89.33,0.1825,90.32,5929,79863,49000,14.41,14.91,0.9398,INR/bale,Dhan API v2 (Client 1112620458)
2025-10-16 16:00,2025-10-16,16,Cotton,48998.31,49174.81,176.49,0.3602,87.16,6548,78446,49000,14.59,15.09,0.9001,INR/bale,Dhan API v2 (Client 1112620458)
2025-10-16 17:00,2025-10-16,17,Cotton,49165.75,49390.49,224.74,0.4571,48.25,2177,78166,49000,14.45,14.95,0.9087,INR/bale,Dhan API v2 (Client 1112620458)
2025-10-16 18:00,2025-10-16,18,Cotton,49147.61,49236.11,88.5,0.1801,-136.24,13335,77914,49000,14.77,15.27,0.8701,INR/bale,Dhan API v2 (Client 1112620458)
2025-10-16 19:00,2025-10-16,19,Cotton,49128.31,49295.64,167.34,0.3406,78.84,7514,80068,49000,14.54,15.04,0.8772,INR/bale,Dhan API v2 (Client 1112620458)
2025-10-16 20:00,2025-10-16,20,Cotton,49173.23,49249.94,76.71,0.156,-90.63,10999,80457,49000,14.61,15.11,0.9131,INR/bale,Dhan API v2 (Client 1112620458)
2025-10-16 21:00,2025-10-16,21,Cotton,49154.13,49374.62,220.49,0.4486,143.78,10515,81239,49000,14.0,14.5,0.89,INR/bale,Dhan API v2 (Client 1112620458)
2025-10-16 22:00,2025-10-16,22,Cotton,49167.82,49339.73,171.91,0.3496,-48.58,2019,80106,49000,14.51,15.01,0.8891,INR/bale,Dhan API v2 (Client 1112620458)
2025-10-16 23:00,2025-10-16,23,Cotton,49176.1,49285.5,109.4,0.2225,-62.51,12916,78983,49000,14.06,14.56,0.902,INR/bale,Dhan API v2 (Client 1112620458)
2025-10-17 09:00,2025-10-17,9,Cotton,49363.94,49630.74,266.8,0.5405,157.4,1874,78895,49500,14.39,14.89,0.9178,INR/bale,Dhan API v2 (Client 1112620458)
2025-10-17 10:00,2025-10-17,10,Cotton,49404.86,49617.89,213.03,0.4312,-53.77,11173,79952,49500,13.73,14.23,0.8993,INR/bale,Dhan API v2 (Client 1112620458)
2025-10-17 11:00,2025-10-17,11,Cotton,49410.94,49465.28,54.34,0.11,-158.69,1156,79912,49500,14.58,15.08,0.9077,INR/bale,Dhan API v2 (Client 1112620458)
2025-10-17 12:00,2025-10-17,12,Cotton,49500.77,49559.32,58.56,0.1183,4.22,3216,79207,49500,14.03,14.53,0.9423,INR/bale,Dhan API v2 (Client 1112620458)
2025-10-17 13:00,2025-10-17,13,Cotton,49655.88,49763.94,108.06,0.2176,49.5,7272,80395,49500,13.76,14.26,0.9361,INR/bale,Dhan API v2 (Client 1112620458)
2025-10-17 14:00,2025-10-17,14,Cotton,49654.09,49725.39,71.29,0.1436,-36.77,4630,79742,49500,14.12,14.62,0.9487,INR/bale,Dhan API v2 (Client 1112620458)
2025-10-17 15:00,2025-10-17,15,Cotton,49848.55,49979.1,130.55,0.2619,59.26,3777,79730,50000,14.39,14.89,0.9072,INR/bale,Dhan API v2 (Client 1112620458)
2025-10-17 16:00,2025-10-17,16,Cotton,49746.61,49989.98,243.36,0.4892,112.81,2384,78164,49500,14.46,14.96,0.9144,INR/bale,Dhan API v2 (Client 1112620458)
2025-10-17 17:00,2025-10-17,17,Cotton,49864.33,49854.01,-10.32,-0.0207,-253.68,2388,78726,50000,14.66,15.16,0.9068,INR/bale,Dhan API v2 (Client 1112620458)
2025-10-17 18:00,2025-10-17,18,Cotton,49876.23,49918.98,42.75,0.0857,53.07,2206,80836,50000,14.06,14.56,0.9222,INR/bale,Dhan API v2 (Client 1112620458)
2025-10-17 19:00,2025-10-17,19,Cotton,49886.67,50049.16,162.49,0.3257,119.74,14116,80354,50000,14.2,14.7,0.8994,INR/bale,Dhan API v2 (Client 1112620458)
2025-10-17 20:00,2025-10-17,20,Cotton,49890.38,50087.23,196.85,0.3946,34.36,5005,79372,50000,14.52,15.02,0.9014,INR/bale,Dhan API v2 (Client 1112620458)
2025-10-17 21:00,2025-10-17,21,Cotton,49826.33,50045.73,219.4,0.4403,22.55,5417,81301,50000,14.28,14.78,0.9138,INR/bale,Dhan API v2 (Client 1112620458)
2025-10-17 22:00,2025-10-17,22,Cotton,49719.67,49745.77,26.11,0.0525,-193.29,4885,79654,49500,14.79,15.29,0.9272,INR/bale,Dhan API v2 (Client 1112620458)
2025-10-17 23:00,2025-10-17,23,Cotton,49498.61,49735.7,237.09,0.479,210.98,8508,77789,49500,14.39,14.89,0.8818,INR/bale,Dhan API v2 (Client 1112620458)
2025-10-20 09:00,2025-10-20,9,Cotton,49604.11,49619.77,15.66,0.0316,-221.43,12151,79838,49500,14.55,15.05,0.9294,INR/bale,Dhan API v2 (Client 1112620458)
2025-10-20 10:00,2025-10-20,10,Cotton,49661.15,49702.55,41.4,0.0834,25.74,4273,81807,49500,14.09,14.59,0.9075,INR/bale,Dhan API v2 (Client 1112620458)
2025-10-20 11:00,2025-10-20,11,Cotton,49656.3,49760.8,104.5,0.2105,63.1,1025,79841,49500,14.53,15.03,0.9423,INR/bale,Dhan API v2 (Client 1112620458)
2025-10-20 12:00,2025-10-20,12,Cotton,49288.78,49318.62,29.84,0.0605,-74.66,9353,81902,49500,14.56,15.06,0.9192,INR/bale,Dhan API v2 (Client 1112620458)
2025-10-20 13:00,2025-10-20,13,Cotton,49156.41,49246.17,89.76,0.1826,59.92,8358,80371,49000,14.27,14.77,0.9141,INR/bale,Dhan API v2 (Client 1112620458)
2025-10-20 14:00,2025-10-20,14,Cotton,49018.74,49117.14,98.39,0.2007,8.63,3875,79433,49000,14.29,14.79,0.8961,INR/bale,Dhan API v2 (Client 1112620458)
2025-10-20 15:00,2025-10-20,15,Cotton,49055.1,49130.84,75.75,0.1544,-22.64,9031,80747,49000,14.24,14.74,0.9296,INR/bale,Dhan API v2 (Client 1112620458)
2025-10-20 16:00,2025-10-20,16,Cotton,48691.45,48797.23,105.77,0.2172,30.02,8735,78623,48500,14.33,14.83,0.9104,INR/bale,Dhan API v2 (Client 1112620458)
2025-10-20 17:00,2025-10-20,17,Cotton,48794.39,48789.16,-5.23,-0.0107,-111.0,14606,79394,49000,14.21,14.71,0.9158,INR/bale,Dhan API v2 (Client 1112620458)
2025-10-20 18:00,2025-10-20,18,Cotton,48859.8,49027.99,168.18,0.3442,173.41,5913,81195,49000,14.68,15.18,0.9158,INR/bale,Dhan API v2 (Client 1112620458)
2025-10-20 19:00,2025-10-20,19,Cotton,48911.48,49020.34,108.87,0.2226,-59.31,6186,81466,49000,14.35,14.85,0.9344,INR/bale,Dhan API v2 (Client 1112620458)
2025-10-20 20:00,2025-10-20,20,Cotton,48625.05,48821.69,196.63,0.4044,87.76,1859,78851,48500,14.71,15.21,0.9184,INR/bale,Dhan API v2 (Client 1112620458)
2025-10-20 21:00,2025-10-20,21,Cotton,48563.35,48801.94,238.59,0.4913,41.96,5341,80635,48500,14.06,14.56,0.9195,INR/bale,Dhan API v2 (Client 1112620458)
2025-10-20 22:00,2025-10-20,22,Cotton,48469.97,48633.86,163.89,0.3381,-74.7,12088,80153,48500,14.68,15.18,0.9663,INR/bale,Dhan API v2 (Client 1112620458)
2025-10-20 23:00,2025-10-20,23,Cotton,48441.29,48634.87,193.58,0.3996,29.69,748,79284,48500,14.2,14.7,0.9007,INR/bale,Dhan API v2 (Client 1112620458)
2025-10-21 09:00,2025-10-21,9,Cotton,48408.03,48397.11,-10.93,-0.0226,-204.51,6567,80992,48500,14.55,15.05,0.9449,INR/bale,Dhan API v2 (Client 1112620458)
2025-10-21 10:00,2025-10-21,10,Cotton,48456.2,48536.43,80.23,0.1656,91.16,9980,80154,48500,14.64,15.14,0.9356,INR/bale,Dhan API v2 (Client 1112620458)
2025-10-21 11:00,2025-10-21,11,Cotton,48463.7,48507.97,44.27,0.0913,-35.96,2322,79112,48500,14.82,15.32,0.907,INR/bale,Dhan API v2 (Client 1112620458)
2025-10-21 12:00,2025-10-21,12,Cotton,48515.45,48640.95,125.5,0.2587,81.23,7166,79887,48500,14.04,14.54,0.9092,INR/bale,Dhan API v2 (Client 1112620458)
2025-10-21 13:00,2025-10-21,13,Cotton,48657.7,48782.32,124.62,0.2561,-0.88,10065,81713,48500,13.82,14.32,0.9011,INR/bale,Dhan API v2 (Client 1112620458)
2025-10-21 14:00,2025-10-21,14,Cotton,48556.47,48649.36,92.88,0.1913,-31.74,6287,78903,48500,14.81,15.31,0.9681,INR/bale,Dhan API v2 (Client 1112620458)
2025-10-21 15:00,2025-10-21,15,Cotton,48361.24,48361.06,-0.17,-0.0004,-93.05,10239,80246,48500,14.68,15.18,0.8996,INR/bale,Dhan API v2 (Client 1112620458)
2025-10-21 16:00,2025-10-21,16,Cotton,48363.22,48449.43,86.21,0.1783,86.38,12940,79270,48500,14.26,14.76,0.8888,INR/bale,Dhan API v2 (Client 1112620458)
2025-10-21 17:00,2025-10-21,17,Cotton,48480.55,48617.33,136.78,0.2821,50.57,1505,81145,48500,14.28,14.78,0.9059,INR/bale,Dhan API v2 (Client 1112620458)
2025-10-21 18:00,2025-10-21,18,Cotton,48486.67,48661.34,174.67,0.3602,37.89,4387,79477,48500,14.49,14.99,0.8969,INR/bale,Dhan API v2 (Client 1112620458)
2025-10-21 19:00,2025-10-21,19,Cotton,48508.58,48629.29,120.7,0.2488,-53.97,7489,79921,48500,14.63,15.13,0.9281,INR/bale,Dhan API v2 (Client 1112620458)
2025-10-21 20:00,2025-10-21,20,Cotton,48370.29,48390.64,20.35,0.0421,-100.35,12350,79552,48500,14.34,14.84,0.9459,INR/bale,Dhan API v2 (Client 1112620458)
2025-10-21 21:00,2025-10-21,21,Cotton,48482.25,48559.27,77.02,0.1589,56.67,14066,80496,48500,13.71,14.21,0.8924,INR/bale,Dhan API v2 (Client 1112620458)
2025-10-21 22:00,2025-10-21,22,Cotton,48313.51,48464.15,150.65,0.3118,73.63,9183,80535,48500,14.8,15.3,0.9067,INR/bale,Dhan API v2 (Client 1112620458)
2025-10-21 23:00,2025-10-21,23,Cotton,48265.49,48273.16,7.67,0.0159,-142.98,12204,78045,48500,14.68,15.18,0.9383,INR/bale,Dhan API v2 (Client 1112620458)
2025-10-22 09:00,2025-10-22,9,Cotton,48208.49,48250.6,42.1,0.0873,34.43,7508,79245,48000,14.26,14.76,0.8959,INR/bale,Dhan API v2 (Client 1112620458)
2025-10-22 10:00,2025-10-22,10,Cotton,48428.97,48333.1,-95.87,-0.198,-137.97,11338,81125,48500,13.8,14.3,0.936,INR/bale,Dhan API v2 (Client 1112620458)
2025-10-22 11:00,2025-10-22,11,Cotton,48533.09,48501.42,-31.67,-0.0653,64.2,4919,80871,48500,14.78,15.28,0.9126,INR/bale,Dhan API v2 (Client 1112620458)
2025-10-22 12:00,2025-10-22,12,Cotton,48600.4,48606.62,6.21,0.0128,37.88,1376,80922,48500,14.29,14.79,0.9137,INR/bale,Dhan API v2 (Client 1112620458)
2025-10-22 13:00,2025-10-22,13,Cotton,48660.43,48811.81,151.38,0.3111,145.17,9211,80075,48500,14.56,15.06,0.9279,INR/bale,Dhan API v2 (Client 1112620458)
2025-10-22 14:00,2025-10-22,14,Cotton,48744.52,48828.13,83.61,0.1715,-67.77,4081,79521,48500,14.38,14.88,0.9318,INR/bale,Dhan API v2 (Client 1112620458)
2025-10-22 15:00,2025-10-22,15,Cotton,48601.32,48719.17,117.85,0.2425,34.24,2306,79096,48500,14.36,14.86,0.9226,INR/bale,Dhan API v2 (Client 1112620458)
2025-10-22 16:00,2025-10-22,16,Cotton,48450.91,48634.57,183.66,0.3791,65.81,8209,78355,48500,14.47,14.97,0.9229,INR/bale,Dhan API v2 (Client 1112620458)
2025-10-22 17:00,2025-10-22,17,Cotton,48424.2,48446.5,22.3,0.046,-161.36,6075,80082,48500,14.74,15.24,0.9628,INR/bale,Dhan API v2 (Client 1112620458)
2025-10-22 18:00,2025-10-22,18,Cotton,48365.16,48444.93,79.77,0.1649,57.47,11566,78953,48500,14.6,15.1,0.9111,INR/bale,Dhan API v2 (Client 1112620458)
2025-10-22 19:00,2025-10-22,19,Cotton,48339.13,48375.69,36.56,0.0756,-43.21,5716,79278,48500,15.11,15.61,0.9114,INR/bale,Dhan API v2 (Client 1112620458)
2025-10-22 20:00,2025-10-22,20,Cotton,48300.13,48417.84,117.7,0.2437,81.14,10001,78644,48500,14.2,14.7,0.9166,INR/bale,Dhan API v2 (Client 1112620458)
2025-10-22 21:00,2025-10-22,21,Cotton,48230.7,48441.82,211.12,0.4377,93.42,3361,77245,48000,14.17,14.67,0.927,INR/bale,Dhan API v2 (Client 1112620458)
2025-10-22 22:00,2025-10-22,22,Cotton,48480.58,48519.77,39.19,0.0808,-171.93,13107,80003,48500,14.74,15.24,0.8997,INR/bale,Dhan API v2 (Client 1112620458)
2025-10-22 23:00,2025-10-22,23,Cotton,48452.13,48486.41,34.29,0.0708,-4.9,11233,80195,48500,14.99,15.49,0.9314,INR/bale,Dhan API v2 (Client 1112620458)
2025-10-23 09:00,2025-10-23,9,Cotton,48296.87,48444.32,147.45,0.3053,113.16,9500,79804,48500,14.28,14.78,0.8847,INR/bale,Dhan API v2 (Client 1112620458)
2025-10-23 10:00,2025-10-23,10,Cotton,48224.73,48364.83,140.1,0.2905,-7.35,12143,80109,48000,14.69,15.19,0.9278,INR/bale,Dhan API v2 (Client 1112620458)
2025-10-23 11:00,2025-10-23,11,Cotton,48242.84,48348.69,105.85,0.2194,-34.25,3587,79462,48000,14.94,15.44,0.9183,INR/bale,Dhan API v2 (Client 1112620458)
2025-10-23 12:00,2025-10-23,12,Cotton,48219.77,48248.48,28.7,0.0595,-77.15,10447,77800,48000,14.83,15.33,0.9361,INR/bale,Dhan API v2 (Client 1112620458)
2025-10-23 13:00,2025-10-23,13,Cotton,48441.02,48528.15,87.14,0.1799,58.44,10396,80846,48500,14.54,15.04,0.9364,INR/bale,Dhan API v2 (Client 1112620458)
2025-10-23 14:00,2025-10-23,14,Cotton,48380.73,48535.89,155.17,0.3207,68.03,12083,78267,48500,13.87,14.37,0.9267,INR/bale,Dhan API v2 (Client 1112620458)
2025-10-23 15:00,2025-10-23,15,Cotton,48429.09,48582.15,153.06,0.3161,-2.11,6633,80309,48500,14.5,15.0,0.9518,INR/bale,Dhan API v2 (Client 1112620458)
2025-10-23 16:00,2025-10-23,16,Cotton,48633.34,48658.94,25.61,0.0527,-127.45,9264,79188,48500,14.11,14.61,0.9155,INR/bale,Dhan API v2 (Client 1112620458)
2025-10-23 17:00,2025-10-23,17,Cotton,48570.5,48699.97,129.47,0.2666,103.86,7267,78509,48500,14.65,15.15,0.9128,INR/bale,Dhan API v2 (Client 1112620458)
2025-10-23 18:00,2025-10-23,18,Cotton,48647.1,48700.47,53.38,0.1097,-76.09,7455,79540,48500,13.8,14.3,0.8925,INR/bale,Dhan API v2 (Client 1112620458)
2025-10-23 19:00,2025-10-23,19,Cotton,48524.79,48509.2,-15.59,-0.0321,-68.97,9970,78768,48500,14.29,14.79,0.9204,INR/bale,Dhan API v2 (Client 1112620458)
2025-10-23 20:00,2025-10-23,20,Cotton,48531.46,48568.7,37.23,0.0767,52.82,8557,78929,48500,14.53,15.03,0.9551,INR/bale,Dhan API v2 (Client 1112620458)
2025-10-23 21:00,2025-10-23,21,Cotton,48494.81,48697.85,203.04,0.4187,165.81,14501,78571,48500,14.35,14.85,0.905,INR/bale,Dhan API v2 (Client 1112620458)
2025-10-23 22:00,2025-10-23,22,Cotton,48663.9,48838.14,174.25,0.3581,-28.79,9766,79291,48500,14.17,14.67,0.8864,INR/bale,Dhan API v2 (Client 1112620458)
2025-10-23 23:00,2025-10-23,23,Cotton,48615.66,48876.3,260.64,0.5361,86.39,5785,81275,48500,14.21,14.71,0.9453,INR/bale,Dhan API v2 (Client 1112620458)
2025-10-24 09:00,2025-10-24,9,Cotton,48696.81,48698.92,2.11,0.0043,-258.53,4979,77840,48500,14.09,14.59,0.9077,INR/bale,Dhan API v2 (Client 1112620458)
2025-10-24 10:00,2025-10-24,10,Cotton,48615.62,48651.73,36.1,0.0743,33.99,11447,80294,48500,14.18,14.68,0.9117,INR/bale,Dhan API v2 (Client 1112620458)
2025-10-24 11:00,2025-10-24,11,Cotton,48957.63,49064.15,106.52,0.2176,70.42,12095,79662,49000,14.52,15.02,0.9309,INR/bale,Dhan API v2 (Client 1112620458)
2025-10-24 12:00,2025-10-24,12,Cotton,48854.54,48857.86,3.31,0.0068,-103.21,2895,78464,49000,14.35,14.85,0.8852,INR/bale,Dhan API v2 (Client 1112620458)
2025-10-24 13:00,2025-10-24,13,Cotton,48730.08,48832.48,102.41,0.2101,99.1,10572,80289,48500,14.24,14.74,0.9339,INR/bale,Dhan API v2 (Client 1112620458)
2025-10-24 14:00,2025-10-24,14,Cotton,48721.58,48944.19,222.61,0.4569,120.2,826,78612,48500,14.17,14.67,0.9386,INR/bale,Dhan API v2 (Client 1112620458)
2025-10-24 15:00,2025-10-24,15,Cotton,48685.23,48767.1,81.87,0.1682,-140.74,10935,79436,48500,14.67,15.17,0.9696,INR/bale,Dhan API v2 (Client 1112620458)
2025-10-24 16:00,2025-10-24,16,Cotton,48790.17,48905.31,115.14,0.236,33.27,12135,80293,49000,14.4,14.9,0.9154,INR/bale,Dhan API v2 (Client 1112620458)
2025-10-24 17:00,2025-10-24,17,Cotton,48807.56,48888.05,80.49,0.1649,-34.65,3644,79835,49000,14.34,14.84,0.9131,INR/bale,Dhan API v2 (Client 1112620458)
2025-10-24 18:00,2025-10-24,18,Cotton,48709.16,48893.82,184.66,0.3791,104.17,7189,79545,48500,14.53,15.03,0.9059,INR/bale,Dhan API v2 (Client 1112620458)
2025-10-24 19:00,2025-10-24,19,Cotton,48711.87,48899.89,188.02,0.386,3.36,4091,77879,48500,14.65,15.15,0.9419,INR/bale,Dhan API v2 (Client 1112620458)
2025-10-24 20:00,2025-10-24,20,Cotton,48611.4,48791.77,180.37,0.371,-7.65,13577,80159,48500,14.57,15.07,0.9049,INR/bale,Dhan API v2 (Client 1112620458)
2025-10-24 21:00,2025-10-24,21,Cotton,48602.0,48577.02,-24.98,-0.0514,-205.35,4593,79698,48500,14.55,15.05,0.882,INR/bale,Dhan API v2 (Client 1112620458)
2025-10-24 22:00,2025-10-24,22,Cotton,48557.86,48486.84,-71.02,-0.1463,-46.04,13609,79762,48500,14.72,15.22,0.9527,INR/bale,Dhan API v2 (Client 1112620458)
2025-10-24 23:00,2025-10-24,23,Cotton,48451.14,48495.05,43.91,0.0906,114.93,14685,80427,48500,14.99,15.49,0.8904,INR/bale,Dhan API v2 (Client 1112620458)
2025-10-27 09:00,2025-10-27,9,Cotton,48170.25,48220.72,50.47,0.1048,6.56,13836,79464,48000,14.33,14.83,0.9566,INR/bale,Dhan API v2 (Client 1112620458)
2025-10-27 10:00,2025-10-27,10,Cotton,48231.48,48312.48,81.0,0.1679,30.53,7975,80855,48000,14.44,14.94,0.8946,INR/bale,Dhan API v2 (Client 1112620458)
2025-10-27 11:00,2025-10-27,11,Cotton,48284.99,48481.61,196.62,0.4072,115.62,9302,79940,48500,14.54,15.04,0.954,INR/bale,Dhan API v2 (Client 1112620458)
2025-10-27 12:00,2025-10-27,12,Cotton,48290.32,48276.72,-13.6,-0.0282,-210.22,11835,79836,48500,14.21,14.71,0.8778,INR/bale,Dhan API v2 (Client 1112620458)
2025-10-27 13:00,2025-10-27,13,Cotton,48144.63,48282.19,137.56,0.2857,151.16,10073,79610,48000,14.75,15.25,0.904,INR/bale,Dhan API v2 (Client 1112620458)
2025-10-27 14:00,2025-10-27,14,Cotton,48139.02,48318.51,179.5,0.3729,41.94,7069,79056,48000,14.85,15.35,0.9273,INR/bale,Dhan API v2 (Client 1112620458)
2025-10-27 15:00,2025-10-27,15,Cotton,48018.64,48135.17,116.53,0.2427,-62.97,14531,80428,48000,14.4,14.9,0.8923,INR/bale,Dhan API v2 (Client 1112620458)
2025-10-27 16:00,2025-10-27,16,Cotton,48083.47,48226.52,143.04,0.2975,26.51,13809,79823,48000,13.9,14.4,0.8865,INR/bale,Dhan API v2 (Client 1112620458)
2025-10-27 17:00,2025-10-27,17,Cotton,48037.77,48163.58,125.81,0.2619,-17.23,14508,79065,48000,14.59,15.09,0.911,INR/bale,Dhan API v2 (Client 1112620458)
2025-10-27 18:00,2025-10-27,18,Cotton,47885.21,47956.26,71.05,0.1484,-54.76,12320,78952,48000,14.48,14.98,0.9542,INR/bale,Dhan API v2 (Client 1112620458)
2025-10-27 19:00,2025-10-27,19,Cotton,47902.32,47973.68,71.36,0.149,0.31,994,81520,48000,13.55,14.05,0.9513,INR/bale,Dhan API v2 (Client 1112620458)
2025-10-27 20:00,2025-10-27,20,Cotton,48054.44,48068.56,14.11,0.0294,-57.25,1144,79014,48000,14.48,14.98,0.9604,INR/bale,Dhan API v2 (Client 1112620458)
2025-10-27 21:00,2025-10-27,21,Cotton,47918.26,47880.45,-37.81,-0.0789,-51.92,3125,78806,48000,13.96,14.46,0.8972,INR/bale,Dhan API v2 (Client 1112620458)
2025-10-27 22:00,2025-10-27,22,Cotton,47762.28,47767.54,5.26,0.011,43.07,11197,80203,48000,14.39,14.89,0.933,INR/bale,Dhan API v2 (Client 1112620458)
2025-10-27 23:00,2025-10-27,23,Cotton,47683.95,47649.21,-34.74,-0.0728,-40.0,10935,78842,47500,14.0,14.5,0.9076,INR/bale,Dhan API v2 (Client 1112620458)
2025-10-28 09:00,2025-10-28,9,Cotton,47505.55,47672.0,166.45,0.3504,201.19,5896,79723,47500,14.45,14.95,0.9437,INR/bale,Dhan API v2 (Client 1112620458)
2025-10-28 10:00,2025-10-28,10,Cotton,47626.42,47762.16,135.74,0.285,-30.71,10711,78482,47500,14.4,14.9,0.9298,INR/bale,Dhan API v2 (Client 1112620458)
2025-10-28 11:00,2025-10-28,11,Cotton,47501.35,47547.03,45.68,0.0962,-90.06,9410,79797,47500,14.75,15.25,0.9045,INR/bale,Dhan API v2 (Client 1112620458)
2025-10-28 12:00,2025-10-28,12,Cotton,47429.0,47509.65,80.65,0.17,34.97,2704,78014,47500,14.47,14.97,0.8962,INR/bale,Dhan API v2 (Client 1112620458)
2025-10-28 13:00,2025-10-28,13,Cotton,47505.43,47393.22,-112.21,-0.2362,-192.86,10745,79820,47500,14.14,14.64,0.9417,INR/bale,Dhan API v2 (Client 1112620458)
2025-10-28 14:00,2025-10-28,14,Cotton,47381.19,47528.44,147.25,0.3108,259.46,8246,78381,47500,14.72,15.22,0.9075,INR/bale,Dhan API v2 (Client 1112620458)
2025-10-28 15:00,2025-10-28,15,Cotton,47102.86,47033.23,-69.63,-0.1478,-216.88,4725,78637,47000,14.41,14.91,0.8972,INR/bale,Dhan API v2 (Client 1112620458)
2025-10-28 16:00,2025-10-28,16,Cotton,46986.35,47086.23,99.88,0.2126,169.51,5637,78666,47000,14.28,14.78,0.9502,INR/bale,Dhan API v2 (Client 1112620458)
2025-10-28 17:00,2025-10-28,17,Cotton,47017.35,47080.82,63.48,0.135,-36.4,4238,79758,47000,14.46,14.96,0.8979,INR/bale,Dhan API v2 (Client 1112620458)
2025-10-28 18:00,2025-10-28,18,Cotton,47119.86,47188.34,68.48,0.1453,5.0,13996,79937,47000,14.56,15.06,0.9282,INR/bale,Dhan API v2 (Client 1112620458)
2025-10-28 19:00,2025-10-28,19,Cotton,47206.79,47219.41,12.61,0.0267,-55.87,9020,78786,47000,14.24,14.74,0.9205,INR/bale,Dhan API v2 (Client 1112620458)
2025-10-28 20:00,2025-10-28,20,Cotton,47029.1,47047.0,17.89,0.038,5.28,1714,80190,47000,15.17,15.67,0.9249,INR/bale,Dhan API v2 (Client 1112620458)
2025-10-28 21:00,2025-10-28,21,Cotton,46921.61,47019.48,97.86,0.2086,79.97,5119,79753,47000,14.6,15.1,0.9119,INR/bale,Dhan API v2 (Client 1112620458)
2025-10-28 22:00,2025-10-28,22,Cotton,47000.85,46981.1,-19.75,-0.042,-117.61,5235,81565,47000,15.06,15.56,0.9085,INR/bale,Dhan API v2 (Client 1112620458)
2025-10-28 23:00,2025-10-28,23,Cotton,46979.5,47073.06,93.56,0.1991,113.31,10793,79517,47000,14.55,15.05,0.8704,INR/bale,Dhan API v2 (Client 1112620458)
2025-10-29 09:00,2025-10-29,9,Cotton,46931.39,46949.47,18.08,0.0385,-75.48,806,78606,47000,14.05,14.55,0.9068,INR/bale,Dhan API v2 (Client 1112620458)
2025-10-29 10:00,2025-10-29,10,Cotton,46821.91,46785.74,-36.18,-0.0773,-54.26,11603,78629,47000,14.67,15.17,0.894,INR/bale,Dhan API v2 (Client 1112620458)
2025-10-29 11:00,2025-10-29,11,Cotton,46705.93,46958.11,252.19,0.5399,288.37,2338,78693,46500,14.46,14.96,0.9279,INR/bale,Dhan API v2 (Client 1112620458)
2025-10-29 12:00,2025-10-29,12,Cotton,46621.54,46609.38,-12.16,-0.0261,-264.35,3445,78696,46500,14.27,14.77,0.9505,INR/bale,Dhan API v2 (Client 1112620458)
2025-10-29 13:00,2025-10-29,13,Cotton,46626.42,46575.61,-50.81,-0.109,-38.65,10427,80330,46500,14.62,15.12,0.9247,INR/bale,Dhan API v2 (Client 1112620458)
2025-10-29 14:00,2025-10-29,14,Cotton,46863.59,46961.23,97.63,0.2083,148.44,4441,80064,47000,14.01,14.51,0.8997,INR/bale,Dhan API v2 (Client 1112620458)
2025-10-29 15:00,2025-10-29,15,Cotton,46920.73,46903.2,-17.53,-0.0374,-115.16,13958,79379,47000,14.9,15.4,0.9121,INR/bale,Dhan API v2 (Client 1112620458)
2025-10-29 16:00,2025-10-29,16,Cotton,47176.66,47302.62,125.96,0.267,143.49,5107,80428,47000,15.01,15.51,0.9369,INR/bale,Dhan API v2 (Client 1112620458)
2025-10-29 17:00,2025-10-29,17,Cotton,47141.0,47118.72,-22.28,-0.0473,-148.24,1586,80016,47000,13.8,14.3,0.8946,INR/bale,Dhan API v2 (Client 1112620458)
2025-10-29 18:00,2025-10-29,18,Cotton,47163.14,47138.51,-24.63,-0.0522,-2.35,1823,78062,47000,14.46,14.96,0.9355,INR/bale,Dhan API v2 (Client 1112620458)
2025-10-29 19:00,2025-10-29,19,Cotton,47220.76,47261.64,40.88,0.0866,65.51,4924,80225,47000,14.67,15.17,0.9516,INR/bale,Dhan API v2 (Client 1112620458)
2025-10-29 20:00,2025-10-29,20,Cotton,47394.62,47369.74,-24.88,-0.0525,-65.76,11834,78899,47500,14.02,14.52,0.9026,INR/bale,Dhan API v2 (Client 1112620458)
2025-10-29 21:00,2025-10-29,21,Cotton,47495.03,47440.74,-54.29,-0.1143,-29.41,9612,79531,47500,14.27,14.77,0.9136,INR/bale,Dhan API v2 (Client 1112620458)
2025-10-29 22:00,2025-10-29,22,Cotton,47413.37,47492.23,78.86,0.1663,133.15,8413,78358,47500,14.16,14.66,0.953,INR/bale,Dhan API v2 (Client 1112620458)
2025-10-29 23:00,2025-10-29,23,Cotton,47544.81,47531.8,-13.01,-0.0274,-91.87,4628,80310,47500,14.74,15.24,0.9086,INR/bale,Dhan API v2 (Client 1112620458)
2025-10-30 09:00,2025-10-30,9,Cotton,47431.14,47475.79,44.65,0.0941,57.66,3528,79900,47500,14.37,14.87,0.8697,INR/bale,Dhan API v2 (Client 1112620458)
2025-10-30 10:00,2025-10-30,10,Cotton,47513.24,47559.96,46.71,0.0983,2.06,13697,77878,47500,14.0,14.5,0.9148,INR/bale,Dhan API v2 (Client 1112620458)
2025-10-30 11:00,2025-10-30,11,Cotton,47502.84,47431.72,-71.12,-0.1497,-117.83,2948,79388,47500,14.49,14.99,0.9079,INR/bale,Dhan API v2 (Client 1112620458)
2025-10-30 12:00,2025-10-30,12,Cotton,47466.0,47571.61,105.61,0.2225,176.73,9639,78187,47500,14.23,14.73,0.9182,INR/bale,Dhan API v2 (Client 1112620458)
2025-10-30 13:00,2025-10-30,13,Cotton,47509.77,47521.47,11.7,0.0246,-93.91,12566,79172,47500,14.13,14.63,0.9115,INR/bale,Dhan API v2 (Client 1112620458)
2025-10-30 14:00,2025-10-30,14,Cotton,47541.4,47646.11,104.7,0.2202,93.0,4124,79176,47500,14.12,14.62,0.8835,INR/bale,Dhan API v2 (Client 1112620458)
2025-10-30 15:00,2025-10-30,15,Cotton,47617.92,47629.35,11.43,0.024,-93.27,10511,81759,47500,14.55,15.05,0.9197,INR/bale,Dhan API v2 (Client 1112620458)
2025-10-30 16:00,2025-10-30,16,Cotton,47673.45,47732.58,59.13,0.124,47.7,836,79450,47500,14.56,15.06,0.922,INR/bale,Dhan API v2 (Client 1112620458)
2025-10-30 17:00,2025-10-30,17,Cotton,47870.2,47722.24,-147.96,-0.3091,-207.09,9964,80527,48000,14.51,15.01,0.8966,INR/bale,Dhan API v2 (Client 1112620458)
2025-10-30 18:00,2025-10-30,18,Cotton,47922.45,48025.74,103.29,0.2155,251.25,9800,78305,48000,14.3,14.8,0.8854,INR/bale,Dhan API v2 (Client 1112620458)
2025-10-30 19:00,2025-10-30,19,Cotton,47722.3,47796.19,73.89,0.1548,-29.4,12553,80495,47500,14.4,14.9,0.9367,INR/bale,Dhan API v2 (Client 1112620458)
2025-10-30 20:00,2025-10-30,20,Cotton,47477.05,47598.59,121.54,0.256,47.65,8064,79666,47500,14.49,14.99,0.9119,INR/bale,Dhan API v2 (Client 1112620458)
2025-10-30 21:00,2025-10-30,21,Cotton,47240.57,47241.52,0.96,0.002,-120.58,14071,79605,47000,14.1,14.6,0.9317,INR/bale,Dhan API v2 (Client 1112620458)
2025-10-30 22:00,2025-10-30,22,Cotton,47473.97,47488.91,14.94,0.0315,13.98,14992,81370,47500,14.11,14.61,0.9432,INR/bale,Dhan API v2 (Client 1112620458)
2025-10-30 23:00,2025-10-30,23,Cotton,47517.19,47578.93,61.74,0.1299,46.8,8370,80072,47500,13.72,14.22,0.9051,INR/bale,Dhan API v2 (Client 1112620458)
2025-10-31 09:00,2025-10-31,9,Cotton,47579.96,47530.9,-49.06,-0.1031,-110.8,13792,78512,47500,14.62,15.12,0.9531,INR/bale,Dhan API v2 (Client 1112620458)
2025-10-31 10:00,2025-10-31,10,Cotton,47659.3,47653.04,-6.26,-0.0131,42.8,3481,79657,47500,13.72,14.22,0.941,INR/bale,Dhan API v2 (Client 1112620458)
2025-10-31 11:00,2025-10-31,11,Cotton,47688.74,47673.73,-15.01,-0.0315,-8.75,13688,79689,47500,14.86,15.36,0.89,INR/bale,Dhan API v2 (Client 1112620458)
2025-10-31 12:00,2025-10-31,12,Cotton,47693.12,47755.46,62.34,0.1307,77.35,2998,79955,47500,15.43,15.93,0.9234,INR/bale,Dhan API v2 (Client 1112620458)
2025-10-31 13:00,2025-10-31,13,Cotton,47635.42,47550.45,-84.97,-0.1784,-147.31,2090,80661,47500,14.25,14.75,0.9234,INR/bale,Dhan API v2 (Client 1112620458)
2025-10-31 14:00,2025-10-31,14,Cotton,47678.62,47665.24,-13.38,-0.0281,71.59,12045,79297,47500,14.9,15.4,0.8843,INR/bale,Dhan API v2 (Client 1112620458)
2025-10-31 15:00,2025-10-31,15,Cotton,47388.52,47371.27,-17.25,-0.0364,-3.87,12289,80598,47500,14.18,14.68,0.9239,INR/bale,Dhan API v2 (Client 1112620458)
2025-10-31 16:00,2025-10-31,16,Cotton,47337.86,47461.41,123.55,0.261,140.8,1769,81005,47500,14.51,15.01,0.9002,INR/bale,Dhan API v2 (Client 1112620458)
2025-10-31 17:00,2025-10-31,17,Cotton,47287.73,47253.03,-34.71,-0.0734,-158.26,13758,78802,47500,14.47,14.97,0.9038,INR/bale,Dhan API v2 (Client 1112620458)
2025-10-31 18:00,2025-10-31,18,Cotton,47256.08,47346.09,90.0,0.1905,124.71,7727,80102,47500,14.44,14.94,0.898,INR/bale,Dhan API v2 (Client 1112620458)
2025-10-31 19:00,2025-10-31,19,Cotton,47339.99,47404.26,64.27,0.1358,-25.73,13806,79570,47500,14.18,14.68,0.9201,INR/bale,Dhan API v2 (Client 1112620458)
2025-10-31 20:00,2025-10-31,20,Cotton,47165.5,47253.87,88.37,0.1874,24.1,8796,80162,47000,14.45,14.95,0.9161,INR/bale,Dhan API v2 (Client 1112620458)
2025-10-31 21:00,2025-10-31,21,Cotton,47111.59,47139.07,27.47,0.0583,-60.9,2879,80037,47000,13.66,14.16,0.8926,INR/bale,Dhan API v2 (Client 1112620458)
2025-10-31 22:00,2025-10-31,22,Cotton,47105.37,47158.75,53.38,0.1133,25.91,5521,80426,47000,14.45,14.95,0.9528,INR/bale,Dhan API v2 (Client 1112620458)
2025-10-31 23:00,2025-10-31,23,Cotton,47188.62,47208.27,19.65,0.0416,-33.73,7049,79968,47000,14.14,14.64,0.9149,INR/bale,Dhan API v2 (Client 1112620458)
2025-11-03 09:00,2025-11-03,9,Cotton,47120.34,47272.14,151.81,0.3222,132.16,1529,79286,47000,14.36,14.86,0.9794,INR/bale,Dhan API v2 (Client 1112620458)
2025-11-03 10:00,2025-11-03,10,Cotton,47108.66,47126.06,17.4,0.0369,-134.41,3611,79314,47000,14.49,14.99,0.9272,INR/bale,Dhan API v2 (Client 1112620458)
2025-11-03 11:00,2025-11-03,11,Cotton,47060.97,46969.02,-91.95,-0.1954,-109.35,12739,78232,47000,14.6,15.1,0.879,INR/bale,Dhan API v2 (Client 1112620458)
2025-11-03 12:00,2025-11-03,12,Cotton,47253.9,47230.0,-23.9,-0.0506,68.05,9006,82061,47500,14.59,15.09,0.9,INR/bale,Dhan API v2 (Client 1112620458)
2025-11-03 13:00,2025-11-03,13,Cotton,47442.4,47405.57,-36.84,-0.0776,-12.94,13584,80089,47500,14.83,15.33,0.8989,INR/bale,Dhan API v2 (Client 1112620458)
2025-11-03 14:00,2025-11-03,14,Cotton,47279.71,47234.17,-45.54,-0.0963,-8.7,14784,80098,47500,14.51,15.01,0.9302,INR/bale,Dhan API v2 (Client 1112620458)
2025-11-03 15:00,2025-11-03,15,Cotton,47286.02,47316.24,30.22,0.0639,75.76,12024,79960,47500,14.16,14.66,0.8707,INR/bale,Dhan API v2 (Client 1112620458)
2025-11-03 16:00,2025-11-03,16,Cotton,46994.57,47052.81,58.24,0.1239,28.02,13093,79211,47000,14.21,14.71,0.89,INR/bale,Dhan API v2 (Client 1112620458)
2025-11-03 17:00,2025-11-03,17,Cotton,46928.88,46940.23,11.36,0.0242,-46.88,10778,82446,47000,14.77,15.27,0.9126,INR/bale,Dhan API v2 (Client 1112620458)
2025-11-03 18:00,2025-11-03,18,Cotton,47110.08,47186.54,76.46,0.1623,65.1,4618,79375,47000,14.82,15.32,0.8787,INR/bale,Dhan API v2 (Client 1112620458)
2025-11-03 19:00,2025-11-03,19,Cotton,47063.09,47111.55,48.46,0.103,-28.0,1183,78368,47000,14.47,14.97,0.9542,INR/bale,Dhan API v2 (Client 1112620458)
2025-11-03 20:00,2025-11-03,20,Cotton,46875.83,46767.69,-108.13,-0.2307,-156.59,2639,79820,47000,14.23,14.73,0.8952,INR/bale,Dhan API v2 (Client 1112620458)
2025-11-03 21:00,2025-11-03,21,Cotton,46813.13,46839.29,26.16,0.0559,134.29,2849,80638,47000,14.9,15.4,0.8747,INR/bale,Dhan API v2 (Client 1112620458)
2025-11-03 22:00,2025-11-03,22,Cotton,46816.85,46942.15,125.3,0.2676,99.14,6975,78711,47000,14.9,15.4,0.8931,INR/bale,Dhan API v2 (Client 1112620458)
2025-11-03 23:00,2025-11-03,23,Cotton,46838.31,46935.08,96.77,0.2066,-28.53,5185,80272,47000,14.67,15.17,0.9299,INR/bale,Dhan API v2 (Client 1112620458)
2025-11-04 09:00,2025-11-04,9,Cotton,46904.53,46961.67,57.14,0.1218,-39.63,6371,79806,47000,14.87,15.37,0.9264,INR/bale,Dhan API v2 (Client 1112620458)
2025-11-04 10:00,2025-11-04,10,Cotton,46785.3,46769.28,-16.02,-0.0342,-73.16,10939,80085,47000,14.53,15.03,0.9267,INR/bale,Dhan API v2 (Client 1112620458)
2025-11-04 11:00,2025-11-04,11,Cotton,46845.39,46813.56,-31.83,-0.0679,-15.81,713,81132,47000,14.76,15.26,0.9196,INR/bale,Dhan API v2 (Client 1112620458)
2025-11-04 12:00,2025-11-04,12,Cotton,46857.22,46873.49,16.27,0.0347,48.1,14720,78824,47000,13.92,14.42,0.9003,INR/bale,Dhan API v2 (Client 1112620458)
2025-11-04 13:00,2025-11-04,13,Cotton,46580.58,46597.5,16.92,0.0363,0.65,7507,81021,46500,14.19,14.69,0.9137,INR/bale,Dhan API v2 (Client 1112620458)
2025-11-04 14:00,2025-11-04,14,Cotton,46590.26,46581.71,-8.55,-0.0183,-25.47,2162,78635,46500,14.58,15.08,0.9058,INR/bale,Dhan API v2 (Client 1112620458)
2025-11-04 15:00,2025-11-04,15,Cotton,46605.25,46500.4,-104.85,-0.225,-96.3,9274,78542,46500,13.89,14.39,0.9532,INR/bale,Dhan API v2 (Client 1112620458)
2025-11-04 16:00,2025-11-04,16,Cotton,46649.68,46702.71,53.03,0.1137,157.88,12147,79105,46500,14.63,15.13,0.906,INR/bale,Dhan API v2 (Client 1112620458)
2025-11-04 17:00,2025-11-04,17,Cotton,46760.56,46795.12,34.55,0.0739,-18.48,7840,78696,47000,14.51,15.01,0.9204,INR/bale,Dhan API v2 (Client 1112620458)
2025-11-04 18:00,2025-11-04,18,Cotton,46710.6,46815.04,104.45,0.2236,69.9,1905,79812,46500,14.29,14.79,0.9393,INR/bale,Dhan API v2 (Client 1112620458)
2025-11-04 19:00,2025-11-04,19,Cotton,46796.18,46692.53,-103.65,-0.2215,-208.1,1816,79371,47000,13.96,14.46,0.8896,INR/bale,Dhan API v2 (Client 1112620458)
2025-11-04 20:00,2025-11-04,20,Cotton,46934.87,46878.89,-55.98,-0.1193,47.67,9046,78655,47000,14.33,14.83,0.9357,INR/bale,Dhan API v2 (Client 1112620458)
2025-11-04 21:00,2025-11-04,21,Cotton,46853.15,46811.6,-41.55,-0.0887,14.43,11660,80505,47000,14.52,15.02,0.9548,INR/bale,Dhan API v2 (Client 1112620458)
2025-11-04 22:00,2025-11-04,22,Cotton,46672.11,46726.18,54.07,0.1158,95.62,5189,79265,46500,14.91,15.41,0.9472,INR/bale,Dhan API v2 (Client 1112620458)
2025-11-04 23:00,2025-11-04,23,Cotton,46870.47,46997.13,126.66,0.2702,72.59,11694,78501,47000,14.87,15.37,0.9415,INR/bale,Dhan API v2 (Client 1112620458)
2025-11-05 09:00,2025-11-05,9,Cotton,46803.47,46673.0,-130.47,-0.2788,-257.13,3364,79359,47000,14.28,14.78,0.8943,INR/bale,Dhan API v2 (Client 1112620458)
2025-11-05 10:00,2025-11-05,10,Cotton,46953.86,46829.95,-123.91,-0.2639,6.56,6617,80122,47000,14.48,14.98,0.9167,INR/bale,Dhan API v2 (Client 1112620458)
2025-11-05 11:00,2025-11-05,11,Cotton,47057.6,46982.44,-75.17,-0.1597,48.74,6132,80291,47000,14.13,14.63,0.902,INR/bale,Dhan API v2 (Client 1112620458)
2025-11-05 12:00,2025-11-05,12,Cotton,47257.9,47235.74,-22.16,-0.0469,53.01,3891,79631,47500,14.21,14.71,0.9356,INR/bale,Dhan API v2 (Client 1112620458)
2025-11-05 13:00,2025-11-05,13,Cotton,46985.16,46941.92,-43.24,-0.092,-21.08,7472,80699,47000,13.85,14.35,0.9494,INR/bale,Dhan API v2 (Client 1112620458)
2025-11-05 14:00,2025-11-05,14,Cotton,47115.36,47072.58,-42.78,-0.0908,0.46,10981,79345,47000,14.2,14.7,0.9315,INR/bale,Dhan API v2 (Client 1112620458)
2025-11-05 15:00,2025-11-05,15,Cotton,46973.99,46884.61,-89.38,-0.1903,-46.6,2463,78482,47000,14.72,15.22,0.9164,INR/bale,Dhan API v2 (Client 1112620458)
2025-11-05 16:00,2025-11-05,16,Cotton,47190.82,47303.09,112.27,0.2379,201.65,5766,79254,47000,14.03,14.53,0.9553,INR/bale,Dhan API v2 (Client 1112620458)
2025-11-05 17:00,2025-11-05,17,Cotton,47168.57,47118.54,-50.03,-0.1061,-162.3,10321,79718,47000,14.55,15.05,0.9163,INR/bale,Dhan API v2 (Client 1112620458)
2025-11-05 18:00,2025-11-05,18,Cotton,47039.11,47115.39,76.28,0.1622,126.31,12287,80498,47000,14.35,14.85,0.9416,INR/bale,Dhan API v2 (Client 1112620458)
2025-11-05 19:00,2025-11-05,19,Cotton,46858.73,46857.04,-1.69,-0.0036,-77.97,7034,79096,47000,14.35,14.85,0.9335,INR/bale,Dhan API v2 (Client 1112620458)
2025-11-05 20:00,2025-11-05,20,Cotton,46982.48,47037.01,54.52,0.116,56.21,13593,78896,47000,14.51,15.01,0.943,INR/bale,Dhan API v2 (Client 1112620458)
2025-11-05 21:00,2025-11-05,21,Cotton,47058.53,46949.07,-109.46,-0.2326,-163.98,7414,81039,47000,14.48,14.98,0.923,INR/bale,Dhan API v2 (Client 1112620458)
2025-11-05 22:00,2025-11-05,22,Cotton,47171.4,47290.85,119.45,0.2532,228.91,10332,80440,47000,14.15,14.65,0.9212,INR/bale,Dhan API v2 (Client 1112620458)
2025-11-05 23:00,2025-11-05,23,Cotton,47204.49,47161.72,-42.77,-0.0906,-162.22,8405,78780,47000,14.66,15.16,0.9125,INR/bale,Dhan API v2 (Client 1112620458)
2025-11-06 09:00,2025-11-06,9,Cotton,47227.45,47481.25,253.81,0.5374,296.58,5020,79968,47000,14.39,14.89,0.9304,INR/bale,Dhan API v2 (Client 1112620458)
2025-11-06 10:00,2025-11-06,10,Cotton,47200.88,47447.06,246.18,0.5216,-7.63,14314,81572,47000,14.35,14.85,0.9509,INR/bale,Dhan API v2 (Client 1112620458)
2025-11-06 11:00,2025-11-06,11,Cotton,47205.47,47276.32,70.85,0.1501,-175.33,4007,79403,47000,14.78,15.28,0.921,INR/bale,Dhan API v2 (Client 1112620458)
2025-11-06 12:00,2025-11-06,12,Cotton,47174.86,47405.17,230.31,0.4882,159.46,9461,79748,47000,14.05,14.55,0.9742,INR/bale,Dhan API v2 (Client 1112620458)
2025-11-06 13:00,2025-11-06,13,Cotton,47121.27,47325.33,204.05,0.433,-26.26,10228,79262,47000,14.56,15.06,0.9072,INR/bale,Dhan API v2 (Client 1112620458)
2025-11-06 14:00,2025-11-06,14,Cotton,46989.92,47221.93,232.0,0.4937,27.95,914,79578,47000,14.0,14.5,0.9426,INR/bale,Dhan API v2 (Client 1112620458)
2025-11-06 15:00,2025-11-06,15,Cotton,46862.09,47262.5,400.41,0.8545,168.41,1890,80596,47000,14.53,15.03,0.946,INR/bale,Dhan API v2 (Client 1112620458)
2025-11-06 16:00,2025-11-06,16,Cotton,46955.6,47407.02,451.42,0.9614,51.01,11901,78548,47000,14.73,15.23,0.8899,INR/bale,Dhan API v2 (Client 1112620458)
2025-11-06 17:00,2025-11-06,17,Cotton,46867.92,47140.99,273.07,0.5826,-178.35,3108,79148,47000,14.04,14.54,0.9317,INR/bale,Dhan API v2 (Client 1112620458)
2025-11-06 18:00,2025-11-06,18,Cotton,46726.18,46802.32,76.14,0.163,-196.93,7694,78265,46500,14.9,15.4,0.9579,INR/bale,Dhan API v2 (Client 1112620458)
2025-11-06 19:00,2025-11-06,19,Cotton,46858.84,47154.15,295.31,0.6302,219.17,10165,79424,47000,14.01,14.51,0.8907,INR/bale,Dhan API v2 (Client 1112620458)
2025-11-06 20:00,2025-11-06,20,Cotton,46792.65,47087.08,294.43,0.6292,-0.88,4879,79890,47000,14.81,15.31,0.9333,INR/bale,Dhan API v2 (Client 1112620458)
2025-11-06 21:00,2025-11-06,21,Cotton,46898.87,47053.73,154.86,0.3302,-139.57,6081,80098,47000,14.35,14.85,0.8965,INR/bale,Dhan API v2 (Client 1112620458)
2025-11-06 22:00,2025-11-06,22,Cotton,47116.93,47390.0,273.07,0.5796,118.21,2837,80650,47000,14.4,14.9,0.8875,INR/bale,Dhan API v2 (Client 1112620458)
2025-11-06 23:00,2025-11-06,23,Cotton,47169.83,47389.07,219.24,0.4648,-53.83,1339,79269,47000,14.21,14.71,0.9222,INR/bale,Dhan API v2 (Client 1112620458)
2025-11-07 09:00,2025-11-07,9,Cotton,47059.63,47292.06,232.42,0.4939,13.18,10190,78431,47000,13.99,14.49,0.9266,INR/bale,Dhan API v2 (Client 1112620458)
2025-11-07 10:00,2025-11-07,10,Cotton,47141.9,47468.51,326.61,0.6928,94.19,10913,78908,47000,14.46,14.96,0.8754,INR/bale,Dhan API v2 (Client 1112620458)
2025-11-07 11:00,2025-11-07,11,Cotton,47343.0,47620.65,277.65,0.5865,-48.96,3097,78957,47500,14.17,14.67,0.9464,INR/bale,Dhan API v2 (Client 1112620458)
2025-11-07 12:00,2025-11-07,12,Cotton,47344.46,47425.24,80.78,0.1706,-196.87,598,78927,47500,14.83,15.33,0.91,INR/bale,Dhan API v2 (Client 1112620458)
2025-11-07 13:00,2025-11-07,13,Cotton,47426.32,47676.13,249.81,0.5267,169.03,3671,79951,47500,14.68,15.18,0.9332,INR/bale,Dhan API v2 (Client 1112620458)
2025-11-07 14:00,2025-11-07,14,Cotton,47461.82,47836.86,375.04,0.7902,125.23,9538,79873,47500,14.47,14.97,0.8913,INR/bale,Dhan API v2 (Client 1112620458)
2025-11-07 15:00,2025-11-07,15,Cotton,47263.64,47504.13,240.48,0.5088,-134.56,6497,78763,47500,14.55,15.05,0.911,INR/bale,Dhan API v2 (Client 1112620458)
2025-11-07 16:00,2025-11-07,16,Cotton,47288.23,47451.33,163.1,0.3449,-77.38,14445,78212,47500,14.55,15.05,0.8848,INR/bale,Dhan API v2 (Client 1112620458)
2025-11-07 17:00,2025-11-07,17,Cotton,47074.68,47181.54,106.86,0.227,-56.24,11529,79922,47000,14.54,15.04,0.9233,INR/bale,Dhan API v2 (Client 1112620458)
2025-11-07 18:00,2025-11-07,18,Cotton,47113.82,47372.88,259.06,0.5499,152.2,11236,80971,47000,14.19,14.69,0.9297,INR/bale,Dhan API v2 (Client 1112620458)
2025-11-07 19:00,2025-11-07,19,Cotton,46863.46,47107.82,244.36,0.5214,-14.7,5755,79416,47000,14.39,14.89,0.8964,INR/bale,Dhan API v2 (Client 1112620458)
2025-11-07 20:00,2025-11-07,20,Cotton,46691.57,46843.28,151.7,0.3249,-92.66,9578,80041,46500,14.63,15.13,0.9478,INR/bale,Dhan API v2 (Client 1112620458)
2025-11-07 21:00,2025-11-07,21,Cotton,46609.39,46782.78,173.39,0.372,21.69,775,79267,46500,14.11,14.61,0.938,INR/bale,Dhan API v2 (Client 1112620458)
2025-11-07 22:00,2025-11-07,22,Cotton,46735.65,46977.37,241.73,0.5172,68.34,6469,79240,46500,14.54,15.04,0.9603,INR/bale,Dhan API v2 (Client 1112620458)
2025-11-07 23:00,2025-11-07,23,Cotton,46697.82,46733.53,35.71,0.0765,-206.02,7568,81451,46500,14.67,15.17,0.9256,INR/bale,Dhan API v2 (Client 1112620458)
2025-11-10 09:00,2025-11-10,9,Cotton,46672.77,46948.3,275.53,0.5903,239.82,2525,79919,46500,14.05,14.55,0.885,INR/bale,Dhan API v2 (Client 1112620458)
2025-11-10 10:00,2025-11-10,10,Cotton,46773.92,47107.27,333.35,0.7127,57.82,8599,80741,47000,14.48,14.98,0.8839,INR/bale,Dhan API v2 (Client 1112620458)
2025-11-10 11:00,2025-11-10,11,Cotton,46702.95,46813.49,110.54,0.2367,-222.81,4042,79906,46500,14.27,14.77,0.9124,INR/bale,Dhan API v2 (Client 1112620458)
2025-11-10 12:00,2025-11-10,12,Cotton,46754.31,47136.91,382.59,0.8183,272.05,2433,80752,47000,14.61,15.11,0.9613,INR/bale,Dhan API v2 (Client 1112620458)
2025-11-10 13:00,2025-11-10,13,Cotton,46667.58,46937.44,269.86,0.5783,-112.73,14366,79475,46500,14.27,14.77,0.9032,INR/bale,Dhan API v2 (Client 1112620458)
2025-11-10 14:00,2025-11-10,14,Cotton,46539.19,46727.58,188.39,0.4048,-81.47,7006,79042,46500,14.58,15.08,0.9061,INR/bale,Dhan API v2 (Client 1112620458)
2025-11-10 15:00,2025-11-10,15,Cotton,46353.37,46491.25,137.87,0.2974,-50.52,9638,80985,46500,14.22,14.72,0.8897,INR/bale,Dhan API v2 (Client 1112620458)
2025-11-10 16:00,2025-11-10,16,Cotton,46341.17,46493.16,151.99,0.328,14.12,4796,80570,46500,14.16,14.66,0.9229,INR/bale,Dhan API v2 (Client 1112620458)
2025-11-10 17:00,2025-11-10,17,Cotton,46278.9,46519.45,240.55,0.5198,88.56,5926,78816,46500,14.54,15.04,0.9014,INR/bale,Dhan API v2 (Client 1112620458)
2025-11-10 18:00,2025-11-10,18,Cotton,46315.72,46476.07,160.35,0.3462,-80.2,4988,80798,46500,14.78,15.28,0.9529,INR/bale,Dhan API v2 (Client 1112620458)
2025-11-10 19:00,2025-11-10,19,Cotton,46234.08,46521.33,287.25,0.6213,126.9,7779,80665,46000,14.11,14.61,0.8885,INR/bale,Dhan API v2 (Client 1112620458)
2025-11-10 20:00,2025-11-10,20,Cotton,46240.88,46470.87,229.99,0.4974,-57.26,13687,79367,46000,14.46,14.96,0.9187,INR/bale,Dhan API v2 (Client 1112620458)
2025-11-10 21:00,2025-11-10,21,Cotton,46158.06,46393.2,235.14,0.5094,5.15,12147,79125,46000,13.83,14.33,0.8905,INR/bale,Dhan API v2 (Client 1112620458)
2025-11-10 22:00,2025-11-10,22,Cotton,46259.87,46410.03,150.16,0.3246,-84.98,1551,79215,46500,14.58,15.08,0.9029,INR/bale,Dhan API v2 (Client 1112620458)
2025-11-10 23:00,2025-11-10,23,Cotton,46322.02,46509.65,187.63,0.4051,37.47,8031,80872,46500,14.72,15.22,0.9106,INR/bale,Dhan API v2 (Client 1112620458)
2025-11-11 09:00,2025-11-11,9,Cotton,46482.79,46694.48,211.69,0.4554,24.06,7341,80476,46500,14.07,14.57,0.8989,INR/bale,Dhan API v2 (Client 1112620458)
2025-11-11 10:00,2025-11-11,10,Cotton,46299.1,46554.74,255.64,0.5522,43.95,9960,79354,46500,14.18,14.68,0.9158,INR/bale,Dhan API v2 (Client 1112620458)
2025-11-11 11:00,2025-11-11,11,Cotton,46582.5,46835.91,253.41,0.544,-2.23,6619,77532,46500,14.04,14.54,0.9328,INR/bale,Dhan API v2 (Client 1112620458)
2025-11-11 12:00,2025-11-11,12,Cotton,46798.39,47078.91,280.53,0.5994,27.12,10903,79532,47000,14.49,14.99,0.8896,INR/bale,Dhan API v2 (Client 1112620458)
2025-11-11 13:00,2025-11-11,13,Cotton,46562.2,46817.85,255.65,0.5491,-24.88,10515,79447,46500,14.41,14.91,0.904,INR/bale,Dhan API v2 (Client 1112620458)
2025-11-11 14:00,2025-11-11,14,Cotton,46517.8,46758.61,240.81,0.5177,-14.84,14534,79580,46500,14.34,14.84,0.8883,INR/bale,Dhan API v2 (Client 1112620458)
2025-11-11 15:00,2025-11-11,15,Cotton,46478.79,46743.02,264.23,0.5685,23.42,10117,79446,46500,14.15,14.65,0.9488,INR/bale,Dhan API v2 (Client 1112620458)
2025-11-11 16:00,2025-11-11,16,Cotton,46533.7,46908.68,374.98,0.8058,110.75,2827,81913,46500,14.25,14.75,0.9116,INR/bale,Dhan API v2 (Client 1112620458)
2025-11-11 17:00,2025-11-11,17,Cotton,46394.86,46526.89,132.03,0.2846,-242.95,9788,78904,46500,14.64,15.14,0.918,INR/bale,Dhan API v2 (Client 1112620458)
2025-11-11 18:00,2025-11-11,18,Cotton,46408.76,46610.19,201.43,0.434,69.4,6649,79289,46500,14.26,14.76,0.8895,INR/bale,Dhan API v2 (Client 1112620458)
2025-11-11 19:00,2025-11-11,19,Cotton,46314.66,46475.26,160.6,0.3468,-40.83,6670,79088,46500,14.93,15.43,0.8762,INR/bale,Dhan API v2 (Client 1112620458)
2025-11-11 20:00,2025-11-11,20,Cotton,46368.8,46649.09,280.29,0.6045,119.69,13764,81179,46500,13.9,14.4,0.9418,INR/bale,Dhan API v2 (Client 1112620458)
2025-11-11 21:00,2025-11-11,21,Cotton,46373.33,46585.67,212.34,0.4579,-67.95,9701,79555,46500,14.28,14.78,0.9353,INR/bale,Dhan API v2 (Client 1112620458)
2025-11-11 22:00,2025-11-11,22,Cotton,46567.86,46681.99,114.13,0.2451,-98.21,4031,79957,46500,14.68,15.18,0.9559,INR/bale,Dhan API v2 (Client 1112620458)
2025-11-11 23:00,2025-11-11,23,Cotton,46405.43,46710.74,305.31,0.6579,191.18,14192,80272,46500,14.46,14.96,0.9368,INR/bale,Dhan API v2 (Client 1112620458)
2025-11-12 09:00,2025-11-12,9,Cotton,46351.71,46585.75,234.04,0.5049,-71.27,4449,78763,46500,14.44,14.94,0.9214,INR/bale,Dhan API v2 (Client 1112620458)
2025-11-12 10:00,2025-11-12,10,Cotton,46404.12,46597.09,192.98,0.4159,-41.06,2295,79444,46500,14.8,15.3,0.919,INR/bale,Dhan API v2 (Client 1112620458)
2025-11-12 11:00,2025-11-12,11,Cotton,46306.18,46634.47,328.3,0.709,135.32,3579,80050,46500,14.78,15.28,0.9412,INR/bale,Dhan API v2 (Client 1112620458)
2025-11-12 12:00,2025-11-12,12,Cotton,46238.84,46369.53,130.69,0.2826,-197.61,10211,79691,46000,14.23,14.73,0.8985,INR/bale,Dhan API v2 (Client 1112620458)
2025-11-12 13:00,2025-11-12,13,Cotton,46138.96,46309.7,170.74,0.3701,40.05,13235,79187,46000,14.29,14.79,0.8886,INR/bale,Dhan API v2 (Client 1112620458)
2025-11-12 14:00,2025-11-12,14,Cotton,46111.24,46224.81,113.57,0.2463,-57.17,8748,78149,46000,14.15,14.65,0.9131,INR/bale,Dhan API v2 (Client 1112620458)
2025-11-12 15:00,2025-11-12,15,Cotton,46186.51,46455.5,268.99,0.5824,155.42,13721,78740,46000,14.73,15.23,0.8894,INR/bale,Dhan API v2 (Client 1112620458)
2025-11-12 16:00,2025-11-12,16,Cotton,46161.62,46293.94,132.32,0.2866,-136.67,8626,79682,46000,14.11,14.61,0.9055,INR/bale,Dhan API v2 (Client 1112620458)
2025-11-12 17:00,2025-11-12,17,Cotton,46171.58,46404.74,233.16,0.505,100.84,4741,78660,46000,14.32,14.82,0.928,INR/bale,Dhan API v2 (Client 1112620458)
2025-11-12 18:00,2025-11-12,18,Cotton,46109.88,46275.27,165.39,0.3587,-67.77,5931,79015,46000,14.49,14.99,0.9524,INR/bale,Dhan API v2 (Client 1112620458)
2025-11-12 19:00,2025-11-12,19,Cotton,46136.66,46251.43,114.77,0.2488,-50.62,3314,80441,46000,14.38,14.88,0.9235,INR/bale,Dhan API v2 (Client 1112620458)
2025-11-12 20:00,2025-11-12,20,Cotton,46081.63,46195.77,114.14,0.2477,-0.63,5616,79178,46000,13.73,14.23,0.904,INR/bale,Dhan API v2 (Client 1112620458)
2025-11-12 21:00,2025-11-12,21,Cotton,45963.65,46274.55,310.9,0.6764,196.76,13398,78870,46000,14.49,14.99,0.9034,INR/bale,Dhan API v2 (Client 1112620458)
2025-11-12 22:00,2025-11-12,22,Cotton,45795.85,45988.97,193.11,0.4217,-117.79,9607,79128,46000,14.88,15.38,0.9066,INR/bale,Dhan API v2 (Client 1112620458)
2025-11-12 23:00,2025-11-12,23,Cotton,45826.58,46161.32,334.75,0.7305,141.64,6789,80964,46000,14.7,15.2,0.8993,INR/bale,Dhan API v2 (Client 1112620458)
2025-11-13 09:00,2025-11-13,9,Cotton,45746.25,46036.75,290.5,0.635,-44.25,2563,80408,45500,14.28,14.78,0.9172,INR/bale,Dhan API v2 (Client 1112620458)
2025-11-13 10:00,2025-11-13,10,Cotton,45622.47,45801.55,179.08,0.3925,-111.42,13043,80743,45500,14.63,15.13,0.9195,INR/bale,Dhan API v2 (Client 1112620458)
2025-11-13 11:00,2025-11-13,11,Cotton,45610.85,45677.68,66.83,0.1465,-112.25,1709,79196,45500,14.22,14.72,0.9515,INR/bale,Dhan API v2 (Client 1112620458)
2025-11-13 12:00,2025-11-13,12,Cotton,45675.0,45819.29,144.29,0.3159,77.46,10898,79830,45500,14.25,14.75,0.899,INR/bale,Dhan API v2 (Client 1112620458)
2025-11-13 13:00,2025-11-13,13,Cotton,45721.0,45751.46,30.46,0.0666,-113.83,3728,80194,45500,14.0,14.5,0.9321,INR/bale,Dhan API v2 (Client 1112620458)
2025-11-13 14:00,2025-11-13,14,Cotton,45756.27,46026.49,270.22,0.5906,239.76,5508,78720,46000,14.41,14.91,0.9332,INR/bale,Dhan API v2 (Client 1112620458)
2025-11-13 15:00,2025-11-13,15,Cotton,45595.16,45843.48,248.32,0.5446,-21.9,7002,77901,45500,14.21,14.71,0.9134,INR/bale,Dhan API v2 (Client 1112620458)
2025-11-13 16:00,2025-11-13,16,Cotton,45537.06,45558.58,21.52,0.0473,-226.8,14576,78474,45500,14.45,14.95,0.9277,INR/bale,Dhan API v2 (Client 1112620458)
2025-11-13 17:00,2025-11-13,17,Cotton,45455.72,45550.91,95.19,0.2094,73.67,8671,79964,45500,14.28,14.78,0.9198,INR/bale,Dhan API v2 (Client 1112620458)
2025-11-13 18:00,2025-11-13,18,Cotton,45254.44,45516.84,262.4,0.5798,167.21,5242,78748,45500,14.89,15.39,0.8952,INR/bale,Dhan API v2 (Client 1112620458)
2025-11-13 19:00,2025-11-13,19,Cotton,45381.32,45534.58,153.26,0.3377,-109.14,1994,79246,45500,15.01,15.51,0.8902,INR/bale,Dhan API v2 (Client 1112620458)
2025-11-13 20:00,2025-11-13,20,Cotton,45205.28,45286.42,81.14,0.1795,-72.12,4663,79929,45000,14.0,14.5,0.8903,INR/bale,Dhan API v2 (Client 1112620458)
2025-11-13 21:00,2025-11-13,21,Cotton,45309.89,45450.31,140.42,0.3099,59.28,10818,78699,45500,14.77,15.27,0.9629,INR/bale,Dhan API v2 (Client 1112620458)
2025-11-13 22:00,2025-11-13,22,Cotton,45227.02,45491.8,264.78,0.5854,124.36,10569,80120,45000,14.19,14.69,0.9221,INR/bale,Dhan API v2 (Client 1112620458)
2025-11-13 23:00,2025-11-13,23,Cotton,45106.79,45167.2,60.41,0.1339,-204.37,1413,78215,45000,14.3,14.8,0.9049,INR/bale,Dhan API v2 (Client 1112620458)
2025-11-14 09:00,2025-11-14,9,Cotton,45118.51,45269.07,150.56,0.3337,90.15,909,78832,45000,14.19,14.69,0.9491,INR/bale,Dhan API v2 (Client 1112620458)
2025-11-14 10:00,2025-11-14,10,Cotton,45154.56,45196.96,42.4,0.0939,-108.16,7417,78499,45000,14.61,15.11,0.9467,INR/bale,Dhan API v2 (Client 1112620458)
2025-11-14 11:00,2025-11-14,11,Cotton,45109.06,45379.57,270.51,0.5997,228.11,4467,80499,45000,14.66,15.16,0.9376,INR/bale,Dhan API v2 (Client 1112620458)
2025-11-14 12:00,2025-11-14,12,Cotton,44995.68,45201.07,205.39,0.4565,-65.12,6872,78775,45000,14.4,14.9,0.9378,INR/bale,Dhan API v2 (Client 1112620458)
2025-11-14 13:00,2025-11-14,13,Cotton,44937.33,45071.63,134.3,0.2989,-71.09,8840,79935,45000,14.34,14.84,0.9339,INR/bale,Dhan API v2 (Client 1112620458)
2025-11-14 14:00,2025-11-14,14,Cotton,45096.27,45279.21,182.94,0.4057,48.64,1774,79757,45000,14.57,15.07,0.9172,INR/bale,Dhan API v2 (Client 1112620458)
2025-11-14 15:00,2025-11-14,15,Cotton,45443.94,45658.9,214.96,0.473,32.02,13449,81282,45500,14.8,15.3,0.9211,INR/bale,Dhan API v2 (Client 1112620458)
2025-11-14 16:00,2025-11-14,16,Cotton,45477.8,45555.19,77.39,0.1702,-137.57,3128,78674,45500,14.12,14.62,0.8756,INR/bale,Dhan API v2 (Client 1112620458)
2025-11-14 17:00,2025-11-14,17,Cotton,45699.82,45812.87,113.05,0.2474,35.66,13402,78736,45500,14.45,14.95,0.8856,INR/bale,Dhan API v2 (Client 1112620458)
2025-11-14 18:00,2025-11-14,18,Cotton,45630.25,45695.92,65.67,0.1439,-47.38,13091,78797,45500,14.62,15.12,0.9063,INR/bale,Dhan API v2 (Client 1112620458)
2025-11-14 19:00,2025-11-14,19,Cotton,45678.63,45761.13,82.5,0.1806,16.83,12467,79331,45500,14.54,15.04,0.8975,INR/bale,Dhan API v2 (Client 1112620458)
2025-11-14 20:00,2025-11-14,20,Cotton,45738.53,45954.15,215.62,0.4714,133.12,7642,78847,45500,14.13,14.63,0.9332,INR/bale,Dhan API v2 (Client 1112620458)
2025-11-14 21:00,2025-11-14,21,Cotton,45750.71,45930.59,179.88,0.3932,-35.74,1490,79611,46000,14.4,14.9,0.895,INR/bale,Dhan API v2 (Client 1112620458)
2025-11-14 22:00,2025-11-14,22,Cotton,45988.56,46213.01,224.45,0.4881,44.57,12570,80111,46000,15.35,15.85,0.8848,INR/bale,Dhan API v2 (Client 1112620458)
2025-11-14 23:00,2025-11-14,23,Cotton,45908.47,46226.53,318.06,0.6928,93.61,13651,80578,46000,14.31,14.81,0.909,INR/bale,Dhan API v2 (Client 1112620458)
2025-11-17 09:00,2025-11-17,9,Cotton,45882.71,46109.69,226.98,0.4947,-91.08,8515,78600,46000,14.38,14.88,0.9034,INR/bale,Dhan API v2 (Client 1112620458)
2025-11-17 10:00,2025-11-17,10,Cotton,45955.98,46224.28,268.3,0.5838,41.32,6160,78749,46000,13.95,14.45,0.9378,INR/bale,Dhan API v2 (Client 1112620458)
2025-11-17 11:00,2025-11-17,11,Cotton,46003.44,46158.56,155.11,0.3372,-113.19,8101,80203,46000,14.47,14.97,0.9026,INR/bale,Dhan API v2 (Client 1112620458)
2025-11-17 12:00,2025-11-17,12,Cotton,46069.14,46137.2,68.06,0.1477,-87.05,11236,80938,46000,14.3,14.8,0.9079,INR/bale,Dhan API v2 (Client 1112620458)
2025-11-17 13:00,2025-11-17,13,Cotton,45904.15,46035.09,130.94,0.2853,62.88,13682,79536,46000,14.34,14.84,0.8842,INR/bale,Dhan API v2 (Client 1112620458)
2025-11-17 14:00,2025-11-17,14,Cotton,45915.6,46223.37,307.77,0.6703,176.83,2182,81372,46000,14.34,14.84,0.9393,INR/bale,Dhan API v2 (Client 1112620458)
2025-11-17 15:00,2025-11-17,15,Cotton,46081.85,46237.92,156.07,0.3387,-151.7,1854,79324,46000,14.3,14.8,0.8893,INR/bale,Dhan API v2 (Client 1112620458)
2025-11-17 16:00,2025-11-17,16,Cotton,46233.67,46443.83,210.16,0.4546,54.09,5369,77816,46000,14.11,14.61,0.9264,INR/bale,Dhan API v2 (Client 1112620458)
2025-11-17 17:00,2025-11-17,17,Cotton,46056.53,46114.44,57.92,0.1257,-152.24,13986,80763,46000,13.88,14.38,0.9195,INR/bale,Dhan API v2 (Client 1112620458)
2025-11-17 18:00,2025-11-17,18,Cotton,45998.27,46110.26,111.99,0.2435,54.07,10673,79038,46000,14.4,14.9,0.9199,INR/bale,Dhan API v2 (Client 1112620458)
2025-11-17 19:00,2025-11-17,19,Cotton,46176.31,46305.42,129.11,0.2796,17.12,4677,79320,46000,14.45,14.95,0.941,INR/bale,Dhan API v2 (Client 1112620458)
2025-11-17 20:00,2025-11-17,20,Cotton,46147.08,46273.04,125.97,0.273,-3.14,8454,80852,46000,14.28,14.78,0.9364,INR/bale,Dhan API v2 (Client 1112620458)
2025-11-17 21:00,2025-11-17,21,Cotton,46196.09,46285.64,89.55,0.1939,-36.42,11867,78899,46000,14.87,15.37,0.9071,INR/bale,Dhan API v2 (Client 1112620458)
2025-11-17 22:00,2025-11-17,22,Cotton,46366.01,46344.44,-21.56,-0.0465,-111.11,7119,77877,46500,14.46,14.96,0.9326,INR/bale,Dhan API v2 (Client 1112620458)
2025-11-17 23:00,2025-11-17,23,Cotton,46518.52,46792.32,273.79,0.5886,295.35,7361,79025,46500,14.55,15.05,0.9382,INR/bale,Dhan API v2 (Client 1112620458)
2025-11-18 09:00,2025-11-18,9,Cotton,46435.54,46635.3,199.76,0.4302,-74.03,10929,80234,46500,14.39,14.89,0.8976,INR/bale,Dhan API v2 (Client 1112620458)
2025-11-18 10:00,2025-11-18,10,Cotton,46551.92,46702.89,150.97,0.3243,-48.79,3750,77902,46500,14.44,14.94,0.9221,INR/bale,Dhan API v2 (Client 1112620458)
2025-11-18 11:00,2025-11-18,11,Cotton,46332.14,46427.74,95.6,0.2063,-55.37,12388,79553,46500,14.39,14.89,0.9215,INR/bale,Dhan API v2 (Client 1112620458)
2025-11-18 12:00,2025-11-18,12,Cotton,46247.56,46424.37,176.81,0.3823,81.21,2926,79490,46000,15.04,15.54,0.9106,INR/bale,Dhan API v2 (Client 1112620458)
2025-11-18 13:00,2025-11-18,13,Cotton,46200.96,46414.85,213.89,0.463,37.08,5289,80364,46000,14.39,14.89,0.9038,INR/bale,Dhan API v2 (Client 1112620458)
2025-11-18 14:00,2025-11-18,14,Cotton,46370.4,46390.07,19.67,0.0424,-194.22,2102,78804,46500,14.67,15.17,0.8933,INR/bale,Dhan API v2 (Client 1112620458)
2025-11-18 15:00,2025-11-18,15,Cotton,46321.08,46570.19,249.11,0.5378,229.44,8558,78911,46500,14.22,14.72,0.8926,INR/bale,Dhan API v2 (Client 1112620458)
2025-11-18 16:00,2025-11-18,16,Cotton,46228.84,46369.19,140.36,0.3036,-108.75,3969,79386,46000,14.66,15.16,0.9542,INR/bale,Dhan API v2 (Client 1112620458)
2025-11-18 17:00,2025-11-18,17,Cotton,46205.6,46298.13,92.52,0.2002,-47.84,12193,79197,46000,14.72,15.22,0.9219,INR/bale,Dhan API v2 (Client 1112620458)
2025-11-18 18:00,2025-11-18,18,Cotton,46206.53,46314.56,108.03,0.2338,15.51,6245,78459,46000,14.2,14.7,0.9384,INR/bale,Dhan API v2 (Client 1112620458)
2025-11-18 19:00,2025-11-18,19,Cotton,46142.41,46434.05,291.64,0.632,183.61,5772,80062,46000,14.3,14.8,0.8869,INR/bale,Dhan API v2 (Client 1112620458)
2025-11-18 20:00,2025-11-18,20,Cotton,46188.41,46425.9,237.49,0.5142,-54.15,6114,81235,46000,14.88,15.38,0.906,INR/bale,Dhan API v2 (Client 1112620458)
2025-11-18 21:00,2025-11-18,21,Cotton,46261.29,46475.97,214.68,0.4641,-22.81,3473,78409,46500,14.87,15.37,0.9094,INR/bale,Dhan API v2 (Client 1112620458)
2025-11-18 22:00,2025-11-18,22,Cotton,46542.33,46697.61,155.28,0.3336,-59.4,5593,78974,46500,14.65,15.15,0.9066,INR/bale,Dhan API v2 (Client 1112620458)
2025-11-18 23:00,2025-11-18,23,Cotton,46588.61,46690.72,102.1,0.2192,-53.18,13512,79421,46500,14.13,14.63,0.8896,INR/bale,Dhan API v2 (Client 1112620458)
2025-11-19 09:00,2025-11-19,9,Cotton,46696.81,47016.23,319.42,0.684,217.32,11068,79562,46500,13.93,14.43,0.943,INR/bale,Dhan API v2 (Client 1112620458)
2025-11-19 10:00,2025-11-19,10,Cotton,46608.34,46678.34,69.99,0.1502,-249.43,7848,80255,46500,14.56,15.06,0.9504,INR/bale,Dhan API v2 (Client 1112620458)
2025-11-19 11:00,2025-11-19,11,Cotton,46496.34,46629.07,132.73,0.2855,62.74,10608,77899,46500,14.36,14.86,0.8961,INR/bale,Dhan API v2 (Client 1112620458)
2025-11-19 12:00,2025-11-19,12,Cotton,46594.54,46621.2,26.65,0.0572,-106.08,10580,79559,46500,14.24,14.74,0.9091,INR/bale,Dhan API v2 (Client 1112620458)
2025-11-19 13:00,2025-11-19,13,Cotton,46637.18,46924.1,286.92,0.6152,260.27,14255,80623,46500,14.69,15.19,0.9335,INR/bale,Dhan API v2 (Client 1112620458)
2025-11-19 14:00,2025-11-19,14,Cotton,46631.01,46883.17,252.16,0.5408,-34.76,2795,78161,46500,14.06,14.56,0.9317,INR/bale,Dhan API v2 (Client 1112620458)
2025-11-19 15:00,2025-11-19,15,Cotton,46875.66,47034.36,158.7,0.3386,-93.46,7264,80329,47000,15.1,15.6,0.924,INR/bale,Dhan API v2 (Client 1112620458)
2025-11-19 16:00,2025-11-19,16,Cotton,46644.46,46884.51,240.05,0.5146,81.35,6818,79375,46500,14.43,14.93,0.8742,INR/bale,Dhan API v2 (Client 1112620458)
2025-11-19 17:00,2025-11-19,17,Cotton,46640.61,46706.53,65.92,0.1413,-174.13,3209,80440,46500,14.99,15.49,0.8947,INR/bale,Dhan API v2 (Client 1112620458)
2025-11-19 18:00,2025-11-19,18,Cotton,46710.88,47007.8,296.92,0.6357,231.0,3535,78807,46500,14.7,15.2,0.9063,INR/bale,Dhan API v2 (Client 1112620458)
2025-11-19 19:00,2025-11-19,19,Cotton,46830.48,46979.14,148.66,0.3174,-148.26,7897,79032,47000,13.84,14.34,0.9149,INR/bale,Dhan API v2 (Client 1112620458)
2025-11-19 20:00,2025-11-19,20,Cotton,46877.65,46952.38,74.73,0.1594,-73.93,13782,80556,47000,14.53,15.03,0.9506,INR/bale,Dhan API v2 (Client 1112620458)
2025-11-19 21:00,2025-11-19,21,Cotton,46668.77,46853.77,185.0,0.3964,110.27,11783,79879,46500,14.28,14.78,0.8957,INR/bale,Dhan API v2 (Client 1112620458)
2025-11-19 22:00,2025-11-19,22,Cotton,46923.44,47109.82,186.39,0.3972,1.39,1002,80837,47000,14.41,14.91,0.9153,INR/bale,Dhan API v2 (Client 1112620458)
2025-11-19 23:00,2025-11-19,23,Cotton,47043.45,47349.72,306.27,0.651,119.88,8530,79839,47000,13.97,14.47,0.9458,INR/bale,Dhan API v2 (Client 1112620458)
2025-11-20 09:00,2025-11-20,9,Cotton,46882.59,47094.3,211.71,0.4516,-94.56,14379,80026,47000,14.68,15.18,0.9114,INR/bale,Dhan API v2 (Client 1112620458)
2025-11-20 10:00,2025-11-20,10,Cotton,46693.09,46857.74,164.65,0.3526,-47.06,10586,79184,46500,14.15,14.65,0.8878,INR/bale,Dhan API v2 (Client 1112620458)
2025-11-20 11:00,2025-11-20,11,Cotton,46675.77,46793.18,117.41,0.2515,-47.24,12714,78883,46500,14.55,15.05,0.9199,INR/bale,Dhan API v2 (Client 1112620458)
2025-11-20 12:00,2025-11-20,12,Cotton,46744.79,46867.14,122.35,0.2617,4.94,4893,79281,46500,14.14,14.64,0.8762,INR/bale,Dhan API v2 (Client 1112620458)
2025-11-20 13:00,2025-11-20,13,Cotton,47017.11,47097.27,80.16,0.1705,-42.19,10589,80544,47000,14.12,14.62,0.9283,INR/bale,Dhan API v2 (Client 1112620458)
2025-11-20 14:00,2025-11-20,14,Cotton,47188.71,47263.23,74.52,0.1579,-5.64,6877,79659,47000,14.63,15.13,0.8862,INR/bale,Dhan API v2 (Client 1112620458)
2025-11-20 15:00,2025-11-20,15,Cotton,47150.7,47227.26,76.56,0.1624,2.04,9986,79538,47000,14.23,14.73,0.9231,INR/bale,Dhan API v2 (Client 1112620458)
2025-11-20 16:00,2025-11-20,16,Cotton,47102.93,47228.77,125.84,0.2672,49.28,3394,79632,47000,14.64,15.14,0.8968,INR/bale,Dhan API v2 (Client 1112620458)
2025-11-20 17:00,2025-11-20,17,Cotton,47172.18,47415.67,243.49,0.5162,117.65,3954,79446,47000,14.81,15.31,0.8886,INR/bale,Dhan API v2 (Client 1112620458)
2025-11-20 18:00,2025-11-20,18,Cotton,47372.51,47506.38,133.87,0.2826,-109.62,10448,79259,47500,14.48,14.98,0.9244,INR/bale,Dhan API v2 (Client 1112620458)
2025-11-20 19:00,2025-11-20,19,Cotton,47474.33,47605.62,131.29,0.2766,-2.58,3056,80761,47500,14.37,14.87,0.9327,INR/bale,Dhan API v2 (Client 1112620458)
2025-11-20 20:00,2025-11-20,20,Cotton,47415.53,47594.67,179.14,0.3778,47.85,5669,78871,47500,14.35,14.85,0.9251,INR/bale,Dhan API v2 (Client 1112620458)
2025-11-20 21:00,2025-11-20,21,Cotton,47343.43,47480.61,137.18,0.2897,-41.96,13996,79065,47500,14.41,14.91,0.9484,INR/bale,Dhan API v2 (Client 1112620458)
2025-11-20 22:00,2025-11-20,22,Cotton,47340.59,47543.68,203.09,0.429,65.91,7970,79944,47500,14.71,15.21,0.8881,INR/bale,Dhan API v2 (Client 1112620458)
2025-11-20 23:00,2025-11-20,23,Cotton,47192.91,47290.26,97.35,0.2063,-105.74,4682,79162,47000,14.21,14.71,0.9299,INR/bale,Dhan API v2 (Client 1112620458)
2025-11-21 09:00,2025-11-21,9,Cotton,47258.34,47377.95,119.61,0.2531,22.26,10299,81211,47500,14.45,14.95,0.939,INR/bale,Dhan API v2 (Client 1112620458)
2025-11-21 10:00,2025-11-21,10,Cotton,47066.34,47257.82,191.48,0.4068,71.87,2310,79577,47000,14.2,14.7,0.9214,INR/bale,Dhan API v2 (Client 1112620458)
2025-11-21 11:00,2025-11-21,11,Cotton,46790.49,46906.12,115.62,0.2471,-75.86,8636,78363,47000,14.74,15.24,0.9006,INR/bale,Dhan API v2 (Client 1112620458)
2025-11-21 12:00,2025-11-21,12,Cotton,46758.59,46894.92,136.33,0.2916,20.71,10292,79456,47000,14.6,15.1,0.933,INR/bale,Dhan API v2 (Client 1112620458)
2025-11-21 13:00,2025-11-21,13,Cotton,46806.96,46955.25,148.29,0.3168,11.96,4628,79619,47000,14.07,14.57,0.9001,INR/bale,Dhan API v2 (Client 1112620458)
2025-11-21 14:00,2025-11-21,14,Cotton,46788.33,46977.72,189.4,0.4048,41.11,11345,79128,47000,14.03,14.53,0.9438,INR/bale,Dhan API v2 (Client 1112620458)
2025-11-21 15:00,2025-11-21,15,Cotton,46805.15,46986.5,181.35,0.3875,-8.05,2440,79698,47000,14.04,14.54,0.9114,INR/bale,Dhan API v2 (Client 1112620458)
2025-11-21 16:00,2025-11-21,16,Cotton,46671.46,46727.95,56.49,0.121,-124.86,13768,79348,46500,14.32,14.82,0.9009,INR/bale,Dhan API v2 (Client 1112620458)
2025-11-21 17:00,2025-11-21,17,Cotton,46649.28,46763.46,114.17,0.2447,57.68,9961,81026,46500,14.05,14.55,0.8896,INR/bale,Dhan API v2 (Client 1112620458)
2025-11-21 18:00,2025-11-21,18,Cotton,46476.68,46634.24,157.56,0.339,43.39,12531,80285,46500,14.22,14.72,0.9406,INR/bale,Dhan API v2 (Client 1112620458)
2025-11-21 19:00,2025-11-21,19,Cotton,46521.86,46689.31,167.45,0.3599,9.89,5079,79685,46500,13.98,14.48,0.8983,INR/bale,Dhan API v2 (Client 1112620458)
2025-11-21 20:00,2025-11-21,20,Cotton,46705.51,46922.94,217.43,0.4655,49.98,14806,79320,46500,14.6,15.1,0.9058,INR/bale,Dhan API v2 (Client 1112620458)
2025-11-21 21:00,2025-11-21,21,Cotton,46565.03,46657.27,92.24,0.1981,-125.19,5358,77525,46500,15.18,15.68,0.925,INR/bale,Dhan API v2 (Client 1112620458)
2025-11-21 22:00,2025-11-21,22,Cotton,46396.81,46545.15,148.34,0.3197,56.1,8484,80147,46500,14.8,15.3,0.9357,INR/bale,Dhan API v2 (Client 1112620458)
2025-11-21 23:00,2025-11-21,23,Cotton,46278.25,46311.67,33.41,0.0722,-114.93,10695,80210,46500,14.97,15.47,0.9162,INR/bale,Dhan API v2 (Client 1112620458)
2025-11-24 09:00,2025-11-24,9,Cotton,46349.34,46568.0,218.66,0.4718,185.25,14457,78931,46500,14.8,15.3,0.8947,INR/bale,Dhan API v2 (Client 1112620458)
2025-11-24 10:00,2025-11-24,10,Cotton,46425.07,46632.15,207.08,0.446,-11.58,13446,78131,46500,14.32,14.82,0.9146,INR/bale,Dhan API v2 (Client 1112620458)
2025-11-24 11:00,2025-11-24,11,Cotton,46520.87,46666.34,145.48,0.3127,-61.6,8439,80378,46500,14.68,15.18,0.8993,INR/bale,Dhan API v2 (Client 1112620458)
2025-11-24 12:00,2025-11-24,12,Cotton,46512.95,46601.81,88.86,0.191,-56.62,1663,81291,46500,14.26,14.76,0.91,INR/bale,Dhan API v2 (Client 1112620458)
2025-11-24 13:00,2025-11-24,13,Cotton,46474.92,46646.91,171.98,0.3701,83.12,5196,78944,46500,14.32,14.82,0.9201,INR/bale,Dhan API v2 (Client 1112620458)
2025-11-24 14:00,2025-11-24,14,Cotton,46468.93,46544.53,75.6,0.1627,-96.38,6090,78779,46500,14.54,15.04,0.9222,INR/bale,Dhan API v2 (Client 1112620458)
2025-11-24 15:00,2025-11-24,15,Cotton,46288.51,46349.27,60.77,0.1313,-14.83,6494,78829,46500,14.99,15.49,0.9159,INR/bale,Dhan API v2 (Client 1112620458)
2025-11-24 16:00,2025-11-24,16,Cotton,46220.22,46171.23,-48.99,-0.106,-109.76,12695,79334,46000,14.74,15.24,0.9132,INR/bale,Dhan API v2 (Client 1112620458)
2025-11-24 17:00,2025-11-24,17,Cotton,46365.01,46550.67,185.66,0.4004,234.65,14912,77921,46500,15.14,15.64,0.9489,INR/bale,Dhan API v2 (Client 1112620458)
2025-11-24 18:00,2025-11-24,18,Cotton,46084.95,46271.63,186.68,0.4051,1.02,10409,78776,46000,15.09,15.59,0.893,INR/bale,Dhan API v2 (Client 1112620458)
2025-11-24 19:00,2025-11-24,19,Cotton,46108.04,46254.39,146.35,0.3174,-40.33,9884,78562,46000,14.23,14.73,0.9332,INR/bale,Dhan API v2 (Client 1112620458)
2025-11-24 20:00,2025-11-24,20,Cotton,46289.08,46391.56,102.48,0.2214,-43.87,4670,79828,46500,14.93,15.43,0.8826,INR/bale,Dhan API v2 (Client 1112620458)
2025-11-24 21:00,2025-11-24,21,Cotton,46419.28,46531.33,112.05,0.2414,9.57,5304,80180,46500,13.99,14.49,0.9127,INR/bale,Dhan API v2 (Client 1112620458)
2025-11-24 22:00,2025-11-24,22,Cotton,46282.3,46374.4,92.1,0.199,-19.95,7643,81213,46500,14.71,15.21,0.9499,INR/bale,Dhan API v2 (Client 1112620458)
2025-11-24 23:00,2025-11-24,23,Cotton,46035.69,46169.44,133.75,0.2905,41.65,1807,79149,46000,14.26,14.76,0.9189,INR/bale,Dhan API v2 (Client 1112620458)
2025-11-25 09:00,2025-11-25,9,Cotton,46052.91,46138.23,85.32,0.1853,-48.43,11884,79643,46000,14.73,15.23,0.9144,INR/bale,Dhan API v2 (Client 1112620458)
2025-11-25 10:00,2025-11-25,10,Cotton,46020.78,46140.14,119.36,0.2594,34.04,5406,78333,46000,14.4,14.9,0.9031,INR/bale,Dhan API v2 (Client 1112620458)
2025-11-25 11:00,2025-11-25,11,Cotton,45857.01,46014.79,157.78,0.3441,38.42,4941,79250,46000,14.53,15.03,0.8846,INR/bale,Dhan API v2 (Client 1112620458)
2025-11-25 12:00,2025-11-25,12,Cotton,45829.44,46019.36,189.92,0.4144,32.14,7241,79620,46000,14.86,15.36,0.9521,INR/bale,Dhan API v2 (Client 1112620458)
2025-11-25 13:00,2025-11-25,13,Cotton,45632.78,45751.16,118.38,0.2594,-71.54,3211,78802,45500,13.95,14.45,0.9553,INR/bale,Dhan API v2 (Client 1112620458)
2025-11-25 14:00,2025-11-25,14,Cotton,45412.68,45590.59,177.91,0.3918,59.53,1533,79883,45500,14.41,14.91,0.9158,INR/bale,Dhan API v2 (Client 1112620458)
2025-11-25 15:00,2025-11-25,15,Cotton,45485.78,45581.88,96.1,0.2113,-81.81,4389,77352,45500,14.42,14.92,0.9249,INR/bale,Dhan API v2 (Client 1112620458)
2025-11-25 16:00,2025-11-25,16,Cotton,45417.3,45518.94,101.64,0.2238,5.54,7602,79480,45500,14.49,14.99,0.9392,INR/bale,Dhan API v2 (Client 1112620458)
2025-11-25 17:00,2025-11-25,17,Cotton,45246.29,45349.17,102.88,0.2274,1.24,6373,80176,45000,14.62,15.12,0.877,INR/bale,Dhan API v2 (Client 1112620458)
2025-11-25 18:00,2025-11-25,18,Cotton,45268.23,45373.35,105.12,0.2322,2.24,11726,79888,45500,14.17,14.67,0.9246,INR/bale,Dhan API v2 (Client 1112620458)
2025-11-25 19:00,2025-11-25,19,Cotton,45373.52,45518.69,145.17,0.3199,40.05,9694,77832,45500,14.35,14.85,0.9029,INR/bale,Dhan API v2 (Client 1112620458)
2025-11-25 20:00,2025-11-25,20,Cotton,45145.44,45231.17,85.73,0.1899,-59.44,5751,79641,45000,14.06,14.56,0.9227,INR/bale,Dhan API v2 (Client 1112620458)
2025-11-25 21:00,2025-11-25,21,Cotton,45223.65,45181.03,-42.63,-0.0943,-128.36,3983,79807,45000,14.56,15.06,0.9184,INR/bale,Dhan API v2 (Client 1112620458)
2025-11-25 22:00,2025-11-25,22,Cotton,45134.56,45311.18,176.61,0.3913,219.24,2946,80062,45000,14.35,14.85,0.8904,INR/bale,Dhan API v2 (Client 1112620458)
2025-11-25 23:00,2025-11-25,23,Cotton,45049.01,45176.46,127.46,0.2829,-49.15,12666,78451,45000,14.38,14.88,0.8916,INR/bale,Dhan API v2 (Client 1112620458)
2025-11-26 09:00,2025-11-26,9,Cotton,45135.45,45248.08,112.63,0.2495,-14.83,11629,77723,45000,13.86,14.36,0.8928,INR/bale,Dhan API v2 (Client 1112620458)
2025-11-26 10:00,2025-11-26,10,Cotton,45059.7,45195.35,135.64,0.301,23.01,3159,79037,45000,14.49,14.99,0.891,INR/bale,Dhan API v2 (Client 1112620458)
2025-11-26 11:00,2025-11-26,11,Cotton,45028.46,45139.74,111.28,0.2471,-24.36,13836,78690,45000,14.66,15.16,0.8785,INR/bale,Dhan API v2 (Client 1112620458)
2025-11-26 12:00,2025-11-26,12,Cotton,44997.83,45273.43,275.6,0.6125,164.32,3911,78079,45000,14.7,15.2,0.905,INR/bale,Dhan API v2 (Client 1112620458)
2025-11-26 13:00,2025-11-26,13,Cotton,45101.18,45235.68,134.5,0.2982,-141.1,3922,79473,45000,14.25,14.75,0.943,INR/bale,Dhan API v2 (Client 1112620458)
2025-11-26 14:00,2025-11-26,14,Cotton,45120.49,45051.06,-69.43,-0.1539,-203.93,13018,80109,45000,14.61,15.11,0.9206,INR/bale,Dhan API v2 (Client 1112620458)
2025-11-26 15:00,2025-11-26,15,Cotton,44912.72,44939.13,26.41,0.0588,95.84,12712,79304,45000,14.28,14.78,0.9058,INR/bale,Dhan API v2 (Client 1112620458)
2025-11-26 16:00,2025-11-26,16,Cotton,45060.86,45233.32,172.45,0.3827,146.04,6814,80202,45000,14.39,14.89,0.9456,INR/bale,Dhan API v2 (Client 1112620458)
2025-11-26 17:00,2025-11-26,17,Cotton,45115.23,45140.6,25.37,0.0562,-147.08,13726,79830,45000,14.47,14.97,0.9094,INR/bale,Dhan API v2 (Client 1112620458)
2025-11-26 18:00,2025-11-26,18,Cotton,45145.37,45201.36,55.99,0.124,30.62,12782,77429,45000,14.46,14.96,0.9308,INR/bale,Dhan API v2 (Client 1112620458)
2025-11-26 19:00,2025-11-26,19,Cotton,45188.01,45305.05,117.05,0.259,61.06,9590,80776,45000,14.92,15.42,0.9145,INR/bale,Dhan API v2 (Client 1112620458)
2025-11-26 20:00,2025-11-26,20,Cotton,45032.62,45070.78,38.16,0.0847,-78.89,6216,81726,45000,15.04,15.54,0.902,INR/bale,Dhan API v2 (Client 1112620458)
2025-11-26 21:00,2025-11-26,21,Cotton,45301.04,45525.08,224.05,0.4946,185.89,6342,77908,45500,13.77,14.27,0.8685,INR/bale,Dhan API v2 (Client 1112620458)
2025-11-26 22:00,2025-11-26,22,Cotton,45196.32,45246.82,50.5,0.1117,-173.55,889,79020,45000,14.53,15.03,0.912,INR/bale,Dhan API v2 (Client 1112620458)
2025-11-26 23:00,2025-11-26,23,Cotton,45135.32,45204.06,68.74,0.1523,18.24,2245,79076,45000,14.62,15.12,0.9209,INR/bale,Dhan API v2 (Client 1112620458)
2025-11-27 09:00,2025-11-27,9,Cotton,45278.32,45476.89,198.57,0.4386,129.83,4668,79730,45500,13.77,14.27,0.9203,INR/bale,Dhan API v2 (Client 1112620458)
2025-11-27 10:00,2025-11-27,10,Cotton,45245.0,45510.95,265.95,0.5878,67.38,1621,78972,45000,14.12,14.62,0.9301,INR/bale,Dhan API v2 (Client 1112620458)
2025-11-27 11:00,2025-11-27,11,Cotton,45149.92,45206.13,56.21,0.1245,-209.74,9890,81185,45000,14.04,14.54,0.907,INR/bale,Dhan API v2 (Client 1112620458)
2025-11-27 12:00,2025-11-27,12,Cotton,45135.39,45299.04,163.64,0.3626,107.43,14130,78777,45000,14.12,14.62,0.9,INR/bale,Dhan API v2 (Client 1112620458)
2025-11-27 13:00,2025-11-27,13,Cotton,45040.44,45132.2,91.76,0.2037,-71.88,8332,77418,45000,14.12,14.62,0.9261,INR/bale,Dhan API v2 (Client 1112620458)
2025-11-27 14:00,2025-11-27,14,Cotton,45030.28,45264.6,234.32,0.5204,142.56,8117,80144,45000,14.56,15.06,0.9084,INR/bale,Dhan API v2 (Client 1112620458)
2025-11-27 15:00,2025-11-27,15,Cotton,45008.17,45042.82,34.65,0.077,-199.67,10518,78675,45000,14.53,15.03,0.8948,INR/bale,Dhan API v2 (Client 1112620458)
2025-11-27 16:00,2025-11-27,16,Cotton,45075.37,45165.66,90.29,0.2003,55.64,3935,78857,45000,14.19,14.69,0.8911,INR/bale,Dhan API v2 (Client 1112620458)
2025-11-27 17:00,2025-11-27,17,Cotton,45080.2,45242.76,162.55,0.3606,72.26,1590,79399,45000,14.49,14.99,0.8786,INR/bale,Dhan API v2 (Client 1112620458)
2025-11-27 18:00,2025-11-27,18,Cotton,45021.35,45129.01,107.66,0.2391,-54.89,11913,80150,45000,14.09,14.59,0.9555,INR/bale,Dhan API v2 (Client 1112620458)
2025-11-27 19:00,2025-11-27,19,Cotton,44866.62,44960.94,94.32,0.2102,-13.34,9255,78026,45000,13.72,14.22,0.9706,INR/bale,Dhan API v2 (Client 1112620458)
2025-11-27 20:00,2025-11-27,20,Cotton,44877.67,44821.22,-56.45,-0.1258,-150.77,8058,80853,45000,14.58,15.08,0.9306,INR/bale,Dhan API v2 (Client 1112620458)
2025-11-27 21:00,2025-11-27,21,Cotton,44827.97,44983.41,155.44,0.3467,211.89,1729,79848,45000,14.47,14.97,0.8964,INR/bale,Dhan API v2 (Client 1112620458)
2025-11-27 22:00,2025-11-27,22,Cotton,44498.04,44705.79,207.74,0.4669,52.3,11135,80121,44500,14.34,14.84,0.8934,INR/bale,Dhan API v2 (Client 1112620458)
2025-11-27 23:00,2025-11-27,23,Cotton,44667.0,44694.17,27.16,0.0608,-180.58,7982,79158,44500,14.47,14.97,0.9202,INR/bale,Dhan API v2 (Client 1112620458)
2025-11-28 09:00,2025-11-28,9,Cotton,44747.19,44825.39,78.2,0.1748,51.04,814,81854,44500,14.46,14.96,0.8964,INR/bale,Dhan API v2 (Client 1112620458)
2025-11-28 10:00,2025-11-28,10,Cotton,44846.5,45001.88,155.38,0.3465,77.18,5072,79321,45000,14.52,15.02,0.9279,INR/bale,Dhan API v2 (Client 1112620458)
2025-11-28 11:00,2025-11-28,11,Cotton,44913.07,44968.03,54.95,0.1223,-100.43,10415,80113,45000,13.93,14.43,0.9183,INR/bale,Dhan API v2 (Client 1112620458)
2025-11-28 12:00,2025-11-28,12,Cotton,44959.59,45161.27,201.69,0.4486,146.74,2612,79575,45000,13.91,14.41,0.9223,INR/bale,Dhan API v2 (Client 1112620458)
2025-11-28 13:00,2025-11-28,13,Cotton,45263.6,45401.27,137.68,0.3042,-64.01,4948,78780,45500,14.8,15.3,0.9174,INR/bale,Dhan API v2 (Client 1112620458)
2025-11-28 14:00,2025-11-28,14,Cotton,45293.62,45346.25,52.62,0.1162,-85.06,4024,80683,45500,14.53,15.03,0.9085,INR/bale,Dhan API v2 (Client 1112620458)
2025-11-28 15:00,2025-11-28,15,Cotton,45410.8,45423.86,13.06,0.0288,-39.56,5069,80116,45500,14.9,15.4,0.9131,INR/bale,Dhan API v2 (Client 1112620458)
2025-11-28 16:00,2025-11-28,16,Cotton,45339.48,45360.69,21.21,0.0468,8.15,639,79231,45500,14.46,14.96,0.927,INR/bale,Dhan API v2 (Client 1112620458)
2025-11-28 17:00,2025-11-28,17,Cotton,45262.4,45382.48,120.08,0.2653,98.87,6000,80613,45500,14.57,15.07,0.9124,INR/bale,Dhan API v2 (Client 1112620458)
2025-11-28 18:00,2025-11-28,18,Cotton,45326.89,45337.79,10.9,0.0241,-109.18,14109,78128,45500,14.25,14.75,0.9259,INR/bale,Dhan API v2 (Client 1112620458)
2025-11-28 19:00,2025-11-28,19,Cotton,45298.61,45365.67,67.05,0.148,56.15,10436,78804,45500,14.73,15.23,0.867,INR/bale,Dhan API v2 (Client 1112620458)
2025-11-28 20:00,2025-11-28,20,Cotton,45310.4,45511.83,201.43,0.4446,134.38,11645,79274,45500,14.41,14.91,0.8837,INR/bale,Dhan API v2 (Client 1112620458)
2025-11-28 21:00,2025-11-28,21,Cotton,45351.59,45434.23,82.63,0.1822,-118.8,8121,79100,45500,13.96,14.46,0.9385,INR/bale,Dhan API v2 (Client 1112620458)
2025-11-28 22:00,2025-11-28,22,Cotton,45383.76,45501.9,118.13,0.2603,35.5,7134,78014,45500,14.34,14.84,0.9174,INR/bale,Dhan API v2 (Client 1112620458)
2025-11-28 23:00,2025-11-28,23,Cotton,45458.81,45552.97,94.16,0.2071,-23.97,1465,80633,45500,14.64,15.14,0.8977,INR/bale,Dhan API v2 (Client 1112620458)
2025-12-01 09:00,2025-12-01,9,Cotton,45500.48,45673.48,173.0,0.3802,78.84,5126,80043,45500,14.16,14.66,0.9919,INR/bale,Dhan API v2 (Client 1112620458)
2025-12-01 10:00,2025-12-01,10,Cotton,45567.41,45667.01,99.6,0.2186,-73.4,14820,79058,45500,14.72,15.22,0.9137,INR/bale,Dhan API v2 (Client 1112620458)
2025-12-01 11:00,2025-12-01,11,Cotton,45759.38,45842.61,83.23,0.1819,-16.37,1143,81163,46000,14.3,14.8,0.9175,INR/bale,Dhan API v2 (Client 1112620458)
2025-12-01 12:00,2025-12-01,12,Cotton,45791.57,45934.66,143.09,0.3125,59.86,8345,80426,46000,14.64,15.14,0.9211,INR/bale,Dhan API v2 (Client 1112620458)
2025-12-01 13:00,2025-12-01,13,Cotton,45695.47,45855.47,160.0,0.3501,16.91,4874,79243,45500,14.07,14.57,0.9263,INR/bale,Dhan API v2 (Client 1112620458)
2025-12-01 14:00,2025-12-01,14,Cotton,45703.69,45748.93,45.25,0.099,-114.75,12228,80462,45500,14.53,15.03,0.8911,INR/bale,Dhan API v2 (Client 1112620458)
2025-12-01 15:00,2025-12-01,15,Cotton,45748.53,45767.52,18.99,0.0415,-26.26,12689,79674,45500,14.09,14.59,0.9231,INR/bale,Dhan API v2 (Client 1112620458)
2025-12-01 16:00,2025-12-01,16,Cotton,45651.91,45854.36,202.44,0.4435,183.45,7622,80401,45500,14.97,15.47,0.9015,INR/bale,Dhan API v2 (Client 1112620458)
2025-12-01 17:00,2025-12-01,17,Cotton,45613.7,45714.41,100.71,0.2208,-101.73,11790,78194,45500,14.15,14.65,0.8897,INR/bale,Dhan API v2 (Client 1112620458)
2025-12-01 18:00,2025-12-01,18,Cotton,45656.03,45669.81,13.77,0.0302,-86.94,2456,80259,45500,14.2,14.7,0.9404,INR/bale,Dhan API v2 (Client 1112620458)
2025-12-01 19:00,2025-12-01,19,Cotton,45688.79,45872.14,183.35,0.4013,169.58,7774,80037,45500,14.2,14.7,0.8917,INR/bale,Dhan API v2 (Client 1112620458)
2025-12-01 20:00,2025-12-01,20,Cotton,45739.41,45891.1,151.69,0.3316,-31.66,3770,80041,45500,14.09,14.59,0.911,INR/bale,Dhan API v2 (Client 1112620458)
2025-12-01 21:00,2025-12-01,21,Cotton,45670.79,45803.19,132.4,0.2899,-19.29,606,80778,45500,14.5,15.0,0.9207,INR/bale,Dhan API v2 (Client 1112620458)
2025-12-01 22:00,2025-12-01,22,Cotton,45668.31,45782.64,114.33,0.2504,-18.07,9165,80401,45500,14.28,14.78,0.936,INR/bale,Dhan API v2 (Client 1112620458)
2025-12-01 23:00,2025-12-01,23,Cotton,45677.94,45780.51,102.57,0.2246,-11.76,6368,80621,45500,14.05,14.55,0.945,INR/bale,Dhan API v2 (Client 1112620458)
2025-12-02 09:00,2025-12-02,9,Cotton,45735.97,45946.35,210.38,0.46,107.81,2591,77539,45500,14.42,14.92,0.929,INR/bale,Dhan API v2 (Client 1112620458)
2025-12-02 10:00,2025-12-02,10,Cotton,45698.86,45804.92,106.07,0.2321,-104.31,4948,79748,45500,14.56,15.06,0.8653,INR/bale,Dhan API v2 (Client 1112620458)
2025-12-02 11:00,2025-12-02,11,Cotton,45481.73,45591.27,109.54,0.2408,3.47,10149,79041,45500,14.36,14.86,0.9122,INR/bale,Dhan API v2 (Client 1112620458)
2025-12-02 12:00,2025-12-02,12,Cotton,45403.14,45580.41,177.27,0.3904,67.73,10456,80027,45500,14.42,14.92,0.9318,INR/bale,Dhan API v2 (Client 1112620458)
2025-12-02 13:00,2025-12-02,13,Cotton,45494.66,45506.95,12.29,0.027,-164.98,4002,80587,45500,14.75,15.25,0.9261,INR/bale,Dhan API v2 (Client 1112620458)
2025-12-02 14:00,2025-12-02,14,Cotton,45286.14,45343.41,57.27,0.1265,44.98,10393,79866,45500,14.58,15.08,0.9067,INR/bale,Dhan API v2 (Client 1112620458)
2025-12-02 15:00,2025-12-02,15,Cotton,45218.62,45197.69,-20.93,-0.0463,-78.2,10544,80672,45000,14.58,15.08,0.8968,INR/bale,Dhan API v2 (Client 1112620458)
2025-12-02 16:00,2025-12-02,16,Cotton,44992.99,45128.06,135.07,0.3002,156.0,11937,80052,45000,14.27,14.77,0.9172,INR/bale,Dhan API v2 (Client 1112620458)
2025-12-02 17:00,2025-12-02,17,Cotton,44981.09,45037.13,56.04,0.1246,-79.03,9137,79867,45000,14.2,14.7,0.9082,INR/bale,Dhan API v2 (Client 1112620458)
2025-12-02 18:00,2025-12-02,18,Cotton,44850.95,44827.31,-23.65,-0.0527,-79.69,10380,79041,45000,14.45,14.95,0.9253,INR/bale,Dhan API v2 (Client 1112620458)
2025-12-02 19:00,2025-12-02,19,Cotton,44796.2,45070.05,273.84,0.6113,297.49,4423,80394,45000,13.83,14.33,0.9224,INR/bale,Dhan API v2 (Client 1112620458)
2025-12-02 20:00,2025-12-02,20,Cotton,44821.79,44983.22,161.42,0.3601,-112.42,5034,80134,45000,14.3,14.8,0.9154,INR/bale,Dhan API v2 (Client 1112620458)
2025-12-02 21:00,2025-12-02,21,Cotton,44781.22,44897.0,115.78,0.2585,-45.64,8094,77447,45000,14.04,14.54,0.9113,INR/bale,Dhan API v2 (Client 1112620458)
2025-12-02 22:00,2025-12-02,22,Cotton,44627.92,44779.36,151.44,0.3393,35.66,13693,78258,44500,14.8,15.3,0.9341,INR/bale,Dhan API v2 (Client 1112620458)
2025-12-02 23:00,2025-12-02,23,Cotton,44487.02,44583.99,96.97,0.218,-54.47,12308,81180,44500,14.4,14.9,0.9158,INR/bale,Dhan API v2 (Client 1112620458)
2025-12-03 09:00,2025-12-03,9,Cotton,44284.9,44378.72,93.83,0.2119,-3.14,2536,80907,44500,14.48,14.98,0.9297,INR/bale,Dhan API v2 (Client 1112620458)
2025-12-03 10:00,2025-12-03,10,Cotton,44267.12,44297.56,30.45,0.0688,-63.38,11299,80176,44500,14.46,14.96,0.9034,INR/bale,Dhan API v2 (Client 1112620458)
2025-12-03 11:00,2025-12-03,11,Cotton,44218.78,44446.66,227.88,0.5153,197.43,7778,79664,44000,13.94,14.44,0.9038,INR/bale,Dhan API v2 (Client 1112620458)
2025-12-03 12:00,2025-12-03,12,Cotton,44252.94,44321.22,68.27,0.1543,-159.61,6680,78915,44500,14.43,14.93,0.9143,INR/bale,Dhan API v2 (Client 1112620458)
2025-12-03 13:00,2025-12-03,13,Cotton,44223.73,44273.81,50.08,0.1133,-18.19,8574,80385,44000,14.25,14.75,0.9343,INR/bale,Dhan API v2 (Client 1112620458)
2025-12-03 14:00,2025-12-03,14,Cotton,44084.5,44141.05,56.55,0.1283,6.47,14285,80276,44000,14.17,14.67,0.9407,INR/bale,Dhan API v2 (Client 1112620458)
2025-12-03 15:00,2025-12-03,15,Cotton,44001.31,44167.93,166.62,0.3787,110.07,3866,79859,44000,14.81,15.31,0.9184,INR/bale,Dhan API v2 (Client 1112620458)
2025-12-03 16:00,2025-12-03,16,Cotton,43928.33,43855.97,-72.36,-0.1647,-238.98,8053,78643,44000,14.31,14.81,0.929,INR/bale,Dhan API v2 (Client 1112620458)
2025-12-03 17:00,2025-12-03,17,Cotton,43989.02,44068.61,79.6,0.1809,151.96,1367,79930,44000,14.16,14.66,0.9292,INR/bale,Dhan API v2 (Client 1112620458)
2025-12-03 18:00,2025-12-03,18,Cotton,43938.48,44126.3,187.82,0.4275,108.22,7967,79554,44000,14.91,15.41,0.9316,INR/bale,Dhan API v2 (Client 1112620458)
2025-12-03 19:00,2025-12-03,19,Cotton,44136.76,44240.36,103.6,0.2347,-84.22,5655,78981,44000,14.45,14.95,0.9089,INR/bale,Dhan API v2 (Client 1112620458)
2025-12-03 20:00,2025-12-03,20,Cotton,44157.39,44257.25,99.86,0.2261,-3.74,6635,78102,44000,14.22,14.72,0.9021,INR/bale,Dhan API v2 (Client 1112620458)
2025-12-03 21:00,2025-12-03,21,Cotton,44101.52,44172.7,71.18,0.1614,-28.68,7154,79320,44000,14.64,15.14,0.9064,INR/bale,Dhan API v2 (Client 1112620458)
2025-12-03 22:00,2025-12-03,22,Cotton,43934.17,43989.16,54.99,0.1252,-16.19,13496,80057,44000,14.25,14.75,0.9022,INR/bale,Dhan API v2 (Client 1112620458)
2025-12-03 23:00,2025-12-03,23,Cotton,43925.67,43935.19,9.52,0.0217,-45.47,12251,80122,44000,14.36,14.86,0.9222,INR/bale,Dhan API v2 (Client 1112620458)
2025-12-04 09:00,2025-12-04,9,Cotton,44115.75,44322.93,207.18,0.4696,197.66,2141,81071,44000,14.25,14.75,0.9381,INR/bale,Dhan API v2 (Client 1112620458)
2025-12-04 10:00,2025-12-04,10,Cotton,43996.44,44062.59,66.15,0.1504,-141.03,8442,81207,44000,14.38,14.88,0.9168,INR/bale,Dhan API v2 (Client 1112620458)
2025-12-04 11:00,2025-12-04,11,Cotton,44139.64,44170.5,30.86,0.0699,-35.29,1506,78288,44000,14.4,14.9,0.9098,INR/bale,Dhan API v2 (Client 1112620458)
2025-12-04 12:00,2025-12-04,12,Cotton,43783.49,43806.37,22.88,0.0523,-7.98,8652,79733,44000,14.42,14.92,0.9192,INR/bale,Dhan API v2 (Client 1112620458)
2025-12-04 13:00,2025-12-04,13,Cotton,43950.26,44066.91,116.65,0.2654,93.77,6680,78719,44000,14.28,14.78,0.9479,INR/bale,Dhan API v2 (Client 1112620458)
2025-12-04 14:00,2025-12-04,14,Cotton,43797.3,43753.0,-44.3,-0.1011,-160.95,2917,77608,44000,14.84,15.34,0.8853,INR/bale,Dhan API v2 (Client 1112620458)
2025-12-04 15:00,2025-12-04,15,Cotton,43754.68,43704.28,-50.4,-0.1152,-6.1,12275,79472,44000,14.22,14.72,0.9155,INR/bale,Dhan API v2 (Client 1112620458)
2025-12-04 16:00,2025-12-04,16,Cotton,43718.95,43895.68,176.73,0.4042,227.13,9417,78399,43500,14.8,15.3,0.9386,INR/bale,Dhan API v2 (Client 1112620458)
2025-12-04 17:00,2025-12-04,17,Cotton,43750.9,43772.09,21.19,0.0484,-155.54,13773,78698,44000,14.49,14.99,0.9242,INR/bale,Dhan API v2 (Client 1112620458)
2025-12-04 18:00,2025-12-04,18,Cotton,43666.48,43833.24,166.76,0.3819,145.57,1412,79081,43500,14.45,14.95,0.9347,INR/bale,Dhan API v2 (Client 1112620458)
2025-12-04 19:00,2025-12-04,19,Cotton,43724.96,43887.42,162.45,0.3715,-4.31,3066,80833,43500,14.29,14.79,0.9234,INR/bale,Dhan API v2 (Client 1112620458)
2025-12-04 20:00,2025-12-04,20,Cotton,43568.37,43572.44,4.07,0.0093,-158.38,13702,80308,43500,14.56,15.06,0.9072,INR/bale,Dhan API v2 (Client 1112620458)
2025-12-04 21:00,2025-12-04,21,Cotton,43787.22,43848.01,60.79,0.1388,56.72,12729,78052,44000,13.91,14.41,0.9045,INR/bale,Dhan API v2 (Client 1112620458)
2025-12-04 22:00,2025-12-04,22,Cotton,43686.45,43667.9,-18.55,-0.0425,-79.34,3987,80073,43500,14.55,15.05,0.9342,INR/bale,Dhan API v2 (Client 1112620458)
2025-12-04 23:00,2025-12-04,23,Cotton,43723.19,43621.41,-101.78,-0.2328,-83.23,7990,79660,43500,14.41,14.91,0.9,INR/bale,Dhan API v2 (Client 1112620458)
2025-12-05 09:00,2025-12-05,9,Cotton,43687.22,43831.18,143.96,0.3295,245.74,5338,80758,43500,14.83,15.33,0.9311,INR/bale,Dhan API v2 (Client 1112620458)
2025-12-05 10:00,2025-12-05,10,Cotton,43426.35,43696.09,269.74,0.6211,125.78,13267,79228,43500,14.07,14.57,0.8968,INR/bale,Dhan API v2 (Client 1112620458)
2025-12-05 11:00,2025-12-05,11,Cotton,43272.82,43202.47,-70.35,-0.1626,-340.09,12466,78309,43500,14.32,14.82,0.9215,INR/bale,Dhan API v2 (Client 1112620458)
2025-12-05 12:00,2025-12-05,12,Cotton,43160.67,43282.05,121.39,0.2812,191.74,6312,79763,43000,14.33,14.83,0.9238,INR/bale,Dhan API v2 (Client 1112620458)
2025-12-05 13:00,2025-12-05,13,Cotton,43129.29,43254.97,125.68,0.2914,4.29,10008,78562,43000,14.72,15.22,0.9194,INR/bale,Dhan API v2 (Client 1112620458)
2025-12-05 14:00,2025-12-05,14,Cotton,43219.79,43317.0,97.2,0.2249,-28.48,4183,79220,43000,14.65,15.15,0.9285,INR/bale,Dhan API v2 (Client 1112620458)
2025-12-05 15:00,2025-12-05,15,Cotton,43245.25,43274.07,28.82,0.0666,-68.38,12978,79087,43000,14.57,15.07,0.9382,INR/bale,Dhan API v2 (Client 1112620458)
2025-12-05 16:00,2025-12-05,16,Cotton,43356.79,43314.89,-41.91,-0.0967,-70.73,6413,79026,43500,14.54,15.04,0.9203,INR/bale,Dhan API v2 (Client 1112620458)
2025-12-05 17:00,2025-12-05,17,Cotton,43219.94,43429.82,209.88,0.4856,251.79,10789,79063,43000,14.83,15.33,0.9264,INR/bale,Dhan API v2 (Client 1112620458)
2025-12-05 18:00,2025-12-05,18,Cotton,43315.74,43310.22,-5.52,-0.0127,-215.4,5040,79343,43500,13.75,14.25,0.9255,INR/bale,Dhan API v2 (Client 1112620458)
2025-12-05 19:00,2025-12-05,19,Cotton,43377.07,43377.61,0.53,0.0012,6.05,6145,79704,43500,14.47,14.97,0.9333,INR/bale,Dhan API v2 (Client 1112620458)
2025-12-05 20:00,2025-12-05,20,Cotton,43328.58,43345.14,16.56,0.0382,16.03,14274,78868,43500,14.21,14.71,0.9527,INR/bale,Dhan API v2 (Client 1112620458)
2025-12-05 21:00,2025-12-05,21,Cotton,43213.43,43331.07,117.64,0.2722,101.08,10340,79804,43000,14.37,14.87,0.9276,INR/bale,Dhan API v2 (Client 1112620458)
2025-12-05 22:00,2025-12-05,22,Cotton,43302.29,43353.26,50.97,0.1177,-66.67,9519,80289,43500,14.12,14.62,0.908,INR/bale,Dhan API v2 (Client 1112620458)
2025-12-05 23:00,2025-12-05,23,Cotton,43206.57,43426.81,220.25,0.5097,169.28,14516,78695,43000,14.4,14.9,0.8873,INR/bale,Dhan API v2 (Client 1112620458)
2025-12-08 09:00,2025-12-08,9,Cotton,43240.46,43305.27,64.81,0.1499,-155.44,1884,78655,43000,14.38,14.88,0.9009,INR/bale,Dhan API v2 (Client 1112620458)
2025-12-08 10:00,2025-12-08,10,Cotton,43054.09,43069.48,15.39,0.0357,-49.42,3428,80367,43000,14.23,14.73,0.924,INR/bale,Dhan API v2 (Client 1112620458)
2025-12-08 11:00,2025-12-08,11,Cotton,43148.94,43325.44,176.49,0.409,161.1,3168,79031,43000,14.76,15.26,0.9462,INR/bale,Dhan API v2 (Client 1112620458)
2025-12-08 12:00,2025-12-08,12,Cotton,43346.43,43361.04,14.61,0.0337,-161.88,13005,79779,43500,14.95,15.45,0.9037,INR/bale,Dhan API v2 (Client 1112620458)
2025-12-08 13:00,2025-12-08,13,Cotton,43323.68,43367.18,43.5,0.1004,28.89,7976,80632,43500,14.15,14.65,0.9265,INR/bale,Dhan API v2 (Client 1112620458)
2025-12-08 14:00,2025-12-08,14,Cotton,43369.62,43272.12,-97.5,-0.2248,-141.0,7416,78418,43500,14.06,14.56,0.9096,INR/bale,Dhan API v2 (Client 1112620458)
2025-12-08 15:00,2025-12-08,15,Cotton,43224.34,43403.27,178.94,0.414,276.44,5893,80897,43000,14.37,14.87,0.935,INR/bale,Dhan API v2 (Client 1112620458)
2025-12-08 16:00,2025-12-08,16,Cotton,43220.93,43246.75,25.82,0.0597,-153.12,2133,79115,43000,13.78,14.28,0.9185,INR/bale,Dhan API v2 (Client 1112620458)
2025-12-08 17:00,2025-12-08,17,Cotton,43290.02,43273.54,-16.48,-0.0381,-42.3,5281,79229,43500,15.15,15.65,0.9232,INR/bale,Dhan API v2 (Client 1112620458)
2025-12-08 18:00,2025-12-08,18,Cotton,43302.8,43413.66,110.86,0.256,127.34,5214,78465,43500,14.29,14.79,0.9208,INR/bale,Dhan API v2 (Client 1112620458)
2025-12-08 19:00,2025-12-08,19,Cotton,43164.19,43213.33,49.14,0.1139,-61.72,7211,78707,43000,14.3,14.8,0.9301,INR/bale,Dhan API v2 (Client 1112620458)
2025-12-08 20:00,2025-12-08,20,Cotton,43122.01,43141.96,19.95,0.0463,-29.19,905,79794,43000,14.72,15.22,0.9227,INR/bale,Dhan API v2 (Client 1112620458)
2025-12-08 21:00,2025-12-08,21,Cotton,42970.92,43025.09,54.17,0.1261,34.22,6939,78575,43000,14.78,15.28,0.8847,INR/bale,Dhan API v2 (Client 1112620458)
2025-12-08 22:00,2025-12-08,22,Cotton,42900.34,43042.7,142.37,0.3319,88.2,2219,79376,43000,14.22,14.72,0.9486,INR/bale,Dhan API v2 (Client 1112620458)
2025-12-08 23:00,2025-12-08,23,Cotton,42799.0,42877.13,78.12,0.1825,-64.25,14433,79730,43000,14.86,15.36,0.9211,INR/bale,Dhan API v2 (Client 1112620458)
2025-12-09 09:00,2025-12-09,9,Cotton,42811.18,42919.03,107.85,0.2519,29.73,2507,80530,43000,14.08,14.58,0.9126,INR/bale,Dhan API v2 (Client 1112620458)
2025-12-09 10:00,2025-12-09,10,Cotton,42636.76,42803.5,166.75,0.3911,58.9,7595,79726,42500,14.34,14.84,0.8887,INR/bale,Dhan API v2 (Client 1112620458)
2025-12-09 11:00,2025-12-09,11,Cotton,42496.39,42465.11,-31.29,-0.0736,-198.04,3367,79745,42500,14.12,14.62,0.9367,INR/bale,Dhan API v2 (Client 1112620458)
2025-12-09 12:00,2025-12-09,12,Cotton,42250.44,42322.64,72.2,0.1709,103.49,3005,79609,42500,14.64,15.14,0.9104,INR/bale,Dhan API v2 (Client 1112620458)
2025-12-09 13:00,2025-12-09,13,Cotton,42346.24,42396.88,50.64,0.1196,-21.56,8737,79939,42500,14.24,14.74,0.8694,INR/bale,Dhan API v2 (Client 1112620458)
2025-12-09 14:00,2025-12-09,14,Cotton,42483.03,42498.68,15.66,0.0369,-34.98,10861,78798,42500,14.4,14.9,0.9312,INR/bale,Dhan API v2 (Client 1112620458)
2025-12-09 15:00,2025-12-09,15,Cotton,42569.32,42513.66,-55.67,-0.1308,-71.33,3934,79422,42500,13.89,14.39,0.9073,INR/bale,Dhan API v2 (Client 1112620458)
2025-12-09 16:00,2025-12-09,16,Cotton,42514.06,42413.34,-100.71,-0.2369,-45.04,14109,80218,42500,14.43,14.93,0.8872,INR/bale,Dhan API v2 (Client 1112620458)
2025-12-09 17:00,2025-12-09,17,Cotton,42666.45,42732.1,65.65,0.1539,166.36,3059,80625,42500,14.49,14.99,0.9205,INR/bale,Dhan API v2 (Client 1112620458)
2025-12-09 18:00,2025-12-09,18,Cotton,42620.08,42653.76,33.68,0.079,-31.97,2376,77808,42500,14.68,15.18,0.9,INR/bale,Dhan API v2 (Client 1112620458)
2025-12-09 19:00,2025-12-09,19,Cotton,42496.42,42581.94,85.52,0.2012,51.84,10865,79662,42500,14.07,14.57,0.9363,INR/bale,Dhan API v2 (Client 1112620458)
2025-12-09 20:00,2025-12-09,20,Cotton,42529.4,42503.88,-25.51,-0.06,-111.03,7055,81080,42500,14.55,15.05,0.9144,INR/bale,Dhan API v2 (Client 1112620458)
2025-12-09 21:00,2025-12-09,21,Cotton,42415.66,42452.8,37.14,0.0876,62.65,9233,78979,42500,14.45,14.95,0.9231,INR/bale,Dhan API v2 (Client 1112620458)
2025-12-09 22:00,2025-12-09,22,Cotton,42166.02,42207.04,41.02,0.0973,3.88,3829,79012,42000,14.12,14.62,0.8829,INR/bale,Dhan API v2 (Client 1112620458)
2025-12-09 23:00,2025-12-09,23,Cotton,42155.15,42128.4,-26.75,-0.0635,-67.77,13027,78102,42000,14.61,15.11,0.8888,INR/bale,Dhan API v2 (Client 1112620458)
2025-12-10 09:00,2025-12-10,9,Cotton,42274.51,42461.96,187.45,0.4434,214.2,8740,78128,42500,14.24,14.74,0.9023,INR/bale,Dhan API v2 (Client 1112620458)
2025-12-10 10:00,2025-12-10,10,Cotton,42344.58,42350.24,5.66,0.0134,-181.79,5351,78349,42500,13.77,14.27,0.9118,INR/bale,Dhan API v2 (Client 1112620458)
2025-12-10 11:00,2025-12-10,11,Cotton,42348.77,42441.06,92.3,0.2179,86.64,8945,79143,42500,14.49,14.99,0.9344,INR/bale,Dhan API v2 (Client 1112620458)
2025-12-10 12:00,2025-12-10,12,Cotton,42312.32,42360.58,48.26,0.1141,-44.04,11940,80135,42500,14.64,15.14,0.8805,INR/bale,Dhan API v2 (Client 1112620458)
2025-12-10 13:00,2025-12-10,13,Cotton,42330.28,42544.86,214.58,0.5069,166.32,11553,80683,42500,14.35,14.85,0.9071,INR/bale,Dhan API v2 (Client 1112620458)
2025-12-10 14:00,2025-12-10,14,Cotton,42483.24,42688.72,205.48,0.4837,-9.1,2295,79095,42500,14.63,15.13,0.92,INR/bale,Dhan API v2 (Client 1112620458)
2025-12-10 15:00,2025-12-10,15,Cotton,42388.45,42470.23,81.78,0.1929,-123.7,10312,79700,42500,13.86,14.36,0.9083,INR/bale,Dhan API v2 (Client 1112620458)
2025-12-10 16:00,2025-12-10,16,Cotton,42535.6,42420.18,-115.42,-0.2713,-197.2,9824,78152,42500,14.07,14.57,0.8887,INR/bale,Dhan API v2 (Client 1112620458)
2025-12-10 17:00,2025-12-10,17,Cotton,42489.0,42438.32,-50.68,-0.1193,64.74,1779,78628,42500,14.0,14.5,0.9124,INR/bale,Dhan API v2 (Client 1112620458)
2025-12-10 18:00,2025-12-10,18,Cotton,42579.47,42446.41,-133.06,-0.3125,-82.38,1825,77840,42500,14.13,14.63,0.9128,INR/bale,Dhan API v2 (Client 1112620458)
2025-12-10 19:00,2025-12-10,19,Cotton,42554.56,42622.82,68.27,0.1604,201.33,4270,79291,42500,14.38,14.88,0.9205,INR/bale,Dhan API v2 (Client 1112620458)
2025-12-10 20:00,2025-12-10,20,Cotton,42296.54,42373.57,77.03,0.1821,8.76,13725,78894,42500,14.31,14.81,0.9206,INR/bale,Dhan API v2 (Client 1112620458)
2025-12-10 21:00,2025-12-10,21,Cotton,42183.25,42161.74,-21.51,-0.051,-98.54,5500,78212,42000,14.29,14.79,0.8824,INR/bale,Dhan API v2 (Client 1112620458)
2025-12-10 22:00,2025-12-10,22,Cotton,42274.68,42367.08,92.39,0.2186,113.9,10364,79958,42500,14.44,14.94,0.9099,INR/bale,Dhan API v2 (Client 1112620458)
2025-12-10 23:00,2025-12-10,23,Cotton,42216.84,42303.99,87.16,0.2065,-5.23,5100,79496,42000,14.11,14.61,0.8839,INR/bale,Dhan API v2 (Client 1112620458)
2025-12-11 09:00,2025-12-11,9,Cotton,42324.78,42365.72,40.94,0.0967,-46.22,3326,79878,42500,14.41,14.91,0.8986,INR/bale,Dhan API v2 (Client 1112620458)
2025-12-11 10:00,2025-12-11,10,Cotton,42438.08,42660.35,222.27,0.5238,181.33,9450,80095,42500,13.96,14.46,0.8996,INR/bale,Dhan API v2 (Client 1112620458)
2025-12-11 11:00,2025-12-11,11,Cotton,42410.82,42344.12,-66.7,-0.1573,-288.97,3795,80493,42500,14.57,15.07,0.8954,INR/bale,Dhan API v2 (Client 1112620458)
2025-12-11 12:00,2025-12-11,12,Cotton,42128.48,42059.79,-68.69,-0.1631,-1.99,4973,80439,42000,14.81,15.31,0.9308,INR/bale,Dhan API v2 (Client 1112620458)
2025-12-11 13:00,2025-12-11,13,Cotton,41883.87,41743.07,-140.79,-0.3362,-72.1,5119,80378,42000,14.08,14.58,0.9429,INR/bale,Dhan API v2 (Client 1112620458)
2025-12-11 14:00,2025-12-11,14,Cotton,42001.5,42036.03,34.54,0.0822,175.33,12270,80033,42000,14.53,15.03,0.9256,INR/bale,Dhan API v2 (Client 1112620458)
2025-12-11 15:00,2025-12-11,15,Cotton,41986.67,41955.99,-30.68,-0.0731,-65.22,2530,78941,42000,14.49,14.99,0.8872,INR/bale,Dhan API v2 (Client 1112620458)
2025-12-11 16:00,2025-12-11,16,Cotton,41980.06,41803.99,-176.07,-0.4194,-145.39,12014,80853,42000,14.24,14.74,0.9154,INR/bale,Dhan API v2 (Client 1112620458)
2025-12-11 17:00,2025-12-11,17,Cotton,41913.55,41955.45,41.9,0.1,217.97,4128,79087,42000,14.53,15.03,0.9013,INR/bale,Dhan API v2 (Client 1112620458)
2025-12-11 18:00,2025-12-11,18,Cotton,41761.05,41808.58,47.53,0.1138,5.63,10943,80268,42000,14.45,14.95,0.8665,INR/bale,Dhan API v2 (Client 1112620458)
2025-12-11 19:00,2025-12-11,19,Cotton,41620.17,41625.5,5.32,0.0128,-42.21,8517,80366,41500,14.17,14.67,0.9088,INR/bale,Dhan API v2 (Client 1112620458)
2025-12-11 20:00,2025-12-11,20,Cotton,41732.59,41701.56,-31.03,-0.0744,-36.35,6116,79975,41500,14.08,14.58,0.8977,INR/bale,Dhan API v2 (Client 1112620458)
2025-12-11 21:00,2025-12-11,21,Cotton,41797.16,41708.41,-88.75,-0.2123,-57.72,5343,78858,42000,14.35,14.85,0.9379,INR/bale,Dhan API v2 (Client 1112620458)
2025-12-11 22:00,2025-12-11,22,Cotton,41880.12,41890.31,10.19,0.0243,98.94,791,79640,42000,13.7,14.2,0.9139,INR/bale,Dhan API v2 (Client 1112620458)
2025-12-11 23:00,2025-12-11,23,Cotton,41841.62,41936.31,94.69,0.2263,84.5,7388,81272,42000,14.33,14.83,0.8833,INR/bale,Dhan API v2 (Client 1112620458)
2025-12-12 09:00,2025-12-12,9,Cotton,41852.69,41852.67,-0.01,-0.0,-94.7,2295,79265,42000,14.67,15.17,0.9261,INR/bale,Dhan API v2 (Client 1112620458)
2025-12-12 10:00,2025-12-12,10,Cotton,41859.77,41958.13,98.36,0.235,98.37,12597,78781,42000,13.92,14.42,0.9537,INR/bale,Dhan API v2 (Client 1112620458)
2025-12-12 11:00,2025-12-12,11,Cotton,41805.46,41820.43,14.97,0.0358,-83.39,2460,80632,42000,14.27,14.77,0.907,INR/bale,Dhan API v2 (Client 1112620458)
2025-12-12 12:00,2025-12-12,12,Cotton,41879.43,41924.81,45.39,0.1084,30.42,844,80050,42000,13.69,14.19,0.919,INR/bale,Dhan API v2 (Client 1112620458)
2025-12-12 13:00,2025-12-12,13,Cotton,41935.18,42065.8,130.61,0.3115,85.22,13958,78951,42000,14.34,14.84,0.9182,INR/bale,Dhan API v2 (Client 1112620458)
2025-12-12 14:00,2025-12-12,14,Cotton,41838.56,41792.25,-46.3,-0.1107,-176.91,8875,81002,42000,14.4,14.9,0.9062,INR/bale,Dhan API v2 (Client 1112620458)
2025-12-12 15:00,2025-12-12,15,Cotton,41852.28,41775.38,-76.9,-0.1837,-30.6,7009,79453,42000,14.14,14.64,0.9375,INR/bale,Dhan API v2 (Client 1112620458)
2025-12-12 16:00,2025-12-12,16,Cotton,41783.67,41722.93,-60.74,-0.1454,16.16,13612,79716,42000,14.2,14.7,0.9388,INR/bale,Dhan API v2 (Client 1112620458)
2025-12-12 17:00,2025-12-12,17,Cotton,41714.19,41798.16,83.97,0.2013,144.71,7798,78425,41500,14.67,15.17,0.9022,INR/bale,Dhan API v2 (Client 1112620458)
2025-12-12 18:00,2025-12-12,18,Cotton,41805.2,41839.85,34.65,0.0829,-49.32,6088,79852,42000,14.97,15.47,0.9149,INR/bale,Dhan API v2 (Client 1112620458)
2025-12-12 19:00,2025-12-12,19,Cotton,41826.15,41855.18,29.02,0.0694,-5.63,6706,78067,42000,14.72,15.22,0.9225,INR/bale,Dhan API v2 (Client 1112620458)
2025-12-12 20:00,2025-12-12,20,Cotton,41697.31,41610.8,-86.51,-0.2075,-115.53,6389,78845,41500,14.11,14.61,0.9269,INR/bale,Dhan API v2 (Client 1112620458)
2025-12-12 21:00,2025-12-12,21,Cotton,41711.58,41763.69,52.12,0.1249,138.63,8719,79768,41500,14.97,15.47,0.9212,INR/bale,Dhan API v2 (Client 1112620458)
2025-12-12 22:00,2025-12-12,22,Cotton,41874.75,41950.37,75.62,0.1806,23.5,2116,79861,42000,14.51,15.01,0.9344,INR/bale,Dhan API v2 (Client 1112620458)
2025-12-12 23:00,2025-12-12,23,Cotton,41979.86,42166.45,186.59,0.4445,110.97,11609,78649,42000,14.17,14.67,0.9261,INR/bale,Dhan API v2 (Client 1112620458)
2025-12-15 09:00,2025-12-15,9,Cotton,41858.58,41917.17,58.59,0.14,-128.0,9436,79116,42000,14.47,14.97,0.9489,INR/bale,Dhan API v2 (Client 1112620458)
2025-12-15 10:00,2025-12-15,10,Cotton,41770.09,41830.82,60.73,0.1454,2.14,977,78148,42000,14.2,14.7,0.9343,INR/bale,Dhan API v2 (Client 1112620458)
2025-12-15 11:00,2025-12-15,11,Cotton,41828.33,41856.92,28.6,0.0684,-32.13,6122,79535,42000,14.5,15.0,0.9018,INR/bale,Dhan API v2 (Client 1112620458)
2025-12-15 12:00,2025-12-15,12,Cotton,41806.15,41725.34,-80.81,-0.1933,-109.41,12984,78829,42000,13.9,14.4,0.8903,INR/bale,Dhan API v2 (Client 1112620458)
2025-12-15 13:00,2025-12-15,13,Cotton,41896.04,41976.38,80.34,0.1918,161.15,1170,79096,42000,14.14,14.64,0.8959,INR/bale,Dhan API v2 (Client 1112620458)
2025-12-15 14:00,2025-12-15,14,Cotton,41873.16,41845.12,-28.04,-0.067,-108.38,2318,79419,42000,14.39,14.89,0.9113,INR/bale,Dhan API v2 (Client 1112620458)
2025-12-15 15:00,2025-12-15,15,Cotton,41880.17,41783.38,-96.8,-0.2311,-68.76,712,78137,42000,14.29,14.79,0.9289,INR/bale,Dhan API v2 (Client 1112620458)
2025-12-15 16:00,2025-12-15,16,Cotton,41921.65,41841.9,-79.75,-0.1902,17.05,1802,78644,42000,14.68,15.18,0.9195,INR/bale,Dhan API v2 (Client 1112620458)
2025-12-15 17:00,2025-12-15,17,Cotton,41990.53,42055.61,65.07,0.155,144.82,3216,79063,42000,14.69,15.19,0.9389,INR/bale,Dhan API v2 (Client 1112620458)
2025-12-15 18:00,2025-12-15,18,Cotton,41948.21,41985.61,37.39,0.0891,-27.68,6472,80199,42000,14.53,15.03,0.8939,INR/bale,Dhan API v2 (Client 1112620458)
2025-12-15 19:00,2025-12-15,19,Cotton,42097.84,42037.2,-60.64,-0.144,-98.03,7278,78597,42000,14.42,14.92,0.8762,INR/bale,Dhan API v2 (Client 1112620458)
2025-12-15 20:00,2025-12-15,20,Cotton,42002.07,42017.37,15.3,0.0364,75.94,12466,80356,42000,14.3,14.8,0.8832,INR/bale,Dhan API v2 (Client 1112620458)
2025-12-15 21:00,2025-12-15,21,Cotton,42184.4,42166.5,-17.9,-0.0424,-33.2,14017,81705,42000,14.51,15.01,0.9048,INR/bale,Dhan API v2 (Client 1112620458)
2025-12-15 22:00,2025-12-15,22,Cotton,42244.4,42284.34,39.94,0.0946,57.84,13704,79665,42000,14.42,14.92,0.8973,INR/bale,Dhan API v2 (Client 1112620458)
2025-12-15 23:00,2025-12-15,23,Cotton,42232.96,42173.91,-59.05,-0.1398,-98.99,6104,76980,42000,14.45,14.95,0.9253,INR/bale,Dhan API v2 (Client 1112620458)
2025-12-16 09:00,2025-12-16,9,Cotton,42206.29,42219.95,13.66,0.0324,72.71,6163,80450,42000,14.37,14.87,0.9261,INR/bale,Dhan API v2 (Client 1112620458)
2025-12-16 10:00,2025-12-16,10,Cotton,42162.2,42105.05,-57.15,-0.1355,-70.81,13130,79321,42000,14.41,14.91,0.9413,INR/bale,Dhan API v2 (Client 1112620458)
2025-12-16 11:00,2025-12-16,11,Cotton,42055.87,42184.58,128.71,0.306,185.86,6318,78011,42000,14.65,15.15,0.9411,INR/bale,Dhan API v2 (Client 1112620458)
2025-12-16 12:00,2025-12-16,12,Cotton,42034.64,41987.48,-47.15,-0.1122,-175.86,3116,79756,42000,14.42,14.92,0.8758,INR/bale,Dhan API v2 (Client 1112620458)
2025-12-16 13:00,2025-12-16,13,Cotton,42214.36,42112.67,-101.7,-0.2409,-54.55,1847,79579,42000,14.03,14.53,0.9371,INR/bale,Dhan API v2 (Client 1112620458)
2025-12-16 14:00,2025-12-16,14,Cotton,42113.67,42129.39,15.73,0.0373,117.43,6745,80027,42000,14.76,15.26,0.9142,INR/bale,Dhan API v2 (Client 1112620458)
2025-12-16 15:00,2025-12-16,15,Cotton,42004.45,41991.42,-13.04,-0.031,-28.77,7034,77447,42000,14.4,14.9,0.8931,INR/bale,Dhan API v2 (Client 1112620458)
2025-12-16 16:00,2025-12-16,16,Cotton,42101.35,42273.25,171.9,0.4083,184.94,850,79506,42000,14.39,14.89,0.8699,INR/bale,Dhan API v2 (Client 1112620458)
2025-12-16 17:00,2025-12-16,17,Cotton,41943.02,41809.6,-133.42,-0.3181,-305.32,10191,79724,42000,13.75,14.25,0.9188,INR/bale,Dhan API v2 (Client 1112620458)
2025-12-16 18:00,2025-12-16,18,Cotton,42023.6,42029.91,6.31,0.015,139.73,12750,81035,42000,14.3,14.8,0.9498,INR/bale,Dhan API v2 (Client 1112620458)
2025-12-16 19:00,2025-12-16,19,Cotton,42131.86,42057.39,-74.47,-0.1768,-80.78,14493,79450,42000,14.32,14.82,0.9489,INR/bale,Dhan API v2 (Client 1112620458)
2025-12-16 20:00,2025-12-16,20,Cotton,41990.26,42085.89,95.63,0.2278,170.1,2788,80442,42000,14.22,14.72,0.9005,INR/bale,Dhan API v2 (Client 1112620458)
2025-12-16 21:00,2025-12-16,21,Cotton,41995.42,41974.32,-21.11,-0.0503,-116.74,3024,79632,42000,13.82,14.32,0.927,INR/bale,Dhan API v2 (Client 1112620458)
2025-12-16 22:00,2025-12-16,22,Cotton,41967.8,41919.89,-47.9,-0.1141,-26.79,5720,78338,42000,13.88,14.38,0.9242,INR/bale,Dhan API v2 (Client 1112620458)
2025-12-16 23:00,2025-12-16,23,Cotton,42107.63,42080.72,-26.91,-0.0639,20.99,8883,78876,42000,13.95,14.45,0.8722,INR/bale,Dhan API v2 (Client 1112620458)
2025-12-17 09:00,2025-12-17,9,Cotton,42235.85,42243.88,8.04,0.019,34.95,10815,81189,42000,14.39,14.89,0.9454,INR/bale,Dhan API v2 (Client 1112620458)
2025-12-17 10:00,2025-12-17,10,Cotton,42285.75,42190.65,-95.1,-0.2249,-103.14,5905,80615,42500,13.84,14.34,0.9246,INR/bale,Dhan API v2 (Client 1112620458)
2025-12-17 11:00,2025-12-17,11,Cotton,42254.17,42311.87,57.7,0.1366,152.8,12555,78986,42500,14.21,14.71,0.9044,INR/bale,Dhan API v2 (Client 1112620458)
2025-12-17 12:00,2025-12-17,12,Cotton,42339.01,42205.36,-133.65,-0.3157,-191.35,12324,78230,42500,14.68,15.18,0.9741,INR/bale,Dhan API v2 (Client 1112620458)
2025-12-17 13:00,2025-12-17,13,Cotton,42422.93,42418.07,-4.86,-0.0114,128.79,12101,77911,42500,14.46,14.96,0.9354,INR/bale,Dhan API v2 (Client 1112620458)
2025-12-17 14:00,2025-12-17,14,Cotton,42298.22,42441.9,143.68,0.3397,148.54,6615,80366,42500,14.45,14.95,0.9452,INR/bale,Dhan API v2 (Client 1112620458)
2025-12-17 15:00,2025-12-17,15,Cotton,42250.67,42161.73,-88.94,-0.2105,-232.62,3111,80831,42500,14.9,15.4,0.8934,INR/bale,Dhan API v2 (Client 1112620458)
2025-12-17 16:00,2025-12-17,16,Cotton,42239.32,42262.33,23.01,0.0545,111.95,7676,79662,42000,14.19,14.69,0.9148,INR/bale,Dhan API v2 (Client 1112620458)
2025-12-17 17:00,2025-12-17,17,Cotton,42357.14,42344.68,-12.46,-0.0294,-35.47,10618,78722,42500,14.12,14.62,0.9082,INR/bale,Dhan API v2 (Client 1112620458)
2025-12-17 18:00,2025-12-17,18,Cotton,42242.37,42327.02,84.65,0.2004,97.11,11099,80473,42000,14.4,14.9,0.9395,INR/bale,Dhan API v2 (Client 1112620458)
2025-12-17 19:00,2025-12-17,19,Cotton,42264.95,42147.66,-117.29,-0.2775,-201.94,1495,80126,42500,13.93,14.43,0.95,INR/bale,Dhan API v2 (Client 1112620458)
2025-12-17 20:00,2025-12-17,20,Cotton,42402.83,42289.93,-112.89,-0.2662,4.4,3678,80741,42500,14.44,14.94,0.903,INR/bale,Dhan API v2 (Client 1112620458)
2025-12-17 21:00,2025-12-17,21,Cotton,42412.43,42438.68,26.25,0.0619,139.14,13624,79827,42500,14.12,14.62,0.8944,INR/bale,Dhan API v2 (Client 1112620458)
2025-12-17 22:00,2025-12-17,22,Cotton,42621.51,42665.06,43.56,0.1022,17.31,4194,79057,42500,14.19,14.69,0.9279,INR/bale,Dhan API v2 (Client 1112620458)
2025-12-17 23:00,2025-12-17,23,Cotton,42613.01,42548.8,-64.21,-0.1507,-107.77,4900,78161,42500,14.53,15.03,0.9208,INR/bale,Dhan API v2 (Client 1112620458)
2025-12-18 09:00,2025-12-18,9,Cotton,42643.0,42879.72,236.73,0.5551,300.94,13843,79590,42500,14.49,14.99,0.9082,INR/bale,Dhan API v2 (Client 1112620458)
2025-12-18 10:00,2025-12-18,10,Cotton,42545.17,42786.42,241.26,0.5671,4.53,8607,80068,42500,14.34,14.84,0.9631,INR/bale,Dhan API v2 (Client 1112620458)
2025-12-18 11:00,2025-12-18,11,Cotton,42459.58,42543.6,84.02,0.1979,-157.24,6205,80071,42500,14.33,14.83,0.9189,INR/bale,Dhan API v2 (Client 1112620458)
2025-12-18 12:00,2025-12-18,12,Cotton,42411.41,42430.74,19.33,0.0456,-64.69,14097,79851,42500,14.53,15.03,0.9149,INR/bale,Dhan API v2 (Client 1112620458)
2025-12-18 13:00,2025-12-18,13,Cotton,42539.12,42663.7,124.58,0.2928,105.25,6148,78986,42500,14.36,14.86,0.896,INR/bale,Dhan API v2 (Client 1112620458)
2025-12-18 14:00,2025-12-18,14,Cotton,42697.26,42831.08,133.83,0.3134,9.25,4623,79537,42500,14.74,15.24,0.8957,INR/bale,Dhan API v2 (Client 1112620458)
2025-12-18 15:00,2025-12-18,15,Cotton,42720.05,42938.94,218.89,0.5124,85.06,2067,79230,42500,14.95,15.45,0.8746,INR/bale,Dhan API v2 (Client 1112620458)
2025-12-18 16:00,2025-12-18,16,Cotton,42625.68,43056.13,430.45,1.0098,211.56,3307,79228,42500,14.4,14.9,0.8762,INR/bale,Dhan API v2 (Client 1112620458)
2025-12-18 17:00,2025-12-18,17,Cotton,42543.34,42795.66,252.32,0.5931,-178.13,12762,79275,42500,14.09,14.59,0.9553,INR/bale,Dhan API v2 (Client 1112620458)
2025-12-18 18:00,2025-12-18,18,Cotton,42565.09,42841.61,276.52,0.6496,24.2,8425,77926,42500,14.9,15.4,0.9224,INR/bale,Dhan API v2 (Client 1112620458)
2025-12-18 19:00,2025-12-18,19,Cotton,42543.51,42832.66,289.14,0.6796,12.62,9856,80879,42500,14.04,14.54,0.9159,INR/bale,Dhan API v2 (Client 1112620458)
2025-12-18 20:00,2025-12-18,20,Cotton,42550.69,42782.12,231.43,0.5439,-57.71,14401,79727,42500,14.57,15.07,0.8944,INR/bale,Dhan API v2 (Client 1112620458)
2025-12-18 21:00,2025-12-18,21,Cotton,42509.73,42675.77,166.05,0.3906,-65.38,11969,80127,42500,14.54,15.04,0.9231,INR/bale,Dhan API v2 (Client 1112620458)
2025-12-18 22:00,2025-12-18,22,Cotton,42480.18,42793.02,312.84,0.7364,146.79,8258,79303,42500,13.87,14.37,0.9207,INR/bale,Dhan API v2 (Client 1112620458)
2025-12-18 23:00,2025-12-18,23,Cotton,42393.57,42444.85,51.28,0.121,-261.56,3022,78987,42500,14.53,15.03,0.9442,INR/bale,Dhan API v2 (Client 1112620458)
2025-12-19 09:00,2025-12-19,9,Cotton,42343.98,42578.06,234.08,0.5528,182.8,8769,77653,42500,14.4,14.9,0.9016,INR/bale,Dhan API v2 (Client 1112620458)
2025-12-19 10:00,2025-12-19,10,Cotton,42457.14,42637.93,180.79,0.4258,-53.29,8955,77612,42500,14.1,14.6,0.9365,INR/bale,Dhan API v2 (Client 1112620458)
2025-12-19 11:00,2025-12-19,11,Cotton,42425.43,42708.89,283.46,0.6681,102.67,2329,80038,42500,14.08,14.58,0.8795,INR/bale,Dhan API v2 (Client 1112620458)
2025-12-19 12:00,2025-12-19,12,Cotton,42533.23,42637.67,104.44,0.2455,-179.02,9480,78118,42500,14.37,14.87,0.8874,INR/bale,Dhan API v2 (Client 1112620458)
2025-12-19 13:00,2025-12-19,13,Cotton,42436.4,42492.09,55.69,0.1312,-48.75,5241,80081,42500,14.09,14.59,0.9104,INR/bale,Dhan API v2 (Client 1112620458)
2025-12-19 14:00,2025-12-19,14,Cotton,42433.07,42700.78,267.71,0.6309,212.02,14427,79440,42500,14.6,15.1,0.9093,INR/bale,Dhan API v2 (Client 1112620458)
2025-12-19 15:00,2025-12-19,15,Cotton,42404.05,42530.14,126.09,0.2973,-141.62,11551,78651,42500,14.33,14.83,0.922,INR/bale,Dhan API v2 (Client 1112620458)
2025-12-19 16:00,2025-12-19,16,Cotton,42321.93,42702.29,380.36,0.8987,254.27,6517,78515,42500,14.63,15.13,0.8941,INR/bale,Dhan API v2 (Client 1112620458)
2025-12-19 17:00,2025-12-19,17,Cotton,42213.67,42507.9,294.23,0.697,-86.13,13054,79452,42000,14.38,14.88,0.9242,INR/bale,Dhan API v2 (Client 1112620458)
2025-12-19 18:00,2025-12-19,18,Cotton,42052.12,42185.93,133.81,0.3182,-160.42,7088,79201,42000,14.34,14.84,0.9164,INR/bale,Dhan API v2 (Client 1112620458)
2025-12-19 19:00,2025-12-19,19,Cotton,42046.08,42245.95,199.86,0.4753,66.05,6869,79253,42000,14.16,14.66,0.8982,INR/bale,Dhan API v2 (Client 1112620458)
2025-12-19 20:00,2025-12-19,20,Cotton,41787.42,42087.3,299.88,0.7176,100.02,6198,79357,42000,14.17,14.67,0.9381,INR/bale,Dhan API v2 (Client 1112620458)
2025-12-19 21:00,2025-12-19,21,Cotton,41687.84,41892.16,204.32,0.4901,-95.56,4502,78037,41500,14.29,14.79,0.9183,INR/bale,Dhan API v2 (Client 1112620458)
2025-12-19 22:00,2025-12-19,22,Cotton,41604.77,41743.86,139.09,0.3343,-65.23,5561,79602,41500,14.15,14.65,0.9133,INR/bale,Dhan API v2 (Client 1112620458)
2025-12-19 23:00,2025-12-19,23,Cotton,41642.87,42026.99,384.12,0.9224,245.03,4062,79833,41500,14.4,14.9,0.9529,INR/bale,Dhan API v2 (Client 1112620458)
2025-12-22 09:00,2025-12-22,9,Cotton,41567.43,41778.79,211.36,0.5085,-172.76,12352,80469,41500,14.62,15.12,0.9373,INR/bale,Dhan API v2 (Client 1112620458)
2025-12-22 10:00,2025-12-22,10,Cotton,41484.43,41691.34,206.91,0.4988,-4.45,1240,79694,41500,14.01,14.51,0.8965,INR/bale,Dhan API v2 (Client 1112620458)
2025-12-22 11:00,2025-12-22,11,Cotton,41536.38,41900.58,364.2,0.8768,157.29,10589,77414,41500,14.03,14.53,0.9469,INR/bale,Dhan API v2 (Client 1112620458)
2025-12-22 12:00,2025-12-22,12,Cotton,41502.74,41718.52,215.78,0.5199,-148.42,3824,79846,41500,14.53,15.03,0.9351,INR/bale,Dhan API v2 (Client 1112620458)
2025-12-22 13:00,2025-12-22,13,Cotton,41444.81,41697.88,253.07,0.6106,37.29,6579,78763,41500,14.66,15.16,0.9123,INR/bale,Dhan API v2 (Client 1112620458)
2025-12-22 14:00,2025-12-22,14,Cotton,41348.92,41670.98,322.06,0.7789,68.99,9083,79474,41500,13.87,14.37,0.917,INR/bale,Dhan API v2 (Client 1112620458)
2025-12-22 15:00,2025-12-22,15,Cotton,41265.8,41350.01,84.21,0.2041,-237.85,7213,79572,41500,14.25,14.75,0.9018,INR/bale,Dhan API v2 (Client 1112620458)
2025-12-22 16:00,2025-12-22,16,Cotton,41397.87,41721.78,323.91,0.7824,239.7,3486,80068,41500,15.15,15.65,0.9311,INR/bale,Dhan API v2 (Client 1112620458)
2025-12-22 17:00,2025-12-22,17,Cotton,41285.77,41369.68,83.91,0.2032,-240.0,9876,80076,41500,14.25,14.75,0.9078,INR/bale,Dhan API v2 (Client 1112620458)
2025-12-22 18:00,2025-12-22,18,Cotton,41316.04,41548.92,232.88,0.5637,148.97,3600,79432,41500,14.46,14.96,0.912,INR/bale,Dhan API v2 (Client 1112620458)
2025-12-22 19:00,2025-12-22,19,Cotton,41503.4,41603.3,99.9,0.2407,-132.98,2193,80176,41500,14.25,14.75,0.9384,INR/bale,Dhan API v2 (Client 1112620458)
2025-12-22 20:00,2025-12-22,20,Cotton,41515.41,41729.81,214.4,0.5164,114.5,2793,78594,41500,14.65,15.15,0.922,INR/bale,Dhan API v2 (Client 1112620458)
2025-12-22 21:00,2025-12-22,21,Cotton,41560.6,41810.33,249.74,0.6009,35.34,13141,79487,41500,14.26,14.76,0.9188,INR/bale,Dhan API v2 (Client 1112620458)
2025-12-22 22:00,2025-12-22,22,Cotton,41702.39,41868.49,166.1,0.3983,-83.64,2384,82090,41500,14.91,15.41,0.9226,INR/bale,Dhan API v2 (Client 1112620458)
2025-12-22 23:00,2025-12-22,23,Cotton,41541.55,41554.39,12.84,0.0309,-153.26,10637,79598,41500,15.14,15.64,0.9207,INR/bale,Dhan API v2 (Client 1112620458)
2025-12-23 09:00,2025-12-23,9,Cotton,41650.31,41835.98,185.67,0.4458,172.83,12068,80457,41500,14.77,15.27,0.9321,INR/bale,Dhan API v2 (Client 1112620458)
2025-12-23 10:00,2025-12-23,10,Cotton,41747.04,41947.2,200.16,0.4795,14.49,6002,79816,41500,14.39,14.89,0.8956,INR/bale,Dhan API v2 (Client 1112620458)
2025-12-23 11:00,2025-12-23,11,Cotton,41723.47,41893.76,170.29,0.4081,-29.87,8063,80311,41500,14.43,14.93,0.909,INR/bale,Dhan API v2 (Client 1112620458)
2025-12-23 12:00,2025-12-23,12,Cotton,41726.85,41944.77,217.92,0.5222,47.63,10390,80576,41500,14.92,15.42,0.8914,INR/bale,Dhan API v2 (Client 1112620458)
2025-12-23 13:00,2025-12-23,13,Cotton,41797.99,41939.84,141.86,0.3394,-76.06,7922,79980,42000,14.61,15.11,0.8527,INR/bale,Dhan API v2 (Client 1112620458)
2025-12-23 14:00,2025-12-23,14,Cotton,41802.02,41854.79,52.78,0.1263,-89.08,5661,78422,42000,14.64,15.14,0.9322,INR/bale,Dhan API v2 (Client 1112620458)
2025-12-23 15:00,2025-12-23,15,Cotton,41843.62,42041.93,198.31,0.4739,145.53,1996,78093,42000,14.34,14.84,0.9147,INR/bale,Dhan API v2 (Client 1112620458)
2025-12-23 16:00,2025-12-23,16,Cotton,41775.18,41855.59,80.41,0.1925,-117.9,3904,78531,42000,14.94,15.44,0.913,INR/bale,Dhan API v2 (Client 1112620458)
2025-12-23 17:00,2025-12-23,17,Cotton,41770.96,41870.31,99.35,0.2378,18.94,9460,78549,42000,14.69,15.19,0.926,INR/bale,Dhan API v2 (Client 1112620458)
2025-12-23 18:00,2025-12-23,18,Cotton,41900.96,42141.47,240.52,0.574,141.17,11255,78042,42000,13.36,13.86,0.9135,INR/bale,Dhan API v2 (Client 1112620458)
2025-12-23 19:00,2025-12-23,19,Cotton,42080.4,42234.24,153.84,0.3656,-86.68,12997,79798,42000,14.32,14.82,0.9077,INR/bale,Dhan API v2 (Client 1112620458)
2025-12-23 20:00,2025-12-23,20,Cotton,41900.58,42079.03,178.45,0.4259,24.61,7738,81171,42000,14.39,14.89,0.9288,INR/bale,Dhan API v2 (Client 1112620458)
2025-12-23 21:00,2025-12-23,21,Cotton,41789.32,42217.08,427.76,1.0236,249.31,4818,79146,42000,14.42,14.92,0.8878,INR/bale,Dhan API v2 (Client 1112620458)
2025-12-23 22:00,2025-12-23,22,Cotton,41824.97,42064.13,239.16,0.5718,-188.6,4635,78558,42000,14.72,15.22,0.9328,INR/bale,Dhan API v2 (Client 1112620458)
2025-12-23 23:00,2025-12-23,23,Cotton,41966.98,42134.03,167.06,0.3981,-72.1,3671,78454,42000,14.27,14.77,0.9351,INR/bale,Dhan API v2 (Client 1112620458)
2025-12-24 09:00,2025-12-24,9,Cotton,42081.7,42245.85,164.15,0.3901,-2.91,3280,79859,42000,14.93,15.43,0.9018,INR/bale,Dhan API v2 (Client 1112620458)
2025-12-24 10:00,2025-12-24,10,Cotton,42255.95,42428.14,172.19,0.4075,8.04,7963,80696,42500,15.15,15.65,0.9233,INR/bale,Dhan API v2 (Client 1112620458)
2025-12-24 11:00,2025-12-24,11,Cotton,42305.07,42482.13,177.06,0.4185,4.87,6027,80841,42500,14.17,14.67,0.8919,INR/bale,Dhan API v2 (Client 1112620458)
2025-12-24 12:00,2025-12-24,12,Cotton,42257.17,42408.01,150.84,0.357,-26.22,3680,79975,42500,14.01,14.51,0.9512,INR/bale,Dhan API v2 (Client 1112620458)
2025-12-24 13:00,2025-12-24,13,Cotton,42165.92,42267.95,102.03,0.242,-48.81,6705,78823,42000,14.35,14.85,0.9344,INR/bale,Dhan API v2 (Client 1112620458)
2025-12-24 14:00,2025-12-24,14,Cotton,42228.01,42463.37,235.36,0.5574,133.33,2263,79860,42000,14.15,14.65,0.8887,INR/bale,Dhan API v2 (Client 1112620458)
2025-12-24 15:00,2025-12-24,15,Cotton,42011.87,42247.58,235.7,0.561,0.34,2877,80160,42000,14.43,14.93,0.9251,INR/bale,Dhan API v2 (Client 1112620458)
2025-12-24 16:00,2025-12-24,16,Cotton,42001.16,42272.28,271.13,0.6455,35.43,11841,79992,42000,14.47,14.97,0.9116,INR/bale,Dhan API v2 (Client 1112620458)
2025-12-24 17:00,2025-12-24,17,Cotton,42013.25,42141.41,128.16,0.305,-142.97,3499,80501,42000,14.38,14.88,0.9228,INR/bale,Dhan API v2 (Client 1112620458)
2025-12-24 18:00,2025-12-24,18,Cotton,42016.4,42208.61,192.21,0.4575,64.05,4052,78377,42000,14.35,14.85,0.9144,INR/bale,Dhan API v2 (Client 1112620458)
2025-12-24 19:00,2025-12-24,19,Cotton,42143.06,42289.93,146.87,0.3485,-45.34,5594,78424,42000,13.74,14.24,0.8954,INR/bale,Dhan API v2 (Client 1112620458)
2025-12-24 20:00,2025-12-24,20,Cotton,42101.61,42276.33,174.72,0.415,27.85,14803,77468,42000,14.27,14.77,0.9144,INR/bale,Dhan API v2 (Client 1112620458)
2025-12-24 21:00,2025-12-24,21,Cotton,42166.85,42389.25,222.4,0.5274,47.68,10701,81179,42000,14.02,14.52,0.9046,INR/bale,Dhan API v2 (Client 1112620458)
2025-12-24 22:00,2025-12-24,22,Cotton,42209.98,42364.14,154.17,0.3652,-68.23,7720,79535,42000,14.17,14.67,0.9057,INR/bale,Dhan API v2 (Client 1112620458)
2025-12-24 23:00,2025-12-24,23,Cotton,42064.51,42253.32,188.81,0.4489,34.64,12096,79972,42000,14.22,14.72,0.9177,INR/bale,Dhan API v2 (Client 1112620458)
2025-12-25 09:00,2025-12-25,9,Cotton,41959.49,42104.9,145.41,0.3466,-43.4,10494,78882,42000,14.66,15.16,0.8834,INR/bale,Dhan API v2 (Client 1112620458)
2025-12-25 10:00,2025-12-25,10,Cotton,41878.58,42116.16,237.58,0.5673,92.17,13723,79775,42000,13.88,14.38,0.9232,INR/bale,Dhan API v2 (Client 1112620458)
2025-12-25 11:00,2025-12-25,11,Cotton,41706.24,41869.65,163.41,0.3918,-74.17,808,80161,41500,14.19,14.69,0.9236,INR/bale,Dhan API v2 (Client 1112620458)
2025-12-25 12:00,2025-12-25,12,Cotton,41679.36,41887.82,208.46,0.5002,45.05,3358,80011,41500,14.24,14.74,0.9304,INR/bale,Dhan API v2 (Client 1112620458)
2025-12-25 13:00,2025-12-25,13,Cotton,41669.29,41812.93,143.64,0.3447,-64.82,937,80430,41500,14.54,15.04,0.916,INR/bale,Dhan API v2 (Client 1112620458)
2025-12-25 14:00,2025-12-25,14,Cotton,41633.96,41710.31,76.35,0.1834,-67.29,13600,80086,41500,14.17,14.67,0.94,INR/bale,Dhan API v2 (Client 1112620458)
2025-12-25 15:00,2025-12-25,15,Cotton,41793.14,41984.54,191.4,0.458,115.05,3594,80626,42000,14.48,14.98,0.9674,INR/bale,Dhan API v2 (Client 1112620458)
2025-12-25 16:00,2025-12-25,16,Cotton,41921.63,42045.66,124.03,0.2959,-67.37,11134,78566,42000,13.94,14.44,0.8994,INR/bale,Dhan API v2 (Client 1112620458)
2025-12-25 17:00,2025-12-25,17,Cotton,41784.46,41900.81,116.35,0.2784,-7.68,2987,81367,42000,13.8,14.3,0.9302,INR/bale,Dhan API v2 (Client 1112620458)
2025-12-25 18:00,2025-12-25,18,Cotton,41689.21,41941.57,252.36,0.6053,136.01,13731,77295,41500,14.35,14.85,0.9428,INR/bale,Dhan API v2 (Client 1112620458)
2025-12-25 19:00,2025-12-25,19,Cotton,41537.87,41675.06,137.19,0.3303,-115.17,6818,78536,41500,14.44,14.94,0.9155,INR/bale,Dhan API v2 (Client 1112620458)
2025-12-25 20:00,2025-12-25,20,Cotton,41561.1,41774.89,213.79,0.5144,76.6,13431,79101,41500,14.61,15.11,0.9123,INR/bale,Dhan API v2 (Client 1112620458)
2025-12-25 21:00,2025-12-25,21,Cotton,41585.39,41886.44,301.05,0.7239,87.26,6191,79668,41500,14.54,15.04,0.9655,INR/bale,Dhan API v2 (Client 1112620458)
2025-12-25 22:00,2025-12-25,22,Cotton,41473.9,41798.21,324.32,0.782,23.27,13255,80500,41500,14.01,14.51,0.9084,INR/bale,Dhan API v2 (Client 1112620458)
2025-12-25 23:00,2025-12-25,23,Cotton,41509.86,41765.02,255.16,0.6147,-69.16,4473,78959,41500,14.08,14.58,0.9223,INR/bale,Dhan API v2 (Client 1112620458)
2025-12-26 09:00,2025-12-26,9,Cotton,41325.22,41404.99,79.77,0.193,-175.39,11612,78879,41500,14.07,14.57,0.9285,INR/bale,Dhan API v2 (Client 1112620458)
2025-12-26 10:00,2025-12-26,10,Cotton,41442.23,41612.7,170.48,0.4114,90.71,6714,80992,41500,14.67,15.17,0.9523,INR/bale,Dhan API v2 (Client 1112620458)
2025-12-26 11:00,2025-12-26,11,Cotton,41719.39,41935.79,216.41,0.5187,45.93,13093,79108,41500,14.27,14.77,0.9009,INR/bale,Dhan API v2 (Client 1112620458)
2025-12-26 12:00,2025-12-26,12,Cotton,41667.5,41857.35,189.84,0.4556,-26.57,10956,80686,41500,14.4,14.9,0.9379,INR/bale,Dhan API v2 (Client 1112620458)
2025-12-26 13:00,2025-12-26,13,Cotton,41530.97,41717.66,186.69,0.4495,-3.15,13454,81257,41500,14.4,14.9,0.9178,INR/bale,Dhan API v2 (Client 1112620458)
2025-12-26 14:00,2025-12-26,14,Cotton,41533.35,41785.55,252.2,0.6072,65.51,2012,78873,41500,14.01,14.51,0.9217,INR/bale,Dhan API v2 (Client 1112620458)
2025-12-26 15:00,2025-12-26,15,Cotton,41574.77,41812.29,237.52,0.5713,-14.68,11615,78535,41500,14.27,14.77,0.9042,INR/bale,Dhan API v2 (Client 1112620458)
2025-12-26 16:00,2025-12-26,16,Cotton,41582.86,41689.42,106.56,0.2563,-130.96,6159,80705,41500,14.32,14.82,0.91,INR/bale,Dhan API v2 (Client 1112620458)
2025-12-26 17:00,2025-12-26,17,Cotton,41552.38,41622.6,70.22,0.169,-36.34,7061,80339,41500,14.33,14.83,0.9064,INR/bale,Dhan API v2 (Client 1112620458)
2025-12-26 18:00,2025-12-26,18,Cotton,41784.73,42074.78,290.05,0.6941,219.83,8337,79151,42000,14.38,14.88,0.9382,INR/bale,Dhan API v2 (Client 1112620458)
2025-12-26 19:00,2025-12-26,19,Cotton,41842.27,42024.02,181.76,0.4344,-108.29,11437,78164,42000,14.21,14.71,0.9066,INR/bale,Dhan API v2 (Client 1112620458)
2025-12-26 20:00,2025-12-26,20,Cotton,41870.13,42080.33,210.2,0.502,28.44,12617,79355,42000,14.45,14.95,0.9278,INR/bale,Dhan API v2 (Client 1112620458)
2025-12-26 21:00,2025-12-26,21,Cotton,41758.62,41910.79,152.17,0.3644,-58.03,10266,80046,42000,14.27,14.77,0.9367,INR/bale,Dhan API v2 (Client 1112620458)
2025-12-26 22:00,2025-12-26,22,Cotton,41822.21,42007.38,185.17,0.4428,33.0,12878,79818,42000,14.69,15.19,0.9451,INR/bale,Dhan API v2 (Client 1112620458)
2025-12-26 23:00,2025-12-26,23,Cotton,41724.56,42009.59,285.04,0.6831,99.87,12244,79301,41500,14.18,14.68,0.9058,INR/bale,Dhan API v2 (Client 1112620458)
2025-12-29 09:00,2025-12-29,9,Cotton,41863.43,42027.91,164.48,0.3929,-120.56,2068,79476,42000,14.92,15.42,0.8721,INR/bale,Dhan API v2 (Client 1112620458)
2025-12-29 10:00,2025-12-29,10,Cotton,42021.56,42176.36,154.8,0.3684,-9.68,4218,79959,42000,14.54,15.04,0.904,INR/bale,Dhan API v2 (Client 1112620458)
2025-12-29 11:00,2025-12-29,11,Cotton,42252.59,42498.99,246.41,0.5832,91.61,12096,77766,42500,14.03,14.53,0.9348,INR/bale,Dhan API v2 (Client 1112620458)
2025-12-29 12:00,2025-12-29,12,Cotton,42249.64,42381.29,131.65,0.3116,-114.76,14145,80205,42000,13.66,14.16,0.9036,INR/bale,Dhan API v2 (Client 1112620458)
2025-12-29 13:00,2025-12-29,13,Cotton,42227.62,42414.93,187.3,0.4436,55.65,5372,78789,42000,14.15,14.65,0.8965,INR/bale,Dhan API v2 (Client 1112620458)
2025-12-29 14:00,2025-12-29,14,Cotton,42070.96,42106.35,35.39,0.0841,-151.91,12168,81091,42000,14.35,14.85,0.9137,INR/bale,Dhan API v2 (Client 1112620458)
2025-12-29 15:00,2025-12-29,15,Cotton,42124.97,42360.68,235.72,0.5596,200.33,14159,78639,42000,14.54,15.04,0.917,INR/bale,Dhan API v2 (Client 1112620458)
2025-12-29 16:00,2025-12-29,16,Cotton,42199.51,42353.22,153.72,0.3643,-82.0,13754,79216,42000,14.37,14.87,0.9005,INR/bale,Dhan API v2 (Client 1112620458)
2025-12-29 17:00,2025-12-29,17,Cotton,42287.64,42359.86,72.21,0.1708,-81.51,6684,80368,42500,14.48,14.98,0.9034,INR/bale,Dhan API v2 (Client 1112620458)
2025-12-29 18:00,2025-12-29,18,Cotton,42326.53,42490.51,163.98,0.3874,91.77,8314,80936,42500,14.41,14.91,0.9154,INR/bale,Dhan API v2 (Client 1112620458)
2025-12-29 19:00,2025-12-29,19,Cotton,42354.13,42421.11,66.98,0.1581,-97.0,9954,80425,42500,13.72,14.22,0.8987,INR/bale,Dhan API v2 (Client 1112620458)
2025-12-29 20:00,2025-12-29,20,Cotton,42679.45,42748.38,68.92,0.1615,1.94,14674,79046,42500,14.61,15.11,0.9421,INR/bale,Dhan API v2 (Client 1112620458)
2025-12-29 21:00,2025-12-29,21,Cotton,42437.79,42652.01,214.22,0.5048,145.3,2205,78287,42500,14.06,14.56,0.9048,INR/bale,Dhan API v2 (Client 1112620458)
2025-12-29 22:00,2025-12-29,22,Cotton,42677.9,42851.16,173.26,0.406,-40.96,3247,79539,42500,14.96,15.46,0.9333,INR/bale,Dhan API v2 (Client 1112620458)
2025-12-29 23:00,2025-12-29,23,Cotton,42510.23,42528.41,18.18,0.0428,-155.08,9069,78501,42500,13.91,14.41,0.9546,INR/bale,Dhan API v2 (Client 1112620458)
2025-12-30 09:00,2025-12-30,9,Cotton,42632.8,42930.45,297.65,0.6982,279.47,3416,81617,42500,14.19,14.69,0.932,INR/bale,Dhan API v2 (Client 1112620458)
2025-12-30 10:00,2025-12-30,10,Cotton,42513.23,42633.68,120.44,0.2833,-177.21,12022,77687,42500,14.05,14.55,0.8855,INR/bale,Dhan API v2 (Client 1112620458)
2025-12-30 11:00,2025-12-30,11,Cotton,42314.05,42571.49,257.44,0.6084,137.0,1443,80229,42500,14.31,14.81,0.8885,INR/bale,Dhan API v2 (Client 1112620458)
2025-12-30 12:00,2025-12-30,12,Cotton,42538.71,42639.15,100.44,0.2361,-157.0,1604,79527,42500,14.16,14.66,0.9154,INR/bale,Dhan API v2 (Client 1112620458)
2025-12-30 13:00,2025-12-30,13,Cotton,42443.17,42665.78,222.61,0.5245,122.17,14617,79817,42500,14.38,14.88,0.898,INR/bale,Dhan API v2 (Client 1112620458)
2025-12-30 14:00,2025-12-30,14,Cotton,42272.46,42345.97,73.51,0.1739,-149.1,9944,79626,42500,14.36,14.86,0.9005,INR/bale,Dhan API v2 (Client 1112620458)
2025-12-30 15:00,2025-12-30,15,Cotton,42404.24,42458.03,53.79,0.1269,-19.72,14797,80086,42500,14.4,14.9,0.8932,INR/bale,Dhan API v2 (Client 1112620458)
2025-12-30 16:00,2025-12-30,16,Cotton,42485.03,42621.9,136.87,0.3221,83.08,5612,79525,42500,14.38,14.88,0.927,INR/bale,Dhan API v2 (Client 1112620458)
2025-12-30 17:00,2025-12-30,17,Cotton,42323.13,42571.94,248.81,0.5879,111.94,8096,80469,42500,14.29,14.79,0.9233,INR/bale,Dhan API v2 (Client 1112620458)
2025-12-30 18:00,2025-12-30,18,Cotton,42216.22,42424.42,208.2,0.4932,-40.61,14420,80565,42000,14.05,14.55,0.9055,INR/bale,Dhan API v2 (Client 1112620458)
2025-12-30 19:00,2025-12-30,19,Cotton,42230.9,42331.64,100.74,0.2385,-107.46,14446,78548,42000,14.8,15.3,0.9199,INR/bale,Dhan API v2 (Client 1112620458)
2025-12-30 20:00,2025-12-30,20,Cotton,42245.41,42545.63,300.22,0.7107,199.48,6330,77952,42000,14.27,14.77,0.9197,INR/bale,Dhan API v2 (Client 1112620458)
2025-12-30 21:00,2025-12-30,21,Cotton,42160.88,42214.93,54.04,0.1282,-246.18,1422,79168,42000,14.02,14.52,0.9081,INR/bale,Dhan API v2 (Client 1112620458)
2025-12-30 22:00,2025-12-30,22,Cotton,42354.83,42623.18,268.35,0.6336,214.31,11102,80236,42500,14.6,15.1,0.9026,INR/bale,Dhan API v2 (Client 1112620458)
2025-12-30 23:00,2025-12-30,23,Cotton,42252.95,42634.97,382.02,0.9041,113.67,4424,79994,42500,14.19,14.69,0.9278,INR/bale,Dhan API v2 (Client 1112620458)
2025-12-31 09:00,2025-12-31,9,Cotton,42154.76,42221.92,67.16,0.1593,-314.86,13382,79814,42000,14.04,14.54,0.9246,INR/bale,Dhan API v2 (Client 1112620458)
2025-12-31 10:00,2025-12-31,10,Cotton,42092.35,42311.97,219.62,0.5217,152.46,12253,79308,42000,14.0,14.5,0.9527,INR/bale,Dhan API v2 (Client 1112620458)
2025-12-31 11:00,2025-12-31,11,Cotton,42116.55,42329.64,213.09,0.506,-6.53,6470,77315,42000,14.49,14.99,0.9186,INR/bale,Dhan API v2 (Client 1112620458)
2025-12-31 12:00,2025-12-31,12,Cotton,42210.98,42212.91,1.92,0.0046,-211.17,14967,80488,42000,14.53,15.03,0.91,INR/bale,Dhan API v2 (Client 1112620458)
2025-12-31 13:00,2025-12-31,13,Cotton,42206.15,42293.06,86.91,0.2059,84.99,9782,78740,42000,14.71,15.21,0.9073,INR/bale,Dhan API v2 (Client 1112620458)
2025-12-31 14:00,2025-12-31,14,Cotton,42293.82,42448.01,154.19,0.3646,67.28,5141,80388,42500,14.46,14.96,0.9274,INR/bale,Dhan API v2 (Client 1112620458)
2025-12-31 15:00,2025-12-31,15,Cotton,42338.86,42534.02,195.16,0.4609,40.97,3202,80150,42500,14.54,15.04,0.9188,INR/bale,Dhan API v2 (Client 1112620458)
2025-12-31 16:00,2025-12-31,16,Cotton,42367.88,42607.54,239.67,0.5657,44.51,10948,78863,42500,14.24,14.74,0.9308,INR/bale,Dhan API v2 (Client 1112620458)
2025-12-31 17:00,2025-12-31,17,Cotton,42109.61,42494.54,384.92,0.9141,145.25,1170,81544,42000,14.25,14.75,0.9434,INR/bale,Dhan API v2 (Client 1112620458)
2025-12-31 18:00,2025-12-31,18,Cotton,42144.45,42307.25,162.8,0.3863,-222.12,3154,77332,42000,14.17,14.67,0.9419,INR/bale,Dhan API v2 (Client 1112620458)
2025-12-31 19:00,2025-12-31,19,Cotton,42101.13,42353.87,252.74,0.6003,89.94,4800,80227,42000,14.18,14.68,0.9243,INR/bale,Dhan API v2 (Client 1112620458)
2025-12-31 20:00,2025-12-31,20,Cotton,42184.84,42324.39,139.55,0.3308,-113.19,1250,79636,42000,14.47,14.97,0.9044,INR/bale,Dhan API v2 (Client 1112620458)
2025-12-31 21:00,2025-12-31,21,Cotton,42291.0,42513.34,222.34,0.5257,82.79,10563,79028,42500,14.35,14.85,0.9345,INR/bale,Dhan API v2 (Client 1112620458)
2025-12-31 22:00,2025-12-31,22,Cotton,42474.47,42597.23,122.75,0.289,-99.59,2181,80850,42500,14.6,15.1,0.8997,INR/bale,Dhan API v2 (Client 1112620458)
2025-12-31 23:00,2025-12-31,23,Cotton,42487.99,42654.95,166.96,0.393,44.21,7224,81040,42500,14.82,15.32,0.8858,INR/bale,Dhan API v2 (Client 1112620458)
2026-01-01 09:00,2026-01-01,9,Cotton,42518.56,42509.51,-9.05,-0.0213,-176.01,13696,79587,42500,14.19,14.69,0.9062,INR/bale,Dhan API v2 (Client 1112620458)
2026-01-01 10:00,2026-01-01,10,Cotton,42500.59,42555.38,54.79,0.1289,63.84,9383,80107,42500,14.31,14.81,0.9112,INR/bale,Dhan API v2 (Client 1112620458)
2026-01-01 11:00,2026-01-01,11,Cotton,42547.67,42838.13,290.46,0.6827,235.67,6182,79950,42500,14.05,14.55,0.8928,INR/bale,Dhan API v2 (Client 1112620458)
2026-01-01 12:00,2026-01-01,12,Cotton,42594.31,42836.05,241.74,0.5675,-48.72,3434,80187,42500,14.39,14.89,0.9427,INR/bale,Dhan API v2 (Client 1112620458)
2026-01-01 13:00,2026-01-01,13,Cotton,42593.03,42751.26,158.22,0.3715,-83.52,13161,81122,42500,14.35,14.85,0.9293,INR/bale,Dhan API v2 (Client 1112620458)
2026-01-01 14:00,2026-01-01,14,Cotton,42582.78,42656.7,73.92,0.1736,-84.3,9354,78484,42500,14.45,14.95,0.9301,INR/bale,Dhan API v2 (Client 1112620458)
2026-01-01 15:00,2026-01-01,15,Cotton,42676.06,42745.46,69.39,0.1626,-4.53,13326,79656,42500,13.84,14.34,0.9136,INR/bale,Dhan API v2 (Client 1112620458)
2026-01-01 16:00,2026-01-01,16,Cotton,42594.5,42786.54,192.04,0.4509,122.65,2184,78979,42500,14.6,15.1,0.9282,INR/bale,Dhan API v2 (Client 1112620458)
2026-01-01 17:00,2026-01-01,17,Cotton,42639.75,42836.72,196.97,0.4619,4.93,5833,79750,42500,14.8,15.3,0.9323,INR/bale,Dhan API v2 (Client 1112620458)
2026-01-01 18:00,2026-01-01,18,Cotton,42590.4,42757.3,166.9,0.3919,-30.07,6441,78195,42500,14.3,14.8,0.909,INR/bale,Dhan API v2 (Client 1112620458)
2026-01-01 19:00,2026-01-01,19,Cotton,42603.86,42705.31,101.45,0.2381,-65.45,1758,78591,42500,13.84,14.34,0.9381,INR/bale,Dhan API v2 (Client 1112620458)
2026-01-01 20:00,2026-01-01,20,Cotton,42608.95,42720.13,111.18,0.2609,9.73,8122,80603,42500,14.76,15.26,0.928,INR/bale,Dhan API v2 (Client 1112620458)
2026-01-01 21:00,2026-01-01,21,Cotton,42692.01,42867.67,175.65,0.4114,64.47,3606,80122,42500,14.5,15.0,0.8975,INR/bale,Dhan API v2 (Client 1112620458)
2026-01-01 22:00,2026-01-01,22,Cotton,42704.74,42833.33,128.59,0.3011,-47.06,5888,78392,42500,14.37,14.87,0.9439,INR/bale,Dhan API v2 (Client 1112620458)
2026-01-01 23:00,2026-01-01,23,Cotton,42873.1,43081.88,208.78,0.487,80.19,12546,79639,43000,14.84,15.34,0.9485,INR/bale,Dhan API v2 (Client 1112620458)
2026-01-02 09:00,2026-01-02,9,Cotton,42720.31,42940.42,220.12,0.5152,11.34,4203,78584,42500,14.3,14.8,0.9523,INR/bale,Dhan API v2 (Client 1112620458)
2026-01-02 10:00,2026-01-02,10,Cotton,42616.9,42811.57,194.67,0.4568,-25.45,14694,78177,42500,14.17,14.67,0.9081,INR/bale,Dhan API v2 (Client 1112620458)
2026-01-02 11:00,2026-01-02,11,Cotton,42608.61,42580.0,-28.6,-0.0671,-223.27,14653,79425,42500,14.48,14.98,0.9013,INR/bale,Dhan API v2 (Client 1112620458)
2026-01-02 12:00,2026-01-02,12,Cotton,42532.81,42527.45,-5.36,-0.0126,23.24,8885,80029,42500,14.05,14.55,0.8708,INR/bale,Dhan API v2 (Client 1112620458)
2026-01-02 13:00,2026-01-02,13,Cotton,42501.19,42516.39,15.2,0.0358,20.56,12205,80650,42500,14.4,14.9,0.9339,INR/bale,Dhan API v2 (Client 1112620458)
2026-01-02 14:00,2026-01-02,14,Cotton,42428.73,42600.73,172.0,0.4054,156.8,11902,81051,42500,14.2,14.7,0.9128,INR/bale,Dhan API v2 (Client 1112620458)
2026-01-02 15:00,2026-01-02,15,Cotton,42416.47,42672.37,255.91,0.6033,83.91,2054,79202,42500,14.57,15.07,0.9114,INR/bale,Dhan API v2 (Client 1112620458)
2026-01-02 16:00,2026-01-02,16,Cotton,42415.33,42564.05,148.72,0.3506,-107.19,14651,80060,42500,14.3,14.8,0.8981,INR/bale,Dhan API v2 (Client 1112620458)
2026-01-02 17:00,2026-01-02,17,Cotton,42508.39,42675.07,166.69,0.3921,17.97,8733,79460,42500,14.3,14.8,0.9263,INR/bale,Dhan API v2 (Client 1112620458)
2026-01-02 18:00,2026-01-02,18,Cotton,42474.96,42585.0,110.04,0.2591,-56.65,692,80362,42500,14.18,14.68,0.9137,INR/bale,Dhan API v2 (Client 1112620458)
2026-01-02 19:00,2026-01-02,19,Cotton,42538.89,42553.15,14.25,0.0335,-95.79,11227,79477,42500,14.66,15.16,0.8957,INR/bale,Dhan API v2 (Client 1112620458)
2026-01-02 20:00,2026-01-02,20,Cotton,42558.15,42663.56,105.41,0.2477,91.16,4454,79590,42500,14.05,14.55,0.882,INR/bale,Dhan API v2 (Client 1112620458)
2026-01-02 21:00,2026-01-02,21,Cotton,42597.41,42805.32,207.9,0.4881,102.49,4205,79073,42500,13.92,14.42,0.953,INR/bale,Dhan API v2 (Client 1112620458)
2026-01-02 22:00,2026-01-02,22,Cotton,42497.62,42708.74,211.13,0.4968,3.23,7701,79937,42500,14.25,14.75,0.9405,INR/bale,Dhan API v2 (Client 1112620458)
2026-01-02 23:00,2026-01-02,23,Cotton,42450.69,42462.2,11.51,0.0271,-199.62,14904,80551,42500,14.18,14.68,0.9446,INR/bale,Dhan API v2 (Client 1112620458)
2026-01-05 09:00,2026-01-05,9,Cotton,42438.39,42494.71,56.32,0.1327,44.81,7127,76968,42500,14.63,15.13,0.9196,INR/bale,Dhan API v2 (Client 1112620458)
2026-01-05 10:00,2026-01-05,10,Cotton,42454.83,42625.46,170.63,0.4019,114.31,4933,79868,42500,14.76,15.26,0.9229,INR/bale,Dhan API v2 (Client 1112620458)
2026-01-05 11:00,2026-01-05,11,Cotton,42331.67,42468.66,136.99,0.3236,-33.64,4072,78941,42500,14.39,14.89,0.9435,INR/bale,Dhan API v2 (Client 1112620458)
2026-01-05 12:00,2026-01-05,12,Cotton,42197.06,42282.73,85.67,0.203,-51.32,10043,78990,42000,14.1,14.6,0.9042,INR/bale,Dhan API v2 (Client 1112620458)
2026-01-05 13:00,2026-01-05,13,Cotton,41978.64,42006.48,27.84,0.0663,-57.83,7536,79914,42000,14.07,14.57,0.9016,INR/bale,Dhan API v2 (Client 1112620458)
2026-01-05 14:00,2026-01-05,14,Cotton,42000.27,42234.32,234.05,0.5573,206.21,8564,79664,42000,13.9,14.4,0.9363,INR/bale,Dhan API v2 (Client 1112620458)
2026-01-05 15:00,2026-01-05,15,Cotton,42037.04,42220.31,183.27,0.436,-50.78,1746,78949,42000,14.02,14.52,0.8686,INR/bale,Dhan API v2 (Client 1112620458)
2026-01-05 16:00,2026-01-05,16,Cotton,42032.6,42205.58,172.99,0.4116,-10.28,13498,80613,42000,14.49,14.99,0.9267,INR/bale,Dhan API v2 (Client 1112620458)
2026-01-05 17:00,2026-01-05,17,Cotton,42063.81,42233.78,169.97,0.4041,-3.02,4084,79825,42000,14.19,14.69,0.9073,INR/bale,Dhan API v2 (Client 1112620458)
2026-01-05 18:00,2026-01-05,18,Cotton,42259.51,42349.62,90.11,0.2132,-79.86,14506,81346,42500,13.86,14.36,0.928,INR/bale,Dhan API v2 (Client 1112620458)
2026-01-05 19:00,2026-01-05,19,Cotton,42290.56,42388.11,97.55,0.2307,7.44,655,80618,42500,14.4,14.9,0.9239,INR/bale,Dhan API v2 (Client 1112620458)
2026-01-05 20:00,2026-01-05,20,Cotton,42361.77,42473.12,111.35,0.2628,13.8,9582,79244,42500,14.15,14.65,0.9002,INR/bale,Dhan API v2 (Client 1112620458)
2026-01-05 21:00,2026-01-05,21,Cotton,42305.72,42463.23,157.51,0.3723,46.16,732,79603,42500,13.96,14.46,0.9249,INR/bale,Dhan API v2 (Client 1112620458)
2026-01-05 22:00,2026-01-05,22,Cotton,42369.49,42463.35,93.86,0.2215,-63.65,4064,80908,42500,14.35,14.85,0.896,INR/bale,Dhan API v2 (Client 1112620458)
2026-01-05 23:00,2026-01-05,23,Cotton,42353.43,42533.66,180.23,0.4255,86.37,5384,78707,42500,13.86,14.36,0.9219,INR/bale,Dhan API v2 (Client 1112620458)
2026-01-06 09:00,2026-01-06,9,Cotton,42501.02,42690.01,188.99,0.4447,8.76,3286,78675,42500,14.0,14.5,0.9467,INR/bale,Dhan API v2 (Client 1112620458)
2026-01-06 10:00,2026-01-06,10,Cotton,42364.95,42528.93,163.98,0.3871,-25.01,12749,80794,42500,14.23,14.73,0.9432,INR/bale,Dhan API v2 (Client 1112620458)
2026-01-06 11:00,2026-01-06,11,Cotton,42452.24,42435.38,-16.86,-0.0397,-180.84,5801,78848,42500,14.86,15.36,0.8799,INR/bale,Dhan API v2 (Client 1112620458)
2026-01-06 12:00,2026-01-06,12,Cotton,42352.64,42456.76,104.12,0.2458,120.98,7358,80669,42500,14.95,15.45,0.9161,INR/bale,Dhan API v2 (Client 1112620458)
2026-01-06 13:00,2026-01-06,13,Cotton,42369.67,42424.46,54.79,0.1293,-49.33,4428,80954,42500,13.8,14.3,0.9285,INR/bale,Dhan API v2 (Client 1112620458)
2026-01-06 14:00,2026-01-06,14,Cotton,42314.19,42451.65,137.46,0.3249,82.67,13450,79544,42500,14.32,14.82,0.8869,INR/bale,Dhan API v2 (Client 1112620458)
2026-01-06 15:00,2026-01-06,15,Cotton,42320.84,42410.3,89.47,0.2114,-47.99,726,78831,42500,13.84,14.34,0.9367,INR/bale,Dhan API v2 (Client 1112620458)
2026-01-06 16:00,2026-01-06,16,Cotton,42285.65,42541.63,255.98,0.6054,166.51,6754,79006,42500,14.01,14.51,0.9629,INR/bale,Dhan API v2 (Client 1112620458)
2026-01-06 17:00,2026-01-06,17,Cotton,42427.62,42717.08,289.46,0.6823,33.48,11314,81055,42500,14.58,15.08,0.9071,INR/bale,Dhan API v2 (Client 1112620458)
2026-01-06 18:00,2026-01-06,18,Cotton,42591.08,42625.98,34.9,0.0819,-254.56,3585,80274,42500,14.47,14.97,0.9174,INR/bale,Dhan API v2 (Client 1112620458)
2026-01-06 19:00,2026-01-06,19,Cotton,42397.05,42558.09,161.04,0.3798,126.14,7826,79831,42500,14.32,14.82,0.9106,INR/bale,Dhan API v2 (Client 1112620458)
2026-01-06 20:00,2026-01-06,20,Cotton,42348.21,42471.18,122.97,0.2904,-38.07,11365,78971,42500,14.66,15.16,0.9261,INR/bale,Dhan API v2 (Client 1112620458)
2026-01-06 21:00,2026-01-06,21,Cotton,42430.05,42526.05,95.99,0.2262,-26.98,2819,81060,42500,14.14,14.64,0.9322,INR/bale,Dhan API v2 (Client 1112620458)
2026-01-06 22:00,2026-01-06,22,Cotton,42470.8,42689.35,218.55,0.5146,122.56,8436,80466,42500,14.12,14.62,0.9241,INR/bale,Dhan API v2 (Client 1112620458)
2026-01-06 23:00,2026-01-06,23,Cotton,42315.23,42431.77,116.54,0.2754,-102.01,11567,80051,42500,14.13,14.63,0.9231,INR/bale,Dhan API v2 (Client 1112620458)
2026-01-07 09:00,2026-01-07,9,Cotton,42395.99,42460.49,64.5,0.1521,-52.04,7255,79429,42500,14.19,14.69,0.9439,INR/bale,Dhan API v2 (Client 1112620458)
2026-01-07 10:00,2026-01-07,10,Cotton,42360.93,42386.43,25.5,0.0602,-39.0,7362,79520,42500,14.17,14.67,0.9038,INR/bale,Dhan API v2 (Client 1112620458)
2026-01-07 11:00,2026-01-07,11,Cotton,42512.82,42587.18,74.36,0.1749,48.86,7595,77966,42500,14.72,15.22,0.9148,INR/bale,Dhan API v2 (Client 1112620458)
2026-01-07 12:00,2026-01-07,12,Cotton,42594.86,42614.95,20.09,0.0472,-54.27,11847,79824,42500,14.46,14.96,0.9268,INR/bale,Dhan API v2 (Client 1112620458)
2026-01-07 13:00,2026-01-07,13,Cotton,42733.9,42792.65,58.76,0.1375,38.67,5171,80165,42500,14.85,15.35,0.9282,INR/bale,Dhan API v2 (Client 1112620458)
2026-01-07 14:00,2026-01-07,14,Cotton,42813.23,42819.88,6.64,0.0155,-52.12,7261,79128,43000,13.78,14.28,0.8729,INR/bale,Dhan API v2 (Client 1112620458)
2026-01-07 15:00,2026-01-07,15,Cotton,42823.43,43012.2,188.76,0.4408,182.12,8517,81300,43000,14.62,15.12,0.9329,INR/bale,Dhan API v2 (Client 1112620458)
2026-01-07 16:00,2026-01-07,16,Cotton,42687.8,42683.06,-4.75,-0.0111,-193.51,3503,79203,42500,14.16,14.66,0.9116,INR/bale,Dhan API v2 (Client 1112620458)
2026-01-07 17:00,2026-01-07,17,Cotton,42773.93,42868.06,94.13,0.2201,98.88,4297,80856,43000,14.2,14.7,0.8977,INR/bale,Dhan API v2 (Client 1112620458)
2026-01-07 18:00,2026-01-07,18,Cotton,42825.59,42942.33,116.74,0.2726,22.61,13542,78834,43000,14.61,15.11,0.9109,INR/bale,Dhan API v2 (Client 1112620458)
2026-01-07 19:00,2026-01-07,19,Cotton,42709.15,42839.02,129.87,0.3041,13.13,9596,79085,42500,14.35,14.85,0.8847,INR/bale,Dhan API v2 (Client 1112620458)
2026-01-07 20:00,2026-01-07,20,Cotton,42605.43,42741.69,136.27,0.3198,6.4,10232,80077,42500,14.3,14.8,0.9393,INR/bale,Dhan API v2 (Client 1112620458)
2026-01-07 21:00,2026-01-07,21,Cotton,42549.45,42655.02,105.57,0.2481,-30.7,6984,80343,42500,14.46,14.96,0.9024,INR/bale,Dhan API v2 (Client 1112620458)
2026-01-07 22:00,2026-01-07,22,Cotton,42598.27,42535.65,-62.62,-0.147,-168.19,6821,80393,42500,14.81,15.31,0.933,INR/bale,Dhan API v2 (Client 1112620458)
2026-01-07 23:00,2026-01-07,23,Cotton,42646.82,42727.96,81.14,0.1903,143.76,12581,79857,42500,14.39,14.89,0.9236,INR/bale,Dhan API v2 (Client 1112620458)
2026-01-08 09:00,2026-01-08,9,Cotton,42443.78,42519.57,75.79,0.1786,-5.35,10467,78864,42500,14.52,15.02,0.8911,INR/bale,Dhan API v2 (Client 1112620458)
2026-01-08 10:00,2026-01-08,10,Cotton,42497.71,42666.24,168.53,0.3966,92.74,9001,81733,42500,14.59,15.09,0.9234,INR/bale,Dhan API v2 (Client 1112620458)
2026-01-08 11:00,2026-01-08,11,Cotton,42280.47,42429.42,148.94,0.3523,-19.59,8925,77585,42500,14.62,15.12,0.9426,INR/bale,Dhan API v2 (Client 1112620458)
2026-01-08 12:00,2026-01-08,12,Cotton,42304.32,42502.57,198.24,0.4686,49.3,11342,78462,42500,14.31,14.81,0.8778,INR/bale,Dhan API v2 (Client 1112620458)
2026-01-08 13:00,2026-01-08,13,Cotton,42389.11,42480.46,91.35,0.2155,-106.89,4095,79569,42500,14.55,15.05,0.9197,INR/bale,Dhan API v2 (Client 1112620458)
2026-01-08 14:00,2026-01-08,14,Cotton,42482.44,42511.08,28.64,0.0674,-62.71,13336,79868,42500,14.17,14.67,0.9103,INR/bale,Dhan API v2 (Client 1112620458)
2026-01-08 15:00,2026-01-08,15,Cotton,42420.78,42584.85,164.07,0.3868,135.43,9515,80007,42500,14.88,15.38,0.8905,INR/bale,Dhan API v2 (Client 1112620458)
2026-01-08 16:00,2026-01-08,16,Cotton,42371.96,42543.66,171.7,0.4052,7.63,6222,80698,42500,14.78,15.28,0.9251,INR/bale,Dhan API v2 (Client 1112620458)
2026-01-08 17:00,2026-01-08,17,Cotton,42248.66,42521.49,272.83,0.6458,101.13,13964,80707,42000,14.27,14.77,0.9127,INR/bale,Dhan API v2 (Client 1112620458)
2026-01-08 18:00,2026-01-08,18,Cotton,42394.76,42523.2,128.44,0.303,-144.39,6950,78959,42500,14.14,14.64,0.917,INR/bale,Dhan API v2 (Client 1112620458)
2026-01-08 19:00,2026-01-08,19,Cotton,42261.7,42386.62,124.92,0.2956,-3.52,5568,79133,42500,14.78,15.28,0.895,INR/bale,Dhan API v2 (Client 1112620458)
2026-01-08 20:00,2026-01-08,20,Cotton,42343.53,42450.42,106.89,0.2524,-18.03,6486,78193,42500,14.1,14.6,0.8912,INR/bale,Dhan API v2 (Client 1112620458)
2026-01-08 21:00,2026-01-08,21,Cotton,42397.12,42492.52,95.39,0.225,-11.5,4547,79474,42500,14.9,15.4,0.9176,INR/bale,Dhan API v2 (Client 1112620458)
2026-01-08 22:00,2026-01-08,22,Cotton,42447.11,42536.94,89.83,0.2116,-5.56,14070,79798,42500,14.34,14.84,0.9111,INR/bale,Dhan API v2 (Client 1112620458)
2026-01-08 23:00,2026-01-08,23,Cotton,42615.05,42783.93,168.88,0.3963,79.05,10655,77390,42500,14.53,15.03,0.9171,INR/bale,Dhan API v2 (Client 1112620458)
2026-01-09 09:00,2026-01-09,9,Cotton,42722.19,42844.8,122.61,0.287,-46.27,5860,80098,42500,14.38,14.88,0.932,INR/bale,Dhan API v2 (Client 1112620458)
2026-01-09 10:00,2026-01-09,10,Cotton,42732.68,42881.65,148.97,0.3486,26.36,8541,79257,42500,14.37,14.87,0.9424,INR/bale,Dhan API v2 (Client 1112620458)
2026-01-09 11:00,2026-01-09,11,Cotton,42805.73,42911.53,105.8,0.2472,-43.17,8400,78795,43000,14.75,15.25,0.9158,INR/bale,Dhan API v2 (Client 1112620458)
2026-01-09 12:00,2026-01-09,12,Cotton,42626.63,42573.61,-53.02,-0.1244,-158.82,14712,78863,42500,13.94,14.44,0.9185,INR/bale,Dhan API v2 (Client 1112620458)
2026-01-09 13:00,2026-01-09,13,Cotton,42560.55,42792.24,231.69,0.5444,284.71,873,80072,42500,14.27,14.77,0.9088,INR/bale,Dhan API v2 (Client 1112620458)
2026-01-09 14:00,2026-01-09,14,Cotton,42590.72,42523.25,-67.47,-0.1584,-299.16,503,80601,42500,14.67,15.17,0.876,INR/bale,Dhan API v2 (Client 1112620458)
2026-01-09 15:00,2026-01-09,15,Cotton,42456.11,42672.81,216.7,0.5104,284.17,9624,79185,42500,14.17,14.67,0.9051,INR/bale,Dhan API v2 (Client 1112620458)
2026-01-09 16:00,2026-01-09,16,Cotton,42355.55,42503.69,148.15,0.3498,-68.55,8120,79136,42500,14.43,14.93,0.9271,INR/bale,Dhan API v2 (Client 1112620458)
2026-01-09 17:00,2026-01-09,17,Cotton,42434.69,42596.73,162.04,0.3819,13.89,3692,79700,42500,14.69,15.19,0.9526,INR/bale,Dhan API v2 (Client 1112620458)
2026-01-09 18:00,2026-01-09,18,Cotton,42418.81,42454.66,35.85,0.0845,-126.19,11749,79545,42500,14.41,14.91,0.9136,INR/bale,Dhan API v2 (Client 1112620458)
2026-01-09 19:00,2026-01-09,19,Cotton,42359.48,42415.24,55.77,0.1317,19.92,10758,77827,42500,14.45,14.95,0.8851,INR/bale,Dhan API v2 (Client 1112620458)
2026-01-09 20:00,2026-01-09,20,Cotton,42306.6,42393.99,87.39,0.2066,31.62,6628,79853,42500,14.33,14.83,0.9151,INR/bale,Dhan API v2 (Client 1112620458)
2026-01-09 21:00,2026-01-09,21,Cotton,42259.34,42268.01,8.67,0.0205,-78.72,8852,78078,42500,13.55,14.05,0.8943,INR/bale,Dhan API v2 (Client 1112620458)
2026-01-09 22:00,2026-01-09,22,Cotton,42417.72,42463.97,46.25,0.109,37.58,8078,80851,42500,13.93,14.43,0.8952,INR/bale,Dhan API v2 (Client 1112620458)
2026-01-09 23:00,2026-01-09,23,Cotton,42590.17,42721.04,130.87,0.3073,84.62,14660,79517,42500,14.54,15.04,0.9233,INR/bale,Dhan API v2 (Client 1112620458)
2026-01-12 09:00,2026-01-12,9,Cotton,42707.9,42852.35,144.46,0.3382,13.59,12386,80503,42500,14.09,14.59,0.9305,INR/bale,Dhan API v2 (Client 1112620458)
2026-01-12 10:00,2026-01-12,10,Cotton,42592.13,42673.82,81.69,0.1918,-62.77,12147,78666,42500,13.98,14.48,0.9047,INR/bale,Dhan API v2 (Client 1112620458)
2026-01-12 11:00,2026-01-12,11,Cotton,42553.02,42782.45,229.43,0.5392,147.74,11588,80280,42500,14.81,15.31,0.9526,INR/bale,Dhan API v2 (Client 1112620458)
2026-01-12 12:00,2026-01-12,12,Cotton,42548.57,42613.46,64.9,0.1525,-164.53,12138,78936,42500,14.2,14.7,0.9341,INR/bale,Dhan API v2 (Client 1112620458)
2026-01-12 13:00,2026-01-12,13,Cotton,42499.38,42488.88,-10.5,-0.0247,-75.4,11440,79803,42500,14.17,14.67,0.8946,INR/bale,Dhan API v2 (Client 1112620458)
2026-01-12 14:00,2026-01-12,14,Cotton,42468.19,42515.07,46.88,0.1104,57.38,13922,79621,42500,13.93,14.43,0.9018,INR/bale,Dhan API v2 (Client 1112620458)
2026-01-12 15:00,2026-01-12,15,Cotton,42471.63,42515.13,43.5,0.1024,-3.38,2882,79646,42500,14.46,14.96,0.9091,INR/bale,Dhan API v2 (Client 1112620458)
2026-01-12 16:00,2026-01-12,16,Cotton,42261.72,42259.82,-1.9,-0.0045,-45.4,3673,79523,42500,14.56,15.06,0.8984,INR/bale,Dhan API v2 (Client 1112620458)
2026-01-12 17:00,2026-01-12,17,Cotton,42211.06,42324.52,113.46,0.2688,115.36,4784,78659,42000,14.45,14.95,0.9394,INR/bale,Dhan API v2 (Client 1112620458)
2026-01-12 18:00,2026-01-12,18,Cotton,42134.72,42134.66,-0.06,-0.0001,-113.52,10086,78646,42000,13.82,14.32,0.8904,INR/bale,Dhan API v2 (Client 1112620458)
2026-01-12 19:00,2026-01-12,19,Cotton,42010.36,42153.06,142.7,0.3397,142.76,2273,78695,42000,14.77,15.27,0.9163,INR/bale,Dhan API v2 (Client 1112620458)
2026-01-12 20:00,2026-01-12,20,Cotton,41894.21,41946.78,52.57,0.1255,-90.13,9559,81451,42000,13.99,14.49,0.9452,INR/bale,Dhan API v2 (Client 1112620458)
2026-01-12 21:00,2026-01-12,21,Cotton,41767.83,41857.76,89.93,0.2153,37.36,10211,80780,42000,14.26,14.76,0.9031,INR/bale,Dhan API v2 (Client 1112620458)
2026-01-12 22:00,2026-01-12,22,Cotton,41755.35,41847.64,92.29,0.221,2.36,3047,79573,42000,14.75,15.25,0.9209,INR/bale,Dhan API v2 (Client 1112620458)
2026-01-12 23:00,2026-01-12,23,Cotton,42020.26,42085.73,65.46,0.1558,-26.83,10639,79579,42000,14.38,14.88,0.9295,INR/bale,Dhan API v2 (Client 1112620458)
2026-01-13 09:00,2026-01-13,9,Cotton,41947.69,42079.06,131.36,0.3132,65.9,10500,78318,42000,14.38,14.88,0.9207,INR/bale,Dhan API v2 (Client 1112620458)
2026-01-13 10:00,2026-01-13,10,Cotton,42021.84,42127.42,105.58,0.2513,-25.78,2896,80079,42000,14.54,15.04,0.9101,INR/bale,Dhan API v2 (Client 1112620458)
2026-01-13 11:00,2026-01-13,11,Cotton,42147.4,42187.97,40.57,0.0963,-65.01,955,77702,42000,14.59,15.09,0.9065,INR/bale,Dhan API v2 (Client 1112620458)
2026-01-13 12:00,2026-01-13,12,Cotton,42094.63,42135.85,41.22,0.0979,0.65,6189,78533,42000,14.88,15.38,0.9166,INR/bale,Dhan API v2 (Client 1112620458)
2026-01-13 13:00,2026-01-13,13,Cotton,41929.82,41979.22,49.39,0.1178,8.17,2292,80016,42000,14.46,14.96,0.935,INR/bale,Dhan API v2 (Client 1112620458)
2026-01-13 14:00,2026-01-13,14,Cotton,41925.86,42007.15,81.29,0.1939,31.9,8453,81257,42000,14.22,14.72,0.8921,INR/bale,Dhan API v2 (Client 1112620458)
2026-01-13 15:00,2026-01-13,15,Cotton,41844.51,41956.62,112.11,0.2679,30.82,1041,80768,42000,14.51,15.01,0.9183,INR/bale,Dhan API v2 (Client 1112620458)
2026-01-13 16:00,2026-01-13,16,Cotton,41858.41,41791.28,-67.14,-0.1604,-179.25,2551,77634,42000,14.25,14.75,0.9354,INR/bale,Dhan API v2 (Client 1112620458)
2026-01-13 17:00,2026-01-13,17,Cotton,41729.05,41771.55,42.5,0.1019,109.64,6116,80814,41500,14.32,14.82,0.923,INR/bale,Dhan API v2 (Client 1112620458)
2026-01-13 18:00,2026-01-13,18,Cotton,41667.19,41898.44,231.25,0.555,188.75,1579,79244,41500,14.24,14.74,0.911,INR/bale,Dhan API v2 (Client 1112620458)
2026-01-13 19:00,2026-01-13,19,Cotton,41808.99,41982.42,173.43,0.4148,-57.82,1901,79729,42000,14.48,14.98,0.9183,INR/bale,Dhan API v2 (Client 1112620458)
2026-01-13 20:00,2026-01-13,20,Cotton,41894.45,42074.59,180.14,0.43,6.71,7021,79985,42000,14.38,14.88,0.9329,INR/bale,Dhan API v2 (Client 1112620458)
2026-01-13 21:00,2026-01-13,21,Cotton,41887.06,42012.34,125.28,0.2991,-54.86,7922,78515,42000,14.39,14.89,0.9073,INR/bale,Dhan API v2 (Client 1112620458)
2026-01-13 22:00,2026-01-13,22,Cotton,42050.11,42333.29,283.18,0.6734,157.9,14549,80989,42000,14.21,14.71,0.9239,INR/bale,Dhan API v2 (Client 1112620458)
2026-01-13 23:00,2026-01-13,23,Cotton,41898.26,42133.34,235.08,0.5611,-48.1,9966,80402,42000,15.27,15.77,0.9071,INR/bale,Dhan API v2 (Client 1112620458)
2026-01-14 09:00,2026-01-14,9,Cotton,41867.09,41915.53,48.43,0.1157,-186.65,1296,76928,42000,14.51,15.01,0.9264,INR/bale,Dhan API v2 (Client 1112620458)
2026-01-14 10:00,2026-01-14,10,Cotton,41871.37,41869.7,-1.67,-0.004,-50.1,6419,77625,42000,15.07,15.57,0.9424,INR/bale,Dhan API v2 (Client 1112620458)
2026-01-14 11:00,2026-01-14,11,Cotton,41742.3,41845.39,103.1,0.247,104.77,12318,78665,41500,14.28,14.78,0.9074,INR/bale,Dhan API v2 (Client 1112620458)
2026-01-14 12:00,2026-01-14,12,Cotton,41756.82,41802.6,45.77,0.1096,-57.33,8632,79847,42000,14.47,14.97,0.9197,INR/bale,Dhan API v2 (Client 1112620458)
2026-01-14 13:00,2026-01-14,13,Cotton,41954.28,41937.94,-16.33,-0.0389,-62.1,2112,79351,42000,14.17,14.67,0.9522,INR/bale,Dhan API v2 (Client 1112620458)
2026-01-14 14:00,2026-01-14,14,Cotton,41909.68,41966.08,56.4,0.1346,72.73,12820,79175,42000,14.42,14.92,0.9078,INR/bale,Dhan API v2 (Client 1112620458)
2026-01-14 15:00,2026-01-14,15,Cotton,41834.24,42029.2,194.96,0.466,138.56,14190,79402,42000,14.85,15.35,0.9307,INR/bale,Dhan API v2 (Client 1112620458)
2026-01-14 16:00,2026-01-14,16,Cotton,41871.18,42034.02,162.84,0.3889,-32.12,9681,78973,42000,14.11,14.61,0.9075,INR/bale,Dhan API v2 (Client 1112620458)
2026-01-14 17:00,2026-01-14,17,Cotton,41866.58,41858.09,-8.49,-0.0203,-171.33,2331,80718,42000,14.52,15.02,0.9317,INR/bale,Dhan API v2 (Client 1112620458)
2026-01-14 18:00,2026-01-14,18,Cotton,41964.32,42061.79,97.47,0.2323,105.96,3472,78583,42000,14.13,14.63,0.9055,INR/bale,Dhan API v2 (Client 1112620458)
2026-01-14 19:00,2026-01-14,19,Cotton,41902.39,41917.05,14.66,0.035,-82.81,873,80532,42000,14.13,14.63,0.9372,INR/bale,Dhan API v2 (Client 1112620458)
2026-01-14 20:00,2026-01-14,20,Cotton,42053.25,42088.25,35.01,0.0832,20.35,1210,79489,42000,14.8,15.3,0.8975,INR/bale,Dhan API v2 (Client 1112620458)
2026-01-14 21:00,2026-01-14,21,Cotton,42151.07,42260.36,109.29,0.2593,74.28,11147,79463,42000,14.23,14.73,0.9049,INR/bale,Dhan API v2 (Client 1112620458)
2026-01-14 22:00,2026-01-14,22,Cotton,42169.9,42305.55,135.65,0.3217,26.36,14749,78793,42000,14.38,14.88,0.9298,INR/bale,Dhan API v2 (Client 1112620458)
2026-01-14 23:00,2026-01-14,23,Cotton,42107.72,42072.97,-34.75,-0.0825,-170.4,13113,80264,42000,14.1,14.6,0.9169,INR/bale,Dhan API v2 (Client 1112620458)
2026-01-15 09:00,2026-01-15,9,Cotton,42213.4,42250.97,37.57,0.089,72.32,2194,77708,42000,13.86,14.36,0.8788,INR/bale,Dhan API v2 (Client 1112620458)
2026-01-15 10:00,2026-01-15,10,Cotton,42395.51,42370.51,-24.99,-0.059,-62.56,12435,79243,42500,14.5,15.0,0.9482,INR/bale,Dhan API v2 (Client 1112620458)
2026-01-15 11:00,2026-01-15,11,Cotton,42425.39,42510.61,85.22,0.2009,110.21,14592,80210,42500,14.25,14.75,0.9446,INR/bale,Dhan API v2 (Client 1112620458)
2026-01-15 12:00,2026-01-15,12,Cotton,42462.82,42445.3,-17.53,-0.0413,-102.75,6206,77769,42500,14.18,14.68,0.9512,INR/bale,Dhan API v2 (Client 1112620458)
2026-01-15 13:00,2026-01-15,13,Cotton,42522.63,42554.09,31.47,0.074,49.0,9461,80219,42500,14.32,14.82,0.9031,INR/bale,Dhan API v2 (Client 1112620458)
2026-01-15 14:00,2026-01-15,14,Cotton,42541.7,42661.12,119.41,0.2807,87.94,4684,79113,42500,14.27,14.77,0.9559,INR/bale,Dhan API v2 (Client 1112620458)
2026-01-15 15:00,2026-01-15,15,Cotton,42390.22,42483.49,93.27,0.22,-26.14,5874,78873,42500,14.6,15.1,0.939,INR/bale,Dhan API v2 (Client 1112620458)
2026-01-15 16:00,2026-01-15,16,Cotton,42317.62,42406.72,89.11,0.2106,-4.16,11630,78854,42500,14.53,15.03,0.9409,INR/bale,Dhan API v2 (Client 1112620458)
2026-01-15 17:00,2026-01-15,17,Cotton,42270.0,42402.52,132.52,0.3135,43.41,9860,78385,42500,14.26,14.76,0.9147,INR/bale,Dhan API v2 (Client 1112620458)
2026-01-15 18:00,2026-01-15,18,Cotton,42281.79,42396.58,114.8,0.2715,-17.72,5244,79965,42500,14.42,14.92,0.9232,INR/bale,Dhan API v2 (Client 1112620458)
2026-01-15 19:00,2026-01-15,19,Cotton,42193.19,42354.85,161.66,0.3831,46.86,5315,80256,42000,14.43,14.93,0.9032,INR/bale,Dhan API v2 (Client 1112620458)
2026-01-15 20:00,2026-01-15,20,Cotton,42056.97,41987.78,-69.19,-0.1645,-230.85,8443,80905,42000,14.46,14.96,0.9422,INR/bale,Dhan API v2 (Client 1112620458)
2026-01-15 21:00,2026-01-15,21,Cotton,42095.91,42131.24,35.33,0.0839,104.52,10366,78827,42000,14.84,15.34,0.9081,INR/bale,Dhan API v2 (Client 1112620458)
2026-01-15 22:00,2026-01-15,22,Cotton,42236.97,42386.36,149.39,0.3537,114.06,11091,79925,42000,14.14,14.64,0.957,INR/bale,Dhan API v2 (Client 1112620458)
2026-01-15 23:00,2026-01-15,23,Cotton,42095.67,42158.24,62.57,0.1486,-86.82,2571,80274,42000,14.11,14.61,0.9302,INR/bale,Dhan API v2 (Client 1112620458)
2026-01-16 09:00,2026-01-16,9,Cotton,42086.97,42058.36,-28.61,-0.068,-91.18,10359,80474,42000,14.66,15.16,0.9177,INR/bale,Dhan API v2 (Client 1112620458)
2026-01-16 10:00,2026-01-16,10,Cotton,42035.31,42082.6,47.3,0.1125,75.91,1407,78927,42000,14.11,14.61,0.9316,INR/bale,Dhan API v2 (Client 1112620458)
2026-01-16 11:00,2026-01-16,11,Cotton,41859.22,41954.57,95.35,0.2278,48.05,10531,79925,42000,14.24,14.74,0.9251,INR/bale,Dhan API v2 (Client 1112620458)
2026-01-16 12:00,2026-01-16,12,Cotton,41721.8,41725.88,4.08,0.0098,-91.27,9065,78643,41500,14.73,15.23,0.9082,INR/bale,Dhan API v2 (Client 1112620458)
2026-01-16 13:00,2026-01-16,13,Cotton,41574.25,41707.0,132.75,0.3193,128.67,2287,79172,41500,14.45,14.95,0.9115,INR/bale,Dhan API v2 (Client 1112620458)
2026-01-16 14:00,2026-01-16,14,Cotton,41693.48,41700.58,7.09,0.017,-125.66,5770,79353,41500,14.39,14.89,0.9558,INR/bale,Dhan API v2 (Client 1112620458)
2026-01-16 15:00,2026-01-16,15,Cotton,41798.37,41771.02,-27.35,-0.0654,-34.44,8100,79568,42000,13.63,14.13,0.8942,INR/bale,Dhan API v2 (Client 1112620458)
2026-01-16 16:00,2026-01-16,16,Cotton,41731.99,41858.95,126.96,0.3042,154.31,623,80277,41500,14.33,14.83,0.9143,INR/bale,Dhan API v2 (Client 1112620458)
2026-01-16 17:00,2026-01-16,17,Cotton,41811.27,41879.52,68.24,0.1632,-58.72,12053,79091,42000,14.77,15.27,0.891,INR/bale,Dhan API v2 (Client 1112620458)
2026-01-16 18:00,2026-01-16,18,Cotton,41922.12,42009.4,87.28,0.2082,19.04,4197,81839,42000,14.35,14.85,0.9333,INR/bale,Dhan API v2 (Client 1112620458)
2026-01-16 19:00,2026-01-16,19,Cotton,41968.0,42172.92,204.92,0.4883,117.64,10845,77865,42000,14.6,15.1,0.9382,INR/bale,Dhan API v2 (Client 1112620458)
2026-01-16 20:00,2026-01-16,20,Cotton,41970.94,42034.29,63.34,0.1509,-141.58,1715,81230,42000,14.25,14.75,0.9159,INR/bale,Dhan API v2 (Client 1112620458)
2026-01-16 21:00,2026-01-16,21,Cotton,41760.6,41960.75,200.14,0.4793,136.8,6134,79465,42000,14.02,14.52,0.9163,INR/bale,Dhan API v2 (Client 1112620458)
2026-01-16 22:00,2026-01-16,22,Cotton,41896.86,41932.88,36.02,0.086,-164.12,3341,79226,42000,14.38,14.88,0.9395,INR/bale,Dhan API v2 (Client 1112620458)
2026-01-16 23:00,2026-01-16,23,Cotton,41758.37,41807.83,49.46,0.1185,13.44,10361,77638,42000,14.47,14.97,0.9078,INR/bale,Dhan API v2 (Client 1112620458)
2026-01-19 09:00,2026-01-19,9,Cotton,41660.76,41777.65,116.89,0.2806,67.43,8824,80341,41500,14.61,15.11,0.9382,INR/bale,Dhan API v2 (Client 1112620458)
2026-01-19 10:00,2026-01-19,10,Cotton,41745.88,41716.55,-29.33,-0.0703,-146.22,5233,79132,41500,14.42,14.92,0.9018,INR/bale,Dhan API v2 (Client 1112620458)
2026-01-19 11:00,2026-01-19,11,Cotton,41638.15,41749.94,111.79,0.2685,141.12,9953,79302,41500,14.17,14.67,0.8951,INR/bale,Dhan API v2 (Client 1112620458)
2026-01-19 12:00,2026-01-19,12,Cotton,41489.63,41512.23,22.6,0.0545,-89.19,14731,80043,41500,14.71,15.21,0.911,INR/bale,Dhan API v2 (Client 1112620458)
2026-01-19 13:00,2026-01-19,13,Cotton,41627.4,41661.45,34.05,0.0818,11.45,11196,80286,41500,14.23,14.73,0.8871,INR/bale,Dhan API v2 (Client 1112620458)
2026-01-19 14:00,2026-01-19,14,Cotton,41513.28,41617.05,103.77,0.25,69.72,861,79181,41500,14.55,15.05,0.8884,INR/bale,Dhan API v2 (Client 1112620458)
2026-01-19 15:00,2026-01-19,15,Cotton,41617.18,41702.28,85.11,0.2045,-18.66,4708,78718,41500,14.18,14.68,0.8897,INR/bale,Dhan API v2 (Client 1112620458)
2026-01-19 16:00,2026-01-19,16,Cotton,41774.2,41833.2,59.0,0.1412,-26.11,2522,79353,42000,14.3,14.8,0.8916,INR/bale,Dhan API v2 (Client 1112620458)
2026-01-19 17:00,2026-01-19,17,Cotton,41679.41,41870.17,190.76,0.4577,131.76,1934,80290,41500,14.04,14.54,0.9136,INR/bale,Dhan API v2 (Client 1112620458)
2026-01-19 18:00,2026-01-19,18,Cotton,41733.08,41852.2,119.12,0.2854,-71.64,14113,80577,41500,14.46,14.96,0.9336,INR/bale,Dhan API v2 (Client 1112620458)
2026-01-19 19:00,2026-01-19,19,Cotton,41767.06,41933.35,166.29,0.3981,47.17,2562,78339,42000,13.73,14.23,0.9311,INR/bale,Dhan API v2 (Client 1112620458)
2026-01-19 20:00,2026-01-19,20,Cotton,41773.4,41784.19,10.79,0.0258,-155.5,10848,79388,42000,14.06,14.56,0.9154,INR/bale,Dhan API v2 (Client 1112620458)
2026-01-19 21:00,2026-01-19,21,Cotton,41734.59,41764.65,30.06,0.072,19.27,12676,79807,41500,14.1,14.6,0.9461,INR/bale,Dhan API v2 (Client 1112620458)
2026-01-19 22:00,2026-01-19,22,Cotton,41670.61,41665.35,-5.26,-0.0126,-35.32,1303,80294,41500,14.17,14.67,0.9142,INR/bale,Dhan API v2 (Client 1112620458)
2026-01-19 23:00,2026-01-19,23,Cotton,41621.82,41644.31,22.49,0.054,27.75,10488,79345,41500,14.72,15.22,0.8875,INR/bale,Dhan API v2 (Client 1112620458)
2026-01-20 09:00,2026-01-20,9,Cotton,41720.09,41830.86,110.77,0.2655,88.28,14595,79816,41500,14.53,15.03,0.9253,INR/bale,Dhan API v2 (Client 1112620458)
2026-01-20 10:00,2026-01-20,10,Cotton,41827.21,41944.11,116.91,0.2795,6.14,4491,80698,42000,14.31,14.81,0.9324,INR/bale,Dhan API v2 (Client 1112620458)
2026-01-20 11:00,2026-01-20,11,Cotton,41864.05,41897.9,33.85,0.0809,-83.06,10554,80049,42000,14.21,14.71,0.8645,INR/bale,Dhan API v2 (Client 1112620458)
2026-01-20 12:00,2026-01-20,12,Cotton,41828.28,41908.1,79.81,0.1908,45.96,6851,78587,42000,14.19,14.69,0.9169,INR/bale,Dhan API v2 (Client 1112620458)
2026-01-20 13:00,2026-01-20,13,Cotton,41734.89,41744.02,9.13,0.0219,-70.68,12252,80686,41500,14.12,14.62,0.9351,INR/bale,Dhan API v2 (Client 1112620458)
2026-01-20 14:00,2026-01-20,14,Cotton,41839.51,41961.44,121.93,0.2914,112.8,13781,79643,42000,14.75,15.25,0.9294,INR/bale,Dhan API v2 (Client 1112620458)
2026-01-20 15:00,2026-01-20,15,Cotton,41899.12,41812.62,-86.5,-0.2064,-208.43,1014,79353,42000,14.48,14.98,0.9542,INR/bale,Dhan API v2 (Client 1112620458)
2026-01-20 16:00,2026-01-20,16,Cotton,42155.77,42076.18,-79.59,-0.1888,6.91,2764,78865,42000,14.21,14.71,0.9091,INR/bale,Dhan API v2 (Client 1112620458)
2026-01-20 17:00,2026-01-20,17,Cotton,42245.1,42272.9,27.8,0.0658,107.39,8030,79704,42000,14.14,14.64,0.8909,INR/bale,Dhan API v2 (Client 1112620458)
2026-01-20 18:00,2026-01-20,18,Cotton,42252.94,42307.97,55.03,0.1302,27.23,4085,79757,42500,14.06,14.56,0.8924,INR/bale,Dhan API v2 (Client 1112620458)
2026-01-20 19:00,2026-01-20,19,Cotton,42136.81,42111.45,-25.36,-0.0602,-80.39,4976,78666,42000,14.45,14.95,0.9159,INR/bale,Dhan API v2 (Client 1112620458)
2026-01-20 20:00,2026-01-20,20,Cotton,42039.27,41958.32,-80.95,-0.1926,-55.59,2125,79457,42000,14.53,15.03,0.9585,INR/bale,Dhan API v2 (Client 1112620458)
2026-01-20 21:00,2026-01-20,21,Cotton,42179.98,42261.03,81.05,0.1922,162.0,14078,80071,42000,13.98,14.48,0.9008,INR/bale,Dhan API v2 (Client 1112620458)
2026-01-20 22:00,2026-01-20,22,Cotton,42051.49,42199.75,148.26,0.3526,67.21,5544,80250,42000,14.32,14.82,0.8951,INR/bale,Dhan API v2 (Client 1112620458)
2026-01-20 23:00,2026-01-20,23,Cotton,42091.19,42138.51,47.32,0.1124,-100.94,8793,80723,42000,14.49,14.99,0.921,INR/bale,Dhan API v2 (Client 1112620458)
2026-01-21 09:00,2026-01-21,9,Cotton,42295.67,42358.45,62.78,0.1484,15.46,3870,79960,42500,14.02,14.52,0.9359,INR/bale,Dhan API v2 (Client 1112620458)
2026-01-21 10:00,2026-01-21,10,Cotton,42302.99,42344.15,41.16,0.0973,-21.62,9496,79290,42500,14.63,15.13,0.9171,INR/bale,Dhan API v2 (Client 1112620458)
2026-01-21 11:00,2026-01-21,11,Cotton,42252.14,42318.32,66.18,0.1566,25.02,10341,79565,42500,14.2,14.7,0.9308,INR/bale,Dhan API v2 (Client 1112620458)
2026-01-21 12:00,2026-01-21,12,Cotton,42300.15,42397.19,97.04,0.2294,30.86,3819,79461,42500,14.41,14.91,0.9014,INR/bale,Dhan API v2 (Client 1112620458)
2026-01-21 13:00,2026-01-21,13,Cotton,42088.47,42234.55,146.08,0.3471,49.04,1770,79870,42000,14.42,14.92,0.9229,INR/bale,Dhan API v2 (Client 1112620458)
2026-01-21 14:00,2026-01-21,14,Cotton,41957.47,42173.81,216.34,0.5156,70.26,12677,81244,42000,13.65,14.15,0.9045,INR/bale,Dhan API v2 (Client 1112620458)
2026-01-21 15:00,2026-01-21,15,Cotton,42047.97,42247.17,199.2,0.4738,-17.14,14068,79957,42000,14.48,14.98,0.8969,INR/bale,Dhan API v2 (Client 1112620458)
2026-01-21 16:00,2026-01-21,16,Cotton,42126.56,42255.59,129.03,0.3063,-70.17,2714,80147,42000,14.51,15.01,0.9118,INR/bale,Dhan API v2 (Client 1112620458)
2026-01-21 17:00,2026-01-21,17,Cotton,42218.14,42068.5,-149.64,-0.3544,-278.67,14757,80142,42000,14.41,14.91,0.8911,INR/bale,Dhan API v2 (Client 1112620458)
2026-01-21 18:00,2026-01-21,18,Cotton,42210.93,42287.39,76.47,0.1812,226.11,4313,79710,42000,14.14,14.64,0.9004,INR/bale,Dhan API v2 (Client 1112620458)
2026-01-21 19:00,2026-01-21,19,Cotton,42301.09,42419.87,118.78,0.2808,42.31,3908,81066,42500,14.44,14.94,0.9147,INR/bale,Dhan API v2 (Client 1112620458)
2026-01-21 20:00,2026-01-21,20,Cotton,42383.76,42377.0,-6.75,-0.0159,-125.53,2890,80171,42500,14.51,15.01,0.8961,INR/bale,Dhan API v2 (Client 1112620458)
2026-01-21 21:00,2026-01-21,21,Cotton,42224.71,42337.05,112.34,0.2661,119.09,11748,80547,42000,14.45,14.95,0.9302,INR/bale,Dhan API v2 (Client 1112620458)
2026-01-21 22:00,2026-01-21,22,Cotton,42102.66,42132.56,29.9,0.071,-82.44,3571,77343,42000,14.6,15.1,0.8962,INR/bale,Dhan API v2 (Client 1112620458)
2026-01-21 23:00,2026-01-21,23,Cotton,42303.89,42199.05,-104.84,-0.2478,-134.74,6426,79958,42500,14.12,14.62,0.9101,INR/bale,Dhan API v2 (Client 1112620458)
2026-01-22 09:00,2026-01-22,9,Cotton,42200.23,42353.43,153.2,0.363,258.04,854,81354,42000,14.36,14.86,0.9432,INR/bale,Dhan API v2 (Client 1112620458)
2026-01-22 10:00,2026-01-22,10,Cotton,42133.47,42256.84,123.37,0.2928,-29.83,9906,79614,42000,14.08,14.58,0.9351,INR/bale,Dhan API v2 (Client 1112620458)
2026-01-22 11:00,2026-01-22,11,Cotton,42035.21,42043.85,8.64,0.0205,-114.73,14910,80667,42000,14.15,14.65,0.9121,INR/bale,Dhan API v2 (Client 1112620458)
2026-01-22 12:00,2026-01-22,12,Cotton,42278.37,42232.59,-45.78,-0.1083,-54.42,14433,80695,42500,13.73,14.23,0.9074,INR/bale,Dhan API v2 (Client 1112620458)
2026-01-22 13:00,2026-01-22,13,Cotton,42355.49,42464.36,108.86,0.257,154.64,1930,78094,42500,14.21,14.71,0.8983,INR/bale,Dhan API v2 (Client 1112620458)
2026-01-22 14:00,2026-01-22,14,Cotton,42226.74,42189.16,-37.58,-0.089,-146.44,14810,78086,42000,14.57,15.07,0.9044,INR/bale,Dhan API v2 (Client 1112620458)
2026-01-22 15:00,2026-01-22,15,Cotton,42210.05,42389.51,179.46,0.4251,217.04,9123,81020,42000,14.45,14.95,0.8939,INR/bale,Dhan API v2 (Client 1112620458)
2026-01-22 16:00,2026-01-22,16,Cotton,42131.63,42265.0,133.37,0.3166,-46.09,3400,79566,42000,14.12,14.62,0.8998,INR/bale,Dhan API v2 (Client 1112620458)
2026-01-22 17:00,2026-01-22,17,Cotton,42184.61,42207.56,22.95,0.0544,-110.42,6662,79394,42000,14.13,14.63,0.9217,INR/bale,Dhan API v2 (Client 1112620458)
2026-01-22 18:00,2026-01-22,18,Cotton,42147.05,42046.95,-100.1,-0.2375,-123.05,9675,79400,42000,14.1,14.6,0.9022,INR/bale,Dhan API v2 (Client 1112620458)
2026-01-22 19:00,2026-01-22,19,Cotton,42231.43,42203.54,-27.89,-0.066,72.21,9387,79198,42000,14.31,14.81,0.8897,INR/bale,Dhan API v2 (Client 1112620458)
2026-01-22 20:00,2026-01-22,20,Cotton,42304.82,42308.82,4.0,0.0095,31.89,12771,79691,42500,14.36,14.86,0.9613,INR/bale,Dhan API v2 (Client 1112620458)
2026-01-22 21:00,2026-01-22,21,Cotton,42415.95,42480.74,64.79,0.1527,60.79,5448,79734,42500,14.25,14.75,0.9131,INR/bale,Dhan API v2 (Client 1112620458)
2026-01-22 22:00,2026-01-22,22,Cotton,42384.72,42382.61,-2.11,-0.005,-66.9,13934,78970,42500,14.09,14.59,0.925,INR/bale,Dhan API v2 (Client 1112620458)
2026-01-22 23:00,2026-01-22,23,Cotton,42510.25,42576.81,66.56,0.1566,68.67,13906,79748,42500,14.77,15.27,0.9126,INR/bale,Dhan API v2 (Client 1112620458)
2026-01-23 09:00,2026-01-23,9,Cotton,42492.44,42432.69,-59.75,-0.1406,-126.31,7434,78361,42500,14.47,14.97,0.9418,INR/bale,Dhan API v2 (Client 1112620458)
2026-01-23 10:00,2026-01-23,10,Cotton,42368.49,42432.15,63.67,0.1503,123.42,9293,79889,42500,14.53,15.03,0.9603,INR/bale,Dhan API v2 (Client 1112620458)
2026-01-23 11:00,2026-01-23,11,Cotton,42297.68,42250.7,-46.98,-0.1111,-110.65,12618,80698,42500,14.45,14.95,0.902,INR/bale,Dhan API v2 (Client 1112620458)
2026-01-23 12:00,2026-01-23,12,Cotton,42336.23,42305.76,-30.47,-0.072,16.51,14833,79960,42500,14.46,14.96,0.9069,INR/bale,Dhan API v2 (Client 1112620458)
2026-01-23 13:00,2026-01-23,13,Cotton,42454.45,42450.92,-3.52,-0.0083,26.95,5870,80272,42500,14.51,15.01,0.9222,INR/bale,Dhan API v2 (Client 1112620458)
2026-01-23 14:00,2026-01-23,14,Cotton,42338.1,42557.95,219.85,0.5193,223.37,7810,79076,42500,14.51,15.01,0.9342,INR/bale,Dhan API v2 (Client 1112620458)
2026-01-23 15:00,2026-01-23,15,Cotton,42395.8,42447.6,51.8,0.1222,-168.05,3591,80289,42500,14.5,15.0,0.9519,INR/bale,Dhan API v2 (Client 1112620458)
2026-01-23 16:00,2026-01-23,16,Cotton,42429.17,42476.96,47.79,0.1126,-4.01,14019,78297,42500,14.22,14.72,0.9444,INR/bale,Dhan API v2 (Client 1112620458)
2026-01-23 17:00,2026-01-23,17,Cotton,42415.91,42393.62,-22.29,-0.0526,-70.08,2524,79668,42500,14.21,14.71,0.9247,INR/bale,Dhan API v2 (Client 1112620458)
2026-01-23 18:00,2026-01-23,18,Cotton,42305.61,42353.38,47.77,0.1129,70.06,5443,80214,42500,14.44,14.94,0.8889,INR/bale,Dhan API v2 (Client 1112620458)
2026-01-23 19:00,2026-01-23,19,Cotton,42385.42,42419.54,34.12,0.0805,-13.65,3602,80042,42500,14.09,14.59,0.9259,INR/bale,Dhan API v2 (Client 1112620458)
2026-01-23 20:00,2026-01-23,20,Cotton,42335.85,42423.13,87.28,0.2062,53.16,3363,80223,42500,14.52,15.02,0.8781,INR/bale,Dhan API v2 (Client 1112620458)
2026-01-23 21:00,2026-01-23,21,Cotton,42268.88,42238.59,-30.29,-0.0717,-117.57,11954,79719,42500,14.31,14.81,0.8889,INR/bale,Dhan API v2 (Client 1112620458)
2026-01-23 22:00,2026-01-23,22,Cotton,42271.83,42200.26,-71.58,-0.1693,-41.29,10253,79466,42500,14.41,14.91,0.9319,INR/bale,Dhan API v2 (Client 1112620458)
2026-01-23 23:00,2026-01-23,23,Cotton,41943.42,41952.01,8.59,0.0205,80.17,4980,78861,42000,14.35,14.85,0.8777,INR/bale,Dhan API v2 (Client 1112620458)
2026-01-26 09:00,2026-01-26,9,Cotton,42014.74,42033.23,18.49,0.044,9.9,11243,79869,42000,14.5,15.0,0.911,INR/bale,Dhan API v2 (Client 1112620458)
2026-01-26 10:00,2026-01-26,10,Cotton,42017.3,42026.18,8.88,0.0211,-9.61,12251,80575,42000,14.48,14.98,0.9137,INR/bale,Dhan API v2 (Client 1112620458)
2026-01-26 11:00,2026-01-26,11,Cotton,42149.82,42226.26,76.43,0.1813,67.55,5586,79277,42000,14.27,14.77,0.9267,INR/bale,Dhan API v2 (Client 1112620458)
2026-01-26 12:00,2026-01-26,12,Cotton,42128.14,42036.94,-91.2,-0.2165,-167.63,3502,80083,42000,14.57,15.07,0.9287,INR/bale,Dhan API v2 (Client 1112620458)
2026-01-26 13:00,2026-01-26,13,Cotton,42106.3,42155.11,48.81,0.1159,140.01,885,80234,42000,14.76,15.26,0.8906,INR/bale,Dhan API v2 (Client 1112620458)
2026-01-26 14:00,2026-01-26,14,Cotton,42170.71,42232.71,61.99,0.147,13.18,7089,79448,42000,14.59,15.09,0.9162,INR/bale,Dhan API v2 (Client 1112620458)
2026-01-26 15:00,2026-01-26,15,Cotton,42250.24,42274.54,24.31,0.0575,-37.68,4555,79777,42500,14.3,14.8,0.928,INR/bale,Dhan API v2 (Client 1112620458)
2026-01-26 16:00,2026-01-26,16,Cotton,42125.5,42172.31,46.81,0.1111,22.5,1761,80802,42000,13.66,14.16,0.9289,INR/bale,Dhan API v2 (Client 1112620458)
2026-01-26 17:00,2026-01-26,17,Cotton,42088.35,42229.72,141.36,0.3359,94.55,13124,80724,42000,13.71,14.21,0.9158,INR/bale,Dhan API v2 (Client 1112620458)
2026-01-26 18:00,2026-01-26,18,Cotton,42051.65,42003.29,-48.36,-0.115,-189.72,10820,79672,42000,14.53,15.03,0.905,INR/bale,Dhan API v2 (Client 1112620458)
2026-01-26 19:00,2026-01-26,19,Cotton,42101.65,42209.48,107.84,0.2561,156.2,2781,78960,42000,14.1,14.6,0.8921,INR/bale,Dhan API v2 (Client 1112620458)
2026-01-26 20:00,2026-01-26,20,Cotton,42100.13,42059.67,-40.46,-0.0961,-148.3,6667,78782,42000,14.34,14.84,0.9095,INR/bale,Dhan API v2 (Client 1112620458)
2026-01-26 21:00,2026-01-26,21,Cotton,42169.21,42120.27,-48.94,-0.1161,-8.48,7073,79782,42000,14.91,15.41,0.8981,INR/bale,Dhan API v2 (Client 1112620458)
2026-01-26 22:00,2026-01-26,22,Cotton,41953.9,41981.01,27.11,0.0646,76.05,4572,79992,42000,14.33,14.83,0.9628,INR/bale,Dhan API v2 (Client 1112620458)
2026-01-26 23:00,2026-01-26,23,Cotton,41853.37,41846.86,-6.51,-0.0155,-33.62,1989,81418,42000,14.37,14.87,0.931,INR/bale,Dhan API v2 (Client 1112620458)
2026-01-27 09:00,2026-01-27,9,Cotton,41730.82,41744.46,13.64,0.0327,20.15,14364,80903,41500,14.2,14.7,0.9422,INR/bale,Dhan API v2 (Client 1112620458)
2026-01-27 10:00,2026-01-27,10,Cotton,41653.27,41701.02,47.75,0.1146,34.11,3520,79777,41500,14.0,14.5,0.9569,INR/bale,Dhan API v2 (Client 1112620458)
2026-01-27 11:00,2026-01-27,11,Cotton,41752.42,41753.83,1.41,0.0034,-46.34,14824,79023,42000,14.62,15.12,0.9123,INR/bale,Dhan API v2 (Client 1112620458)
2026-01-27 12:00,2026-01-27,12,Cotton,41503.53,41585.51,81.97,0.1975,80.56,11715,77989,41500,14.34,14.84,0.936,INR/bale,Dhan API v2 (Client 1112620458)
2026-01-27 13:00,2026-01-27,13,Cotton,41558.06,41640.13,82.08,0.1975,0.11,5101,79422,41500,14.03,14.53,0.8759,INR/bale,Dhan API v2 (Client 1112620458)
2026-01-27 14:00,2026-01-27,14,Cotton,41647.24,41696.49,49.25,0.1183,-32.83,10395,80487,41500,14.48,14.98,0.9013,INR/bale,Dhan API v2 (Client 1112620458)
2026-01-27 15:00,2026-01-27,15,Cotton,41652.26,41664.36,12.1,0.0291,-37.15,6869,77753,41500,14.29,14.79,0.9355,INR/bale,Dhan API v2 (Client 1112620458)
2026-01-27 16:00,2026-01-27,16,Cotton,41556.19,41609.48,53.29,0.1282,41.19,533,80079,41500,14.73,15.23,0.9226,INR/bale,Dhan API v2 (Client 1112620458)
2026-01-27 17:00,2026-01-27,17,Cotton,41511.1,41522.66,11.56,0.0279,-41.73,8198,78946,41500,14.55,15.05,0.8947,INR/bale,Dhan API v2 (Client 1112620458)
2026-01-27 18:00,2026-01-27,18,Cotton,41517.28,41483.24,-34.04,-0.082,-45.6,503,79291,41500,14.52,15.02,0.9246,INR/bale,Dhan API v2 (Client 1112620458)
2026-01-27 19:00,2026-01-27,19,Cotton,41528.78,41483.66,-45.13,-0.1087,-11.09,9515,79457,41500,14.54,15.04,0.9554,INR/bale,Dhan API v2 (Client 1112620458)
2026-01-27 20:00,2026-01-27,20,Cotton,41511.88,41705.89,194.0,0.4673,239.13,6085,80324,41500,14.98,15.48,0.9307,INR/bale,Dhan API v2 (Client 1112620458)
2026-01-27 21:00,2026-01-27,21,Cotton,41446.14,41333.75,-112.38,-0.2712,-306.38,2953,78965,41500,14.18,14.68,0.8895,INR/bale,Dhan API v2 (Client 1112620458)
2026-01-27 22:00,2026-01-27,22,Cotton,41326.39,41444.16,117.77,0.285,230.15,6791,78899,41500,14.65,15.15,0.9375,INR/bale,Dhan API v2 (Client 1112620458)
2026-01-27 23:00,2026-01-27,23,Cotton,41232.02,41190.72,-41.3,-0.1002,-159.07,11999,79834,41000,15.39,15.89,0.935,INR/bale,Dhan API v2 (Client 1112620458)
2026-01-28 09:00,2026-01-28,9,Cotton,41016.31,41057.41,41.1,0.1002,82.4,923,79508,41000,14.22,14.72,0.896,INR/bale,Dhan API v2 (Client 1112620458)
2026-01-28 10:00,2026-01-28,10,Cotton,40966.88,41019.04,52.16,0.1273,11.06,13405,80542,41000,14.61,15.11,0.9604,INR/bale,Dhan API v2 (Client 1112620458)
2026-01-28 11:00,2026-01-28,11,Cotton,40912.66,41050.55,137.88,0.337,85.72,4016,79413,41000,14.25,14.75,0.926,INR/bale,Dhan API v2 (Client 1112620458)
2026-01-28 12:00,2026-01-28,12,Cotton,40848.09,40915.96,67.87,0.1661,-70.01,10535,78767,41000,14.68,15.18,0.9429,INR/bale,Dhan API v2 (Client 1112620458)
2026-01-28 13:00,2026-01-28,13,Cotton,40697.65,40798.18,100.53,0.247,32.66,6330,80549,40500,14.52,15.02,0.9024,INR/bale,Dhan API v2 (Client 1112620458)
2026-01-28 14:00,2026-01-28,14,Cotton,40752.02,40749.44,-2.58,-0.0063,-103.11,5703,78633,41000,14.68,15.18,0.8951,INR/bale,Dhan API v2 (Client 1112620458)
2026-01-28 15:00,2026-01-28,15,Cotton,40612.18,40649.12,36.94,0.091,39.52,8764,79424,40500,14.49,14.99,0.9068,INR/bale,Dhan API v2 (Client 1112620458)
2026-01-28 16:00,2026-01-28,16,Cotton,40622.33,40595.15,-27.19,-0.0669,-64.13,12001,80694,40500,14.51,15.01,0.8908,INR/bale,Dhan API v2 (Client 1112620458)
2026-01-28 17:00,2026-01-28,17,Cotton,40371.04,40418.94,47.9,0.1186,75.09,11511,79663,40500,14.39,14.89,0.9193,INR/bale,Dhan API v2 (Client 1112620458)
2026-01-28 18:00,2026-01-28,18,Cotton,40274.59,40193.4,-81.19,-0.2016,-129.09,12035,80577,40500,13.76,14.26,0.9048,INR/bale,Dhan API v2 (Client 1112620458)
2026-01-28 19:00,2026-01-28,19,Cotton,40256.54,40200.49,-56.04,-0.1392,25.15,5997,77239,40500,14.48,14.98,0.9276,INR/bale,Dhan API v2 (Client 1112620458)
2026-01-28 20:00,2026-01-28,20,Cotton,40321.39,40272.74,-48.65,-0.1206,7.39,7324,79403,40500,14.88,15.38,0.9212,INR/bale,Dhan API v2 (Client 1112620458)
2026-01-28 21:00,2026-01-28,21,Cotton,40232.79,40172.3,-60.49,-0.1503,-11.84,5340,80343,40000,14.44,14.94,0.9413,INR/bale,Dhan API v2 (Client 1112620458)
2026-01-28 22:00,2026-01-28,22,Cotton,40237.64,40173.84,-63.8,-0.1586,-3.31,10719,80194,40000,14.35,14.85,0.918,INR/bale,Dhan API v2 (Client 1112620458)
2026-01-28 23:00,2026-01-28,23,Cotton,40269.59,40208.28,-61.3,-0.1522,2.5,9141,80134,40500,14.53,15.03,0.952,INR/bale,Dhan API v2 (Client 1112620458)
2026-01-29 09:00,2026-01-29,9,Cotton,40319.38,40542.72,223.34,0.5539,284.64,13442,80276,40500,13.84,14.34,0.9217,INR/bale,Dhan API v2 (Client 1112620458)
2026-01-29 10:00,2026-01-29,10,Cotton,40372.64,40646.48,273.84,0.6783,50.5,999,78505,40500,14.56,15.06,0.9052,INR/bale,Dhan API v2 (Client 1112620458)
2026-01-29 11:00,2026-01-29,11,Cotton,40561.98,40730.62,168.64,0.4158,-105.2,3395,78130,40500,14.12,14.62,0.9101,INR/bale,Dhan API v2 (Client 1112620458)
2026-01-29 12:00,2026-01-29,12,Cotton,40542.59,40631.94,89.35,0.2204,-79.29,9491,79023,40500,14.7,15.2,0.9473,INR/bale,Dhan API v2 (Client 1112620458)
2026-01-29 13:00,2026-01-29,13,Cotton,40476.43,40774.11,297.68,0.7354,208.33,811,81286,40500,14.22,14.72,0.9211,INR/bale,Dhan API v2 (Client 1112620458)
2026-01-29 14:00,2026-01-29,14,Cotton,40336.02,40472.67,136.65,0.3388,-161.03,3303,80684,40500,14.55,15.05,0.8785,INR/bale,Dhan API v2 (Client 1112620458)
2026-01-29 15:00,2026-01-29,15,Cotton,40301.96,40421.13,119.17,0.2957,-17.48,6485,79134,40500,14.48,14.98,0.9164,INR/bale,Dhan API v2 (Client 1112620458)
2026-01-29 16:00,2026-01-29,16,Cotton,40294.3,40536.51,242.22,0.6011,123.05,9024,79590,40500,14.21,14.71,0.9154,INR/bale,Dhan API v2 (Client 1112620458)
2026-01-29 17:00,2026-01-29,17,Cotton,40383.97,40652.25,268.28,0.6643,26.06,957,80193,40500,14.45,14.95,0.9183,INR/bale,Dhan API v2 (Client 1112620458)
2026-01-29 18:00,2026-01-29,18,Cotton,40348.75,40516.27,167.52,0.4152,-100.76,6731,80051,40500,14.33,14.83,0.8963,INR/bale,Dhan API v2 (Client 1112620458)
2026-01-29 19:00,2026-01-29,19,Cotton,40382.47,40628.74,246.27,0.6098,78.75,14169,79935,40500,14.35,14.85,0.9083,INR/bale,Dhan API v2 (Client 1112620458)
2026-01-29 20:00,2026-01-29,20,Cotton,40452.19,40670.62,218.44,0.54,-27.83,7627,80354,40500,14.52,15.02,0.9155,INR/bale,Dhan API v2 (Client 1112620458)
2026-01-29 21:00,2026-01-29,21,Cotton,40601.28,40912.34,311.06,0.7661,92.62,14790,79535,40500,14.88,15.38,0.9222,INR/bale,Dhan API v2 (Client 1112620458)
2026-01-29 22:00,2026-01-29,22,Cotton,40617.93,40749.6,131.67,0.3242,-179.39,10671,80557,40500,14.19,14.69,0.8915,INR/bale,Dhan API v2 (Client 1112620458)
2026-01-29 23:00,2026-01-29,23,Cotton,40620.48,40810.53,190.04,0.4679,58.37,4039,78745,40500,14.76,15.26,0.9023,INR/bale,Dhan API v2 (Client 1112620458)
2026-01-30 09:00,2026-01-30,9,Cotton,40779.75,40933.18,153.43,0.3762,-36.61,5335,79543,41000,14.29,14.79,0.9176,INR/bale,Dhan API v2 (Client 1112620458)
2026-01-30 10:00,2026-01-30,10,Cotton,40653.83,40701.09,47.26,0.1162,-106.17,3728,79621,40500,14.21,14.71,0.9633,INR/bale,Dhan API v2 (Client 1112620458)
2026-01-30 11:00,2026-01-30,11,Cotton,40785.16,41076.34,291.18,0.7139,243.92,12856,78777,41000,14.44,14.94,0.9099,INR/bale,Dhan API v2 (Client 1112620458)
2026-01-30 12:00,2026-01-30,12,Cotton,40743.21,40894.78,151.58,0.372,-139.6,2204,80671,40500,14.3,14.8,0.9539,INR/bale,Dhan API v2 (Client 1112620458)
2026-01-30 13:00,2026-01-30,13,Cotton,40827.61,41228.71,401.11,0.9824,249.53,918,81075,41000,13.81,14.31,0.9038,INR/bale,Dhan API v2 (Client 1112620458)
2026-01-30 14:00,2026-01-30,14,Cotton,40680.98,40847.71,166.73,0.4099,-234.38,2034,78753,40500,14.08,14.58,0.9514,INR/bale,Dhan API v2 (Client 1112620458)
2026-01-30 15:00,2026-01-30,15,Cotton,40715.7,40921.56,205.86,0.5056,39.13,2869,77952,40500,14.42,14.92,0.9251,INR/bale,Dhan API v2 (Client 1112620458)
2026-01-30 16:00,2026-01-30,16,Cotton,40869.83,41134.4,264.57,0.6473,58.71,796,79545,41000,14.2,14.7,0.9232,INR/bale,Dhan API v2 (Client 1112620458)
2026-01-30 17:00,2026-01-30,17,Cotton,40893.07,41006.46,113.38,0.2773,-151.19,2463,77863,41000,14.1,14.6,0.8787,INR/bale,Dhan API v2 (Client 1112620458)
2026-01-30 18:00,2026-01-30,18,Cotton,40980.32,41113.54,133.22,0.3251,19.84,10330,79338,41000,14.22,14.72,0.8879,INR/bale,Dhan API v2 (Client 1112620458)
2026-01-30 19:00,2026-01-30,19,Cotton,41049.23,41327.28,278.06,0.6774,144.84,6502,79384,41000,14.43,14.93,0.894,INR/bale,Dhan API v2 (Client 1112620458)
2026-01-30 20:00,2026-01-30,20,Cotton,40939.09,41027.39,88.3,0.2157,-189.76,2468,79391,41000,14.21,14.71,0.9208,INR/bale,Dhan API v2 (Client 1112620458)
2026-01-30 21:00,2026-01-30,21,Cotton,41009.99,41245.62,235.63,0.5746,147.33,2704,81234,41000,14.53,15.03,0.9593,INR/bale,Dhan API v2 (Client 1112620458)
2026-01-30 22:00,2026-01-30,22,Cotton,41085.55,41293.38,207.83,0.5058,-27.8,13327,79013,41000,14.36,14.86,0.9611,INR/bale,Dhan API v2 (Client 1112620458)
2026-01-30 23:00,2026-01-30,23,Cotton,40828.47,40940.61,112.14,0.2747,-95.69,11906,78454,41000,14.78,15.28,0.8714,INR/bale,Dhan API v2 (Client 1112620458)
2026-02-02 09:00,2026-02-02,9,Cotton,40726.08,40803.15,77.07,0.1892,-35.07,14982,79475,40500,14.37,14.87,0.9366,INR/bale,Dhan API v2 (Client 1112620458)
2026-02-02 10:00,2026-02-02,10,Cotton,40821.8,40998.64,176.84,0.4332,99.77,10653,79471,41000,13.81,14.31,0.9147,INR/bale,Dhan API v2 (Client 1112620458)
2026-02-02 11:00,2026-02-02,11,Cotton,40828.66,40810.32,-18.33,-0.0449,-195.17,7917,79189,41000,15.2,15.7,0.9313,INR/bale,Dhan API v2 (Client 1112620458)
2026-02-02 12:00,2026-02-02,12,Cotton,40844.12,40959.77,115.66,0.2832,133.99,6827,80069,41000,14.33,14.83,0.9191,INR/bale,Dhan API v2 (Client 1112620458)
2026-02-02 13:00,2026-02-02,13,Cotton,40736.28,40968.57,232.29,0.5702,116.63,1767,79935,40500,14.55,15.05,0.9202,INR/bale,Dhan API v2 (Client 1112620458)
2026-02-02 14:00,2026-02-02,14,Cotton,40912.16,41041.24,129.08,0.3155,-103.21,13301,80688,41000,14.26,14.76,0.8964,INR/bale,Dhan API v2 (Client 1112620458)
2026-02-02 15:00,2026-02-02,15,Cotton,40883.58,41002.77,119.2,0.2916,-9.88,2405,80334,41000,14.77,15.27,0.8871,INR/bale,Dhan API v2 (Client 1112620458)
2026-02-02 16:00,2026-02-02,16,Cotton,40712.23,40892.3,180.07,0.4423,60.87,8073,80179,40500,14.14,14.64,0.9402,INR/bale,Dhan API v2 (Client 1112620458)
2026-02-02 17:00,2026-02-02,17,Cotton,40772.54,40855.41,82.87,0.2033,-97.2,3910,79721,41000,14.52,15.02,0.8983,INR/bale,Dhan API v2 (Client 1112620458)
2026-02-02 18:00,2026-02-02,18,Cotton,40843.89,41050.26,206.37,0.5053,123.5,8309,78706,41000,14.37,14.87,0.9439,INR/bale,Dhan API v2 (Client 1112620458)
2026-02-02 19:00,2026-02-02,19,Cotton,40871.88,40983.64,111.76,0.2734,-94.61,12287,78564,41000,14.22,14.72,0.8684,INR/bale,Dhan API v2 (Client 1112620458)
2026-02-02 20:00,2026-02-02,20,Cotton,41002.1,41319.02,316.92,0.7729,205.16,1452,80817,41000,14.52,15.02,0.9305,INR/bale,Dhan API v2 (Client 1112620458)
2026-02-02 21:00,2026-02-02,21,Cotton,41085.39,41257.02,171.63,0.4177,-145.29,10944,79415,41000,14.04,14.54,0.9448,INR/bale,Dhan API v2 (Client 1112620458)
2026-02-02 22:00,2026-02-02,22,Cotton,40878.77,41081.54,202.77,0.496,31.14,14709,79452,41000,14.02,14.52,0.9003,INR/bale,Dhan API v2 (Client 1112620458)
2026-02-02 23:00,2026-02-02,23,Cotton,40900.68,41015.16,114.48,0.2799,-88.29,10316,81033,41000,14.63,15.13,0.9073,INR/bale,Dhan API v2 (Client 1112620458)
2026-02-03 09:00,2026-02-03,9,Cotton,40733.27,40985.08,251.82,0.6182,137.34,13018,79739,40500,14.44,14.94,0.8927,INR/bale,Dhan API v2 (Client 1112620458)
2026-02-03 10:00,2026-02-03,10,Cotton,40931.02,41066.47,135.45,0.3309,-116.37,2089,80430,41000,14.09,14.59,0.95,INR/bale,Dhan API v2 (Client 1112620458)
2026-02-03 11:00,2026-02-03,11,Cotton,41008.73,41145.9,137.17,0.3345,1.72,5275,79627,41000,14.24,14.74,0.9145,INR/bale,Dhan API v2 (Client 1112620458)
2026-02-03 12:00,2026-02-03,12,Cotton,41106.81,41146.79,39.98,0.0972,-97.19,7817,80400,41000,14.05,14.55,0.9474,INR/bale,Dhan API v2 (Client 1112620458)
2026-02-03 13:00,2026-02-03,13,Cotton,40861.81,41048.81,187.0,0.4576,147.02,7113,78844,41000,14.53,15.03,0.9399,INR/bale,Dhan API v2 (Client 1112620458)
2026-02-03 14:00,2026-02-03,14,Cotton,40921.91,41118.68,196.76,0.4808,9.76,10417,79348,41000,14.47,14.97,0.9435,INR/bale,Dhan API v2 (Client 1112620458)
2026-02-03 15:00,2026-02-03,15,Cotton,40769.23,40963.32,194.1,0.4761,-2.66,14325,81194,41000,14.13,14.63,0.9322,INR/bale,Dhan API v2 (Client 1112620458)
2026-02-03 16:00,2026-02-03,16,Cotton,40684.02,40938.48,254.47,0.6255,60.37,13659,79284,40500,14.01,14.51,0.9068,INR/bale,Dhan API v2 (Client 1112620458)
2026-02-03 17:00,2026-02-03,17,Cotton,40856.23,40934.74,78.5,0.1921,-175.97,10024,78006,41000,14.01,14.51,0.8788,INR/bale,Dhan API v2 (Client 1112620458)
2026-02-03 18:00,2026-02-03,18,Cotton,40758.26,40966.43,208.17,0.5107,129.67,10801,78718,41000,14.63,15.13,0.8966,INR/bale,Dhan API v2 (Client 1112620458)
2026-02-03 19:00,2026-02-03,19,Cotton,40872.48,41056.69,184.22,0.4507,-23.95,3783,78197,41000,14.31,14.81,0.8622,INR/bale,Dhan API v2 (Client 1112620458)
2026-02-03 20:00,2026-02-03,20,Cotton,40884.73,40875.46,-9.27,-0.0227,-193.49,11092,81215,41000,14.44,14.94,0.9254,INR/bale,Dhan API v2 (Client 1112620458)
2026-02-03 21:00,2026-02-03,21,Cotton,40821.86,41005.08,183.21,0.4488,192.48,10012,80610,41000,14.13,14.63,0.9086,INR/bale,Dhan API v2 (Client 1112620458)
2026-02-03 22:00,2026-02-03,22,Cotton,40919.16,41162.55,243.39,0.5948,60.18,13124,79897,41000,14.27,14.77,0.9054,INR/bale,Dhan API v2 (Client 1112620458)
2026-02-03 23:00,2026-02-03,23,Cotton,40802.82,41024.12,221.29,0.5423,-22.1,7073,78090,41000,14.21,14.71,0.9275,INR/bale,Dhan API v2 (Client 1112620458)
2026-02-04 09:00,2026-02-04,9,Cotton,40780.7,40820.43,39.73,0.0974,-181.56,13475,77824,41000,14.05,14.55,0.9453,INR/bale,Dhan API v2 (Client 1112620458)
2026-02-04 10:00,2026-02-04,10,Cotton,40591.89,40815.75,223.86,0.5515,184.13,14130,79235,40500,14.65,15.15,0.9447,INR/bale,Dhan API v2 (Client 1112620458)
2026-02-04 11:00,2026-02-04,11,Cotton,40665.19,40866.94,201.75,0.4961,-22.11,13363,81352,40500,14.7,15.2,0.9205,INR/bale,Dhan API v2 (Client 1112620458)
2026-02-04 12:00,2026-02-04,12,Cotton,40683.79,40793.32,109.53,0.2692,-92.22,2166,81304,40500,14.88,15.38,0.9069,INR/bale,Dhan API v2 (Client 1112620458)
2026-02-04 13:00,2026-02-04,13,Cotton,40592.15,40598.35,6.19,0.0153,-103.34,5415,80273,40500,14.42,14.92,0.9553,INR/bale,Dhan API v2 (Client 1112620458)
2026-02-04 14:00,2026-02-04,14,Cotton,40556.13,40797.97,241.84,0.5963,235.65,9157,80577,40500,14.18,14.68,0.9411,INR/bale,Dhan API v2 (Client 1112620458)
2026-02-04 15:00,2026-02-04,15,Cotton,40689.89,40831.03,141.14,0.3469,-100.7,3721,78987,40500,14.76,15.26,0.943,INR/bale,Dhan API v2 (Client 1112620458)
2026-02-04 16:00,2026-02-04,16,Cotton,40825.49,41091.33,265.84,0.6512,124.7,14871,80903,41000,14.52,15.02,0.9262,INR/bale,Dhan API v2 (Client 1112620458)
2026-02-04 17:00,2026-02-04,17,Cotton,40787.96,40860.2,72.24,0.1771,-193.6,13305,78098,41000,14.21,14.71,0.9377,INR/bale,Dhan API v2 (Client 1112620458)
2026-02-04 18:00,2026-02-04,18,Cotton,40695.26,40835.57,140.31,0.3448,68.07,1644,79394,40500,14.72,15.22,0.9211,INR/bale,Dhan API v2 (Client 1112620458)
2026-02-04 19:00,2026-02-04,19,Cotton,40427.91,40645.86,217.96,0.5391,77.65,3809,79838,40500,15.18,15.68,0.961,INR/bale,Dhan API v2 (Client 1112620458)
2026-02-04 20:00,2026-02-04,20,Cotton,40474.59,40627.01,152.43,0.3766,-65.53,4346,78583,40500,14.25,14.75,0.933,INR/bale,Dhan API v2 (Client 1112620458)
2026-02-04 21:00,2026-02-04,21,Cotton,40470.41,40652.04,181.62,0.4488,29.19,8164,78623,40500,14.75,15.25,0.9107,INR/bale,Dhan API v2 (Client 1112620458)
2026-02-04 22:00,2026-02-04,22,Cotton,40503.86,40757.41,253.55,0.626,71.93,7872,78977,40500,14.38,14.88,0.9194,INR/bale,Dhan API v2 (Client 1112620458)
2026-02-04 23:00,2026-02-04,23,Cotton,40629.25,40642.3,13.06,0.0321,-240.49,13423,79016,40500,14.03,14.53,0.9168,INR/bale,Dhan API v2 (Client 1112620458)
2026-02-05 09:00,2026-02-05,9,Cotton,40564.6,40745.26,180.66,0.4454,167.6,827,80708,40500,13.8,14.3,0.9105,INR/bale,Dhan API v2 (Client 1112620458)
2026-02-05 10:00,2026-02-05,10,Cotton,40538.43,40690.49,152.06,0.3751,-28.6,7792,79559,40500,14.17,14.67,0.8763,INR/bale,Dhan API v2 (Client 1112620458)
2026-02-05 11:00,2026-02-05,11,Cotton,40561.31,40844.59,283.28,0.6984,131.22,10112,78886,40500,14.33,14.83,0.943,INR/bale,Dhan API v2 (Client 1112620458)
2026-02-05 12:00,2026-02-05,12,Cotton,40656.17,40776.91,120.74,0.297,-162.54,11226,81195,40500,14.19,14.69,0.9236,INR/bale,Dhan API v2 (Client 1112620458)
2026-02-05 13:00,2026-02-05,13,Cotton,40652.97,40910.6,257.63,0.6337,136.89,7606,80143,40500,14.3,14.8,0.9579,INR/bale,Dhan API v2 (Client 1112620458)
2026-02-05 14:00,2026-02-05,14,Cotton,40742.03,40966.9,224.87,0.5519,-32.76,3769,81057,40500,14.53,15.03,0.9261,INR/bale,Dhan API v2 (Client 1112620458)
2026-02-05 15:00,2026-02-05,15,Cotton,40809.21,41090.83,281.62,0.6901,56.75,11516,81217,41000,14.82,15.32,0.9181,INR/bale,Dhan API v2 (Client 1112620458)
2026-02-05 16:00,2026-02-05,16,Cotton,40890.95,41120.69,229.74,0.5618,-51.88,14672,80058,41000,13.95,14.45,0.9235,INR/bale,Dhan API v2 (Client 1112620458)
2026-02-05 17:00,2026-02-05,17,Cotton,40905.93,41013.91,107.98,0.264,-121.76,6075,79277,41000,14.22,14.72,0.8706,INR/bale,Dhan API v2 (Client 1112620458)
2026-02-05 18:00,2026-02-05,18,Cotton,40787.13,41073.3,286.17,0.7016,178.19,3309,79173,41000,14.67,15.17,0.9173,INR/bale,Dhan API v2 (Client 1112620458)
2026-02-05 19:00,2026-02-05,19,Cotton,40782.41,40989.92,207.51,0.5088,-78.66,13564,79991,41000,13.79,14.29,0.9114,INR/bale,Dhan API v2 (Client 1112620458)
2026-02-05 20:00,2026-02-05,20,Cotton,40632.22,40807.99,175.77,0.4326,-31.74,14314,79419,40500,13.85,14.35,0.9086,INR/bale,Dhan API v2 (Client 1112620458)
2026-02-05 21:00,2026-02-05,21,Cotton,40656.8,40776.37,119.57,0.2941,-56.2,13811,79945,40500,14.47,14.97,0.9036,INR/bale,Dhan API v2 (Client 1112620458)
2026-02-05 22:00,2026-02-05,22,Cotton,40840.92,41018.41,177.49,0.4346,57.92,10731,79004,41000,14.2,14.7,0.9502,INR/bale,Dhan API v2 (Client 1112620458)
2026-02-05 23:00,2026-02-05,23,Cotton,40937.67,41041.61,103.94,0.2539,-73.55,2484,79611,41000,14.07,14.57,0.9045,INR/bale,Dhan API v2 (Client 1112620458)
2026-02-06 09:00,2026-02-06,9,Cotton,40842.42,41009.98,167.56,0.4103,63.62,4438,79575,41000,14.27,14.77,0.9215,INR/bale,Dhan API v2 (Client 1112620458)
2026-02-06 10:00,2026-02-06,10,Cotton,40857.96,41068.1,210.14,0.5143,42.58,3791,79321,41000,13.88,14.38,0.9362,INR/bale,Dhan API v2 (Client 1112620458)
2026-02-06 11:00,2026-02-06,11,Cotton,40933.88,40861.95,-71.93,-0.1757,-282.07,2636,77630,41000,14.44,14.94,0.8818,INR/bale,Dhan API v2 (Client 1112620458)
2026-02-06 12:00,2026-02-06,12,Cotton,41013.36,41299.97,286.61,0.6988,358.54,11467,79973,41000,14.88,15.38,0.9034,INR/bale,Dhan API v2 (Client 1112620458)
2026-02-06 13:00,2026-02-06,13,Cotton,41009.42,41164.92,155.5,0.3792,-131.11,13059,81529,41000,13.98,14.48,0.9217,INR/bale,Dhan API v2 (Client 1112620458)
2026-02-06 14:00,2026-02-06,14,Cotton,41042.0,41192.65,150.65,0.3671,-4.85,5277,78126,41000,14.83,15.33,0.9184,INR/bale,Dhan API v2 (Client 1112620458)
2026-02-06 15:00,2026-02-06,15,Cotton,41090.34,41251.42,161.08,0.392,10.43,14326,80717,41000,14.52,15.02,0.927,INR/bale,Dhan API v2 (Client 1112620458)
2026-02-06 16:00,2026-02-06,16,Cotton,41110.55,41215.91,105.36,0.2563,-55.72,1213,78655,41000,14.48,14.98,0.9163,INR/bale,Dhan API v2 (Client 1112620458)
2026-02-06 17:00,2026-02-06,17,Cotton,41200.42,41229.02,28.6,0.0694,-76.76,875,80235,41000,14.26,14.76,0.9026,INR/bale,Dhan API v2 (Client 1112620458)
2026-02-06 18:00,2026-02-06,18,Cotton,41226.74,41479.68,252.95,0.6136,224.35,6084,78167,41000,14.46,14.96,0.8709,INR/bale,Dhan API v2 (Client 1112620458)
2026-02-06 19:00,2026-02-06,19,Cotton,41234.97,41434.03,199.06,0.4827,-53.89,8106,80687,41000,14.4,14.9,0.9086,INR/bale,Dhan API v2 (Client 1112620458)
2026-02-06 20:00,2026-02-06,20,Cotton,41384.91,41683.58,298.67,0.7217,99.61,12132,80136,41500,14.32,14.82,0.9323,INR/bale,Dhan API v2 (Client 1112620458)
2026-02-06 21:00,2026-02-06,21,Cotton,41378.09,41572.71,194.62,0.4703,-104.05,8090,79080,41500,14.37,14.87,0.9388,INR/bale,Dhan API v2 (Client 1112620458)
2026-02-06 22:00,2026-02-06,22,Cotton,41237.2,41361.12,123.92,0.3005,-70.7,4896,79286,41000,14.78,15.28,0.8621,INR/bale,Dhan API v2 (Client 1112620458)
2026-02-06 23:00,2026-02-06,23,Cotton,41147.62,41246.81,99.19,0.2411,-24.73,10976,79543,41000,14.77,15.27,0.906,INR/bale,Dhan API v2 (Client 1112620458)
2026-02-09 09:00,2026-02-09,9,Cotton,41059.9,41339.33,279.43,0.6805,180.24,6687,80770,41000,14.3,14.8,0.9291,INR/bale,Dhan API v2 (Client 1112620458)
2026-02-09 10:00,2026-02-09,10,Cotton,40937.14,41171.9,234.76,0.5735,-44.67,4967,79098,41000,14.66,15.16,0.9369,INR/bale,Dhan API v2 (Client 1112620458)
2026-02-09 11:00,2026-02-09,11,Cotton,41059.0,41132.94,73.95,0.1801,-160.81,9782,80160,41000,14.29,14.79,0.945,INR/bale,Dhan API v2 (Client 1112620458)
2026-02-09 12:00,2026-02-09,12,Cotton,41052.67,41282.17,229.5,0.559,155.55,5703,78185,41000,14.53,15.03,0.9025,INR/bale,Dhan API v2 (Client 1112620458)
2026-02-09 13:00,2026-02-09,13,Cotton,41041.62,41151.73,110.12,0.2683,-119.38,3322,79979,41000,14.4,14.9,0.9205,INR/bale,Dhan API v2 (Client 1112620458)
2026-02-09 14:00,2026-02-09,14,Cotton,41084.44,41246.7,162.26,0.3949,52.14,787,80343,41000,14.53,15.03,0.9174,INR/bale,Dhan API v2 (Client 1112620458)
2026-02-09 15:00,2026-02-09,15,Cotton,41047.6,41161.37,113.77,0.2772,-48.49,12936,78805,41000,14.63,15.13,0.8972,INR/bale,Dhan API v2 (Client 1112620458)
2026-02-09 16:00,2026-02-09,16,Cotton,41008.32,41049.52,41.2,0.1005,-72.57,12034,80032,41000,14.75,15.25,0.9256,INR/bale,Dhan API v2 (Client 1112620458)
2026-02-09 17:00,2026-02-09,17,Cotton,41120.71,41267.45,146.74,0.3568,105.54,9202,78708,41000,13.7,14.2,0.8992,INR/bale,Dhan API v2 (Client 1112620458)
2026-02-09 18:00,2026-02-09,18,Cotton,41093.98,41237.27,143.3,0.3487,-3.44,8694,80184,41000,14.5,15.0,0.9,INR/bale,Dhan API v2 (Client 1112620458)
2026-02-09 19:00,2026-02-09,19,Cotton,41065.18,41226.13,160.94,0.3919,17.64,662,79397,41000,14.39,14.89,0.9211,INR/bale,Dhan API v2 (Client 1112620458)
2026-02-09 20:00,2026-02-09,20,Cotton,40942.52,41259.96,317.44,0.7753,156.5,6653,79492,41000,13.86,14.36,0.9479,INR/bale,Dhan API v2 (Client 1112620458)
2026-02-09 21:00,2026-02-09,21,Cotton,40990.27,41183.35,193.08,0.471,-124.36,8730,78482,41000,14.28,14.78,0.9242,INR/bale,Dhan API v2 (Client 1112620458)
2026-02-09 22:00,2026-02-09,22,Cotton,41099.53,41147.34,47.81,0.1163,-145.27,10464,79158,41000,14.82,15.32,0.8955,INR/bale,Dhan API v2 (Client 1112620458)
2026-02-09 23:00,2026-02-09,23,Cotton,40933.74,41138.02,204.28,0.499,156.47,6702,78706,41000,14.51,15.01,0.9655,INR/bale,Dhan API v2 (Client 1112620458)
2026-02-10 09:00,2026-02-10,9,Cotton,41031.47,41129.85,98.38,0.2398,-105.9,10793,79982,41000,14.34,14.84,0.8807,INR/bale,Dhan API v2 (Client 1112620458)
2026-02-10 10:00,2026-02-10,10,Cotton,40947.99,41062.33,114.34,0.2792,15.96,6527,78963,41000,14.08,14.58,0.8712,INR/bale,Dhan API v2 (Client 1112620458)
2026-02-10 11:00,2026-02-10,11,Cotton,40890.93,41193.83,302.9,0.7408,188.56,4996,79707,41000,14.7,15.2,0.9113,INR/bale,Dhan API v2 (Client 1112620458)
2026-02-10 12:00,2026-02-10,12,Cotton,40844.9,40911.26,66.35,0.1624,-236.55,14175,80044,41000,14.6,15.1,0.9049,INR/bale,Dhan API v2 (Client 1112620458)
2026-02-10 13:00,2026-02-10,13,Cotton,40710.06,40885.09,175.04,0.43,108.69,12851,77703,40500,14.26,14.76,0.9182,INR/bale,Dhan API v2 (Client 1112620458)
2026-02-10 14:00,2026-02-10,14,Cotton,40878.02,41082.41,204.39,0.5,29.35,3383,78118,41000,13.94,14.44,0.9119,INR/bale,Dhan API v2 (Client 1112620458)
2026-02-10 15:00,2026-02-10,15,Cotton,40970.9,41173.09,202.19,0.4935,-2.2,9336,80574,41000,15.19,15.69,0.9311,INR/bale,Dhan API v2 (Client 1112620458)
2026-02-10 16:00,2026-02-10,16,Cotton,41133.9,41223.56,89.66,0.218,-112.53,8026,78393,41000,14.61,15.11,0.8746,INR/bale,Dhan API v2 (Client 1112620458)
2026-02-10 17:00,2026-02-10,17,Cotton,41225.0,41302.72,77.73,0.1885,-11.93,3939,79248,41000,14.9,15.4,0.9311,INR/bale,Dhan API v2 (Client 1112620458)
2026-02-10 18:00,2026-02-10,18,Cotton,41373.71,41423.59,49.88,0.1206,-27.85,3767,78901,41500,14.38,14.88,0.9016,INR/bale,Dhan API v2 (Client 1112620458)
2026-02-10 19:00,2026-02-10,19,Cotton,41391.4,41608.98,217.58,0.5257,167.7,5744,80368,41500,14.01,14.51,0.9355,INR/bale,Dhan API v2 (Client 1112620458)
2026-02-10 20:00,2026-02-10,20,Cotton,41531.96,41702.81,170.84,0.4113,-46.74,7907,79526,41500,14.24,14.74,0.927,INR/bale,Dhan API v2 (Client 1112620458)
2026-02-10 21:00,2026-02-10,21,Cotton,41657.53,41801.34,143.81,0.3452,-27.03,12477,79012,41500,13.99,14.49,0.8951,INR/bale,Dhan API v2 (Client 1112620458)
2026-02-10 22:00,2026-02-10,22,Cotton,41672.52,41848.44,175.92,0.4221,32.11,10237,80019,41500,14.78,15.28,0.9244,INR/bale,Dhan API v2 (Client 1112620458)
2026-02-10 23:00,2026-02-10,23,Cotton,41749.8,41841.29,91.49,0.2191,-84.43,4811,79887,41500,15.1,15.6,0.8856,INR/bale,Dhan API v2 (Client 1112620458)
2026-02-11 09:00,2026-02-11,9,Cotton,41658.7,41998.69,339.99,0.8161,248.5,2072,79490,41500,14.49,14.99,0.9058,INR/bale,Dhan API v2 (Client 1112620458)
2026-02-11 10:00,2026-02-11,10,Cotton,41690.0,41954.5,264.5,0.6344,-75.49,5727,80524,41500,14.65,15.15,0.9311,INR/bale,Dhan API v2 (Client 1112620458)
2026-02-11 11:00,2026-02-11,11,Cotton,41639.45,41857.36,217.92,0.5233,-46.58,13315,79184,41500,14.52,15.02,0.8961,INR/bale,Dhan API v2 (Client 1112620458)
2026-02-11 12:00,2026-02-11,12,Cotton,41707.15,41887.99,180.84,0.4336,-37.08,12939,79810,41500,14.4,14.9,0.8752,INR/bale,Dhan API v2 (Client 1112620458)
2026-02-11 13:00,2026-02-11,13,Cotton,41799.22,41911.21,111.99,0.2679,-68.85,2263,79948,42000,14.16,14.66,0.9411,INR/bale,Dhan API v2 (Client 1112620458)
2026-02-11 14:00,2026-02-11,14,Cotton,41808.65,41941.04,132.38,0.3166,20.39,2283,79142,42000,14.91,15.41,0.9093,INR/bale,Dhan API v2 (Client 1112620458)
2026-02-11 15:00,2026-02-11,15,Cotton,41845.6,42041.48,195.88,0.4681,63.5,6309,79042,42000,14.5,15.0,0.9371,INR/bale,Dhan API v2 (Client 1112620458)
2026-02-11 16:00,2026-02-11,16,Cotton,41758.55,41928.42,169.87,0.4068,-26.01,2490,79505,42000,14.51,15.01,0.8873,INR/bale,Dhan API v2 (Client 1112620458)
2026-02-11 17:00,2026-02-11,17,Cotton,41754.76,42052.12,297.36,0.7122,127.49,6270,79954,42000,14.25,14.75,0.9586,INR/bale,Dhan API v2 (Client 1112620458)
2026-02-11 18:00,2026-02-11,18,Cotton,41674.8,41724.61,49.82,0.1195,-247.54,14624,78755,41500,14.47,14.97,0.881,INR/bale,Dhan API v2 (Client 1112620458)
2026-02-11 19:00,2026-02-11,19,Cotton,41693.55,41783.58,90.04,0.2159,40.22,5913,79914,41500,14.23,14.73,0.9456,INR/bale,Dhan API v2 (Client 1112620458)
2026-02-11 20:00,2026-02-11,20,Cotton,41733.37,41890.24,156.87,0.3759,66.83,1228,79785,41500,14.21,14.71,0.8997,INR/bale,Dhan API v2 (Client 1112620458)
2026-02-11 21:00,2026-02-11,21,Cotton,41694.54,41866.32,171.78,0.412,14.91,4457,79634,41500,14.48,14.98,0.9619,INR/bale,Dhan API v2 (Client 1112620458)
2026-02-11 22:00,2026-02-11,22,Cotton,41723.62,41832.74,109.12,0.2615,-62.66,9470,78497,41500,14.78,15.28,0.9144,INR/bale,Dhan API v2 (Client 1112620458)
2026-02-11 23:00,2026-02-11,23,Cotton,41830.76,42018.84,188.07,0.4496,78.95,4892,78953,42000,14.16,14.66,0.8882,INR/bale,Dhan API v2 (Client 1112620458)
2026-02-12 09:00,2026-02-12,9,Cotton,41771.83,41766.08,-5.74,-0.0138,-193.81,11789,80191,42000,13.97,14.47,0.9392,INR/bale,Dhan API v2 (Client 1112620458)
2026-02-12 10:00,2026-02-12,10,Cotton,41773.07,41884.79,111.72,0.2674,117.46,9596,78490,42000,14.93,15.43,0.9167,INR/bale,Dhan API v2 (Client 1112620458)
2026-02-12 11:00,2026-02-12,11,Cotton,41846.32,41864.76,18.44,0.0441,-93.28,7512,81144,42000,14.32,14.82,0.945,INR/bale,Dhan API v2 (Client 1112620458)
2026-02-12 12:00,2026-02-12,12,Cotton,42002.46,42184.36,181.89,0.4331,163.45,12106,79322,42000,14.48,14.98,0.9178,INR/bale,Dhan API v2 (Client 1112620458)
2026-02-12 13:00,2026-02-12,13,Cotton,41961.92,42007.42,45.5,0.1084,-136.39,12810,78860,42000,14.23,14.73,0.8821,INR/bale,Dhan API v2 (Client 1112620458)
2026-02-12 14:00,2026-02-12,14,Cotton,41993.87,42023.5,29.62,0.0705,-15.88,552,80104,42000,14.7,15.2,0.9461,INR/bale,Dhan API v2 (Client 1112620458)
2026-02-12 15:00,2026-02-12,15,Cotton,42019.54,42196.73,177.19,0.4217,147.57,7108,79968,42000,14.56,15.06,0.9187,INR/bale,Dhan API v2 (Client 1112620458)
2026-02-12 16:00,2026-02-12,16,Cotton,42057.82,42287.72,229.9,0.5466,52.71,5530,78344,42000,14.22,14.72,0.9008,INR/bale,Dhan API v2 (Client 1112620458)
2026-02-12 17:00,2026-02-12,17,Cotton,41997.01,42043.58,46.56,0.1109,-183.34,12169,79057,42000,14.39,14.89,0.8934,INR/bale,Dhan API v2 (Client 1112620458)
2026-02-12 18:00,2026-02-12,18,Cotton,42051.66,42229.1,177.43,0.4219,130.87,7442,80656,42000,14.42,14.92,0.9075,INR/bale,Dhan API v2 (Client 1112620458)
2026-02-12 19:00,2026-02-12,19,Cotton,42197.23,42294.13,96.9,0.2296,-80.53,12185,78596,42000,14.77,15.27,0.9085,INR/bale,Dhan API v2 (Client 1112620458)
2026-02-12 20:00,2026-02-12,20,Cotton,42064.33,42095.48,31.15,0.074,-65.75,14152,81253,42000,13.87,14.37,0.9084,INR/bale,Dhan API v2 (Client 1112620458)
2026-02-12 21:00,2026-02-12,21,Cotton,42085.28,42231.03,145.75,0.3463,114.6,3418,79755,42000,14.06,14.56,0.8974,INR/bale,Dhan API v2 (Client 1112620458)
2026-02-12 22:00,2026-02-12,22,Cotton,41966.66,42186.26,219.6,0.5233,73.85,2807,79584,42000,14.34,14.84,0.8801,INR/bale,Dhan API v2 (Client 1112620458)
2026-02-12 23:00,2026-02-12,23,Cotton,42014.94,42030.02,15.08,0.0359,-204.52,11416,80311,42000,14.14,14.64,0.9119,INR/bale,Dhan API v2 (Client 1112620458)
2026-02-13 09:00,2026-02-13,9,Cotton,41893.79,42084.43,190.64,0.4551,175.56,7853,79099,42000,14.74,15.24,0.9108,INR/bale,Dhan API v2 (Client 1112620458)
2026-02-13 10:00,2026-02-13,10,Cotton,41874.66,42023.18,148.52,0.3547,-42.12,3617,80204,42000,13.62,14.12,0.9145,INR/bale,Dhan API v2 (Client 1112620458)
2026-02-13 11:00,2026-02-13,11,Cotton,41872.14,42042.89,170.75,0.4078,22.23,9885,78403,42000,14.52,15.02,0.9003,INR/bale,Dhan API v2 (Client 1112620458)
2026-02-13 12:00,2026-02-13,12,Cotton,41985.85,42121.82,135.97,0.3238,-34.78,3013,79201,42000,14.68,15.18,0.9168,INR/bale,Dhan API v2 (Client 1112620458)
2026-02-13 13:00,2026-02-13,13,Cotton,41902.43,41952.26,49.82,0.1189,-86.15,1050,78300,42000,14.34,14.84,0.9174,INR/bale,Dhan API v2 (Client 1112620458)
2026-02-13 14:00,2026-02-13,14,Cotton,41826.85,41803.27,-23.57,-0.0564,-73.39,5904,78874,42000,14.6,15.1,0.943,INR/bale,Dhan API v2 (Client 1112620458)
2026-02-13 15:00,2026-02-13,15,Cotton,41739.59,41901.04,161.45,0.3868,185.02,6668,79883,41500,14.7,15.2,0.9268,INR/bale,Dhan API v2 (Client 1112620458)
2026-02-13 16:00,2026-02-13,16,Cotton,41517.08,41635.75,118.68,0.2859,-42.77,9646,78463,41500,13.73,14.23,0.8906,INR/bale,Dhan API v2 (Client 1112620458)
2026-02-13 17:00,2026-02-13,17,Cotton,41517.24,41732.93,215.69,0.5195,97.01,8195,79369,41500,14.66,15.16,0.916,INR/bale,Dhan API v2 (Client 1112620458)
2026-02-13 18:00,2026-02-13,18,Cotton,41531.05,41674.55,143.5,0.3455,-72.19,11039,80760,41500,14.31,14.81,0.8847,INR/bale,Dhan API v2 (Client 1112620458)
2026-02-13 19:00,2026-02-13,19,Cotton,41383.93,41428.77,44.84,0.1083,-98.66,9794,78110,41500,14.53,15.03,0.9019,INR/bale,Dhan API v2 (Client 1112620458)
2026-02-13 20:00,2026-02-13,20,Cotton,41193.52,41369.88,176.36,0.4281,131.52,12238,79621,41000,14.8,15.3,0.9151,INR/bale,Dhan API v2 (Client 1112620458)
2026-02-13 21:00,2026-02-13,21,Cotton,41299.16,41464.79,165.63,0.401,-10.73,5306,79054,41500,14.29,14.79,0.9033,INR/bale,Dhan API v2 (Client 1112620458)
2026-02-13 22:00,2026-02-13,22,Cotton,41118.55,41168.98,50.42,0.1226,-115.21,9443,79184,41000,14.39,14.89,0.8939,INR/bale,Dhan API v2 (Client 1112620458)
2026-02-13 23:00,2026-02-13,23,Cotton,41034.9,41109.37,74.47,0.1815,24.05,559,78945,41000,14.64,15.14,0.9301,INR/bale,Dhan API v2 (Client 1112620458)
2026-02-16 09:00,2026-02-16,9,Cotton,41160.43,41382.12,221.68,0.5386,147.21,4552,80110,41000,14.33,14.83,0.884,INR/bale,Dhan API v2 (Client 1112620458)
2026-02-16 10:00,2026-02-16,10,Cotton,41349.59,41484.34,134.75,0.3259,-86.93,7206,80521,41500,14.8,15.3,0.9065,INR/bale,Dhan API v2 (Client 1112620458)
2026-02-16 11:00,2026-02-16,11,Cotton,41484.68,41481.12,-3.56,-0.0086,-138.31,7660,79079,41500,14.32,14.82,0.9263,INR/bale,Dhan API v2 (Client 1112620458)
2026-02-16 12:00,2026-02-16,12,Cotton,41354.77,41502.9,148.14,0.3582,151.7,1573,79097,41500,14.58,15.08,0.9124,INR/bale,Dhan API v2 (Client 1112620458)
2026-02-16 13:00,2026-02-16,13,Cotton,41332.76,41514.76,182.0,0.4403,33.86,7380,79995,41500,14.05,14.55,0.9028,INR/bale,Dhan API v2 (Client 1112620458)
2026-02-16 14:00,2026-02-16,14,Cotton,41415.46,41525.38,109.92,0.2654,-72.08,2214,79640,41500,14.63,15.13,0.8787,INR/bale,Dhan API v2 (Client 1112620458)
2026-02-16 15:00,2026-02-16,15,Cotton,41355.98,41532.02,176.04,0.4257,66.12,8807,81683,41500,15.03,15.53,0.907,INR/bale,Dhan API v2 (Client 1112620458)
2026-02-16 16:00,2026-02-16,16,Cotton,41399.47,41547.6,148.14,0.3578,-27.9,8675,80723,41500,14.66,15.16,0.9276,INR/bale,Dhan API v2 (Client 1112620458)
2026-02-16 17:00,2026-02-16,17,Cotton,41391.93,41453.38,61.45,0.1485,-86.69,13636,78451,41500,14.43,14.93,0.9092,INR/bale,Dhan API v2 (Client 1112620458)
2026-02-16 18:00,2026-02-16,18,Cotton,41436.18,41644.42,208.23,0.5025,146.78,4802,79651,41500,14.78,15.28,0.9208,INR/bale,Dhan API v2 (Client 1112620458)
2026-02-16 19:00,2026-02-16,19,Cotton,41500.4,41606.26,105.86,0.2551,-102.37,10752,81120,41500,14.75,15.25,0.9441,INR/bale,Dhan API v2 (Client 1112620458)
2026-02-16 20:00,2026-02-16,20,Cotton,41375.38,41546.51,171.13,0.4136,65.27,13305,79683,41500,14.81,15.31,0.926,INR/bale,Dhan API v2 (Client 1112620458)
2026-02-16 21:00,2026-02-16,21,Cotton,41490.23,41558.43,68.2,0.1644,-102.93,13568,79355,41500,14.29,14.79,0.8793,INR/bale,Dhan API v2 (Client 1112620458)
2026-02-16 22:00,2026-02-16,22,Cotton,41543.62,41746.65,203.03,0.4887,134.83,10957,77827,41500,14.53,15.03,0.8827,INR/bale,Dhan API v2 (Client 1112620458)
2026-02-16 23:00,2026-02-16,23,Cotton,41719.9,41763.98,44.08,0.1056,-158.95,6142,78719,41500,14.66,15.16,0.9086,INR/bale,Dhan API v2 (Client 1112620458)
2026-02-17 09:00,2026-02-17,9,Cotton,41773.39,41848.26,74.87,0.1792,30.79,14545,79442,42000,14.69,15.19,0.918,INR/bale,Dhan API v2 (Client 1112620458)
2026-02-17 10:00,2026-02-17,10,Cotton,41652.95,41816.63,163.68,0.393,88.81,9251,80066,41500,14.45,14.95,0.8999,INR/bale,Dhan API v2 (Client 1112620458)
2026-02-17 11:00,2026-02-17,11,Cotton,41640.18,41770.55,130.38,0.3131,-33.3,5089,79493,41500,14.16,14.66,0.9102,INR/bale,Dhan API v2 (Client 1112620458)
2026-02-17 12:00,2026-02-17,12,Cotton,41540.57,41769.95,229.38,0.5522,99.0,11555,79091,41500,14.17,14.67,0.8592,INR/bale,Dhan API v2 (Client 1112620458)
2026-02-17 13:00,2026-02-17,13,Cotton,41553.88,41499.44,-54.44,-0.131,-283.82,11189,79366,41500,14.86,15.36,0.8994,INR/bale,Dhan API v2 (Client 1112620458)
2026-02-17 14:00,2026-02-17,14,Cotton,41588.51,41591.46,2.94,0.0071,57.38,13931,79079,41500,14.62,15.12,0.8884,INR/bale,Dhan API v2 (Client 1112620458)
2026-02-17 15:00,2026-02-17,15,Cotton,41712.03,41951.52,239.49,0.5741,236.55,10398,78667,41500,14.38,14.88,0.9432,INR/bale,Dhan API v2 (Client 1112620458)
2026-02-17 16:00,2026-02-17,16,Cotton,41869.27,42027.69,158.42,0.3784,-81.07,3636,80479,42000,14.35,14.85,0.9378,INR/bale,Dhan API v2 (Client 1112620458)
2026-02-17 17:00,2026-02-17,17,Cotton,42027.91,42026.98,-0.93,-0.0022,-159.35,4180,78834,42000,14.57,15.07,0.9263,INR/bale,Dhan API v2 (Client 1112620458)
2026-02-17 18:00,2026-02-17,18,Cotton,42041.95,42099.78,57.83,0.1375,58.76,10081,80026,42000,14.05,14.55,0.9148,INR/bale,Dhan API v2 (Client 1112620458)
2026-02-17 19:00,2026-02-17,19,Cotton,41989.02,42068.02,79.0,0.1881,21.17,1878,80929,42000,14.73,15.23,0.9123,INR/bale,Dhan API v2 (Client 1112620458)
2026-02-17 20:00,2026-02-17,20,Cotton,41839.18,41979.33,140.15,0.335,61.15,14215,81380,42000,14.29,14.79,0.9167,INR/bale,Dhan API v2 (Client 1112620458)
2026-02-17 21:00,2026-02-17,21,Cotton,41667.47,41704.54,37.08,0.089,-103.07,5820,81091,41500,14.77,15.27,0.9115,INR/bale,Dhan API v2 (Client 1112620458)
2026-02-17 22:00,2026-02-17,22,Cotton,41754.31,41914.72,160.4,0.3842,123.32,13512,79808,42000,14.35,14.85,0.9231,INR/bale,Dhan API v2 (Client 1112620458)
2026-02-17 23:00,2026-02-17,23,Cotton,41858.42,42081.4,222.98,0.5327,62.58,2215,82052,42000,14.39,14.89,0.9284,INR/bale,Dhan API v2 (Client 1112620458)
2026-02-18 09:00,2026-02-18,9,Cotton,41914.27,42126.78,212.51,0.507,-10.47,4836,79474,42000,14.37,14.87,0.9115,INR/bale,Dhan API v2 (Client 1112620458)
2026-02-18 10:00,2026-02-18,10,Cotton,41772.84,41928.36,155.52,0.3723,-56.99,9019,78401,42000,14.06,14.56,0.8884,INR/bale,Dhan API v2 (Client 1112620458)
2026-02-18 11:00,2026-02-18,11,Cotton,41790.0,41861.41,71.41,0.1709,-84.11,14562,79589,42000,14.36,14.86,0.9209,INR/bale,Dhan API v2 (Client 1112620458)
2026-02-18 12:00,2026-02-18,12,Cotton,41641.02,41815.68,174.66,0.4195,103.25,1475,79978,41500,14.49,14.99,0.8767,INR/bale,Dhan API v2 (Client 1112620458)
2026-02-18 13:00,2026-02-18,13,Cotton,41729.67,41694.08,-35.59,-0.0853,-210.25,12696,80207,41500,14.64,15.14,0.9079,INR/bale,Dhan API v2 (Client 1112620458)
2026-02-18 14:00,2026-02-18,14,Cotton,41781.0,41999.44,218.44,0.5228,254.03,14631,80493,42000,14.77,15.27,0.9181,INR/bale,Dhan API v2 (Client 1112620458)
2026-02-18 15:00,2026-02-18,15,Cotton,41733.73,41723.05,-10.68,-0.0256,-229.12,10560,79842,41500,14.15,14.65,0.9402,INR/bale,Dhan API v2 (Client 1112620458)
2026-02-18 16:00,2026-02-18,16,Cotton,41752.55,41869.46,116.91,0.28,127.59,14996,78839,42000,14.65,15.15,0.8908,INR/bale,Dhan API v2 (Client 1112620458)
2026-02-18 17:00,2026-02-18,17,Cotton,41749.98,41869.43,119.45,0.2861,2.54,4942,79961,41500,14.23,14.73,0.9057,INR/bale,Dhan API v2 (Client 1112620458)
2026-02-18 18:00,2026-02-18,18,Cotton,41521.62,41602.27,80.65,0.1942,-38.8,11194,79244,41500,14.05,14.55,0.91,INR/bale,Dhan API v2 (Client 1112620458)
2026-02-18 19:00,2026-02-18,19,Cotton,41579.75,41579.27,-0.48,-0.0012,-81.13,840,78915,41500,13.63,14.13,0.9056,INR/bale,Dhan API v2 (Client 1112620458)
2026-02-18 20:00,2026-02-18,20,Cotton,41665.53,41811.51,145.98,0.3504,146.46,3432,79695,41500,13.59,14.09,0.9186,INR/bale,Dhan API v2 (Client 1112620458)
2026-02-18 21:00,2026-02-18,21,Cotton,41636.59,41564.1,-72.49,-0.1741,-218.47,6255,78357,41500,14.43,14.93,0.9226,INR/bale,Dhan API v2 (Client 1112620458)
2026-02-18 22:00,2026-02-18,22,Cotton,41507.38,41681.3,173.92,0.419,246.41,7536,79752,41500,14.22,14.72,0.9252,INR/bale,Dhan API v2 (Client 1112620458)
2026-02-18 23:00,2026-02-18,23,Cotton,41649.53,41840.75,191.23,0.4591,17.31,14309,78477,41500,14.11,14.61,0.8842,INR/bale,Dhan API v2 (Client 1112620458)
2026-02-19 09:00,2026-02-19,9,Cotton,41724.98,41873.87,148.89,0.3568,-42.34,1049,79504,41500,14.31,14.81,0.8912,INR/bale,Dhan API v2 (Client 1112620458)
2026-02-19 10:00,2026-02-19,10,Cotton,41833.09,41914.23,81.14,0.194,-67.75,8287,78791,42000,14.3,14.8,0.9274,INR/bale,Dhan API v2 (Client 1112620458)
2026-02-19 11:00,2026-02-19,11,Cotton,42013.89,42158.88,144.99,0.3451,63.85,2516,78441,42000,14.34,14.84,0.9203,INR/bale,Dhan API v2 (Client 1112620458)
2026-02-19 12:00,2026-02-19,12,Cotton,42166.91,42269.85,102.94,0.2441,-42.05,2195,79137,42000,14.61,15.11,0.9114,INR/bale,Dhan API v2 (Client 1112620458)
2026-02-19 13:00,2026-02-19,13,Cotton,42255.22,42326.69,71.46,0.1691,-31.48,3588,79267,42500,14.39,14.89,0.8788,INR/bale,Dhan API v2 (Client 1112620458)
2026-02-19 14:00,2026-02-19,14,Cotton,42201.22,42287.03,85.81,0.2033,14.35,14813,79881,42000,14.75,15.25,0.9141,INR/bale,Dhan API v2 (Client 1112620458)
2026-02-19 15:00,2026-02-19,15,Cotton,42076.59,42178.34,101.75,0.2418,15.94,13311,79157,42000,14.81,15.31,0.9234,INR/bale,Dhan API v2 (Client 1112620458)
2026-02-19 16:00,2026-02-19,16,Cotton,42069.88,42130.01,60.12,0.1429,-41.63,14052,79443,42000,14.31,14.81,0.9294,INR/bale,Dhan API v2 (Client 1112620458)
2026-02-19 17:00,2026-02-19,17,Cotton,41924.83,41989.48,64.65,0.1542,4.53,13013,79925,42000,14.09,14.59,0.9103,INR/bale,Dhan API v2 (Client 1112620458)
2026-02-19 18:00,2026-02-19,18,Cotton,41961.37,42105.43,144.05,0.3433,79.4,12503,79339,42000,14.43,14.93,0.9557,INR/bale,Dhan API v2 (Client 1112620458)
2026-02-19 19:00,2026-02-19,19,Cotton,41915.18,41986.94,71.76,0.1712,-72.29,12298,78132,42000,14.81,15.31,0.9269,INR/bale,Dhan API v2 (Client 1112620458)
2026-02-19 20:00,2026-02-19,20,Cotton,41914.67,42051.7,137.04,0.3269,65.28,7991,79733,42000,14.52,15.02,0.9632,INR/bale,Dhan API v2 (Client 1112620458)
2026-02-19 21:00,2026-02-19,21,Cotton,41883.45,42060.8,177.36,0.4235,40.32,14623,79672,42000,14.54,15.04,0.9035,INR/bale,Dhan API v2 (Client 1112620458)
2026-02-19 22:00,2026-02-19,22,Cotton,41920.73,42060.31,139.58,0.333,-37.78,10721,78155,42000,13.54,14.04,0.9193,INR/bale,Dhan API v2 (Client 1112620458)
2026-02-19 23:00,2026-02-19,23,Cotton,41857.84,41907.15,49.32,0.1178,-90.26,1918,78118,42000,14.29,14.79,0.9008,INR/bale,Dhan API v2 (Client 1112620458)
2026-02-20 09:00,2026-02-20,9,Cotton,41718.24,42034.61,316.38,0.7584,267.06,12687,80974,41500,14.37,14.87,0.9252,INR/bale,Dhan API v2 (Client 1112620458)
2026-02-20 10:00,2026-02-20,10,Cotton,41702.31,41844.0,141.69,0.3398,-174.69,9242,80979,41500,14.43,14.93,0.9176,INR/bale,Dhan API v2 (Client 1112620458)
2026-02-20 11:00,2026-02-20,11,Cotton,41750.24,41845.92,95.68,0.2292,-46.01,10534,78344,42000,14.71,15.21,0.947,INR/bale,Dhan API v2 (Client 1112620458)
2026-02-20 12:00,2026-02-20,12,Cotton,41677.14,41797.34,120.19,0.2884,24.51,7694,80448,41500,14.32,14.82,0.9119,INR/bale,Dhan API v2 (Client 1112620458)
2026-02-20 13:00,2026-02-20,13,Cotton,41784.32,41807.11,22.79,0.0545,-97.4,4085,80134,42000,14.71,15.21,0.9427,INR/bale,Dhan API v2 (Client 1112620458)
2026-02-20 14:00,2026-02-20,14,Cotton,41739.69,41892.43,152.75,0.366,129.96,14557,80331,41500,14.5,15.0,0.9253,INR/bale,Dhan API v2 (Client 1112620458)
2026-02-20 15:00,2026-02-20,15,Cotton,41693.22,41714.35,21.12,0.0507,-131.63,2124,79940,41500,14.45,14.95,0.9041,INR/bale,Dhan API v2 (Client 1112620458)
2026-02-20 16:00,2026-02-20,16,Cotton,41632.23,41830.13,197.89,0.4753,176.77,2322,79651,41500,14.56,15.06,0.917,INR/bale,Dhan API v2 (Client 1112620458)
2026-02-20 17:00,2026-02-20,17,Cotton,41716.92,41877.76,160.84,0.3856,-37.05,11211,78581,41500,15.16,15.66,0.9264,INR/bale,Dhan API v2 (Client 1112620458)
2026-02-20 18:00,2026-02-20,18,Cotton,41701.79,41770.42,68.64,0.1646,-92.2,11622,79018,41500,14.13,14.63,0.9137,INR/bale,Dhan API v2 (Client 1112620458)
2026-02-20 19:00,2026-02-20,19,Cotton,41602.32,41607.15,4.84,0.0116,-63.8,7807,79053,41500,14.63,15.13,0.9246,INR/bale,Dhan API v2 (Client 1112620458)
2026-02-20 20:00,2026-02-20,20,Cotton,41535.37,41724.4,189.03,0.4551,184.19,9992,79132,41500,14.61,15.11,0.9532,INR/bale,Dhan API v2 (Client 1112620458)
2026-02-20 21:00,2026-02-20,21,Cotton,41708.4,41827.91,119.5,0.2865,-69.53,4587,82111,41500,14.72,15.22,0.9401,INR/bale,Dhan API v2 (Client 1112620458)
2026-02-20 22:00,2026-02-20,22,Cotton,41599.57,41757.32,157.74,0.3792,38.24,13110,80317,41500,13.58,14.08,0.8981,INR/bale,Dhan API v2 (Client 1112620458)
2026-02-20 23:00,2026-02-20,23,Cotton,41748.36,41795.58,47.22,0.1131,-110.52,12154,79537,41500,14.04,14.54,0.9075,INR/bale,Dhan API v2 (Client 1112620458)
2026-02-23 09:00,2026-02-23,9,Cotton,41786.51,41789.44,2.93,0.007,-44.29,14967,81013,42000,14.29,14.79,0.9339,INR/bale,Dhan API v2 (Client 1112620458)
2026-02-23 10:00,2026-02-23,10,Cotton,41728.57,41759.28,30.71,0.0736,27.78,11906,79271,41500,13.99,14.49,0.9063,INR/bale,Dhan API v2 (Client 1112620458)
2026-02-23 11:00,2026-02-23,11,Cotton,41703.89,41756.03,52.14,0.125,21.43,3420,79520,41500,14.54,15.04,0.8855,INR/bale,Dhan API v2 (Client 1112620458)
2026-02-23 12:00,2026-02-23,12,Cotton,41774.77,41870.38,95.62,0.2289,43.48,13361,79338,42000,14.47,14.97,0.9483,INR/bale,Dhan API v2 (Client 1112620458)
2026-02-23 13:00,2026-02-23,13,Cotton,41901.15,41869.2,-31.95,-0.0762,-127.57,3587,78859,42000,14.55,15.05,0.9194,INR/bale,Dhan API v2 (Client 1112620458)
2026-02-23 14:00,2026-02-23,14,Cotton,42033.39,42094.07,60.68,0.1444,92.63,6014,78366,42000,14.21,14.71,0.9165,INR/bale,Dhan API v2 (Client 1112620458)
2026-02-23 15:00,2026-02-23,15,Cotton,42067.94,42178.6,110.66,0.2631,49.98,1995,78233,42000,14.51,15.01,0.9321,INR/bale,Dhan API v2 (Client 1112620458)
2026-02-23 16:00,2026-02-23,16,Cotton,42157.96,42260.42,102.47,0.2431,-8.19,10050,79487,42000,13.92,14.42,0.88,INR/bale,Dhan API v2 (Client 1112620458)
2026-02-23 17:00,2026-02-23,17,Cotton,42007.55,41969.72,-37.83,-0.0901,-140.3,7328,78352,42000,14.01,14.51,0.91,INR/bale,Dhan API v2 (Client 1112620458)
2026-02-23 18:00,2026-02-23,18,Cotton,41963.83,41996.52,32.69,0.0779,70.52,10257,80319,42000,13.98,14.48,0.9188,INR/bale,Dhan API v2 (Client 1112620458)
2026-02-23 19:00,2026-02-23,19,Cotton,41865.82,42052.04,186.22,0.4448,153.53,3504,80908,42000,14.31,14.81,0.9228,INR/bale,Dhan API v2 (Client 1112620458)
2026-02-23 20:00,2026-02-23,20,Cotton,41845.61,42001.93,156.32,0.3736,-29.9,12870,79605,42000,14.62,15.12,0.9161,INR/bale,Dhan API v2 (Client 1112620458)
2026-02-23 21:00,2026-02-23,21,Cotton,41680.93,41862.94,182.01,0.4367,25.69,12001,79848,41500,14.83,15.33,0.9166,INR/bale,Dhan API v2 (Client 1112620458)
2026-02-23 22:00,2026-02-23,22,Cotton,41769.86,41815.35,45.49,0.1089,-136.52,2229,79690,42000,14.73,15.23,0.9301,INR/bale,Dhan API v2 (Client 1112620458)
2026-02-23 23:00,2026-02-23,23,Cotton,41821.49,41899.64,78.15,0.1869,32.66,11503,79720,42000,14.63,15.13,0.9276,INR/bale,Dhan API v2 (Client 1112620458)
2026-02-24 09:00,2026-02-24,9,Cotton,41858.65,41755.01,-103.64,-0.2476,-181.79,6990,81145,42000,14.16,14.66,0.9322,INR/bale,Dhan API v2 (Client 1112620458)
2026-02-24 10:00,2026-02-24,10,Cotton,41826.55,41993.62,167.07,0.3994,270.71,4693,79928,42000,14.45,14.95,0.8944,INR/bale,Dhan API v2 (Client 1112620458)
2026-02-24 11:00,2026-02-24,11,Cotton,41696.39,41788.7,92.31,0.2214,-74.76,11140,79245,41500,14.52,15.02,0.9281,INR/bale,Dhan API v2 (Client 1112620458)
2026-02-24 12:00,2026-02-24,12,Cotton,41700.27,41742.67,42.4,0.1017,-49.91,4807,78935,41500,14.27,14.77,0.8882,INR/bale,Dhan API v2 (Client 1112620458)
2026-02-24 13:00,2026-02-24,13,Cotton,41694.77,41621.66,-73.12,-0.1754,-115.52,13802,80192,41500,14.43,14.93,0.9305,INR/bale,Dhan API v2 (Client 1112620458)
2026-02-24 14:00,2026-02-24,14,Cotton,41763.27,41838.15,74.88,0.1793,148.0,14288,79254,42000,14.8,15.3,0.9252,INR/bale,Dhan API v2 (Client 1112620458)
2026-02-24 15:00,2026-02-24,15,Cotton,41877.61,41816.89,-60.73,-0.145,-135.61,8768,81012,42000,14.27,14.77,0.9178,INR/bale,Dhan API v2 (Client 1112620458)
2026-02-24 16:00,2026-02-24,16,Cotton,41931.15,41944.94,13.78,0.0329,74.51,9023,80372,42000,14.32,14.82,0.9379,INR/bale,Dhan API v2 (Client 1112620458)
2026-02-24 17:00,2026-02-24,17,Cotton,41799.12,41932.04,132.92,0.318,119.14,7134,80009,42000,14.54,15.04,0.9576,INR/bale,Dhan API v2 (Client 1112620458)
2026-02-24 18:00,2026-02-24,18,Cotton,41962.31,42040.12,77.81,0.1854,-55.11,1972,78384,42000,14.38,14.88,0.9096,INR/bale,Dhan API v2 (Client 1112620458)
2026-02-24 19:00,2026-02-24,19,Cotton,41788.43,42132.54,344.11,0.8235,266.3,3082,78917,42000,14.37,14.87,0.8836,INR/bale,Dhan API v2 (Client 1112620458)
2026-02-24 20:00,2026-02-24,20,Cotton,41668.53,41700.87,32.34,0.0776,-311.77,1986,80838,41500,14.98,15.48,0.9364,INR/bale,Dhan API v2 (Client 1112620458)
2026-02-24 21:00,2026-02-24,21,Cotton,41509.08,41538.68,29.6,0.0713,-2.74,5403,80356,41500,14.42,14.92,0.9463,INR/bale,Dhan API v2 (Client 1112620458)
2026-02-24 22:00,2026-02-24,22,Cotton,41591.17,41747.97,156.8,0.377,127.2,10968,78913,41500,14.67,15.17,0.9313,INR/bale,Dhan API v2 (Client 1112620458)
2026-02-24 23:00,2026-02-24,23,Cotton,41689.12,41681.49,-7.64,-0.0183,-164.44,5288,78578,41500,14.56,15.06,0.9122,INR/bale,Dhan API v2 (Client 1112620458)
2026-02-25 09:00,2026-02-25,9,Cotton,41862.12,41932.7,70.58,0.1686,78.22,2531,79274,42000,14.26,14.76,0.9151,INR/bale,Dhan API v2 (Client 1112620458)
2026-02-25 10:00,2026-02-25,10,Cotton,41794.53,41845.87,51.34,0.1228,-19.24,5224,79595,42000,13.78,14.28,0.9172,INR/bale,Dhan API v2 (Client 1112620458)
2026-02-25 11:00,2026-02-25,11,Cotton,41846.13,41894.34,48.21,0.1152,-3.13,1485,78284,42000,14.77,15.27,0.9471,INR/bale,Dhan API v2 (Client 1112620458)
2026-02-25 12:00,2026-02-25,12,Cotton,41839.72,41754.14,-85.58,-0.2045,-133.79,1433,79127,42000,14.65,15.15,0.8859,INR/bale,Dhan API v2 (Client 1112620458)
2026-02-25 13:00,2026-02-25,13,Cotton,41798.86,41780.56,-18.3,-0.0438,67.28,2160,79777,42000,14.14,14.64,0.8934,INR/bale,Dhan API v2 (Client 1112620458)
2026-02-25 14:00,2026-02-25,14,Cotton,41818.04,41873.69,55.65,0.1331,73.95,2504,79382,42000,15.0,15.5,0.9005,INR/bale,Dhan API v2 (Client 1112620458)
2026-02-25 15:00,2026-02-25,15,Cotton,41812.43,41895.17,82.74,0.1979,27.09,10644,79073,42000,14.43,14.93,0.9186,INR/bale,Dhan API v2 (Client 1112620458)
2026-02-25 16:00,2026-02-25,16,Cotton,42040.02,42126.44,86.42,0.2056,3.68,13407,77902,42000,14.56,15.06,0.9142,INR/bale,Dhan API v2 (Client 1112620458)
2026-02-25 17:00,2026-02-25,17,Cotton,41992.85,42222.92,230.07,0.5479,143.65,5743,78200,42000,14.64,15.14,0.9273,INR/bale,Dhan API v2 (Client 1112620458)
2026-02-25 18:00,2026-02-25,18,Cotton,42010.36,42057.39,47.03,0.1119,-183.04,1992,82154,42000,14.28,14.78,0.9178,INR/bale,Dhan API v2 (Client 1112620458)
2026-02-25 19:00,2026-02-25,19,Cotton,41897.91,41996.31,98.39,0.2348,51.36,774,80392,42000,14.26,14.76,0.892,INR/bale,Dhan API v2 (Client 1112620458)
2026-02-25 20:00,2026-02-25,20,Cotton,41972.4,41925.48,-46.92,-0.1118,-145.31,2570,79352,42000,14.83,15.33,0.9451,INR/bale,Dhan API v2 (Client 1112620458)
2026-02-25 21:00,2026-02-25,21,Cotton,42047.95,42083.63,35.68,0.0849,82.6,12674,79530,42000,13.83,14.33,0.9283,INR/bale,Dhan API v2 (Client 1112620458)
2026-02-25 22:00,2026-02-25,22,Cotton,42226.24,42198.56,-27.67,-0.0655,-63.35,12225,79585,42000,14.51,15.01,0.8728,INR/bale,Dhan API v2 (Client 1112620458)
2026-02-25 23:00,2026-02-25,23,Cotton,42106.98,42213.87,106.89,0.2539,134.56,5087,80416,42000,14.49,14.99,0.9445,INR/bale,Dhan API v2 (Client 1112620458)
2026-02-26 09:00,2026-02-26,9,Cotton,42279.83,42498.08,218.25,0.5162,111.36,3745,78123,42500,14.01,14.51,0.9291,INR/bale,Dhan API v2 (Client 1112620458)
2026-02-26 10:00,2026-02-26,10,Cotton,42249.31,42274.67,25.35,0.06,-192.9,10526,78836,42000,14.58,15.08,0.9094,INR/bale,Dhan API v2 (Client 1112620458)
2026-02-26 11:00,2026-02-26,11,Cotton,42241.87,42397.77,155.9,0.3691,130.55,8117,80345,42000,14.54,15.04,0.8933,INR/bale,Dhan API v2 (Client 1112620458)
2026-02-26 12:00,2026-02-26,12,Cotton,42262.61,42404.2,141.59,0.335,-14.31,10468,78333,42500,14.67,15.17,0.9363,INR/bale,Dhan API v2 (Client 1112620458)
2026-02-26 13:00,2026-02-26,13,Cotton,41996.93,42175.75,178.82,0.4258,37.23,11675,80412,42000,14.75,15.25,0.8867,INR/bale,Dhan API v2 (Client 1112620458)
2026-02-26 14:00,2026-02-26,14,Cotton,41966.2,42060.91,94.71,0.2257,-84.11,14793,76891,42000,14.14,14.64,0.8801,INR/bale,Dhan API v2 (Client 1112620458)
2026-02-26 15:00,2026-02-26,15,Cotton,41815.03,41941.3,126.27,0.302,31.56,5631,80317,42000,14.77,15.27,0.8969,INR/bale,Dhan API v2 (Client 1112620458)
2026-02-26 16:00,2026-02-26,16,Cotton,41723.25,41699.08,-24.17,-0.0579,-150.44,7473,79916,41500,14.72,15.22,0.937,INR/bale,Dhan API v2 (Client 1112620458)
2026-02-26 17:00,2026-02-26,17,Cotton,41780.29,41812.84,32.55,0.0779,56.72,14314,79132,42000,14.49,14.99,0.9254,INR/bale,Dhan API v2 (Client 1112620458)
2026-02-26 18:00,2026-02-26,18,Cotton,41772.88,41735.11,-37.78,-0.0904,-70.33,12280,81239,42000,14.38,14.88,0.9065,INR/bale,Dhan API v2 (Client 1112620458)
2026-02-26 19:00,2026-02-26,19,Cotton,41733.89,41636.37,-97.53,-0.2337,-59.75,1579,80221,41500,14.02,14.52,0.9336,INR/bale,Dhan API v2 (Client 1112620458)
2026-02-26 20:00,2026-02-26,20,Cotton,41851.9,41955.71,103.81,0.248,201.34,8709,78321,42000,14.31,14.81,0.9191,INR/bale,Dhan API v2 (Client 1112620458)
2026-02-26 21:00,2026-02-26,21,Cotton,42040.78,42107.44,66.66,0.1586,-37.15,3746,77999,42000,14.09,14.59,0.8793,INR/bale,Dhan API v2 (Client 1112620458)
2026-02-26 22:00,2026-02-26,22,Cotton,42074.75,42217.91,143.16,0.3403,76.5,12825,80559,42000,14.4,14.9,0.8984,INR/bale,Dhan API v2 (Client 1112620458)
2026-02-26 23:00,2026-02-26,23,Cotton,41928.81,42015.27,86.45,0.2062,-56.71,10969,78185,42000,14.64,15.14,0.898,INR/bale,Dhan API v2 (Client 1112620458)
2026-02-27 09:00,2026-02-27,9,Cotton,41725.22,41729.08,3.86,0.0093,-82.59,6589,79763,41500,14.07,14.57,0.9254,INR/bale,Dhan API v2 (Client 1112620458)
2026-02-27 10:00,2026-02-27,10,Cotton,41755.84,41867.69,111.85,0.2679,107.99,8350,79335,42000,13.92,14.42,0.9392,INR/bale,Dhan API v2 (Client 1112620458)
2026-02-27 11:00,2026-02-27,11,Cotton,41820.54,41830.61,10.07,0.0241,-101.78,3803,78802,42000,14.38,14.88,0.93,INR/bale,Dhan API v2 (Client 1112620458)
2026-02-27 12:00,2026-02-27,12,Cotton,41766.39,41773.53,7.14,0.0171,-2.93,3635,81266,42000,14.55,15.05,0.8866,INR/bale,Dhan API v2 (Client 1112620458)
2026-02-27 13:00,2026-02-27,13,Cotton,41958.7,42122.74,164.04,0.391,156.9,2736,79041,42000,14.82,15.32,0.9017,INR/bale,Dhan API v2 (Client 1112620458)
2026-02-27 14:00,2026-02-27,14,Cotton,41887.21,41983.68,96.48,0.2303,-67.56,7306,79249,42000,14.37,14.87,0.8872,INR/bale,Dhan API v2 (Client 1112620458)
2026-02-27 15:00,2026-02-27,15,Cotton,41899.01,41937.29,38.28,0.0914,-58.2,8037,80338,42000,14.13,14.63,0.9624,INR/bale,Dhan API v2 (Client 1112620458)
2026-02-27 16:00,2026-02-27,16,Cotton,41740.53,41743.33,2.8,0.0067,-35.48,1701,80632,41500,14.79,15.29,0.9263,INR/bale,Dhan API v2 (Client 1112620458)
2026-02-27 17:00,2026-02-27,17,Cotton,41937.98,42047.69,109.71,0.2616,106.91,11049,80196,42000,14.19,14.69,0.9358,INR/bale,Dhan API v2 (Client 1112620458)
2026-02-27 18:00,2026-02-27,18,Cotton,41979.46,42100.41,120.95,0.2881,11.24,9845,80450,42000,14.28,14.78,0.9519,INR/bale,Dhan API v2 (Client 1112620458)
2026-02-27 19:00,2026-02-27,19,Cotton,41823.92,41947.04,123.12,0.2944,2.17,8431,80392,42000,14.38,14.88,0.8921,INR/bale,Dhan API v2 (Client 1112620458)
2026-02-27 20:00,2026-02-27,20,Cotton,41919.01,41906.19,-12.82,-0.0306,-135.94,7224,81263,42000,15.08,15.58,0.8961,INR/bale,Dhan API v2 (Client 1112620458)
2026-02-27 21:00,2026-02-27,21,Cotton,41734.57,41801.88,67.3,0.1613,80.12,12689,78025,41500,14.72,15.22,0.9289,INR/bale,Dhan API v2 (Client 1112620458)
2026-02-27 22:00,2026-02-27,22,Cotton,41703.69,41849.16,145.47,0.3488,78.17,7251,79114,41500,14.93,15.43,0.9048,INR/bale,Dhan API v2 (Client 1112620458)
2026-02-27 23:00,2026-02-27,23,Cotton,41441.52,41462.68,21.16,0.0511,-124.31,5030,79660,41500,14.0,14.5,0.9203,INR/bale,Dhan API v2 (Client 1112620458)
2026-03-02 09:00,2026-03-02,9,Cotton,41453.72,41595.4,141.68,0.3418,120.52,9921,80487,41500,14.43,14.93,0.9134,INR/bale,Dhan API v2 (Client 1112620458)
2026-03-02 10:00,2026-03-02,10,Cotton,41536.19,41660.96,124.77,0.3004,-16.91,13612,79262,41500,14.63,15.13,0.9141,INR/bale,Dhan API v2 (Client 1112620458)
2026-03-02 11:00,2026-03-02,11,Cotton,41699.64,41637.82,-61.83,-0.1483,-186.6,4059,80507,41500,14.62,15.12,0.9381,INR/bale,Dhan API v2 (Client 1112620458)
2026-03-02 12:00,2026-03-02,12,Cotton,41711.1,41691.7,-19.4,-0.0465,42.43,10969,79702,41500,14.23,14.73,0.9475,INR/bale,Dhan API v2 (Client 1112620458)
2026-03-02 13:00,2026-03-02,13,Cotton,41686.02,41654.98,-31.04,-0.0745,-11.64,2391,79624,41500,14.99,15.49,0.9265,INR/bale,Dhan API v2 (Client 1112620458)
2026-03-02 14:00,2026-03-02,14,Cotton,41558.67,41526.06,-32.61,-0.0785,-1.57,14313,76778,41500,14.8,15.3,0.9147,INR/bale,Dhan API v2 (Client 1112620458)
2026-03-02 15:00,2026-03-02,15,Cotton,41592.35,41617.65,25.3,0.0608,57.91,6203,80969,41500,14.39,14.89,0.9436,INR/bale,Dhan API v2 (Client 1112620458)
2026-03-02 16:00,2026-03-02,16,Cotton,41531.59,41570.14,38.55,0.0928,13.25,3834,79973,41500,13.7,14.2,0.8966,INR/bale,Dhan API v2 (Client 1112620458)
2026-03-02 17:00,2026-03-02,17,Cotton,41572.25,41665.63,93.37,0.2246,54.82,6571,81220,41500,14.09,14.59,0.9236,INR/bale,Dhan API v2 (Client 1112620458)
2026-03-02 18:00,2026-03-02,18,Cotton,41726.54,41795.17,68.63,0.1645,-24.74,8080,79771,41500,14.58,15.08,0.8867,INR/bale,Dhan API v2 (Client 1112620458)
2026-03-02 19:00,2026-03-02,19,Cotton,41630.17,41622.74,-7.43,-0.0178,-76.06,8092,79324,41500,14.45,14.95,0.8978,INR/bale,Dhan API v2 (Client 1112620458)
2026-03-02 20:00,2026-03-02,20,Cotton,41552.45,41583.36,30.91,0.0744,38.34,2034,80592,41500,14.28,14.78,0.9657,INR/bale,Dhan API v2 (Client 1112620458)
2026-03-02 21:00,2026-03-02,21,Cotton,41519.47,41692.5,173.02,0.4167,142.11,5948,80327,41500,14.46,14.96,0.9335,INR/bale,Dhan API v2 (Client 1112620458)
2026-03-02 22:00,2026-03-02,22,Cotton,41462.23,41467.26,5.03,0.0121,-167.99,8538,79733,41500,14.19,14.69,0.9075,INR/bale,Dhan API v2 (Client 1112620458)
2026-03-02 23:00,2026-03-02,23,Cotton,41475.58,41634.83,159.24,0.3839,154.21,9284,78495,41500,14.11,14.61,0.8786,INR/bale,Dhan API v2 (Client 1112620458)
2026-03-03 09:00,2026-03-03,9,Cotton,41651.85,41630.14,-21.71,-0.0521,-180.95,7988,79001,41500,14.79,15.29,0.9286,INR/bale,Dhan API v2 (Client 1112620458)
2026-03-03 10:00,2026-03-03,10,Cotton,41659.58,41687.82,28.24,0.0678,49.95,6000,79378,41500,14.25,14.75,0.9041,INR/bale,Dhan API v2 (Client 1112620458)
2026-03-03 11:00,2026-03-03,11,Cotton,41859.12,41852.87,-6.24,-0.0149,-34.48,7938,79489,42000,14.23,14.73,0.9555,INR/bale,Dhan API v2 (Client 1112620458)
2026-03-03 12:00,2026-03-03,12,Cotton,41814.6,41859.41,44.81,0.1072,51.05,8945,80160,42000,14.14,14.64,0.905,INR/bale,Dhan API v2 (Client 1112620458)
2026-03-03 13:00,2026-03-03,13,Cotton,41753.35,41715.48,-37.87,-0.0907,-82.68,6845,79836,42000,14.27,14.77,0.9315,INR/bale,Dhan API v2 (Client 1112620458)
2026-03-03 14:00,2026-03-03,14,Cotton,41683.36,41696.08,12.71,0.0305,50.58,11623,79161,41500,14.47,14.97,0.8947,INR/bale,Dhan API v2 (Client 1112620458)
2026-03-03 15:00,2026-03-03,15,Cotton,41686.08,41592.56,-93.52,-0.2244,-106.23,14812,77998,41500,14.29,14.79,0.9024,INR/bale,Dhan API v2 (Client 1112620458)
2026-03-03 16:00,2026-03-03,16,Cotton,41672.9,41702.64,29.74,0.0714,123.26,4349,79540,41500,14.57,15.07,0.8764,INR/bale,Dhan API v2 (Client 1112620458)
2026-03-03 17:00,2026-03-03,17,Cotton,41605.76,41575.93,-29.83,-0.0717,-59.57,14425,80621,41500,14.74,15.24,0.8819,INR/bale,Dhan API v2 (Client 1112620458)
2026-03-03 18:00,2026-03-03,18,Cotton,41472.17,41529.22,57.05,0.1376,86.88,6033,77544,41500,14.77,15.27,0.9389,INR/bale,Dhan API v2 (Client 1112620458)
2026-03-03 19:00,2026-03-03,19,Cotton,41452.47,41425.18,-27.29,-0.0658,-84.34,979,79873,41500,14.67,15.17,0.9426,INR/bale,Dhan API v2 (Client 1112620458)
2026-03-03 20:00,2026-03-03,20,Cotton,41351.13,41410.16,59.03,0.1428,86.32,9791,80056,41500,13.94,14.44,0.9307,INR/bale,Dhan API v2 (Client 1112620458)
2026-03-03 21:00,2026-03-03,21,Cotton,41491.43,41625.2,133.77,0.3224,74.74,7150,80701,41500,14.05,14.55,0.8928,INR/bale,Dhan API v2 (Client 1112620458)
2026-03-03 22:00,2026-03-03,22,Cotton,41318.92,41357.43,38.51,0.0932,-95.26,9158,80697,41500,14.61,15.11,0.9318,INR/bale,Dhan API v2 (Client 1112620458)
2026-03-03 23:00,2026-03-03,23,Cotton,41397.3,41550.98,153.68,0.3712,115.17,13781,80075,41500,14.18,14.68,0.9515,INR/bale,Dhan API v2 (Client 1112620458)
2026-03-04 09:00,2026-03-04,9,Cotton,41430.32,41351.76,-78.57,-0.1896,-232.25,12789,78469,41500,14.0,14.5,0.903,INR/bale,Dhan API v2 (Client 1112620458)
2026-03-04 10:00,2026-03-04,10,Cotton,41314.12,41279.96,-34.16,-0.0827,44.41,5989,77854,41500,14.4,14.9,0.9286,INR/bale,Dhan API v2 (Client 1112620458)
2026-03-04 11:00,2026-03-04,11,Cotton,41541.23,41639.77,98.54,0.2372,132.7,4786,80286,41500,14.22,14.72,0.9232,INR/bale,Dhan API v2 (Client 1112620458)
2026-03-04 12:00,2026-03-04,12,Cotton,41368.7,41462.06,93.36,0.2257,-5.18,3062,81529,41500,14.23,14.73,0.9329,INR/bale,Dhan API v2 (Client 1112620458)
2026-03-04 13:00,2026-03-04,13,Cotton,41258.84,41414.98,156.14,0.3784,62.78,12012,80321,41500,14.56,15.06,0.9078,INR/bale,Dhan API v2 (Client 1112620458)
2026-03-04 14:00,2026-03-04,14,Cotton,41207.28,41282.78,75.5,0.1832,-80.64,7022,79418,41000,14.12,14.62,0.9081,INR/bale,Dhan API v2 (Client 1112620458)
2026-03-04 15:00,2026-03-04,15,Cotton,41137.77,41194.53,56.75,0.138,-18.75,12040,79985,41000,14.3,14.8,0.8987,INR/bale,Dhan API v2 (Client 1112620458)
2026-03-04 16:00,2026-03-04,16,Cotton,41114.52,41048.05,-66.48,-0.1617,-123.23,10834,78139,41000,14.52,15.02,0.9073,INR/bale,Dhan API v2 (Client 1112620458)
2026-03-04 17:00,2026-03-04,17,Cotton,41047.19,41003.41,-43.78,-0.1067,22.7,11251,79255,41000,14.52,15.02,0.9423,INR/bale,Dhan API v2 (Client 1112620458)
2026-03-04 18:00,2026-03-04,18,Cotton,41266.99,41286.29,19.3,0.0468,63.08,9420,80481,41500,14.21,14.71,0.9498,INR/bale,Dhan API v2 (Client 1112620458)
2026-03-04 19:00,2026-03-04,19,Cotton,41273.31,41280.7,7.39,0.0179,-11.91,5351,80276,41500,14.62,15.12,0.8896,INR/bale,Dhan API v2 (Client 1112620458)
2026-03-04 20:00,2026-03-04,20,Cotton,41458.22,41466.54,8.32,0.0201,0.93,1518,79999,41500,14.28,14.78,0.9385,INR/bale,Dhan API v2 (Client 1112620458)
2026-03-04 21:00,2026-03-04,21,Cotton,41272.72,41288.85,16.13,0.0391,7.81,11180,80609,41500,14.02,14.52,0.9073,INR/bale,Dhan API v2 (Client 1112620458)
2026-03-04 22:00,2026-03-04,22,Cotton,41416.93,41519.15,102.22,0.2468,86.09,3085,80297,41500,13.62,14.12,0.9275,INR/bale,Dhan API v2 (Client 1112620458)
2026-03-04 23:00,2026-03-04,23,Cotton,41441.62,41539.18,97.56,0.2354,-4.66,12623,78908,41500,13.61,14.11,0.9104,INR/bale,Dhan API v2 (Client 1112620458)
2026-03-05 09:00,2026-03-05,9,Cotton,41641.88,41713.62,71.74,0.1723,-25.82,12022,79330,41500,14.16,14.66,0.9334,INR/bale,Dhan API v2 (Client 1112620458)
2026-03-05 10:00,2026-03-05,10,Cotton,41610.32,41629.47,19.15,0.046,-52.59,7401,80535,41500,14.36,14.86,0.9238,INR/bale,Dhan API v2 (Client 1112620458)
2026-03-05 11:00,2026-03-05,11,Cotton,41849.65,41906.91,57.26,0.1368,38.11,10852,78131,42000,14.42,14.92,0.9246,INR/bale,Dhan API v2 (Client 1112620458)
2026-03-05 12:00,2026-03-05,12,Cotton,41940.85,41945.41,4.56,0.0109,-52.7,12382,79454,42000,14.39,14.89,0.915,INR/bale,Dhan API v2 (Client 1112620458)
2026-03-05 13:00,2026-03-05,13,Cotton,41806.23,41836.81,30.58,0.0731,26.02,4005,80833,42000,14.3,14.8,0.8976,INR/bale,Dhan API v2 (Client 1112620458)
2026-03-05 14:00,2026-03-05,14,Cotton,41877.41,41818.02,-59.39,-0.1418,-89.97,982,78892,42000,14.45,14.95,0.935,INR/bale,Dhan API v2 (Client 1112620458)
2026-03-05 15:00,2026-03-05,15,Cotton,41875.87,42088.82,212.95,0.5085,272.34,1094,78579,42000,14.19,14.69,0.9333,INR/bale,Dhan API v2 (Client 1112620458)
2026-03-05 16:00,2026-03-05,16,Cotton,41839.25,41827.23,-12.02,-0.0287,-224.97,12628,79148,42000,14.51,15.01,0.9299,INR/bale,Dhan API v2 (Client 1112620458)
2026-03-05 17:00,2026-03-05,17,Cotton,41810.25,41956.7,146.46,0.3503,158.48,8419,79072,42000,14.76,15.26,0.9273,INR/bale,Dhan API v2 (Client 1112620458)
2026-03-05 18:00,2026-03-05,18,Cotton,41924.03,41923.45,-0.58,-0.0014,-147.04,10568,78971,42000,14.26,14.76,0.9086,INR/bale,Dhan API v2 (Client 1112620458)
2026-03-05 19:00,2026-03-05,19,Cotton,42048.52,42069.93,21.41,0.0509,21.99,1483,80954,42000,14.72,15.22,0.9227,INR/bale,Dhan API v2 (Client 1112620458)
2026-03-05 20:00,2026-03-05,20,Cotton,42196.75,42229.71,32.96,0.0781,11.55,14537,79355,42000,14.55,15.05,0.906,INR/bale,Dhan API v2 (Client 1112620458)
2026-03-05 21:00,2026-03-05,21,Cotton,42326.24,42477.34,151.1,0.357,118.14,10462,80072,42500,14.08,14.58,0.9299,INR/bale,Dhan API v2 (Client 1112620458)
2026-03-05 22:00,2026-03-05,22,Cotton,42417.54,42302.02,-115.53,-0.2724,-266.63,13008,78459,42500,13.96,14.46,0.9429,INR/bale,Dhan API v2 (Client 1112620458)
2026-03-05 23:00,2026-03-05,23,Cotton,42231.78,42215.34,-16.43,-0.0389,99.1,4281,78314,42000,13.75,14.25,0.9021,INR/bale,Dhan API v2 (Client 1112620458)
2026-03-06 09:00,2026-03-06,9,Cotton,42389.92,42437.48,47.55,0.1122,63.98,8468,79774,42500,14.04,14.54,0.9126,INR/bale,Dhan API v2 (Client 1112620458)
2026-03-06 10:00,2026-03-06,10,Cotton,42351.14,42252.14,-98.99,-0.2337,-146.54,12335,79488,42500,14.11,14.61,0.9348,INR/bale,Dhan API v2 (Client 1112620458)
2026-03-06 11:00,2026-03-06,11,Cotton,42287.03,42348.67,61.64,0.1458,160.63,12575,80402,42500,14.42,14.92,0.9121,INR/bale,Dhan API v2 (Client 1112620458)
2026-03-06 12:00,2026-03-06,12,Cotton,42656.2,42580.1,-76.1,-0.1784,-137.74,14438,80381,42500,14.32,14.82,0.9381,INR/bale,Dhan API v2 (Client 1112620458)
2026-03-06 13:00,2026-03-06,13,Cotton,42557.75,42613.78,56.03,0.1317,132.13,5938,78743,42500,14.49,14.99,0.9451,INR/bale,Dhan API v2 (Client 1112620458)
2026-03-06 14:00,2026-03-06,14,Cotton,42790.09,42687.96,-102.13,-0.2387,-158.16,1203,79422,43000,14.17,14.67,0.9057,INR/bale,Dhan API v2 (Client 1112620458)
2026-03-06 15:00,2026-03-06,15,Cotton,42998.4,42989.71,-8.69,-0.0202,93.44,12057,80285,43000,13.68,14.18,0.9118,INR/bale,Dhan API v2 (Client 1112620458)
2026-03-06 16:00,2026-03-06,16,Cotton,42850.3,42881.61,31.31,0.0731,40.0,680,80049,43000,14.41,14.91,0.9426,INR/bale,Dhan API v2 (Client 1112620458)
2026-03-06 17:00,2026-03-06,17,Cotton,42977.33,43032.37,55.04,0.1281,23.73,11519,79115,43000,14.43,14.93,0.8858,INR/bale,Dhan API v2 (Client 1112620458)
2026-03-06 18:00,2026-03-06,18,Cotton,43027.27,42993.44,-33.83,-0.0786,-88.87,1711,79451,43000,14.39,14.89,0.9104,INR/bale,Dhan API v2 (Client 1112620458)
2026-03-06 19:00,2026-03-06,19,Cotton,43203.74,43117.25,-86.49,-0.2002,-52.66,8245,80094,43000,14.45,14.95,0.9003,INR/bale,Dhan API v2 (Client 1112620458)
2026-03-06 20:00,2026-03-06,20,Cotton,43429.55,43427.26,-2.29,-0.0053,84.2,12764,79203,43500,14.06,14.56,0.8683,INR/bale,Dhan API v2 (Client 1112620458)
2026-03-06 21:00,2026-03-06,21,Cotton,43310.91,43376.67,65.76,0.1518,68.05,13901,79079,43500,14.15,14.65,0.9119,INR/bale,Dhan API v2 (Client 1112620458)
2026-03-06 22:00,2026-03-06,22,Cotton,43417.94,43513.14,95.2,0.2193,29.44,2373,80407,43500,14.19,14.69,0.9071,INR/bale,Dhan API v2 (Client 1112620458)
2026-03-06 23:00,2026-03-06,23,Cotton,43549.38,43513.37,-36.01,-0.0827,-131.21,8856,80153,43500,14.16,14.66,0.9559,INR/bale,Dhan API v2 (Client 1112620458)
2026-03-09 09:00,2026-03-09,9,Cotton,43588.06,43748.37,160.31,0.3678,196.32,12478,80254,43500,14.33,14.83,0.9207,INR/bale,Dhan API v2 (Client 1112620458)
2026-03-09 10:00,2026-03-09,10,Cotton,43631.56,43606.5,-25.06,-0.0574,-185.37,1132,81191,43500,14.68,15.18,0.9023,INR/bale,Dhan API v2 (Client 1112620458)
2026-03-09 11:00,2026-03-09,11,Cotton,43764.81,43794.22,29.41,0.0672,54.47,8138,78662,44000,14.04,14.54,0.9196,INR/bale,Dhan API v2 (Client 1112620458)
2026-03-09 12:00,2026-03-09,12,Cotton,43582.31,43537.99,-44.32,-0.1017,-73.73,6454,79180,43500,14.33,14.83,0.9076,INR/bale,Dhan API v2 (Client 1112620458)
2026-03-09 13:00,2026-03-09,13,Cotton,43623.48,43721.83,98.36,0.2255,142.68,6485,78362,43500,14.71,15.21,0.9279,INR/bale,Dhan API v2 (Client 1112620458)
2026-03-09 14:00,2026-03-09,14,Cotton,43612.6,43697.95,85.35,0.1957,-13.01,3896,81096,43500,14.53,15.03,0.9097,INR/bale,Dhan API v2 (Client 1112620458)
2026-03-09 15:00,2026-03-09,15,Cotton,43429.56,43264.62,-164.95,-0.3798,-250.3,9375,77784,43500,13.65,14.15,0.9026,INR/bale,Dhan API v2 (Client 1112620458)
2026-03-09 16:00,2026-03-09,16,Cotton,43100.97,42938.29,-162.69,-0.3775,2.26,7498,79072,43000,14.61,15.11,0.9261,INR/bale,Dhan API v2 (Client 1112620458)
2026-03-09 17:00,2026-03-09,17,Cotton,42992.13,42926.22,-65.91,-0.1533,96.78,3606,79250,43000,14.8,15.3,0.897,INR/bale,Dhan API v2 (Client 1112620458)
2026-03-09 18:00,2026-03-09,18,Cotton,43005.67,42971.69,-33.98,-0.079,31.93,12173,80266,43000,14.43,14.93,0.9274,INR/bale,Dhan API v2 (Client 1112620458)
2026-03-09 19:00,2026-03-09,19,Cotton,42969.2,43042.44,73.25,0.1705,107.23,6172,79772,43000,14.81,15.31,0.9021,INR/bale,Dhan API v2 (Client 1112620458)
2026-03-09 20:00,2026-03-09,20,Cotton,43058.83,43223.33,164.5,0.382,91.25,6339,79099,43000,14.49,14.99,0.8866,INR/bale,Dhan API v2 (Client 1112620458)
2026-03-09 21:00,2026-03-09,21,Cotton,43131.95,43077.61,-54.34,-0.126,-218.84,13888,80484,43000,14.55,15.05,0.9175,INR/bale,Dhan API v2 (Client 1112620458)
2026-03-09 22:00,2026-03-09,22,Cotton,43157.63,43130.78,-26.85,-0.0622,27.49,8909,79563,43000,14.95,15.45,0.9139,INR/bale,Dhan API v2 (Client 1112620458)
2026-03-09 23:00,2026-03-09,23,Cotton,43103.4,43133.01,29.61,0.0687,56.46,14074,81303,43000,14.89,15.39,0.9183,INR/bale,Dhan API v2 (Client 1112620458)
2026-03-10 09:00,2026-03-10,9,Cotton,43105.57,43207.09,101.52,0.2355,71.91,3274,80662,43000,14.52,15.02,0.9177,INR/bale,Dhan API v2 (Client 1112620458)
2026-03-10 10:00,2026-03-10,10,Cotton,43206.78,43279.95,73.17,0.1694,-28.35,12966,78952,43000,14.24,14.74,0.9082,INR/bale,Dhan API v2 (Client 1112620458)
2026-03-10 11:00,2026-03-10,11,Cotton,43147.84,43200.13,52.29,0.1212,-20.88,11035,79203,43000,13.78,14.28,0.928,INR/bale,Dhan API v2 (Client 1112620458)
2026-03-10 12:00,2026-03-10,12,Cotton,43017.89,43080.58,62.7,0.1458,10.41,14364,80094,43000,14.28,14.78,0.895,INR/bale,Dhan API v2 (Client 1112620458)
2026-03-10 13:00,2026-03-10,13,Cotton,43185.0,43170.3,-14.7,-0.034,-77.4,2877,78224,43000,14.35,14.85,0.9215,INR/bale,Dhan API v2 (Client 1112620458)
2026-03-10 14:00,2026-03-10,14,Cotton,42802.26,42846.57,44.3,0.1035,59.0,11079,80760,43000,14.11,14.61,0.9146,INR/bale,Dhan API v2 (Client 1112620458)
2026-03-10 15:00,2026-03-10,15,Cotton,42968.97,42969.48,0.51,0.0012,-43.79,6499,81054,43000,14.55,15.05,0.9096,INR/bale,Dhan API v2 (Client 1112620458)
2026-03-10 16:00,2026-03-10,16,Cotton,43117.1,43181.12,64.03,0.1485,63.52,14112,76901,43000,14.24,14.74,0.9078,INR/bale,Dhan API v2 (Client 1112620458)
2026-03-10 17:00,2026-03-10,17,Cotton,43259.68,43222.34,-37.34,-0.0863,-101.37,5573,80998,43500,14.15,14.65,0.9309,INR/bale,Dhan API v2 (Client 1112620458)
2026-03-10 18:00,2026-03-10,18,Cotton,43290.19,43333.4,43.2,0.0998,80.54,10858,79819,43500,14.84,15.34,0.9357,INR/bale,Dhan API v2 (Client 1112620458)
2026-03-10 19:00,2026-03-10,19,Cotton,43199.84,43211.99,12.15,0.0281,-31.05,1247,79960,43000,14.25,14.75,0.9177,INR/bale,Dhan API v2 (Client 1112620458)
2026-03-10 20:00,2026-03-10,20,Cotton,43091.35,43046.28,-45.07,-0.1046,-57.22,12946,79970,43000,14.47,14.97,0.9164,INR/bale,Dhan API v2 (Client 1112620458)
2026-03-10 21:00,2026-03-10,21,Cotton,43193.31,43229.84,36.54,0.0846,81.61,9888,78277,43000,14.41,14.91,0.9029,INR/bale,Dhan API v2 (Client 1112620458)
2026-03-10 22:00,2026-03-10,22,Cotton,43282.7,43369.17,86.47,0.1998,49.93,10297,79577,43500,14.78,15.28,0.8967,INR/bale,Dhan API v2 (Client 1112620458)
2026-03-10 23:00,2026-03-10,23,Cotton,43244.82,43189.66,-55.16,-0.1276,-141.63,3492,78850,43000,14.23,14.73,0.9443,INR/bale,Dhan API v2 (Client 1112620458)
2026-03-11 09:00,2026-03-11,9,Cotton,42984.15,42977.59,-6.57,-0.0153,48.59,14178,79834,43000,14.71,15.21,0.9362,INR/bale,Dhan API v2 (Client 1112620458)
2026-03-11 10:00,2026-03-11,10,Cotton,43068.75,43100.16,31.41,0.0729,37.98,7420,80319,43000,14.5,15.0,0.8891,INR/bale,Dhan API v2 (Client 1112620458)
2026-03-11 11:00,2026-03-11,11,Cotton,43001.96,42973.87,-28.09,-0.0653,-59.5,9863,81018,43000,14.15,14.65,0.9021,INR/bale,Dhan API v2 (Client 1112620458)
2026-03-11 12:00,2026-03-11,12,Cotton,43066.8,43093.17,26.37,0.0612,54.46,9803,77508,43000,14.34,14.84,0.9212,INR/bale,Dhan API v2 (Client 1112620458)
2026-03-11 13:00,2026-03-11,13,Cotton,42811.79,42900.7,88.91,0.2077,62.54,8682,80208,43000,14.44,14.94,0.8842,INR/bale,Dhan API v2 (Client 1112620458)
2026-03-11 14:00,2026-03-11,14,Cotton,43035.29,43056.73,21.44,0.0498,-67.47,14371,80509,43000,14.49,14.99,0.9396,INR/bale,Dhan API v2 (Client 1112620458)
2026-03-11 15:00,2026-03-11,15,Cotton,42913.22,42780.7,-132.52,-0.3088,-153.96,2088,78179,43000,14.61,15.11,0.9306,INR/bale,Dhan API v2 (Client 1112620458)
2026-03-11 16:00,2026-03-11,16,Cotton,42704.19,42735.13,30.93,0.0724,163.45,6507,78775,42500,14.49,14.99,0.8955,INR/bale,Dhan API v2 (Client 1112620458)
2026-03-11 17:00,2026-03-11,17,Cotton,42601.35,42564.36,-36.99,-0.0868,-67.92,7880,79166,42500,14.34,14.84,0.8942,INR/bale,Dhan API v2 (Client 1112620458)
2026-03-11 18:00,2026-03-11,18,Cotton,42604.84,42680.47,75.63,0.1775,112.62,3176,78347,42500,14.43,14.93,0.9168,INR/bale,Dhan API v2 (Client 1112620458)
2026-03-11 19:00,2026-03-11,19,Cotton,42439.99,42300.2,-139.79,-0.3294,-215.42,13799,80977,42500,14.05,14.55,0.915,INR/bale,Dhan API v2 (Client 1112620458)
2026-03-11 20:00,2026-03-11,20,Cotton,42353.23,42306.77,-46.46,-0.1097,93.33,12549,79762,42500,14.11,14.61,0.901,INR/bale,Dhan API v2 (Client 1112620458)
2026-03-11 21:00,2026-03-11,21,Cotton,42310.67,42327.63,16.96,0.0401,63.42,8644,79320,42500,14.62,15.12,0.9351,INR/bale,Dhan API v2 (Client 1112620458)
2026-03-11 22:00,2026-03-11,22,Cotton,42332.32,42368.48,36.17,0.0854,19.21,544,79869,42500,14.5,15.0,0.9257,INR/bale,Dhan API v2 (Client 1112620458)
2026-03-11 23:00,2026-03-11,23,Cotton,42514.42,42619.56,105.14,0.2473,68.97,6131,78528,42500,14.13,14.63,0.9669,INR/bale,Dhan API v2 (Client 1112620458)
2026-03-12 09:00,2026-03-12,9,Cotton,42492.83,42717.59,224.77,0.529,119.63,4278,78435,42500,14.2,14.7,0.9327,INR/bale,Dhan API v2 (Client 1112620458)
2026-03-12 10:00,2026-03-12,10,Cotton,42526.51,42815.16,288.65,0.6787,63.88,12929,79696,42500,14.15,14.65,0.9119,INR/bale,Dhan API v2 (Client 1112620458)
2026-03-12 11:00,2026-03-12,11,Cotton,42633.9,42733.46,99.56,0.2335,-189.09,13559,80677,42500,14.12,14.62,0.9064,INR/bale,Dhan API v2 (Client 1112620458)
2026-03-12 12:00,2026-03-12,12,Cotton,42558.36,42811.67,253.31,0.5952,153.75,9941,79452,42500,14.58,15.08,0.9018,INR/bale,Dhan API v2 (Client 1112620458)
2026-03-12 13:00,2026-03-12,13,Cotton,42357.81,42693.33,335.52,0.7921,82.21,1299,78540,42500,14.05,14.55,0.8652,INR/bale,Dhan API v2 (Client 1112620458)
2026-03-12 14:00,2026-03-12,14,Cotton,42560.85,42830.16,269.3,0.6327,-66.22,10069,79939,42500,13.47,13.97,0.9295,INR/bale,Dhan API v2 (Client 1112620458)
2026-03-12 15:00,2026-03-12,15,Cotton,42383.02,42566.66,183.64,0.4333,-85.66,10363,79213,42500,13.67,14.17,0.8802,INR/bale,Dhan API v2 (Client 1112620458)
2026-03-12 16:00,2026-03-12,16,Cotton,42240.27,42477.45,237.18,0.5615,53.54,7491,81387,42000,14.18,14.68,0.9245,INR/bale,Dhan API v2 (Client 1112620458)
2026-03-12 17:00,2026-03-12,17,Cotton,42187.85,42473.73,285.88,0.6776,48.7,9968,79945,42000,14.13,14.63,0.8811,INR/bale,Dhan API v2 (Client 1112620458)
2026-03-12 18:00,2026-03-12,18,Cotton,42355.98,42490.1,134.13,0.3167,-151.75,9585,79521,42500,14.44,14.94,0.9167,INR/bale,Dhan API v2 (Client 1112620458)
2026-03-12 19:00,2026-03-12,19,Cotton,42356.97,42587.29,230.32,0.5438,96.19,7159,80391,42500,14.51,15.01,0.8727,INR/bale,Dhan API v2 (Client 1112620458)
2026-03-12 20:00,2026-03-12,20,Cotton,42561.88,42903.39,341.52,0.8024,111.2,4800,78994,42500,14.86,15.36,0.9089,INR/bale,Dhan API v2 (Client 1112620458)
2026-03-12 21:00,2026-03-12,21,Cotton,42327.86,42522.49,194.63,0.4598,-146.89,8548,79964,42500,14.19,14.69,0.9005,INR/bale,Dhan API v2 (Client 1112620458)
2026-03-12 22:00,2026-03-12,22,Cotton,42297.36,42560.22,262.86,0.6215,68.23,3304,78490,42500,14.09,14.59,0.9301,INR/bale,Dhan API v2 (Client 1112620458)
2026-03-12 23:00,2026-03-12,23,Cotton,42413.77,42690.44,276.68,0.6523,13.82,4017,79771,42500,14.07,14.57,0.9353,INR/bale,Dhan API v2 (Client 1112620458)
2026-03-13 09:00,2026-03-13,9,Cotton,42483.07,42827.25,344.19,0.8102,67.51,10914,79475,42500,14.02,14.52,0.9363,INR/bale,Dhan API v2 (Client 1112620458)
2026-03-13 10:00,2026-03-13,10,Cotton,42676.14,42787.1,110.96,0.26,-233.23,12259,80051,42500,14.32,14.82,0.9205,INR/bale,Dhan API v2 (Client 1112620458)
2026-03-13 11:00,2026-03-13,11,Cotton,42792.76,43042.7,249.94,0.5841,138.98,13035,79597,43000,14.39,14.89,0.8864,INR/bale,Dhan API v2 (Client 1112620458)
2026-03-13 12:00,2026-03-13,12,Cotton,42715.67,42958.64,242.97,0.5688,-6.97,10295,79948,42500,14.52,15.02,0.8992,INR/bale,Dhan API v2 (Client 1112620458)
2026-03-13 13:00,2026-03-13,13,Cotton,42694.18,42811.56,117.38,0.2749,-125.59,904,80071,42500,14.0,14.5,0.9364,INR/bale,Dhan API v2 (Client 1112620458)
2026-03-13 14:00,2026-03-13,14,Cotton,42492.96,42739.6,246.65,0.5804,129.27,3261,78543,42500,14.58,15.08,0.9365,INR/bale,Dhan API v2 (Client 1112620458)
2026-03-13 15:00,2026-03-13,15,Cotton,42388.64,42608.34,219.7,0.5183,-26.95,10827,78860,42500,14.13,14.63,0.8736,INR/bale,Dhan API v2 (Client 1112620458)
2026-03-13 16:00,2026-03-13,16,Cotton,42428.85,42571.7,142.85,0.3367,-76.85,3916,79670,42500,13.9,14.4,0.8771,INR/bale,Dhan API v2 (Client 1112620458)
2026-03-13 17:00,2026-03-13,17,Cotton,42328.54,42590.36,261.82,0.6185,118.97,12171,81246,42500,14.05,14.55,0.9345,INR/bale,Dhan API v2 (Client 1112620458)
2026-03-13 18:00,2026-03-13,18,Cotton,42291.88,42481.01,189.13,0.4472,-72.69,10592,78997,42500,14.65,15.15,0.9027,INR/bale,Dhan API v2 (Client 1112620458)
2026-03-13 19:00,2026-03-13,19,Cotton,42354.61,42683.77,329.16,0.7772,140.03,533,80715,42500,14.54,15.04,0.9312,INR/bale,Dhan API v2 (Client 1112620458)
2026-03-13 20:00,2026-03-13,20,Cotton,42427.99,42668.46,240.47,0.5668,-88.69,7089,80462,42500,14.75,15.25,0.925,INR/bale,Dhan API v2 (Client 1112620458)
2026-03-13 21:00,2026-03-13,21,Cotton,42463.11,42693.83,230.71,0.5433,-9.76,2879,79088,42500,14.47,14.97,0.9331,INR/bale,Dhan API v2 (Client 1112620458)
2026-03-13 22:00,2026-03-13,22,Cotton,42501.62,42797.33,295.71,0.6958,65.0,4583,78842,42500,14.69,15.19,0.898,INR/bale,Dhan API v2 (Client 1112620458)
2026-03-13 23:00,2026-03-13,23,Cotton,42566.64,42736.71,170.07,0.3995,-125.64,11218,79065,42500,14.13,14.63,0.8785,INR/bale,Dhan API v2 (Client 1112620458)
2026-03-16 09:00,2026-03-16,9,Cotton,42772.17,42957.01,184.84,0.4321,14.77,6774,80343,43000,14.23,14.73,0.9449,INR/bale,Dhan API v2 (Client 1112620458)
2026-03-16 10:00,2026-03-16,10,Cotton,42820.49,42929.05,108.55,0.2535,-76.29,4639,78863,43000,14.33,14.83,0.8806,INR/bale,Dhan API v2 (Client 1112620458)
2026-03-16 11:00,2026-03-16,11,Cotton,42656.54,42925.05,268.51,0.6295,159.96,2920,79760,42500,14.49,14.99,0.9483,INR/bale,Dhan API v2 (Client 1112620458)
2026-03-16 12:00,2026-03-16,12,Cotton,42719.55,42996.07,276.52,0.6473,8.01,4675,79336,42500,14.43,14.93,0.9139,INR/bale,Dhan API v2 (Client 1112620458)
2026-03-16 13:00,2026-03-16,13,Cotton,42630.51,42836.8,206.29,0.4839,-70.23,12703,79484,42500,14.14,14.64,0.9083,INR/bale,Dhan API v2 (Client 1112620458)
2026-03-16 14:00,2026-03-16,14,Cotton,42425.84,42543.81,117.97,0.2781,-88.32,2534,80433,42500,14.09,14.59,0.9355,INR/bale,Dhan API v2 (Client 1112620458)
2026-03-16 15:00,2026-03-16,15,Cotton,42674.95,42901.9,226.95,0.5318,108.98,13011,78063,42500,14.72,15.22,0.9347,INR/bale,Dhan API v2 (Client 1112620458)
2026-03-16 16:00,2026-03-16,16,Cotton,42714.88,42961.15,246.27,0.5765,19.32,2014,80016,42500,14.42,14.92,0.9059,INR/bale,Dhan API v2 (Client 1112620458)
2026-03-16 17:00,2026-03-16,17,Cotton,42761.21,42930.0,168.8,0.3947,-77.47,10036,79927,43000,14.23,14.73,0.8972,INR/bale,Dhan API v2 (Client 1112620458)
2026-03-16 18:00,2026-03-16,18,Cotton,42871.37,43029.5,158.14,0.3689,-10.66,12079,80310,43000,14.29,14.79,0.8731,INR/bale,Dhan API v2 (Client 1112620458)
2026-03-16 19:00,2026-03-16,19,Cotton,42909.88,43108.84,198.95,0.4637,40.81,7504,79191,43000,14.3,14.8,0.9321,INR/bale,Dhan API v2 (Client 1112620458)
2026-03-16 20:00,2026-03-16,20,Cotton,42868.33,43093.24,224.91,0.5247,25.96,1002,79229,43000,14.7,15.2,0.88,INR/bale,Dhan API v2 (Client 1112620458)
2026-03-16 21:00,2026-03-16,21,Cotton,42940.15,43059.14,118.99,0.2771,-105.92,4784,81259,43000,14.56,15.06,0.9206,INR/bale,Dhan API v2 (Client 1112620458)
2026-03-16 22:00,2026-03-16,22,Cotton,42945.83,43026.53,80.7,0.1879,-38.29,10797,78821,43000,13.84,14.34,0.9273,INR/bale,Dhan API v2 (Client 1112620458)
2026-03-16 23:00,2026-03-16,23,Cotton,42896.46,42890.72,-5.75,-0.0134,-86.45,7451,78319,43000,14.81,15.31,0.907,INR/bale,Dhan API v2 (Client 1112620458)
2026-03-17 09:00,2026-03-17,9,Cotton,42955.82,43165.97,210.15,0.4892,215.9,5180,79326,43000,14.26,14.76,0.8997,INR/bale,Dhan API v2 (Client 1112620458)
2026-03-17 10:00,2026-03-17,10,Cotton,42973.17,43218.05,244.88,0.5698,34.73,680,78823,43000,14.08,14.58,0.9088,INR/bale,Dhan API v2 (Client 1112620458)
2026-03-17 11:00,2026-03-17,11,Cotton,43225.25,43400.06,174.81,0.4044,-70.07,7148,79796,43000,14.03,14.53,0.9101,INR/bale,Dhan API v2 (Client 1112620458)
2026-03-17 12:00,2026-03-17,12,Cotton,43280.67,43563.08,282.41,0.6525,107.6,4166,79324,43500,14.91,15.41,0.9255,INR/bale,Dhan API v2 (Client 1112620458)
2026-03-17 13:00,2026-03-17,13,Cotton,43275.0,43560.28,285.28,0.6592,2.87,12540,78882,43500,14.22,14.72,0.9219,INR/bale,Dhan API v2 (Client 1112620458)
2026-03-17 14:00,2026-03-17,14,Cotton,43261.46,43335.32,73.85,0.1707,-211.43,1298,80840,43500,14.81,15.31,0.9175,INR/bale,Dhan API v2 (Client 1112620458)
2026-03-17 15:00,2026-03-17,15,Cotton,43276.46,43347.58,71.12,0.1643,-2.73,11589,80414,43500,14.67,15.17,0.8905,INR/bale,Dhan API v2 (Client 1112620458)
2026-03-17 16:00,2026-03-17,16,Cotton,43230.71,43331.6,100.9,0.2334,29.78,1513,79918,43000,14.74,15.24,0.9513,INR/bale,Dhan API v2 (Client 1112620458)
2026-03-17 17:00,2026-03-17,17,Cotton,43270.82,43388.32,117.5,0.2715,16.6,14317,79677,43500,14.05,14.55,0.9533,INR/bale,Dhan API v2 (Client 1112620458)
2026-03-17 18:00,2026-03-17,18,Cotton,43169.71,43449.07,279.35,0.6471,161.85,1184,79056,43000,14.34,14.84,0.8906,INR/bale,Dhan API v2 (Client 1112620458)
2026-03-17 19:00,2026-03-17,19,Cotton,43202.74,43384.06,181.31,0.4197,-98.04,4499,81656,43000,14.37,14.87,0.9142,INR/bale,Dhan API v2 (Client 1112620458)
2026-03-17 20:00,2026-03-17,20,Cotton,43266.97,43627.55,360.58,0.8334,179.27,9828,80203,43500,14.42,14.92,0.9133,INR/bale,Dhan API v2 (Client 1112620458)
2026-03-17 21:00,2026-03-17,21,Cotton,43398.6,43610.5,211.91,0.4883,-148.67,3476,78158,43500,14.62,15.12,0.9457,INR/bale,Dhan API v2 (Client 1112620458)
2026-03-17 22:00,2026-03-17,22,Cotton,43516.78,43711.28,194.5,0.447,-17.41,6519,80543,43500,14.04,14.54,0.9247,INR/bale,Dhan API v2 (Client 1112620458)
2026-03-17 23:00,2026-03-17,23,Cotton,43488.46,43736.79,248.33,0.571,53.83,13957,79809,43500,14.54,15.04,0.9472,INR/bale,Dhan API v2 (Client 1112620458)
2026-03-18 09:00,2026-03-18,9,Cotton,43449.25,43637.61,188.35,0.4335,-59.98,6705,78672,43500,14.58,15.08,0.8655,INR/bale,Dhan API v2 (Client 1112620458)
2026-03-18 10:00,2026-03-18,10,Cotton,43410.86,43646.7,235.84,0.5433,47.49,2309,80040,43500,14.31,14.81,0.9367,INR/bale,Dhan API v2 (Client 1112620458)
2026-03-18 11:00,2026-03-18,11,Cotton,43442.95,43523.38,80.43,0.1852,-155.41,13963,80098,43500,14.19,14.69,0.8985,INR/bale,Dhan API v2 (Client 1112620458)
2026-03-18 12:00,2026-03-18,12,Cotton,43495.66,43656.67,161.01,0.3702,80.58,10820,79853,43500,14.55,15.05,0.9025,INR/bale,Dhan API v2 (Client 1112620458)
2026-03-18 13:00,2026-03-18,13,Cotton,43599.67,43912.76,313.08,0.7181,152.07,3729,80065,43500,14.37,14.87,0.8849,INR/bale,Dhan API v2 (Client 1112620458)
2026-03-18 14:00,2026-03-18,14,Cotton,43520.67,43763.47,242.8,0.5579,-70.28,6655,78561,43500,14.44,14.94,0.916,INR/bale,Dhan API v2 (Client 1112620458)
2026-03-18 15:00,2026-03-18,15,Cotton,43461.71,43676.25,214.54,0.4936,-28.26,6792,78726,43500,14.21,14.71,0.9385,INR/bale,Dhan API v2 (Client 1112620458)
2026-03-18 16:00,2026-03-18,16,Cotton,43555.67,43653.35,97.68,0.2243,-116.86,4310,80082,43500,13.86,14.36,0.9431,INR/bale,Dhan API v2 (Client 1112620458)
2026-03-18 17:00,2026-03-18,17,Cotton,43673.65,43886.25,212.6,0.4868,114.92,14434,80581,43500,14.42,14.92,0.8908,INR/bale,Dhan API v2 (Client 1112620458)
2026-03-18 18:00,2026-03-18,18,Cotton,43609.18,43869.71,260.52,0.5974,47.92,9945,79563,43500,14.27,14.77,0.9275,INR/bale,Dhan API v2 (Client 1112620458)
2026-03-18 19:00,2026-03-18,19,Cotton,43775.92,43794.19,18.27,0.0417,-242.25,5644,79697,44000,14.32,14.82,0.9214,INR/bale,Dhan API v2 (Client 1112620458)
2026-03-18 20:00,2026-03-18,20,Cotton,43762.41,43950.23,187.82,0.4292,169.55,1040,78479,44000,14.18,14.68,0.9465,INR/bale,Dhan API v2 (Client 1112620458)
2026-03-18 21:00,2026-03-18,21,Cotton,43696.98,43963.39,266.41,0.6097,78.59,3565,80268,43500,14.45,14.95,0.9266,INR/bale,Dhan API v2 (Client 1112620458)
2026-03-18 22:00,2026-03-18,22,Cotton,43619.26,43737.31,118.05,0.2706,-148.36,5568,81259,43500,14.56,15.06,0.9188,INR/bale,Dhan API v2 (Client 1112620458)
2026-03-18 23:00,2026-03-18,23,Cotton,43640.03,43874.54,234.51,0.5374,116.46,11638,78654,43500,14.84,15.34,0.906,INR/bale,Dhan API v2 (Client 1112620458)
2026-03-19 09:00,2026-03-19,9,Cotton,43647.43,43804.23,156.81,0.3593,-77.7,11476,79409,43500,13.85,14.35,0.9112,INR/bale,Dhan API v2 (Client 1112620458)
2026-03-19 10:00,2026-03-19,10,Cotton,43697.39,43956.84,259.45,0.5937,102.64,4233,79837,43500,14.29,14.79,0.8718,INR/bale,Dhan API v2 (Client 1112620458)
2026-03-19 11:00,2026-03-19,11,Cotton,43885.88,44043.33,157.45,0.3588,-102.0,5244,80474,44000,14.28,14.78,0.8985,INR/bale,Dhan API v2 (Client 1112620458)
2026-03-19 12:00,2026-03-19,12,Cotton,44026.85,44072.83,45.98,0.1044,-111.47,13038,78091,44000,14.03,14.53,0.9281,INR/bale,Dhan API v2 (Client 1112620458)
2026-03-19 13:00,2026-03-19,13,Cotton,43975.19,43964.35,-10.83,-0.0246,-56.81,12539,80782,44000,14.68,15.18,0.912,INR/bale,Dhan API v2 (Client 1112620458)
2026-03-19 14:00,2026-03-19,14,Cotton,43951.1,44164.21,213.11,0.4849,223.94,4907,79196,44000,14.3,14.8,0.9202,INR/bale,Dhan API v2 (Client 1112620458)
2026-03-19 15:00,2026-03-19,15,Cotton,43944.73,44092.9,148.17,0.3372,-64.94,11858,79285,44000,14.95,15.45,0.9314,INR/bale,Dhan API v2 (Client 1112620458)
2026-03-19 16:00,2026-03-19,16,Cotton,43941.0,44206.2,265.2,0.6035,117.03,13556,80818,44000,14.46,14.96,0.9265,INR/bale,Dhan API v2 (Client 1112620458)
2026-03-19 17:00,2026-03-19,17,Cotton,43963.42,44085.49,122.07,0.2777,-143.13,9840,77228,44000,14.26,14.76,0.9066,INR/bale,Dhan API v2 (Client 1112620458)
2026-03-19 18:00,2026-03-19,18,Cotton,43866.98,44027.68,160.7,0.3663,38.63,642,80560,44000,13.83,14.33,0.9167,INR/bale,Dhan API v2 (Client 1112620458)
2026-03-19 19:00,2026-03-19,19,Cotton,43644.67,43711.4,66.72,0.1529,-93.98,12956,79644,43500,14.6,15.1,0.8993,INR/bale,Dhan API v2 (Client 1112620458)
2026-03-19 20:00,2026-03-19,20,Cotton,43644.49,43873.07,228.58,0.5237,161.86,6736,79727,43500,14.4,14.9,0.9089,INR/bale,Dhan API v2 (Client 1112620458)
2026-03-19 21:00,2026-03-19,21,Cotton,43691.83,43954.49,262.65,0.6011,34.07,6192,79341,43500,14.43,14.93,0.9071,INR/bale,Dhan API v2 (Client 1112620458)
2026-03-19 22:00,2026-03-19,22,Cotton,43441.47,43659.46,217.99,0.5018,-44.66,13316,80881,43500,14.3,14.8,0.8953,INR/bale,Dhan API v2 (Client 1112620458)
2026-03-19 23:00,2026-03-19,23,Cotton,43662.75,43779.07,116.32,0.2664,-101.67,12284,80758,43500,15.06,15.56,0.939,INR/bale,Dhan API v2 (Client 1112620458)
2026-03-20 09:00,2026-03-20,9,Cotton,43644.02,43891.42,247.4,0.5669,131.08,9946,80528,43500,14.68,15.18,0.8722,INR/bale,Dhan API v2 (Client 1112620458)
2026-03-20 10:00,2026-03-20,10,Cotton,43607.77,43793.44,185.66,0.4258,-61.74,14189,79809,43500,14.19,14.69,0.9273,INR/bale,Dhan API v2 (Client 1112620458)
2026-03-20 11:00,2026-03-20,11,Cotton,43673.37,44014.27,340.9,0.7806,155.24,852,79972,43500,13.68,14.18,0.9453,INR/bale,Dhan API v2 (Client 1112620458)
2026-03-20 12:00,2026-03-20,12,Cotton,43582.84,43805.2,222.36,0.5102,-118.54,3319,80188,43500,14.63,15.13,0.9277,INR/bale,Dhan API v2 (Client 1112620458)
2026-03-20 13:00,2026-03-20,13,Cotton,43659.53,43765.01,105.47,0.2416,-116.89,3648,78089,43500,14.93,15.43,0.9248,INR/bale,Dhan API v2 (Client 1112620458)
2026-03-20 14:00,2026-03-20,14,Cotton,43623.99,43858.01,234.01,0.5364,128.54,3167,79657,43500,14.17,14.67,0.9587,INR/bale,Dhan API v2 (Client 1112620458)
2026-03-20 15:00,2026-03-20,15,Cotton,43653.4,43798.09,144.69,0.3314,-89.32,5848,78187,43500,14.28,14.78,0.9151,INR/bale,Dhan API v2 (Client 1112620458)
2026-03-20 16:00,2026-03-20,16,Cotton,43850.66,43947.8,97.14,0.2215,-47.55,7709,80736,44000,14.34,14.84,0.9282,INR/bale,Dhan API v2 (Client 1112620458)
2026-03-20 17:00,2026-03-20,17,Cotton,43826.92,43943.3,116.38,0.2655,19.24,13948,81317,44000,14.82,15.32,0.9309,INR/bale,Dhan API v2 (Client 1112620458)
2026-03-20 18:00,2026-03-20,18,Cotton,43904.36,44164.88,260.52,0.5934,144.14,1162,78934,44000,14.6,15.1,0.9531,INR/bale,Dhan API v2 (Client 1112620458)
2026-03-20 19:00,2026-03-20,19,Cotton,43678.62,43819.85,141.23,0.3234,-119.29,3951,79576,43500,14.64,15.14,0.9072,INR/bale,Dhan API v2 (Client 1112620458)
2026-03-20 20:00,2026-03-20,20,Cotton,43504.9,43613.87,108.97,0.2505,-32.26,7074,79940,43500,14.49,14.99,0.9173,INR/bale,Dhan API v2 (Client 1112620458)
2026-03-20 21:00,2026-03-20,21,Cotton,43596.71,43741.93,145.23,0.3331,36.26,8147,79262,43500,14.33,14.83,0.901,INR/bale,Dhan API v2 (Client 1112620458)
2026-03-20 22:00,2026-03-20,22,Cotton,43737.34,43863.98,126.64,0.2895,-18.59,9115,79450,43500,14.87,15.37,0.9126,INR/bale,Dhan API v2 (Client 1112620458)
2026-03-20 23:00,2026-03-20,23,Cotton,43912.97,44102.12,189.15,0.4307,62.51,9959,80655,44000,14.85,15.35,0.9572,INR/bale,Dhan API v2 (Client 1112620458)
2026-03-23 09:00,2026-03-23,9,Cotton,44138.52,44260.44,121.92,0.2762,-67.23,5679,79085,44000,14.38,14.88,0.8928,INR/bale,Dhan API v2 (Client 1112620458)
2026-03-23 10:00,2026-03-23,10,Cotton,43988.51,44192.73,204.21,0.4642,82.29,11653,79423,44000,14.83,15.33,0.9323,INR/bale,Dhan API v2 (Client 1112620458)
2026-03-23 11:00,2026-03-23,11,Cotton,43869.46,43948.99,79.53,0.1813,-124.68,7672,78462,44000,14.17,14.67,0.9245,INR/bale,Dhan API v2 (Client 1112620458)
2026-03-23 12:00,2026-03-23,12,Cotton,43926.87,44007.91,81.04,0.1845,1.51,5348,79797,44000,14.69,15.19,0.9375,INR/bale,Dhan API v2 (Client 1112620458)
2026-03-23 13:00,2026-03-23,13,Cotton,44013.04,44164.62,151.58,0.3444,70.54,7039,79877,44000,13.86,14.36,0.9462,INR/bale,Dhan API v2 (Client 1112620458)
2026-03-23 14:00,2026-03-23,14,Cotton,44093.54,44275.52,181.98,0.4127,30.4,6606,79988,44000,14.39,14.89,0.9342,INR/bale,Dhan API v2 (Client 1112620458)
2026-03-23 15:00,2026-03-23,15,Cotton,44194.63,44468.86,274.23,0.6205,92.25,12032,80580,44000,14.57,15.07,0.907,INR/bale,Dhan API v2 (Client 1112620458)
2026-03-23 16:00,2026-03-23,16,Cotton,43979.05,44202.7,223.65,0.5085,-50.58,882,78154,44000,14.34,14.84,0.9235,INR/bale,Dhan API v2 (Client 1112620458)
2026-03-23 17:00,2026-03-23,17,Cotton,43930.26,44119.61,189.35,0.431,-34.3,11429,79385,44000,14.35,14.85,0.9021,INR/bale,Dhan API v2 (Client 1112620458)
2026-03-23 18:00,2026-03-23,18,Cotton,43861.09,44237.31,376.22,0.8578,186.87,3672,78145,44000,14.57,15.07,0.9295,INR/bale,Dhan API v2 (Client 1112620458)
2026-03-23 19:00,2026-03-23,19,Cotton,43999.84,43989.0,-10.83,-0.0246,-387.05,1629,80076,44000,14.36,14.86,0.8976,INR/bale,Dhan API v2 (Client 1112620458)
2026-03-23 20:00,2026-03-23,20,Cotton,43995.34,44125.93,130.59,0.2968,141.42,14279,78095,44000,14.55,15.05,0.9031,INR/bale,Dhan API v2 (Client 1112620458)
2026-03-23 21:00,2026-03-23,21,Cotton,44259.63,44500.4,240.77,0.544,110.18,4327,79603,44500,14.19,14.69,0.9217,INR/bale,Dhan API v2 (Client 1112620458)
2026-03-23 22:00,2026-03-23,22,Cotton,44188.9,44383.82,194.92,0.4411,-45.85,8979,79926,44000,14.54,15.04,0.964,INR/bale,Dhan API v2 (Client 1112620458)
2026-03-23 23:00,2026-03-23,23,Cotton,44119.71,44180.24,60.53,0.1372,-134.39,6590,80013,44000,14.58,15.08,0.9186,INR/bale,Dhan API v2 (Client 1112620458)
2026-03-24 09:00,2026-03-24,9,Cotton,43959.96,44125.94,165.98,0.3776,105.45,3301,79034,44000,13.91,14.41,0.8967,INR/bale,Dhan API v2 (Client 1112620458)
2026-03-24 10:00,2026-03-24,10,Cotton,43758.75,43998.48,239.73,0.5478,73.75,4596,79229,44000,14.39,14.89,0.9046,INR/bale,Dhan API v2 (Client 1112620458)
2026-03-24 11:00,2026-03-24,11,Cotton,43787.63,43867.37,79.74,0.1821,-159.99,1376,80892,44000,14.3,14.8,0.9288,INR/bale,Dhan API v2 (Client 1112620458)
2026-03-24 12:00,2026-03-24,12,Cotton,43548.25,43809.35,261.1,0.5996,181.36,1521,78743,43500,14.56,15.06,0.9196,INR/bale,Dhan API v2 (Client 1112620458)
2026-03-24 13:00,2026-03-24,13,Cotton,43383.39,43576.91,193.52,0.4461,-67.58,3037,79783,43500,15.0,15.5,0.9283,INR/bale,Dhan API v2 (Client 1112620458)
2026-03-24 14:00,2026-03-24,14,Cotton,43466.07,43580.65,114.57,0.2636,-78.95,10540,79251,43500,14.21,14.71,0.9267,INR/bale,Dhan API v2 (Client 1112620458)
2026-03-24 15:00,2026-03-24,15,Cotton,43368.88,43606.38,237.49,0.5476,122.92,6488,80348,43500,14.04,14.54,0.9362,INR/bale,Dhan API v2 (Client 1112620458)
2026-03-24 16:00,2026-03-24,16,Cotton,43478.75,43739.89,261.14,0.6006,23.65,8570,78985,43500,14.74,15.24,0.9084,INR/bale,Dhan API v2 (Client 1112620458)
2026-03-24 17:00,2026-03-24,17,Cotton,43727.85,43757.37,29.52,0.0675,-231.62,10629,79122,43500,14.93,15.43,0.9286,INR/bale,Dhan API v2 (Client 1112620458)
2026-03-24 18:00,2026-03-24,18,Cotton,43624.94,43786.02,161.08,0.3692,131.56,13665,79072,43500,14.28,14.78,0.9271,INR/bale,Dhan API v2 (Client 1112620458)
2026-03-24 19:00,2026-03-24,19,Cotton,43589.53,43665.76,76.23,0.1749,-84.85,7706,79126,43500,14.5,15.0,0.9373,INR/bale,Dhan API v2 (Client 1112620458)
2026-03-24 20:00,2026-03-24,20,Cotton,43533.12,43734.08,200.95,0.4616,124.72,4959,79675,43500,14.14,14.64,0.9128,INR/bale,Dhan API v2 (Client 1112620458)
2026-03-24 21:00,2026-03-24,21,Cotton,43476.3,43654.38,178.08,0.4096,-22.87,4930,79243,43500,14.54,15.04,0.9347,INR/bale,Dhan API v2 (Client 1112620458)
2026-03-24 22:00,2026-03-24,22,Cotton,43503.53,43582.1,78.58,0.1806,-99.5,10737,81273,43500,14.14,14.64,0.8906,INR/bale,Dhan API v2 (Client 1112620458)
2026-03-24 23:00,2026-03-24,23,Cotton,43440.87,43599.19,158.33,0.3645,79.75,7106,79850,43500,14.4,14.9,0.9372,INR/bale,Dhan API v2 (Client 1112620458)
2026-03-25 09:00,2026-03-25,9,Cotton,43468.95,43653.81,184.86,0.4253,26.53,2002,80031,43500,14.51,15.01,0.9182,INR/bale,Dhan API v2 (Client 1112620458)
2026-03-25 10:00,2026-03-25,10,Cotton,43682.02,43798.85,116.84,0.2675,-68.02,4977,79445,43500,14.3,14.8,0.9177,INR/bale,Dhan API v2 (Client 1112620458)
2026-03-25 11:00,2026-03-25,11,Cotton,43559.91,43714.72,154.82,0.3554,37.98,4729,80856,43500,15.02,15.52,0.9095,INR/bale,Dhan API v2 (Client 1112620458)
2026-03-25 12:00,2026-03-25,12,Cotton,43672.28,43824.28,151.99,0.348,-2.83,3971,79021,43500,14.35,14.85,0.9106,INR/bale,Dhan API v2 (Client 1112620458)
2026-03-25 13:00,2026-03-25,13,Cotton,43661.72,43958.69,296.97,0.6802,144.98,14340,79324,43500,14.07,14.57,0.8969,INR/bale,Dhan API v2 (Client 1112620458)
2026-03-25 14:00,2026-03-25,14,Cotton,43631.57,43792.86,161.29,0.3697,-135.68,10762,80699,43500,14.63,15.13,0.9325,INR/bale,Dhan API v2 (Client 1112620458)
2026-03-25 15:00,2026-03-25,15,Cotton,43664.38,43931.29,266.91,0.6113,105.62,6287,79793,43500,14.03,14.53,0.9339,INR/bale,Dhan API v2 (Client 1112620458)
2026-03-25 16:00,2026-03-25,16,Cotton,43705.16,43717.29,12.13,0.0278,-254.78,5783,78155,43500,14.81,15.31,0.8653,INR/bale,Dhan API v2 (Client 1112620458)
2026-03-25 17:00,2026-03-25,17,Cotton,43667.46,43750.77,83.31,0.1908,71.18,11212,79342,43500,13.99,14.49,0.8656,INR/bale,Dhan API v2 (Client 1112620458)
2026-03-25 18:00,2026-03-25,18,Cotton,43689.2,43905.24,216.04,0.4945,132.73,9728,79242,43500,14.22,14.72,0.8961,INR/bale,Dhan API v2 (Client 1112620458)
2026-03-25 19:00,2026-03-25,19,Cotton,43722.87,43833.6,110.73,0.2532,-105.31,13735,79311,43500,14.78,15.28,0.9307,INR/bale,Dhan API v2 (Client 1112620458)
2026-03-25 20:00,2026-03-25,20,Cotton,43765.32,43970.34,205.01,0.4684,94.28,13970,80168,44000,14.68,15.18,0.9295,INR/bale,Dhan API v2 (Client 1112620458)
2026-03-25 21:00,2026-03-25,21,Cotton,43693.41,43848.59,155.18,0.3552,-49.83,2172,78654,43500,14.76,15.26,0.9381,INR/bale,Dhan API v2 (Client 1112620458)
2026-03-25 22:00,2026-03-25,22,Cotton,43721.01,43923.2,202.19,0.4624,47.01,12130,78545,43500,14.17,14.67,0.9271,INR/bale,Dhan API v2 (Client 1112620458)
2026-03-25 23:00,2026-03-25,23,Cotton,43645.02,43883.27,238.25,0.5459,36.06,14768,78438,43500,14.4,14.9,0.8916,INR/bale,Dhan API v2 (Client 1112620458)
2026-03-26 09:00,2026-03-26,9,Cotton,43802.41,43882.24,79.84,0.1823,-158.41,6663,79395,44000,14.54,15.04,0.9618,INR/bale,Dhan API v2 (Client 1112620458)
2026-03-26 10:00,2026-03-26,10,Cotton,43766.85,44053.93,287.09,0.6559,207.25,8815,78433,44000,14.54,15.04,0.9357,INR/bale,Dhan API v2 (Client 1112620458)
2026-03-26 11:00,2026-03-26,11,Cotton,43577.27,43739.83,162.56,0.373,-124.53,4968,81065,43500,13.98,14.48,0.9182,INR/bale,Dhan API v2 (Client 1112620458)
2026-03-26 12:00,2026-03-26,12,Cotton,43568.72,43687.58,118.86,0.2728,-43.7,11715,79972,43500,14.05,14.55,0.9549,INR/bale,Dhan API v2 (Client 1112620458)
2026-03-26 13:00,2026-03-26,13,Cotton,43512.0,43584.86,72.86,0.1675,-46.0,2288,79586,43500,14.44,14.94,0.9293,INR/bale,Dhan API v2 (Client 1112620458)
2026-03-26 14:00,2026-03-26,14,Cotton,43478.26,43688.21,209.96,0.4829,137.1,5415,79726,43500,14.29,14.79,0.9453,INR/bale,Dhan API v2 (Client 1112620458)
2026-03-26 15:00,2026-03-26,15,Cotton,43472.57,43815.93,343.37,0.7898,133.41,12587,78151,43500,14.51,15.01,0.9255,INR/bale,Dhan API v2 (Client 1112620458)
2026-03-26 16:00,2026-03-26,16,Cotton,43514.44,43596.19,81.74,0.1878,-261.63,8437,79311,43500,14.27,14.77,0.9141,INR/bale,Dhan API v2 (Client 1112620458)
2026-03-26 17:00,2026-03-26,17,Cotton,43556.15,43630.12,73.97,0.1698,-7.77,5332,78823,43500,14.18,14.68,0.9098,INR/bale,Dhan API v2 (Client 1112620458)
2026-03-26 18:00,2026-03-26,18,Cotton,43620.36,43725.98,105.62,0.2421,31.65,1509,78706,43500,14.02,14.52,0.9059,INR/bale,Dhan API v2 (Client 1112620458)
2026-03-26 19:00,2026-03-26,19,Cotton,43354.6,43297.81,-56.79,-0.131,-162.41,1839,78711,43500,14.57,15.07,0.9179,INR/bale,Dhan API v2 (Client 1112620458)
2026-03-26 20:00,2026-03-26,20,Cotton,43554.06,43773.19,219.14,0.5031,275.93,5092,78973,43500,14.88,15.38,0.9072,INR/bale,Dhan API v2 (Client 1112620458)
2026-03-26 21:00,2026-03-26,21,Cotton,43505.91,43703.93,198.01,0.4551,-21.13,6660,79900,43500,14.32,14.82,0.9085,INR/bale,Dhan API v2 (Client 1112620458)
2026-03-26 22:00,2026-03-26,22,Cotton,43502.59,43665.74,163.15,0.375,-34.86,9843,78537,43500,14.82,15.32,0.9266,INR/bale,Dhan API v2 (Client 1112620458)
2026-03-26 23:00,2026-03-26,23,Cotton,43537.64,43618.22,80.58,0.1851,-82.57,4255,78274,43500,14.82,15.32,0.865,INR/bale,Dhan API v2 (Client 1112620458)
2026-03-27 09:00,2026-03-27,9,Cotton,43497.68,43581.96,84.27,0.1937,3.69,927,79542,43500,14.03,14.53,0.9553,INR/bale,Dhan API v2 (Client 1112620458)
2026-03-27 10:00,2026-03-27,10,Cotton,43484.14,43715.57,231.43,0.5322,147.16,11585,78835,43500,14.59,15.09,0.8792,INR/bale,Dhan API v2 (Client 1112620458)
2026-03-27 11:00,2026-03-27,11,Cotton,43486.41,43620.49,134.08,0.3083,-97.35,14803,78987,43500,14.72,15.22,0.9392,INR/bale,Dhan API v2 (Client 1112620458)
2026-03-27 12:00,2026-03-27,12,Cotton,43418.49,43647.9,229.41,0.5284,95.33,1109,79696,43500,14.24,14.74,0.9395,INR/bale,Dhan API v2 (Client 1112620458)
2026-03-27 13:00,2026-03-27,13,Cotton,43440.97,43606.61,165.63,0.3813,-63.78,6217,80896,43500,15.13,15.63,0.9015,INR/bale,Dhan API v2 (Client 1112620458)
2026-03-27 14:00,2026-03-27,14,Cotton,43396.76,43428.46,31.7,0.0731,-133.93,12771,79919,43500,14.4,14.9,0.9211,INR/bale,Dhan API v2 (Client 1112620458)
2026-03-27 15:00,2026-03-27,15,Cotton,43448.32,43673.72,225.4,0.5188,193.7,9705,77887,43500,15.43,15.93,0.8979,INR/bale,Dhan API v2 (Client 1112620458)
2026-03-27 16:00,2026-03-27,16,Cotton,43426.65,43635.16,208.51,0.4801,-16.89,2331,81043,43500,15.03,15.53,0.888,INR/bale,Dhan API v2 (Client 1112620458)
2026-03-27 17:00,2026-03-27,17,Cotton,43220.72,43190.32,-30.4,-0.0703,-238.91,14641,79366,43000,14.53,15.03,0.8918,INR/bale,Dhan API v2 (Client 1112620458)
2026-03-27 18:00,2026-03-27,18,Cotton,43210.84,43406.99,196.15,0.4539,226.55,3822,80487,43000,14.48,14.98,0.9509,INR/bale,Dhan API v2 (Client 1112620458)
2026-03-27 19:00,2026-03-27,19,Cotton,43243.18,43336.15,92.97,0.215,-103.18,516,78403,43000,14.68,15.18,0.948,INR/bale,Dhan API v2 (Client 1112620458)
2026-03-27 20:00,2026-03-27,20,Cotton,43258.39,43379.39,121.0,0.2797,28.03,2983,79634,43500,14.25,14.75,0.9266,INR/bale,Dhan API v2 (Client 1112620458)
2026-03-27 21:00,2026-03-27,21,Cotton,43526.57,43870.16,343.59,0.7894,222.59,2905,78870,43500,14.35,14.85,0.9206,INR/bale,Dhan API v2 (Client 1112620458)
2026-03-27 22:00,2026-03-27,22,Cotton,43566.91,43630.99,64.08,0.1471,-279.51,13167,79987,43500,14.19,14.69,0.9383,INR/bale,Dhan API v2 (Client 1112620458)
2026-03-27 23:00,2026-03-27,23,Cotton,43628.13,43743.91,115.78,0.2654,51.7,14021,80097,43500,14.66,15.16,0.9312,INR/bale,Dhan API v2 (Client 1112620458)
2026-03-30 09:00,2026-03-30,9,Cotton,43645.05,43727.9,82.85,0.1898,-32.93,13578,79414,43500,14.24,14.74,0.9054,INR/bale,Dhan API v2 (Client 1112620458)
2026-03-30 10:00,2026-03-30,10,Cotton,43852.82,43928.13,75.32,0.1718,-7.53,6548,80244,44000,14.18,14.68,0.8942,INR/bale,Dhan API v2 (Client 1112620458)
2026-03-30 11:00,2026-03-30,11,Cotton,43806.92,43924.4,117.48,0.2682,42.16,4803,79131,44000,14.37,14.87,0.8949,INR/bale,Dhan API v2 (Client 1112620458)
2026-03-30 12:00,2026-03-30,12,Cotton,43853.22,43985.97,132.75,0.3027,15.27,9349,80376,44000,14.48,14.98,0.9179,INR/bale,Dhan API v2 (Client 1112620458)
2026-03-30 13:00,2026-03-30,13,Cotton,43849.74,43961.69,111.95,0.2553,-20.8,12152,81016,44000,14.71,15.21,0.9208,INR/bale,Dhan API v2 (Client 1112620458)
2026-03-30 14:00,2026-03-30,14,Cotton,44034.42,44105.18,70.75,0.1607,-41.2,13602,79431,44000,14.27,14.77,0.9754,INR/bale,Dhan API v2 (Client 1112620458)
2026-03-30 15:00,2026-03-30,15,Cotton,43819.21,43880.1,60.89,0.139,-9.86,8167,79617,44000,14.16,14.66,0.9263,INR/bale,Dhan API v2 (Client 1112620458)
2026-03-30 16:00,2026-03-30,16,Cotton,43688.61,43847.72,159.12,0.3642,98.23,5289,78221,43500,14.51,15.01,0.913,INR/bale,Dhan API v2 (Client 1112620458)
2026-03-30 17:00,2026-03-30,17,Cotton,43654.83,43773.92,119.1,0.2728,-40.02,7999,80673,43500,14.28,14.78,0.9263,INR/bale,Dhan API v2 (Client 1112620458)
2026-03-30 18:00,2026-03-30,18,Cotton,43518.38,43746.29,227.91,0.5237,108.81,7116,79137,43500,14.02,14.52,0.9033,INR/bale,Dhan API v2 (Client 1112620458)
2026-03-30 19:00,2026-03-30,19,Cotton,43457.0,43502.23,45.23,0.1041,-182.68,1791,78855,43500,13.98,14.48,0.9313,INR/bale,Dhan API v2 (Client 1112620458)
2026-03-30 20:00,2026-03-30,20,Cotton,43168.15,43442.43,274.28,0.6354,229.05,2791,79429,43000,14.31,14.81,0.8847,INR/bale,Dhan API v2 (Client 1112620458)
2026-03-30 21:00,2026-03-30,21,Cotton,43172.32,43250.0,77.68,0.1799,-196.6,5525,79519,43000,14.41,14.91,0.9436,INR/bale,Dhan API v2 (Client 1112620458)
2026-03-30 22:00,2026-03-30,22,Cotton,43233.61,43367.54,133.94,0.3098,56.26,12081,79595,43000,14.37,14.87,0.9225,INR/bale,Dhan API v2 (Client 1112620458)
2026-03-30 23:00,2026-03-30,23,Cotton,43428.77,43408.24,-20.54,-0.0473,-154.48,9334,79114,43500,14.83,15.33,0.9208,INR/bale,Dhan API v2 (Client 1112620458)
2026-03-31 09:00,2026-03-31,9,Cotton,43452.47,43586.66,134.19,0.3088,154.73,2924,79013,43500,14.93,15.43,0.9449,INR/bale,Dhan API v2 (Client 1112620458)
2026-03-31 10:00,2026-03-31,10,Cotton,43328.23,43341.31,13.08,0.0302,-121.11,2937,78501,43500,14.7,15.2,0.9375,INR/bale,Dhan API v2 (Client 1112620458)
2026-03-31 11:00,2026-03-31,11,Cotton,43244.03,43343.11,99.08,0.2291,86.0,12069,79912,43000,14.34,14.84,0.8709,INR/bale,Dhan API v2 (Client 1112620458)
2026-03-31 12:00,2026-03-31,12,Cotton,43378.8,43618.99,240.2,0.5537,141.12,9901,78848,43500,14.28,14.78,0.9149,INR/bale,Dhan API v2 (Client 1112620458)
2026-03-31 13:00,2026-03-31,13,Cotton,43248.23,43446.12,197.9,0.4576,-42.3,6378,80254,43000,13.95,14.45,0.9027,INR/bale,Dhan API v2 (Client 1112620458)
2026-03-31 14:00,2026-03-31,14,Cotton,43443.74,43575.56,131.82,0.3034,-66.08,11209,79919,43500,14.54,15.04,0.8909,INR/bale,Dhan API v2 (Client 1112620458)
2026-03-31 15:00,2026-03-31,15,Cotton,43287.08,43470.44,183.36,0.4236,51.54,13441,78987,43500,14.44,14.94,0.9199,INR/bale,Dhan API v2 (Client 1112620458)
2026-03-31 16:00,2026-03-31,16,Cotton,43302.63,43311.34,8.72,0.0201,-174.64,6929,78299,43500,13.82,14.32,0.8751,INR/bale,Dhan API v2 (Client 1112620458)
2026-03-31 17:00,2026-03-31,17,Cotton,43485.75,43511.39,25.64,0.059,16.92,10178,80254,43500,13.86,14.36,0.9093,INR/bale,Dhan API v2 (Client 1112620458)
2026-03-31 18:00,2026-03-31,18,Cotton,43327.72,43562.03,234.31,0.5408,208.67,5788,81163,43500,14.68,15.18,0.9243,INR/bale,Dhan API v2 (Client 1112620458)
2026-03-31 19:00,2026-03-31,19,Cotton,43398.19,43639.97,241.78,0.5571,7.47,10925,80346,43500,14.01,14.51,0.9384,INR/bale,Dhan API v2 (Client 1112620458)
2026-03-31 20:00,2026-03-31,20,Cotton,43551.89,43669.39,117.51,0.2698,-124.27,1950,77846,43500,14.43,14.93,0.8932,INR/bale,Dhan API v2 (Client 1112620458)
2026-03-31 21:00,2026-03-31,21,Cotton,43431.02,43720.08,289.06,0.6656,171.55,2021,79231,43500,13.98,14.48,0.8751,INR/bale,Dhan API v2 (Client 1112620458)
2026-03-31 22:00,2026-03-31,22,Cotton,43401.83,43432.45,30.63,0.0706,-258.43,8944,79556,43500,14.25,14.75,0.9175,INR/bale,Dhan API v2 (Client 1112620458)
2026-03-31 23:00,2026-03-31,23,Cotton,43404.24,43475.39,71.16,0.1639,40.53,8444,78890,43500,13.9,14.4,0.9359,INR/bale,Dhan API v2 (Client 1112620458)
2026-04-01 09:00,2026-04-01,9,Cotton,43455.23,43554.57,99.34,0.2286,28.18,4922,78068,43500,14.98,15.48,0.9447,INR/bale,Dhan API v2 (Client 1112620458)
2026-04-01 10:00,2026-04-01,10,Cotton,43367.05,43433.7,66.65,0.1537,-32.69,3112,78355,43500,14.16,14.66,0.916,INR/bale,Dhan API v2 (Client 1112620458)
2026-04-01 11:00,2026-04-01,11,Cotton,43441.12,43601.97,160.85,0.3703,94.2,10376,79044,43500,14.74,15.24,0.9231,INR/bale,Dhan API v2 (Client 1112620458)
2026-04-01 12:00,2026-04-01,12,Cotton,43311.53,43517.42,205.89,0.4754,45.04,14333,78560,43500,14.88,15.38,0.8732,INR/bale,Dhan API v2 (Client 1112620458)
2026-04-01 13:00,2026-04-01,13,Cotton,43297.31,43382.9,85.59,0.1977,-120.3,4219,79649,43500,14.38,14.88,0.9143,INR/bale,Dhan API v2 (Client 1112620458)
2026-04-01 14:00,2026-04-01,14,Cotton,43356.52,43358.24,1.72,0.004,-83.87,3836,80100,43500,14.5,15.0,0.9246,INR/bale,Dhan API v2 (Client 1112620458)
2026-04-01 15:00,2026-04-01,15,Cotton,43246.66,43343.32,96.66,0.2235,94.94,2828,78399,43000,14.49,14.99,0.8752,INR/bale,Dhan API v2 (Client 1112620458)
2026-04-01 16:00,2026-04-01,16,Cotton,43298.67,43336.33,37.66,0.087,-59.0,14158,79268,43500,14.14,14.64,0.931,INR/bale,Dhan API v2 (Client 1112620458)
2026-04-01 17:00,2026-04-01,17,Cotton,43349.77,43505.06,155.29,0.3582,117.63,11498,79551,43500,14.71,15.21,0.9424,INR/bale,Dhan API v2 (Client 1112620458)
2026-04-01 18:00,2026-04-01,18,Cotton,43173.72,43235.03,61.31,0.142,-93.98,14687,79511,43000,14.0,14.5,0.956,INR/bale,Dhan API v2 (Client 1112620458)
2026-04-01 19:00,2026-04-01,19,Cotton,43197.01,43276.96,79.95,0.1851,18.64,5956,78528,43000,14.32,14.82,0.8977,INR/bale,Dhan API v2 (Client 1112620458)
2026-04-01 20:00,2026-04-01,20,Cotton,43063.44,43250.04,186.6,0.4333,106.65,5499,79138,43000,14.14,14.64,0.9204,INR/bale,Dhan API v2 (Client 1112620458)
2026-04-01 21:00,2026-04-01,21,Cotton,43154.16,43244.29,90.13,0.2088,-96.47,3200,79368,43000,14.38,14.88,0.8926,INR/bale,Dhan API v2 (Client 1112620458)
2026-04-01 22:00,2026-04-01,22,Cotton,43160.11,43329.46,169.35,0.3924,79.22,11503,79141,43000,14.51,15.01,0.9453,INR/bale,Dhan API v2 (Client 1112620458)
2026-04-01 23:00,2026-04-01,23,Cotton,43228.05,43268.59,40.54,0.0938,-128.81,10703,78863,43000,14.33,14.83,0.9182,INR/bale,Dhan API v2 (Client 1112620458)
2026-04-02 09:00,2026-04-02,9,Cotton,43142.84,43155.92,13.08,0.0303,-27.46,11438,79737,43000,14.27,14.77,0.9114,INR/bale,Dhan API v2 (Client 1112620458)
2026-04-02 10:00,2026-04-02,10,Cotton,43202.22,43363.63,161.42,0.3736,148.34,6729,79593,43000,14.78,15.28,0.8944,INR/bale,Dhan API v2 (Client 1112620458)
2026-04-02 11:00,2026-04-02,11,Cotton,43371.05,43324.22,-46.84,-0.108,-208.26,11229,79170,43500,14.85,15.35,0.8782,INR/bale,Dhan API v2 (Client 1112620458)
2026-04-02 12:00,2026-04-02,12,Cotton,43473.66,43674.81,201.15,0.4627,247.99,10136,79238,43500,14.24,14.74,0.9088,INR/bale,Dhan API v2 (Client 1112620458)
2026-04-02 13:00,2026-04-02,13,Cotton,43412.58,43556.85,144.27,0.3323,-56.88,12935,80529,43500,14.46,14.96,0.9184,INR/bale,Dhan API v2 (Client 1112620458)
2026-04-02 14:00,2026-04-02,14,Cotton,43224.22,43411.76,187.54,0.4339,43.27,3191,78451,43000,14.47,14.97,0.9114,INR/bale,Dhan API v2 (Client 1112620458)
2026-04-02 15:00,2026-04-02,15,Cotton,43018.44,43007.87,-10.58,-0.0246,-198.12,14357,79042,43000,15.06,15.56,0.9158,INR/bale,Dhan API v2 (Client 1112620458)
2026-04-02 16:00,2026-04-02,16,Cotton,43003.68,42946.15,-57.53,-0.1338,-46.95,9055,80153,43000,14.37,14.87,0.9514,INR/bale,Dhan API v2 (Client 1112620458)
2026-04-02 17:00,2026-04-02,17,Cotton,43058.67,43214.32,155.65,0.3615,213.18,14706,79861,43000,14.31,14.81,0.9159,INR/bale,Dhan API v2 (Client 1112620458)
2026-04-02 18:00,2026-04-02,18,Cotton,42875.04,42963.25,88.21,0.2057,-67.44,2684,79499,43000,14.66,15.16,0.9441,INR/bale,Dhan API v2 (Client 1112620458)
2026-04-02 19:00,2026-04-02,19,Cotton,42795.13,42845.77,50.64,0.1183,-37.57,9771,78738,43000,14.57,15.07,0.9444,INR/bale,Dhan API v2 (Client 1112620458)
2026-04-02 20:00,2026-04-02,20,Cotton,42972.59,43055.37,82.77,0.1926,32.13,14892,80838,43000,14.17,14.67,0.9141,INR/bale,Dhan API v2 (Client 1112620458)
2026-04-02 21:00,2026-04-02,21,Cotton,43149.25,43271.18,121.93,0.2826,39.16,6041,79623,43000,14.75,15.25,0.9667,INR/bale,Dhan API v2 (Client 1112620458)
2026-04-02 22:00,2026-04-02,22,Cotton,43257.81,43524.53,266.71,0.6166,144.78,12670,79630,43500,14.91,15.41,0.9478,INR/bale,Dhan API v2 (Client 1112620458)
2026-04-02 23:00,2026-04-02,23,Cotton,43370.74,43551.36,180.62,0.4165,-86.09,11333,78449,43500,14.43,14.93,0.957,INR/bale,Dhan API v2 (Client 1112620458)
2026-04-03 09:00,2026-04-03,9,Cotton,43086.74,43085.86,-0.88,-0.002,-181.5,13858,79934,43000,14.59,15.09,0.9448,INR/bale,Dhan API v2 (Client 1112620458)
2026-04-03 10:00,2026-04-03,10,Cotton,43191.96,43210.19,18.24,0.0422,19.12,7628,78828,43000,14.39,14.89,0.943,INR/bale,Dhan API v2 (Client 1112620458)
2026-04-03 11:00,2026-04-03,11,Cotton,43458.03,43459.42,1.4,0.0032,-16.84,934,80557,43500,14.76,15.26,0.9032,INR/bale,Dhan API v2 (Client 1112620458)
2026-04-03 12:00,2026-04-03,12,Cotton,43546.93,43573.7,26.77,0.0615,25.37,3923,78457,43500,14.22,14.72,0.8835,INR/bale,Dhan API v2 (Client 1112620458)
2026-04-03 13:00,2026-04-03,13,Cotton,43822.99,43824.49,1.5,0.0034,-25.27,9567,78428,44000,14.24,14.74,0.929,INR/bale,Dhan API v2 (Client 1112620458)
2026-04-03 14:00,2026-04-03,14,Cotton,43998.75,44058.06,59.31,0.1348,57.81,2181,78838,44000,14.64,15.14,0.8896,INR/bale,Dhan API v2 (Client 1112620458)
2026-04-03 15:00,2026-04-03,15,Cotton,43693.49,43793.44,99.95,0.2288,40.64,11804,80110,43500,14.38,14.88,0.9064,INR/bale,Dhan API v2 (Client 1112620458)
2026-04-03 16:00,2026-04-03,16,Cotton,43594.11,43679.06,84.95,0.1949,-15.0,580,79694,43500,14.02,14.52,0.9087,INR/bale,Dhan API v2 (Client 1112620458)
2026-04-03 17:00,2026-04-03,17,Cotton,43729.64,43823.52,93.88,0.2147,8.93,10123,78733,43500,13.7,14.2,0.9219,INR/bale,Dhan API v2 (Client 1112620458)
2026-04-03 18:00,2026-04-03,18,Cotton,43763.14,43871.11,107.97,0.2467,14.09,6368,80160,44000,14.56,15.06,0.9113,INR/bale,Dhan API v2 (Client 1112620458)
2026-04-03 19:00,2026-04-03,19,Cotton,43694.66,43691.72,-2.94,-0.0067,-110.91,6260,79587,43500,14.65,15.15,0.8691,INR/bale,Dhan API v2 (Client 1112620458)
2026-04-03 20:00,2026-04-03,20,Cotton,43721.1,43814.49,93.39,0.2136,96.33,3954,78800,43500,14.66,15.16,0.9426,INR/bale,Dhan API v2 (Client 1112620458)
2026-04-03 21:00,2026-04-03,21,Cotton,43500.52,43435.63,-64.89,-0.1492,-158.28,2801,80145,43500,14.4,14.9,0.9294,INR/bale,Dhan API v2 (Client 1112620458)
2026-04-03 22:00,2026-04-03,22,Cotton,43435.12,43349.85,-85.28,-0.1963,-20.39,7848,79635,43500,15.0,15.5,0.8931,INR/bale,Dhan API v2 (Client 1112620458)
2026-04-03 23:00,2026-04-03,23,Cotton,43373.84,43317.28,-56.56,-0.1304,28.72,8761,80254,43500,15.53,16.03,0.9233,INR/bale,Dhan API v2 (Client 1112620458)
2026-04-06 09:00,2026-04-06,9,Cotton,43321.26,43495.37,174.1,0.4019,230.66,13814,80209,43500,14.07,14.57,0.8942,INR/bale,Dhan API v2 (Client 1112620458)
2026-04-06 10:00,2026-04-06,10,Cotton,43249.03,43453.25,204.22,0.4722,30.12,11650,80968,43000,14.23,14.73,0.9213,INR/bale,Dhan API v2 (Client 1112620458)
2026-04-06 11:00,2026-04-06,11,Cotton,43266.58,43369.03,102.45,0.2368,-101.77,9229,80665,43500,14.23,14.73,0.9155,INR/bale,Dhan API v2 (Client 1112620458)
2026-04-06 12:00,2026-04-06,12,Cotton,43307.97,43308.22,0.25,0.0006,-102.2,7695,81224,43500,14.04,14.54,0.9529,INR/bale,Dhan API v2 (Client 1112620458)
2026-04-06 13:00,2026-04-06,13,Cotton,43346.6,43498.12,151.52,0.3496,151.27,11864,79590,43500,14.2,14.7,0.9312,INR/bale,Dhan API v2 (Client 1112620458)
2026-04-06 14:00,2026-04-06,14,Cotton,43386.37,43428.99,42.61,0.0982,-108.91,10087,79811,43500,14.39,14.89,0.9158,INR/bale,Dhan API v2 (Client 1112620458)
2026-04-06 15:00,2026-04-06,15,Cotton,43455.35,43612.34,156.99,0.3613,114.38,11600,78797,43500,14.76,15.26,0.8909,INR/bale,Dhan API v2 (Client 1112620458)
2026-04-06 16:00,2026-04-06,16,Cotton,43551.31,43605.45,54.14,0.1243,-102.85,11295,79558,43500,14.48,14.98,0.9335,INR/bale,Dhan API v2 (Client 1112620458)
2026-04-06 17:00,2026-04-06,17,Cotton,43778.75,43807.33,28.59,0.0653,-25.55,2681,79985,44000,14.23,14.73,0.9198,INR/bale,Dhan API v2 (Client 1112620458)
2026-04-06 18:00,2026-04-06,18,Cotton,43803.66,43809.02,5.37,0.0123,-23.22,2722,79657,44000,14.3,14.8,0.9197,INR/bale,Dhan API v2 (Client 1112620458)
2026-04-06 19:00,2026-04-06,19,Cotton,43678.78,43787.88,109.1,0.2498,103.73,9809,81103,43500,14.28,14.78,0.9077,INR/bale,Dhan API v2 (Client 1112620458)
2026-04-06 20:00,2026-04-06,20,Cotton,43745.88,43860.51,114.63,0.262,5.53,7878,79469,43500,14.72,15.22,0.9079,INR/bale,Dhan API v2 (Client 1112620458)
2026-04-06 21:00,2026-04-06,21,Cotton,43832.63,44001.51,168.89,0.3853,54.26,14367,78949,44000,14.56,15.06,0.9079,INR/bale,Dhan API v2 (Client 1112620458)
2026-04-06 22:00,2026-04-06,22,Cotton,43846.47,43882.2,35.73,0.0815,-133.16,7474,79009,44000,14.82,15.32,0.9151,INR/bale,Dhan API v2 (Client 1112620458)
2026-04-06 23:00,2026-04-06,23,Cotton,44126.88,44109.63,-17.25,-0.0391,-52.98,6112,78781,44000,14.16,14.66,0.9088,INR/bale,Dhan API v2 (Client 1112620458)
2026-04-07 09:00,2026-04-07,9,Cotton,44174.61,44355.79,181.18,0.4102,198.43,3986,79821,44000,14.13,14.63,0.9373,INR/bale,Dhan API v2 (Client 1112620458)
2026-04-07 10:00,2026-04-07,10,Cotton,44243.39,44248.77,5.38,0.0122,-175.8,14758,78061,44000,14.04,14.54,0.9294,INR/bale,Dhan API v2 (Client 1112620458)
2026-04-07 11:00,2026-04-07,11,Cotton,44400.08,44333.69,-66.39,-0.1495,-71.77,2922,78684,44500,14.62,15.12,0.926,INR/bale,Dhan API v2 (Client 1112620458)
2026-04-07 12:00,2026-04-07,12,Cotton,44361.85,44385.21,23.36,0.0527,89.75,4166,79712,44500,14.3,14.8,0.9069,INR/bale,Dhan API v2 (Client 1112620458)
2026-04-07 13:00,2026-04-07,13,Cotton,44425.83,44406.14,-19.68,-0.0443,-43.04,8524,79989,44500,14.11,14.61,0.92,INR/bale,Dhan API v2 (Client 1112620458)
2026-04-07 14:00,2026-04-07,14,Cotton,44265.48,44231.09,-34.4,-0.0777,-14.72,2159,80105,44500,14.14,14.64,0.8889,INR/bale,Dhan API v2 (Client 1112620458)
2026-04-07 15:00,2026-04-07,15,Cotton,44294.76,44369.83,75.07,0.1695,109.47,8879,79807,44500,13.67,14.17,0.9234,INR/bale,Dhan API v2 (Client 1112620458)
2026-04-07 16:00,2026-04-07,16,Cotton,44462.37,44411.57,-50.8,-0.1143,-125.87,6581,80031,44500,14.17,14.67,0.8847,INR/bale,Dhan API v2 (Client 1112620458)
2026-04-07 17:00,2026-04-07,17,Cotton,44526.2,44507.05,-19.16,-0.043,31.64,4922,79259,44500,14.47,14.97,0.9009,INR/bale,Dhan API v2 (Client 1112620458)
2026-04-07 18:00,2026-04-07,18,Cotton,44694.58,44792.82,98.23,0.2198,117.39,1849,77920,44500,14.78,15.28,0.9133,INR/bale,Dhan API v2 (Client 1112620458)
2026-04-07 19:00,2026-04-07,19,Cotton,44625.75,44736.42,110.67,0.248,12.44,13443,79186,44500,14.41,14.91,0.8856,INR/bale,Dhan API v2 (Client 1112620458)
2026-04-07 20:00,2026-04-07,20,Cotton,44534.9,44662.73,127.83,0.287,17.16,7132,79618,44500,14.46,14.96,0.9087,INR/bale,Dhan API v2 (Client 1112620458)
2026-04-07 21:00,2026-04-07,21,Cotton,44603.22,44814.36,211.14,0.4734,83.31,6281,79395,44500,14.93,15.43,0.9373,INR/bale,Dhan API v2 (Client 1112620458)
2026-04-07 22:00,2026-04-07,22,Cotton,44702.07,44858.43,156.36,0.3498,-54.78,6929,78752,44500,14.24,14.74,0.8845,INR/bale,Dhan API v2 (Client 1112620458)
2026-04-07 23:00,2026-04-07,23,Cotton,44784.19,44840.2,56.01,0.1251,-100.35,14325,78710,45000,14.81,15.31,0.9154,INR/bale,Dhan API v2 (Client 1112620458)
2026-04-08 09:00,2026-04-08,9,Cotton,44963.27,45086.99,123.72,0.2752,67.71,10084,77814,45000,14.64,15.14,0.926,INR/bale,Dhan API v2 (Client 1112620458)
2026-04-08 10:00,2026-04-08,10,Cotton,44941.89,44902.73,-39.16,-0.0871,-162.88,8909,79959,45000,14.65,15.15,0.8937,INR/bale,Dhan API v2 (Client 1112620458)
2026-04-08 11:00,2026-04-08,11,Cotton,44744.57,44741.5,-3.08,-0.0069,36.08,11693,77203,44500,14.43,14.93,0.9274,INR/bale,Dhan API v2 (Client 1112620458)
2026-04-08 12:00,2026-04-08,12,Cotton,45015.06,45114.18,99.11,0.2202,102.19,8704,78827,45000,14.46,14.96,0.9397,INR/bale,Dhan API v2 (Client 1112620458)
2026-04-08 13:00,2026-04-08,13,Cotton,45087.11,45142.42,55.32,0.1227,-43.79,14809,79069,45000,14.57,15.07,0.9105,INR/bale,Dhan API v2 (Client 1112620458)
2026-04-08 14:00,2026-04-08,14,Cotton,45300.51,45385.29,84.78,0.1872,29.46,14637,77711,45500,14.39,14.89,0.9282,INR/bale,Dhan API v2 (Client 1112620458)
2026-04-08 15:00,2026-04-08,15,Cotton,45137.65,45086.28,-51.37,-0.1138,-136.15,14308,78376,45000,14.31,14.81,0.9273,INR/bale,Dhan API v2 (Client 1112620458)
2026-04-08 16:00,2026-04-08,16,Cotton,45066.18,45250.94,184.75,0.41,236.12,11994,80465,45000,13.84,14.34,0.9197,INR/bale,Dhan API v2 (Client 1112620458)
2026-04-08 17:00,2026-04-08,17,Cotton,45121.49,45286.34,164.85,0.3654,-19.9,3102,78492,45000,14.73,15.23,0.9442,INR/bale,Dhan API v2 (Client 1112620458)
2026-04-08 18:00,2026-04-08,18,Cotton,45117.54,45176.81,59.27,0.1314,-105.58,7339,78099,45000,14.64,15.14,0.9384,INR/bale,Dhan API v2 (Client 1112620458)
2026-04-08 19:00,2026-04-08,19,Cotton,44985.85,45054.64,68.79,0.1529,9.52,2750,79641,45000,14.27,14.77,0.9109,INR/bale,Dhan API v2 (Client 1112620458)
2026-04-08 20:00,2026-04-08,20,Cotton,45023.15,45089.98,66.83,0.1484,-1.96,10254,79410,45000,14.98,15.48,0.9443,INR/bale,Dhan API v2 (Client 1112620458)
2026-04-08 21:00,2026-04-08,21,Cotton,44972.2,45153.03,180.83,0.4021,114.0,5551,79843,45000,14.56,15.06,0.9393,INR/bale,Dhan API v2 (Client 1112620458)
2026-04-08 22:00,2026-04-08,22,Cotton,44949.62,45044.98,95.36,0.2121,-85.47,829,79265,45000,14.58,15.08,0.909,INR/bale,Dhan API v2 (Client 1112620458)
2026-04-08 23:00,2026-04-08,23,Cotton,44931.37,45121.75,190.38,0.4237,95.02,2996,79143,45000,14.04,14.54,0.8994,INR/bale,Dhan API v2 (Client 1112620458)
2026-04-09 09:00,2026-04-09,9,Cotton,44951.04,45017.36,66.31,0.1475,-124.07,1725,79946,45000,14.49,14.99,0.8934,INR/bale,Dhan API v2 (Client 1112620458)
2026-04-09 10:00,2026-04-09,10,Cotton,44984.98,45147.33,162.35,0.3609,96.04,8304,79065,45000,14.73,15.23,0.9343,INR/bale,Dhan API v2 (Client 1112620458)
2026-04-09 11:00,2026-04-09,11,Cotton,45054.1,45188.52,134.43,0.2984,-27.92,14884,79459,45000,14.82,15.32,0.9095,INR/bale,Dhan API v2 (Client 1112620458)
2026-04-09 12:00,2026-04-09,12,Cotton,44980.67,45051.49,70.83,0.1575,-63.6,8326,77678,45000,14.13,14.63,0.9306,INR/bale,Dhan API v2 (Client 1112620458)
2026-04-09 13:00,2026-04-09,13,Cotton,44898.79,45008.39,109.6,0.2441,38.77,6386,79895,45000,14.33,14.83,0.925,INR/bale,Dhan API v2 (Client 1112620458)
2026-04-09 14:00,2026-04-09,14,Cotton,44906.27,44996.62,90.35,0.2012,-19.25,12332,79196,45000,14.84,15.34,0.9164,INR/bale,Dhan API v2 (Client 1112620458)
2026-04-09 15:00,2026-04-09,15,Cotton,44797.83,44776.7,-21.14,-0.0472,-111.49,12437,78909,45000,14.59,15.09,0.8977,INR/bale,Dhan API v2 (Client 1112620458)
2026-04-09 16:00,2026-04-09,16,Cotton,44731.26,44641.89,-89.37,-0.1998,-68.23,14851,81372,44500,14.86,15.36,0.8905,INR/bale,Dhan API v2 (Client 1112620458)
2026-04-09 17:00,2026-04-09,17,Cotton,44564.46,44514.92,-49.53,-0.1111,39.84,3578,78361,44500,14.42,14.92,0.9148,INR/bale,Dhan API v2 (Client 1112620458)
2026-04-09 18:00,2026-04-09,18,Cotton,44785.44,44853.96,68.52,0.153,118.05,2523,79761,45000,14.25,14.75,0.9527,INR/bale,Dhan API v2 (Client 1112620458)
2026-04-09 19:00,2026-04-09,19,Cotton,44745.87,44864.42,118.55,0.2649,50.03,1416,79105,44500,14.84,15.34,0.9303,INR/bale,Dhan API v2 (Client 1112620458)
2026-04-09 20:00,2026-04-09,20,Cotton,44509.07,44604.44,95.37,0.2143,-23.18,7465,78103,44500,14.5,15.0,0.9225,INR/bale,Dhan API v2 (Client 1112620458)
2026-04-09 21:00,2026-04-09,21,Cotton,44706.34,44655.21,-51.12,-0.1144,-146.49,5736,79245,44500,14.92,15.42,0.9207,INR/bale,Dhan API v2 (Client 1112620458)
2026-04-09 22:00,2026-04-09,22,Cotton,44596.78,44605.98,9.2,0.0206,60.32,4435,79196,44500,14.19,14.69,0.9598,INR/bale,Dhan API v2 (Client 1112620458)
2026-04-09 23:00,2026-04-09,23,Cotton,44597.18,44626.29,29.12,0.0653,19.92,8037,78398,44500,14.26,14.76,0.8752,INR/bale,Dhan API v2 (Client 1112620458)
2026-04-10 09:00,2026-04-10,9,Cotton,44638.26,44739.12,100.87,0.226,71.75,4980,77592,44500,13.82,14.32,0.8859,INR/bale,Dhan API v2 (Client 1112620458)
2026-04-10 10:00,2026-04-10,10,Cotton,44726.51,44583.02,-143.48,-0.3208,-244.35,6011,79781,44500,13.82,14.32,0.9283,INR/bale,Dhan API v2 (Client 1112620458)
2026-04-10 11:00,2026-04-10,11,Cotton,44701.32,44842.93,141.61,0.3168,285.09,5418,79467,44500,14.4,14.9,0.9255,INR/bale,Dhan API v2 (Client 1112620458)
2026-04-10 12:00,2026-04-10,12,Cotton,44910.67,44850.5,-60.17,-0.134,-201.78,2018,80753,45000,14.36,14.86,0.9394,INR/bale,Dhan API v2 (Client 1112620458)
2026-04-10 13:00,2026-04-10,13,Cotton,44873.78,44994.77,120.99,0.2696,181.16,6409,80132,45000,14.67,15.17,0.942,INR/bale,Dhan API v2 (Client 1112620458)
2026-04-10 14:00,2026-04-10,14,Cotton,44937.68,45053.16,115.48,0.257,-5.51,14294,80188,45000,14.65,15.15,0.8771,INR/bale,Dhan API v2 (Client 1112620458)
2026-04-10 15:00,2026-04-10,15,Cotton,45007.23,44989.47,-17.77,-0.0395,-133.25,9629,79459,45000,14.12,14.62,0.9166,INR/bale,Dhan API v2 (Client 1112620458)
2026-04-10 16:00,2026-04-10,16,Cotton,45053.98,45131.62,77.64,0.1723,95.41,3479,79000,45000,14.59,15.09,0.9429,INR/bale,Dhan API v2 (Client 1112620458)
2026-04-10 17:00,2026-04-10,17,Cotton,45028.62,45077.86,49.25,0.1094,-28.39,5808,78660,45000,14.67,15.17,0.9468,INR/bale,Dhan API v2 (Client 1112620458)
2026-04-10 18:00,2026-04-10,18,Cotton,45122.6,45074.04,-48.56,-0.1076,-97.81,9413,78983,45000,14.64,15.14,0.8897,INR/bale,Dhan API v2 (Client 1112620458)
2026-04-10 19:00,2026-04-10,19,Cotton,45119.35,45108.0,-11.36,-0.0252,37.2,10091,79804,45000,14.25,14.75,0.9469,INR/bale,Dhan API v2 (Client 1112620458)
2026-04-10 20:00,2026-04-10,20,Cotton,45227.79,45303.09,75.3,0.1665,86.66,7408,80200,45000,14.39,14.89,0.9735,INR/bale,Dhan API v2 (Client 1112620458)
2026-04-10 21:00,2026-04-10,21,Cotton,45307.92,45398.52,90.6,0.2,15.3,14214,79375,45500,14.23,14.73,0.943,INR/bale,Dhan API v2 (Client 1112620458)
2026-04-10 22:00,2026-04-10,22,Cotton,45193.91,45255.36,61.45,0.136,-29.15,2152,78859,45000,14.81,15.31,0.8984,INR/bale,Dhan API v2 (Client 1112620458)
2026-04-10 23:00,2026-04-10,23,Cotton,45051.47,45102.43,50.96,0.1131,-10.49,10445,78608,45000,14.67,15.17,0.9476,INR/bale,Dhan API v2 (Client 1112620458)
2026-04-13 09:00,2026-04-13,9,Cotton,45127.08,45269.65,142.57,0.3159,91.61,5227,80182,45000,14.14,14.64,0.9092,INR/bale,Dhan API v2 (Client 1112620458)
2026-04-13 10:00,2026-04-13,10,Cotton,45204.81,45208.3,3.49,0.0077,-139.08,6278,80540,45000,14.7,15.2,0.9301,INR/bale,Dhan API v2 (Client 1112620458)
2026-04-13 11:00,2026-04-13,11,Cotton,45247.55,45354.47,106.92,0.2363,103.43,3586,80202,45000,14.31,14.81,0.8972,INR/bale,Dhan API v2 (Client 1112620458)
2026-04-13 12:00,2026-04-13,12,Cotton,45304.63,45446.58,141.95,0.3133,35.03,3201,79556,45500,13.98,14.48,0.9043,INR/bale,Dhan API v2 (Client 1112620458)
2026-04-13 13:00,2026-04-13,13,Cotton,45193.04,45275.61,82.57,0.1827,-59.38,13215,79208,45000,14.18,14.68,0.9299,INR/bale,Dhan API v2 (Client 1112620458)
2026-04-13 14:00,2026-04-13,14,Cotton,45236.26,45307.11,70.84,0.1566,-11.73,12134,80356,45000,14.97,15.47,0.8971,INR/bale,Dhan API v2 (Client 1112620458)
2026-04-13 15:00,2026-04-13,15,Cotton,45301.3,45384.66,83.35,0.184,12.51,11315,79617,45500,14.64,15.14,0.9326,INR/bale,Dhan API v2 (Client 1112620458)
2026-04-13 16:00,2026-04-13,16,Cotton,45223.62,45203.94,-19.68,-0.0435,-103.03,6289,79087,45000,14.47,14.97,0.9327,INR/bale,Dhan API v2 (Client 1112620458)
2026-04-13 17:00,2026-04-13,17,Cotton,45093.82,45120.59,26.78,0.0594,46.46,4279,79733,45000,14.28,14.78,0.919,INR/bale,Dhan API v2 (Client 1112620458)
2026-04-13 18:00,2026-04-13,18,Cotton,45345.26,45287.44,-57.82,-0.1275,-84.6,6453,80573,45500,14.44,14.94,0.9162,INR/bale,Dhan API v2 (Client 1112620458)
2026-04-13 19:00,2026-04-13,19,Cotton,45249.9,45390.52,140.62,0.3108,198.44,2529,78608,45000,14.37,14.87,0.9042,INR/bale,Dhan API v2 (Client 1112620458)
2026-04-13 20:00,2026-04-13,20,Cotton,45195.41,45293.79,98.38,0.2177,-42.24,9174,78998,45000,14.08,14.58,0.9241,INR/bale,Dhan API v2 (Client 1112620458)
2026-04-13 21:00,2026-04-13,21,Cotton,45271.71,45393.76,122.05,0.2696,23.67,9035,79333,45500,14.99,15.49,0.8956,INR/bale,Dhan API v2 (Client 1112620458)
2026-04-13 22:00,2026-04-13,22,Cotton,45121.11,45192.08,70.97,0.1573,-51.08,3560,78737,45000,14.08,14.58,0.9244,INR/bale,Dhan API v2 (Client 1112620458)
2026-04-13 23:00,2026-04-13,23,Cotton,45061.84,45045.18,-16.66,-0.037,-87.63,2931,78348,45000,14.74,15.24,0.8868,INR/bale,Dhan API v2 (Client 1112620458)
2026-04-14 09:00,2026-04-14,9,Cotton,45109.38,45240.86,131.48,0.2915,148.14,2342,79455,45000,14.92,15.42,0.92,INR/bale,Dhan API v2 (Client 1112620458)
2026-04-14 10:00,2026-04-14,10,Cotton,45002.59,45017.34,14.75,0.0328,-116.73,1756,80057,45000,14.22,14.72,0.9109,INR/bale,Dhan API v2 (Client 1112620458)
2026-04-14 11:00,2026-04-14,11,Cotton,44803.36,44911.11,107.75,0.2405,93.0,5791,80039,45000,14.18,14.68,0.9065,INR/bale,Dhan API v2 (Client 1112620458)
2026-04-14 12:00,2026-04-14,12,Cotton,44732.4,44793.55,61.15,0.1367,-46.6,6857,79522,44500,14.15,14.65,0.9041,INR/bale,Dhan API v2 (Client 1112620458)
2026-04-14 13:00,2026-04-14,13,Cotton,44754.22,44734.51,-19.71,-0.044,-80.86,4753,79369,45000,14.75,15.25,0.9043,INR/bale,Dhan API v2 (Client 1112620458)
2026-04-14 14:00,2026-04-14,14,Cotton,45021.35,44973.69,-47.66,-0.1059,-27.95,6024,79631,45000,14.5,15.0,0.9296,INR/bale,Dhan API v2 (Client 1112620458)
2026-04-14 15:00,2026-04-14,15,Cotton,45250.22,45228.35,-21.87,-0.0483,25.79,552,80555,45500,14.17,14.67,0.9294,INR/bale,Dhan API v2 (Client 1112620458)
2026-04-14 16:00,2026-04-14,16,Cotton,45445.74,45409.43,-36.32,-0.0799,-14.45,10614,78625,45500,14.74,15.24,0.9205,INR/bale,Dhan API v2 (Client 1112620458)
2026-04-14 17:00,2026-04-14,17,Cotton,45508.56,45486.91,-21.65,-0.0476,14.67,6239,80804,45500,14.3,14.8,0.9381,INR/bale,Dhan API v2 (Client 1112620458)
2026-04-14 18:00,2026-04-14,18,Cotton,45581.4,45854.97,273.57,0.6002,295.22,1007,79667,45500,14.37,14.87,0.9019,INR/bale,Dhan API v2 (Client 1112620458)
2026-04-14 19:00,2026-04-14,19,Cotton,45450.83,45379.73,-71.1,-0.1564,-344.67,6713,79170,45500,14.45,14.95,0.917,INR/bale,Dhan API v2 (Client 1112620458)
2026-04-14 20:00,2026-04-14,20,Cotton,45171.31,45321.0,149.69,0.3314,220.79,1564,78452,45000,14.16,14.66,0.9236,INR/bale,Dhan API v2 (Client 1112620458)
2026-04-14 21:00,2026-04-14,21,Cotton,45238.24,45424.48,186.24,0.4117,36.55,7717,80152,45000,14.21,14.71,0.9744,INR/bale,Dhan API v2 (Client 1112620458)
2026-04-14 22:00,2026-04-14,22,Cotton,45256.4,45291.31,34.91,0.0771,-151.33,1120,80162,45500,14.38,14.88,0.8862,INR/bale,Dhan API v2 (Client 1112620458)
2026-04-14 23:00,2026-04-14,23,Cotton,45443.84,45338.24,-105.6,-0.2324,-140.51,12100,80198,45500,14.23,14.73,0.9135,INR/bale,Dhan API v2 (Client 1112620458)
2026-04-15 09:00,2026-04-15,9,Cotton,45402.93,45384.19,-18.74,-0.0413,86.86,6458,78417,45500,14.55,15.05,0.9256,INR/bale,Dhan API v2 (Client 1112620458)
2026-04-15 10:00,2026-04-15,10,Cotton,45412.1,45523.06,110.95,0.2443,129.69,12153,80547,45500,14.69,15.19,0.9456,INR/bale,Dhan API v2 (Client 1112620458)
2026-04-15 11:00,2026-04-15,11,Cotton,45265.09,45256.09,-9.01,-0.0199,-119.96,840,79667,45500,14.39,14.89,0.8804,INR/bale,Dhan API v2 (Client 1112620458)
2026-04-15 12:00,2026-04-15,12,Cotton,45286.27,45384.03,97.76,0.2159,106.77,7385,79784,45500,14.36,14.86,0.9353,INR/bale,Dhan API v2 (Client 1112620458)
2026-04-15 13:00,2026-04-15,13,Cotton,45123.88,45122.24,-1.63,-0.0036,-99.39,13950,79852,45000,14.3,14.8,0.9249,INR/bale,Dhan API v2 (Client 1112620458)
2026-04-15 14:00,2026-04-15,14,Cotton,45108.06,45114.81,6.76,0.015,8.39,1263,80004,45000,14.23,14.73,0.8928,INR/bale,Dhan API v2 (Client 1112620458)
2026-04-15 15:00,2026-04-15,15,Cotton,45056.21,45154.98,98.77,0.2192,92.01,2657,80845,45000,14.3,14.8,0.9458,INR/bale,Dhan API v2 (Client 1112620458)
2026-04-15 16:00,2026-04-15,16,Cotton,44884.39,44836.31,-48.08,-0.1071,-146.85,9888,78363,45000,14.54,15.04,0.8629,INR/bale,Dhan API v2 (Client 1112620458)
2026-04-15 17:00,2026-04-15,17,Cotton,44907.09,44963.83,56.74,0.1264,104.82,6808,80834,45000,14.24,14.74,0.8754,INR/bale,Dhan API v2 (Client 1112620458)
2026-04-15 18:00,2026-04-15,18,Cotton,44876.87,44881.51,4.64,0.0103,-52.1,4598,79812,45000,14.48,14.98,0.8827,INR/bale,Dhan API v2 (Client 1112620458)
2026-04-15 19:00,2026-04-15,19,Cotton,44823.69,44875.43,51.75,0.1154,47.11,1776,80187,45000,14.27,14.77,0.9134,INR/bale,Dhan API v2 (Client 1112620458)
2026-04-15 20:00,2026-04-15,20,Cotton,44660.74,44826.18,165.44,0.3704,113.69,3685,80215,44500,13.91,14.41,0.9204,INR/bale,Dhan API v2 (Client 1112620458)
2026-04-15 21:00,2026-04-15,21,Cotton,44604.07,44798.84,194.77,0.4367,29.33,7393,80727,44500,15.16,15.66,0.8965,INR/bale,Dhan API v2 (Client 1112620458)
2026-04-15 22:00,2026-04-15,22,Cotton,44751.52,44749.39,-2.13,-0.0048,-196.9,14261,79336,45000,14.92,15.42,0.9153,INR/bale,Dhan API v2 (Client 1112620458)
2026-04-15 23:00,2026-04-15,23,Cotton,44858.36,44927.8,69.44,0.1548,71.57,6541,78568,45000,14.44,14.94,0.9087,INR/bale,Dhan API v2 (Client 1112620458)
2026-04-16 09:00,2026-04-16,9,Cotton,44797.07,44986.66,189.59,0.4232,120.15,3169,79660,45000,14.84,15.34,0.9083,INR/bale,Dhan API v2 (Client 1112620458)
2026-04-16 10:00,2026-04-16,10,Cotton,44759.77,44913.85,154.09,0.3443,-35.5,4014,79609,45000,14.44,14.94,0.944,INR/bale,Dhan API v2 (Client 1112620458)
2026-04-16 11:00,2026-04-16,11,Cotton,44732.14,44702.53,-29.61,-0.0662,-183.7,2402,78495,44500,14.43,14.93,0.9233,INR/bale,Dhan API v2 (Client 1112620458)
2026-04-16 12:00,2026-04-16,12,Cotton,44838.07,44969.92,131.85,0.2941,161.46,3624,80077,45000,13.9,14.4,0.9317,INR/bale,Dhan API v2 (Client 1112620458)
2026-04-16 13:00,2026-04-16,13,Cotton,44853.27,44821.08,-32.19,-0.0718,-164.04,14374,79242,45000,14.45,14.95,0.9061,INR/bale,Dhan API v2 (Client 1112620458)
2026-04-16 14:00,2026-04-16,14,Cotton,44810.55,44707.77,-102.78,-0.2294,-70.59,11665,80832,45000,14.62,15.12,0.8849,INR/bale,Dhan API v2 (Client 1112620458)
2026-04-16 15:00,2026-04-16,15,Cotton,44831.71,44891.6,59.88,0.1336,162.66,1861,79262,45000,14.55,15.05,0.9361,INR/bale,Dhan API v2 (Client 1112620458)
2026-04-16 16:00,2026-04-16,16,Cotton,44992.77,44844.93,-147.84,-0.3286,-207.72,12977,80667,45000,14.35,14.85,0.9308,INR/bale,Dhan API v2 (Client 1112620458)
2026-04-16 17:00,2026-04-16,17,Cotton,44766.21,44725.78,-40.43,-0.0903,107.41,4171,79161,45000,14.86,15.36,0.9397,INR/bale,Dhan API v2 (Client 1112620458)
2026-04-16 18:00,2026-04-16,18,Cotton,44694.8,44726.41,31.61,0.0707,72.04,7930,80339,44500,14.28,14.78,0.9432,INR/bale,Dhan API v2 (Client 1112620458)
2026-04-16 19:00,2026-04-16,19,Cotton,44834.6,44924.8,90.2,0.2012,58.59,9824,77767,45000,14.41,14.91,0.928,INR/bale,Dhan API v2 (Client 1112620458)
2026-04-16 20:00,2026-04-16,20,Cotton,44816.44,44880.69,64.26,0.1434,-25.94,2368,80880,45000,14.54,15.04,0.9386,INR/bale,Dhan API v2 (Client 1112620458)
2026-04-16 21:00,2026-04-16,21,Cotton,44868.39,44979.9,111.51,0.2485,47.25,5454,80278,45000,14.72,15.22,0.8918,INR/bale,Dhan API v2 (Client 1112620458)
2026-04-16 22:00,2026-04-16,22,Cotton,44819.24,44789.64,-29.6,-0.066,-141.11,9349,79592,45000,13.98,14.48,0.9243,INR/bale,Dhan API v2 (Client 1112620458)
2026-04-16 23:00,2026-04-16,23,Cotton,44639.5,44777.8,138.3,0.3098,167.9,10422,80241,44500,14.73,15.23,0.9409,INR/bale,Dhan API v2 (Client 1112620458)
2026-04-17 09:00,2026-04-17,9,Cotton,44345.44,44264.5,-80.95,-0.1825,-219.25,2130,80448,44500,14.07,14.57,0.9187,INR/bale,Dhan API v2 (Client 1112620458)
2026-04-17 10:00,2026-04-17,10,Cotton,44389.01,44451.86,62.85,0.1416,143.8,5441,79530,44500,14.29,14.79,0.9006,INR/bale,Dhan API v2 (Client 1112620458)
2026-04-17 11:00,2026-04-17,11,Cotton,44369.43,44319.2,-50.23,-0.1132,-113.08,790,79610,44500,14.57,15.07,0.8914,INR/bale,Dhan API v2 (Client 1112620458)
2026-04-17 12:00,2026-04-17,12,Cotton,44402.67,44527.64,124.97,0.2814,175.2,3054,79290,44500,14.35,14.85,0.8934,INR/bale,Dhan API v2 (Client 1112620458)
2026-04-17 13:00,2026-04-17,13,Cotton,44387.95,44523.11,135.16,0.3045,10.19,14816,79359,44500,14.39,14.89,0.8986,INR/bale,Dhan API v2 (Client 1112620458)
2026-04-17 14:00,2026-04-17,14,Cotton,44342.13,44355.4,13.27,0.0299,-121.89,14105,78254,44500,14.79,15.29,0.9004,INR/bale,Dhan API v2 (Client 1112620458)
2026-04-17 15:00,2026-04-17,15,Cotton,44263.95,44286.75,22.8,0.0515,9.53,14429,80024,44500,14.51,15.01,0.9562,INR/bale,Dhan API v2 (Client 1112620458)
2026-04-17 16:00,2026-04-17,16,Cotton,44236.13,44124.95,-111.18,-0.2513,-133.98,2506,78973,44000,14.83,15.33,0.9023,INR/bale,Dhan API v2 (Client 1112620458)
2026-04-17 17:00,2026-04-17,17,Cotton,44260.26,44344.42,84.16,0.1902,195.34,13398,80220,44500,14.85,15.35,0.9181,INR/bale,Dhan API v2 (Client 1112620458)
2026-04-17 18:00,2026-04-17,18,Cotton,44305.44,44367.16,61.73,0.1393,-22.43,623,78184,44500,14.09,14.59,0.8962,INR/bale,Dhan API v2 (Client 1112620458)
2026-04-17 19:00,2026-04-17,19,Cotton,44199.52,44343.62,144.11,0.326,82.38,6872,78951,44000,14.48,14.98,0.9394,INR/bale,Dhan API v2 (Client 1112620458)
2026-04-17 20:00,2026-04-17,20,Cotton,44216.49,44252.98,36.49,0.0825,-107.62,6378,80503,44000,14.5,15.0,0.9236,INR/bale,Dhan API v2 (Client 1112620458)
2026-04-17 21:00,2026-04-17,21,Cotton,44294.67,44431.64,136.97,0.3092,100.48,6413,80152,44500,14.37,14.87,0.9391,INR/bale,Dhan API v2 (Client 1112620458)
2026-04-17 22:00,2026-04-17,22,Cotton,44300.96,44291.49,-9.47,-0.0214,-146.44,7827,78289,44500,14.42,14.92,0.9046,INR/bale,Dhan API v2 (Client 1112620458)
2026-04-17 23:00,2026-04-17,23,Cotton,44477.79,44488.09,10.3,0.0232,19.77,6020,79270,44500,14.53,15.03,0.9115,INR/bale,Dhan API v2 (Client 1112620458)
2026-04-20 09:00,2026-04-20,9,Cotton,44416.17,44466.01,49.84,0.1122,39.54,9409,79220,44500,14.32,14.82,0.9314,INR/bale,Dhan API v2 (Client 1112620458)
2026-04-20 10:00,2026-04-20,10,Cotton,44415.33,44329.19,-86.14,-0.1939,-135.98,8020,79450,44500,14.72,15.22,0.9529,INR/bale,Dhan API v2 (Client 1112620458)
2026-04-20 11:00,2026-04-20,11,Cotton,44489.61,44561.63,72.02,0.1619,158.16,4074,79441,44500,14.54,15.04,0.8819,INR/bale,Dhan API v2 (Client 1112620458)
2026-04-20 12:00,2026-04-20,12,Cotton,44321.72,44306.59,-15.14,-0.0342,-87.16,13759,79413,44500,14.36,14.86,0.9537,INR/bale,Dhan API v2 (Client 1112620458)
2026-04-20 13:00,2026-04-20,13,Cotton,44429.49,44492.32,62.83,0.1414,77.97,11730,79595,44500,14.46,14.96,0.921,INR/bale,Dhan API v2 (Client 1112620458)
2026-04-20 14:00,2026-04-20,14,Cotton,44294.67,44278.14,-16.52,-0.0373,-79.35,14825,80275,44500,14.33,14.83,0.9335,INR/bale,Dhan API v2 (Client 1112620458)
2026-04-20 15:00,2026-04-20,15,Cotton,44358.47,44344.53,-13.94,-0.0314,2.58,10993,77861,44500,14.6,15.1,0.9207,INR/bale,Dhan API v2 (Client 1112620458)
2026-04-20 16:00,2026-04-20,16,Cotton,44168.11,44186.81,18.7,0.0423,32.64,7000,78752,44000,14.25,14.75,0.8803,INR/bale,Dhan API v2 (Client 1112620458)
2026-04-20 17:00,2026-04-20,17,Cotton,44422.07,44389.09,-32.97,-0.0742,-51.67,4342,80390,44500,14.57,15.07,0.9196,INR/bale,Dhan API v2 (Client 1112620458)
2026-04-20 18:00,2026-04-20,18,Cotton,44605.91,44639.45,33.54,0.0752,66.51,6233,79953,44500,14.41,14.91,0.9173,INR/bale,Dhan API v2 (Client 1112620458)
2026-04-20 19:00,2026-04-20,19,Cotton,44534.67,44400.25,-134.42,-0.3018,-167.96,2575,79664,44500,14.35,14.85,0.9172,INR/bale,Dhan API v2 (Client 1112620458)
2026-04-20 20:00,2026-04-20,20,Cotton,44648.36,44639.88,-8.48,-0.019,125.94,3520,79975,44500,13.62,14.12,0.9246,INR/bale,Dhan API v2 (Client 1112620458)
2026-04-20 21:00,2026-04-20,21,Cotton,44608.15,44600.38,-7.77,-0.0174,0.71,3879,81226,44500,14.24,14.74,0.9404,INR/bale,Dhan API v2 (Client 1112620458)
2026-04-20 22:00,2026-04-20,22,Cotton,44683.75,44662.01,-21.74,-0.0487,-13.97,12351,77164,44500,14.15,14.65,0.9587,INR/bale,Dhan API v2 (Client 1112620458)
2026-04-20 23:00,2026-04-20,23,Cotton,44616.74,44558.85,-57.89,-0.1298,-36.15,12504,79035,44500,14.39,14.89,0.9036,INR/bale,Dhan API v2 (Client 1112620458)
2026-04-21 09:00,2026-04-21,9,Cotton,44670.37,44619.88,-50.5,-0.113,7.39,1625,80349,44500,14.06,14.56,0.9569,INR/bale,Dhan API v2 (Client 1112620458)
2026-04-21 10:00,2026-04-21,10,Cotton,44702.31,44689.51,-12.8,-0.0286,37.7,13230,79925,44500,14.65,15.15,0.8916,INR/bale,Dhan API v2 (Client 1112620458)
2026-04-21 11:00,2026-04-21,11,Cotton,44749.16,44658.58,-90.58,-0.2024,-77.78,1183,78057,44500,14.8,15.3,0.9546,INR/bale,Dhan API v2 (Client 1112620458)
2026-04-21 12:00,2026-04-21,12,Cotton,44755.94,44864.22,108.28,0.2419,198.86,7341,80621,45000,14.25,14.75,0.952,INR/bale,Dhan API v2 (Client 1112620458)
2026-04-21 13:00,2026-04-21,13,Cotton,44794.0,44933.69,139.69,0.3119,31.41,2651,81715,45000,14.47,14.97,0.9368,INR/bale,Dhan API v2 (Client 1112620458)
2026-04-21 14:00,2026-04-21,14,Cotton,44927.5,45033.25,105.75,0.2354,-33.94,14112,81110,45000,14.73,15.23,0.9073,INR/bale,Dhan API v2 (Client 1112620458)
2026-04-21 15:00,2026-04-21,15,Cotton,45090.84,45235.97,145.14,0.3219,39.39,13722,80183,45000,14.56,15.06,0.9373,INR/bale,Dhan API v2 (Client 1112620458)
2026-04-21 16:00,2026-04-21,16,Cotton,45151.83,45055.0,-96.82,-0.2144,-241.96,13563,79268,45000,14.15,14.65,0.927,INR/bale,Dhan API v2 (Client 1112620458)
2026-04-21 17:00,2026-04-21,17,Cotton,45183.51,45172.8,-10.71,-0.0237,86.11,12911,79634,45000,14.01,14.51,0.9456,INR/bale,Dhan API v2 (Client 1112620458)
2026-04-21 18:00,2026-04-21,18,Cotton,45392.85,45331.88,-60.97,-0.1343,-50.26,2241,79921,45500,13.56,14.06,0.8891,INR/bale,Dhan API v2 (Client 1112620458)
2026-04-21 19:00,2026-04-21,19,Cotton,45439.71,45365.67,-74.04,-0.1629,-13.07,4270,79215,45500,14.72,15.22,0.9282,INR/bale,Dhan API v2 (Client 1112620458)
2026-04-21 20:00,2026-04-21,20,Cotton,45667.96,45688.32,20.36,0.0446,94.4,2123,78654,45500,14.62,15.12,0.9242,INR/bale,Dhan API v2 (Client 1112620458)
2026-04-21 21:00,2026-04-21,21,Cotton,45572.96,45643.0,70.04,0.1537,49.68,13642,79325,45500,15.13,15.63,0.8866,INR/bale,Dhan API v2 (Client 1112620458)
2026-04-21 22:00,2026-04-21,22,Cotton,45423.67,45503.18,79.52,0.1751,9.48,4174,79500,45500,14.36,14.86,0.8952,INR/bale,Dhan API v2 (Client 1112620458)
2026-04-21 23:00,2026-04-21,23,Cotton,45419.78,45367.1,-52.68,-0.116,-132.2,4117,80946,45500,14.45,14.95,0.8966,INR/bale,Dhan API v2 (Client 1112620458)
2026-04-22 09:00,2026-04-22,9,Cotton,45554.97,45529.02,-25.95,-0.057,26.73,13318,79522,45500,14.05,14.55,0.9163,INR/bale,Dhan API v2 (Client 1112620458)
2026-04-22 10:00,2026-04-22,10,Cotton,45463.54,45457.61,-5.93,-0.013,20.02,2656,79913,45500,14.66,15.16,0.9115,INR/bale,Dhan API v2 (Client 1112620458)
2026-04-22 11:00,2026-04-22,11,Cotton,45697.55,45840.92,143.37,0.3137,149.3,8682,79748,45500,14.27,14.77,0.8989,INR/bale,Dhan API v2 (Client 1112620458)
2026-04-22 12:00,2026-04-22,12,Cotton,45783.35,45783.87,0.52,0.0011,-142.85,12866,79235,46000,14.03,14.53,0.9314,INR/bale,Dhan API v2 (Client 1112620458)
2026-04-22 13:00,2026-04-22,13,Cotton,45793.33,45799.43,6.1,0.0133,5.58,11506,80711,46000,13.88,14.38,0.9239,INR/bale,Dhan API v2 (Client 1112620458)
2026-04-22 14:00,2026-04-22,14,Cotton,45958.26,45895.66,-62.6,-0.1362,-68.7,11945,80719,46000,13.94,14.44,0.9265,INR/bale,Dhan API v2 (Client 1112620458)
2026-04-22 15:00,2026-04-22,15,Cotton,46019.84,46137.91,118.08,0.2566,180.68,1798,79432,46000,14.96,15.46,0.9459,INR/bale,Dhan API v2 (Client 1112620458)
2026-04-22 16:00,2026-04-22,16,Cotton,45951.31,46126.32,175.01,0.3809,56.93,10894,79430,46000,14.26,14.76,0.8825,INR/bale,Dhan API v2 (Client 1112620458)
2026-04-22 17:00,2026-04-22,17,Cotton,46040.41,46177.86,137.45,0.2985,-37.56,10155,81463,46000,14.73,15.23,0.9068,INR/bale,Dhan API v2 (Client 1112620458)
2026-04-22 18:00,2026-04-22,18,Cotton,45989.51,46016.07,26.56,0.0578,-110.89,9475,79950,46000,14.44,14.94,0.9191,INR/bale,Dhan API v2 (Client 1112620458)
2026-04-22 19:00,2026-04-22,19,Cotton,45783.74,45775.72,-8.03,-0.0175,-34.59,12704,80279,46000,14.7,15.2,0.8984,INR/bale,Dhan API v2 (Client 1112620458)
2026-04-22 20:00,2026-04-22,20,Cotton,45693.94,45654.91,-39.03,-0.0854,-31.0,12104,78605,45500,14.25,14.75,0.8951,INR/bale,Dhan API v2 (Client 1112620458)
2026-04-22 21:00,2026-04-22,21,Cotton,45846.93,45855.35,8.42,0.0184,47.45,9275,79217,46000,14.85,15.35,0.9286,INR/bale,Dhan API v2 (Client 1112620458)
2026-04-22 22:00,2026-04-22,22,Cotton,45832.1,45719.85,-112.25,-0.2449,-120.67,9832,78789,46000,13.56,14.06,0.9044,INR/bale,Dhan API v2 (Client 1112620458)
2026-04-22 23:00,2026-04-22,23,Cotton,45973.17,45958.49,-14.68,-0.0319,97.57,14424,79569,46000,14.59,15.09,0.8846,INR/bale,Dhan API v2 (Client 1112620458)
2026-04-23 09:00,2026-04-23,9,Cotton,46030.89,46288.59,257.71,0.5599,272.39,12369,79151,46000,14.44,14.94,0.9346,INR/bale,Dhan API v2 (Client 1112620458)
2026-04-23 10:00,2026-04-23,10,Cotton,46068.59,46251.0,182.41,0.3959,-75.3,12149,81027,46000,14.07,14.57,0.9101,INR/bale,Dhan API v2 (Client 1112620458)
2026-04-23 11:00,2026-04-23,11,Cotton,45987.45,46236.36,248.91,0.5413,66.5,13891,78763,46000,14.33,14.83,0.9063,INR/bale,Dhan API v2 (Client 1112620458)
2026-04-23 12:00,2026-04-23,12,Cotton,46132.59,46427.16,294.58,0.6385,45.67,1488,78868,46000,14.27,14.77,0.9184,INR/bale,Dhan API v2 (Client 1112620458)
2026-04-23 13:00,2026-04-23,13,Cotton,46100.19,46348.43,248.23,0.5385,-46.35,6948,79022,46000,13.89,14.39,0.9231,INR/bale,Dhan API v2 (Client 1112620458)
2026-04-23 14:00,2026-04-23,14,Cotton,46188.18,46435.46,247.29,0.5354,-0.94,1559,78684,46000,14.38,14.88,0.9189,INR/bale,Dhan API v2 (Client 1112620458)
2026-04-23 15:00,2026-04-23,15,Cotton,46183.87,46314.03,130.16,0.2818,-117.13,8655,77383,46000,14.46,14.96,0.9412,INR/bale,Dhan API v2 (Client 1112620458)
2026-04-23 16:00,2026-04-23,16,Cotton,46305.25,46362.93,57.69,0.1246,-72.47,11896,79776,46500,14.57,15.07,0.9404,INR/bale,Dhan API v2 (Client 1112620458)
2026-04-23 17:00,2026-04-23,17,Cotton,46016.44,46153.08,136.64,0.2969,78.95,8010,78226,46000,14.37,14.87,0.8985,INR/bale,Dhan API v2 (Client 1112620458)
2026-04-23 18:00,2026-04-23,18,Cotton,46043.35,46189.44,146.09,0.3173,9.45,5937,79438,46000,14.71,15.21,0.9001,INR/bale,Dhan API v2 (Client 1112620458)
2026-04-23 19:00,2026-04-23,19,Cotton,46169.54,46422.4,252.87,0.5477,106.78,2296,80244,46000,14.53,15.03,0.9202,INR/bale,Dhan API v2 (Client 1112620458)
2026-04-23 20:00,2026-04-23,20,Cotton,46198.38,46469.42,271.04,0.5867,18.17,12022,80050,46000,14.08,14.58,0.9087,INR/bale,Dhan API v2 (Client 1112620458)
2026-04-23 21:00,2026-04-23,21,Cotton,46144.72,46268.02,123.3,0.2672,-147.74,14333,79318,46000,14.14,14.64,0.95,INR/bale,Dhan API v2 (Client 1112620458)
2026-04-23 22:00,2026-04-23,22,Cotton,46306.36,46435.12,128.76,0.2781,5.46,9979,79845,46500,13.95,14.45,0.9521,INR/bale,Dhan API v2 (Client 1112620458)
2026-04-23 23:00,2026-04-23,23,Cotton,46391.41,46744.39,352.98,0.7609,224.22,3527,78618,46500,14.15,14.65,0.9222,INR/bale,Dhan API v2 (Client 1112620458)
2026-04-24 09:00,2026-04-24,9,Cotton,46557.93,46763.52,205.59,0.4416,-147.39,3847,78471,46500,14.4,14.9,0.8906,INR/bale,Dhan API v2 (Client 1112620458)
2026-04-24 10:00,2026-04-24,10,Cotton,46497.51,46726.14,228.63,0.4917,23.04,1100,80497,46500,14.72,15.22,0.905,INR/bale,Dhan API v2 (Client 1112620458)
2026-04-24 11:00,2026-04-24,11,Cotton,46411.77,46568.5,156.73,0.3377,-71.9,12175,79033,46500,14.15,14.65,0.9118,INR/bale,Dhan API v2 (Client 1112620458)
2026-04-24 12:00,2026-04-24,12,Cotton,46418.43,46650.13,231.7,0.4991,74.97,13454,78775,46500,14.66,15.16,0.9229,INR/bale,Dhan API v2 (Client 1112620458)
2026-04-24 13:00,2026-04-24,13,Cotton,46419.22,46611.09,191.88,0.4134,-39.82,13280,80009,46500,14.86,15.36,0.9074,INR/bale,Dhan API v2 (Client 1112620458)
2026-04-24 14:00,2026-04-24,14,Cotton,46411.56,46686.75,275.19,0.5929,83.31,11380,79975,46500,14.74,15.24,0.908,INR/bale,Dhan API v2 (Client 1112620458)
2026-04-24 15:00,2026-04-24,15,Cotton,46281.21,46600.1,318.89,0.689,43.7,13540,79142,46500,14.09,14.59,0.8955,INR/bale,Dhan API v2 (Client 1112620458)
2026-04-24 16:00,2026-04-24,16,Cotton,46476.03,46654.71,178.69,0.3845,-140.2,5295,79174,46500,14.55,15.05,0.9112,INR/bale,Dhan API v2 (Client 1112620458)
2026-04-24 17:00,2026-04-24,17,Cotton,46568.41,46857.07,288.66,0.6199,109.97,3364,78406,46500,14.22,14.72,0.8893,INR/bale,Dhan API v2 (Client 1112620458)
2026-04-24 18:00,2026-04-24,18,Cotton,46509.49,46655.04,145.55,0.3129,-143.11,10352,78952,46500,14.34,14.84,0.9139,INR/bale,Dhan API v2 (Client 1112620458)
2026-04-24 19:00,2026-04-24,19,Cotton,46535.84,46698.89,163.05,0.3504,17.5,13754,78666,46500,14.6,15.1,0.9243,INR/bale,Dhan API v2 (Client 1112620458)
2026-04-24 20:00,2026-04-24,20,Cotton,46505.02,46726.13,221.11,0.4755,58.06,11819,78324,46500,14.66,15.16,0.9079,INR/bale,Dhan API v2 (Client 1112620458)
2026-04-24 21:00,2026-04-24,21,Cotton,46388.99,46594.65,205.66,0.4433,-15.45,10978,80504,46500,14.91,15.41,0.9116,INR/bale,Dhan API v2 (Client 1112620458)
2026-04-24 22:00,2026-04-24,22,Cotton,46795.65,46906.59,110.94,0.2371,-94.72,12725,80160,47000,14.31,14.81,0.909,INR/bale,Dhan API v2 (Client 1112620458)
2026-04-24 23:00,2026-04-24,23,Cotton,46864.58,47175.0,310.42,0.6624,199.48,9523,78112,47000,14.21,14.71,0.8799,INR/bale,Dhan API v2 (Client 1112620458)
2026-04-27 09:00,2026-04-27,9,Cotton,47045.49,47158.44,112.95,0.2401,-197.47,7829,78976,47000,14.28,14.78,0.912,INR/bale,Dhan API v2 (Client 1112620458)
2026-04-27 10:00,2026-04-27,10,Cotton,47155.27,47387.14,231.88,0.4917,118.93,14847,78570,47000,14.2,14.7,0.8995,INR/bale,Dhan API v2 (Client 1112620458)
2026-04-27 11:00,2026-04-27,11,Cotton,47104.76,47443.14,338.38,0.7184,106.5,1725,80902,47000,14.51,15.01,0.906,INR/bale,Dhan API v2 (Client 1112620458)
2026-04-27 12:00,2026-04-27,12,Cotton,47047.23,47304.78,257.55,0.5474,-80.83,1222,77592,47000,14.43,14.93,0.9329,INR/bale,Dhan API v2 (Client 1112620458)
2026-04-27 13:00,2026-04-27,13,Cotton,46974.48,47061.16,86.68,0.1845,-170.87,7863,79200,47000,14.35,14.85,0.9147,INR/bale,Dhan API v2 (Client 1112620458)
2026-04-27 14:00,2026-04-27,14,Cotton,46954.67,47061.4,106.73,0.2273,20.05,6484,78805,47000,14.73,15.23,0.8993,INR/bale,Dhan API v2 (Client 1112620458)
2026-04-27 15:00,2026-04-27,15,Cotton,46889.06,47071.3,182.24,0.3887,75.51,8221,79950,47000,14.0,14.5,0.9208,INR/bale,Dhan API v2 (Client 1112620458)
2026-04-27 16:00,2026-04-27,16,Cotton,46866.37,47111.23,244.86,0.5225,62.62,14259,81023,47000,14.46,14.96,0.8968,INR/bale,Dhan API v2 (Client 1112620458)
2026-04-27 17:00,2026-04-27,17,Cotton,46715.62,46841.82,126.2,0.2702,-118.66,5891,79093,46500,14.71,15.21,0.925,INR/bale,Dhan API v2 (Client 1112620458)
2026-04-27 18:00,2026-04-27,18,Cotton,46639.77,46785.58,145.82,0.3126,19.62,2791,79586,46500,13.89,14.39,0.9394,INR/bale,Dhan API v2 (Client 1112620458)
2026-04-27 19:00,2026-04-27,19,Cotton,46612.96,46785.05,172.09,0.3692,26.27,10188,79766,46500,14.33,14.83,0.8876,INR/bale,Dhan API v2 (Client 1112620458)
2026-04-27 20:00,2026-04-27,20,Cotton,46830.86,47136.34,305.48,0.6523,133.39,10034,78802,47000,14.22,14.72,0.9543,INR/bale,Dhan API v2 (Client 1112620458)
2026-04-27 21:00,2026-04-27,21,Cotton,46819.1,47059.24,240.14,0.5129,-65.34,9603,80080,47000,14.23,14.73,0.905,INR/bale,Dhan API v2 (Client 1112620458)
2026-04-27 22:00,2026-04-27,22,Cotton,46781.77,46913.71,131.94,0.282,-108.2,12577,80527,47000,14.57,15.07,0.942,INR/bale,Dhan API v2 (Client 1112620458)
2026-04-27 23:00,2026-04-27,23,Cotton,46698.14,46866.76,168.61,0.3611,36.67,3825,79064,46500,14.04,14.54,0.9052,INR/bale,Dhan API v2 (Client 1112620458)
2026-04-28 09:00,2026-04-28,9,Cotton,46937.41,47076.65,139.24,0.2967,-29.37,7443,78643,47000,14.41,14.91,0.9509,INR/bale,Dhan API v2 (Client 1112620458)
2026-04-28 10:00,2026-04-28,10,Cotton,46952.64,47081.09,128.46,0.2736,-10.78,12329,81676,47000,15.07,15.57,0.9001,INR/bale,Dhan API v2 (Client 1112620458)
2026-04-28 11:00,2026-04-28,11,Cotton,46994.26,47221.25,226.99,0.483,98.53,5405,80054,47000,13.75,14.25,0.8829,INR/bale,Dhan API v2 (Client 1112620458)
2026-04-28 12:00,2026-04-28,12,Cotton,47049.41,47302.68,253.27,0.5383,26.28,6061,81114,47000,14.54,15.04,0.912,INR/bale,Dhan API v2 (Client 1112620458)
2026-04-28 13:00,2026-04-28,13,Cotton,46742.02,46933.61,191.58,0.4099,-61.69,10103,78829,46500,14.06,14.56,0.9287,INR/bale,Dhan API v2 (Client 1112620458)
2026-04-28 14:00,2026-04-28,14,Cotton,46744.96,46878.73,133.77,0.2862,-57.81,4641,78848,46500,14.67,15.17,0.9369,INR/bale,Dhan API v2 (Client 1112620458)
2026-04-28 15:00,2026-04-28,15,Cotton,46695.69,46868.49,172.8,0.3701,39.03,2461,80079,46500,13.74,14.24,0.9025,INR/bale,Dhan API v2 (Client 1112620458)
2026-04-28 16:00,2026-04-28,16,Cotton,46818.37,47086.44,268.07,0.5726,95.27,7982,79527,47000,14.87,15.37,0.9027,INR/bale,Dhan API v2 (Client 1112620458)
2026-04-28 17:00,2026-04-28,17,Cotton,46768.82,47095.97,327.15,0.6995,59.08,1694,78858,47000,14.39,14.89,0.9392,INR/bale,Dhan API v2 (Client 1112620458)
2026-04-28 18:00,2026-04-28,18,Cotton,46624.44,46759.84,135.4,0.2904,-191.75,9659,79285,46500,13.88,14.38,0.8956,INR/bale,Dhan API v2 (Client 1112620458)
2026-04-28 19:00,2026-04-28,19,Cotton,46573.78,46869.15,295.37,0.6342,159.97,526,78725,46500,14.74,15.24,0.9262,INR/bale,Dhan API v2 (Client 1112620458)
2026-04-28 20:00,2026-04-28,20,Cotton,46450.89,46714.69,263.8,0.5679,-31.57,14922,79513,46500,14.42,14.92,0.9055,INR/bale,Dhan API v2 (Client 1112620458)
2026-04-28 21:00,2026-04-28,21,Cotton,46432.95,46660.78,227.83,0.4907,-35.97,5235,78935,46500,14.58,15.08,0.8782,INR/bale,Dhan API v2 (Client 1112620458)
2026-04-28 22:00,2026-04-28,22,Cotton,46485.77,46595.54,109.76,0.2361,-118.07,6999,80125,46500,14.26,14.76,0.9041,INR/bale,Dhan API v2 (Client 1112620458)
2026-04-28 23:00,2026-04-28,23,Cotton,46485.81,46795.73,309.92,0.6667,200.16,12409,79886,46500,14.39,14.89,0.8966,INR/bale,Dhan API v2 (Client 1112620458)
2026-04-29 09:00,2026-04-29,9,Cotton,46489.59,46717.15,227.56,0.4895,-82.36,2127,80898,46500,14.53,15.03,0.8947,INR/bale,Dhan API v2 (Client 1112620458)
2026-04-29 10:00,2026-04-29,10,Cotton,46409.33,46672.2,262.87,0.5664,35.31,3427,79564,46500,15.08,15.58,0.9149,INR/bale,Dhan API v2 (Client 1112620458)
2026-04-29 11:00,2026-04-29,11,Cotton,46365.94,46591.58,225.63,0.4866,-37.24,13643,80132,46500,14.07,14.57,0.9398,INR/bale,Dhan API v2 (Client 1112620458)
2026-04-29 12:00,2026-04-29,12,Cotton,46411.1,46581.37,170.27,0.3669,-55.36,2933,80270,46500,14.16,14.66,0.9061,INR/bale,Dhan API v2 (Client 1112620458)
2026-04-29 13:00,2026-04-29,13,Cotton,46543.09,46729.11,186.02,0.3997,15.75,7504,78124,46500,14.62,15.12,0.9132,INR/bale,Dhan API v2 (Client 1112620458)
2026-04-29 14:00,2026-04-29,14,Cotton,46626.24,46924.85,298.61,0.6404,112.59,1000,79062,46500,14.11,14.61,0.9304,INR/bale,Dhan API v2 (Client 1112620458)
2026-04-29 15:00,2026-04-29,15,Cotton,46626.8,46877.3,250.51,0.5373,-48.1,14907,78823,46500,14.33,14.83,0.9035,INR/bale,Dhan API v2 (Client 1112620458)
2026-04-29 16:00,2026-04-29,16,Cotton,46625.8,46909.51,283.71,0.6085,33.2,8180,80549,46500,14.46,14.96,0.9403,INR/bale,Dhan API v2 (Client 1112620458)
2026-04-29 17:00,2026-04-29,17,Cotton,46491.13,46665.7,174.57,0.3755,-109.14,11166,79203,46500,14.66,15.16,0.8975,INR/bale,Dhan API v2 (Client 1112620458)
2026-04-29 18:00,2026-04-29,18,Cotton,46696.61,46841.6,144.99,0.3105,-29.58,8855,77179,46500,13.88,14.38,0.9627,INR/bale,Dhan API v2 (Client 1112620458)
2026-04-29 19:00,2026-04-29,19,Cotton,46500.04,46704.08,204.04,0.4388,59.05,4007,80080,46500,14.01,14.51,0.9047,INR/bale,Dhan API v2 (Client 1112620458)
2026-04-29 20:00,2026-04-29,20,Cotton,46462.69,46667.63,204.94,0.4411,0.9,12459,80568,46500,14.5,15.0,0.9349,INR/bale,Dhan API v2 (Client 1112620458)
2026-04-29 21:00,2026-04-29,21,Cotton,46340.24,46635.56,295.33,0.6373,90.39,4442,79703,46500,14.27,14.77,0.8894,INR/bale,Dhan API v2 (Client 1112620458)
2026-04-29 22:00,2026-04-29,22,Cotton,46401.01,46590.56,189.55,0.4085,-105.78,13991,81938,46500,14.25,14.75,0.9226,INR/bale,Dhan API v2 (Client 1112620458)
2026-04-29 23:00,2026-04-29,23,Cotton,46414.37,46601.87,187.51,0.404,-2.04,11671,79734,46500,13.84,14.34,0.9171,INR/bale,Dhan API v2 (Client 1112620458)
2026-04-30 09:00,2026-04-30,9,Cotton,46500.2,46703.92,203.73,0.4381,16.22,3257,80598,46500,14.66,15.16,0.9174,INR/bale,Dhan API v2 (Client 1112620458)
2026-04-30 10:00,2026-04-30,10,Cotton,46464.73,46589.39,124.66,0.2683,-79.07,11252,80138,46500,14.33,14.83,0.9463,INR/bale,Dhan API v2 (Client 1112620458)
2026-04-30 11:00,2026-04-30,11,Cotton,46081.85,46238.83,156.97,0.3406,32.31,12671,78355,46000,14.34,14.84,0.889,INR/bale,Dhan API v2 (Client 1112620458)
2026-04-30 12:00,2026-04-30,12,Cotton,45948.19,46044.15,95.95,0.2088,-61.02,7939,80116,46000,14.26,14.76,0.9445,INR/bale,Dhan API v2 (Client 1112620458)
2026-04-30 13:00,2026-04-30,13,Cotton,45983.27,46270.56,287.29,0.6248,191.34,13266,79612,46000,14.52,15.02,0.8894,INR/bale,Dhan API v2 (Client 1112620458)
2026-04-30 14:00,2026-04-30,14,Cotton,45840.35,45903.2,62.85,0.1371,-224.44,9962,79262,46000,14.79,15.29,0.9192,INR/bale,Dhan API v2 (Client 1112620458)
2026-04-30 15:00,2026-04-30,15,Cotton,45918.47,46068.11,149.64,0.3259,86.79,12955,79441,46000,13.84,14.34,0.9153,INR/bale,Dhan API v2 (Client 1112620458)
2026-04-30 16:00,2026-04-30,16,Cotton,45891.63,46103.16,211.53,0.4609,61.89,14884,77035,46000,14.15,14.65,0.8799,INR/bale,Dhan API v2 (Client 1112620458)
2026-04-30 17:00,2026-04-30,17,Cotton,45670.22,45976.82,306.59,0.6713,95.06,628,78821,45500,14.58,15.08,0.9077,INR/bale,Dhan API v2 (Client 1112620458)
2026-04-30 18:00,2026-04-30,18,Cotton,45606.94,45861.58,254.64,0.5583,-51.95,11894,78954,45500,14.48,14.98,0.879,INR/bale,Dhan API v2 (Client 1112620458)
2026-04-30 19:00,2026-04-30,19,Cotton,45639.74,45832.32,192.58,0.422,-62.06,11001,79639,45500,14.64,15.14,0.9395,INR/bale,Dhan API v2 (Client 1112620458)
2026-04-30 20:00,2026-04-30,20,Cotton,45707.86,45811.22,103.36,0.2261,-89.22,12548,80384,45500,14.93,15.43,0.9454,INR/bale,Dhan API v2 (Client 1112620458)
2026-04-30 21:00,2026-04-30,21,Cotton,45800.32,46146.62,346.3,0.7561,242.94,2051,79229,46000,14.0,14.5,0.8842,INR/bale,Dhan API v2 (Client 1112620458)
2026-04-30 22:00,2026-04-30,22,Cotton,45714.48,45923.22,208.75,0.4566,-137.55,1905,80582,45500,14.39,14.89,0.9185,INR/bale,Dhan API v2 (Client 1112620458)
2026-04-30 23:00,2026-04-30,23,Cotton,45884.83,46125.67,240.84,0.5249,32.09,5492,78616,46000,14.3,14.8,0.9299,INR/bale,Dhan API v2 (Client 1112620458)
2026-05-01 09:00,2026-05-01,9,Cotton,45762.01,45882.58,120.58,0.2635,-120.26,6799,78968,46000,14.48,14.98,0.9519,INR/bale,Dhan API v2 (Client 1112620458)
2026-05-01 10:00,2026-05-01,10,Cotton,45739.89,46136.13,396.25,0.8663,275.67,8032,80482,45500,14.64,15.14,0.9168,INR/bale,Dhan API v2 (Client 1112620458)
2026-05-01 11:00,2026-05-01,11,Cotton,45801.84,45929.72,127.88,0.2792,-268.37,5654,79666,46000,15.15,15.65,0.9169,INR/bale,Dhan API v2 (Client 1112620458)
2026-05-01 12:00,2026-05-01,12,Cotton,45746.08,45988.22,242.13,0.5293,114.25,9167,79786,45500,14.09,14.59,0.9,INR/bale,Dhan API v2 (Client 1112620458)
2026-05-01 13:00,2026-05-01,13,Cotton,45736.38,45839.54,103.16,0.2255,-138.97,12042,81802,45500,14.51,15.01,0.8967,INR/bale,Dhan API v2 (Client 1112620458)
2026-05-01 14:00,2026-05-01,14,Cotton,45799.86,45924.39,124.53,0.2719,21.37,7410,79772,46000,14.51,15.01,0.9155,INR/bale,Dhan API v2 (Client 1112620458)
2026-05-01 15:00,2026-05-01,15,Cotton,45736.6,45914.45,177.85,0.3889,53.32,4805,80069,45500,14.18,14.68,0.9256,INR/bale,Dhan API v2 (Client 1112620458)
2026-05-01 16:00,2026-05-01,16,Cotton,45617.41,45921.0,303.58,0.6655,125.73,8484,79577,45500,14.66,15.16,0.892,INR/bale,Dhan API v2 (Client 1112620458)
2026-05-01 17:00,2026-05-01,17,Cotton,45546.67,45662.83,116.16,0.255,-187.42,13447,79523,45500,14.13,14.63,0.8901,INR/bale,Dhan API v2 (Client 1112620458)
2026-05-01 18:00,2026-05-01,18,Cotton,45604.3,45783.34,179.04,0.3926,62.88,14093,80241,45500,14.56,15.06,0.9194,INR/bale,Dhan API v2 (Client 1112620458)
2026-05-01 19:00,2026-05-01,19,Cotton,45679.63,45886.93,207.3,0.4538,28.26,13856,78093,45500,14.29,14.79,0.9273,INR/bale,Dhan API v2 (Client 1112620458)
2026-05-01 20:00,2026-05-01,20,Cotton,45634.2,45699.53,65.33,0.1432,-141.97,9505,79735,45500,14.28,14.78,0.9296,INR/bale,Dhan API v2 (Client 1112620458)
2026-05-01 21:00,2026-05-01,21,Cotton,45753.43,45988.22,234.79,0.5132,169.46,13845,79402,46000,14.29,14.79,0.8988,INR/bale,Dhan API v2 (Client 1112620458)
2026-05-01 22:00,2026-05-01,22,Cotton,45673.47,45954.15,280.69,0.6146,45.9,8490,79211,45500,14.44,14.94,0.909,INR/bale,Dhan API v2 (Client 1112620458)
2026-05-01 23:00,2026-05-01,23,Cotton,45574.08,45734.17,160.09,0.3513,-120.6,1906,80203,45500,14.35,14.85,0.913,INR/bale,Dhan API v2 (Client 1112620458)
2026-05-04 09:00,2026-05-04,9,Cotton,45422.05,45672.39,250.34,0.5511,90.25,3832,81610,45500,14.24,14.74,0.9246,INR/bale,Dhan API v2 (Client 1112620458)
2026-05-04 10:00,2026-05-04,10,Cotton,45496.62,45707.32,210.7,0.4631,-39.64,6659,78526,45500,13.98,14.48,0.9199,INR/bale,Dhan API v2 (Client 1112620458)
2026-05-04 11:00,2026-05-04,11,Cotton,45381.72,45486.87,105.14,0.2317,-105.56,12742,80654,45500,14.47,14.97,0.9074,INR/bale,Dhan API v2 (Client 1112620458)
2026-05-04 12:00,2026-05-04,12,Cotton,45439.47,45663.29,223.82,0.4926,118.68,9784,79502,45500,14.14,14.64,0.8801,INR/bale,Dhan API v2 (Client 1112620458)
2026-05-04 13:00,2026-05-04,13,Cotton,45646.7,45711.36,64.65,0.1416,-159.17,11892,79568,45500,14.6,15.1,0.8769,INR/bale,Dhan API v2 (Client 1112620458)
2026-05-04 14:00,2026-05-04,14,Cotton,45732.57,45771.72,39.15,0.0856,-25.5,1736,79631,45500,14.49,14.99,0.9008,INR/bale,Dhan API v2 (Client 1112620458)
2026-05-04 15:00,2026-05-04,15,Cotton,45710.67,45865.57,154.9,0.3389,115.75,12011,78634,45500,14.55,15.05,0.922,INR/bale,Dhan API v2 (Client 1112620458)
2026-05-04 16:00,2026-05-04,16,Cotton,45768.78,45859.66,90.87,0.1985,-64.03,5203,79084,46000,14.86,15.36,0.8711,INR/bale,Dhan API v2 (Client 1112620458)
2026-05-04 17:00,2026-05-04,17,Cotton,45867.07,46016.23,149.16,0.3252,58.29,4794,80392,46000,14.25,14.75,0.9394,INR/bale,Dhan API v2 (Client 1112620458)
2026-05-04 18:00,2026-05-04,18,Cotton,46043.05,46191.53,148.48,0.3225,-0.68,5647,79022,46000,13.97,14.47,0.936,INR/bale,Dhan API v2 (Client 1112620458)
2026-05-04 19:00,2026-05-04,19,Cotton,46006.98,46180.29,173.31,0.3767,24.83,7325,79305,46000,13.96,14.46,0.8725,INR/bale,Dhan API v2 (Client 1112620458)
2026-05-04 20:00,2026-05-04,20,Cotton,45949.01,46291.07,342.06,0.7444,168.75,7788,80435,46000,14.48,14.98,0.9198,INR/bale,Dhan API v2 (Client 1112620458)
2026-05-04 21:00,2026-05-04,21,Cotton,45836.53,45860.24,23.71,0.0517,-318.35,12579,79283,46000,14.58,15.08,0.927,INR/bale,Dhan API v2 (Client 1112620458)
2026-05-04 22:00,2026-05-04,22,Cotton,45783.89,45935.85,151.97,0.3319,128.26,7924,79348,46000,14.58,15.08,0.9249,INR/bale,Dhan API v2 (Client 1112620458)
2026-05-04 23:00,2026-05-04,23,Cotton,45654.46,45756.37,101.91,0.2232,-50.06,12155,79877,45500,14.34,14.84,0.9157,INR/bale,Dhan API v2 (Client 1112620458)
2026-05-05 09:00,2026-05-05,9,Cotton,45576.42,45795.23,218.8,0.4801,116.89,2253,79700,45500,14.11,14.61,0.9394,INR/bale,Dhan API v2 (Client 1112620458)
2026-05-05 10:00,2026-05-05,10,Cotton,45460.66,45590.44,129.78,0.2855,-89.02,1120,79126,45500,14.44,14.94,0.9291,INR/bale,Dhan API v2 (Client 1112620458)
2026-05-05 11:00,2026-05-05,11,Cotton,45472.85,45727.47,254.62,0.5599,124.84,9016,79444,45500,14.51,15.01,0.9133,INR/bale,Dhan API v2 (Client 1112620458)
2026-05-05 12:00,2026-05-05,12,Cotton,45473.36,45510.55,37.19,0.0818,-217.43,14931,77576,45500,14.3,14.8,0.9364,INR/bale,Dhan API v2 (Client 1112620458)
2026-05-05 13:00,2026-05-05,13,Cotton,45244.37,45335.2,90.83,0.2008,53.64,13569,79365,45000,14.08,14.58,0.9135,INR/bale,Dhan API v2 (Client 1112620458)
2026-05-05 14:00,2026-05-05,14,Cotton,45371.94,45370.4,-1.54,-0.0034,-92.37,10218,79842,45500,14.69,15.19,0.9452,INR/bale,Dhan API v2 (Client 1112620458)
2026-05-05 15:00,2026-05-05,15,Cotton,45368.57,45525.57,157.0,0.3461,158.54,2737,79688,45500,14.03,14.53,0.9105,INR/bale,Dhan API v2 (Client 1112620458)
2026-05-05 16:00,2026-05-05,16,Cotton,45221.87,45435.43,213.56,0.4722,56.56,4589,80161,45000,14.46,14.96,0.8744,INR/bale,Dhan API v2 (Client 1112620458)
2026-05-05 17:00,2026-05-05,17,Cotton,45084.55,45151.83,67.27,0.1492,-146.29,6431,79720,45000,14.18,14.68,0.955,INR/bale,Dhan API v2 (Client 1112620458)
2026-05-05 18:00,2026-05-05,18,Cotton,45154.93,45280.08,125.14,0.2771,57.87,10710,79485,45000,14.24,14.74,0.9125,INR/bale,Dhan API v2 (Client 1112620458)
2026-05-05 19:00,2026-05-05,19,Cotton,45180.8,45458.98,278.18,0.6157,153.04,12747,79225,45000,14.81,15.31,0.9227,INR/bale,Dhan API v2 (Client 1112620458)
2026-05-05 20:00,2026-05-05,20,Cotton,45138.93,45361.11,222.17,0.4922,-56.01,2834,79067,45000,14.37,14.87,0.9409,INR/bale,Dhan API v2 (Client 1112620458)
2026-05-05 21:00,2026-05-05,21,Cotton,45164.6,45300.66,136.05,0.3012,-86.12,1450,78412,45000,14.32,14.82,0.9217,INR/bale,Dhan API v2 (Client 1112620458)
2026-05-05 22:00,2026-05-05,22,Cotton,45178.21,45390.33,212.12,0.4695,76.07,11517,77375,45000,14.05,14.55,0.9426,INR/bale,Dhan API v2 (Client 1112620458)
2026-05-05 23:00,2026-05-05,23,Cotton,45209.76,45404.83,195.07,0.4315,-17.05,10744,78112,45000,14.49,14.99,0.9182,INR/bale,Dhan API v2 (Client 1112620458)
2026-05-06 09:00,2026-05-06,9,Cotton,45341.64,45494.32,152.68,0.3367,-42.39,5765,80161,45500,14.53,15.03,0.9036,INR/bale,Dhan API v2 (Client 1112620458)
2026-05-06 10:00,2026-05-06,10,Cotton,45509.79,45661.15,151.36,0.3326,-1.32,12874,78883,45500,13.98,14.48,0.9025,INR/bale,Dhan API v2 (Client 1112620458)
2026-05-06 11:00,2026-05-06,11,Cotton,45638.74,45817.22,178.49,0.3911,27.13,10003,79156,45500,14.32,14.82,0.9238,INR/bale,Dhan API v2 (Client 1112620458)
2026-05-06 12:00,2026-05-06,12,Cotton,45639.67,45794.36,154.68,0.3389,-23.81,8777,78450,45500,14.52,15.02,0.9027,INR/bale,Dhan API v2 (Client 1112620458)
2026-05-06 13:00,2026-05-06,13,Cotton,45608.21,45777.02,168.81,0.3701,14.13,4960,79456,45500,14.37,14.87,0.9363,INR/bale,Dhan API v2 (Client 1112620458)
2026-05-06 14:00,2026-05-06,14,Cotton,45656.67,45895.12,238.44,0.5223,69.63,3546,81309,45500,14.99,15.49,0.9263,INR/bale,Dhan API v2 (Client 1112620458)
2026-05-06 15:00,2026-05-06,15,Cotton,45616.22,45837.0,220.78,0.484,-17.66,10913,78650,45500,14.19,14.69,0.9375,INR/bale,Dhan API v2 (Client 1112620458)
2026-05-06 16:00,2026-05-06,16,Cotton,45559.94,45811.59,251.65,0.5523,30.87,12464,78778,45500,14.4,14.9,0.9034,INR/bale,Dhan API v2 (Client 1112620458)
2026-05-06 17:00,2026-05-06,17,Cotton,45342.64,45566.47,223.83,0.4936,-27.82,5105,79412,45500,14.85,15.35,0.9166,INR/bale,Dhan API v2 (Client 1112620458)
2026-05-06 18:00,2026-05-06,18,Cotton,45260.15,45443.03,182.89,0.4041,-40.94,8922,80134,45500,14.5,15.0,0.8882,INR/bale,Dhan API v2 (Client 1112620458)
2026-05-06 19:00,2026-05-06,19,Cotton,45209.41,45399.83,190.41,0.4212,7.52,13420,79818,45000,13.62,14.12,0.8903,INR/bale,Dhan API v2 (Client 1112620458)
2026-05-06 20:00,2026-05-06,20,Cotton,45244.93,45481.83,236.9,0.5236,46.49,1113,80404,45000,14.51,15.01,0.9524,INR/bale,Dhan API v2 (Client 1112620458)
2026-05-06 21:00,2026-05-06,21,Cotton,45525.11,45593.7,68.6,0.1507,-168.3,785,79914,45500,14.2,14.7,0.895,INR/bale,Dhan API v2 (Client 1112620458)
2026-05-06 22:00,2026-05-06,22,Cotton,45528.16,45630.67,102.51,0.2251,33.91,5197,78390,45500,14.14,14.64,0.9231,INR/bale,Dhan API v2 (Client 1112620458)
2026-05-06 23:00,2026-05-06,23,Cotton,45380.67,45521.47,140.81,0.3103,38.3,2954,80352,45500,14.94,15.44,0.8972,INR/bale,Dhan API v2 (Client 1112620458)
2026-05-07 09:00,2026-05-07,9,Cotton,45425.27,45482.57,57.29,0.1261,-83.52,10664,79357,45500,14.25,14.75,0.9329,INR/bale,Dhan API v2 (Client 1112620458)
2026-05-07 10:00,2026-05-07,10,Cotton,45529.87,45723.08,193.21,0.4244,135.92,8065,80156,45500,14.94,15.44,0.9391,INR/bale,Dhan API v2 (Client 1112620458)
2026-05-07 11:00,2026-05-07,11,Cotton,45538.57,45621.48,82.91,0.1821,-110.3,5401,78457,45500,14.66,15.16,0.9213,INR/bale,Dhan API v2 (Client 1112620458)
2026-05-07 12:00,2026-05-07,12,Cotton,45617.2,45824.12,206.92,0.4536,124.01,508,78502,45500,14.14,14.64,0.9104,INR/bale,Dhan API v2 (Client 1112620458)
2026-05-07 13:00,2026-05-07,13,Cotton,45613.06,45796.89,183.83,0.403,-23.09,13676,80032,45500,14.79,15.29,0.8753,INR/bale,Dhan API v2 (Client 1112620458)
2026-05-07 14:00,2026-05-07,14,Cotton,45750.7,45955.78,205.08,0.4483,21.25,12860,79828,46000,14.08,14.58,0.9894,INR/bale,Dhan API v2 (Client 1112620458)
2026-05-07 15:00,2026-05-07,15,Cotton,45793.96,45903.6,109.64,0.2394,-95.44,10959,78987,46000,14.24,14.74,0.9422,INR/bale,Dhan API v2 (Client 1112620458)
2026-05-07 16:00,2026-05-07,16,Cotton,45809.27,45969.91,160.63,0.3507,50.99,12070,79464,46000,14.4,14.9,0.9545,INR/bale,Dhan API v2 (Client 1112620458)
2026-05-07 17:00,2026-05-07,17,Cotton,45726.93,45744.03,17.1,0.0374,-143.53,2602,78960,45500,14.9,15.4,0.9258,INR/bale,Dhan API v2 (Client 1112620458)
2026-05-07 18:00,2026-05-07,18,Cotton,45964.02,46112.71,148.7,0.3235,131.6,12175,78822,46000,14.34,14.84,0.9032,INR/bale,Dhan API v2 (Client 1112620458)
2026-05-07 19:00,2026-05-07,19,Cotton,45947.3,46154.54,207.24,0.451,58.54,12773,79885,46000,14.43,14.93,0.9401,INR/bale,Dhan API v2 (Client 1112620458)
2026-05-07 20:00,2026-05-07,20,Cotton,46034.48,46140.74,106.26,0.2308,-100.98,1405,78727,46000,14.18,14.68,0.9057,INR/bale,Dhan API v2 (Client 1112620458)
2026-05-07 21:00,2026-05-07,21,Cotton,46028.44,46219.98,191.54,0.4161,85.28,1091,78113,46000,14.18,14.68,0.9068,INR/bale,Dhan API v2 (Client 1112620458)
2026-05-07 22:00,2026-05-07,22,Cotton,46042.8,46181.48,138.68,0.3012,-52.86,11811,78982,46000,14.09,14.59,0.9187,INR/bale,Dhan API v2 (Client 1112620458)
2026-05-07 23:00,2026-05-07,23,Cotton,46204.46,46381.27,176.81,0.3827,38.13,14355,80103,46000,14.37,14.87,0.913,INR/bale,Dhan API v2 (Client 1112620458)
2026-05-08 09:00,2026-05-08,9,Cotton,46369.02,46467.31,98.3,0.212,-78.51,727,78437,46500,14.34,14.84,0.9115,INR/bale,Dhan API v2 (Client 1112620458)
2026-05-08 10:00,2026-05-08,10,Cotton,46361.66,46634.13,272.48,0.5877,174.18,14885,79735,46500,14.52,15.02,0.9142,INR/bale,Dhan API v2 (Client 1112620458)
2026-05-08 11:00,2026-05-08,11,Cotton,46424.2,46573.37,149.17,0.3213,-123.31,655,81631,46500,14.49,14.99,0.9016,INR/bale,Dhan API v2 (Client 1112620458)
2026-05-08 12:00,2026-05-08,12,Cotton,46609.0,46865.13,256.13,0.5495,106.96,3338,79677,46500,14.79,15.29,0.8774,INR/bale,Dhan API v2 (Client 1112620458)
2026-05-08 13:00,2026-05-08,13,Cotton,46624.34,46803.55,179.21,0.3844,-76.92,5141,80569,46500,14.3,14.8,0.9143,INR/bale,Dhan API v2 (Client 1112620458)
2026-05-08 14:00,2026-05-08,14,Cotton,46668.16,46823.39,155.23,0.3326,-23.98,1747,79300,46500,14.19,14.69,0.8922,INR/bale,Dhan API v2 (Client 1112620458)
2026-05-08 15:00,2026-05-08,15,Cotton,46760.63,46881.88,121.26,0.2593,-33.97,2235,81308,47000,14.06,14.56,0.9217,INR/bale,Dhan API v2 (Client 1112620458)
2026-05-08 16:00,2026-05-08,16,Cotton,46801.97,46809.52,7.56,0.0161,-113.7,11255,80827,47000,14.31,14.81,0.9032,INR/bale,Dhan API v2 (Client 1112620458)
2026-05-08 17:00,2026-05-08,17,Cotton,46795.96,46934.11,138.15,0.2952,130.59,10856,79942,47000,14.47,14.97,0.9331,INR/bale,Dhan API v2 (Client 1112620458)
2026-05-08 18:00,2026-05-08,18,Cotton,46568.08,46696.29,128.22,0.2753,-9.93,11784,79022,46500,14.54,15.04,0.9089,INR/bale,Dhan API v2 (Client 1112620458)
2026-05-08 19:00,2026-05-08,19,Cotton,46749.29,46942.88,193.58,0.4141,65.36,683,79589,46500,14.47,14.97,0.9343,INR/bale,Dhan API v2 (Client 1112620458)
2026-05-08 20:00,2026-05-08,20,Cotton,46789.63,47005.15,215.51,0.4606,21.93,3994,78211,47000,14.69,15.19,0.9101,INR/bale,Dhan API v2 (Client 1112620458)
2026-05-08 21:00,2026-05-08,21,Cotton,47047.7,47240.49,192.79,0.4098,-22.72,3692,80440,47000,14.52,15.02,0.9198,INR/bale,Dhan API v2 (Client 1112620458)
2026-05-08 22:00,2026-05-08,22,Cotton,46881.56,47170.7,289.14,0.6168,96.35,10399,79976,47000,14.03,14.53,0.9064,INR/bale,Dhan API v2 (Client 1112620458)
2026-05-08 23:00,2026-05-08,23,Cotton,46942.76,46973.9,31.15,0.0663,-257.99,8757,79252,47000,14.59,15.09,0.9606,INR/bale,Dhan API v2 (Client 1112620458)
2026-05-11 09:00,2026-05-11,9,Cotton,47131.1,47258.94,127.83,0.2712,96.68,691,78581,47000,14.56,15.06,0.9219,INR/bale,Dhan API v2 (Client 1112620458)
2026-05-11 10:00,2026-05-11,10,Cotton,46918.94,47140.02,221.07,0.4712,93.24,3222,79436,47000,14.36,14.86,0.8823,INR/bale,Dhan API v2 (Client 1112620458)
2026-05-11 11:00,2026-05-11,11,Cotton,47179.22,47239.18,59.96,0.1271,-161.11,5632,81040,47000,14.63,15.13,0.943,INR/bale,Dhan API v2 (Client 1112620458)
2026-05-11 12:00,2026-05-11,12,Cotton,47298.52,47471.1,172.57,0.3649,112.61,3157,80854,47500,14.25,14.75,0.9083,INR/bale,Dhan API v2 (Client 1112620458)
2026-05-11 13:00,2026-05-11,13,Cotton,47410.44,47623.66,213.22,0.4497,40.65,10029,79489,47500,14.68,15.18,0.9355,INR/bale,Dhan API v2 (Client 1112620458)
2026-05-11 14:00,2026-05-11,14,Cotton,47462.92,47598.49,135.57,0.2856,-77.65,4985,79412,47500,14.32,14.82,0.9159,INR/bale,Dhan API v2 (Client 1112620458)
2026-05-11 15:00,2026-05-11,15,Cotton,47498.79,47515.88,17.1,0.036,-118.47,7534,78727,47500,14.02,14.52,0.8918,INR/bale,Dhan API v2 (Client 1112620458)
2026-05-11 16:00,2026-05-11,16,Cotton,47385.16,47523.0,137.85,0.2909,120.75,12260,79191,47500,14.11,14.61,0.8705,INR/bale,Dhan API v2 (Client 1112620458)
2026-05-11 17:00,2026-05-11,17,Cotton,47362.61,47359.18,-3.43,-0.0072,-141.28,7049,79960,47500,14.63,15.13,0.9408,INR/bale,Dhan API v2 (Client 1112620458)
2026-05-11 18:00,2026-05-11,18,Cotton,47653.22,47623.78,-29.44,-0.0618,-26.01,993,79620,47500,14.47,14.97,0.8991,INR/bale,Dhan API v2 (Client 1112620458)
2026-05-11 19:00,2026-05-11,19,Cotton,47546.57,47476.82,-69.75,-0.1467,-40.31,4411,79428,47500,15.08,15.58,0.9348,INR/bale,Dhan API v2 (Client 1112620458)
2026-05-11 20:00,2026-05-11,20,Cotton,47781.3,47952.35,171.05,0.358,240.8,2523,79737,48000,14.75,15.25,0.9348,INR/bale,Dhan API v2 (Client 1112620458)
2026-05-11 21:00,2026-05-11,21,Cotton,47736.6,48170.32,433.71,0.9086,262.66,12736,79699,47500,14.13,14.63,0.896,INR/bale,Dhan API v2 (Client 1112620458)
2026-05-11 22:00,2026-05-11,22,Cotton,47747.93,47883.96,136.03,0.2849,-297.68,13977,80281,47500,14.06,14.56,0.9217,INR/bale,Dhan API v2 (Client 1112620458)
2026-05-11 23:00,2026-05-11,23,Cotton,47782.64,47802.05,19.41,0.0406,-116.62,14355,78010,48000,14.11,14.61,0.8803,INR/bale,Dhan API v2 (Client 1112620458)
2026-05-12 09:00,2026-05-12,9,Cotton,47792.6,47943.89,151.29,0.3165,131.88,1774,80645,48000,14.32,14.82,0.9089,INR/bale,Dhan API v2 (Client 1112620458)
2026-05-12 10:00,2026-05-12,10,Cotton,47970.86,48049.29,78.43,0.1635,-72.86,11564,80349,48000,14.24,14.74,0.9028,INR/bale,Dhan API v2 (Client 1112620458)
2026-05-12 11:00,2026-05-12,11,Cotton,47762.11,48019.79,257.68,0.5395,179.25,1359,79343,48000,13.93,14.43,0.9565,INR/bale,Dhan API v2 (Client 1112620458)
2026-05-12 12:00,2026-05-12,12,Cotton,47780.64,47919.57,138.94,0.2908,-118.74,12115,79322,48000,14.2,14.7,0.9137,INR/bale,Dhan API v2 (Client 1112620458)
2026-05-12 13:00,2026-05-12,13,Cotton,47654.1,47649.4,-4.7,-0.0099,-143.64,3858,79195,47500,14.49,14.99,0.9286,INR/bale,Dhan API v2 (Client 1112620458)
2026-05-12 14:00,2026-05-12,14,Cotton,47726.74,47965.27,238.54,0.4998,243.24,12284,80957,47500,14.14,14.64,0.9281,INR/bale,Dhan API v2 (Client 1112620458)
2026-05-12 15:00,2026-05-12,15,Cotton,47752.32,47896.34,144.03,0.3016,-94.51,9013,79388,48000,14.29,14.79,0.8634,INR/bale,Dhan API v2 (Client 1112620458)
2026-05-12 16:00,2026-05-12,16,Cotton,47685.04,47853.28,168.25,0.3528,24.22,1634,78356,47500,14.76,15.26,0.9281,INR/bale,Dhan API v2 (Client 1112620458)
2026-05-12 17:00,2026-05-12,17,Cotton,47795.31,47875.61,80.3,0.168,-87.95,8006,78549,48000,14.24,14.74,0.9435,INR/bale,Dhan API v2 (Client 1112620458)
2026-05-12 18:00,2026-05-12,18,Cotton,47605.12,47709.41,104.29,0.2191,23.99,2125,79319,47500,13.92,14.42,0.9096,INR/bale,Dhan API v2 (Client 1112620458)
2026-05-12 19:00,2026-05-12,19,Cotton,47565.81,47641.49,75.69,0.1591,-28.6,2622,80486,47500,14.2,14.7,0.8985,INR/bale,Dhan API v2 (Client 1112620458)
2026-05-12 20:00,2026-05-12,20,Cotton,47730.39,47768.22,37.83,0.0793,-37.86,10297,79707,47500,14.29,14.79,0.8973,INR/bale,Dhan API v2 (Client 1112620458)
2026-05-12 21:00,2026-05-12,21,Cotton,47562.84,47832.96,270.12,0.5679,232.29,12464,79100,47500,14.18,14.68,0.8955,INR/bale,Dhan API v2 (Client 1112620458)
2026-05-12 22:00,2026-05-12,22,Cotton,47624.33,47648.15,23.82,0.05,-246.3,12283,78967,47500,14.55,15.05,0.9102,INR/bale,Dhan API v2 (Client 1112620458)
2026-05-12 23:00,2026-05-12,23,Cotton,47669.44,47867.84,198.4,0.4162,174.58,10062,79441,47500,14.35,14.85,0.8754,INR/bale,Dhan API v2 (Client 1112620458)
2026-05-13 09:00,2026-05-13,9,Cotton,47477.82,47506.51,28.69,0.0604,-169.71,5600,80380,47500,14.35,14.85,0.9006,INR/bale,Dhan API v2 (Client 1112620458)
2026-05-13 10:00,2026-05-13,10,Cotton,47612.05,47744.19,132.14,0.2775,103.45,6031,79343,47500,14.12,14.62,0.8973,INR/bale,Dhan API v2 (Client 1112620458)
2026-05-13 11:00,2026-05-13,11,Cotton,47665.78,47774.25,108.46,0.2275,-23.68,12134,80208,47500,14.22,14.72,0.905,INR/bale,Dhan API v2 (Client 1112620458)
2026-05-13 12:00,2026-05-13,12,Cotton,47531.86,47690.34,158.48,0.3334,50.02,2089,78969,47500,14.5,15.0,0.8759,INR/bale,Dhan API v2 (Client 1112620458)
2026-05-13 13:00,2026-05-13,13,Cotton,47511.49,47786.26,274.77,0.5783,116.29,7087,79480,47500,14.7,15.2,0.8992,INR/bale,Dhan API v2 (Client 1112620458)
2026-05-13 14:00,2026-05-13,14,Cotton,47410.84,47536.82,125.98,0.2657,-148.79,12294,80224,47500,14.8,15.3,0.9081,INR/bale,Dhan API v2 (Client 1112620458)
2026-05-13 15:00,2026-05-13,15,Cotton,47619.51,47713.64,94.13,0.1977,-31.85,1809,81072,47500,14.09,14.59,0.9396,INR/bale,Dhan API v2 (Client 1112620458)
2026-05-13 16:00,2026-05-13,16,Cotton,47742.51,47868.54,126.02,0.264,31.89,10652,79209,47500,14.33,14.83,0.9038,INR/bale,Dhan API v2 (Client 1112620458)
2026-05-13 17:00,2026-05-13,17,Cotton,47719.2,47812.94,93.74,0.1964,-32.28,9181,78897,47500,14.62,15.12,0.9354,INR/bale,Dhan API v2 (Client 1112620458)
2026-05-13 18:00,2026-05-13,18,Cotton,47781.6,47969.55,187.95,0.3934,94.21,11125,80967,48000,14.36,14.86,0.917,INR/bale,Dhan API v2 (Client 1112620458)
2026-05-13 19:00,2026-05-13,19,Cotton,47841.9,48128.61,286.71,0.5993,98.76,12003,80475,48000,14.72,15.22,0.9076,INR/bale,Dhan API v2 (Client 1112620458)
2026-05-13 20:00,2026-05-13,20,Cotton,47686.71,47880.43,193.71,0.4062,-93.0,2646,78391,47500,14.72,15.22,0.9373,INR/bale,Dhan API v2 (Client 1112620458)
2026-05-13 21:00,2026-05-13,21,Cotton,47674.07,47948.18,274.11,0.575,80.4,12587,80409,47500,14.08,14.58,0.9278,INR/bale,Dhan API v2 (Client 1112620458)
2026-05-13 22:00,2026-05-13,22,Cotton,47784.31,47912.28,127.97,0.2678,-146.14,9374,80136,48000,14.02,14.52,0.914,INR/bale,Dhan API v2 (Client 1112620458)
2026-05-13 23:00,2026-05-13,23,Cotton,47971.24,47842.12,-129.12,-0.2692,-257.09,1477,77969,48000,14.74,15.24,0.9237,INR/bale,Dhan API v2 (Client 1112620458)
2026-05-14 09:00,2026-05-14,9,Cotton,47835.71,47847.52,11.81,0.0247,140.93,13334,79439,48000,14.68,15.18,0.9285,INR/bale,Dhan API v2 (Client 1112620458)
2026-05-14 10:00,2026-05-14,10,Cotton,47746.6,47974.81,228.21,0.478,216.4,9078,78507,47500,14.36,14.86,0.9438,INR/bale,Dhan API v2 (Client 1112620458)
2026-05-14 11:00,2026-05-14,11,Cotton,47633.67,47699.11,65.44,0.1374,-162.77,3184,78130,47500,14.73,15.23,0.9735,INR/bale,Dhan API v2 (Client 1112620458)
2026-05-14 12:00,2026-05-14,12,Cotton,47704.04,47656.41,-47.63,-0.0998,-113.07,6946,79281,47500,13.9,14.4,0.9449,INR/bale,Dhan API v2 (Client 1112620458)
2026-05-14 13:00,2026-05-14,13,Cotton,47803.98,47879.89,75.91,0.1588,123.54,8920,79783,48000,14.05,14.55,0.9412,INR/bale,Dhan API v2 (Client 1112620458)
2026-05-14 14:00,2026-05-14,14,Cotton,47856.14,47946.21,90.06,0.1882,14.15,12780,80085,48000,14.07,14.57,0.9388,INR/bale,Dhan API v2 (Client 1112620458)
2026-05-14 15:00,2026-05-14,15,Cotton,47652.98,47737.91,84.93,0.1782,-5.13,9235,79771,47500,14.83,15.33,0.9392,INR/bale,Dhan API v2 (Client 1112620458)
2026-05-14 16:00,2026-05-14,16,Cotton,47619.81,47655.66,35.85,0.0753,-49.08,2557,81226,47500,14.57,15.07,0.8873,INR/bale,Dhan API v2 (Client 1112620458)
2026-05-14 17:00,2026-05-14,17,Cotton,47476.8,47655.36,178.56,0.3761,142.71,10341,78900,47500,14.36,14.86,0.922,INR/bale,Dhan API v2 (Client 1112620458)
2026-05-14 18:00,2026-05-14,18,Cotton,47621.81,47661.91,40.1,0.0842,-138.46,12055,80049,47500,14.22,14.72,0.9334,INR/bale,Dhan API v2 (Client 1112620458)
2026-05-14 19:00,2026-05-14,19,Cotton,47588.75,47694.92,106.17,0.2231,66.07,7140,80939,47500,13.86,14.36,0.921,INR/bale,Dhan API v2 (Client 1112620458)
2026-05-14 20:00,2026-05-14,20,Cotton,47753.59,47836.18,82.59,0.1729,-23.58,10361,80379,48000,14.81,15.31,0.9177,INR/bale,Dhan API v2 (Client 1112620458)
2026-05-14 21:00,2026-05-14,21,Cotton,47876.27,47848.8,-27.47,-0.0574,-110.06,5397,80218,48000,14.43,14.93,0.9369,INR/bale,Dhan API v2 (Client 1112620458)
2026-05-14 22:00,2026-05-14,22,Cotton,48050.59,48288.4,237.8,0.4949,265.27,3924,79356,48000,14.67,15.17,0.9381,INR/bale,Dhan API v2 (Client 1112620458)
2026-05-14 23:00,2026-05-14,23,Cotton,48115.46,48265.47,150.01,0.3118,-87.79,13011,79386,48000,14.1,14.6,0.8946,INR/bale,Dhan API v2 (Client 1112620458)
2026-05-15 09:00,2026-05-15,9,Cotton,48187.27,48225.8,38.52,0.0799,-111.49,1633,80274,48000,14.4,14.9,0.9012,INR/bale,Dhan API v2 (Client 1112620458)
2026-05-15 10:00,2026-05-15,10,Cotton,48275.08,48152.41,-122.67,-0.2541,-161.19,14963,78966,48500,15.03,15.53,0.9072,INR/bale,Dhan API v2 (Client 1112620458)
2026-05-15 11:00,2026-05-15,11,Cotton,48527.71,48606.87,79.16,0.1631,201.83,7444,79545,48500,14.33,14.83,0.901,INR/bale,Dhan API v2 (Client 1112620458)
2026-05-15 12:00,2026-05-15,12,Cotton,48452.49,48556.97,104.48,0.2156,25.32,4249,80274,48500,13.91,14.41,0.9605,INR/bale,Dhan API v2 (Client 1112620458)
2026-05-15 13:00,2026-05-15,13,Cotton,48319.38,48371.3,51.92,0.1075,-52.56,6563,79469,48500,14.36,14.86,0.9204,INR/bale,Dhan API v2 (Client 1112620458)
2026-05-15 14:00,2026-05-15,14,Cotton,48089.5,48239.6,150.1,0.3121,98.18,4384,78807,48000,14.2,14.7,0.8904,INR/bale,Dhan API v2 (Client 1112620458)
2026-05-15 15:00,2026-05-15,15,Cotton,48114.95,48233.05,118.1,0.2455,-32.0,13680,81242,48000,14.17,14.67,0.914,INR/bale,Dhan API v2 (Client 1112620458)
2026-05-15 16:00,2026-05-15,16,Cotton,47921.46,48124.77,203.31,0.4243,85.21,10628,78962,48000,14.39,14.89,0.9169,INR/bale,Dhan API v2 (Client 1112620458)
2026-05-15 17:00,2026-05-15,17,Cotton,47914.29,48082.55,168.26,0.3512,-35.05,10506,80290,48000,14.37,14.87,0.9277,INR/bale,Dhan API v2 (Client 1112620458)
2026-05-15 18:00,2026-05-15,18,Cotton,47955.88,48023.99,68.1,0.142,-100.16,13238,79413,48000,14.44,14.94,0.9139,INR/bale,Dhan API v2 (Client 1112620458)
2026-05-15 19:00,2026-05-15,19,Cotton,47754.79,47950.18,195.39,0.4092,127.29,4124,80952,48000,14.79,15.29,0.9266,INR/bale,Dhan API v2 (Client 1112620458)
2026-05-15 20:00,2026-05-15,20,Cotton,47697.09,47814.75,117.66,0.2467,-77.73,2630,80660,47500,14.46,14.96,0.9256,INR/bale,Dhan API v2 (Client 1112620458)
2026-05-15 21:00,2026-05-15,21,Cotton,48015.92,48011.93,-3.99,-0.0083,-121.65,13918,80299,48000,14.25,14.75,0.9158,INR/bale,Dhan API v2 (Client 1112620458)
2026-05-15 22:00,2026-05-15,22,Cotton,48062.36,48288.3,225.94,0.4701,229.93,7426,79357,48000,14.33,14.83,0.9364,INR/bale,Dhan API v2 (Client 1112620458)
2026-05-15 23:00,2026-05-15,23,Cotton,48331.88,48451.95,120.06,0.2484,-105.88,7683,79478,48500,13.62,14.12,0.8966,INR/bale,Dhan API v2 (Client 1112620458)
2026-05-18 09:00,2026-05-18,9,Cotton,48346.7,48325.76,-20.94,-0.0433,-141.0,2954,79555,48500,14.65,15.15,0.915,INR/bale,Dhan API v2 (Client 1112620458)
2026-05-18 10:00,2026-05-18,10,Cotton,48473.29,48608.07,134.78,0.2781,155.72,1467,80483,48500,13.96,14.46,0.8766,INR/bale,Dhan API v2 (Client 1112620458)
2026-05-18 11:00,2026-05-18,11,Cotton,48747.89,48801.99,54.1,0.111,-80.68,4376,80023,48500,14.62,15.12,0.8794,INR/bale,Dhan API v2 (Client 1112620458)
2026-05-18 12:00,2026-05-18,12,Cotton,49004.93,49167.25,162.31,0.3312,108.21,12703,78744,49000,14.58,15.08,0.9242,INR/bale,Dhan API v2 (Client 1112620458)
2026-05-18 13:00,2026-05-18,13,Cotton,48747.69,48903.38,155.69,0.3194,-6.62,5351,78201,48500,14.27,14.77,0.9335,INR/bale,Dhan API v2 (Client 1112620458)
2026-05-18 14:00,2026-05-18,14,Cotton,48791.36,48934.12,142.75,0.2926,-12.94,579,80447,49000,14.01,14.51,0.9584,INR/bale,Dhan API v2 (Client 1112620458)
2026-05-18 15:00,2026-05-18,15,Cotton,48758.32,48774.3,15.99,0.0328,-126.76,11864,79163,49000,14.74,15.24,0.9157,INR/bale,Dhan API v2 (Client 1112620458)
2026-05-18 16:00,2026-05-18,16,Cotton,48501.29,48565.47,64.18,0.1323,48.19,7855,79097,48500,13.91,14.41,0.9118,INR/bale,Dhan API v2 (Client 1112620458)
2026-05-18 17:00,2026-05-18,17,Cotton,48389.65,48607.41,217.76,0.45,153.58,5923,78276,48500,14.44,14.94,0.9011,INR/bale,Dhan API v2 (Client 1112620458)
2026-05-18 18:00,2026-05-18,18,Cotton,48630.73,48804.48,173.75,0.3573,-44.01,8639,79038,48500,14.19,14.69,0.9398,INR/bale,Dhan API v2 (Client 1112620458)
2026-05-18 19:00,2026-05-18,19,Cotton,48768.77,48785.77,17.0,0.0349,-156.75,10760,80194,49000,14.85,15.35,0.9227,INR/bale,Dhan API v2 (Client 1112620458)
2026-05-18 20:00,2026-05-18,20,Cotton,49151.07,49249.7,98.63,0.2007,81.63,14421,79201,49000,14.49,14.99,0.9389,INR/bale,Dhan API v2 (Client 1112620458)
2026-05-18 21:00,2026-05-18,21,Cotton,49238.99,49251.57,12.58,0.0256,-86.05,14402,80603,49000,15.13,15.63,0.9,INR/bale,Dhan API v2 (Client 1112620458)
2026-05-18 22:00,2026-05-18,22,Cotton,49215.95,49254.72,38.76,0.0788,26.18,5780,79349,49000,14.13,14.63,0.9197,INR/bale,Dhan API v2 (Client 1112620458)
2026-05-18 23:00,2026-05-18,23,Cotton,49258.81,49333.4,74.58,0.1514,35.82,14681,80166,49500,14.31,14.81,0.911,INR/bale,Dhan API v2 (Client 1112620458)
2026-05-19 09:00,2026-05-19,9,Cotton,49356.85,49495.95,139.1,0.2818,64.52,1335,77720,49500,14.32,14.82,0.9188,INR/bale,Dhan API v2 (Client 1112620458)
2026-05-19 10:00,2026-05-19,10,Cotton,49373.04,49402.75,29.71,0.0602,-109.39,1230,79844,49500,14.42,14.92,0.9211,INR/bale,Dhan API v2 (Client 1112620458)
2026-05-19 11:00,2026-05-19,11,Cotton,49597.5,49593.42,-4.07,-0.0082,-33.78,3139,79691,49500,14.22,14.72,0.9336,INR/bale,Dhan API v2 (Client 1112620458)
2026-05-19 12:00,2026-05-19,12,Cotton,49671.72,49787.25,115.54,0.2326,119.61,6699,80902,49500,14.54,15.04,0.9207,INR/bale,Dhan API v2 (Client 1112620458)
2026-05-19 13:00,2026-05-19,13,Cotton,49661.99,49839.44,177.45,0.3573,61.91,2714,80151,49500,14.27,14.77,0.9138,INR/bale,Dhan API v2 (Client 1112620458)
2026-05-19 14:00,2026-05-19,14,Cotton,49802.67,49904.63,101.96,0.2047,-75.49,10373,79726,50000,14.59,15.09,0.9082,INR/bale,Dhan API v2 (Client 1112620458)
2026-05-19 15:00,2026-05-19,15,Cotton,49753.92,49901.14,147.22,0.2959,45.26,7133,79443,50000,14.84,15.34,0.9429,INR/bale,Dhan API v2 (Client 1112620458)
2026-05-19 16:00,2026-05-19,16,Cotton,49653.3,49792.82,139.52,0.281,-7.7,14048,79339,49500,14.14,14.64,0.8904,INR/bale,Dhan API v2 (Client 1112620458)
2026-05-19 17:00,2026-05-19,17,Cotton,49637.08,49646.01,8.93,0.018,-130.59,13257,78964,49500,14.82,15.32,0.9472,INR/bale,Dhan API v2 (Client 1112620458)
2026-05-19 18:00,2026-05-19,18,Cotton,49951.93,49940.57,-11.36,-0.0227,-20.29,5045,79464,50000,14.4,14.9,0.9113,INR/bale,Dhan API v2 (Client 1112620458)
2026-05-19 19:00,2026-05-19,19,Cotton,49881.69,49971.71,90.02,0.1805,101.38,13628,78884,50000,14.68,15.18,0.9325,INR/bale,Dhan API v2 (Client 1112620458)
2026-05-19 20:00,2026-05-19,20,Cotton,49909.86,49981.11,71.24,0.1427,-18.78,4632,80090,50000,14.19,14.69,0.9859,INR/bale,Dhan API v2 (Client 1112620458)
2026-05-19 21:00,2026-05-19,21,Cotton,49867.67,49928.6,60.93,0.1222,-10.31,585,80050,50000,14.51,15.01,0.9305,INR/bale,Dhan API v2 (Client 1112620458)
2026-05-19 22:00,2026-05-19,22,Cotton,49926.75,50060.57,133.82,0.268,72.89,12186,80334,50000,14.43,14.93,0.9133,INR/bale,Dhan API v2 (Client 1112620458)
2026-05-19 23:00,2026-05-19,23,Cotton,50090.53,50042.94,-47.59,-0.095,-181.41,8966,79437,50000,14.29,14.79,0.9346,INR/bale,Dhan API v2 (Client 1112620458)
2026-05-20 09:00,2026-05-20,9,Cotton,50034.69,50097.3,62.61,0.1251,110.2,6278,80791,50000,14.43,14.93,0.9391,INR/bale,Dhan API v2 (Client 1112620458)
2026-05-20 10:00,2026-05-20,10,Cotton,49907.88,50082.43,174.55,0.3497,111.94,10579,77886,50000,14.95,15.45,0.9211,INR/bale,Dhan API v2 (Client 1112620458)
2026-05-20 11:00,2026-05-20,11,Cotton,49772.14,49911.07,138.92,0.2791,-35.63,2544,77904,50000,14.59,15.09,0.9143,INR/bale,Dhan API v2 (Client 1112620458)
2026-05-20 12:00,2026-05-20,12,Cotton,49740.36,49882.23,141.88,0.2852,2.96,2113,80421,49500,14.4,14.9,0.9477,INR/bale,Dhan API v2 (Client 1112620458)
2026-05-20 13:00,2026-05-20,13,Cotton,49839.98,49885.25,45.27,0.0908,-96.61,4464,80202,50000,14.6,15.1,0.9118,INR/bale,Dhan API v2 (Client 1112620458)
2026-05-20 14:00,2026-05-20,14,Cotton,49966.01,49935.34,-30.67,-0.0614,-75.94,3902,79312,50000,14.93,15.43,0.9103,INR/bale,Dhan API v2 (Client 1112620458)
2026-05-20 15:00,2026-05-20,15,Cotton,49979.01,50047.36,68.35,0.1368,99.02,13619,81357,50000,14.1,14.6,0.9379,INR/bale,Dhan API v2 (Client 1112620458)
2026-05-20 16:00,2026-05-20,16,Cotton,49913.99,49847.89,-66.1,-0.1324,-134.45,1604,80239,50000,15.03,15.53,0.9596,INR/bale,Dhan API v2 (Client 1112620458)
2026-05-20 17:00,2026-05-20,17,Cotton,49889.43,49917.7,28.27,0.0567,94.37,5471,81573,50000,13.94,14.44,0.897,INR/bale,Dhan API v2 (Client 1112620458)
2026-05-20 18:00,2026-05-20,18,Cotton,49932.77,50032.26,99.49,0.1992,71.22,6048,79658,50000,14.39,14.89,0.9309,INR/bale,Dhan API v2 (Client 1112620458)
2026-05-20 19:00,2026-05-20,19,Cotton,50205.62,50219.09,13.47,0.0268,-86.02,4325,78006,50000,14.51,15.01,0.8849,INR/bale,Dhan API v2 (Client 1112620458)
2026-05-20 20:00,2026-05-20,20,Cotton,50245.26,50075.12,-170.14,-0.3386,-183.61,12170,78812,50000,14.54,15.04,0.8699,INR/bale,Dhan API v2 (Client 1112620458)
2026-05-20 21:00,2026-05-20,21,Cotton,50279.5,50311.43,31.92,0.0635,202.06,12752,79789,50500,14.33,14.83,0.9232,INR/bale,Dhan API v2 (Client 1112620458)
2026-05-20 22:00,2026-05-20,22,Cotton,50142.98,50188.93,45.96,0.0917,14.04,7610,79585,50000,13.43,13.93,0.8779,INR/bale,Dhan API v2 (Client 1112620458)
2026-05-20 23:00,2026-05-20,23,Cotton,50078.5,50334.74,256.24,0.5117,210.28,11417,80051,50000,14.3,14.8,0.896,INR/bale,Dhan API v2 (Client 1112620458)
2026-05-21 09:00,2026-05-21,9,Cotton,49983.49,50057.94,74.45,0.149,-181.79,6680,78375,50000,13.84,14.34,0.8807,INR/bale,Dhan API v2 (Client 1112620458)
2026-05-21 10:00,2026-05-21,10,Cotton,49965.99,49987.82,21.83,0.0437,-52.62,11491,80059,50000,14.75,15.25,0.8743,INR/bale,Dhan API v2 (Client 1112620458)
2026-05-21 11:00,2026-05-21,11,Cotton,49873.22,50035.64,162.43,0.3257,140.6,13973,80510,50000,14.75,15.25,0.9503,INR/bale,Dhan API v2 (Client 1112620458)
2026-05-21 12:00,2026-05-21,12,Cotton,49978.75,50128.45,149.69,0.2995,-12.74,7111,79661,50000,14.31,14.81,0.9011,INR/bale,Dhan API v2 (Client 1112620458)
2026-05-21 13:00,2026-05-21,13,Cotton,49891.17,50002.51,111.35,0.2232,-38.34,11797,77924,50000,14.67,15.17,0.9177,INR/bale,Dhan API v2 (Client 1112620458)
2026-05-21 14:00,2026-05-21,14,Cotton,49941.82,49916.95,-24.87,-0.0498,-136.22,10363,79359,50000,14.75,15.25,0.9286,INR/bale,Dhan API v2 (Client 1112620458)
2026-05-21 15:00,2026-05-21,15,Cotton,49929.45,49981.17,51.72,0.1036,76.59,4792,79407,50000,14.78,15.28,0.922,INR/bale,Dhan API v2 (Client 1112620458)
2026-05-21 16:00,2026-05-21,16,Cotton,50142.09,50210.99,68.91,0.1374,17.19,8627,80536,50000,14.53,15.03,0.9254,INR/bale,Dhan API v2 (Client 1112620458)
2026-05-21 17:00,2026-05-21,17,Cotton,50233.86,50518.88,285.03,0.5674,216.12,7863,77292,50000,14.5,15.0,0.9066,INR/bale,Dhan API v2 (Client 1112620458)
2026-05-21 18:00,2026-05-21,18,Cotton,50238.26,50208.8,-29.46,-0.0586,-314.49,5020,79358,50000,15.05,15.55,0.8964,INR/bale,Dhan API v2 (Client 1112620458)
2026-05-21 19:00,2026-05-21,19,Cotton,50140.82,50292.21,151.39,0.3019,180.85,1667,79133,50000,15.15,15.65,0.8883,INR/bale,Dhan API v2 (Client 1112620458)
2026-05-21 20:00,2026-05-21,20,Cotton,50166.2,50270.53,104.33,0.208,-47.06,6647,80662,50000,14.74,15.24,0.9447,INR/bale,Dhan API v2 (Client 1112620458)
2026-05-21 21:00,2026-05-21,21,Cotton,49981.95,50025.0,43.05,0.0861,-61.28,8115,80451,50000,14.51,15.01,0.933,INR/bale,Dhan API v2 (Client 1112620458)
2026-05-21 22:00,2026-05-21,22,Cotton,49844.23,49884.93,40.7,0.0817,-2.35,11051,78591,50000,14.39,14.89,0.8973,INR/bale,Dhan API v2 (Client 1112620458)
2026-05-21 23:00,2026-05-21,23,Cotton,49718.73,49815.27,96.54,0.1942,55.84,13800,79988,49500,14.39,14.89,0.9507,INR/bale,Dhan API v2 (Client 1112620458)
2026-05-22 09:00,2026-05-22,9,Cotton,49870.04,50085.3,215.26,0.4316,118.72,1331,79923,50000,13.81,14.31,0.8974,INR/bale,Dhan API v2 (Client 1112620458)
2026-05-22 10:00,2026-05-22,10,Cotton,49855.71,49995.35,139.64,0.2801,-75.62,1509,79618,50000,15.15,15.65,0.9271,INR/bale,Dhan API v2 (Client 1112620458)
2026-05-22 11:00,2026-05-22,11,Cotton,49772.13,49845.65,73.52,0.1477,-66.12,9517,77957,50000,14.2,14.7,0.9377,INR/bale,Dhan API v2 (Client 1112620458)
2026-05-22 12:00,2026-05-22,12,Cotton,49662.49,49762.32,99.83,0.201,26.31,7804,78446,49500,14.42,14.92,0.887,INR/bale,Dhan API v2 (Client 1112620458)
2026-05-22 13:00,2026-05-22,13,Cotton,49600.35,49848.69,248.35,0.5007,148.52,2737,79289,49500,14.38,14.88,0.9519,INR/bale,Dhan API v2 (Client 1112620458)
2026-05-22 14:00,2026-05-22,14,Cotton,49710.7,49824.83,114.13,0.2296,-134.22,1943,80287,49500,14.24,14.74,0.9213,INR/bale,Dhan API v2 (Client 1112620458)
2026-05-22 15:00,2026-05-22,15,Cotton,49744.75,49737.45,-7.31,-0.0147,-121.44,4427,79905,49500,14.73,15.23,0.9611,INR/bale,Dhan API v2 (Client 1112620458)
2026-05-22 16:00,2026-05-22,16,Cotton,49835.67,50032.12,196.44,0.3942,203.75,10374,78885,50000,14.13,14.63,0.9241,INR/bale,Dhan API v2 (Client 1112620458)
2026-05-22 17:00,2026-05-22,17,Cotton,49833.39,49873.25,39.86,0.08,-156.58,7458,80505,50000,14.56,15.06,0.9341,INR/bale,Dhan API v2 (Client 1112620458)
2026-05-22 18:00,2026-05-22,18,Cotton,49609.21,49615.62,6.41,0.0129,-33.45,4244,79857,49500,14.67,15.17,0.9,INR/bale,Dhan API v2 (Client 1112620458)
2026-05-22 19:00,2026-05-22,19,Cotton,49728.96,49742.02,13.06,0.0263,6.65,3919,77916,49500,14.18,14.68,0.9472,INR/bale,Dhan API v2 (Client 1112620458)
2026-05-22 20:00,2026-05-22,20,Cotton,49773.97,49702.4,-71.57,-0.1438,-84.63,1262,79573,50000,14.3,14.8,0.9169,INR/bale,Dhan API v2 (Client 1112620458)
2026-05-22 21:00,2026-05-22,21,Cotton,49782.0,49884.57,102.56,0.206,174.13,5163,79959,50000,13.78,14.28,0.8995,INR/bale,Dhan API v2 (Client 1112620458)
2026-05-22 22:00,2026-05-22,22,Cotton,49841.67,49868.66,26.99,0.0542,-75.57,6255,79181,50000,14.48,14.98,0.9181,INR/bale,Dhan API v2 (Client 1112620458)
2026-05-22 23:00,2026-05-22,23,Cotton,49957.73,49981.48,23.75,0.0475,-3.24,2134,79477,50000,15.06,15.56,0.8855,INR/bale,Dhan API v2 (Client 1112620458)
2026-05-25 09:00,2026-05-25,9,Cotton,50092.02,50187.31,95.3,0.1902,71.55,13673,80609,50000,14.76,15.26,0.937,INR/bale,Dhan API v2 (Client 1112620458)
2026-05-25 10:00,2026-05-25,10,Cotton,50218.82,50293.76,74.94,0.1492,-20.36,9824,80008,50000,14.16,14.66,0.9279,INR/bale,Dhan API v2 (Client 1112620458)
2026-05-25 11:00,2026-05-25,11,Cotton,50039.77,50105.71,65.94,0.1318,-9.0,7400,79189,50000,14.68,15.18,0.9297,INR/bale,Dhan API v2 (Client 1112620458)
2026-05-25 12:00,2026-05-25,12,Cotton,49904.82,49836.21,-68.6,-0.1375,-134.54,6942,81603,50000,14.53,15.03,0.927,INR/bale,Dhan API v2 (Client 1112620458)
2026-05-25 13:00,2026-05-25,13,Cotton,49845.3,49927.2,81.89,0.1643,150.49,3004,80885,50000,14.85,15.35,0.904,INR/bale,Dhan API v2 (Client 1112620458)
2026-05-25 14:00,2026-05-25,14,Cotton,49929.71,50117.54,187.83,0.3762,105.94,13323,79630,50000,14.32,14.82,0.8911,INR/bale,Dhan API v2 (Client 1112620458)
2026-05-25 15:00,2026-05-25,15,Cotton,50088.03,50190.67,102.64,0.2049,-85.19,5333,77389,50000,14.83,15.33,0.9311,INR/bale,Dhan API v2 (Client 1112620458)
2026-05-25 16:00,2026-05-25,16,Cotton,50266.38,50467.65,201.27,0.4004,98.63,1151,80590,50500,14.84,15.34,0.9164,INR/bale,Dhan API v2 (Client 1112620458)
2026-05-25 17:00,2026-05-25,17,Cotton,50395.48,50505.17,109.69,0.2177,-91.58,14772,79297,50500,14.31,14.81,0.9077,INR/bale,Dhan API v2 (Client 1112620458)
2026-05-25 18:00,2026-05-25,18,Cotton,50346.78,50355.59,8.81,0.0175,-100.88,13999,79487,50500,14.15,14.65,0.9377,INR/bale,Dhan API v2 (Client 1112620458)
2026-05-25 19:00,2026-05-25,19,Cotton,50300.67,50379.75,79.07,0.1572,70.26,3277,80437,50500,14.55,15.05,0.9105,INR/bale,Dhan API v2 (Client 1112620458)
2026-05-25 20:00,2026-05-25,20,Cotton,50242.87,50278.24,35.37,0.0704,-43.7,5879,79549,50000,14.36,14.86,0.8911,INR/bale,Dhan API v2 (Client 1112620458)
2026-05-25 21:00,2026-05-25,21,Cotton,50422.53,50376.72,-45.81,-0.0909,-81.18,11696,81331,50500,15.25,15.75,0.9451,INR/bale,Dhan API v2 (Client 1112620458)
2026-05-25 22:00,2026-05-25,22,Cotton,50579.17,50587.99,8.81,0.0174,54.62,2634,79566,50500,14.25,14.75,0.9273,INR/bale,Dhan API v2 (Client 1112620458)
2026-05-25 23:00,2026-05-25,23,Cotton,50633.61,50614.94,-18.67,-0.0369,-27.48,13244,79323,50500,14.37,14.87,0.9614,INR/bale,Dhan API v2 (Client 1112620458)
2026-05-26 09:00,2026-05-26,9,Cotton,50757.99,50786.19,28.2,0.0556,46.87,5833,80327,51000,13.66,14.16,0.9179,INR/bale,Dhan API v2 (Client 1112620458)
2026-05-26 10:00,2026-05-26,10,Cotton,50773.5,50752.09,-21.41,-0.0422,-49.61,8193,78749,51000,14.43,14.93,0.8704,INR/bale,Dhan API v2 (Client 1112620458)
2026-05-26 11:00,2026-05-26,11,Cotton,50988.35,51022.11,33.76,0.0662,55.17,3153,79988,51000,14.29,14.79,0.9422,INR/bale,Dhan API v2 (Client 1112620458)
2026-05-26 12:00,2026-05-26,12,Cotton,51010.12,51167.72,157.6,0.309,123.84,7843,79227,51000,13.93,14.43,0.8954,INR/bale,Dhan API v2 (Client 1112620458)
2026-05-26 13:00,2026-05-26,13,Cotton,50841.84,50889.5,47.66,0.0937,-109.94,8606,80762,51000,14.79,15.29,0.894,INR/bale,Dhan API v2 (Client 1112620458)
2026-05-26 14:00,2026-05-26,14,Cotton,50510.89,50631.42,120.53,0.2386,72.87,10190,79549,50500,14.21,14.71,0.9242,INR/bale,Dhan API v2 (Client 1112620458)
2026-05-26 15:00,2026-05-26,15,Cotton,50294.81,50596.03,301.22,0.5989,180.69,10137,80149,50500,15.02,15.52,0.9306,INR/bale,Dhan API v2 (Client 1112620458)
2026-05-26 16:00,2026-05-26,16,Cotton,50389.89,50397.2,7.31,0.0145,-293.91,13522,80314,50500,13.78,14.28,0.8972,INR/bale,Dhan API v2 (Client 1112620458)
2026-05-26 17:00,2026-05-26,17,Cotton,50448.12,50553.5,105.38,0.2089,98.07,14997,79606,50500,14.03,14.53,0.9202,INR/bale,Dhan API v2 (Client 1112620458)
2026-05-26 18:00,2026-05-26,18,Cotton,50517.91,50473.88,-44.03,-0.0872,-149.41,12916,81205,50500,14.0,14.5,0.8978,INR/bale,Dhan API v2 (Client 1112620458)
2026-05-26 19:00,2026-05-26,19,Cotton,50669.4,50760.53,91.13,0.1798,135.16,10354,80165,50500,14.25,14.75,0.9323,INR/bale,Dhan API v2 (Client 1112620458)
2026-05-26 20:00,2026-05-26,20,Cotton,50799.74,50985.49,185.74,0.3656,94.61,9462,80616,51000,14.43,14.93,0.8831,INR/bale,Dhan API v2 (Client 1112620458)
2026-05-26 21:00,2026-05-26,21,Cotton,50799.57,50986.33,186.76,0.3676,1.02,1772,78481,51000,14.14,14.64,0.8943,INR/bale,Dhan API v2 (Client 1112620458)
2026-05-26 22:00,2026-05-26,22,Cotton,50682.53,50687.54,5.01,0.0099,-181.75,9804,80422,50500,14.21,14.71,0.9129,INR/bale,Dhan API v2 (Client 1112620458)
2026-05-26 23:00,2026-05-26,23,Cotton,50483.71,50370.72,-112.98,-0.2238,-117.99,5926,79761,50500,15.11,15.61,0.8954,INR/bale,Dhan API v2 (Client 1112620458)
2026-05-27 09:00,2026-05-27,9,Cotton,50602.86,50663.06,60.2,0.119,173.18,10186,79744,50500,14.01,14.51,0.9336,INR/bale,Dhan API v2 (Client 1112620458)
2026-05-27 10:00,2026-05-27,10,Cotton,50358.64,50419.51,60.87,0.1209,0.67,3650,80949,50500,14.5,15.0,0.8828,INR/bale,Dhan API v2 (Client 1112620458)
2026-05-27 11:00,2026-05-27,11,Cotton,50358.73,50320.41,-38.32,-0.0761,-99.19,527,81276,50500,14.49,14.99,0.9191,INR/bale,Dhan API v2 (Client 1112620458)
2026-05-27 12:00,2026-05-27,12,Cotton,50492.41,50591.69,99.28,0.1966,137.6,8261,78578,50500,14.66,15.16,0.9248,INR/bale,Dhan API v2 (Client 1112620458)
2026-05-27 13:00,2026-05-27,13,Cotton,50522.28,50484.33,-37.94,-0.0751,-137.22,10408,79666,50500,14.52,15.02,0.9033,INR/bale,Dhan API v2 (Client 1112620458)
2026-05-27 14:00,2026-05-27,14,Cotton,50481.57,50548.18,66.61,0.1319,104.55,13333,79854,50500,14.47,14.97,0.9146,INR/bale,Dhan API v2 (Client 1112620458)
2026-05-27 15:00,2026-05-27,15,Cotton,50237.35,50268.77,31.42,0.0626,-35.19,10073,79624,50000,13.6,14.1,0.8886,INR/bale,Dhan API v2 (Client 1112620458)
2026-05-27 16:00,2026-05-27,16,Cotton,50291.2,50425.89,134.69,0.2678,103.27,6551,80589,50500,13.85,14.35,0.9222,INR/bale,Dhan API v2 (Client 1112620458)
2026-05-27 17:00,2026-05-27,17,Cotton,50325.35,50363.15,37.8,0.0751,-96.89,14883,80644,50500,13.94,14.44,0.9615,INR/bale,Dhan API v2 (Client 1112620458)
2026-05-27 18:00,2026-05-27,18,Cotton,50278.39,50348.76,70.36,0.1399,32.56,12077,77536,50500,14.68,15.18,0.9341,INR/bale,Dhan API v2 (Client 1112620458)
2026-05-27 19:00,2026-05-27,19,Cotton,50320.86,50320.28,-0.58,-0.0011,-70.94,12678,81026,50500,13.97,14.47,0.9189,INR/bale,Dhan API v2 (Client 1112620458)
2026-05-27 20:00,2026-05-27,20,Cotton,50299.4,50530.17,230.77,0.4588,231.35,10918,79381,50500,14.34,14.84,0.9299,INR/bale,Dhan API v2 (Client 1112620458)
2026-05-27 21:00,2026-05-27,21,Cotton,50339.73,50424.41,84.68,0.1682,-146.09,2437,78243,50500,14.26,14.76,0.8942,INR/bale,Dhan API v2 (Client 1112620458)
2026-05-27 22:00,2026-05-27,22,Cotton,50491.79,50526.31,34.52,0.0684,-50.16,551,79013,50500,14.36,14.86,0.8785,INR/bale,Dhan API v2 (Client 1112620458)
2026-05-27 23:00,2026-05-27,23,Cotton,50381.04,50570.65,189.61,0.3764,155.09,618,77996,50500,14.7,15.2,0.937,INR/bale,Dhan API v2 (Client 1112620458)
2026-05-28 09:00,2026-05-28,9,Cotton,50393.13,50395.73,2.59,0.0051,-187.02,6987,79479,50500,13.92,14.42,0.9091,INR/bale,Dhan API v2 (Client 1112620458)
2026-05-28 10:00,2026-05-28,10,Cotton,50313.21,50409.59,96.39,0.1916,93.8,2695,79008,50500,13.15,13.65,0.915,INR/bale,Dhan API v2 (Client 1112620458)
2026-05-28 11:00,2026-05-28,11,Cotton,50394.72,50491.12,96.41,0.1913,0.02,1364,80087,50500,14.44,14.94,0.9421,INR/bale,Dhan API v2 (Client 1112620458)
2026-05-28 12:00,2026-05-28,12,Cotton,50613.53,50696.27,82.74,0.1635,-13.67,2764,81584,50500,14.26,14.76,0.9294,INR/bale,Dhan API v2 (Client 1112620458)
2026-05-28 13:00,2026-05-28,13,Cotton,50745.21,50771.82,26.61,0.0524,-56.13,2243,79430,50500,14.31,14.81,0.9083,INR/bale,Dhan API v2 (Client 1112620458)
2026-05-28 14:00,2026-05-28,14,Cotton,50806.09,50886.71,80.62,0.1587,54.01,9416,80118,51000,14.19,14.69,0.8974,INR/bale,Dhan API v2 (Client 1112620458)
2026-05-28 15:00,2026-05-28,15,Cotton,50836.35,50742.75,-93.6,-0.1841,-174.22,11518,79334,51000,14.28,14.78,0.9073,INR/bale,Dhan API v2 (Client 1112620458)
2026-05-28 16:00,2026-05-28,16,Cotton,50750.36,50797.06,46.71,0.092,140.31,7890,79873,51000,14.48,14.98,0.8854,INR/bale,Dhan API v2 (Client 1112620458)
2026-05-28 17:00,2026-05-28,17,Cotton,50628.9,50747.86,118.96,0.235,72.25,1289,80431,50500,14.05,14.55,0.9025,INR/bale,Dhan API v2 (Client 1112620458)
2026-05-28 18:00,2026-05-28,18,Cotton,50569.27,50484.59,-84.68,-0.1674,-203.64,7436,79593,50500,13.86,14.36,0.9333,INR/bale,Dhan API v2 (Client 1112620458)
2026-05-28 19:00,2026-05-28,19,Cotton,50589.53,50532.93,-56.6,-0.1119,28.08,4878,81020,50500,14.68,15.18,0.9309,INR/bale,Dhan API v2 (Client 1112620458)
2026-05-28 20:00,2026-05-28,20,Cotton,50590.33,50581.92,-8.41,-0.0166,48.19,4264,80704,50500,14.12,14.62,0.9177,INR/bale,Dhan API v2 (Client 1112620458)
2026-05-28 21:00,2026-05-28,21,Cotton,50812.67,50774.05,-38.62,-0.076,-30.21,6254,80260,51000,14.63,15.13,0.93,INR/bale,Dhan API v2 (Client 1112620458)
2026-05-28 22:00,2026-05-28,22,Cotton,50845.77,50941.76,95.99,0.1888,134.61,9122,79874,51000,13.38,13.88,0.8712,INR/bale,Dhan API v2 (Client 1112620458)
2026-05-28 23:00,2026-05-28,23,Cotton,50897.4,50746.33,-151.07,-0.2968,-247.06,1602,79718,51000,14.24,14.74,0.9121,INR/bale,Dhan API v2 (Client 1112620458)
2026-05-29 09:00,2026-05-29,9,Cotton,50775.89,50727.86,-48.03,-0.0946,103.04,3363,80868,51000,14.07,14.57,0.8922,INR/bale,Dhan API v2 (Client 1112620458)
2026-05-29 10:00,2026-05-29,10,Cotton,50834.86,50756.57,-78.29,-0.154,-30.26,2639,80510,51000,14.87,15.37,0.8872,INR/bale,Dhan API v2 (Client 1112620458)
2026-05-29 11:00,2026-05-29,11,Cotton,50833.4,50902.53,69.12,0.136,147.41,3695,80140,51000,14.53,15.03,0.8713,INR/bale,Dhan API v2 (Client 1112620458)
2026-05-29 12:00,2026-05-29,12,Cotton,50951.96,51062.14,110.18,0.2163,41.06,10606,80475,51000,14.49,14.99,0.8909,INR/bale,Dhan API v2 (Client 1112620458)
2026-05-29 13:00,2026-05-29,13,Cotton,50972.36,50914.0,-58.36,-0.1145,-168.54,6896,80346,51000,14.13,14.63,0.9137,INR/bale,Dhan API v2 (Client 1112620458)
2026-05-29 14:00,2026-05-29,14,Cotton,51019.45,51013.43,-6.02,-0.0118,52.34,10118,80120,51000,14.62,15.12,0.923,INR/bale,Dhan API v2 (Client 1112620458)
2026-05-29 15:00,2026-05-29,15,Cotton,51120.03,51266.31,146.28,0.2862,152.3,9990,79902,51000,14.56,15.06,0.9265,INR/bale,Dhan API v2 (Client 1112620458)
2026-05-29 16:00,2026-05-29,16,Cotton,50897.01,50849.49,-47.52,-0.0934,-193.8,9047,79641,51000,14.64,15.14,0.9272,INR/bale,Dhan API v2 (Client 1112620458)
2026-05-29 17:00,2026-05-29,17,Cotton,51018.04,51008.5,-9.54,-0.0187,37.98,5159,79998,51000,14.54,15.04,0.9114,INR/bale,Dhan API v2 (Client 1112620458)
2026-05-29 18:00,2026-05-29,18,Cotton,50891.09,51031.77,140.68,0.2764,150.22,10648,78993,51000,14.4,14.9,0.9473,INR/bale,Dhan API v2 (Client 1112620458)
2026-05-29 19:00,2026-05-29,19,Cotton,50867.3,50873.56,6.26,0.0123,-134.42,12002,77371,51000,14.29,14.79,0.9272,INR/bale,Dhan API v2 (Client 1112620458)
2026-05-29 20:00,2026-05-29,20,Cotton,50767.37,50762.8,-4.57,-0.009,-10.83,2391,80570,51000,14.32,14.82,0.9213,INR/bale,Dhan API v2 (Client 1112620458)
2026-05-29 21:00,2026-05-29,21,Cotton,51001.32,50942.92,-58.4,-0.1145,-53.83,4169,79494,51000,14.35,14.85,0.8765,INR/bale,Dhan API v2 (Client 1112620458)
2026-05-29 22:00,2026-05-29,22,Cotton,51031.39,51122.05,90.67,0.1777,149.07,10689,80729,51000,13.96,14.46,0.9364,INR/bale,Dhan API v2 (Client 1112620458)
2026-05-29 23:00,2026-05-29,23,Cotton,50971.57,51000.2,28.63,0.0562,-62.04,14809,79887,51000,14.42,14.92,0.8878,INR/bale,Dhan API v2 (Client 1112620458)
2026-06-01 09:00,2026-06-01,9,Cotton,50884.15,50779.81,-104.34,-0.2051,-132.97,14393,81023,51000,14.47,14.97,0.8893,INR/bale,Dhan API v2 (Client 1112620458)
2026-06-01 10:00,2026-06-01,10,Cotton,51027.85,51132.69,104.84,0.2055,209.18,6003,79233,51000,14.21,14.71,0.9152,INR/bale,Dhan API v2 (Client 1112620458)
2026-06-01 11:00,2026-06-01,11,Cotton,51335.92,51542.33,206.41,0.4021,101.57,1878,78915,51500,14.67,15.17,0.9307,INR/bale,Dhan API v2 (Client 1112620458)
2026-06-01 12:00,2026-06-01,12,Cotton,51468.19,51460.18,-8.01,-0.0156,-214.42,3465,79279,51500,14.87,15.37,0.9468,INR/bale,Dhan API v2 (Client 1112620458)
2026-06-01 13:00,2026-06-01,13,Cotton,51606.88,51584.18,-22.7,-0.044,-14.69,1688,79113,51500,13.86,14.36,0.9614,INR/bale,Dhan API v2 (Client 1112620458)
2026-06-01 14:00,2026-06-01,14,Cotton,51556.71,51539.1,-17.61,-0.0342,5.09,14561,78721,51500,14.64,15.14,0.9281,INR/bale,Dhan API v2 (Client 1112620458)
2026-06-01 15:00,2026-06-01,15,Cotton,51676.15,51738.28,62.13,0.1202,79.74,9171,77368,51500,15.01,15.51,0.9078,INR/bale,Dhan API v2 (Client 1112620458)
2026-06-01 16:00,2026-06-01,16,Cotton,51909.36,51829.89,-79.47,-0.1531,-141.6,4723,81134,52000,14.46,14.96,0.9124,INR/bale,Dhan API v2 (Client 1112620458)
2026-06-01 17:00,2026-06-01,17,Cotton,51805.11,51864.99,59.87,0.1156,139.34,7455,79778,52000,14.35,14.85,0.8708,INR/bale,Dhan API v2 (Client 1112620458)
2026-06-01 18:00,2026-06-01,18,Cotton,51607.17,51622.1,14.93,0.0289,-44.94,11696,79565,51500,14.83,15.33,0.908,INR/bale,Dhan API v2 (Client 1112620458)
2026-06-01 19:00,2026-06-01,19,Cotton,51764.36,51701.6,-62.76,-0.1212,-77.69,3367,79283,52000,14.68,15.18,0.9276,INR/bale,Dhan API v2 (Client 1112620458)
2026-06-01 20:00,2026-06-01,20,Cotton,51552.79,51477.32,-75.47,-0.1464,-12.71,9330,80104,51500,14.31,14.81,0.921,INR/bale,Dhan API v2 (Client 1112620458)
2026-06-01 21:00,2026-06-01,21,Cotton,51309.49,51420.44,110.95,0.2162,186.42,4289,77478,51500,14.01,14.51,0.8919,INR/bale,Dhan API v2 (Client 1112620458)
2026-06-01 22:00,2026-06-01,22,Cotton,51291.9,51400.07,108.17,0.2109,-2.78,8295,78356,51500,13.84,14.34,0.9782,INR/bale,Dhan API v2 (Client 1112620458)
2026-06-01 23:00,2026-06-01,23,Cotton,51466.9,51492.68,25.77,0.0501,-82.4,5202,80058,51500,15.0,15.5,0.9255,INR/bale,Dhan API v2 (Client 1112620458)
2026-06-02 09:00,2026-06-02,9,Cotton,51567.28,51543.4,-23.88,-0.0463,-49.65,12678,80196,51500,14.32,14.82,0.8865,INR/bale,Dhan API v2 (Client 1112620458)
2026-06-02 10:00,2026-06-02,10,Cotton,51745.63,51598.38,-147.25,-0.2846,-123.37,6259,80369,51500,13.73,14.23,0.9353,INR/bale,Dhan API v2 (Client 1112620458)
2026-06-02 11:00,2026-06-02,11,Cotton,51591.55,51523.19,-68.37,-0.1325,78.88,1498,77680,51500,14.31,14.81,0.9269,INR/bale,Dhan API v2 (Client 1112620458)
2026-06-02 12:00,2026-06-02,12,Cotton,51470.76,51455.68,-15.07,-0.0293,53.3,13569,79996,51500,14.27,14.77,0.8779,INR/bale,Dhan API v2 (Client 1112620458)
2026-06-02 13:00,2026-06-02,13,Cotton,51234.69,51169.06,-65.63,-0.1281,-50.56,5803,78650,51000,14.34,14.84,0.9183,INR/bale,Dhan API v2 (Client 1112620458)
2026-06-02 14:00,2026-06-02,14,Cotton,51149.84,50993.9,-155.94,-0.3049,-90.31,10055,80572,51000,14.24,14.74,0.9501,INR/bale,Dhan API v2 (Client 1112620458)
2026-06-02 15:00,2026-06-02,15,Cotton,51131.14,51149.81,18.67,0.0365,174.61,11484,81561,51000,14.57,15.07,0.9138,INR/bale,Dhan API v2 (Client 1112620458)
2026-06-02 16:00,2026-06-02,16,Cotton,51121.56,51070.73,-50.82,-0.0994,-69.49,13207,78253,51000,14.5,15.0,0.9596,INR/bale,Dhan API v2 (Client 1112620458)
2026-06-02 17:00,2026-06-02,17,Cotton,51047.94,51019.56,-28.38,-0.0556,22.44,7548,79900,51000,14.43,14.93,0.9352,INR/bale,Dhan API v2 (Client 1112620458)
2026-06-02 18:00,2026-06-02,18,Cotton,51010.63,50963.66,-46.98,-0.0921,-18.6,4036,79784,51000,14.63,15.13,0.9171,INR/bale,Dhan API v2 (Client 1112620458)
2026-06-02 19:00,2026-06-02,19,Cotton,50964.42,51028.41,63.99,0.1256,110.97,11354,79161,51000,14.59,15.09,0.917,INR/bale,Dhan API v2 (Client 1112620458)
2026-06-02 20:00,2026-06-02,20,Cotton,51103.43,51137.59,34.16,0.0668,-29.83,14162,78688,51000,14.25,14.75,0.9705,INR/bale,Dhan API v2 (Client 1112620458)
2026-06-02 21:00,2026-06-02,21,Cotton,51275.97,51272.91,-3.05,-0.0059,-37.21,1306,77769,51500,14.44,14.94,0.9413,INR/bale,Dhan API v2 (Client 1112620458)
2026-06-02 22:00,2026-06-02,22,Cotton,51277.47,51387.03,109.56,0.2137,112.61,2408,78897,51500,14.55,15.05,0.9266,INR/bale,Dhan API v2 (Client 1112620458)
2026-06-02 23:00,2026-06-02,23,Cotton,51436.97,51461.34,24.37,0.0474,-85.19,5689,79130,51500,14.63,15.13,0.9303,INR/bale,Dhan API v2 (Client 1112620458)
2026-06-03 09:00,2026-06-03,9,Cotton,51397.11,51582.72,185.6,0.3611,161.23,1878,79911,51500,14.28,14.78,0.9261,INR/bale,Dhan API v2 (Client 1112620458)
2026-06-03 10:00,2026-06-03,10,Cotton,51513.0,51617.9,104.89,0.2036,-80.71,7345,78913,51500,14.92,15.42,0.8864,INR/bale,Dhan API v2 (Client 1112620458)
2026-06-03 11:00,2026-06-03,11,Cotton,51377.66,51198.76,-178.89,-0.3482,-283.78,4999,78317,51500,14.94,15.44,0.9058,INR/bale,Dhan API v2 (Client 1112620458)
2026-06-03 12:00,2026-06-03,12,Cotton,51538.0,51560.88,22.87,0.0444,201.76,9655,78733,51500,14.92,15.42,0.9634,INR/bale,Dhan API v2 (Client 1112620458)
2026-06-03 13:00,2026-06-03,13,Cotton,51320.07,51330.06,9.99,0.0195,-12.88,12197,79101,51500,14.43,14.93,0.9002,INR/bale,Dhan API v2 (Client 1112620458)
2026-06-03 14:00,2026-06-03,14,Cotton,51199.85,51254.95,55.1,0.1076,45.11,7447,78077,51000,14.6,15.1,0.8749,INR/bale,Dhan API v2 (Client 1112620458)
2026-06-03 15:00,2026-06-03,15,Cotton,51340.45,51504.25,163.81,0.3191,108.71,3598,78920,51500,14.06,14.56,0.9257,INR/bale,Dhan API v2 (Client 1112620458)
2026-06-03 16:00,2026-06-03,16,Cotton,51299.74,51372.89,73.16,0.1426,-90.65,14346,78710,51500,14.35,14.85,0.9315,INR/bale,Dhan API v2 (Client 1112620458)
2026-06-03 17:00,2026-06-03,17,Cotton,51229.74,51299.6,69.86,0.1364,-3.3,10936,79259,51000,13.83,14.33,0.8832,INR/bale,Dhan API v2 (Client 1112620458)
2026-06-03 18:00,2026-06-03,18,Cotton,51213.28,51238.28,25.0,0.0488,-44.86,14061,80622,51000,14.59,15.09,0.893,INR/bale,Dhan API v2 (Client 1112620458)
2026-06-03 19:00,2026-06-03,19,Cotton,51135.8,51020.56,-115.23,-0.2253,-140.23,11275,78087,51000,13.79,14.29,0.9308,INR/bale,Dhan API v2 (Client 1112620458)
2026-06-03 20:00,2026-06-03,20,Cotton,51119.66,51149.61,29.96,0.0586,145.19,2801,78611,51000,14.46,14.96,0.882,INR/bale,Dhan API v2 (Client 1112620458)
2026-06-03 21:00,2026-06-03,21,Cotton,51070.91,51132.29,61.37,0.1202,31.41,10019,78205,51000,14.83,15.33,0.9133,INR/bale,Dhan API v2 (Client 1112620458)
2026-06-03 22:00,2026-06-03,22,Cotton,50911.64,50930.26,18.62,0.0366,-42.75,6967,79015,51000,14.3,14.8,0.8883,INR/bale,Dhan API v2 (Client 1112620458)
2026-06-03 23:00,2026-06-03,23,Cotton,50885.49,50893.92,8.43,0.0166,-10.19,14795,78556,51000,14.15,14.65,0.9367,INR/bale,Dhan API v2 (Client 1112620458)
2026-06-04 09:00,2026-06-04,9,Cotton,50767.3,51101.57,334.27,0.6584,325.84,6831,80235,51000,13.83,14.33,0.8778,INR/bale,Dhan API v2 (Client 1112620458)
2026-06-04 10:00,2026-06-04,10,Cotton,50732.87,51112.54,379.66,0.7484,45.39,7710,78462,50500,14.21,14.71,0.9037,INR/bale,Dhan API v2 (Client 1112620458)
2026-06-04 11:00,2026-06-04,11,Cotton,50774.3,50883.95,109.64,0.2159,-270.02,7409,79761,51000,14.39,14.89,0.9405,INR/bale,Dhan API v2 (Client 1112620458)
2026-06-04 12:00,2026-06-04,12,Cotton,50802.86,50949.97,147.11,0.2896,37.47,11150,78978,51000,14.71,15.21,0.9494,INR/bale,Dhan API v2 (Client 1112620458)
2026-06-04 13:00,2026-06-04,13,Cotton,50669.17,50920.22,251.05,0.4955,103.94,8542,78548,50500,14.8,15.3,0.9001,INR/bale,Dhan API v2 (Client 1112620458)
2026-06-04 14:00,2026-06-04,14,Cotton,51008.14,51295.32,287.18,0.563,36.13,11104,79133,51000,14.54,15.04,0.9226,INR/bale,Dhan API v2 (Client 1112620458)
2026-06-04 15:00,2026-06-04,15,Cotton,50976.99,51147.5,170.51,0.3345,-116.67,5164,79599,51000,14.61,15.11,0.8993,INR/bale,Dhan API v2 (Client 1112620458)
2026-06-04 16:00,2026-06-04,16,Cotton,50862.81,51002.28,139.47,0.2742,-31.04,8457,80473,51000,14.78,15.28,0.9014,INR/bale,Dhan API v2 (Client 1112620458)
2026-06-04 17:00,2026-06-04,17,Cotton,50962.08,51282.61,320.54,0.629,181.07,2594,78582,51000,14.31,14.81,0.9274,INR/bale,Dhan API v2 (Client 1112620458)
2026-06-04 18:00,2026-06-04,18,Cotton,50930.72,51273.12,342.4,0.6723,21.86,7365,79515,51000,14.24,14.74,0.9243,INR/bale,Dhan API v2 (Client 1112620458)
2026-06-04 19:00,2026-06-04,19,Cotton,51130.97,51360.65,229.68,0.4492,-112.72,11425,81311,51000,14.19,14.69,0.9337,INR/bale,Dhan API v2 (Client 1112620458)
2026-06-04 20:00,2026-06-04,20,Cotton,51156.97,51462.89,305.92,0.598,76.24,2708,80037,51000,14.15,14.65,0.9273,INR/bale,Dhan API v2 (Client 1112620458)
2026-06-04 21:00,2026-06-04,21,Cotton,51180.16,51475.93,295.76,0.5779,-10.16,10189,79519,51000,14.59,15.09,0.9005,INR/bale,Dhan API v2 (Client 1112620458)
2026-06-04 22:00,2026-06-04,22,Cotton,51347.75,51582.33,234.58,0.4568,-61.18,5387,80352,51500,14.31,14.81,0.905,INR/bale,Dhan API v2 (Client 1112620458)
2026-06-04 23:00,2026-06-04,23,Cotton,51223.62,51423.06,199.44,0.3893,-35.14,11157,79289,51000,14.57,15.07,0.9169,INR/bale,Dhan API v2 (Client 1112620458)
2026-06-05 09:00,2026-06-05,9,Cotton,51458.55,51815.64,357.09,0.6939,157.65,11597,79641,51500,14.65,15.15,0.9102,INR/bale,Dhan API v2 (Client 1112620458)
2026-06-05 10:00,2026-06-05,10,Cotton,51240.57,51471.83,231.26,0.4513,-125.83,10839,80193,51000,14.44,14.94,0.9009,INR/bale,Dhan API v2 (Client 1112620458)
2026-06-05 11:00,2026-06-05,11,Cotton,51096.35,51349.84,253.49,0.4961,22.23,6210,80034,51000,15.18,15.68,0.9029,INR/bale,Dhan API v2 (Client 1112620458)
2026-06-05 12:00,2026-06-05,12,Cotton,51008.08,51210.92,202.84,0.3977,-50.65,564,79768,51000,14.94,15.44,0.9066,INR/bale,Dhan API v2 (Client 1112620458)
2026-06-05 13:00,2026-06-05,13,Cotton,51017.39,51222.36,204.97,0.4018,2.13,10409,79835,51000,14.27,14.77,0.9111,INR/bale,Dhan API v2 (Client 1112620458)
2026-06-05 14:00,2026-06-05,14,Cotton,50921.06,51034.24,113.18,0.2223,-91.79,12216,79197,51000,14.79,15.29,0.9494,INR/bale,Dhan API v2 (Client 1112620458)
2026-06-05 15:00,2026-06-05,15,Cotton,50779.1,51155.89,376.79,0.742,263.61,3320,79662,51000,14.3,14.8,0.9344,INR/bale,Dhan API v2 (Client 1112620458)
2026-06-05 16:00,2026-06-05,16,Cotton,50650.47,50828.4,177.93,0.3513,-198.86,11645,79268,50500,14.38,14.88,0.8988,INR/bale,Dhan API v2 (Client 1112620458)
2026-06-05 17:00,2026-06-05,17,Cotton,50824.23,51077.89,253.67,0.4991,75.74,7528,78323,51000,14.06,14.56,0.876,INR/bale,Dhan API v2 (Client 1112620458)
2026-06-05 18:00,2026-06-05,18,Cotton,50935.36,51047.89,112.52,0.2209,-141.15,7875,81077,51000,14.55,15.05,0.8796,INR/bale,Dhan API v2 (Client 1112620458)
2026-06-05 19:00,2026-06-05,19,Cotton,50972.69,51305.41,332.72,0.6527,220.2,13184,79998,51000,14.52,15.02,0.9138,INR/bale,Dhan API v2 (Client 1112620458)
2026-06-05 20:00,2026-06-05,20,Cotton,50801.73,51002.48,200.74,0.3952,-131.98,11836,80348,51000,14.37,14.87,0.9374,INR/bale,Dhan API v2 (Client 1112620458)
2026-06-05 21:00,2026-06-05,21,Cotton,50895.34,51168.12,272.78,0.536,72.04,7960,78240,51000,13.88,14.38,0.8878,INR/bale,Dhan API v2 (Client 1112620458)
2026-06-05 22:00,2026-06-05,22,Cotton,51006.78,51289.66,282.88,0.5546,10.1,11283,79215,51000,14.55,15.05,0.8573,INR/bale,Dhan API v2 (Client 1112620458)
2026-06-05 23:00,2026-06-05,23,Cotton,50922.65,51180.59,257.95,0.5065,-24.93,666,80122,51000,14.59,15.09,0.9365,INR/bale,Dhan API v2 (Client 1112620458)
2026-06-08 09:00,2026-06-08,9,Cotton,50724.57,50922.79,198.23,0.3908,-59.72,7300,78705,50500,14.67,15.17,0.9359,INR/bale,Dhan API v2 (Client 1112620458)
2026-06-08 10:00,2026-06-08,10,Cotton,50673.76,50951.15,277.39,0.5474,79.16,10196,79310,50500,14.08,14.58,0.9171,INR/bale,Dhan API v2 (Client 1112620458)
2026-06-08 11:00,2026-06-08,11,Cotton,50608.06,50931.42,323.36,0.6389,45.97,13822,79106,50500,14.3,14.8,0.9643,INR/bale,Dhan API v2 (Client 1112620458)
2026-06-08 12:00,2026-06-08,12,Cotton,50554.55,50877.42,322.87,0.6387,-0.49,5634,80740,50500,14.77,15.27,0.8947,INR/bale,Dhan API v2 (Client 1112620458)
2026-06-08 13:00,2026-06-08,13,Cotton,50501.7,50587.37,85.67,0.1696,-237.2,10855,78524,50500,14.37,14.87,0.8944,INR/bale,Dhan API v2 (Client 1112620458)
2026-06-08 14:00,2026-06-08,14,Cotton,50405.65,50638.54,232.89,0.462,147.22,14285,79925,50500,14.25,14.75,0.8728,INR/bale,Dhan API v2 (Client 1112620458)
2026-06-08 15:00,2026-06-08,15,Cotton,50481.59,50572.51,90.92,0.1801,-141.97,13817,79032,50500,14.32,14.82,0.9171,INR/bale,Dhan API v2 (Client 1112620458)
2026-06-08 16:00,2026-06-08,16,Cotton,50582.4,50636.03,53.63,0.106,-37.29,11972,78067,50500,14.04,14.54,0.9627,INR/bale,Dhan API v2 (Client 1112620458)
2026-06-08 17:00,2026-06-08,17,Cotton,50639.02,50997.4,358.38,0.7077,304.75,4085,78109,50500,14.62,15.12,0.9037,INR/bale,Dhan API v2 (Client 1112620458)
2026-06-08 18:00,2026-06-08,18,Cotton,50748.62,50981.55,232.94,0.459,-125.44,1059,80359,50500,13.66,14.16,0.9246,INR/bale,Dhan API v2 (Client 1112620458)
2026-06-08 19:00,2026-06-08,19,Cotton,50575.51,50803.07,227.56,0.4499,-5.38,5304,80641,50500,14.81,15.31,0.8978,INR/bale,Dhan API v2 (Client 1112620458)
2026-06-08 20:00,2026-06-08,20,Cotton,50761.36,50970.03,208.67,0.4111,-18.89,4274,78376,51000,14.36,14.86,0.899,INR/bale,Dhan API v2 (Client 1112620458)
2026-06-08 21:00,2026-06-08,21,Cotton,50653.93,50891.06,237.13,0.4681,28.46,3357,81238,50500,15.02,15.52,0.9229,INR/bale,Dhan API v2 (Client 1112620458)
2026-06-08 22:00,2026-06-08,22,Cotton,50675.81,51060.87,385.06,0.7599,147.93,10947,80231,50500,14.32,14.82,0.8899,INR/bale,Dhan API v2 (Client 1112620458)
2026-06-08 23:00,2026-06-08,23,Cotton,50747.68,51142.18,394.5,0.7774,9.44,9117,80329,50500,14.38,14.88,0.911,INR/bale,Dhan API v2 (Client 1112620458)
2026-06-09 09:00,2026-06-09,9,Cotton,50435.67,50798.01,362.34,0.7184,-32.16,9244,78313,50500,14.29,14.79,0.9283,INR/bale,Dhan API v2 (Client 1112620458)
2026-06-09 10:00,2026-06-09,10,Cotton,50394.13,50543.83,149.7,0.2971,-212.64,4292,80204,50500,14.09,14.59,0.9384,INR/bale,Dhan API v2 (Client 1112620458)
2026-06-09 11:00,2026-06-09,11,Cotton,50337.78,50513.91,176.13,0.3499,26.43,13280,80372,50500,14.61,15.11,0.89,INR/bale,Dhan API v2 (Client 1112620458)
2026-06-09 12:00,2026-06-09,12,Cotton,50407.24,50543.51,136.27,0.2703,-39.86,6678,79564,50500,14.31,14.81,0.9008,INR/bale,Dhan API v2 (Client 1112620458)
2026-06-09 13:00,2026-06-09,13,Cotton,50434.13,50745.03,310.9,0.6164,174.63,11016,78661,50500,14.38,14.88,0.9429,INR/bale,Dhan API v2 (Client 1112620458)
2026-06-09 14:00,2026-06-09,14,Cotton,50659.38,50872.07,212.69,0.4198,-98.21,2540,80751,50500,14.41,14.91,0.9201,INR/bale,Dhan API v2 (Client 1112620458)
2026-06-09 15:00,2026-06-09,15,Cotton,50792.0,51114.88,322.88,0.6357,110.19,12449,79350,51000,14.31,14.81,0.9183,INR/bale,Dhan API v2 (Client 1112620458)
2026-06-09 16:00,2026-06-09,16,Cotton,50758.72,50914.34,155.61,0.3066,-167.27,1496,80114,51000,14.62,15.12,0.9313,INR/bale,Dhan API v2 (Client 1112620458)
2026-06-09 17:00,2026-06-09,17,Cotton,50633.06,50857.11,224.05,0.4425,68.44,9304,79365,50500,14.52,15.02,0.9364,INR/bale,Dhan API v2 (Client 1112620458)
2026-06-09 18:00,2026-06-09,18,Cotton,50643.04,50855.7,212.67,0.4199,-11.38,2613,78713,50500,14.28,14.78,0.8743,INR/bale,Dhan API v2 (Client 1112620458)
2026-06-09 19:00,2026-06-09,19,Cotton,50569.04,50865.57,296.53,0.5864,83.86,10033,81307,50500,14.95,15.45,0.9444,INR/bale,Dhan API v2 (Client 1112620458)
2026-06-09 20:00,2026-06-09,20,Cotton,50853.83,51185.47,331.64,0.6521,35.11,9260,79758,51000,14.66,15.16,0.9358,INR/bale,Dhan API v2 (Client 1112620458)
2026-06-09 21:00,2026-06-09,21,Cotton,51029.78,51377.93,348.15,0.6822,16.51,7926,79460,51000,14.19,14.69,0.9448,INR/bale,Dhan API v2 (Client 1112620458)
2026-06-09 22:00,2026-06-09,22,Cotton,51132.55,51295.91,163.36,0.3195,-184.79,1725,78701,51000,14.4,14.9,0.9163,INR/bale,Dhan API v2 (Client 1112620458)
2026-06-09 23:00,2026-06-09,23,Cotton,51015.89,51282.83,266.94,0.5232,103.58,6735,79341,51000,14.0,14.5,0.9525,INR/bale,Dhan API v2 (Client 1112620458)
2026-06-10 09:00,2026-06-10,9,Cotton,50884.29,51235.25,350.96,0.6897,84.02,3267,78796,51000,14.12,14.62,0.9081,INR/bale,Dhan API v2 (Client 1112620458)
2026-06-10 10:00,2026-06-10,10,Cotton,50956.53,51142.26,185.72,0.3645,-165.24,12079,78935,51000,14.6,15.1,0.9166,INR/bale,Dhan API v2 (Client 1112620458)
2026-06-10 11:00,2026-06-10,11,Cotton,50832.65,50982.94,150.3,0.2957,-35.42,902,79055,51000,14.36,14.86,0.9243,INR/bale,Dhan API v2 (Client 1112620458)
2026-06-10 12:00,2026-06-10,12,Cotton,50921.13,51148.21,227.08,0.4459,76.78,12994,80799,51000,14.77,15.27,0.8942,INR/bale,Dhan API v2 (Client 1112620458)
2026-06-10 13:00,2026-06-10,13,Cotton,50985.26,51147.06,161.8,0.3174,-65.28,6567,79714,51000,15.0,15.5,0.9148,INR/bale,Dhan API v2 (Client 1112620458)
2026-06-10 14:00,2026-06-10,14,Cotton,50915.97,51034.09,118.11,0.232,-43.69,7841,79935,51000,14.59,15.09,0.922,INR/bale,Dhan API v2 (Client 1112620458)
2026-06-10 15:00,2026-06-10,15,Cotton,51010.92,51241.43,230.51,0.4519,112.4,6095,78524,51000,14.86,15.36,0.9548,INR/bale,Dhan API v2 (Client 1112620458)
2026-06-10 16:00,2026-06-10,16,Cotton,50881.49,51085.68,204.19,0.4013,-26.32,5958,79975,51000,14.12,14.62,0.9176,INR/bale,Dhan API v2 (Client 1112620458)
2026-06-10 17:00,2026-06-10,17,Cotton,50766.67,51047.94,281.27,0.554,77.08,10424,79621,51000,14.16,14.66,0.94,INR/bale,Dhan API v2 (Client 1112620458)
2026-06-10 18:00,2026-06-10,18,Cotton,50663.9,50855.31,191.41,0.3778,-89.86,12091,78261,50500,14.05,14.55,0.924,INR/bale,Dhan API v2 (Client 1112620458)
2026-06-10 19:00,2026-06-10,19,Cotton,50982.73,51218.17,235.44,0.4618,44.03,7131,77846,51000,14.71,15.21,0.9203,INR/bale,Dhan API v2 (Client 1112620458)
2026-06-10 20:00,2026-06-10,20,Cotton,50913.43,51112.31,198.88,0.3906,-36.56,6233,79212,51000,13.84,14.34,0.9168,INR/bale,Dhan API v2 (Client 1112620458)
2026-06-10 21:00,2026-06-10,21,Cotton,50876.59,51009.27,132.68,0.2608,-66.2,13895,80824,51000,14.62,15.12,0.9517,INR/bale,Dhan API v2 (Client 1112620458)
2026-06-10 22:00,2026-06-10,22,Cotton,50772.75,51067.47,294.71,0.5805,162.03,5523,79545,51000,14.16,14.66,0.9296,INR/bale,Dhan API v2 (Client 1112620458)
2026-06-10 23:00,2026-06-10,23,Cotton,50954.99,51255.2,300.2,0.5892,5.49,5356,80792,51000,14.53,15.03,0.9083,INR/bale,Dhan API v2 (Client 1112620458)
2026-06-11 09:00,2026-06-11,9,Cotton,51017.92,51308.51,290.6,0.5696,-9.6,5512,79771,51000,14.06,14.56,0.9143,INR/bale,Dhan API v2 (Client 1112620458)
2026-06-11 10:00,2026-06-11,10,Cotton,50867.44,51001.67,134.22,0.2639,-156.38,6368,78856,51000,14.53,15.03,0.9197,INR/bale,Dhan API v2 (Client 1112620458)
2026-06-11 11:00,2026-06-11,11,Cotton,50695.15,50982.96,287.8,0.5677,153.58,3961,78542,50500,14.52,15.02,0.8964,INR/bale,Dhan API v2 (Client 1112620458)
2026-06-11 12:00,2026-06-11,12,Cotton,50635.98,50941.44,305.46,0.6032,17.66,4939,80860,50500,14.41,14.91,0.927,INR/bale,Dhan API v2 (Client 1112620458)
2026-06-11 13:00,2026-06-11,13,Cotton,50544.04,50733.76,189.72,0.3753,-115.74,2546,79659,50500,14.52,15.02,0.8848,INR/bale,Dhan API v2 (Client 1112620458)
2026-06-11 14:00,2026-06-11,14,Cotton,50624.7,50736.87,112.17,0.2216,-77.55,6486,77857,50500,14.38,14.88,0.9054,INR/bale,Dhan API v2 (Client 1112620458)
2026-06-11 15:00,2026-06-11,15,Cotton,50929.32,51291.16,361.84,0.7105,249.67,4476,79456,51000,14.61,15.11,0.9218,INR/bale,Dhan API v2 (Client 1112620458)
2026-06-11 16:00,2026-06-11,16,Cotton,50841.26,51043.71,202.45,0.3982,-159.39,12375,79516,51000,14.99,15.49,0.9157,INR/bale,Dhan API v2 (Client 1112620458)
2026-06-11 17:00,2026-06-11,17,Cotton,50708.38,50903.15,194.78,0.3841,-7.67,2083,80511,50500,14.99,15.49,0.939,INR/bale,Dhan API v2 (Client 1112620458)
2026-06-11 18:00,2026-06-11,18,Cotton,50612.15,50850.03,237.88,0.47,43.1,6149,78690,50500,14.29,14.79,0.8874,INR/bale,Dhan API v2 (Client 1112620458)
2026-06-11 19:00,2026-06-11,19,Cotton,50597.38,50775.88,178.5,0.3528,-59.38,10099,78892,50500,14.4,14.9,0.9055,INR/bale,Dhan API v2 (Client 1112620458)
2026-06-11 20:00,2026-06-11,20,Cotton,50606.4,50744.37,137.97,0.2726,-40.53,3890,80590,50500,15.0,15.5,0.92,INR/bale,Dhan API v2 (Client 1112620458)
2026-06-11 21:00,2026-06-11,21,Cotton,50782.14,50972.97,190.83,0.3758,52.86,2562,79821,51000,14.14,14.64,0.9057,INR/bale,Dhan API v2 (Client 1112620458)
2026-06-11 22:00,2026-06-11,22,Cotton,50785.76,50870.49,84.72,0.1668,-106.11,9511,80396,51000,14.4,14.9,0.931,INR/bale,Dhan API v2 (Client 1112620458)
2026-06-11 23:00,2026-06-11,23,Cotton,50770.58,50922.66,152.09,0.2996,67.37,6271,79458,51000,14.93,15.43,0.9064,INR/bale,Dhan API v2 (Client 1112620458)
2026-06-12 09:00,2026-06-12,9,Cotton,50737.75,50829.65,91.89,0.1811,-60.2,2654,79737,50500,13.97,14.47,0.9337,INR/bale,Dhan API v2 (Client 1112620458)
2026-06-12 10:00,2026-06-12,10,Cotton,50681.1,50991.72,310.62,0.6129,218.73,1726,79021,50500,14.18,14.68,0.8992,INR/bale,Dhan API v2 (Client 1112620458)
2026-06-12 11:00,2026-06-12,11,Cotton,50524.86,50626.9,102.04,0.202,-208.58,4175,80893,50500,14.27,14.77,0.9231,INR/bale,Dhan API v2 (Client 1112620458)
2026-06-12 12:00,2026-06-12,12,Cotton,50363.84,50442.13,78.29,0.1554,-23.75,1552,77610,50500,14.81,15.31,0.8622,INR/bale,Dhan API v2 (Client 1112620458)
2026-06-12 13:00,2026-06-12,13,Cotton,50307.67,50653.92,346.24,0.6883,267.95,5848,79094,50500,14.22,14.72,0.9764,INR/bale,Dhan API v2 (Client 1112620458)
2026-06-12 14:00,2026-06-12,14,Cotton,50196.42,50351.39,154.97,0.3087,-191.27,6857,79284,50000,14.18,14.68,0.8788,INR/bale,Dhan API v2 (Client 1112620458)
2026-06-12 15:00,2026-06-12,15,Cotton,50165.99,50150.55,-15.44,-0.0308,-170.41,9849,79038,50000,14.62,15.12,0.9197,INR/bale,Dhan API v2 (Client 1112620458)
2026-06-12 16:00,2026-06-12,16,Cotton,50323.16,50448.64,125.49,0.2494,140.93,9339,79905,50500,14.28,14.78,0.9413,INR/bale,Dhan API v2 (Client 1112620458)
2026-06-12 17:00,2026-06-12,17,Cotton,50340.66,50613.15,272.49,0.5413,147.0,13925,79206,50500,14.11,14.61,0.9056,INR/bale,Dhan API v2 (Client 1112620458)
2026-06-12 18:00,2026-06-12,18,Cotton,50325.43,50703.88,378.45,0.752,105.96,4993,78347,50500,14.36,14.86,0.926,INR/bale,Dhan API v2 (Client 1112620458)
2026-06-12 19:00,2026-06-12,19,Cotton,50492.7,50799.41,306.71,0.6074,-71.74,8178,78335,50500,14.14,14.64,0.9015,INR/bale,Dhan API v2 (Client 1112620458)
2026-06-12 20:00,2026-06-12,20,Cotton,50550.36,50728.89,178.53,0.3532,-128.18,13342,81357,50500,15.28,15.78,0.9015,INR/bale,Dhan API v2 (Client 1112620458)
2026-06-12 21:00,2026-06-12,21,Cotton,50827.81,51101.78,273.97,0.539,95.44,8255,80208,51000,14.25,14.75,0.9031,INR/bale,Dhan API v2 (Client 1112620458)
2026-06-12 22:00,2026-06-12,22,Cotton,50980.12,51124.51,144.4,0.2832,-129.57,2968,79754,51000,13.73,14.23,0.9164,INR/bale,Dhan API v2 (Client 1112620458)
2026-06-12 23:00,2026-06-12,23,Cotton,50944.42,51266.05,321.62,0.6313,177.22,8817,78565,51000,14.38,14.88,0.894,INR/bale,Dhan API v2 (Client 1112620458)
2026-06-15 09:00,2026-06-15,9,Cotton,50845.4,50999.56,154.16,0.3032,-167.46,4693,79016,51000,14.55,15.05,0.9221,INR/bale,Dhan API v2 (Client 1112620458)
2026-06-15 10:00,2026-06-15,10,Cotton,50793.75,51061.83,268.08,0.5278,113.92,901,78413,51000,14.31,14.81,0.9727,INR/bale,Dhan API v2 (Client 1112620458)
2026-06-15 11:00,2026-06-15,11,Cotton,51118.02,51379.27,261.25,0.5111,-6.83,522,78489,51000,14.3,14.8,0.8787,INR/bale,Dhan API v2 (Client 1112620458)
2026-06-15 12:00,2026-06-15,12,Cotton,50886.23,50992.15,105.92,0.2081,-155.33,13721,79037,51000,13.89,14.39,0.8862,INR/bale,Dhan API v2 (Client 1112620458)
2026-06-15 13:00,2026-06-15,13,Cotton,50914.79,51210.93,296.14,0.5816,190.22,9583,80401,51000,13.93,14.43,0.9203,INR/bale,Dhan API v2 (Client 1112620458)
2026-06-15 14:00,2026-06-15,14,Cotton,51151.05,51416.53,265.48,0.519,-30.66,3770,78299,51000,14.73,15.23,0.8892,INR/bale,Dhan API v2 (Client 1112620458)
2026-06-15 15:00,2026-06-15,15,Cotton,51179.25,51347.92,168.67,0.3296,-96.81,10868,79640,51000,14.2,14.7,0.9628,INR/bale,Dhan API v2 (Client 1112620458)
2026-06-15 16:00,2026-06-15,16,Cotton,51267.87,51473.57,205.71,0.4012,37.04,9879,78844,51500,14.48,14.98,0.9076,INR/bale,Dhan API v2 (Client 1112620458)
2026-06-15 17:00,2026-06-15,17,Cotton,51387.5,51656.78,269.29,0.524,63.58,9222,79663,51500,14.29,14.79,0.948,INR/bale,Dhan API v2 (Client 1112620458)
2026-06-15 18:00,2026-06-15,18,Cotton,51630.84,51967.62,336.77,0.6523,67.48,13076,79540,51500,14.6,15.1,0.9183,INR/bale,Dhan API v2 (Client 1112620458)
2026-06-15 19:00,2026-06-15,19,Cotton,51750.85,51948.11,197.26,0.3812,-139.51,11182,79364,52000,14.98,15.48,0.9143,INR/bale,Dhan API v2 (Client 1112620458)
2026-06-15 20:00,2026-06-15,20,Cotton,51905.06,52104.39,199.33,0.384,2.07,4021,79307,52000,14.06,14.56,0.9271,INR/bale,Dhan API v2 (Client 1112620458)
2026-06-15 21:00,2026-06-15,21,Cotton,51918.97,52102.55,183.58,0.3536,-15.75,10122,79786,52000,13.58,14.08,0.9561,INR/bale,Dhan API v2 (Client 1112620458)
2026-06-15 22:00,2026-06-15,22,Cotton,51997.16,52215.44,218.28,0.4198,34.7,7836,81099,52000,14.48,14.98,0.9574,INR/bale,Dhan API v2 (Client 1112620458)
2026-06-15 23:00,2026-06-15,23,Cotton,51717.55,51912.72,195.17,0.3774,-23.11,1002,78766,51500,14.18,14.68,0.932,INR/bale,Dhan API v2 (Client 1112620458)
2026-06-16 09:00,2026-06-16,9,Cotton,51489.08,51591.81,102.73,0.1995,-92.44,12088,79824,51500,14.08,14.58,0.8952,INR/bale,Dhan API v2 (Client 1112620458)
2026-06-16 10:00,2026-06-16,10,Cotton,51626.64,51687.99,61.35,0.1188,-41.38,11077,79767,51500,14.25,14.75,0.9147,INR/bale,Dhan API v2 (Client 1112620458)
2026-06-16 11:00,2026-06-16,11,Cotton,51761.51,52035.14,273.63,0.5286,212.28,12113,79597,52000,13.97,14.47,0.9027,INR/bale,Dhan API v2 (Client 1112620458)
2026-06-16 12:00,2026-06-16,12,Cotton,51777.53,51881.44,103.91,0.2007,-169.72,3880,79119,52000,14.79,15.29,0.937,INR/bale,Dhan API v2 (Client 1112620458)
2026-06-16 13:00,2026-06-16,13,Cotton,51652.61,51852.78,200.17,0.3875,96.26,14726,79006,51500,14.29,14.79,0.9225,INR/bale,Dhan API v2 (Client 1112620458)
2026-06-16 14:00,2026-06-16,14,Cotton,51633.11,51876.53,243.42,0.4714,43.25,13693,79177,51500,14.21,14.71,0.9176,INR/bale,Dhan API v2 (Client 1112620458)
2026-06-16 15:00,2026-06-16,15,Cotton,51586.76,51828.57,241.8,0.4687,-1.62,13300,79304,51500,14.53,15.03,0.9259,INR/bale,Dhan API v2 (Client 1112620458)
2026-06-16 16:00,2026-06-16,16,Cotton,51755.6,51952.08,196.48,0.3796,-45.32,8821,79929,52000,14.51,15.01,0.9322,INR/bale,Dhan API v2 (Client 1112620458)
2026-06-16 17:00,2026-06-16,17,Cotton,51933.94,52148.45,214.51,0.413,18.03,13701,80671,52000,14.51,15.01,0.9318,INR/bale,Dhan API v2 (Client 1112620458)
2026-06-16 18:00,2026-06-16,18,Cotton,52119.32,52194.9,75.58,0.145,-138.93,11536,79275,52000,14.26,14.76,0.9338,INR/bale,Dhan API v2 (Client 1112620458)
2026-06-16 19:00,2026-06-16,19,Cotton,52185.04,52300.19,115.15,0.2207,39.57,13354,80006,52000,14.35,14.85,0.9004,INR/bale,Dhan API v2 (Client 1112620458)
2026-06-16 20:00,2026-06-16,20,Cotton,52138.2,52394.95,256.75,0.4924,141.6,11907,80047,52000,14.62,15.12,0.8849,INR/bale,Dhan API v2 (Client 1112620458)
2026-06-16 21:00,2026-06-16,21,Cotton,52034.4,52304.4,269.99,0.5189,13.24,10285,80708,52000,14.32,14.82,0.9071,INR/bale,Dhan API v2 (Client 1112620458)
2026-06-16 22:00,2026-06-16,22,Cotton,52059.04,52279.93,220.9,0.4243,-49.09,2307,78902,52000,14.25,14.75,0.9141,INR/bale,Dhan API v2 (Client 1112620458)
2026-06-16 23:00,2026-06-16,23,Cotton,52052.81,52310.83,258.03,0.4957,37.13,2537,79199,52000,14.6,15.1,0.9148,INR/bale,Dhan API v2 (Client 1112620458)
2026-06-17 09:00,2026-06-17,9,Cotton,51877.04,51993.15,116.11,0.2238,-141.92,2421,81369,52000,15.17,15.67,0.9047,INR/bale,Dhan API v2 (Client 1112620458)
2026-06-17 10:00,2026-06-17,10,Cotton,51686.49,51708.92,22.44,0.0434,-93.67,13403,80079,51500,14.81,15.31,0.9232,INR/bale,Dhan API v2 (Client 1112620458)
2026-06-17 11:00,2026-06-17,11,Cotton,51722.37,51927.09,204.72,0.3958,182.28,1008,78854,51500,14.46,14.96,0.9286,INR/bale,Dhan API v2 (Client 1112620458)
2026-06-17 12:00,2026-06-17,12,Cotton,51981.96,52058.41,76.45,0.1471,-128.27,6232,79671,52000,13.92,14.42,0.9164,INR/bale,Dhan API v2 (Client 1112620458)
2026-06-17 13:00,2026-06-17,13,Cotton,52174.36,52403.62,229.26,0.4394,152.81,7364,79987,52000,14.26,14.76,0.9321,INR/bale,Dhan API v2 (Client 1112620458)
2026-06-17 14:00,2026-06-17,14,Cotton,52119.31,52315.24,195.94,0.3759,-33.32,3383,78804,52000,14.25,14.75,0.8928,INR/bale,Dhan API v2 (Client 1112620458)
2026-06-17 15:00,2026-06-17,15,Cotton,52184.96,52263.67,78.71,0.1508,-117.23,12711,79896,52000,14.16,14.66,0.9353,INR/bale,Dhan API v2 (Client 1112620458)
2026-06-17 16:00,2026-06-17,16,Cotton,52341.92,52399.82,57.9,0.1106,-20.81,8152,80677,52500,14.78,15.28,0.9094,INR/bale,Dhan API v2 (Client 1112620458)
2026-06-17 17:00,2026-06-17,17,Cotton,52590.09,52837.88,247.8,0.4712,189.9,14369,79238,52500,13.76,14.26,0.9129,INR/bale,Dhan API v2 (Client 1112620458)
2026-06-17 18:00,2026-06-17,18,Cotton,52458.04,52654.77,196.73,0.375,-51.07,5755,80063,52500,14.42,14.92,0.9318,INR/bale,Dhan API v2 (Client 1112620458)
2026-06-17 19:00,2026-06-17,19,Cotton,52209.61,52357.29,147.69,0.2829,-49.04,2225,80134,52000,14.47,14.97,0.8962,INR/bale,Dhan API v2 (Client 1112620458)
2026-06-17 20:00,2026-06-17,20,Cotton,52178.38,52431.19,252.81,0.4845,105.12,8384,78774,52000,14.43,14.93,0.9269,INR/bale,Dhan API v2 (Client 1112620458)
2026-06-17 21:00,2026-06-17,21,Cotton,52075.71,52199.91,124.2,0.2385,-128.61,7578,79920,52000,14.78,15.28,0.9058,INR/bale,Dhan API v2 (Client 1112620458)
2026-06-17 22:00,2026-06-17,22,Cotton,52223.58,52402.59,179.01,0.3428,54.81,13757,79961,52000,15.03,15.53,0.9658,INR/bale,Dhan API v2 (Client 1112620458)
2026-06-17 23:00,2026-06-17,23,Cotton,52386.11,52567.04,180.93,0.3454,1.92,2415,79168,52500,14.69,15.19,0.9177,INR/bale,Dhan API v2 (Client 1112620458)
2026-06-18 09:00,2026-06-18,9,Cotton,52356.77,52442.96,86.19,0.1646,-94.74,12561,78602,52500,14.79,15.29,0.9124,INR/bale,Dhan API v2 (Client 1112620458)
2026-06-18 10:00,2026-06-18,10,Cotton,52438.5,52656.55,218.04,0.4158,131.85,8647,80573,52500,14.67,15.17,0.9112,INR/bale,Dhan API v2 (Client 1112620458)
2026-06-18 11:00,2026-06-18,11,Cotton,52156.46,52498.9,342.44,0.6566,124.4,13375,79104,52000,14.18,14.68,0.9005,INR/bale,Dhan API v2 (Client 1112620458)
2026-06-18 12:00,2026-06-18,12,Cotton,52245.29,52403.57,158.28,0.303,-184.16,13888,78852,52000,14.3,14.8,0.8843,INR/bale,Dhan API v2 (Client 1112620458)
2026-06-18 13:00,2026-06-18,13,Cotton,52144.45,52295.99,151.54,0.2906,-6.74,4900,77499,52000,14.4,14.9,0.8947,INR/bale,Dhan API v2 (Client 1112620458)
2026-06-18 14:00,2026-06-18,14,Cotton,52053.22,52269.93,216.71,0.4163,65.17,1807,80951,52000,14.56,15.06,0.9013,INR/bale,Dhan API v2 (Client 1112620458)
2026-06-18 15:00,2026-06-18,15,Cotton,52054.01,52260.9,206.89,0.3975,-9.82,6179,77955,52000,14.37,14.87,0.8832,INR/bale,Dhan API v2 (Client 1112620458)
2026-06-18 16:00,2026-06-18,16,Cotton,51977.41,52208.08,230.67,0.4438,23.78,1760,78284,52000,14.35,14.85,0.9213,INR/bale,Dhan API v2 (Client 1112620458)
2026-06-18 17:00,2026-06-18,17,Cotton,52114.14,52410.35,296.21,0.5684,65.54,9483,79367,52000,13.92,14.42,0.8856,INR/bale,Dhan API v2 (Client 1112620458)
2026-06-18 18:00,2026-06-18,18,Cotton,52100.55,52073.94,-26.6,-0.0511,-322.81,12329,79684,52000,14.7,15.2,0.8984,INR/bale,Dhan API v2 (Client 1112620458)
2026-06-18 19:00,2026-06-18,19,Cotton,52009.61,52088.58,78.96,0.1518,105.56,5166,78757,52000,14.48,14.98,0.9158,INR/bale,Dhan API v2 (Client 1112620458)
2026-06-18 20:00,2026-06-18,20,Cotton,51871.35,52115.4,244.05,0.4705,165.09,575,78237,52000,14.12,14.62,0.9476,INR/bale,Dhan API v2 (Client 1112620458)
2026-06-18 21:00,2026-06-18,21,Cotton,51980.36,52042.56,62.19,0.1196,-181.86,9025,79410,52000,13.86,14.36,0.9082,INR/bale,Dhan API v2 (Client 1112620458)
2026-06-18 22:00,2026-06-18,22,Cotton,51905.14,52174.74,269.6,0.5194,207.41,6375,78750,52000,14.64,15.14,0.9255,INR/bale,Dhan API v2 (Client 1112620458)
2026-06-18 23:00,2026-06-18,23,Cotton,51807.94,52000.01,192.07,0.3707,-77.53,701,80246,52000,14.27,14.77,0.9265,INR/bale,Dhan API v2 (Client 1112620458)
2026-06-19 09:00,2026-06-19,9,Cotton,51833.61,52040.2,206.59,0.3986,14.52,4676,79018,52000,14.64,15.14,0.9109,INR/bale,Dhan API v2 (Client 1112620458)
2026-06-19 10:00,2026-06-19,10,Cotton,51784.0,52020.8,236.8,0.4573,30.21,4715,81176,52000,14.48,14.98,0.9013,INR/bale,Dhan API v2 (Client 1112620458)
2026-06-19 11:00,2026-06-19,11,Cotton,51847.45,51997.41,149.96,0.2892,-86.84,1279,78296,52000,13.95,14.45,0.9237,INR/bale,Dhan API v2 (Client 1112620458)
2026-06-19 12:00,2026-06-19,12,Cotton,51712.02,51908.49,196.47,0.3799,46.51,7118,78563,51500,14.05,14.55,0.9104,INR/bale,Dhan API v2 (Client 1112620458)
2026-06-19 13:00,2026-06-19,13,Cotton,51702.04,51761.4,59.36,0.1148,-137.11,7460,80334,51500,14.29,14.79,0.9084,INR/bale,Dhan API v2 (Client 1112620458)
2026-06-19 14:00,2026-06-19,14,Cotton,51527.5,51809.09,281.59,0.5465,222.23,11868,78661,51500,14.27,14.77,0.9146,INR/bale,Dhan API v2 (Client 1112620458)
2026-06-19 15:00,2026-06-19,15,Cotton,51361.56,51417.15,55.59,0.1082,-226.0,4462,78504,51500,14.78,15.28,0.9046,INR/bale,Dhan API v2 (Client 1112620458)
2026-06-19 16:00,2026-06-19,16,Cotton,51389.38,51628.36,238.98,0.465,183.39,10534,79885,51500,14.03,14.53,0.9054,INR/bale,Dhan API v2 (Client 1112620458)
2026-06-19 17:00,2026-06-19,17,Cotton,51500.87,51724.81,223.94,0.4348,-15.04,5163,79526,51500,14.95,15.45,0.9341,INR/bale,Dhan API v2 (Client 1112620458)
2026-06-19 18:00,2026-06-19,18,Cotton,51488.72,51671.72,183.0,0.3554,-40.94,13218,79930,51500,14.33,14.83,0.9257,INR/bale,Dhan API v2 (Client 1112620458)
2026-06-19 19:00,2026-06-19,19,Cotton,51247.83,51321.55,73.72,0.1439,-109.28,6724,80278,51000,14.03,14.53,0.9175,INR/bale,Dhan API v2 (Client 1112620458)
2026-06-19 20:00,2026-06-19,20,Cotton,51397.95,51538.18,140.24,0.2728,66.52,10936,79748,51500,14.85,15.35,0.9077,INR/bale,Dhan API v2 (Client 1112620458)
2026-06-19 21:00,2026-06-19,21,Cotton,51250.5,51379.83,129.33,0.2524,-10.91,14518,78947,51500,14.46,14.96,0.911,INR/bale,Dhan API v2 (Client 1112620458)
2026-06-19 22:00,2026-06-19,22,Cotton,51210.4,51287.53,77.13,0.1506,-52.2,3874,80323,51000,13.76,14.26,0.9073,INR/bale,Dhan API v2 (Client 1112620458)
2026-06-19 23:00,2026-06-19,23,Cotton,51133.36,51347.48,214.11,0.4187,136.98,10258,80449,51000,14.13,14.63,0.9183,INR/bale,Dhan API v2 (Client 1112620458)
2026-06-22 09:00,2026-06-22,9,Cotton,50862.07,50979.46,117.39,0.2308,-96.72,8728,79176,51000,14.51,15.01,0.9503,INR/bale,Dhan API v2 (Client 1112620458)
2026-06-22 10:00,2026-06-22,10,Cotton,51049.14,51148.2,99.06,0.194,-18.33,8568,80099,51000,14.23,14.73,0.9376,INR/bale,Dhan API v2 (Client 1112620458)
2026-06-22 11:00,2026-06-22,11,Cotton,50948.97,51104.13,155.16,0.3045,56.1,4607,77296,51000,14.21,14.71,0.9027,INR/bale,Dhan API v2 (Client 1112620458)
2026-06-22 12:00,2026-06-22,12,Cotton,51187.2,51399.53,212.33,0.4148,57.17,12307,79995,51000,14.24,14.74,0.8686,INR/bale,Dhan API v2 (Client 1112620458)
2026-06-22 13:00,2026-06-22,13,Cotton,51358.83,51515.12,156.29,0.3043,-56.04,4488,79794,51500,14.11,14.61,0.9089,INR/bale,Dhan API v2 (Client 1112620458)
2026-06-22 14:00,2026-06-22,14,Cotton,51397.17,51524.69,127.52,0.2481,-28.77,4093,80343,51500,14.07,14.57,0.9586,INR/bale,Dhan API v2 (Client 1112620458)
2026-06-22 15:00,2026-06-22,15,Cotton,51508.16,51534.26,26.09,0.0507,-101.43,2362,80178,51500,14.17,14.67,0.9046,INR/bale,Dhan API v2 (Client 1112620458)
2026-06-22 16:00,2026-06-22,16,Cotton,51212.35,51425.58,213.24,0.4164,187.15,13726,79312,51000,13.84,14.34,0.9084,INR/bale,Dhan API v2 (Client 1112620458)
2026-06-22 17:00,2026-06-22,17,Cotton,51333.53,51543.06,209.52,0.4082,-3.72,10402,78457,51500,14.33,14.83,0.908,INR/bale,Dhan API v2 (Client 1112620458)
2026-06-22 18:00,2026-06-22,18,Cotton,51492.3,51642.42,150.12,0.2915,-59.4,2797,80600,51500,14.6,15.1,0.9445,INR/bale,Dhan API v2 (Client 1112620458)
2026-06-22 19:00,2026-06-22,19,Cotton,51370.73,51460.09,89.36,0.174,-60.76,10213,79214,51500,14.72,15.22,0.9046,INR/bale,Dhan API v2 (Client 1112620458)
2026-06-22 20:00,2026-06-22,20,Cotton,51394.19,51595.21,201.02,0.3911,111.66,5434,78590,51500,14.17,14.67,0.9184,INR/bale,Dhan API v2 (Client 1112620458)
2026-06-22 21:00,2026-06-22,21,Cotton,51343.06,51557.07,214.01,0.4168,12.99,9612,79234,51500,14.07,14.57,0.9089,INR/bale,Dhan API v2 (Client 1112620458)
2026-06-22 22:00,2026-06-22,22,Cotton,51429.33,51674.22,244.88,0.4762,30.87,10706,79380,51500,14.37,14.87,0.9333,INR/bale,Dhan API v2 (Client 1112620458)
2026-06-22 23:00,2026-06-22,23,Cotton,51213.76,51483.04,269.28,0.5258,24.4,11630,81568,51000,14.65,15.15,0.9116,INR/bale,Dhan API v2 (Client 1112620458)
2026-06-23 09:00,2026-06-23,9,Cotton,51492.99,51773.52,280.53,0.5448,11.25,12388,78990,51500,13.71,14.21,0.9304,INR/bale,Dhan API v2 (Client 1112620458)
2026-06-23 10:00,2026-06-23,10,Cotton,51368.95,51596.06,227.12,0.4421,-53.41,12737,78858,51500,14.48,14.98,0.905,INR/bale,Dhan API v2 (Client 1112620458)
2026-06-23 11:00,2026-06-23,11,Cotton,51483.33,51735.89,252.57,0.4906,25.45,2420,79056,51500,14.41,14.91,0.9169,INR/bale,Dhan API v2 (Client 1112620458)
2026-06-23 12:00,2026-06-23,12,Cotton,51487.88,51587.74,99.86,0.1939,-152.71,9451,79309,51500,14.28,14.78,0.9337,INR/bale,Dhan API v2 (Client 1112620458)
2026-06-23 13:00,2026-06-23,13,Cotton,51320.73,51427.54,106.81,0.2081,6.95,1048,79055,51500,14.26,14.76,0.9302,INR/bale,Dhan API v2 (Client 1112620458)
2026-06-23 14:00,2026-06-23,14,Cotton,51049.65,51257.73,208.07,0.4076,101.26,14641,79677,51000,14.71,15.21,0.9395,INR/bale,Dhan API v2 (Client 1112620458)
2026-06-23 15:00,2026-06-23,15,Cotton,51055.26,51115.87,60.61,0.1187,-147.46,5336,78533,51000,14.07,14.57,0.9439,INR/bale,Dhan API v2 (Client 1112620458)
2026-06-23 16:00,2026-06-23,16,Cotton,50816.01,50958.99,142.98,0.2814,82.37,13352,79345,51000,13.99,14.49,0.9144,INR/bale,Dhan API v2 (Client 1112620458)
2026-06-23 17:00,2026-06-23,17,Cotton,50671.76,50815.17,143.41,0.283,0.43,9392,79789,50500,14.45,14.95,0.9483,INR/bale,Dhan API v2 (Client 1112620458)
2026-06-23 18:00,2026-06-23,18,Cotton,50841.49,51030.2,188.71,0.3712,45.3,7609,78790,51000,14.57,15.07,0.915,INR/bale,Dhan API v2 (Client 1112620458)
2026-06-23 19:00,2026-06-23,19,Cotton,51081.29,51190.63,109.34,0.214,-79.37,3285,80603,51000,14.44,14.94,0.9246,INR/bale,Dhan API v2 (Client 1112620458)
2026-06-23 20:00,2026-06-23,20,Cotton,51344.62,51469.48,124.86,0.2432,15.52,13941,79428,51500,14.63,15.13,0.9533,INR/bale,Dhan API v2 (Client 1112620458)
2026-06-23 21:00,2026-06-23,21,Cotton,51377.94,51559.88,181.93,0.3541,57.07,7162,79763,51500,14.11,14.61,0.935,INR/bale,Dhan API v2 (Client 1112620458)
2026-06-23 22:00,2026-06-23,22,Cotton,51235.87,51305.7,69.83,0.1363,-112.1,5010,80460,51000,14.5,15.0,0.9148,INR/bale,Dhan API v2 (Client 1112620458)
2026-06-23 23:00,2026-06-23,23,Cotton,51325.6,51556.36,230.75,0.4496,160.92,6954,78696,51500,14.12,14.62,0.9177,INR/bale,Dhan API v2 (Client 1112620458)
2026-06-24 09:00,2026-06-24,9,Cotton,51394.61,51389.72,-4.88,-0.0095,-235.63,8067,79720,51500,14.64,15.14,0.9333,INR/bale,Dhan API v2 (Client 1112620458)
2026-06-24 10:00,2026-06-24,10,Cotton,51390.14,51442.34,52.2,0.1016,57.08,14175,78364,51500,14.11,14.61,0.9332,INR/bale,Dhan API v2 (Client 1112620458)
2026-06-24 11:00,2026-06-24,11,Cotton,51393.0,51665.82,272.81,0.5308,220.61,5333,78430,51500,14.71,15.21,0.9193,INR/bale,Dhan API v2 (Client 1112620458)
2026-06-24 12:00,2026-06-24,12,Cotton,51307.83,51489.87,182.03,0.3548,-90.78,11947,80996,51500,14.73,15.23,0.9268,INR/bale,Dhan API v2 (Client 1112620458)
2026-06-24 13:00,2026-06-24,13,Cotton,51391.57,51455.26,63.68,0.1239,-118.35,3820,79380,51500,14.38,14.88,0.9113,INR/bale,Dhan API v2 (Client 1112620458)
2026-06-24 14:00,2026-06-24,14,Cotton,51475.86,51570.28,94.42,0.1834,30.74,9859,79533,51500,14.88,15.38,0.9143,INR/bale,Dhan API v2 (Client 1112620458)
2026-06-24 15:00,2026-06-24,15,Cotton,51294.36,51539.23,244.87,0.4774,150.45,9348,79687,51500,14.19,14.69,0.9015,INR/bale,Dhan API v2 (Client 1112620458)
2026-06-24 16:00,2026-06-24,16,Cotton,51340.94,51570.17,229.23,0.4465,-15.64,12445,78931,51500,14.46,14.96,0.9086,INR/bale,Dhan API v2 (Client 1112620458)
2026-06-24 17:00,2026-06-24,17,Cotton,51365.29,51516.45,151.15,0.2943,-78.08,10008,78724,51500,15.05,15.55,0.8793,INR/bale,Dhan API v2 (Client 1112620458)
2026-06-24 18:00,2026-06-24,18,Cotton,51390.78,51373.45,-17.33,-0.0337,-168.48,10371,78380,51500,14.5,15.0,0.9488,INR/bale,Dhan API v2 (Client 1112620458)
2026-06-24 19:00,2026-06-24,19,Cotton,51269.59,51449.45,179.87,0.3508,197.2,7734,78991,51500,14.63,15.13,0.9556,INR/bale,Dhan API v2 (Client 1112620458)
2026-06-24 20:00,2026-06-24,20,Cotton,51513.27,51663.35,150.08,0.2913,-29.79,8643,80156,51500,14.68,15.18,0.8966,INR/bale,Dhan API v2 (Client 1112620458)
2026-06-24 21:00,2026-06-24,21,Cotton,51322.9,51399.08,76.18,0.1484,-73.9,11013,79049,51500,14.35,14.85,0.9333,INR/bale,Dhan API v2 (Client 1112620458)
2026-06-24 22:00,2026-06-24,22,Cotton,51219.16,51280.51,61.35,0.1198,-14.83,11819,79340,51000,13.94,14.44,0.8924,INR/bale,Dhan API v2 (Client 1112620458)
2026-06-24 23:00,2026-06-24,23,Cotton,51358.2,51491.94,133.74,0.2604,72.39,7642,79211,51500,14.31,14.81,0.9275,INR/bale,Dhan API v2 (Client 1112620458)
2026-06-25 09:00,2026-06-25,9,Cotton,51251.46,51328.66,77.2,0.1506,-56.54,8472,79430,51500,14.58,15.08,0.8995,INR/bale,Dhan API v2 (Client 1112620458)
2026-06-25 10:00,2026-06-25,10,Cotton,51348.9,51414.46,65.56,0.1277,-11.64,6167,78882,51500,14.85,15.35,0.8658,INR/bale,Dhan API v2 (Client 1112620458)
2026-06-25 11:00,2026-06-25,11,Cotton,51178.78,51297.31,118.53,0.2316,52.97,11813,80481,51000,14.75,15.25,0.9337,INR/bale,Dhan API v2 (Client 1112620458)
2026-06-25 12:00,2026-06-25,12,Cotton,51277.4,51536.03,258.62,0.5044,140.09,4832,78883,51500,14.96,15.46,0.885,INR/bale,Dhan API v2 (Client 1112620458)
2026-06-25 13:00,2026-06-25,13,Cotton,51347.63,51516.01,168.38,0.3279,-90.24,3083,78895,51500,14.51,15.01,0.9115,INR/bale,Dhan API v2 (Client 1112620458)
2026-06-25 14:00,2026-06-25,14,Cotton,51310.4,51521.2,210.8,0.4108,42.42,7348,79268,51500,14.69,15.19,0.903,INR/bale,Dhan API v2 (Client 1112620458)
2026-06-25 15:00,2026-06-25,15,Cotton,51098.41,51185.88,87.47,0.1712,-123.33,13344,80500,51000,14.84,15.34,0.9143,INR/bale,Dhan API v2 (Client 1112620458)
2026-06-25 16:00,2026-06-25,16,Cotton,51446.76,51464.16,17.4,0.0338,-70.07,8384,79206,51500,14.66,15.16,0.9202,INR/bale,Dhan API v2 (Client 1112620458)
2026-06-25 17:00,2026-06-25,17,Cotton,51411.96,51484.26,72.3,0.1406,54.9,6530,78900,51500,14.73,15.23,0.9203,INR/bale,Dhan API v2 (Client 1112620458)
2026-06-25 18:00,2026-06-25,18,Cotton,51587.11,51709.65,122.55,0.2375,50.25,1287,80020,51500,14.42,14.92,0.9384,INR/bale,Dhan API v2 (Client 1112620458)
2026-06-25 19:00,2026-06-25,19,Cotton,51379.24,51439.3,60.06,0.1169,-62.49,8545,81386,51500,14.13,14.63,0.9467,INR/bale,Dhan API v2 (Client 1112620458)
2026-06-25 20:00,2026-06-25,20,Cotton,51589.02,51677.31,88.29,0.1711,28.23,12301,80163,51500,14.25,14.75,0.9136,INR/bale,Dhan API v2 (Client 1112620458)
2026-06-25 21:00,2026-06-25,21,Cotton,51501.02,51650.36,149.35,0.29,61.06,1022,80012,51500,14.61,15.11,0.9197,INR/bale,Dhan API v2 (Client 1112620458)
2026-06-25 22:00,2026-06-25,22,Cotton,51592.08,51747.69,155.6,0.3016,6.25,13817,80612,51500,14.48,14.98,0.8895,INR/bale,Dhan API v2 (Client 1112620458)
2026-06-25 23:00,2026-06-25,23,Cotton,51429.48,51486.02,56.54,0.1099,-99.06,1636,79082,51500,14.47,14.97,0.9421,INR/bale,Dhan API v2 (Client 1112620458)
2026-06-26 09:00,2026-06-26,9,Cotton,51206.59,51255.83,49.24,0.0962,-7.3,14933,80143,51000,14.38,14.88,0.9209,INR/bale,Dhan API v2 (Client 1112620458)
2026-06-26 10:00,2026-06-26,10,Cotton,51514.78,51610.47,95.69,0.1857,46.45,507,80862,51500,14.36,14.86,0.928,INR/bale,Dhan API v2 (Client 1112620458)
2026-06-26 11:00,2026-06-26,11,Cotton,51502.05,51692.48,190.44,0.3698,94.75,9192,79705,51500,14.79,15.29,0.9381,INR/bale,Dhan API v2 (Client 1112620458)
2026-06-26 12:00,2026-06-26,12,Cotton,51412.21,51613.76,201.55,0.392,11.11,7843,80489,51500,14.37,14.87,0.9621,INR/bale,Dhan API v2 (Client 1112620458)
2026-06-26 13:00,2026-06-26,13,Cotton,51545.58,51547.01,1.43,0.0028,-200.12,8612,79162,51500,14.0,14.5,0.9376,INR/bale,Dhan API v2 (Client 1112620458)
2026-06-26 14:00,2026-06-26,14,Cotton,51447.07,51709.65,262.58,0.5104,261.15,7976,80196,51500,14.69,15.19,0.9211,INR/bale,Dhan API v2 (Client 1112620458)
2026-06-26 15:00,2026-06-26,15,Cotton,51343.02,51346.89,3.87,0.0075,-258.71,2829,81143,51500,14.14,14.64,0.9548,INR/bale,Dhan API v2 (Client 1112620458)
2026-06-26 16:00,2026-06-26,16,Cotton,51306.84,51397.03,90.19,0.1758,86.32,2864,79598,51500,14.63,15.13,0.8743,INR/bale,Dhan API v2 (Client 1112620458)
2026-06-26 17:00,2026-06-26,17,Cotton,51085.76,51132.82,47.05,0.0921,-43.14,8509,79541,51000,14.09,14.59,0.9226,INR/bale,Dhan API v2 (Client 1112620458)
2026-06-26 18:00,2026-06-26,18,Cotton,51108.71,51160.36,51.66,0.1011,4.61,11304,79404,51000,14.58,15.08,0.9337,INR/bale,Dhan API v2 (Client 1112620458)
2026-06-26 19:00,2026-06-26,19,Cotton,51264.09,51566.89,302.79,0.5907,251.13,4004,80454,51500,14.46,14.96,0.9234,INR/bale,Dhan API v2 (Client 1112620458)
2026-06-26 20:00,2026-06-26,20,Cotton,50964.05,51087.32,123.27,0.2419,-179.52,10325,80252,51000,14.22,14.72,0.896,INR/bale,Dhan API v2 (Client 1112620458)
2026-06-26 21:00,2026-06-26,21,Cotton,51007.56,51179.03,171.47,0.3362,48.2,14902,79238,51000,14.26,14.76,0.9578,INR/bale,Dhan API v2 (Client 1112620458)
2026-06-26 22:00,2026-06-26,22,Cotton,51007.46,50800.23,-207.22,-0.4063,-378.69,924,81749,51000,13.99,14.49,0.9147,INR/bale,Dhan API v2 (Client 1112620458)
2026-06-26 23:00,2026-06-26,23,Cotton,50973.87,51012.39,38.52,0.0756,245.74,2794,81244,51000,14.6,15.1,0.9332,INR/bale,Dhan API v2 (Client 1112620458)
2026-06-29 09:00,2026-06-29,9,Cotton,50941.29,50995.17,53.88,0.1058,15.36,3665,79918,51000,13.93,14.43,0.8977,INR/bale,Dhan API v2 (Client 1112620458)
2026-06-29 10:00,2026-06-29,10,Cotton,50705.38,50702.1,-3.28,-0.0065,-57.16,644,78077,50500,14.35,14.85,0.8875,INR/bale,Dhan API v2 (Client 1112620458)
2026-06-29 11:00,2026-06-29,11,Cotton,50680.3,50925.71,245.41,0.4842,248.69,11955,79322,50500,14.52,15.02,0.9191,INR/bale,Dhan API v2 (Client 1112620458)
2026-06-29 12:00,2026-06-29,12,Cotton,50700.77,50866.26,165.49,0.3264,-79.92,13061,81375,50500,14.58,15.08,0.9005,INR/bale,Dhan API v2 (Client 1112620458)
2026-06-29 13:00,2026-06-29,13,Cotton,50988.13,51124.68,136.55,0.2678,-28.94,10838,80091,51000,14.73,15.23,0.9056,INR/bale,Dhan API v2 (Client 1112620458)
2026-06-29 14:00,2026-06-29,14,Cotton,51058.06,51189.92,131.86,0.2583,-4.69,12594,78950,51000,14.4,14.9,0.9039,INR/bale,Dhan API v2 (Client 1112620458)
2026-06-29 15:00,2026-06-29,15,Cotton,51047.36,51174.19,126.83,0.2485,-5.03,7746,79249,51000,14.25,14.75,0.9037,INR/bale,Dhan API v2 (Client 1112620458)
2026-06-29 16:00,2026-06-29,16,Cotton,50826.07,51097.96,271.89,0.5349,145.06,9609,79874,51000,14.48,14.98,0.9003,INR/bale,Dhan API v2 (Client 1112620458)
2026-06-29 17:00,2026-06-29,17,Cotton,51101.07,51036.63,-64.44,-0.1261,-336.33,4298,78568,51000,14.34,14.84,0.8935,INR/bale,Dhan API v2 (Client 1112620458)
2026-06-29 18:00,2026-06-29,18,Cotton,51119.85,51191.52,71.68,0.1402,136.12,3098,80288,51000,14.35,14.85,0.9338,INR/bale,Dhan API v2 (Client 1112620458)
2026-06-29 19:00,2026-06-29,19,Cotton,51176.43,51235.02,58.59,0.1145,-13.09,4146,79379,51000,14.24,14.74,0.9057,INR/bale,Dhan API v2 (Client 1112620458)
2026-06-29 20:00,2026-06-29,20,Cotton,50989.63,51102.69,113.06,0.2217,54.47,8036,78094,51000,13.95,14.45,0.897,INR/bale,Dhan API v2 (Client 1112620458)
2026-06-29 21:00,2026-06-29,21,Cotton,50920.13,51052.88,132.74,0.2607,19.68,6073,80346,51000,14.97,15.47,0.8696,INR/bale,Dhan API v2 (Client 1112620458)
2026-06-29 22:00,2026-06-29,22,Cotton,50991.78,51306.8,315.01,0.6178,182.27,2263,78365,51000,14.73,15.23,0.9225,INR/bale,Dhan API v2 (Client 1112620458)
2026-06-29 23:00,2026-06-29,23,Cotton,51070.92,51141.86,70.94,0.1389,-244.07,11019,79034,51000,14.27,14.77,0.9158,INR/bale,Dhan API v2 (Client 1112620458)
2026-06-30 09:00,2026-06-30,9,Cotton,50922.53,51000.13,77.61,0.1524,6.67,13278,79524,51000,14.19,14.69,0.9286,INR/bale,Dhan API v2 (Client 1112620458)
2026-06-30 10:00,2026-06-30,10,Cotton,50889.6,50970.91,81.31,0.1598,3.7,14055,80840,51000,14.38,14.88,0.9523,INR/bale,Dhan API v2 (Client 1112620458)
2026-06-30 11:00,2026-06-30,11,Cotton,50904.76,50884.05,-20.7,-0.0407,-102.01,1559,81018,51000,14.02,14.52,0.9235,INR/bale,Dhan API v2 (Client 1112620458)
2026-06-30 12:00,2026-06-30,12,Cotton,50994.11,51125.53,131.42,0.2577,152.12,13685,81005,51000,13.82,14.32,0.9123,INR/bale,Dhan API v2 (Client 1112620458)
2026-06-30 13:00,2026-06-30,13,Cotton,50909.37,51081.35,171.98,0.3378,40.56,5812,80155,51000,14.06,14.56,0.9126,INR/bale,Dhan API v2 (Client 1112620458)
2026-06-30 14:00,2026-06-30,14,Cotton,50963.8,51045.23,81.43,0.1598,-90.55,12004,78804,51000,14.27,14.77,0.8696,INR/bale,Dhan API v2 (Client 1112620458)
2026-06-30 15:00,2026-06-30,15,Cotton,51116.87,51306.92,190.05,0.3718,108.62,10003,80335,51000,14.3,14.8,0.9018,INR/bale,Dhan API v2 (Client 1112620458)
2026-06-30 16:00,2026-06-30,16,Cotton,51096.51,51253.32,156.81,0.3069,-33.24,4943,80641,51000,14.79,15.29,0.9016,INR/bale,Dhan API v2 (Client 1112620458)
2026-06-30 17:00,2026-06-30,17,Cotton,51236.22,51547.52,311.31,0.6076,154.5,4794,79068,51000,13.82,14.32,0.9279,INR/bale,Dhan API v2 (Client 1112620458)
2026-06-30 18:00,2026-06-30,18,Cotton,51478.63,51492.3,13.67,0.0266,-297.64,8127,80307,51500,14.0,14.5,0.8998,INR/bale,Dhan API v2 (Client 1112620458)
2026-06-30 19:00,2026-06-30,19,Cotton,51552.35,51535.62,-16.73,-0.0324,-30.4,11941,77707,51500,14.63,15.13,0.8968,INR/bale,Dhan API v2 (Client 1112620458)
2026-06-30 20:00,2026-06-30,20,Cotton,51616.7,51540.31,-76.39,-0.148,-59.66,3062,79035,51500,15.28,15.78,0.9182,INR/bale,Dhan API v2 (Client 1112620458)
2026-06-30 21:00,2026-06-30,21,Cotton,51387.08,51592.23,205.14,0.3992,281.53,8859,80132,51500,14.51,15.01,0.9328,INR/bale,Dhan API v2 (Client 1112620458)
2026-06-30 22:00,2026-06-30,22,Cotton,51501.42,51714.37,212.95,0.4135,7.81,12398,80552,51500,14.86,15.36,0.9212,INR/bale,Dhan API v2 (Client 1112620458)
2026-06-30 23:00,2026-06-30,23,Cotton,51390.44,51438.97,48.53,0.0944,-164.42,11966,79502,51500,14.23,14.73,0.9454,INR/bale,Dhan API v2 (Client 1112620458)
2026-07-01 09:00,2026-07-01,9,Cotton,51383.9,51580.45,196.56,0.3825,148.03,5107,79238,51500,14.39,14.89,0.9258,INR/bale,Dhan API v2 (Client 1112620458)
2026-07-01 10:00,2026-07-01,10,Cotton,51597.83,51655.61,57.78,0.112,-138.78,13447,78562,51500,14.16,14.66,0.8888,INR/bale,Dhan API v2 (Client 1112620458)
2026-07-01 11:00,2026-07-01,11,Cotton,51548.5,51646.14,97.64,0.1894,39.86,13602,79004,51500,14.2,14.7,0.952,INR/bale,Dhan API v2 (Client 1112620458)
2026-07-01 12:00,2026-07-01,12,Cotton,51639.15,51843.17,204.02,0.3951,106.38,7266,78884,51500,14.8,15.3,0.9206,INR/bale,Dhan API v2 (Client 1112620458)
2026-07-01 13:00,2026-07-01,13,Cotton,51366.33,51437.42,71.09,0.1384,-132.93,6799,79337,51500,15.23,15.73,0.9036,INR/bale,Dhan API v2 (Client 1112620458)
2026-07-01 14:00,2026-07-01,14,Cotton,51551.78,51570.55,18.77,0.0364,-52.32,12317,80290,51500,14.7,15.2,0.9471,INR/bale,Dhan API v2 (Client 1112620458)
2026-07-01 15:00,2026-07-01,15,Cotton,51649.93,51679.88,29.95,0.058,11.18,14825,79415,51500,14.52,15.02,0.9094,INR/bale,Dhan API v2 (Client 1112620458)
2026-07-01 16:00,2026-07-01,16,Cotton,51416.39,51472.78,56.39,0.1097,26.44,14758,80751,51500,14.43,14.93,0.896,INR/bale,Dhan API v2 (Client 1112620458)
2026-07-01 17:00,2026-07-01,17,Cotton,51189.3,51129.48,-59.82,-0.1169,-116.21,5534,80697,51000,14.82,15.32,0.9012,INR/bale,Dhan API v2 (Client 1112620458)
2026-07-01 18:00,2026-07-01,18,Cotton,51274.75,51343.98,69.23,0.135,129.05,12630,77775,51500,14.1,14.6,0.9357,INR/bale,Dhan API v2 (Client 1112620458)
2026-07-01 19:00,2026-07-01,19,Cotton,51353.88,51424.04,70.16,0.1366,0.93,9799,79272,51500,14.58,15.08,0.932,INR/bale,Dhan API v2 (Client 1112620458)
2026-07-01 20:00,2026-07-01,20,Cotton,51097.99,51257.48,159.49,0.3121,89.33,5315,79062,51000,14.3,14.8,0.9057,INR/bale,Dhan API v2 (Client 1112620458)
2026-07-01 21:00,2026-07-01,21,Cotton,50978.57,51028.33,49.77,0.0976,-109.72,6109,78861,51000,14.63,15.13,0.9128,INR/bale,Dhan API v2 (Client 1112620458)
2026-07-01 22:00,2026-07-01,22,Cotton,50988.6,51137.53,148.93,0.2921,99.16,6512,78312,51000,14.49,14.99,0.9128,INR/bale,Dhan API v2 (Client 1112620458)
2026-07-01 23:00,2026-07-01,23,Cotton,50788.91,50836.78,47.88,0.0943,-101.05,1069,79730,51000,14.33,14.83,0.9121,INR/bale,Dhan API v2 (Client 1112620458)
2026-07-02 09:00,2026-07-02,9,Cotton,50761.26,50870.97,109.71,0.2161,61.83,6636,80780,51000,14.61,15.11,0.8868,INR/bale,Dhan API v2 (Client 1112620458)
2026-07-02 10:00,2026-07-02,10,Cotton,50799.06,50859.4,60.34,0.1188,-49.37,5955,79679,51000,14.35,14.85,0.9142,INR/bale,Dhan API v2 (Client 1112620458)
2026-07-02 11:00,2026-07-02,11,Cotton,50751.33,50908.33,157.0,0.3094,96.66,3819,80387,51000,14.42,14.92,0.9201,INR/bale,Dhan API v2 (Client 1112620458)
2026-07-02 12:00,2026-07-02,12,Cotton,50552.81,50650.87,98.06,0.194,-58.94,14868,81412,50500,14.34,14.84,0.9518,INR/bale,Dhan API v2 (Client 1112620458)
2026-07-02 13:00,2026-07-02,13,Cotton,50684.47,50718.42,33.95,0.067,-64.11,2207,78854,50500,14.73,15.23,0.936,INR/bale,Dhan API v2 (Client 1112620458)
2026-07-02 14:00,2026-07-02,14,Cotton,50592.24,50562.92,-29.32,-0.058,-63.27,3900,79648,50500,14.42,14.92,0.9187,INR/bale,Dhan API v2 (Client 1112620458)
2026-07-02 15:00,2026-07-02,15,Cotton,50539.87,50750.18,210.31,0.4161,239.63,3291,81050,50500,14.85,15.35,0.8971,INR/bale,Dhan API v2 (Client 1112620458)
2026-07-02 16:00,2026-07-02,16,Cotton,50710.05,50778.5,68.46,0.135,-141.85,13362,80482,50500,14.16,14.66,0.8832,INR/bale,Dhan API v2 (Client 1112620458)
2026-07-02 17:00,2026-07-02,17,Cotton,50816.84,50888.12,71.28,0.1403,2.82,7456,79650,51000,14.32,14.82,0.9105,INR/bale,Dhan API v2 (Client 1112620458)
2026-07-02 18:00,2026-07-02,18,Cotton,50950.9,51083.97,133.06,0.2612,61.78,7187,78420,51000,14.15,14.65,0.9112,INR/bale,Dhan API v2 (Client 1112620458)
2026-07-02 19:00,2026-07-02,19,Cotton,51017.38,51017.35,-0.02,-0.0,-133.08,1661,79585,51000,14.13,14.63,0.9016,INR/bale,Dhan API v2 (Client 1112620458)
2026-07-02 20:00,2026-07-02,20,Cotton,50784.02,50794.36,10.34,0.0204,10.36,9812,80332,51000,14.43,14.93,0.9183,INR/bale,Dhan API v2 (Client 1112620458)
2026-07-02 21:00,2026-07-02,21,Cotton,50639.25,50855.92,216.67,0.4279,206.33,8920,79769,50500,14.34,14.84,0.916,INR/bale,Dhan API v2 (Client 1112620458)
2026-07-02 22:00,2026-07-02,22,Cotton,50695.21,50867.65,172.44,0.3402,-44.23,6509,78467,50500,14.4,14.9,0.9112,INR/bale,Dhan API v2 (Client 1112620458)
2026-07-02 23:00,2026-07-02,23,Cotton,50676.8,50628.96,-47.83,-0.0944,-220.27,4402,80423,50500,14.56,15.06,0.9277,INR/bale,Dhan API v2 (Client 1112620458)
2026-07-03 09:00,2026-07-03,9,Cotton,50799.35,50858.87,59.52,0.1172,107.35,9832,79150,51000,14.34,14.84,0.9366,INR/bale,Dhan API v2 (Client 1112620458)
2026-07-03 10:00,2026-07-03,10,Cotton,50845.86,51128.3,282.44,0.5555,222.92,8972,78508,51000,14.82,15.32,0.901,INR/bale,Dhan API v2 (Client 1112620458)
2026-07-03 11:00,2026-07-03,11,Cotton,50704.66,50785.82,81.16,0.1601,-201.28,14468,78370,50500,14.33,14.83,0.9282,INR/bale,Dhan API v2 (Client 1112620458)
2026-07-03 12:00,2026-07-03,12,Cotton,50641.04,50765.18,124.14,0.2451,42.98,7370,79141,50500,13.98,14.48,0.9588,INR/bale,Dhan API v2 (Client 1112620458)
2026-07-03 13:00,2026-07-03,13,Cotton,50675.05,50727.26,52.21,0.103,-71.93,11812,80314,50500,14.15,14.65,0.9411,INR/bale,Dhan API v2 (Client 1112620458)
2026-07-03 14:00,2026-07-03,14,Cotton,50879.25,50978.78,99.53,0.1956,47.32,12099,80756,51000,14.56,15.06,0.8762,INR/bale,Dhan API v2 (Client 1112620458)
2026-07-03 15:00,2026-07-03,15,Cotton,50851.0,50831.43,-19.58,-0.0385,-119.11,8103,80311,51000,14.72,15.22,0.8872,INR/bale,Dhan API v2 (Client 1112620458)
2026-07-03 16:00,2026-07-03,16,Cotton,50818.17,50882.9,64.73,0.1274,84.31,2703,80976,51000,14.2,14.7,0.9329,INR/bale,Dhan API v2 (Client 1112620458)
2026-07-03 17:00,2026-07-03,17,Cotton,50826.18,50900.46,74.28,0.1461,9.55,9625,78791,51000,14.1,14.6,0.878,INR/bale,Dhan API v2 (Client 1112620458)
2026-07-03 18:00,2026-07-03,18,Cotton,50770.63,50802.76,32.13,0.0633,-42.15,5040,78364,51000,14.13,14.63,0.9131,INR/bale,Dhan API v2 (Client 1112620458)
2026-07-03 19:00,2026-07-03,19,Cotton,50890.82,50912.45,21.63,0.0425,-10.5,8439,78509,51000,14.13,14.63,0.9042,INR/bale,Dhan API v2 (Client 1112620458)
2026-07-03 20:00,2026-07-03,20,Cotton,50822.13,51002.81,180.68,0.3555,159.05,11218,79581,51000,14.56,15.06,0.9377,INR/bale,Dhan API v2 (Client 1112620458)
2026-07-03 21:00,2026-07-03,21,Cotton,50532.36,50660.31,127.96,0.2532,-52.72,7896,80206,50500,14.48,14.98,0.9136,INR/bale,Dhan API v2 (Client 1112620458)
2026-07-03 22:00,2026-07-03,22,Cotton,50659.82,50691.92,32.1,0.0634,-95.86,11178,79582,50500,14.69,15.19,0.9276,INR/bale,Dhan API v2 (Client 1112620458)
2026-07-03 23:00,2026-07-03,23,Cotton,50674.61,50625.18,-49.43,-0.0976,-81.53,3176,79042,50500,14.32,14.82,0.91,INR/bale,Dhan API v2 (Client 1112620458)
2026-07-06 09:00,2026-07-06,9,Cotton,50902.45,51124.94,222.49,0.4371,271.92,709,80001,51000,14.28,14.78,0.9066,INR/bale,Dhan API v2 (Client 1112620458)
2026-07-06 10:00,2026-07-06,10,Cotton,51081.1,51036.52,-44.57,-0.0873,-267.06,6911,78054,51000,14.59,15.09,0.9355,INR/bale,Dhan API v2 (Client 1112620458)
2026-07-06 11:00,2026-07-06,11,Cotton,51130.11,51268.1,138.0,0.2699,182.57,10730,78195,51000,14.34,14.84,0.9003,INR/bale,Dhan API v2 (Client 1112620458)
2026-07-06 12:00,2026-07-06,12,Cotton,51247.11,51425.43,178.32,0.348,40.32,1973,79404,51000,14.4,14.9,0.9033,INR/bale,Dhan API v2 (Client 1112620458)
2026-07-06 13:00,2026-07-06,13,Cotton,51230.92,51234.15,3.23,0.0063,-175.09,1494,80035,51000,14.25,14.75,0.895,INR/bale,Dhan API v2 (Client 1112620458)
2026-07-06 14:00,2026-07-06,14,Cotton,51026.55,51096.02,69.47,0.1361,66.24,13539,79192,51000,14.8,15.3,0.9015,INR/bale,Dhan API v2 (Client 1112620458)
2026-07-06 15:00,2026-07-06,15,Cotton,50701.76,50734.41,32.66,0.0644,-36.81,8427,79614,50500,14.55,15.05,0.9059,INR/bale,Dhan API v2 (Client 1112620458)
2026-07-06 16:00,2026-07-06,16,Cotton,50741.06,50762.41,21.35,0.0421,-11.31,9025,79146,50500,14.51,15.01,0.8716,INR/bale,Dhan API v2 (Client 1112620458)
2026-07-06 17:00,2026-07-06,17,Cotton,50931.28,50902.17,-29.11,-0.0572,-50.46,8480,79327,51000,13.94,14.44,0.9423,INR/bale,Dhan API v2 (Client 1112620458)
2026-07-06 18:00,2026-07-06,18,Cotton,50662.69,50807.41,144.72,0.2856,173.83,3408,80034,50500,14.67,15.17,0.9289,INR/bale,Dhan API v2 (Client 1112620458)
2026-07-06 19:00,2026-07-06,19,Cotton,50613.63,50644.83,31.2,0.0617,-113.52,11662,79464,50500,14.32,14.82,0.8996,INR/bale,Dhan API v2 (Client 1112620458)
2026-07-06 20:00,2026-07-06,20,Cotton,50843.99,50817.43,-26.56,-0.0522,-57.76,11136,78690,51000,14.27,14.77,0.9726,INR/bale,Dhan API v2 (Client 1112620458)
2026-07-06 21:00,2026-07-06,21,Cotton,50806.75,50844.33,37.57,0.074,64.13,11136,79164,51000,14.86,15.36,0.9039,INR/bale,Dhan API v2 (Client 1112620458)
2026-07-06 22:00,2026-07-06,22,Cotton,51011.12,51128.01,116.89,0.2291,79.32,5836,81597,51000,14.83,15.33,0.9218,INR/bale,Dhan API v2 (Client 1112620458)
2026-07-06 23:00,2026-07-06,23,Cotton,50983.0,51152.97,169.97,0.3334,53.08,9723,78856,51000,15.06,15.56,0.8935,INR/bale,Dhan API v2 (Client 1112620458)
2026-07-07 09:00,2026-07-07,9,Cotton,50950.32,51066.39,116.07,0.2278,-53.9,4819,80042,51000,14.64,15.14,0.9213,INR/bale,Dhan API v2 (Client 1112620458)
2026-07-07 10:00,2026-07-07,10,Cotton,51029.01,50999.73,-29.28,-0.0574,-145.35,11502,79485,51000,14.27,14.77,0.9291,INR/bale,Dhan API v2 (Client 1112620458)
2026-07-07 11:00,2026-07-07,11,Cotton,50955.04,51052.68,97.63,0.1916,126.91,8951,78961,51000,14.14,14.64,0.9238,INR/bale,Dhan API v2 (Client 1112620458)
2026-07-07 12:00,2026-07-07,12,Cotton,50809.58,50914.35,104.76,0.2062,7.13,8903,79147,51000,15.07,15.57,0.9375,INR/bale,Dhan API v2 (Client 1112620458)
2026-07-07 13:00,2026-07-07,13,Cotton,50862.22,50889.98,27.76,0.0546,-77.0,13589,81039,51000,14.55,15.05,0.9294,INR/bale,Dhan API v2 (Client 1112620458)
2026-07-07 14:00,2026-07-07,14,Cotton,50560.11,50568.87,8.76,0.0173,-19.0,12582,79286,50500,14.22,14.72,0.9287,INR/bale,Dhan API v2 (Client 1112620458)
2026-07-07 15:00,2026-07-07,15,Cotton,50389.94,50396.22,6.29,0.0125,-2.47,11659,81182,50500,14.27,14.77,0.9494,INR/bale,Dhan API v2 (Client 1112620458)
2026-07-07 16:00,2026-07-07,16,Cotton,50214.07,50182.28,-31.79,-0.0633,-38.08,7220,80983,50000,14.81,15.31,0.9276,INR/bale,Dhan API v2 (Client 1112620458)
2026-07-07 17:00,2026-07-07,17,Cotton,50103.81,50166.35,62.55,0.1248,94.34,1520,79153,50000,14.77,15.27,0.9543,INR/bale,Dhan API v2 (Client 1112620458)
2026-07-07 18:00,2026-07-07,18,Cotton,50352.66,50479.57,126.9,0.252,64.35,7800,79019,50500,14.12,14.62,0.9404,INR/bale,Dhan API v2 (Client 1112620458)
2026-07-07 19:00,2026-07-07,19,Cotton,50453.16,50503.08,49.92,0.0989,-76.98,5798,79483,50500,14.37,14.87,0.9431,INR/bale,Dhan API v2 (Client 1112620458)
2026-07-07 20:00,2026-07-07,20,Cotton,50473.1,50475.47,2.37,0.0047,-47.55,9640,80953,50500,13.95,14.45,0.9285,INR/bale,Dhan API v2 (Client 1112620458)
2026-07-07 21:00,2026-07-07,21,Cotton,50431.04,50510.2,79.16,0.157,76.79,13233,78932,50500,14.9,15.4,0.9123,INR/bale,Dhan API v2 (Client 1112620458)
2026-07-07 22:00,2026-07-07,22,Cotton,50482.62,50454.6,-28.02,-0.0555,-107.18,5664,81823,50500,14.51,15.01,0.9233,INR/bale,Dhan API v2 (Client 1112620458)
2026-07-07 23:00,2026-07-07,23,Cotton,50380.01,50282.29,-97.72,-0.194,-69.7,14933,79183,50500,14.32,14.82,0.9348,INR/bale,Dhan API v2 (Client 1112620458)
2026-07-08 09:00,2026-07-08,9,Cotton,50572.96,50560.58,-12.38,-0.0245,85.34,8982,78542,50500,14.19,14.69,0.9242,INR/bale,Dhan API v2 (Client 1112620458)
2026-07-08 10:00,2026-07-08,10,Cotton,50623.97,50637.47,13.5,0.0267,25.88,6935,79670,50500,14.37,14.87,0.9274,INR/bale,Dhan API v2 (Client 1112620458)
2026-07-08 11:00,2026-07-08,11,Cotton,50751.13,50794.49,43.36,0.0854,29.86,5956,80043,51000,14.64,15.14,0.9114,INR/bale,Dhan API v2 (Client 1112620458)
2026-07-08 12:00,2026-07-08,12,Cotton,50931.5,50983.99,52.49,0.1031,9.13,2277,78989,51000,14.23,14.73,0.9126,INR/bale,Dhan API v2 (Client 1112620458)
2026-07-08 13:00,2026-07-08,13,Cotton,51035.95,51140.02,104.07,0.2039,51.58,9169,79326,51000,14.37,14.87,0.9294,INR/bale,Dhan API v2 (Client 1112620458)
2026-07-08 14:00,2026-07-08,14,Cotton,50948.68,50871.34,-77.33,-0.1518,-181.4,4116,79920,51000,14.95,15.45,0.9307,INR/bale,Dhan API v2 (Client 1112620458)
2026-07-08 15:00,2026-07-08,15,Cotton,50847.29,50937.18,89.89,0.1768,167.22,12509,78731,51000,13.81,14.31,0.8693,INR/bale,Dhan API v2 (Client 1112620458)
2026-07-08 16:00,2026-07-08,16,Cotton,50813.4,50792.26,-21.14,-0.0416,-111.03,5587,78511,51000,14.25,14.75,0.9481,INR/bale,Dhan API v2 (Client 1112620458)
2026-07-08 17:00,2026-07-08,17,Cotton,51069.85,51031.82,-38.02,-0.0745,-16.88,13787,78717,51000,14.28,14.78,0.9444,INR/bale,Dhan API v2 (Client 1112620458)
2026-07-08 18:00,2026-07-08,18,Cotton,51098.4,51082.95,-15.45,-0.0302,22.57,10049,81225,51000,14.3,14.8,0.9425,INR/bale,Dhan API v2 (Client 1112620458)
2026-07-08 19:00,2026-07-08,19,Cotton,51303.94,51251.96,-51.98,-0.1013,-36.53,5188,82049,51500,14.05,14.55,0.9133,INR/bale,Dhan API v2 (Client 1112620458)
2026-07-08 20:00,2026-07-08,20,Cotton,51203.49,51120.61,-82.88,-0.1619,-30.9,1804,80539,51000,15.0,15.5,0.8993,INR/bale,Dhan API v2 (Client 1112620458)
2026-07-08 21:00,2026-07-08,21,Cotton,51252.21,51342.02,89.81,0.1752,172.69,4436,80957,51500,14.73,15.23,0.9065,INR/bale,Dhan API v2 (Client 1112620458)
2026-07-08 22:00,2026-07-08,22,Cotton,51168.89,51170.31,1.42,0.0028,-88.39,9819,77755,51000,14.44,14.94,0.9425,INR/bale,Dhan API v2 (Client 1112620458)
2026-07-08 23:00,2026-07-08,23,Cotton,50996.78,51087.86,91.08,0.1786,89.66,8300,80054,51000,14.46,14.96,0.9305,INR/bale,Dhan API v2 (Client 1112620458)
2026-07-09 09:00,2026-07-09,9,Cotton,50859.39,50935.99,76.6,0.1506,-14.48,6512,80034,51000,14.2,14.7,0.9151,INR/bale,Dhan API v2 (Client 1112620458)
2026-07-09 10:00,2026-07-09,10,Cotton,50808.34,51033.22,224.88,0.4426,148.28,2210,79945,51000,14.96,15.46,0.9166,INR/bale,Dhan API v2 (Client 1112620458)
2026-07-09 11:00,2026-07-09,11,Cotton,51026.74,50992.26,-34.47,-0.0676,-259.35,11823,78976,51000,14.36,14.86,0.9031,INR/bale,Dhan API v2 (Client 1112620458)
2026-07-09 12:00,2026-07-09,12,Cotton,50981.35,51016.11,34.75,0.0682,69.22,13922,79508,51000,13.96,14.46,0.9029,INR/bale,Dhan API v2 (Client 1112620458)
2026-07-09 13:00,2026-07-09,13,Cotton,51015.26,51168.94,153.68,0.3013,118.93,6108,80932,51000,14.09,14.59,0.9371,INR/bale,Dhan API v2 (Client 1112620458)
2026-07-09 14:00,2026-07-09,14,Cotton,50830.63,50898.45,67.82,0.1334,-85.86,5483,79180,51000,14.47,14.97,0.8513,INR/bale,Dhan API v2 (Client 1112620458)
2026-07-09 15:00,2026-07-09,15,Cotton,50887.17,50867.67,-19.51,-0.0383,-87.33,5071,79952,51000,14.54,15.04,0.9639,INR/bale,Dhan API v2 (Client 1112620458)
2026-07-09 16:00,2026-07-09,16,Cotton,50943.23,50902.83,-40.41,-0.0793,-20.9,12926,81311,51000,15.06,15.56,0.9198,INR/bale,Dhan API v2 (Client 1112620458)
2026-07-09 17:00,2026-07-09,17,Cotton,50763.37,50658.6,-104.77,-0.2064,-64.36,4465,80226,51000,14.37,14.87,0.8919,INR/bale,Dhan API v2 (Client 1112620458)
2026-07-09 18:00,2026-07-09,18,Cotton,50762.2,50897.07,134.87,0.2657,239.64,9977,79377,51000,14.56,15.06,0.9078,INR/bale,Dhan API v2 (Client 1112620458)
2026-07-09 19:00,2026-07-09,19,Cotton,50358.23,50341.83,-16.4,-0.0326,-151.27,4778,79964,50500,14.79,15.29,0.9109,INR/bale,Dhan API v2 (Client 1112620458)
2026-07-09 20:00,2026-07-09,20,Cotton,50435.7,50489.21,53.51,0.1061,69.91,5497,80713,50500,14.44,14.94,0.8888,INR/bale,Dhan API v2 (Client 1112620458)
2026-07-09 21:00,2026-07-09,21,Cotton,50254.61,50196.27,-58.34,-0.1161,-111.85,11359,79084,50500,14.37,14.87,0.909,INR/bale,Dhan API v2 (Client 1112620458)
2026-07-09 22:00,2026-07-09,22,Cotton,50218.56,50244.06,25.5,0.0508,83.84,13127,79455,50000,14.1,14.6,0.9214,INR/bale,Dhan API v2 (Client 1112620458)
2026-07-09 23:00,2026-07-09,23,Cotton,50150.55,50122.78,-27.77,-0.0554,-53.27,14983,78776,50000,14.17,14.67,0.9322,INR/bale,Dhan API v2 (Client 1112620458)
2026-07-10 09:00,2026-07-10,9,Cotton,50237.06,50162.55,-74.51,-0.1483,-46.74,7181,79016,50000,14.21,14.71,0.8608,INR/bale,Dhan API v2 (Client 1112620458)
2026-07-10 10:00,2026-07-10,10,Cotton,50047.58,50073.61,26.03,0.052,100.54,958,79644,50000,14.01,14.51,0.9142,INR/bale,Dhan API v2 (Client 1112620458)
2026-07-10 11:00,2026-07-10,11,Cotton,50144.67,50043.22,-101.45,-0.2023,-127.48,9910,80504,50000,14.49,14.99,0.9029,INR/bale,Dhan API v2 (Client 1112620458)
2026-07-10 12:00,2026-07-10,12,Cotton,50239.03,50138.6,-100.43,-0.1999,1.02,3132,79119,50000,14.4,14.9,0.9151,INR/bale,Dhan API v2 (Client 1112620458)
2026-07-10 13:00,2026-07-10,13,Cotton,50229.44,50288.26,58.82,0.1171,159.25,2873,78325,50000,14.44,14.94,0.9395,INR/bale,Dhan API v2 (Client 1112620458)
2026-07-10 14:00,2026-07-10,14,Cotton,50145.32,50093.69,-51.63,-0.103,-110.45,6957,80389,50000,14.65,15.15,0.8745,INR/bale,Dhan API v2 (Client 1112620458)
2026-07-10 15:00,2026-07-10,15,Cotton,50107.41,50226.11,118.7,0.2369,170.33,6785,79888,50000,14.43,14.93,0.8986,INR/bale,Dhan API v2 (Client 1112620458)
2026-07-10 16:00,2026-07-10,16,Cotton,50000.07,50199.63,199.56,0.3991,80.86,13846,80493,50000,14.64,15.14,0.937,INR/bale,Dhan API v2 (Client 1112620458)
2026-07-10 17:00,2026-07-10,17,Cotton,49780.17,49898.16,118.0,0.237,-81.56,3391,79048,50000,14.27,14.77,0.9186,INR/bale,Dhan API v2 (Client 1112620458)
2026-07-10 18:00,2026-07-10,18,Cotton,49773.93,49983.89,209.96,0.4218,91.96,2216,79757,50000,14.48,14.98,0.9123,INR/bale,Dhan API v2 (Client 1112620458)
2026-07-10 19:00,2026-07-10,19,Cotton,49857.29,49847.84,-9.45,-0.019,-219.41,5489,78907,50000,14.62,15.12,0.9363,INR/bale,Dhan API v2 (Client 1112620458)
2026-07-10 20:00,2026-07-10,20,Cotton,50002.32,50065.27,62.95,0.1259,72.4,13868,78784,50000,14.42,14.92,0.9346,INR/bale,Dhan API v2 (Client 1112620458)
2026-07-10 21:00,2026-07-10,21,Cotton,50089.51,50053.08,-36.43,-0.0727,-99.38,2747,80045,50000,14.85,15.35,0.9463,INR/bale,Dhan API v2 (Client 1112620458)
2026-07-10 22:00,2026-07-10,22,Cotton,49967.38,49969.91,2.54,0.0051,38.97,12085,79247,50000,14.3,14.8,0.9044,INR/bale,Dhan API v2 (Client 1112620458)
2026-07-10 23:00,2026-07-10,23,Cotton,49801.24,49700.29,-100.95,-0.2027,-103.49,10248,80158,50000,14.15,14.65,0.8572,INR/bale,Dhan API v2 (Client 1112620458)
2026-07-13 09:00,2026-07-13,9,Cotton,50002.9,49964.95,-37.95,-0.0759,63.0,9315,81070,50000,14.53,15.03,0.9228,INR/bale,Dhan API v2 (Client 1112620458)
2026-07-13 10:00,2026-07-13,10,Cotton,49857.01,49929.96,72.95,0.1463,110.9,9303,79815,50000,14.5,15.0,0.8995,INR/bale,Dhan API v2 (Client 1112620458)
2026-07-13 11:00,2026-07-13,11,Cotton,49912.69,50029.21,116.52,0.2335,43.57,1633,80058,50000,14.1,14.6,0.9454,INR/bale,Dhan API v2 (Client 1112620458)
2026-07-13 12:00,2026-07-13,12,Cotton,49863.07,49935.37,72.3,0.145,-44.22,5670,79436,50000,14.24,14.74,0.8797,INR/bale,Dhan API v2 (Client 1112620458)
2026-07-13 13:00,2026-07-13,13,Cotton,49788.87,49799.35,10.48,0.0211,-61.82,12439,80471,50000,14.51,15.01,0.9271,INR/bale,Dhan API v2 (Client 1112620458)
2026-07-13 14:00,2026-07-13,14,Cotton,49821.64,49695.7,-125.94,-0.2528,-136.42,5371,78954,50000,14.13,14.63,0.9131,INR/bale,Dhan API v2 (Client 1112620458)
2026-07-13 15:00,2026-07-13,15,Cotton,49913.34,49798.07,-115.27,-0.2309,10.67,3378,79129,50000,14.51,15.01,0.8489,INR/bale,Dhan API v2 (Client 1112620458)
2026-07-13 16:00,2026-07-13,16,Cotton,49795.52,49709.87,-85.66,-0.172,29.61,5899,81122,50000,14.07,14.57,0.919,INR/bale,Dhan API v2 (Client 1112620458)
2026-07-13 17:00,2026-07-13,17,Cotton,49803.03,49848.72,45.68,0.0917,131.34,12687,80105,50000,14.92,15.42,0.8879,INR/bale,Dhan API v2 (Client 1112620458)
2026-07-13 18:00,2026-07-13,18,Cotton,49923.95,49999.5,75.55,0.1513,29.87,7633,80661,50000,14.71,15.21,0.8922,INR/bale,Dhan API v2 (Client 1112620458)
2026-07-13 19:00,2026-07-13,19,Cotton,49884.96,49904.6,19.64,0.0394,-55.91,13116,79288,50000,14.67,15.17,0.9618,INR/bale,Dhan API v2 (Client 1112620458)
2026-07-13 20:00,2026-07-13,20,Cotton,49910.49,49882.46,-28.02,-0.0561,-47.66,7842,79815,50000,14.35,14.85,0.911,INR/bale,Dhan API v2 (Client 1112620458)
2026-07-13 21:00,2026-07-13,21,Cotton,49831.42,49812.7,-18.72,-0.0376,9.3,1153,80949,50000,14.98,15.48,0.9114,INR/bale,Dhan API v2 (Client 1112620458)
2026-07-13 22:00,2026-07-13,22,Cotton,49679.79,49574.6,-105.19,-0.2117,-86.47,2512,79100,49500,14.5,15.0,0.8985,INR/bale,Dhan API v2 (Client 1112620458)
2026-07-13 23:00,2026-07-13,23,Cotton,49439.33,49347.81,-91.52,-0.1851,13.67,10330,78751,49500,14.77,15.27,0.9002,INR/bale,Dhan API v2 (Client 1112620458)
2026-07-14 09:00,2026-07-14,9,Cotton,49525.73,49607.6,81.88,0.1653,173.4,7085,80298,49500,14.49,14.99,0.9268,INR/bale,Dhan API v2 (Client 1112620458)
2026-07-14 10:00,2026-07-14,10,Cotton,49436.73,49610.11,173.38,0.3507,91.5,10308,81056,49500,14.51,15.01,0.9012,INR/bale,Dhan API v2 (Client 1112620458)
2026-07-14 11:00,2026-07-14,11,Cotton,49452.84,49420.97,-31.87,-0.0644,-205.25,10169,80161,49500,14.7,15.2,0.9232,INR/bale,Dhan API v2 (Client 1112620458)
2026-07-14 12:00,2026-07-14,12,Cotton,49457.93,49385.58,-72.35,-0.1463,-40.48,12325,80430,49500,14.0,14.5,0.8984,INR/bale,Dhan API v2 (Client 1112620458)
2026-07-14 13:00,2026-07-14,13,Cotton,49235.46,49300.79,65.33,0.1327,137.68,9200,80088,49000,14.41,14.91,0.8971,INR/bale,Dhan API v2 (Client 1112620458)
2026-07-14 14:00,2026-07-14,14,Cotton,49309.79,49461.25,151.46,0.3072,86.13,1782,80284,49500,14.07,14.57,0.9599,INR/bale,Dhan API v2 (Client 1112620458)
2026-07-14 15:00,2026-07-14,15,Cotton,49263.99,49278.96,14.97,0.0304,-136.49,8623,80925,49500,14.4,14.9,0.9305,INR/bale,Dhan API v2 (Client 1112620458)
2026-07-14 16:00,2026-07-14,16,Cotton,49463.52,49435.04,-28.48,-0.0576,-43.45,14266,78934,49500,14.57,15.07,0.886,INR/bale,Dhan API v2 (Client 1112620458)
2026-07-14 17:00,2026-07-14,17,Cotton,49535.7,49531.5,-4.2,-0.0085,24.28,720,81234,49500,14.16,14.66,0.9232,INR/bale,Dhan API v2 (Client 1112620458)
2026-07-14 18:00,2026-07-14,18,Cotton,49501.48,49536.32,34.84,0.0704,39.04,12242,78178,49500,14.37,14.87,0.9197,INR/bale,Dhan API v2 (Client 1112620458)
2026-07-14 19:00,2026-07-14,19,Cotton,49467.59,49543.95,76.37,0.1544,41.53,10607,80628,49500,14.37,14.87,0.914,INR/bale,Dhan API v2 (Client 1112620458)
2026-07-14 20:00,2026-07-14,20,Cotton,49509.6,49584.41,74.81,0.1511,-1.56,9676,79648,49500,14.34,14.84,0.9254,INR/bale,Dhan API v2 (Client 1112620458)
2026-07-14 21:00,2026-07-14,21,Cotton,49688.52,49839.0,150.48,0.3028,75.67,7478,79498,49500,13.82,14.32,0.899,INR/bale,Dhan API v2 (Client 1112620458)
2026-07-14 22:00,2026-07-14,22,Cotton,49362.53,49385.6,23.06,0.0467,-127.42,4208,81069,49500,14.27,14.77,0.9358,INR/bale,Dhan API v2 (Client 1112620458)
2026-07-14 23:00,2026-07-14,23,Cotton,49095.56,49170.39,74.83,0.1524,51.77,13558,79378,49000,14.19,14.69,0.9482,INR/bale,Dhan API v2 (Client 1112620458)
2026-07-15 09:00,2026-07-15,9,Cotton,48890.6,48862.15,-28.46,-0.0582,-103.29,6151,79015,49000,14.65,15.15,0.9196,INR/bale,Dhan API v2 (Client 1112620458)
2026-07-15 10:00,2026-07-15,10,Cotton,48851.58,48768.81,-82.77,-0.1694,-54.31,8304,79555,49000,14.29,14.79,0.9174,INR/bale,Dhan API v2 (Client 1112620458)
2026-07-15 11:00,2026-07-15,11,Cotton,48704.95,48841.42,136.46,0.2802,219.23,5767,78154,48500,14.27,14.77,0.9054,INR/bale,Dhan API v2 (Client 1112620458)
2026-07-15 12:00,2026-07-15,12,Cotton,48618.18,48616.55,-1.63,-0.0034,-138.09,7434,80312,48500,14.45,14.95,0.9199,INR/bale,Dhan API v2 (Client 1112620458)
2026-07-15 13:00,2026-07-15,13,Cotton,48603.65,48716.68,113.03,0.2326,114.66,13389,79267,48500,14.55,15.05,0.934,INR/bale,Dhan API v2 (Client 1112620458)
2026-07-15 14:00,2026-07-15,14,Cotton,48569.72,48643.96,74.24,0.1529,-38.79,12578,79932,48500,13.83,14.33,0.9145,INR/bale,Dhan API v2 (Client 1112620458)
2026-07-15 15:00,2026-07-15,15,Cotton,48580.84,48477.74,-103.1,-0.2122,-177.34,9101,79698,48500,14.5,15.0,0.9109,INR/bale,Dhan API v2 (Client 1112620458)
2026-07-15 16:00,2026-07-15,16,Cotton,48465.58,48540.38,74.8,0.1543,177.9,4060,79049,48500,14.21,14.71,0.9333,INR/bale,Dhan API v2 (Client 1112620458)
2026-07-15 17:00,2026-07-15,17,Cotton,48517.43,48454.32,-63.11,-0.1301,-137.91,13179,78766,48500,14.91,15.41,0.9021,INR/bale,Dhan API v2 (Client 1112620458)
2026-07-15 18:00,2026-07-15,18,Cotton,48564.15,48667.32,103.17,0.2124,166.28,9204,79969,48500,13.94,14.44,0.9135,INR/bale,Dhan API v2 (Client 1112620458)
2026-07-15 19:00,2026-07-15,19,Cotton,48496.34,48388.02,-108.32,-0.2234,-211.49,11253,78307,48500,14.1,14.6,0.9302,INR/bale,Dhan API v2 (Client 1112620458)
2026-07-15 20:00,2026-07-15,20,Cotton,48678.55,48705.37,26.82,0.0551,135.14,12216,78953,48500,14.55,15.05,0.914,INR/bale,Dhan API v2 (Client 1112620458)
2026-07-15 21:00,2026-07-15,21,Cotton,48763.24,48815.97,52.73,0.1081,25.91,11993,79882,49000,14.6,15.1,0.9613,INR/bale,Dhan API v2 (Client 1112620458)
2026-07-15 22:00,2026-07-15,22,Cotton,48925.6,48888.79,-36.81,-0.0752,-89.54,10401,80785,49000,14.18,14.68,0.8912,INR/bale,Dhan API v2 (Client 1112620458)
2026-07-15 23:00,2026-07-15,23,Cotton,48823.6,48852.4,28.8,0.059,65.61,10779,79601,49000,14.38,14.88,0.9308,INR/bale,Dhan API v2 (Client 1112620458)
2026-07-16 09:00,2026-07-16,9,Cotton,49068.8,49251.62,182.83,0.3726,154.03,9984,79384,49000,14.65,15.15,0.9408,INR/bale,Dhan API v2 (Client 1112620458)
2026-07-16 10:00,2026-07-16,10,Cotton,49134.28,49267.68,133.41,0.2715,-49.42,2755,79759,49000,14.05,14.55,0.9817,INR/bale,Dhan API v2 (Client 1112620458)
2026-07-16 11:00,2026-07-16,11,Cotton,49204.71,49621.51,416.8,0.8471,283.39,7481,79937,49000,14.17,14.67,0.8956,INR/bale,Dhan API v2 (Client 1112620458)
2026-07-16 12:00,2026-07-16,12,Cotton,49150.35,49414.17,263.82,0.5368,-152.98,6243,80160,49000,14.55,15.05,0.8955,INR/bale,Dhan API v2 (Client 1112620458)
2026-07-16 13:00,2026-07-16,13,Cotton,49247.36,49494.9,247.54,0.5026,-16.28,14647,80746,49000,13.58,14.08,0.9093,INR/bale,Dhan API v2 (Client 1112620458)
2026-07-16 14:00,2026-07-16,14,Cotton,49271.05,49651.72,380.68,0.7726,133.14,11236,79286,49500,14.19,14.69,0.9125,INR/bale,Dhan API v2 (Client 1112620458)
2026-07-16 15:00,2026-07-16,15,Cotton,49211.97,49404.32,192.36,0.3909,-188.32,3717,80157,49000,14.48,14.98,0.9246,INR/bale,Dhan API v2 (Client 1112620458)
2026-07-16 16:00,2026-07-16,16,Cotton,49283.39,49484.01,200.62,0.4071,8.26,6341,80153,49500,14.15,14.65,0.8881,INR/bale,Dhan API v2 (Client 1112620458)
2026-07-16 17:00,2026-07-16,17,Cotton,49217.52,49441.83,224.32,0.4558,23.7,12198,77874,49000,14.21,14.71,0.8822,INR/bale,Dhan API v2 (Client 1112620458)
2026-07-16 18:00,2026-07-16,18,Cotton,49263.69,49600.22,336.53,0.6831,112.21,9554,80792,49500,13.8,14.3,0.9285,INR/bale,Dhan API v2 (Client 1112620458)
2026-07-16 19:00,2026-07-16,19,Cotton,49407.37,49662.27,254.9,0.5159,-81.63,4630,80097,49500,14.87,15.37,0.9391,INR/bale,Dhan API v2 (Client 1112620458)
2026-07-16 20:00,2026-07-16,20,Cotton,49472.4,49770.19,297.79,0.6019,42.89,5926,79842,49500,14.48,14.98,0.9416,INR/bale,Dhan API v2 (Client 1112620458)
2026-07-16 21:00,2026-07-16,21,Cotton,49423.97,49724.32,300.35,0.6077,2.56,7552,80416,49500,13.86,14.36,0.9147,INR/bale,Dhan API v2 (Client 1112620458)
2026-07-16 22:00,2026-07-16,22,Cotton,49317.21,49659.71,342.5,0.6945,42.15,508,79594,49500,14.49,14.99,0.9059,INR/bale,Dhan API v2 (Client 1112620458)
2026-07-16 23:00,2026-07-16,23,Cotton,49471.36,49801.94,330.59,0.6682,-11.91,11274,79276,49500,14.21,14.71,0.9445,INR/bale,Dhan API v2 (Client 1112620458)
2026-07-17 09:00,2026-07-17,9,Cotton,49477.07,49696.9,219.83,0.4443,-110.76,13608,79786,49500,14.61,15.11,0.8716,INR/bale,Dhan API v2 (Client 1112620458)
2026-07-17 10:00,2026-07-17,10,Cotton,49583.25,49868.35,285.09,0.575,65.26,950,81088,49500,14.37,14.87,0.9324,INR/bale,Dhan API v2 (Client 1112620458)
2026-07-17 11:00,2026-07-17,11,Cotton,49490.78,49614.46,123.68,0.2499,-161.41,7032,80402,49500,14.52,15.02,0.938,INR/bale,Dhan API v2 (Client 1112620458)
2026-07-17 12:00,2026-07-17,12,Cotton,49413.85,49796.07,382.22,0.7735,258.54,8885,80050,49500,14.25,14.75,0.9193,INR/bale,Dhan API v2 (Client 1112620458)
2026-07-17 13:00,2026-07-17,13,Cotton,49371.63,49583.99,212.36,0.4301,-169.86,10017,80509,49500,14.59,15.09,0.8965,INR/bale,Dhan API v2 (Client 1112620458)
2026-07-17 14:00,2026-07-17,14,Cotton,49511.58,49786.03,274.45,0.5543,62.09,2042,78551,49500,14.45,14.95,0.9111,INR/bale,Dhan API v2 (Client 1112620458)
2026-07-17 15:00,2026-07-17,15,Cotton,49429.16,49649.46,220.31,0.4457,-54.14,14574,80351,49500,14.64,15.14,0.9345,INR/bale,Dhan API v2 (Client 1112620458)
2026-07-17 16:00,2026-07-17,16,Cotton,49494.51,49820.37,325.86,0.6584,105.55,12257,80472,49500,14.89,15.39,0.9197,INR/bale,Dhan API v2 (Client 1112620458)
2026-07-17 17:00,2026-07-17,17,Cotton,49474.57,49762.08,287.51,0.5811,-38.35,14524,80722,49500,14.82,15.32,0.9146,INR/bale,Dhan API v2 (Client 1112620458)
2026-07-17 18:00,2026-07-17,18,Cotton,49528.58,49770.43,241.84,0.4883,-45.67,11013,80943,49500,14.63,15.13,0.9019,INR/bale,Dhan API v2 (Client 1112620458)
2026-07-17 19:00,2026-07-17,19,Cotton,49460.94,49559.87,98.93,0.2,-142.91,12372,79593,49500,14.3,14.8,0.9139,INR/bale,Dhan API v2 (Client 1112620458)
2026-07-17 20:00,2026-07-17,20,Cotton,49518.1,49481.43,-36.67,-0.0741,-135.6,6656,80081,49500,14.97,15.47,0.9117,INR/bale,Dhan API v2 (Client 1112620458)
2026-07-17 21:00,2026-07-17,21,Cotton,49438.26,49658.95,220.69,0.4464,257.36,6813,80584,49500,14.54,15.04,0.9107,INR/bale,Dhan API v2 (Client 1112620458)
2026-07-17 22:00,2026-07-17,22,Cotton,49391.51,49708.75,317.24,0.6423,96.55,10400,79655,49500,14.32,14.82,0.9237,INR/bale,Dhan API v2 (Client 1112620458)
2026-07-17 23:00,2026-07-17,23,Cotton,49469.63,49766.24,296.61,0.5996,-20.63,12891,78924,49500,14.78,15.28,0.9062,INR/bale,Dhan API v2 (Client 1112620458)
2026-07-20 09:00,2026-07-20,9,Cotton,49466.15,49646.29,180.15,0.3642,-116.46,10910,77439,49500,14.71,15.21,0.8811,INR/bale,Dhan API v2 (Client 1112620458)
2026-07-20 10:00,2026-07-20,10,Cotton,49545.86,49744.9,199.03,0.4017,18.88,3888,80596,49500,13.82,14.32,0.9145,INR/bale,Dhan API v2 (Client 1112620458)
2026-07-20 11:00,2026-07-20,11,Cotton,49532.05,49767.84,235.79,0.476,36.76,12646,79062,49500,13.79,14.29,0.9237,INR/bale,Dhan API v2 (Client 1112620458)
2026-07-20 12:00,2026-07-20,12,Cotton,49393.83,49597.56,203.74,0.4125,-32.05,14132,78723,49500,15.24,15.74,0.8651,INR/bale,Dhan API v2 (Client 1112620458)
2026-07-20 13:00,2026-07-20,13,Cotton,49318.98,49564.78,245.8,0.4984,42.06,2701,79121,49500,14.44,14.94,0.932,INR/bale,Dhan API v2 (Client 1112620458)
2026-07-20 14:00,2026-07-20,14,Cotton,49491.45,49687.53,196.08,0.3962,-49.72,12834,79877,49500,14.59,15.09,0.9085,INR/bale,Dhan API v2 (Client 1112620458)
2026-07-20 15:00,2026-07-20,15,Cotton,49564.44,49770.79,206.35,0.4163,10.27,6758,80378,49500,14.09,14.59,0.9107,INR/bale,Dhan API v2 (Client 1112620458)
2026-07-20 16:00,2026-07-20,16,Cotton,49623.81,49846.2,222.39,0.4482,16.04,9273,79539,49500,14.48,14.98,0.9476,INR/bale,Dhan API v2 (Client 1112620458)
2026-07-20 17:00,2026-07-20,17,Cotton,49571.76,49682.3,110.54,0.223,-111.85,3779,80682,49500,14.5,15.0,0.9246,INR/bale,Dhan API v2 (Client 1112620458)
2026-07-20 18:00,2026-07-20,18,Cotton,49464.15,49695.57,231.42,0.4678,120.88,3096,79320,49500,14.05,14.55,0.9006,INR/bale,Dhan API v2 (Client 1112620458)
2026-07-20 19:00,2026-07-20,19,Cotton,49459.24,49784.06,324.82,0.6567,93.4,2806,80582,49500,14.49,14.99,0.9235,INR/bale,Dhan API v2 (Client 1112620458)
2026-07-20 20:00,2026-07-20,20,Cotton,49426.72,49648.64,221.91,0.449,-102.91,2316,78906,49500,14.07,14.57,0.9105,INR/bale,Dhan API v2 (Client 1112620458)
2026-07-20 21:00,2026-07-20,21,Cotton,49184.1,49396.06,211.96,0.431,-9.95,9513,81000,49000,14.22,14.72,0.9075,INR/bale,Dhan API v2 (Client 1112620458)
2026-07-20 22:00,2026-07-20,22,Cotton,48983.09,49225.84,242.75,0.4956,30.79,4113,79562,49000,14.48,14.98,0.9291,INR/bale,Dhan API v2 (Client 1112620458)
2026-07-20 23:00,2026-07-20,23,Cotton,49028.68,49286.36,257.68,0.5256,14.93,14183,80228,49000,14.42,14.92,0.9378,INR/bale,Dhan API v2 (Client 1112620458)
2026-07-21 09:00,2026-07-21,9,Cotton,48992.97,49374.67,381.7,0.7791,124.02,2177,77965,49000,14.51,15.01,0.9369,INR/bale,Dhan API v2 (Client 1112620458)
2026-07-21 10:00,2026-07-21,10,Cotton,48820.86,49011.06,190.2,0.3896,-191.5,5796,78657,49000,14.21,14.71,0.9206,INR/bale,Dhan API v2 (Client 1112620458)
2026-07-21 11:00,2026-07-21,11,Cotton,48742.52,49045.97,303.45,0.6226,113.25,8706,80027,48500,14.49,14.99,0.9376,INR/bale,Dhan API v2 (Client 1112620458)
2026-07-21 12:00,2026-07-21,12,Cotton,48881.97,49024.69,142.72,0.292,-160.73,5377,77874,49000,14.48,14.98,0.8962,INR/bale,Dhan API v2 (Client 1112620458)
2026-07-21 13:00,2026-07-21,13,Cotton,48908.75,49124.03,215.27,0.4402,72.55,10953,79797,49000,14.23,14.73,0.9157,INR/bale,Dhan API v2 (Client 1112620458)
2026-07-21 14:00,2026-07-21,14,Cotton,49116.39,49276.85,160.46,0.3267,-54.81,8859,79348,49000,14.05,14.55,0.8718,INR/bale,Dhan API v2 (Client 1112620458)
2026-07-21 15:00,2026-07-21,15,Cotton,48864.86,49123.76,258.89,0.5298,98.43,8789,79486,49000,14.28,14.78,0.9045,INR/bale,Dhan API v2 (Client 1112620458)
2026-07-21 16:00,2026-07-21,16,Cotton,49059.43,49165.21,105.78,0.2156,-153.11,3743,79824,49000,14.58,15.08,0.9095,INR/bale,Dhan API v2 (Client 1112620458)
2026-07-21 17:00,2026-07-21,17,Cotton,49149.62,49505.28,355.65,0.7236,249.87,2640,79614,49000,14.8,15.3,0.9261,INR/bale,Dhan API v2 (Client 1112620458)
2026-07-21 18:00,2026-07-21,18,Cotton,49180.3,49465.32,285.01,0.5795,-70.64,3459,80735,49000,14.36,14.86,0.9108,INR/bale,Dhan API v2 (Client 1112620458)
2026-07-21 19:00,2026-07-21,19,Cotton,49250.48,49492.81,242.33,0.492,-42.68,7647,80797,49500,14.31,14.81,0.9087,INR/bale,Dhan API v2 (Client 1112620458)
2026-07-21 20:00,2026-07-21,20,Cotton,49408.46,49642.29,233.84,0.4733,-8.49,7686,81742,49500,14.11,14.61,0.9335,INR/bale,Dhan API v2 (Client 1112620458)
2026-07-21 21:00,2026-07-21,21,Cotton,49361.72,49544.26,182.54,0.3698,-51.3,14115,80980,49500,14.16,14.66,0.8964,INR/bale,Dhan API v2 (Client 1112620458)
2026-07-21 22:00,2026-07-21,22,Cotton,49333.3,49546.12,212.82,0.4314,30.28,7559,79902,49500,14.57,15.07,0.9024,INR/bale,Dhan API v2 (Client 1112620458)
2026-07-21 23:00,2026-07-21,23,Cotton,49407.76,49577.84,170.07,0.3442,-42.75,3051,79703,49500,13.89,14.39,0.9302,INR/bale,Dhan API v2 (Client 1112620458)
2026-07-22 09:00,2026-07-22,9,Cotton,49477.61,49670.65,193.04,0.3902,22.97,12086,78215,49500,14.44,14.94,0.8871,INR/bale,Dhan API v2 (Client 1112620458)
2026-07-22 10:00,2026-07-22,10,Cotton,49510.5,49789.64,279.14,0.5638,86.1,9376,79909,49500,14.12,14.62,0.9517,INR/bale,Dhan API v2 (Client 1112620458)
2026-07-22 11:00,2026-07-22,11,Cotton,49488.5,49797.76,309.26,0.6249,30.12,8495,80340,49500,14.07,14.57,0.8872,INR/bale,Dhan API v2 (Client 1112620458)
2026-07-22 12:00,2026-07-22,12,Cotton,49599.97,49742.93,142.96,0.2882,-166.3,12235,78812,49500,14.25,14.75,0.908,INR/bale,Dhan API v2 (Client 1112620458)
2026-07-22 13:00,2026-07-22,13,Cotton,49591.83,49817.0,225.18,0.4541,82.22,9011,79753,49500,14.56,15.06,0.9263,INR/bale,Dhan API v2 (Client 1112620458)
2026-07-22 14:00,2026-07-22,14,Cotton,49394.16,49611.5,217.34,0.44,-7.84,5588,80901,49500,14.66,15.16,0.924,INR/bale,Dhan API v2 (Client 1112620458)
2026-07-22 15:00,2026-07-22,15,Cotton,49521.86,49677.01,155.15,0.3133,-62.19,4125,80222,49500,14.42,14.92,0.9182,INR/bale,Dhan API v2 (Client 1112620458)
2026-07-22 16:00,2026-07-22,16,Cotton,49526.45,49691.87,165.42,0.334,10.27,6936,79877,49500,14.38,14.88,0.9293,INR/bale,Dhan API v2 (Client 1112620458)
2026-07-22 17:00,2026-07-22,17,Cotton,49478.33,49545.91,67.57,0.1366,-97.85,6602,79750,49500,14.44,14.94,0.897,INR/bale,Dhan API v2 (Client 1112620458)
2026-07-22 18:00,2026-07-22,18,Cotton,49506.76,49664.23,157.47,0.3181,89.9,12255,79933,49500,14.35,14.85,0.9092,INR/bale,Dhan API v2 (Client 1112620458)
2026-07-22 19:00,2026-07-22,19,Cotton,49717.98,49929.52,211.54,0.4255,54.07,3959,79614,49500,14.37,14.87,0.9215,INR/bale,Dhan API v2 (Client 1112620458)
2026-07-22 20:00,2026-07-22,20,Cotton,49590.54,49817.98,227.44,0.4586,15.9,8080,79704,49500,14.61,15.11,0.9299,INR/bale,Dhan API v2 (Client 1112620458)
2026-07-22 21:00,2026-07-22,21,Cotton,49505.06,49620.09,115.03,0.2324,-112.41,10232,79024,49500,14.37,14.87,0.9183,INR/bale,Dhan API v2 (Client 1112620458)
2026-07-22 22:00,2026-07-22,22,Cotton,49518.0,49649.58,131.58,0.2657,16.55,5705,78834,49500,14.6,15.1,0.9521,INR/bale,Dhan API v2 (Client 1112620458)
2026-07-22 23:00,2026-07-22,23,Cotton,49438.2,49634.23,196.03,0.3965,64.45,13910,79486,49500,14.6,15.1,0.9342,INR/bale,Dhan API v2 (Client 1112620458)
2026-07-23 09:00,2026-07-23,9,Cotton,49512.72,49902.35,389.63,0.7869,193.6,4909,78237,49500,13.96,14.46,0.9301,INR/bale,Dhan API v2 (Client 1112620458)
2026-07-23 10:00,2026-07-23,10,Cotton,49731.67,50001.19,269.52,0.5419,-120.11,2136,78953,49500,13.76,14.26,0.9267,INR/bale,Dhan API v2 (Client 1112620458)
2026-07-23 11:00,2026-07-23,11,Cotton,49886.95,50050.07,163.12,0.327,-106.4,14547,81121,50000,13.63,14.13,0.9099,INR/bale,Dhan API v2 (Client 1112620458)
2026-07-23 12:00,2026-07-23,12,Cotton,50026.34,50193.34,167.0,0.3338,3.88,6000,79017,50000,14.06,14.56,0.8961,INR/bale,Dhan API v2 (Client 1112620458)
2026-07-23 13:00,2026-07-23,13,Cotton,50007.9,50269.34,261.44,0.5228,94.44,4448,79895,50000,14.45,14.95,0.9342,INR/bale,Dhan API v2 (Client 1112620458)
2026-07-23 14:00,2026-07-23,14,Cotton,49900.98,50048.31,147.33,0.2953,-114.11,8655,80181,50000,14.05,14.55,0.9169,INR/bale,Dhan API v2 (Client 1112620458)
2026-07-23 15:00,2026-07-23,15,Cotton,49953.69,50136.05,182.36,0.3651,35.03,4481,79277,50000,14.18,14.68,0.9171,INR/bale,Dhan API v2 (Client 1112620458)
2026-07-23 16:00,2026-07-23,16,Cotton,49937.04,50134.84,197.8,0.3961,15.44,13404,81048,50000,14.55,15.05,0.887,INR/bale,Dhan API v2 (Client 1112620458)
2026-07-23 17:00,2026-07-23,17,Cotton,49551.11,49691.54,140.43,0.2834,-57.37,12127,79738,49500,13.83,14.33,0.9271,INR/bale,Dhan API v2 (Client 1112620458)
2026-07-23 18:00,2026-07-23,18,Cotton,49746.2,49921.78,175.58,0.353,35.15,6810,79180,49500,14.36,14.86,0.9404,INR/bale,Dhan API v2 (Client 1112620458)
2026-07-23 19:00,2026-07-23,19,Cotton,49948.16,50172.91,224.75,0.45,49.17,11301,78239,50000,13.93,14.43,0.8981,INR/bale,Dhan API v2 (Client 1112620458)
2026-07-23 20:00,2026-07-23,20,Cotton,49991.3,50249.74,258.44,0.517,33.69,8373,81765,50000,14.31,14.81,0.8847,INR/bale,Dhan API v2 (Client 1112620458)
2026-07-23 21:00,2026-07-23,21,Cotton,49968.55,50311.9,343.35,0.6871,84.91,2498,78794,50000,14.27,14.77,0.942,INR/bale,Dhan API v2 (Client 1112620458)
2026-07-23 22:00,2026-07-23,22,Cotton,50113.8,50198.36,84.56,0.1687,-258.79,4704,79964,50000,14.55,15.05,0.8903,INR/bale,Dhan API v2 (Client 1112620458)
2026-07-23 23:00,2026-07-23,23,Cotton,50107.1,50419.95,312.85,0.6244,228.29,4617,80193,50000,15.25,15.75,0.9297,INR/bale,Dhan API v2 (Client 1112620458)
2026-07-24 09:00,2026-07-24,9,Cotton,50249.33,50392.76,143.44,0.2855,-169.41,3682,79568,50000,14.72,15.22,0.8921,INR/bale,Dhan API v2 (Client 1112620458)
2026-07-24 10:00,2026-07-24,10,Cotton,50028.17,50217.34,189.17,0.3781,45.73,7742,79317,50000,14.63,15.13,0.9683,INR/bale,Dhan API v2 (Client 1112620458)
2026-07-24 11:00,2026-07-24,11,Cotton,49876.9,50035.07,158.17,0.3171,-31.0,4651,80763,50000,14.16,14.66,0.8953,INR/bale,Dhan API v2 (Client 1112620458)
2026-07-24 12:00,2026-07-24,12,Cotton,49855.29,50104.45,249.16,0.4998,90.99,6855,80217,50000,14.33,14.83,0.9373,INR/bale,Dhan API v2 (Client 1112620458)
2026-07-24 13:00,2026-07-24,13,Cotton,49857.15,49936.02,78.87,0.1582,-170.29,7251,80835,50000,14.42,14.92,0.9193,INR/bale,Dhan API v2 (Client 1112620458)
2026-07-24 14:00,2026-07-24,14,Cotton,49816.57,50093.64,277.07,0.5562,198.2,9870,79640,50000,14.39,14.89,0.9384,INR/bale,Dhan API v2 (Client 1112620458)
2026-07-24 15:00,2026-07-24,15,Cotton,49792.92,49983.2,190.28,0.3821,-86.79,2674,78415,50000,13.84,14.34,0.8937,INR/bale,Dhan API v2 (Client 1112620458)
2026-07-24 16:00,2026-07-24,16,Cotton,49891.44,50066.68,175.25,0.3513,-15.03,3169,79676,50000,14.58,15.08,0.9199,INR/bale,Dhan API v2 (Client 1112620458)
2026-07-24 17:00,2026-07-24,17,Cotton,49794.0,49943.61,149.6,0.3004,-25.65,12753,79981,50000,14.71,15.21,0.9105,INR/bale,Dhan API v2 (Client 1112620458)
2026-07-24 18:00,2026-07-24,18,Cotton,49741.43,49878.42,136.98,0.2754,-12.62,2765,80225,49500,14.45,14.95,0.9118,INR/bale,Dhan API v2 (Client 1112620458)
2026-07-24 19:00,2026-07-24,19,Cotton,49730.68,49842.09,111.42,0.224,-25.56,4458,79109,49500,14.81,15.31,0.9398,INR/bale,Dhan API v2 (Client 1112620458)
2026-07-24 20:00,2026-07-24,20,Cotton,49776.77,49889.99,113.22,0.2275,1.8,6882,79427,50000,14.04,14.54,0.9082,INR/bale,Dhan API v2 (Client 1112620458)
2026-07-24 21:00,2026-07-24,21,Cotton,49599.05,49834.24,235.19,0.4742,121.97,6092,80260,49500,14.14,14.64,0.9378,INR/bale,Dhan API v2 (Client 1112620458)
2026-07-24 22:00,2026-07-24,22,Cotton,49503.58,49643.53,139.95,0.2827,-95.24,11176,79977,49500,13.99,14.49,0.9178,INR/bale,Dhan API v2 (Client 1112620458)
2026-07-24 23:00,2026-07-24,23,Cotton,49454.3,49777.14,322.84,0.6528,182.89,13060,80132,49500,14.23,14.73,0.9396,INR/bale,Dhan API v2 (Client 1112620458)
2026-07-27 09:00,2026-07-27,9,Cotton,49535.84,49748.17,212.33,0.4286,-110.51,9916,79711,49500,13.82,14.32,0.9131,INR/bale,Dhan API v2 (Client 1112620458)
2026-07-27 10:00,2026-07-27,10,Cotton,49451.03,49717.06,266.03,0.538,53.7,8455,78538,49500,14.23,14.73,0.8902,INR/bale,Dhan API v2 (Client 1112620458)
2026-07-27 11:00,2026-07-27,11,Cotton,49637.53,49937.47,299.94,0.6043,33.91,12567,80414,49500,14.82,15.32,0.9419,INR/bale,Dhan API v2 (Client 1112620458)
2026-07-27 12:00,2026-07-27,12,Cotton,49677.88,49933.24,255.36,0.514,-44.58,2740,80071,49500,13.61,14.11,0.9169,INR/bale,Dhan API v2 (Client 1112620458)
2026-07-27 13:00,2026-07-27,13,Cotton,49557.23,49734.93,177.7,0.3586,-77.66,11752,78814,49500,14.32,14.82,0.949,INR/bale,Dhan API v2 (Client 1112620458)
2026-07-27 14:00,2026-07-27,14,Cotton,49715.8,50062.75,346.95,0.6979,169.25,7772,79886,49500,13.68,14.18,0.8904,INR/bale,Dhan API v2 (Client 1112620458)
2026-07-27 15:00,2026-07-27,15,Cotton,49618.64,49753.43,134.79,0.2717,-212.16,10048,80022,49500,14.78,15.28,0.9032,INR/bale,Dhan API v2 (Client 1112620458)
2026-07-27 16:00,2026-07-27,16,Cotton,49466.49,49602.05,135.56,0.274,0.77,13657,79360,49500,14.15,14.65,0.9421,INR/bale,Dhan API v2 (Client 1112620458)
2026-07-27 17:00,2026-07-27,17,Cotton,49583.64,49817.13,233.49,0.4709,97.93,9143,78913,49500,14.62,15.12,0.9414,INR/bale,Dhan API v2 (Client 1112620458)
2026-07-27 18:00,2026-07-27,18,Cotton,49963.44,50172.81,209.37,0.4191,-24.12,8336,79208,50000,14.22,14.72,0.8624,INR/bale,Dhan API v2 (Client 1112620458)
2026-07-27 19:00,2026-07-27,19,Cotton,49941.12,50204.05,262.92,0.5265,53.55,8147,77858,50000,14.57,15.07,0.9088,INR/bale,Dhan API v2 (Client 1112620458)
2026-07-27 20:00,2026-07-27,20,Cotton,49873.82,50001.15,127.33,0.2553,-135.59,4665,78080,50000,14.66,15.16,0.9479,INR/bale,Dhan API v2 (Client 1112620458)
2026-07-27 21:00,2026-07-27,21,Cotton,49671.33,49863.9,192.57,0.3877,65.24,10696,77105,49500,14.74,15.24,0.9276,INR/bale,Dhan API v2 (Client 1112620458)
2026-07-27 22:00,2026-07-27,22,Cotton,49497.07,49775.82,278.75,0.5632,86.18,13631,78748,49500,14.12,14.62,0.9218,INR/bale,Dhan API v2 (Client 1112620458)
2026-07-27 23:00,2026-07-27,23,Cotton,49395.93,49652.63,256.7,0.5197,-22.05,13560,78581,49500,14.28,14.78,0.9201,INR/bale,Dhan API v2 (Client 1112620458)
2026-07-28 09:00,2026-07-28,9,Cotton,49269.63,49469.14,199.52,0.4049,-57.18,2095,78482,49500,14.15,14.65,0.9036,INR/bale,Dhan API v2 (Client 1112620458)
2026-07-28 10:00,2026-07-28,10,Cotton,49131.27,49310.39,179.12,0.3646,-20.4,6189,82128,49000,14.54,15.04,0.9158,INR/bale,Dhan API v2 (Client 1112620458)
2026-07-28 11:00,2026-07-28,11,Cotton,49135.43,49316.26,180.84,0.368,1.72,1121,79163,49000,13.91,14.41,0.8929,INR/bale,Dhan API v2 (Client 1112620458)
2026-07-28 12:00,2026-07-28,12,Cotton,49008.58,49146.6,138.02,0.2816,-42.82,8845,80380,49000,14.15,14.65,0.901,INR/bale,Dhan API v2 (Client 1112620458)
2026-07-28 13:00,2026-07-28,13,Cotton,48751.48,48848.1,96.63,0.1982,-41.39,12694,79396,49000,13.99,14.49,0.9106,INR/bale,Dhan API v2 (Client 1112620458)
2026-07-28 14:00,2026-07-28,14,Cotton,48793.07,49054.68,261.62,0.5362,164.99,3850,80259,49000,14.22,14.72,0.863,INR/bale,Dhan API v2 (Client 1112620458)
2026-07-28 15:00,2026-07-28,15,Cotton,48843.53,48989.38,145.85,0.2986,-115.77,10767,78148,49000,14.34,14.84,0.9278,INR/bale,Dhan API v2 (Client 1112620458)
2026-07-28 16:00,2026-07-28,16,Cotton,48942.92,49158.23,215.32,0.4399,69.47,5477,79436,49000,14.65,15.15,0.9169,INR/bale,Dhan API v2 (Client 1112620458)
2026-07-28 17:00,2026-07-28,17,Cotton,48832.99,49146.8,313.81,0.6426,98.49,3967,79183,49000,14.49,14.99,0.8974,INR/bale,Dhan API v2 (Client 1112620458)
2026-07-28 18:00,2026-07-28,18,Cotton,48790.92,49096.71,305.79,0.6267,-8.02,6757,77994,49000,14.1,14.6,0.8855,INR/bale,Dhan API v2 (Client 1112620458)
2026-07-28 19:00,2026-07-28,19,Cotton,48848.76,48993.75,144.99,0.2968,-160.8,4226,80557,49000,14.08,14.58,0.9249,INR/bale,Dhan API v2 (Client 1112620458)
2026-07-28 20:00,2026-07-28,20,Cotton,49038.66,49173.47,134.82,0.2749,-10.17,14226,80203,49000,14.53,15.03,0.9134,INR/bale,Dhan API v2 (Client 1112620458)
2026-07-28 21:00,2026-07-28,21,Cotton,48852.19,49036.41,184.22,0.3771,49.4,7241,80294,49000,14.52,15.02,0.9306,INR/bale,Dhan API v2 (Client 1112620458)
2026-07-28 22:00,2026-07-28,22,Cotton,48756.85,48872.08,115.24,0.2363,-68.98,7836,79834,49000,14.67,15.17,0.9493,INR/bale,Dhan API v2 (Client 1112620458)
2026-07-28 23:00,2026-07-28,23,Cotton,48555.5,48786.06,230.56,0.4748,115.32,8871,81225,48500,14.71,15.21,0.9165,INR/bale,Dhan API v2 (Client 1112620458)
2026-07-29 09:00,2026-07-29,9,Cotton,48715.72,48939.96,224.24,0.4603,-6.32,10408,78840,48500,14.67,15.17,0.9066,INR/bale,Dhan API v2 (Client 1112620458)
2026-07-29 10:00,2026-07-29,10,Cotton,48614.65,48803.39,188.74,0.3882,-35.5,10718,80146,48500,15.35,15.85,0.9315,INR/bale,Dhan API v2 (Client 1112620458)
2026-07-29 11:00,2026-07-29,11,Cotton,48771.62,48890.36,118.74,0.2435,-70.0,14397,79624,49000,14.13,14.63,0.9426,INR/bale,Dhan API v2 (Client 1112620458)
2026-07-29 12:00,2026-07-29,12,Cotton,48816.56,48865.43,48.87,0.1001,-69.87,2861,80307,49000,13.91,14.41,0.9013,INR/bale,Dhan API v2 (Client 1112620458)
2026-07-29 13:00,2026-07-29,13,Cotton,48589.81,48822.41,232.6,0.4787,183.73,7595,79977,48500,14.26,14.76,0.9108,INR/bale,Dhan API v2 (Client 1112620458)
2026-07-29 14:00,2026-07-29,14,Cotton,48711.62,48933.59,221.97,0.4557,-10.63,4247,77679,48500,14.14,14.64,0.8787,INR/bale,Dhan API v2 (Client 1112620458)
2026-07-29 15:00,2026-07-29,15,Cotton,48819.37,49062.42,243.04,0.4978,21.07,14720,80289,49000,13.97,14.47,0.9212,INR/bale,Dhan API v2 (Client 1112620458)
2026-07-29 16:00,2026-07-29,16,Cotton,48680.37,48806.94,126.57,0.26,-116.47,4091,80119,48500,14.34,14.84,0.925,INR/bale,Dhan API v2 (Client 1112620458)
2026-07-29 17:00,2026-07-29,17,Cotton,48600.0,48873.56,273.56,0.5629,146.99,13213,78436,48500,14.2,14.7,0.9054,INR/bale,Dhan API v2 (Client 1112620458)
2026-07-29 18:00,2026-07-29,18,Cotton,48767.26,48877.12,109.86,0.2253,-163.7,12313,78591,49000,14.4,14.9,0.8934,INR/bale,Dhan API v2 (Client 1112620458)
2026-07-29 19:00,2026-07-29,19,Cotton,48657.33,48728.97,71.63,0.1472,-38.23,10995,79912,48500,14.35,14.85,0.9019,INR/bale,Dhan API v2 (Client 1112620458)
2026-07-29 20:00,2026-07-29,20,Cotton,48427.5,48604.16,176.66,0.3648,105.03,10384,79980,48500,14.61,15.11,0.9282,INR/bale,Dhan API v2 (Client 1112620458)
2026-07-29 21:00,2026-07-29,21,Cotton,48472.15,48580.14,108.0,0.2228,-68.66,13711,79706,48500,14.34,14.84,0.9234,INR/bale,Dhan API v2 (Client 1112620458)
2026-07-29 22:00,2026-07-29,22,Cotton,48589.01,48814.76,225.75,0.4646,117.75,8848,81097,48500,14.21,14.71,0.8728,INR/bale,Dhan API v2 (Client 1112620458)
2026-07-29 23:00,2026-07-29,23,Cotton,48500.79,48550.65,49.86,0.1028,-175.89,6326,78741,48500,14.09,14.59,0.9597,INR/bale,Dhan API v2 (Client 1112620458)
2026-07-30 09:00,2026-07-30,9,Cotton,48403.8,48295.06,-108.74,-0.2247,-158.6,8974,80124,48500,14.4,14.9,0.9102,INR/bale,Dhan API v2 (Client 1112620458)
2026-07-30 10:00,2026-07-30,10,Cotton,48543.62,48831.4,287.77,0.5928,396.51,8716,79443,48500,14.31,14.81,0.9229,INR/bale,Dhan API v2 (Client 1112620458)
2026-07-30 11:00,2026-07-30,11,Cotton,48627.58,48852.98,225.41,0.4635,-62.36,9640,80815,48500,14.11,14.61,0.8998,INR/bale,Dhan API v2 (Client 1112620458)
2026-07-30 12:00,2026-07-30,12,Cotton,48644.82,48874.24,229.41,0.4716,4.0,13774,77736,48500,14.77,15.27,0.9104,INR/bale,Dhan API v2 (Client 1112620458)
2026-07-30 13:00,2026-07-30,13,Cotton,48710.49,48717.25,6.76,0.0139,-222.65,10491,79921,48500,14.13,14.63,0.9441,INR/bale,Dhan API v2 (Client 1112620458)
2026-07-30 14:00,2026-07-30,14,Cotton,48751.44,49114.78,363.34,0.7453,356.58,2812,81003,49000,14.31,14.81,0.9347,INR/bale,Dhan API v2 (Client 1112620458)
2026-07-30 15:00,2026-07-30,15,Cotton,48613.57,48790.64,177.07,0.3642,-186.27,14143,79753,48500,14.32,14.82,0.9278,INR/bale,Dhan API v2 (Client 1112620458)
2026-07-30 16:00,2026-07-30,16,Cotton,48520.81,48588.98,68.17,0.1405,-108.9,916,79390,48500,14.54,15.04,0.8948,INR/bale,Dhan API v2 (Client 1112620458)
2026-07-30 17:00,2026-07-30,17,Cotton,48637.05,48763.67,126.62,0.2603,58.45,10683,80225,48500,14.46,14.96,0.8868,INR/bale,Dhan API v2 (Client 1112620458)
2026-07-30 18:00,2026-07-30,18,Cotton,48703.74,48929.42,225.68,0.4634,99.06,8176,80188,48500,14.38,14.88,0.9092,INR/bale,Dhan API v2 (Client 1112620458)
2026-07-30 19:00,2026-07-30,19,Cotton,48801.53,48928.56,127.03,0.2603,-98.65,13185,80378,49000,14.52,15.02,0.947,INR/bale,Dhan API v2 (Client 1112620458)
2026-07-30 20:00,2026-07-30,20,Cotton,49054.53,49127.94,73.41,0.1497,-53.62,4519,78258,49000,14.71,15.21,0.9041,INR/bale,Dhan API v2 (Client 1112620458)
2026-07-30 21:00,2026-07-30,21,Cotton,49174.83,49394.25,219.42,0.4462,146.01,8824,79246,49000,13.82,14.32,0.9528,INR/bale,Dhan API v2 (Client 1112620458)
2026-07-30 22:00,2026-07-30,22,Cotton,49118.31,49323.35,205.04,0.4174,-14.38,6918,80899,49000,13.87,14.37,0.9037,INR/bale,Dhan API v2 (Client 1112620458)
2026-07-30 23:00,2026-07-30,23,Cotton,49286.87,49473.34,186.47,0.3783,-18.57,4509,79393,49500,13.97,14.47,0.9045,INR/bale,Dhan API v2 (Client 1112620458)
2026-07-31 09:00,2026-07-31,9,Cotton,49087.44,49376.72,289.27,0.5893,102.8,3321,78122,49000,15.03,15.53,0.906,INR/bale,Dhan API v2 (Client 1112620458)
2026-07-31 10:00,2026-07-31,10,Cotton,49008.86,49181.22,172.36,0.3517,-116.91,12062,79451,49000,14.52,15.02,0.9329,INR/bale,Dhan API v2 (Client 1112620458)
2026-07-31 11:00,2026-07-31,11,Cotton,48895.17,49033.53,138.36,0.283,-34.0,4100,80262,49000,14.09,14.59,0.9577,INR/bale,Dhan API v2 (Client 1112620458)
2026-07-31 12:00,2026-07-31,12,Cotton,49026.6,49305.57,278.97,0.569,140.61,5755,79340,49000,14.01,14.51,0.8987,INR/bale,Dhan API v2 (Client 1112620458)
2026-07-31 13:00,2026-07-31,13,Cotton,49020.2,49097.34,77.14,0.1574,-201.83,12927,77157,49000,14.51,15.01,0.9067,INR/bale,Dhan API v2 (Client 1112620458)
2026-07-31 14:00,2026-07-31,14,Cotton,49017.81,49177.11,159.31,0.325,82.17,13225,79036,49000,14.33,14.83,0.9184,INR/bale,Dhan API v2 (Client 1112620458)
2026-07-31 15:00,2026-07-31,15,Cotton,48892.61,49005.56,112.95,0.231,-46.36,5867,79299,49000,13.75,14.25,0.94,INR/bale,Dhan API v2 (Client 1112620458)
2026-07-31 16:00,2026-07-31,16,Cotton,48892.68,49069.86,177.18,0.3624,64.23,11260,80768,49000,14.65,15.15,0.9276,INR/bale,Dhan API v2 (Client 1112620458)
2026-07-31 17:00,2026-07-31,17,Cotton,49162.76,49236.09,73.32,0.1491,-103.86,13380,79483,49000,14.28,14.78,0.9197,INR/bale,Dhan API v2 (Client 1112620458)
2026-07-31 18:00,2026-07-31,18,Cotton,48974.86,49044.67,69.81,0.1425,-3.51,10904,79898,49000,14.55,15.05,0.9234,INR/bale,Dhan API v2 (Client 1112620458)
2026-07-31 19:00,2026-07-31,19,Cotton,49134.88,49340.62,205.74,0.4187,135.93,7016,79821,49000,14.65,15.15,0.9057,INR/bale,Dhan API v2 (Client 1112620458)
2026-07-31 20:00,2026-07-31,20,Cotton,49249.71,49532.38,282.67,0.574,76.93,4717,78866,49000,14.51,15.01,0.9113,INR/bale,Dhan API v2 (Client 1112620458)
2026-07-31 21:00,2026-07-31,21,Cotton,49423.03,49504.0,80.97,0.1638,-201.7,1865,78976,49500,14.25,14.75,0.9073,INR/bale,Dhan API v2 (Client 1112620458)
2026-07-31 22:00,2026-07-31,22,Cotton,49367.8,49427.18,59.38,0.1203,-21.59,13780,78058,49500,14.52,15.02,0.8812,INR/bale,Dhan API v2 (Client 1112620458)
2026-07-31 23:00,2026-07-31,23,Cotton,49358.39,49528.76,170.37,0.3452,110.99,3308,80881,49500,14.16,14.66,0.895,INR/bale,Dhan API v2 (Client 1112620458)
2026-08-03 09:00,2026-08-03,9,Cotton,49428.45,49600.42,171.98,0.3479,1.61,7514,80511,49500,14.38,14.88,0.9271,INR/bale,Dhan API v2 (Client 1112620458)
2026-08-03 10:00,2026-08-03,10,Cotton,49250.08,49282.18,32.1,0.0652,-139.88,6160,78878,49500,13.98,14.48,0.8968,INR/bale,Dhan API v2 (Client 1112620458)
2026-08-03 11:00,2026-08-03,11,Cotton,49468.88,49672.68,203.8,0.412,171.7,11128,79392,49500,13.93,14.43,0.8891,INR/bale,Dhan API v2 (Client 1112620458)
2026-08-03 12:00,2026-08-03,12,Cotton,49498.11,49558.54,60.43,0.1221,-143.37,12100,79708,49500,14.63,15.13,0.9483,INR/bale,Dhan API v2 (Client 1112620458)
2026-08-03 13:00,2026-08-03,13,Cotton,49438.87,49689.73,250.86,0.5074,190.43,2565,81227,49500,13.97,14.47,0.92,INR/bale,Dhan API v2 (Client 1112620458)
2026-08-03 14:00,2026-08-03,14,Cotton,49406.07,49637.86,231.79,0.4692,-19.07,11444,80199,49500,14.19,14.69,0.913,INR/bale,Dhan API v2 (Client 1112620458)
2026-08-03 15:00,2026-08-03,15,Cotton,49404.47,49591.35,186.88,0.3783,-44.91,8753,78779,49500,14.81,15.31,0.907,INR/bale,Dhan API v2 (Client 1112620458)
2026-08-03 16:00,2026-08-03,16,Cotton,49499.59,49571.74,72.15,0.1458,-114.73,7123,78424,49500,13.98,14.48,0.8877,INR/bale,Dhan API v2 (Client 1112620458)
2026-08-03 17:00,2026-08-03,17,Cotton,49454.91,49731.41,276.51,0.5591,204.36,10774,78231,49500,14.32,14.82,0.9051,INR/bale,Dhan API v2 (Client 1112620458)
2026-08-03 18:00,2026-08-03,18,Cotton,49415.35,49482.99,67.65,0.1369,-208.86,2786,78617,49500,14.35,14.85,0.9214,INR/bale,Dhan API v2 (Client 1112620458)
2026-08-03 19:00,2026-08-03,19,Cotton,49332.03,49672.28,340.25,0.6897,272.6,8902,81383,49500,14.38,14.88,0.8912,INR/bale,Dhan API v2 (Client 1112620458)
2026-08-03 20:00,2026-08-03,20,Cotton,49283.3,49402.57,119.27,0.242,-220.98,7335,78485,49500,14.74,15.24,0.8834,INR/bale,Dhan API v2 (Client 1112620458)
2026-08-03 21:00,2026-08-03,21,Cotton,49301.62,49474.93,173.31,0.3515,54.04,10394,80120,49500,14.77,15.27,0.9271,INR/bale,Dhan API v2 (Client 1112620458)
2026-08-03 22:00,2026-08-03,22,Cotton,49187.6,49196.8,9.2,0.0187,-164.11,6437,78339,49000,14.2,14.7,0.8944,INR/bale,Dhan API v2 (Client 1112620458)
2026-08-03 23:00,2026-08-03,23,Cotton,49053.92,49204.6,150.68,0.3072,141.48,5872,77681,49000,14.95,15.45,0.9357,INR/bale,Dhan API v2 (Client 1112620458)
2026-08-04 09:00,2026-08-04,9,Cotton,49144.15,49348.96,204.81,0.4167,54.13,11232,81814,49000,14.26,14.76,0.9462,INR/bale,Dhan API v2 (Client 1112620458)
2026-08-04 10:00,2026-08-04,10,Cotton,49072.9,49244.28,171.39,0.3493,-33.42,14692,80409,49000,14.21,14.71,0.9414,INR/bale,Dhan API v2 (Client 1112620458)
2026-08-04 11:00,2026-08-04,11,Cotton,49140.94,49353.94,213.0,0.4334,41.61,8466,80277,49000,14.25,14.75,0.922,INR/bale,Dhan API v2 (Client 1112620458)
2026-08-04 12:00,2026-08-04,12,Cotton,49241.97,49557.52,315.56,0.6408,102.56,5512,80148,49000,14.13,14.63,0.8987,INR/bale,Dhan API v2 (Client 1112620458)
2026-08-04 13:00,2026-08-04,13,Cotton,49128.88,49178.87,49.99,0.1017,-265.57,6850,80530,49000,13.69,14.19,0.9131,INR/bale,Dhan API v2 (Client 1112620458)
2026-08-04 14:00,2026-08-04,14,Cotton,49235.66,49553.51,317.85,0.6456,267.86,5137,78899,49000,14.72,15.22,0.9484,INR/bale,Dhan API v2 (Client 1112620458)
2026-08-04 15:00,2026-08-04,15,Cotton,49196.8,49405.11,208.31,0.4234,-109.54,4749,78557,49000,14.45,14.95,0.9309,INR/bale,Dhan API v2 (Client 1112620458)
2026-08-04 16:00,2026-08-04,16,Cotton,49325.5,49430.42,104.92,0.2127,-103.39,14879,81259,49500,14.2,14.7,0.9207,INR/bale,Dhan API v2 (Client 1112620458)
2026-08-04 17:00,2026-08-04,17,Cotton,49496.85,49565.77,68.92,0.1392,-36.0,1159,77718,49500,14.62,15.12,0.9147,INR/bale,Dhan API v2 (Client 1112620458)
2026-08-04 18:00,2026-08-04,18,Cotton,49682.97,49823.84,140.87,0.2835,71.95,11822,80102,49500,14.24,14.74,0.8971,INR/bale,Dhan API v2 (Client 1112620458)
2026-08-04 19:00,2026-08-04,19,Cotton,49710.76,49909.01,198.26,0.3988,57.39,14181,79221,49500,13.96,14.46,0.9322,INR/bale,Dhan API v2 (Client 1112620458)
2026-08-04 20:00,2026-08-04,20,Cotton,49826.41,49978.7,152.29,0.3056,-45.97,14260,79499,50000,14.5,15.0,0.9061,INR/bale,Dhan API v2 (Client 1112620458)
2026-08-04 21:00,2026-08-04,21,Cotton,49612.31,49822.0,209.69,0.4227,57.4,11511,79643,49500,14.79,15.29,0.936,INR/bale,Dhan API v2 (Client 1112620458)
2026-08-04 22:00,2026-08-04,22,Cotton,49411.67,49503.39,91.72,0.1856,-117.97,1383,80707,49500,14.3,14.8,0.9268,INR/bale,Dhan API v2 (Client 1112620458)
2026-08-04 23:00,2026-08-04,23,Cotton,49207.21,49318.41,111.2,0.226,19.48,3826,79027,49000,14.89,15.39,0.9469,INR/bale,Dhan API v2 (Client 1112620458)
2026-08-05 09:00,2026-08-05,9,Cotton,49314.53,49457.02,142.49,0.2889,31.29,6945,79396,49500,14.83,15.33,0.9026,INR/bale,Dhan API v2 (Client 1112620458)
2026-08-05 10:00,2026-08-05,10,Cotton,49200.32,49362.57,162.25,0.3298,19.76,11186,81293,49000,14.76,15.26,0.9116,INR/bale,Dhan API v2 (Client 1112620458)
2026-08-05 11:00,2026-08-05,11,Cotton,49162.76,49389.12,226.36,0.4604,64.11,6320,79717,49000,14.69,15.19,0.932,INR/bale,Dhan API v2 (Client 1112620458)
2026-08-05 12:00,2026-08-05,12,Cotton,49238.78,49469.84,231.06,0.4693,4.7,12083,79352,49000,14.42,14.92,0.9364,INR/bale,Dhan API v2 (Client 1112620458)
2026-08-05 13:00,2026-08-05,13,Cotton,49459.81,49533.73,73.92,0.1495,-157.14,11065,78367,49500,14.36,14.86,0.9278,INR/bale,Dhan API v2 (Client 1112620458)
2026-08-05 14:00,2026-08-05,14,Cotton,49475.29,49513.59,38.3,0.0774,-35.62,7890,79812,49500,14.81,15.31,0.9123,INR/bale,Dhan API v2 (Client 1112620458)
2026-08-05 15:00,2026-08-05,15,Cotton,49411.47,49629.42,217.94,0.4411,179.64,7077,78935,49500,14.49,14.99,0.8955,INR/bale,Dhan API v2 (Client 1112620458)
2026-08-05 16:00,2026-08-05,16,Cotton,49489.18,49685.84,196.66,0.3974,-21.28,11171,78459,49500,14.18,14.68,0.9111,INR/bale,Dhan API v2 (Client 1112620458)
2026-08-05 17:00,2026-08-05,17,Cotton,49465.31,49594.38,129.07,0.2609,-67.59,4070,80261,49500,14.26,14.76,0.9334,INR/bale,Dhan API v2 (Client 1112620458)
2026-08-05 18:00,2026-08-05,18,Cotton,49284.29,49341.49,57.2,0.1161,-71.87,10034,81876,49500,14.32,14.82,0.9258,INR/bale,Dhan API v2 (Client 1112620458)
2026-08-05 19:00,2026-08-05,19,Cotton,49178.5,49370.41,191.91,0.3902,134.71,7400,79404,49000,14.43,14.93,0.9341,INR/bale,Dhan API v2 (Client 1112620458)
2026-08-05 20:00,2026-08-05,20,Cotton,49221.37,49275.97,54.6,0.1109,-137.31,14930,78844,49000,14.85,15.35,0.928,INR/bale,Dhan API v2 (Client 1112620458)
2026-08-05 21:00,2026-08-05,21,Cotton,49136.72,49402.11,265.39,0.5401,210.79,12154,79829,49000,13.89,14.39,0.9757,INR/bale,Dhan API v2 (Client 1112620458)
2026-08-05 22:00,2026-08-05,22,Cotton,48970.9,49135.0,164.1,0.3351,-101.29,2168,80705,49000,14.35,14.85,0.9163,INR/bale,Dhan API v2 (Client 1112620458)
2026-08-05 23:00,2026-08-05,23,Cotton,48921.47,49173.18,251.71,0.5145,87.61,3483,78644,49000,14.55,15.05,0.9014,INR/bale,Dhan API v2 (Client 1112620458)
2026-08-06 09:00,2026-08-06,9,Cotton,49277.52,49504.79,227.27,0.4612,-24.44,7513,78212,49500,13.86,14.36,0.9166,INR/bale,Dhan API v2 (Client 1112620458)
2026-08-06 10:00,2026-08-06,10,Cotton,49353.43,49475.78,122.35,0.2479,-104.92,2547,79959,49500,14.61,15.11,0.9396,INR/bale,Dhan API v2 (Client 1112620458)
2026-08-06 11:00,2026-08-06,11,Cotton,49545.84,49728.6,182.76,0.3689,60.41,5134,81792,49500,14.31,14.81,0.9496,INR/bale,Dhan API v2 (Client 1112620458)
2026-08-06 12:00,2026-08-06,12,Cotton,49420.62,49551.13,130.51,0.2641,-52.25,6276,79842,49500,14.19,14.69,0.9433,INR/bale,Dhan API v2 (Client 1112620458)
2026-08-06 13:00,2026-08-06,13,Cotton,49389.25,49593.2,203.95,0.4129,73.44,1030,79705,49500,14.49,14.99,0.9126,INR/bale,Dhan API v2 (Client 1112620458)
2026-08-06 14:00,2026-08-06,14,Cotton,49467.18,49501.07,33.89,0.0685,-170.06,10684,78618,49500,14.69,15.19,0.9193,INR/bale,Dhan API v2 (Client 1112620458)
2026-08-06 15:00,2026-08-06,15,Cotton,49613.15,49819.33,206.18,0.4156,172.29,5140,80365,49500,14.32,14.82,0.9701,INR/bale,Dhan API v2 (Client 1112620458)
2026-08-06 16:00,2026-08-06,16,Cotton,49663.95,49775.22,111.27,0.224,-94.91,1095,80334,49500,14.67,15.17,0.9138,INR/bale,Dhan API v2 (Client 1112620458)
2026-08-06 17:00,2026-08-06,17,Cotton,49453.85,49398.59,-55.26,-0.1117,-166.53,14946,77902,49500,14.64,15.14,0.9354,INR/bale,Dhan API v2 (Client 1112620458)
2026-08-06 18:00,2026-08-06,18,Cotton,49265.99,49483.2,217.21,0.4409,272.47,12779,79392,49500,14.22,14.72,0.9146,INR/bale,Dhan API v2 (Client 1112620458)
2026-08-06 19:00,2026-08-06,19,Cotton,49468.16,49537.57,69.41,0.1403,-147.8,7354,78609,49500,14.06,14.56,0.9125,INR/bale,Dhan API v2 (Client 1112620458)
2026-08-06 20:00,2026-08-06,20,Cotton,49448.05,49682.72,234.67,0.4746,165.26,7588,79573,49500,14.2,14.7,0.9212,INR/bale,Dhan API v2 (Client 1112620458)
2026-08-06 21:00,2026-08-06,21,Cotton,49395.31,49554.14,158.82,0.3215,-75.85,5792,79598,49500,13.8,14.3,0.9551,INR/bale,Dhan API v2 (Client 1112620458)
2026-08-06 22:00,2026-08-06,22,Cotton,49275.8,49407.12,131.32,0.2665,-27.5,14789,79291,49500,13.86,14.36,0.8962,INR/bale,Dhan API v2 (Client 1112620458)
2026-08-06 23:00,2026-08-06,23,Cotton,49211.34,49520.62,309.28,0.6285,177.96,1841,79286,49000,14.89,15.39,0.9381,INR/bale,Dhan API v2 (Client 1112620458)
2026-08-07 09:00,2026-08-07,9,Cotton,49457.75,49578.66,120.91,0.2445,-188.37,13321,80554,49500,14.35,14.85,0.892,INR/bale,Dhan API v2 (Client 1112620458)
2026-08-07 10:00,2026-08-07,10,Cotton,49566.47,49665.7,99.23,0.2002,-21.68,8832,80218,49500,14.66,15.16,0.9101,INR/bale,Dhan API v2 (Client 1112620458)
2026-08-07 11:00,2026-08-07,11,Cotton,49681.72,49643.63,-38.09,-0.0767,-137.32,14488,79091,49500,13.89,14.39,0.9175,INR/bale,Dhan API v2 (Client 1112620458)
2026-08-07 12:00,2026-08-07,12,Cotton,49494.17,49520.85,26.68,0.0539,64.77,9461,78182,49500,14.82,15.32,0.8723,INR/bale,Dhan API v2 (Client 1112620458)
2026-08-07 13:00,2026-08-07,13,Cotton,49531.38,49559.71,28.33,0.0572,1.65,11354,79692,49500,14.17,14.67,0.8782,INR/bale,Dhan API v2 (Client 1112620458)
2026-08-07 14:00,2026-08-07,14,Cotton,49687.18,49856.15,168.97,0.3401,140.64,7913,80993,49500,14.37,14.87,0.9364,INR/bale,Dhan API v2 (Client 1112620458)
2026-08-07 15:00,2026-08-07,15,Cotton,49649.61,49737.37,87.76,0.1768,-81.21,11396,79543,49500,14.15,14.65,0.9382,INR/bale,Dhan API v2 (Client 1112620458)
2026-08-07 16:00,2026-08-07,16,Cotton,49591.38,49631.45,40.07,0.0808,-47.69,10695,78909,49500,14.37,14.87,0.9314,INR/bale,Dhan API v2 (Client 1112620458)
2026-08-07 17:00,2026-08-07,17,Cotton,49739.02,49908.56,169.55,0.3409,129.48,5291,80443,49500,14.54,15.04,0.918,INR/bale,Dhan API v2 (Client 1112620458)
2026-08-07 18:00,2026-08-07,18,Cotton,49706.5,49823.8,117.3,0.236,-52.25,8875,79983,49500,14.72,15.22,0.9238,INR/bale,Dhan API v2 (Client 1112620458)
2026-08-07 19:00,2026-08-07,19,Cotton,49421.06,49578.82,157.76,0.3192,40.46,14837,78721,49500,14.49,14.99,0.8933,INR/bale,Dhan API v2 (Client 1112620458)
2026-08-07 20:00,2026-08-07,20,Cotton,49336.71,49494.47,157.76,0.3198,0.0,11343,78971,49500,14.21,14.71,0.9407,INR/bale,Dhan API v2 (Client 1112620458)
2026-08-07 21:00,2026-08-07,21,Cotton,49451.86,49378.43,-73.43,-0.1485,-231.19,6875,79539,49500,14.59,15.09,0.9269,INR/bale,Dhan API v2 (Client 1112620458)
2026-08-07 22:00,2026-08-07,22,Cotton,49477.43,49677.82,200.39,0.405,273.82,12075,79047,49500,14.38,14.88,0.9043,INR/bale,Dhan API v2 (Client 1112620458)
2026-08-07 23:00,2026-08-07,23,Cotton,49470.47,49597.54,127.07,0.2569,-73.32,14304,79389,49500,14.21,14.71,0.8889,INR/bale,Dhan API v2 (Client 1112620458)
2026-08-10 09:00,2026-08-10,9,Cotton,49501.75,49439.71,-62.04,-0.1253,-189.11,11777,80131,49500,14.46,14.96,0.9112,INR/bale,Dhan API v2 (Client 1112620458)
2026-08-10 10:00,2026-08-10,10,Cotton,49738.5,49816.93,78.43,0.1577,140.47,9315,79171,49500,14.6,15.1,0.9649,INR/bale,Dhan API v2 (Client 1112620458)
2026-08-10 11:00,2026-08-10,11,Cotton,49567.46,49742.35,174.88,0.3528,96.45,8902,78845,49500,14.13,14.63,0.9252,INR/bale,Dhan API v2 (Client 1112620458)
2026-08-10 12:00,2026-08-10,12,Cotton,49501.92,49523.04,21.11,0.0427,-153.77,5167,80551,49500,14.29,14.79,0.9447,INR/bale,Dhan API v2 (Client 1112620458)
2026-08-10 13:00,2026-08-10,13,Cotton,49562.59,49728.11,165.52,0.334,144.41,5952,79619,49500,14.7,15.2,0.9255,INR/bale,Dhan API v2 (Client 1112620458)
2026-08-10 14:00,2026-08-10,14,Cotton,49658.14,49849.94,191.8,0.3862,26.28,9238,80274,49500,15.03,15.53,0.9353,INR/bale,Dhan API v2 (Client 1112620458)
2026-08-10 15:00,2026-08-10,15,Cotton,49705.79,49847.01,141.22,0.2841,-50.58,2733,77400,49500,14.19,14.69,0.9239,INR/bale,Dhan API v2 (Client 1112620458)
2026-08-10 16:00,2026-08-10,16,Cotton,49625.41,49777.84,152.43,0.3072,11.21,8536,78693,49500,13.97,14.47,0.9299,INR/bale,Dhan API v2 (Client 1112620458)
2026-08-10 17:00,2026-08-10,17,Cotton,49522.19,49712.69,190.49,0.3847,38.06,1674,79120,49500,14.77,15.27,0.9238,INR/bale,Dhan API v2 (Client 1112620458)
2026-08-10 18:00,2026-08-10,18,Cotton,49410.44,49392.01,-18.44,-0.0373,-208.93,5940,79423,49500,14.4,14.9,0.8818,INR/bale,Dhan API v2 (Client 1112620458)
2026-08-10 19:00,2026-08-10,19,Cotton,49522.34,49470.21,-52.13,-0.1053,-33.69,13158,80493,49500,13.7,14.2,0.9291,INR/bale,Dhan API v2 (Client 1112620458)
2026-08-10 20:00,2026-08-10,20,Cotton,49448.8,49389.53,-59.27,-0.1199,-7.14,3312,78949,49500,14.4,14.9,0.9185,INR/bale,Dhan API v2 (Client 1112620458)
2026-08-10 21:00,2026-08-10,21,Cotton,49365.58,49520.15,154.57,0.3131,213.84,11128,79868,49500,13.97,14.47,0.8905,INR/bale,Dhan API v2 (Client 1112620458)
2026-08-10 22:00,2026-08-10,22,Cotton,49661.58,49722.18,60.6,0.122,-93.97,10347,79186,49500,14.35,14.85,0.8947,INR/bale,Dhan API v2 (Client 1112620458)
2026-08-10 23:00,2026-08-10,23,Cotton,49681.38,49796.02,114.64,0.2308,54.04,4442,79934,49500,14.43,14.93,0.8882,INR/bale,Dhan API v2 (Client 1112620458)
2026-08-11 09:00,2026-08-11,9,Cotton,49707.4,49729.37,21.97,0.0442,-92.67,7331,79282,49500,14.44,14.94,0.9402,INR/bale,Dhan API v2 (Client 1112620458)
2026-08-11 10:00,2026-08-11,10,Cotton,49554.09,49704.04,149.95,0.3026,127.98,9801,80471,49500,14.28,14.78,0.9318,INR/bale,Dhan API v2 (Client 1112620458)
2026-08-11 11:00,2026-08-11,11,Cotton,49692.99,49740.52,47.53,0.0956,-102.42,1781,79026,49500,14.43,14.93,0.915,INR/bale,Dhan API v2 (Client 1112620458)
2026-08-11 12:00,2026-08-11,12,Cotton,49654.53,49752.59,98.06,0.1975,50.53,7768,79238,49500,14.63,15.13,0.924,INR/bale,Dhan API v2 (Client 1112620458)
2026-08-11 13:00,2026-08-11,13,Cotton,49693.8,49848.0,154.2,0.3103,56.14,14136,78691,49500,14.31,14.81,0.9519,INR/bale,Dhan API v2 (Client 1112620458)
2026-08-11 14:00,2026-08-11,14,Cotton,49616.32,49635.5,19.18,0.0387,-135.02,9163,79616,49500,15.31,15.81,0.9409,INR/bale,Dhan API v2 (Client 1112620458)
2026-08-11 15:00,2026-08-11,15,Cotton,49457.24,49590.36,133.12,0.2692,113.94,13317,81965,49500,14.36,14.86,0.9343,INR/bale,Dhan API v2 (Client 1112620458)
2026-08-11 16:00,2026-08-11,16,Cotton,49522.61,49655.59,132.98,0.2685,-0.14,4500,78117,49500,14.41,14.91,0.9337,INR/bale,Dhan API v2 (Client 1112620458)
2026-08-11 17:00,2026-08-11,17,Cotton,49560.19,49601.02,40.84,0.0824,-92.14,8146,79676,49500,13.9,14.4,0.9131,INR/bale,Dhan API v2 (Client 1112620458)
2026-08-11 18:00,2026-08-11,18,Cotton,49644.71,49821.46,176.74,0.356,135.9,3713,79750,49500,14.24,14.74,0.9298,INR/bale,Dhan API v2 (Client 1112620458)
2026-08-11 19:00,2026-08-11,19,Cotton,49594.05,49617.48,23.43,0.0472,-153.31,8607,79006,49500,14.23,14.73,0.9355,INR/bale,Dhan API v2 (Client 1112620458)
2026-08-11 20:00,2026-08-11,20,Cotton,49656.37,49743.45,87.08,0.1754,63.65,11541,78709,49500,14.33,14.83,0.9132,INR/bale,Dhan API v2 (Client 1112620458)
2026-08-11 21:00,2026-08-11,21,Cotton,49648.24,49826.94,178.7,0.3599,91.62,1599,78049,49500,14.45,14.95,0.9144,INR/bale,Dhan API v2 (Client 1112620458)
2026-08-11 22:00,2026-08-11,22,Cotton,49621.74,49849.37,227.63,0.4587,48.93,12794,79737,49500,14.58,15.08,0.89,INR/bale,Dhan API v2 (Client 1112620458)
2026-08-11 23:00,2026-08-11,23,Cotton,49906.76,49928.95,22.2,0.0445,-205.43,1847,79380,50000,14.14,14.64,0.9407,INR/bale,Dhan API v2 (Client 1112620458)
2026-08-12 09:00,2026-08-12,9,Cotton,49752.78,49813.88,61.1,0.1228,38.9,4973,80452,50000,14.23,14.73,0.9244,INR/bale,Dhan API v2 (Client 1112620458)
2026-08-12 10:00,2026-08-12,10,Cotton,49829.1,49952.12,123.02,0.2469,61.92,8597,80614,50000,14.69,15.19,0.8866,INR/bale,Dhan API v2 (Client 1112620458)
2026-08-12 11:00,2026-08-12,11,Cotton,49793.9,49776.25,-17.65,-0.0354,-140.67,11817,78068,50000,14.91,15.41,0.9091,INR/bale,Dhan API v2 (Client 1112620458)
2026-08-12 12:00,2026-08-12,12,Cotton,49712.97,49965.42,252.45,0.5078,270.1,2947,79792,49500,14.94,15.44,0.9185,INR/bale,Dhan API v2 (Client 1112620458)
2026-08-12 13:00,2026-08-12,13,Cotton,49724.89,49911.5,186.61,0.3753,-65.84,5458,79798,49500,14.45,14.95,0.8742,INR/bale,Dhan API v2 (Client 1112620458)
2026-08-12 14:00,2026-08-12,14,Cotton,49594.81,49667.83,73.02,0.1472,-113.59,11138,80378,49500,14.67,15.17,0.9384,INR/bale,Dhan API v2 (Client 1112620458)
2026-08-12 15:00,2026-08-12,15,Cotton,49636.92,49765.61,128.69,0.2593,55.67,3201,79640,49500,14.41,14.91,0.9281,INR/bale,Dhan API v2 (Client 1112620458)
2026-08-12 16:00,2026-08-12,16,Cotton,49546.53,49546.17,-0.36,-0.0007,-129.05,2983,80701,49500,14.32,14.82,0.8908,INR/bale,Dhan API v2 (Client 1112620458)
2026-08-12 17:00,2026-08-12,17,Cotton,49448.09,49633.87,185.78,0.3757,186.14,5282,79795,49500,14.17,14.67,0.9201,INR/bale,Dhan API v2 (Client 1112620458)
2026-08-12 18:00,2026-08-12,18,Cotton,49437.65,49434.49,-3.15,-0.0064,-188.93,13044,78238,49500,14.51,15.01,0.924,INR/bale,Dhan API v2 (Client 1112620458)
2026-08-12 19:00,2026-08-12,19,Cotton,49491.39,49593.08,101.68,0.2055,104.83,1989,77895,49500,14.33,14.83,0.8985,INR/bale,Dhan API v2 (Client 1112620458)
2026-08-12 20:00,2026-08-12,20,Cotton,49470.69,49540.65,69.96,0.1414,-31.72,3721,79693,49500,14.73,15.23,0.8721,INR/bale,Dhan API v2 (Client 1112620458)
2026-08-12 21:00,2026-08-12,21,Cotton,49458.37,49407.08,-51.29,-0.1037,-121.25,8598,77424,49500,14.36,14.86,0.9188,INR/bale,Dhan API v2 (Client 1112620458)
2026-08-12 22:00,2026-08-12,22,Cotton,49570.61,49684.12,113.51,0.229,164.8,775,79514,49500,14.3,14.8,0.9377,INR/bale,Dhan API v2 (Client 1112620458)
2026-08-12 23:00,2026-08-12,23,Cotton,49713.1,49829.01,115.91,0.2332,2.4,2584,80676,49500,14.44,14.94,0.9039,INR/bale,Dhan API v2 (Client 1112620458)
2026-08-13 09:00,2026-08-13,9,Cotton,49797.13,49873.97,76.84,0.1543,-39.07,2377,78448,50000,14.38,14.88,0.9188,INR/bale,Dhan API v2 (Client 1112620458)
2026-08-13 10:00,2026-08-13,10,Cotton,49794.65,49957.58,162.93,0.3272,86.09,4092,78593,50000,14.15,14.65,0.9204,INR/bale,Dhan API v2 (Client 1112620458)
2026-08-13 11:00,2026-08-13,11,Cotton,50004.6,50133.61,129.01,0.258,-33.92,6358,79804,50000,13.99,14.49,0.8917,INR/bale,Dhan API v2 (Client 1112620458)
2026-08-13 12:00,2026-08-13,12,Cotton,50020.53,50062.1,41.57,0.0831,-87.44,8668,79061,50000,14.02,14.52,0.8941,INR/bale,Dhan API v2 (Client 1112620458)
2026-08-13 13:00,2026-08-13,13,Cotton,50159.59,50087.1,-72.49,-0.1445,-114.06,8669,79692,50000,14.53,15.03,0.8997,INR/bale,Dhan API v2 (Client 1112620458)
2026-08-13 14:00,2026-08-13,14,Cotton,49989.99,50108.47,118.48,0.237,190.97,14854,78847,50000,14.51,15.01,0.926,INR/bale,Dhan API v2 (Client 1112620458)
2026-08-13 15:00,2026-08-13,15,Cotton,50012.22,50016.3,4.08,0.0082,-114.4,9779,79485,50000,14.42,14.92,0.9302,INR/bale,Dhan API v2 (Client 1112620458)
2026-08-13 16:00,2026-08-13,16,Cotton,49798.72,49883.0,84.27,0.1692,80.19,12901,79764,50000,14.51,15.01,0.9157,INR/bale,Dhan API v2 (Client 1112620458)
2026-08-13 17:00,2026-08-13,17,Cotton,49753.14,49877.4,124.25,0.2497,39.98,5188,80529,50000,14.61,15.11,0.8989,INR/bale,Dhan API v2 (Client 1112620458)
2026-08-13 18:00,2026-08-13,18,Cotton,49809.69,49812.36,2.66,0.0054,-121.59,2831,79670,50000,14.03,14.53,0.9134,INR/bale,Dhan API v2 (Client 1112620458)
2026-08-13 19:00,2026-08-13,19,Cotton,49894.0,49988.87,94.87,0.1901,92.21,5951,80905,50000,14.63,15.13,0.9303,INR/bale,Dhan API v2 (Client 1112620458)
2026-08-13 20:00,2026-08-13,20,Cotton,49899.17,50065.62,166.45,0.3336,71.58,7962,82324,50000,14.35,14.85,0.9447,INR/bale,Dhan API v2 (Client 1112620458)
2026-08-13 21:00,2026-08-13,21,Cotton,49691.49,49628.9,-62.59,-0.126,-229.04,5584,80804,49500,14.34,14.84,0.8722,INR/bale,Dhan API v2 (Client 1112620458)
2026-08-13 22:00,2026-08-13,22,Cotton,49889.64,49897.66,8.02,0.0161,70.61,1823,80970,50000,14.12,14.62,0.9492,INR/bale,Dhan API v2 (Client 1112620458)
2026-08-13 23:00,2026-08-13,23,Cotton,49736.12,49831.23,95.11,0.1912,87.09,13561,81266,49500,14.18,14.68,0.869,INR/bale,Dhan API v2 (Client 1112620458)
2026-08-14 09:00,2026-08-14,9,Cotton,49689.13,49735.11,45.97,0.0925,-49.14,4474,79636,49500,14.57,15.07,0.908,INR/bale,Dhan API v2 (Client 1112620458)
2026-08-14 10:00,2026-08-14,10,Cotton,49596.29,49752.06,155.77,0.3141,109.8,8074,79178,49500,13.99,14.49,0.9221,INR/bale,Dhan API v2 (Client 1112620458)
2026-08-14 11:00,2026-08-14,11,Cotton,49723.79,49714.31,-9.49,-0.0191,-165.26,10264,78863,49500,14.32,14.82,0.9395,INR/bale,Dhan API v2 (Client 1112620458)
