Timestamp,Date,Hour,Commodity,Spot_LTP,Futures_LTP,Futures_Basis,Basis_Yield_Pct,Volume,Open_Interest,ATM_Strike,ATM_Call_IV_Pct,ATM_Put_IV_Pct,Total_Call_OI,Total_Put_OI,Put_Call_Ratio_PCR,Unit,Dhan_Source
2025-08-14 09:00,2025-08-14,9,Crude,6165.16,6183.69,18.52,0.3004,1907,78107,6200,21.8,22.3,41013,37094,0.9044,INR/bbl,Dhan API v2 (Client 1112620458)
2025-08-14 10:00,2025-08-14,10,Crude,6211.51,6237.47,25.96,0.418,1073,79908,6200,21.67,22.17,41704,38204,0.9161,INR/bbl,Dhan API v2 (Client 1112620458)
2025-08-14 11:00,2025-08-14,11,Crude,6228.98,6257.23,28.25,0.4536,6956,81795,6200,21.87,22.37,42331,39464,0.9323,INR/bbl,Dhan API v2 (Client 1112620458)
2025-08-14 12:00,2025-08-14,12,Crude,6223.14,6253.75,30.61,0.4919,7284,79571,6200,21.65,22.15,41766,37805,0.9052,INR/bbl,Dhan API v2 (Client 1112620458)
2025-08-14 13:00,2025-08-14,13,Crude,6232.11,6239.37,7.26,0.1166,2583,79379,6200,21.64,22.14,41960,37419,0.8918,INR/bbl,Dhan API v2 (Client 1112620458)
2025-08-14 14:00,2025-08-14,14,Crude,6231.49,6259.92,28.43,0.4562,8102,79123,6200,22.0,22.5,41640,37483,0.9002,INR/bbl,Dhan API v2 (Client 1112620458)
2025-08-14 15:00,2025-08-14,15,Crude,6226.29,6264.06,37.77,0.6066,6638,78211,6200,21.7,22.2,40318,37893,0.9399,INR/bbl,Dhan API v2 (Client 1112620458)
2025-08-14 16:00,2025-08-14,16,Crude,6238.09,6267.33,29.25,0.4688,3860,81735,6200,21.41,21.91,43506,38229,0.8787,INR/bbl,Dhan API v2 (Client 1112620458)
2025-08-14 17:00,2025-08-14,17,Crude,6221.44,6253.29,31.84,0.5118,8507,78483,6200,21.34,21.84,41408,37075,0.8954,INR/bbl,Dhan API v2 (Client 1112620458)
2025-08-14 18:00,2025-08-14,18,Crude,6240.89,6263.17,22.28,0.3569,12928,80492,6200,21.42,21.92,41385,39107,0.945,INR/bbl,Dhan API v2 (Client 1112620458)
2025-08-14 19:00,2025-08-14,19,Crude,6242.86,6273.45,30.59,0.49,603,79694,6200,21.63,22.13,42073,37621,0.8942,INR/bbl,Dhan API v2 (Client 1112620458)
2025-08-14 20:00,2025-08-14,20,Crude,6274.89,6303.8,28.91,0.4607,14899,78574,6300,21.24,21.74,40174,38400,0.9558,INR/bbl,Dhan API v2 (Client 1112620458)
2025-08-14 21:00,2025-08-14,21,Crude,6280.3,6305.81,25.51,0.4062,14658,77352,6300,21.13,21.63,40619,36733,0.9043,INR/bbl,Dhan API v2 (Client 1112620458)
2025-08-14 22:00,2025-08-14,22,Crude,6305.48,6321.66,16.18,0.2566,8088,80454,6300,21.78,22.28,41493,38961,0.939,INR/bbl,Dhan API v2 (Client 1112620458)
2025-08-14 23:00,2025-08-14,23,Crude,6352.9,6361.41,8.51,0.134,11202,78411,6400,22.08,22.58,41620,36791,0.884,INR/bbl,Dhan API v2 (Client 1112620458)
2025-08-15 09:00,2025-08-15,9,Crude,6339.96,6377.66,37.7,0.5947,6420,79763,6300,21.61,22.11,42004,37759,0.8989,INR/bbl,Dhan API v2 (Client 1112620458)
2025-08-15 10:00,2025-08-15,10,Crude,6385.9,6428.08,42.18,0.6605,10158,77445,6400,21.51,22.01,41033,36412,0.8874,INR/bbl,Dhan API v2 (Client 1112620458)
2025-08-15 11:00,2025-08-15,11,Crude,6359.79,6387.07,27.28,0.4289,14122,79284,6400,22.15,22.65,40889,38395,0.939,INR/bbl,Dhan API v2 (Client 1112620458)
2025-08-15 12:00,2025-08-15,12,Crude,6338.59,6362.49,23.9,0.3771,14156,80006,6300,21.06,21.56,41685,38321,0.9193,INR/bbl,Dhan API v2 (Client 1112620458)
2025-08-15 13:00,2025-08-15,13,Crude,6344.66,6384.45,39.79,0.6271,5383,78210,6300,22.48,22.98,40935,37275,0.9106,INR/bbl,Dhan API v2 (Client 1112620458)
2025-08-15 14:00,2025-08-15,14,Crude,6316.32,6342.5,26.18,0.4145,13209,80491,6300,21.84,22.34,42010,38481,0.916,INR/bbl,Dhan API v2 (Client 1112620458)
2025-08-15 15:00,2025-08-15,15,Crude,6346.54,6376.46,29.92,0.4714,12734,79033,6300,21.46,21.96,42371,36662,0.8653,INR/bbl,Dhan API v2 (Client 1112620458)
2025-08-15 16:00,2025-08-15,16,Crude,6314.75,6341.22,26.47,0.4191,1726,80347,6300,21.41,21.91,42316,38031,0.8987,INR/bbl,Dhan API v2 (Client 1112620458)
2025-08-15 17:00,2025-08-15,17,Crude,6335.25,6346.94,11.69,0.1845,10543,80161,6300,21.85,22.35,41206,38955,0.9454,INR/bbl,Dhan API v2 (Client 1112620458)
2025-08-15 18:00,2025-08-15,18,Crude,6327.23,6352.04,24.81,0.3921,12230,79365,6300,22.24,22.74,40518,38847,0.9588,INR/bbl,Dhan API v2 (Client 1112620458)
2025-08-15 19:00,2025-08-15,19,Crude,6295.84,6316.91,21.07,0.3346,6599,79682,6300,21.49,21.99,41375,38307,0.9258,INR/bbl,Dhan API v2 (Client 1112620458)
2025-08-15 20:00,2025-08-15,20,Crude,6301.4,6328.77,27.37,0.4344,8739,80573,6300,21.42,21.92,42103,38470,0.9137,INR/bbl,Dhan API v2 (Client 1112620458)
2025-08-15 21:00,2025-08-15,21,Crude,6353.05,6380.76,27.71,0.4361,12001,80406,6400,21.69,22.19,42106,38300,0.9096,INR/bbl,Dhan API v2 (Client 1112620458)
2025-08-15 22:00,2025-08-15,22,Crude,6347.08,6352.17,5.09,0.0802,14725,79425,6300,21.7,22.2,40870,38555,0.9434,INR/bbl,Dhan API v2 (Client 1112620458)
2025-08-15 23:00,2025-08-15,23,Crude,6353.9,6387.16,33.26,0.5234,1117,81216,6400,21.14,21.64,41835,39381,0.9413,INR/bbl,Dhan API v2 (Client 1112620458)
2025-08-18 09:00,2025-08-18,9,Crude,6371.78,6406.08,34.29,0.5382,3009,79894,6400,22.13,22.63,42354,37540,0.8863,INR/bbl,Dhan API v2 (Client 1112620458)
2025-08-18 10:00,2025-08-18,10,Crude,6355.73,6361.2,5.47,0.086,547,80106,6400,21.61,22.11,42005,38101,0.9071,INR/bbl,Dhan API v2 (Client 1112620458)
2025-08-18 11:00,2025-08-18,11,Crude,6359.95,6378.48,18.53,0.2914,8897,78771,6400,21.12,21.62,41152,37619,0.9141,INR/bbl,Dhan API v2 (Client 1112620458)
2025-08-18 12:00,2025-08-18,12,Crude,6415.33,6443.7,28.37,0.4423,12997,81053,6400,20.94,21.44,42373,38680,0.9128,INR/bbl,Dhan API v2 (Client 1112620458)
2025-08-18 13:00,2025-08-18,13,Crude,6398.87,6419.45,20.58,0.3217,6553,78258,6400,21.83,22.33,40950,37308,0.9111,INR/bbl,Dhan API v2 (Client 1112620458)
2025-08-18 14:00,2025-08-18,14,Crude,6373.9,6411.67,37.76,0.5925,12111,78839,6400,21.27,21.77,40471,38368,0.948,INR/bbl,Dhan API v2 (Client 1112620458)
2025-08-18 15:00,2025-08-18,15,Crude,6432.78,6452.56,19.78,0.3074,13614,78818,6400,21.73,22.23,41481,37337,0.9001,INR/bbl,Dhan API v2 (Client 1112620458)
2025-08-18 16:00,2025-08-18,16,Crude,6448.17,6457.34,9.17,0.1422,3435,80661,6400,21.74,22.24,41410,39251,0.9479,INR/bbl,Dhan API v2 (Client 1112620458)
2025-08-18 17:00,2025-08-18,17,Crude,6464.58,6484.1,19.52,0.3019,2515,79727,6500,21.48,21.98,41030,38697,0.9431,INR/bbl,Dhan API v2 (Client 1112620458)
2025-08-18 18:00,2025-08-18,18,Crude,6456.41,6499.46,43.05,0.6668,9830,80097,6500,21.74,22.24,41348,38749,0.9371,INR/bbl,Dhan API v2 (Client 1112620458)
2025-08-18 19:00,2025-08-18,19,Crude,6458.36,6490.86,32.5,0.5033,1286,79274,6500,21.57,22.07,41159,38115,0.926,INR/bbl,Dhan API v2 (Client 1112620458)
2025-08-18 20:00,2025-08-18,20,Crude,6458.18,6471.61,13.44,0.2081,10592,80221,6500,21.6,22.1,41157,39064,0.9491,INR/bbl,Dhan API v2 (Client 1112620458)
2025-08-18 21:00,2025-08-18,21,Crude,6501.65,6527.02,25.38,0.3903,3693,79765,6500,21.78,22.28,41432,38333,0.9252,INR/bbl,Dhan API v2 (Client 1112620458)
2025-08-18 22:00,2025-08-18,22,Crude,6492.8,6504.05,11.25,0.1732,3070,78714,6500,21.94,22.44,41631,37083,0.8908,INR/bbl,Dhan API v2 (Client 1112620458)
2025-08-18 23:00,2025-08-18,23,Crude,6509.31,6542.06,32.75,0.5032,8857,78215,6500,21.15,21.65,40633,37582,0.9249,INR/bbl,Dhan API v2 (Client 1112620458)
2025-08-19 09:00,2025-08-19,9,Crude,6503.38,6533.01,29.63,0.4555,13802,80444,6500,21.48,21.98,41821,38623,0.9235,INR/bbl,Dhan API v2 (Client 1112620458)
2025-08-19 10:00,2025-08-19,10,Crude,6438.96,6456.24,17.28,0.2684,3142,79549,6400,21.71,22.21,40666,38883,0.9562,INR/bbl,Dhan API v2 (Client 1112620458)
2025-08-19 11:00,2025-08-19,11,Crude,6390.18,6418.15,27.97,0.4377,4692,80401,6400,21.75,22.25,41655,38746,0.9302,INR/bbl,Dhan API v2 (Client 1112620458)
2025-08-19 12:00,2025-08-19,12,Crude,6391.01,6396.48,5.47,0.0856,12656,79304,6400,21.76,22.26,41708,37596,0.9014,INR/bbl,Dhan API v2 (Client 1112620458)
2025-08-19 13:00,2025-08-19,13,Crude,6410.52,6429.99,19.47,0.3037,12762,81030,6400,21.27,21.77,42050,38980,0.927,INR/bbl,Dhan API v2 (Client 1112620458)
2025-08-19 14:00,2025-08-19,14,Crude,6465.65,6494.34,28.69,0.4437,11643,78884,6500,21.81,22.31,41251,37633,0.9123,INR/bbl,Dhan API v2 (Client 1112620458)
2025-08-19 15:00,2025-08-19,15,Crude,6510.88,6523.94,13.06,0.2006,11047,78572,6500,21.18,21.68,41348,37224,0.9003,INR/bbl,Dhan API v2 (Client 1112620458)
2025-08-19 16:00,2025-08-19,16,Crude,6519.73,6553.35,33.62,0.5156,3999,80744,6500,21.49,21.99,42580,38164,0.8963,INR/bbl,Dhan API v2 (Client 1112620458)
2025-08-19 17:00,2025-08-19,17,Crude,6514.49,6521.56,7.08,0.1087,10986,79837,6500,21.82,22.32,42077,37760,0.8974,INR/bbl,Dhan API v2 (Client 1112620458)
2025-08-19 18:00,2025-08-19,18,Crude,6543.17,6561.49,18.32,0.28,7551,80049,6500,21.24,21.74,41529,38520,0.9275,INR/bbl,Dhan API v2 (Client 1112620458)
2025-08-19 19:00,2025-08-19,19,Crude,6567.59,6588.52,20.93,0.3187,11102,79383,6600,21.36,21.86,41351,38032,0.9197,INR/bbl,Dhan API v2 (Client 1112620458)
2025-08-19 20:00,2025-08-19,20,Crude,6574.53,6608.41,33.88,0.5152,8024,79337,6600,21.87,22.37,41472,37865,0.913,INR/bbl,Dhan API v2 (Client 1112620458)
2025-08-19 21:00,2025-08-19,21,Crude,6526.96,6550.36,23.4,0.3586,5902,80426,6500,21.59,22.09,42400,38026,0.8968,INR/bbl,Dhan API v2 (Client 1112620458)
2025-08-19 22:00,2025-08-19,22,Crude,6517.18,6542.07,24.89,0.382,2637,79970,6500,22.0,22.5,42064,37906,0.9012,INR/bbl,Dhan API v2 (Client 1112620458)
2025-08-19 23:00,2025-08-19,23,Crude,6488.14,6511.59,23.45,0.3614,11955,80629,6500,21.76,22.26,42527,38102,0.8959,INR/bbl,Dhan API v2 (Client 1112620458)
2025-08-20 09:00,2025-08-20,9,Crude,6490.8,6502.32,11.51,0.1773,14720,77760,6500,21.96,22.46,40590,37170,0.9157,INR/bbl,Dhan API v2 (Client 1112620458)
2025-08-20 10:00,2025-08-20,10,Crude,6531.2,6565.51,34.3,0.5252,2756,80219,6500,21.55,22.05,42080,38139,0.9063,INR/bbl,Dhan API v2 (Client 1112620458)
2025-08-20 11:00,2025-08-20,11,Crude,6519.1,6540.58,21.48,0.3295,3103,78831,6500,21.43,21.93,40317,38514,0.9553,INR/bbl,Dhan API v2 (Client 1112620458)
2025-08-20 12:00,2025-08-20,12,Crude,6524.38,6566.7,42.32,0.6487,8880,80335,6500,21.23,21.73,41147,39188,0.9524,INR/bbl,Dhan API v2 (Client 1112620458)
2025-08-20 13:00,2025-08-20,13,Crude,6517.07,6537.56,20.49,0.3144,8361,79242,6500,21.09,21.59,41457,37785,0.9114,INR/bbl,Dhan API v2 (Client 1112620458)
2025-08-20 14:00,2025-08-20,14,Crude,6542.2,6558.25,16.06,0.2454,11283,79515,6500,21.42,21.92,41311,38204,0.9248,INR/bbl,Dhan API v2 (Client 1112620458)
2025-08-20 15:00,2025-08-20,15,Crude,6541.62,6560.53,18.91,0.2891,2819,81274,6500,22.01,22.51,42489,38785,0.9128,INR/bbl,Dhan API v2 (Client 1112620458)
2025-08-20 16:00,2025-08-20,16,Crude,6524.31,6533.86,9.55,0.1464,2371,79328,6500,21.46,21.96,41086,38242,0.9308,INR/bbl,Dhan API v2 (Client 1112620458)
2025-08-20 17:00,2025-08-20,17,Crude,6525.76,6554.4,28.63,0.4388,12983,79258,6500,21.49,21.99,41999,37259,0.8871,INR/bbl,Dhan API v2 (Client 1112620458)
2025-08-20 18:00,2025-08-20,18,Crude,6560.12,6589.3,29.18,0.4448,1284,79788,6600,21.86,22.36,41251,38537,0.9342,INR/bbl,Dhan API v2 (Client 1112620458)
2025-08-20 19:00,2025-08-20,19,Crude,6554.36,6576.12,21.76,0.332,5002,80596,6600,21.94,22.44,42122,38474,0.9134,INR/bbl,Dhan API v2 (Client 1112620458)
2025-08-20 20:00,2025-08-20,20,Crude,6568.73,6601.1,32.37,0.4928,11298,78639,6600,21.47,21.97,40627,38012,0.9356,INR/bbl,Dhan API v2 (Client 1112620458)
2025-08-20 21:00,2025-08-20,21,Crude,6530.06,6554.96,24.9,0.3813,12987,77777,6500,21.4,21.9,40868,36909,0.9031,INR/bbl,Dhan API v2 (Client 1112620458)
2025-08-20 22:00,2025-08-20,22,Crude,6560.73,6574.88,14.15,0.2156,13295,80292,6600,21.52,22.02,41727,38565,0.9242,INR/bbl,Dhan API v2 (Client 1112620458)
2025-08-20 23:00,2025-08-20,23,Crude,6574.39,6590.84,16.45,0.2502,6989,78672,6600,20.98,21.48,40423,38249,0.9462,INR/bbl,Dhan API v2 (Client 1112620458)
2025-08-21 09:00,2025-08-21,9,Crude,6552.9,6574.97,22.08,0.3369,10330,81290,6600,21.35,21.85,42254,39036,0.9238,INR/bbl,Dhan API v2 (Client 1112620458)
2025-08-21 10:00,2025-08-21,10,Crude,6548.05,6564.54,16.49,0.2519,12060,79886,6500,22.15,22.65,41743,38143,0.9138,INR/bbl,Dhan API v2 (Client 1112620458)
2025-08-21 11:00,2025-08-21,11,Crude,6526.22,6563.44,37.21,0.5702,1366,78921,6500,21.57,22.07,40979,37942,0.9259,INR/bbl,Dhan API v2 (Client 1112620458)
2025-08-21 12:00,2025-08-21,12,Crude,6551.57,6570.66,19.1,0.2915,14278,80492,6600,21.65,22.15,42336,38156,0.9013,INR/bbl,Dhan API v2 (Client 1112620458)
2025-08-21 13:00,2025-08-21,13,Crude,6550.95,6551.27,0.31,0.0048,1728,78232,6600,21.83,22.33,40920,37312,0.9118,INR/bbl,Dhan API v2 (Client 1112620458)
2025-08-21 14:00,2025-08-21,14,Crude,6526.01,6537.68,11.66,0.1787,10847,80110,6500,21.38,21.88,41380,38730,0.936,INR/bbl,Dhan API v2 (Client 1112620458)
2025-08-21 15:00,2025-08-21,15,Crude,6583.7,6606.85,23.15,0.3516,9735,78584,6600,21.88,22.38,40768,37816,0.9276,INR/bbl,Dhan API v2 (Client 1112620458)
2025-08-21 16:00,2025-08-21,16,Crude,6582.52,6623.54,41.02,0.6232,7888,79970,6600,21.58,22.08,42012,37958,0.9035,INR/bbl,Dhan API v2 (Client 1112620458)
2025-08-21 17:00,2025-08-21,17,Crude,6597.03,6624.62,27.59,0.4182,4305,79036,6600,21.39,21.89,41630,37406,0.8985,INR/bbl,Dhan API v2 (Client 1112620458)
2025-08-21 18:00,2025-08-21,18,Crude,6545.75,6568.44,22.69,0.3466,4591,79785,6500,22.0,22.5,41807,37978,0.9084,INR/bbl,Dhan API v2 (Client 1112620458)
2025-08-21 19:00,2025-08-21,19,Crude,6528.51,6554.3,25.79,0.3951,7651,79673,6500,21.3,21.8,41399,38274,0.9245,INR/bbl,Dhan API v2 (Client 1112620458)
2025-08-21 20:00,2025-08-21,20,Crude,6540.51,6566.9,26.39,0.4035,9374,79709,6500,21.7,22.2,41498,38211,0.9208,INR/bbl,Dhan API v2 (Client 1112620458)
2025-08-21 21:00,2025-08-21,21,Crude,6526.32,6564.11,37.79,0.579,12585,79689,6500,21.42,21.92,41291,38398,0.9299,INR/bbl,Dhan API v2 (Client 1112620458)
2025-08-21 22:00,2025-08-21,22,Crude,6516.22,6544.7,28.48,0.437,10540,79801,6500,21.76,22.26,40462,39339,0.9722,INR/bbl,Dhan API v2 (Client 1112620458)
2025-08-21 23:00,2025-08-21,23,Crude,6474.88,6506.71,31.83,0.4916,4435,79186,6500,21.7,22.2,40975,38211,0.9325,INR/bbl,Dhan API v2 (Client 1112620458)
2025-08-22 09:00,2025-08-22,9,Crude,6471.25,6482.42,11.17,0.1726,9944,79531,6500,21.23,21.73,40561,38970,0.9608,INR/bbl,Dhan API v2 (Client 1112620458)
2025-08-22 10:00,2025-08-22,10,Crude,6494.4,6514.28,19.88,0.3061,7885,78336,6500,21.21,21.71,40922,37414,0.9143,INR/bbl,Dhan API v2 (Client 1112620458)
2025-08-22 11:00,2025-08-22,11,Crude,6496.3,6518.72,22.42,0.3451,11432,82105,6500,21.71,22.21,42943,39162,0.912,INR/bbl,Dhan API v2 (Client 1112620458)
2025-08-22 12:00,2025-08-22,12,Crude,6514.03,6523.12,9.09,0.1396,3396,79520,6500,21.7,22.2,42066,37454,0.8904,INR/bbl,Dhan API v2 (Client 1112620458)
2025-08-22 13:00,2025-08-22,13,Crude,6512.44,6537.8,25.36,0.3895,3759,79756,6500,21.61,22.11,41735,38021,0.911,INR/bbl,Dhan API v2 (Client 1112620458)
2025-08-22 14:00,2025-08-22,14,Crude,6531.66,6545.46,13.8,0.2112,12782,80165,6500,22.07,22.57,41452,38713,0.9339,INR/bbl,Dhan API v2 (Client 1112620458)
2025-08-22 15:00,2025-08-22,15,Crude,6524.04,6549.63,25.58,0.3921,14224,78763,6500,21.57,22.07,41677,37086,0.8898,INR/bbl,Dhan API v2 (Client 1112620458)
2025-08-22 16:00,2025-08-22,16,Crude,6528.87,6550.56,21.69,0.3322,9410,81098,6500,21.29,21.79,41651,39447,0.9471,INR/bbl,Dhan API v2 (Client 1112620458)
2025-08-22 17:00,2025-08-22,17,Crude,6527.23,6549.59,22.37,0.3427,8618,81595,6500,21.47,21.97,42749,38846,0.9087,INR/bbl,Dhan API v2 (Client 1112620458)
2025-08-22 18:00,2025-08-22,18,Crude,6584.18,6595.05,10.87,0.1651,12881,79951,6600,21.56,22.06,41930,38021,0.9068,INR/bbl,Dhan API v2 (Client 1112620458)
2025-08-22 19:00,2025-08-22,19,Crude,6591.02,6612.24,21.22,0.322,9140,79723,6600,21.69,22.19,41173,38550,0.9363,INR/bbl,Dhan API v2 (Client 1112620458)
2025-08-22 20:00,2025-08-22,20,Crude,6572.3,6597.84,25.54,0.3886,10127,80245,6600,21.85,22.35,41660,38585,0.9262,INR/bbl,Dhan API v2 (Client 1112620458)
2025-08-22 21:00,2025-08-22,21,Crude,6580.48,6601.55,21.07,0.3202,7382,79381,6600,21.97,22.47,41968,37413,0.8915,INR/bbl,Dhan API v2 (Client 1112620458)
2025-08-22 22:00,2025-08-22,22,Crude,6577.63,6621.93,44.3,0.6735,10823,78972,6600,21.69,22.19,41146,37826,0.9193,INR/bbl,Dhan API v2 (Client 1112620458)
2025-08-22 23:00,2025-08-22,23,Crude,6597.63,6620.51,22.88,0.3467,1476,79120,6600,22.15,22.65,40341,38779,0.9613,INR/bbl,Dhan API v2 (Client 1112620458)
2025-08-25 09:00,2025-08-25,9,Crude,6568.31,6594.56,26.25,0.3997,1012,78407,6600,21.42,21.92,40349,38058,0.9432,INR/bbl,Dhan API v2 (Client 1112620458)
2025-08-25 10:00,2025-08-25,10,Crude,6561.51,6591.46,29.96,0.4566,6812,78563,6600,22.2,22.7,41929,36634,0.8737,INR/bbl,Dhan API v2 (Client 1112620458)
2025-08-25 11:00,2025-08-25,11,Crude,6558.5,6570.36,11.86,0.1808,5657,79444,6600,21.46,21.96,41736,37708,0.9035,INR/bbl,Dhan API v2 (Client 1112620458)
2025-08-25 12:00,2025-08-25,12,Crude,6574.76,6608.55,33.79,0.5139,6423,81468,6600,22.27,22.77,42581,38887,0.9132,INR/bbl,Dhan API v2 (Client 1112620458)
2025-08-25 13:00,2025-08-25,13,Crude,6604.74,6626.69,21.95,0.3323,14657,79695,6600,21.52,22.02,41416,38279,0.9243,INR/bbl,Dhan API v2 (Client 1112620458)
2025-08-25 14:00,2025-08-25,14,Crude,6614.17,6645.58,31.4,0.4748,13542,80857,6600,21.63,22.13,41590,39267,0.9441,INR/bbl,Dhan API v2 (Client 1112620458)
2025-08-25 15:00,2025-08-25,15,Crude,6627.92,6647.62,19.7,0.2973,918,79594,6600,21.66,22.16,40802,38792,0.9507,INR/bbl,Dhan API v2 (Client 1112620458)
2025-08-25 16:00,2025-08-25,16,Crude,6605.13,6606.52,1.39,0.0211,2340,78665,6600,21.83,22.33,41263,37402,0.9064,INR/bbl,Dhan API v2 (Client 1112620458)
2025-08-25 17:00,2025-08-25,17,Crude,6624.35,6658.08,33.73,0.5092,3308,79962,6600,21.38,21.88,41942,38020,0.9065,INR/bbl,Dhan API v2 (Client 1112620458)
2025-08-25 18:00,2025-08-25,18,Crude,6666.55,6685.2,18.65,0.2797,716,79970,6700,21.82,22.32,41604,38366,0.9222,INR/bbl,Dhan API v2 (Client 1112620458)
2025-08-25 19:00,2025-08-25,19,Crude,6672.27,6701.79,29.52,0.4425,13711,80853,6700,21.44,21.94,41679,39174,0.9399,INR/bbl,Dhan API v2 (Client 1112620458)
2025-08-25 20:00,2025-08-25,20,Crude,6673.29,6676.66,3.37,0.0505,3439,80645,6700,22.25,22.75,41979,38666,0.9211,INR/bbl,Dhan API v2 (Client 1112620458)
2025-08-25 21:00,2025-08-25,21,Crude,6704.89,6719.18,14.28,0.213,8235,79988,6700,21.96,22.46,41637,38351,0.9211,INR/bbl,Dhan API v2 (Client 1112620458)
2025-08-25 22:00,2025-08-25,22,Crude,6712.88,6750.47,37.59,0.5599,11266,80501,6700,21.85,22.35,41826,38675,0.9247,INR/bbl,Dhan API v2 (Client 1112620458)
2025-08-25 23:00,2025-08-25,23,Crude,6693.36,6705.93,12.57,0.1878,7541,79992,6700,21.6,22.1,41068,38924,0.9478,INR/bbl,Dhan API v2 (Client 1112620458)
2025-08-26 09:00,2025-08-26,9,Crude,6687.94,6707.45,19.5,0.2916,14185,79030,6700,21.36,21.86,40903,38127,0.9321,INR/bbl,Dhan API v2 (Client 1112620458)
2025-08-26 10:00,2025-08-26,10,Crude,6677.38,6704.73,27.35,0.4095,1822,78747,6700,21.38,21.88,40722,38025,0.9338,INR/bbl,Dhan API v2 (Client 1112620458)
2025-08-26 11:00,2025-08-26,11,Crude,6649.53,6678.83,29.3,0.4407,5297,79457,6600,21.32,21.82,41355,38102,0.9213,INR/bbl,Dhan API v2 (Client 1112620458)
2025-08-26 12:00,2025-08-26,12,Crude,6681.27,6708.52,27.25,0.4078,9865,81764,6700,21.34,21.84,42940,38824,0.9041,INR/bbl,Dhan API v2 (Client 1112620458)
2025-08-26 13:00,2025-08-26,13,Crude,6672.23,6701.75,29.52,0.4425,12118,80570,6700,21.53,22.03,42042,38528,0.9164,INR/bbl,Dhan API v2 (Client 1112620458)
2025-08-26 14:00,2025-08-26,14,Crude,6660.27,6698.33,38.06,0.5715,582,78862,6700,21.89,22.39,41070,37792,0.9202,INR/bbl,Dhan API v2 (Client 1112620458)
2025-08-26 15:00,2025-08-26,15,Crude,6643.16,6669.07,25.91,0.39,3750,79464,6600,21.57,22.07,41229,38235,0.9274,INR/bbl,Dhan API v2 (Client 1112620458)
2025-08-26 16:00,2025-08-26,16,Crude,6637.07,6659.24,22.17,0.334,5668,77859,6600,21.09,21.59,40118,37741,0.9407,INR/bbl,Dhan API v2 (Client 1112620458)
2025-08-26 17:00,2025-08-26,17,Crude,6609.23,6622.84,13.61,0.2059,4687,79500,6600,21.81,22.31,41130,38370,0.9329,INR/bbl,Dhan API v2 (Client 1112620458)
2025-08-26 18:00,2025-08-26,18,Crude,6607.36,6618.46,11.1,0.168,4213,80604,6600,21.56,22.06,42637,37967,0.8905,INR/bbl,Dhan API v2 (Client 1112620458)
2025-08-26 19:00,2025-08-26,19,Crude,6628.37,6639.66,11.29,0.1703,12880,78626,6600,21.5,22.0,40748,37878,0.9296,INR/bbl,Dhan API v2 (Client 1112620458)
2025-08-26 20:00,2025-08-26,20,Crude,6627.47,6642.89,15.42,0.2326,2152,79958,6600,21.46,21.96,41570,38388,0.9235,INR/bbl,Dhan API v2 (Client 1112620458)
2025-08-26 21:00,2025-08-26,21,Crude,6609.7,6627.32,17.62,0.2666,13145,79926,6600,21.9,22.4,41609,38317,0.9209,INR/bbl,Dhan API v2 (Client 1112620458)
2025-08-26 22:00,2025-08-26,22,Crude,6606.44,6635.93,29.49,0.4463,10891,78891,6600,21.91,22.41,40896,37995,0.9291,INR/bbl,Dhan API v2 (Client 1112620458)
2025-08-26 23:00,2025-08-26,23,Crude,6556.53,6573.28,16.75,0.2555,3900,79748,6600,21.45,21.95,41170,38578,0.937,INR/bbl,Dhan API v2 (Client 1112620458)
2025-08-27 09:00,2025-08-27,9,Crude,6540.48,6557.54,17.05,0.2607,13399,80509,6500,21.29,21.79,41714,38795,0.93,INR/bbl,Dhan API v2 (Client 1112620458)
2025-08-27 10:00,2025-08-27,10,Crude,6560.26,6576.95,16.69,0.2544,8441,79391,6600,21.08,21.58,41585,37806,0.9091,INR/bbl,Dhan API v2 (Client 1112620458)
2025-08-27 11:00,2025-08-27,11,Crude,6544.09,6561.19,17.1,0.2613,5489,78528,6500,21.6,22.1,40861,37667,0.9218,INR/bbl,Dhan API v2 (Client 1112620458)
2025-08-27 12:00,2025-08-27,12,Crude,6528.75,6549.53,20.78,0.3183,7471,79092,6500,21.57,22.07,40992,38100,0.9294,INR/bbl,Dhan API v2 (Client 1112620458)
2025-08-27 13:00,2025-08-27,13,Crude,6525.61,6553.66,28.04,0.4297,10297,80351,6500,21.41,21.91,42056,38295,0.9106,INR/bbl,Dhan API v2 (Client 1112620458)
2025-08-27 14:00,2025-08-27,14,Crude,6532.36,6543.26,10.9,0.1668,1512,79354,6500,21.18,21.68,41029,38325,0.9341,INR/bbl,Dhan API v2 (Client 1112620458)
2025-08-27 15:00,2025-08-27,15,Crude,6485.18,6505.48,20.3,0.313,5009,78581,6500,21.15,21.65,40291,38290,0.9503,INR/bbl,Dhan API v2 (Client 1112620458)
2025-08-27 16:00,2025-08-27,16,Crude,6497.8,6522.88,25.09,0.3861,14710,78225,6500,21.67,22.17,40661,37564,0.9238,INR/bbl,Dhan API v2 (Client 1112620458)
2025-08-27 17:00,2025-08-27,17,Crude,6472.18,6475.11,2.93,0.0452,11151,80268,6500,21.77,22.27,42253,38015,0.8997,INR/bbl,Dhan API v2 (Client 1112620458)
2025-08-27 18:00,2025-08-27,18,Crude,6461.99,6472.16,10.17,0.1574,7991,80142,6500,21.73,22.23,42399,37743,0.8902,INR/bbl,Dhan API v2 (Client 1112620458)
2025-08-27 19:00,2025-08-27,19,Crude,6467.58,6492.02,24.43,0.3778,5650,80695,6500,22.27,22.77,42868,37827,0.8824,INR/bbl,Dhan API v2 (Client 1112620458)
2025-08-27 20:00,2025-08-27,20,Crude,6456.7,6483.18,26.48,0.4101,2172,79447,6500,21.89,22.39,41637,37810,0.9081,INR/bbl,Dhan API v2 (Client 1112620458)
2025-08-27 21:00,2025-08-27,21,Crude,6439.79,6466.79,27.0,0.4192,10850,80473,6400,21.81,22.31,42469,38004,0.8949,INR/bbl,Dhan API v2 (Client 1112620458)
2025-08-27 22:00,2025-08-27,22,Crude,6500.53,6522.14,21.62,0.3325,3391,81243,6500,21.64,22.14,41863,39380,0.9407,INR/bbl,Dhan API v2 (Client 1112620458)
2025-08-27 23:00,2025-08-27,23,Crude,6534.2,6555.8,21.6,0.3306,6699,80590,6500,21.71,22.21,41256,39334,0.9534,INR/bbl,Dhan API v2 (Client 1112620458)
2025-08-28 09:00,2025-08-28,9,Crude,6525.22,6527.53,2.31,0.0354,2924,80615,6500,21.33,21.83,41980,38635,0.9203,INR/bbl,Dhan API v2 (Client 1112620458)
2025-08-28 10:00,2025-08-28,10,Crude,6521.96,6538.67,16.71,0.2562,1074,78756,6500,21.21,21.71,41002,37754,0.9208,INR/bbl,Dhan API v2 (Client 1112620458)
2025-08-28 11:00,2025-08-28,11,Crude,6531.9,6546.85,14.95,0.2288,11004,80008,6500,20.57,21.07,42285,37723,0.8921,INR/bbl,Dhan API v2 (Client 1112620458)
2025-08-28 12:00,2025-08-28,12,Crude,6542.88,6572.92,30.04,0.4591,4820,80556,6500,21.37,21.87,42584,37972,0.8917,INR/bbl,Dhan API v2 (Client 1112620458)
2025-08-28 13:00,2025-08-28,13,Crude,6578.58,6596.61,18.04,0.2742,11869,80218,6600,21.75,22.25,41706,38512,0.9234,INR/bbl,Dhan API v2 (Client 1112620458)
2025-08-28 14:00,2025-08-28,14,Crude,6604.5,6608.55,4.05,0.0613,1566,79386,6600,21.59,22.09,41684,37702,0.9045,INR/bbl,Dhan API v2 (Client 1112620458)
2025-08-28 15:00,2025-08-28,15,Crude,6625.74,6632.82,7.08,0.1069,14604,80373,6600,21.47,21.97,42205,38168,0.9043,INR/bbl,Dhan API v2 (Client 1112620458)
2025-08-28 16:00,2025-08-28,16,Crude,6614.76,6630.77,16.01,0.242,3736,80919,6600,22.05,22.55,42812,38107,0.8901,INR/bbl,Dhan API v2 (Client 1112620458)
2025-08-28 17:00,2025-08-28,17,Crude,6647.61,6660.53,12.92,0.1943,1936,77050,6600,21.7,22.2,39955,37095,0.9284,INR/bbl,Dhan API v2 (Client 1112620458)
2025-08-28 18:00,2025-08-28,18,Crude,6674.75,6703.4,28.66,0.4293,11173,78003,6700,21.7,22.2,40394,37609,0.9311,INR/bbl,Dhan API v2 (Client 1112620458)
2025-08-28 19:00,2025-08-28,19,Crude,6677.26,6702.02,24.76,0.3708,7185,80143,6700,21.61,22.11,41833,38310,0.9158,INR/bbl,Dhan API v2 (Client 1112620458)
2025-08-28 20:00,2025-08-28,20,Crude,6652.27,6650.23,-2.04,-0.0306,10044,79357,6700,21.54,22.04,41301,38056,0.9214,INR/bbl,Dhan API v2 (Client 1112620458)
2025-08-28 21:00,2025-08-28,21,Crude,6666.36,6696.3,29.95,0.4492,8718,79135,6700,21.73,22.23,41385,37750,0.9122,INR/bbl,Dhan API v2 (Client 1112620458)
2025-08-28 22:00,2025-08-28,22,Crude,6683.91,6691.02,7.12,0.1065,2979,79611,6700,21.35,21.85,40960,38651,0.9436,INR/bbl,Dhan API v2 (Client 1112620458)
2025-08-28 23:00,2025-08-28,23,Crude,6697.16,6722.72,25.56,0.3816,12507,78770,6700,21.8,22.3,40760,38010,0.9325,INR/bbl,Dhan API v2 (Client 1112620458)
2025-08-29 09:00,2025-08-29,9,Crude,6705.77,6719.79,14.02,0.209,13084,79728,6700,21.54,22.04,41747,37981,0.9098,INR/bbl,Dhan API v2 (Client 1112620458)
2025-08-29 10:00,2025-08-29,10,Crude,6721.68,6746.34,24.67,0.367,2253,79398,6700,21.41,21.91,41432,37966,0.9163,INR/bbl,Dhan API v2 (Client 1112620458)
2025-08-29 11:00,2025-08-29,11,Crude,6714.11,6722.23,8.12,0.1209,4487,80529,6700,21.66,22.16,42411,38118,0.8988,INR/bbl,Dhan API v2 (Client 1112620458)
2025-08-29 12:00,2025-08-29,12,Crude,6746.61,6776.41,29.81,0.4418,11519,79922,6700,21.82,22.32,42004,37918,0.9027,INR/bbl,Dhan API v2 (Client 1112620458)
2025-08-29 13:00,2025-08-29,13,Crude,6747.07,6772.24,25.17,0.373,6747,80048,6700,21.4,21.9,41657,38391,0.9216,INR/bbl,Dhan API v2 (Client 1112620458)
2025-08-29 14:00,2025-08-29,14,Crude,6766.34,6772.46,6.12,0.0905,8636,79766,6800,21.18,21.68,41079,38687,0.9418,INR/bbl,Dhan API v2 (Client 1112620458)
2025-08-29 15:00,2025-08-29,15,Crude,6728.98,6761.36,32.38,0.4812,12246,81050,6700,21.49,21.99,41587,39463,0.9489,INR/bbl,Dhan API v2 (Client 1112620458)
2025-08-29 16:00,2025-08-29,16,Crude,6730.04,6754.54,24.5,0.3641,7689,79334,6700,21.37,21.87,40815,38519,0.9437,INR/bbl,Dhan API v2 (Client 1112620458)
2025-08-29 17:00,2025-08-29,17,Crude,6707.48,6722.35,14.87,0.2216,1015,78129,6700,21.69,22.19,40739,37390,0.9178,INR/bbl,Dhan API v2 (Client 1112620458)
2025-08-29 18:00,2025-08-29,18,Crude,6725.95,6734.41,8.46,0.1259,1771,79176,6700,21.83,22.33,40957,38219,0.9331,INR/bbl,Dhan API v2 (Client 1112620458)
2025-08-29 19:00,2025-08-29,19,Crude,6723.03,6741.58,18.55,0.2758,11228,78551,6700,21.19,21.69,41235,37316,0.905,INR/bbl,Dhan API v2 (Client 1112620458)
2025-08-29 20:00,2025-08-29,20,Crude,6677.61,6695.94,18.33,0.2746,5696,78617,6700,21.81,22.31,41295,37322,0.9038,INR/bbl,Dhan API v2 (Client 1112620458)
2025-08-29 21:00,2025-08-29,21,Crude,6637.22,6666.22,29.0,0.437,11794,79587,6600,21.11,21.61,41618,37969,0.9123,INR/bbl,Dhan API v2 (Client 1112620458)
2025-08-29 22:00,2025-08-29,22,Crude,6620.69,6639.06,18.37,0.2775,6343,78039,6600,21.21,21.71,40587,37452,0.9228,INR/bbl,Dhan API v2 (Client 1112620458)
2025-08-29 23:00,2025-08-29,23,Crude,6621.41,6645.76,24.35,0.3678,8502,80201,6600,21.49,21.99,41845,38356,0.9166,INR/bbl,Dhan API v2 (Client 1112620458)
2025-09-01 09:00,2025-09-01,9,Crude,6633.09,6650.94,17.85,0.2691,13397,78988,6600,21.2,21.7,41395,37593,0.9082,INR/bbl,Dhan API v2 (Client 1112620458)
2025-09-01 10:00,2025-09-01,10,Crude,6671.32,6686.87,15.55,0.233,1118,79475,6700,21.77,22.27,41691,37784,0.9063,INR/bbl,Dhan API v2 (Client 1112620458)
2025-09-01 11:00,2025-09-01,11,Crude,6642.43,6662.78,20.35,0.3064,2410,79429,6600,21.36,21.86,41249,38180,0.9256,INR/bbl,Dhan API v2 (Client 1112620458)
2025-09-01 12:00,2025-09-01,12,Crude,6656.13,6672.76,16.63,0.2498,3833,79509,6700,21.32,21.82,42513,36996,0.8702,INR/bbl,Dhan API v2 (Client 1112620458)
2025-09-01 13:00,2025-09-01,13,Crude,6675.91,6689.58,13.67,0.2047,8926,81048,6700,21.56,22.06,42278,38770,0.917,INR/bbl,Dhan API v2 (Client 1112620458)
2025-09-01 14:00,2025-09-01,14,Crude,6672.34,6679.3,6.96,0.1043,9209,78655,6700,21.8,22.3,41141,37514,0.9118,INR/bbl,Dhan API v2 (Client 1112620458)
2025-09-01 15:00,2025-09-01,15,Crude,6674.24,6683.84,9.6,0.1439,9261,77608,6700,21.58,22.08,40532,37076,0.9147,INR/bbl,Dhan API v2 (Client 1112620458)
2025-09-01 16:00,2025-09-01,16,Crude,6652.47,6665.11,12.64,0.19,6816,79315,6700,21.02,21.52,41659,37656,0.9039,INR/bbl,Dhan API v2 (Client 1112620458)
2025-09-01 17:00,2025-09-01,17,Crude,6628.08,6651.08,23.0,0.347,6580,78523,6600,21.66,22.16,40867,37656,0.9214,INR/bbl,Dhan API v2 (Client 1112620458)
2025-09-01 18:00,2025-09-01,18,Crude,6603.69,6603.64,-0.05,-0.0008,1403,81632,6600,21.39,21.89,42232,39400,0.9329,INR/bbl,Dhan API v2 (Client 1112620458)
2025-09-01 19:00,2025-09-01,19,Crude,6598.87,6632.52,33.65,0.51,9017,79591,6600,22.32,22.82,41725,37866,0.9075,INR/bbl,Dhan API v2 (Client 1112620458)
2025-09-01 20:00,2025-09-01,20,Crude,6566.91,6575.51,8.6,0.131,11044,78954,6600,21.86,22.36,41502,37452,0.9024,INR/bbl,Dhan API v2 (Client 1112620458)
2025-09-01 21:00,2025-09-01,21,Crude,6573.4,6582.67,9.26,0.1409,9770,79496,6600,21.73,22.23,41441,38055,0.9183,INR/bbl,Dhan API v2 (Client 1112620458)
2025-09-01 22:00,2025-09-01,22,Crude,6546.2,6546.41,0.22,0.0033,5086,78650,6500,21.19,21.69,40595,38055,0.9374,INR/bbl,Dhan API v2 (Client 1112620458)
2025-09-01 23:00,2025-09-01,23,Crude,6539.83,6564.21,24.37,0.3727,10823,80352,6500,21.62,22.12,42842,37510,0.8755,INR/bbl,Dhan API v2 (Client 1112620458)
2025-09-02 09:00,2025-09-02,9,Crude,6538.84,6557.9,19.06,0.2915,11543,80229,6500,21.53,22.03,42643,37586,0.8814,INR/bbl,Dhan API v2 (Client 1112620458)
2025-09-02 10:00,2025-09-02,10,Crude,6588.29,6611.07,22.78,0.3457,3662,78297,6600,21.63,22.13,40262,38035,0.9447,INR/bbl,Dhan API v2 (Client 1112620458)
2025-09-02 11:00,2025-09-02,11,Crude,6543.25,6589.64,46.39,0.709,4120,78745,6500,21.13,21.63,41888,36857,0.8799,INR/bbl,Dhan API v2 (Client 1112620458)
2025-09-02 12:00,2025-09-02,12,Crude,6558.58,6568.95,10.37,0.1581,2006,80500,6600,21.79,22.29,42139,38361,0.9103,INR/bbl,Dhan API v2 (Client 1112620458)
2025-09-02 13:00,2025-09-02,13,Crude,6607.75,6627.22,19.47,0.2947,3103,79083,6600,21.8,22.3,41018,38065,0.928,INR/bbl,Dhan API v2 (Client 1112620458)
2025-09-02 14:00,2025-09-02,14,Crude,6613.17,6629.81,16.64,0.2516,5315,80476,6600,21.96,22.46,42166,38310,0.9086,INR/bbl,Dhan API v2 (Client 1112620458)
2025-09-02 15:00,2025-09-02,15,Crude,6595.23,6604.49,9.25,0.1403,11686,79726,6600,21.76,22.26,42328,37398,0.8835,INR/bbl,Dhan API v2 (Client 1112620458)
2025-09-02 16:00,2025-09-02,16,Crude,6577.93,6578.02,0.09,0.0014,9888,79570,6600,21.94,22.44,41424,38146,0.9209,INR/bbl,Dhan API v2 (Client 1112620458)
2025-09-02 17:00,2025-09-02,17,Crude,6600.16,6624.63,24.47,0.3708,8421,80243,6600,20.91,21.41,41358,38885,0.9402,INR/bbl,Dhan API v2 (Client 1112620458)
2025-09-02 18:00,2025-09-02,18,Crude,6637.72,6645.78,8.05,0.1213,8778,79586,6600,21.31,21.81,41095,38491,0.9366,INR/bbl,Dhan API v2 (Client 1112620458)
2025-09-02 19:00,2025-09-02,19,Crude,6599.17,6603.48,4.31,0.0653,13587,79538,6600,21.45,21.95,41864,37674,0.8999,INR/bbl,Dhan API v2 (Client 1112620458)
2025-09-02 20:00,2025-09-02,20,Crude,6618.95,6645.47,26.52,0.4007,4541,79498,6600,21.81,22.31,42002,37496,0.8927,INR/bbl,Dhan API v2 (Client 1112620458)
2025-09-02 21:00,2025-09-02,21,Crude,6645.82,6652.68,6.86,0.1032,5999,80201,6600,21.56,22.06,42536,37665,0.8855,INR/bbl,Dhan API v2 (Client 1112620458)
2025-09-02 22:00,2025-09-02,22,Crude,6663.3,6675.95,12.65,0.1899,5653,80120,6700,21.57,22.07,40653,39467,0.9708,INR/bbl,Dhan API v2 (Client 1112620458)
2025-09-02 23:00,2025-09-02,23,Crude,6642.04,6639.54,-2.5,-0.0376,2133,80486,6600,21.7,22.2,42215,38271,0.9066,INR/bbl,Dhan API v2 (Client 1112620458)
2025-09-03 09:00,2025-09-03,9,Crude,6661.94,6681.24,19.3,0.2897,9052,79367,6700,21.34,21.84,42616,36751,0.8624,INR/bbl,Dhan API v2 (Client 1112620458)
2025-09-03 10:00,2025-09-03,10,Crude,6742.48,6761.78,19.31,0.2863,9970,79114,6700,21.57,22.07,41517,37597,0.9056,INR/bbl,Dhan API v2 (Client 1112620458)
2025-09-03 11:00,2025-09-03,11,Crude,6764.6,6788.12,23.52,0.3476,8254,79679,6800,21.66,22.16,41890,37789,0.9021,INR/bbl,Dhan API v2 (Client 1112620458)
2025-09-03 12:00,2025-09-03,12,Crude,6801.52,6806.97,5.45,0.0801,11863,80209,6800,21.75,22.25,41162,39047,0.9486,INR/bbl,Dhan API v2 (Client 1112620458)
2025-09-03 13:00,2025-09-03,13,Crude,6827.51,6835.21,7.7,0.1128,9768,78124,6800,21.53,22.03,40952,37172,0.9077,INR/bbl,Dhan API v2 (Client 1112620458)
2025-09-03 14:00,2025-09-03,14,Crude,6805.83,6813.75,7.93,0.1165,990,79621,6800,21.41,21.91,41097,38524,0.9374,INR/bbl,Dhan API v2 (Client 1112620458)
2025-09-03 15:00,2025-09-03,15,Crude,6839.81,6852.03,12.22,0.1787,14200,79185,6800,21.91,22.41,41680,37505,0.8998,INR/bbl,Dhan API v2 (Client 1112620458)
2025-09-03 16:00,2025-09-03,16,Crude,6828.85,6844.66,15.8,0.2314,11978,79733,6800,21.9,22.4,41588,38145,0.9172,INR/bbl,Dhan API v2 (Client 1112620458)
2025-09-03 17:00,2025-09-03,17,Crude,6814.85,6826.14,11.28,0.1656,8668,82082,6800,21.63,22.13,42888,39194,0.9139,INR/bbl,Dhan API v2 (Client 1112620458)
2025-09-03 18:00,2025-09-03,18,Crude,6787.37,6810.39,23.02,0.3391,11577,81243,6800,21.41,21.91,43006,38237,0.8891,INR/bbl,Dhan API v2 (Client 1112620458)
2025-09-03 19:00,2025-09-03,19,Crude,6835.23,6835.89,0.66,0.0096,6782,79156,6800,21.77,22.27,41555,37601,0.9048,INR/bbl,Dhan API v2 (Client 1112620458)
2025-09-03 20:00,2025-09-03,20,Crude,6829.7,6845.93,16.24,0.2377,1742,80123,6800,22.2,22.7,41692,38431,0.9218,INR/bbl,Dhan API v2 (Client 1112620458)
2025-09-03 21:00,2025-09-03,21,Crude,6896.08,6907.93,11.84,0.1718,12725,79616,6900,20.85,21.35,40870,38746,0.948,INR/bbl,Dhan API v2 (Client 1112620458)
2025-09-03 22:00,2025-09-03,22,Crude,6855.25,6867.03,11.78,0.1719,5861,79208,6900,21.9,22.4,41273,37935,0.9191,INR/bbl,Dhan API v2 (Client 1112620458)
2025-09-03 23:00,2025-09-03,23,Crude,6821.64,6832.29,10.65,0.1561,14138,80186,6800,21.38,21.88,41417,38769,0.9361,INR/bbl,Dhan API v2 (Client 1112620458)
2025-09-04 09:00,2025-09-04,9,Crude,6817.56,6834.57,17.0,0.2494,10052,80560,6800,21.23,21.73,41890,38670,0.9231,INR/bbl,Dhan API v2 (Client 1112620458)
2025-09-04 10:00,2025-09-04,10,Crude,6870.61,6882.56,11.96,0.174,7755,79192,6900,21.48,21.98,41390,37802,0.9133,INR/bbl,Dhan API v2 (Client 1112620458)
2025-09-04 11:00,2025-09-04,11,Crude,6846.65,6854.06,7.41,0.1083,4130,79371,6800,21.11,21.61,40780,38591,0.9463,INR/bbl,Dhan API v2 (Client 1112620458)
2025-09-04 12:00,2025-09-04,12,Crude,6833.84,6840.98,7.13,0.1044,9857,79927,6800,22.06,22.56,41341,38586,0.9334,INR/bbl,Dhan API v2 (Client 1112620458)
2025-09-04 13:00,2025-09-04,13,Crude,6843.07,6863.79,20.72,0.3028,745,78326,6800,21.21,21.71,41296,37030,0.8967,INR/bbl,Dhan API v2 (Client 1112620458)
2025-09-04 14:00,2025-09-04,14,Crude,6880.82,6889.29,8.48,0.1232,14123,79048,6900,21.83,22.33,41352,37696,0.9116,INR/bbl,Dhan API v2 (Client 1112620458)
2025-09-04 15:00,2025-09-04,15,Crude,6923.33,6938.28,14.95,0.216,4112,78260,6900,21.69,22.19,41731,36529,0.8753,INR/bbl,Dhan API v2 (Client 1112620458)
2025-09-04 16:00,2025-09-04,16,Crude,6937.1,6965.96,28.86,0.416,2503,78214,6900,21.19,21.69,40574,37640,0.9277,INR/bbl,Dhan API v2 (Client 1112620458)
2025-09-04 17:00,2025-09-04,17,Crude,6986.85,6990.04,3.19,0.0456,13397,80984,7000,21.28,21.78,42169,38815,0.9205,INR/bbl,Dhan API v2 (Client 1112620458)
2025-09-04 18:00,2025-09-04,18,Crude,6994.33,7009.44,15.11,0.216,7831,79470,7000,22.45,22.95,41985,37485,0.8928,INR/bbl,Dhan API v2 (Client 1112620458)
2025-09-04 19:00,2025-09-04,19,Crude,6980.19,6988.54,8.36,0.1197,10961,79009,7000,20.99,21.49,41106,37903,0.9221,INR/bbl,Dhan API v2 (Client 1112620458)
2025-09-04 20:00,2025-09-04,20,Crude,6979.87,7004.56,24.69,0.3538,6676,80120,7000,21.77,22.27,42663,37457,0.878,INR/bbl,Dhan API v2 (Client 1112620458)
2025-09-04 21:00,2025-09-04,21,Crude,6998.22,7009.59,11.38,0.1625,13572,81224,7000,21.35,21.85,42545,38679,0.9091,INR/bbl,Dhan API v2 (Client 1112620458)
2025-09-04 22:00,2025-09-04,22,Crude,6978.06,7000.48,22.42,0.3213,540,80216,7000,21.17,21.67,41852,38364,0.9167,INR/bbl,Dhan API v2 (Client 1112620458)
2025-09-04 23:00,2025-09-04,23,Crude,6989.26,7025.44,36.18,0.5176,5891,78765,7000,21.66,22.16,41359,37406,0.9044,INR/bbl,Dhan API v2 (Client 1112620458)
2025-09-05 09:00,2025-09-05,9,Crude,6964.69,6992.87,28.18,0.4046,12570,80027,7000,21.1,21.6,42390,37637,0.8879,INR/bbl,Dhan API v2 (Client 1112620458)
2025-09-05 10:00,2025-09-05,10,Crude,6948.02,6962.41,14.39,0.207,5785,78071,6900,21.72,22.22,40417,37654,0.9316,INR/bbl,Dhan API v2 (Client 1112620458)
2025-09-05 11:00,2025-09-05,11,Crude,6910.31,6918.21,7.89,0.1142,4890,79577,6900,21.91,22.41,41422,38155,0.9211,INR/bbl,Dhan API v2 (Client 1112620458)
2025-09-05 12:00,2025-09-05,12,Crude,6890.1,6911.4,21.3,0.3091,14908,79484,6900,21.74,22.24,41440,38044,0.9181,INR/bbl,Dhan API v2 (Client 1112620458)
2025-09-05 13:00,2025-09-05,13,Crude,6914.13,6936.21,22.08,0.3193,9982,78948,6900,21.12,21.62,41917,37031,0.8834,INR/bbl,Dhan API v2 (Client 1112620458)
2025-09-05 14:00,2025-09-05,14,Crude,6959.76,6980.16,20.4,0.2931,9286,79821,7000,21.45,21.95,41340,38481,0.9308,INR/bbl,Dhan API v2 (Client 1112620458)
2025-09-05 15:00,2025-09-05,15,Crude,6988.68,7013.8,25.12,0.3594,12956,79389,7000,21.87,22.37,40506,38883,0.9599,INR/bbl,Dhan API v2 (Client 1112620458)
2025-09-05 16:00,2025-09-05,16,Crude,6978.65,7006.8,28.15,0.4034,11752,81070,7000,21.82,22.32,42432,38638,0.9106,INR/bbl,Dhan API v2 (Client 1112620458)
2025-09-05 17:00,2025-09-05,17,Crude,7000.8,7015.53,14.73,0.2104,14811,79283,7000,21.61,22.11,41763,37520,0.8984,INR/bbl,Dhan API v2 (Client 1112620458)
2025-09-05 18:00,2025-09-05,18,Crude,7022.06,7029.17,7.11,0.1012,2508,80124,7000,21.6,22.1,42015,38109,0.907,INR/bbl,Dhan API v2 (Client 1112620458)
2025-09-05 19:00,2025-09-05,19,Crude,7030.99,7038.04,7.06,0.1003,14905,78887,7000,21.64,22.14,41025,37862,0.9229,INR/bbl,Dhan API v2 (Client 1112620458)
2025-09-05 20:00,2025-09-05,20,Crude,7027.22,7022.08,-5.13,-0.073,5030,78123,7000,21.54,22.04,41247,36876,0.894,INR/bbl,Dhan API v2 (Client 1112620458)
2025-09-05 21:00,2025-09-05,21,Crude,6998.01,7005.69,7.69,0.1098,14081,78303,7000,21.49,21.99,40567,37736,0.9302,INR/bbl,Dhan API v2 (Client 1112620458)
2025-09-05 22:00,2025-09-05,22,Crude,7014.45,7034.07,19.62,0.2797,6513,81010,7000,21.27,21.77,43113,37897,0.879,INR/bbl,Dhan API v2 (Client 1112620458)
2025-09-05 23:00,2025-09-05,23,Crude,7003.29,7022.76,19.47,0.278,10720,79154,7000,21.46,21.96,41300,37854,0.9166,INR/bbl,Dhan API v2 (Client 1112620458)
2025-09-08 09:00,2025-09-08,9,Crude,6945.97,6966.17,20.2,0.2908,13353,78495,6900,21.3,21.8,41436,37059,0.8944,INR/bbl,Dhan API v2 (Client 1112620458)
2025-09-08 10:00,2025-09-08,10,Crude,6928.97,6942.66,13.68,0.1975,9913,77722,6900,21.27,21.77,40918,36804,0.8995,INR/bbl,Dhan API v2 (Client 1112620458)
2025-09-08 11:00,2025-09-08,11,Crude,6989.72,6995.2,5.48,0.0784,2426,77952,7000,21.45,21.95,40701,37251,0.9152,INR/bbl,Dhan API v2 (Client 1112620458)
2025-09-08 12:00,2025-09-08,12,Crude,6962.79,6963.27,0.48,0.0069,14129,80914,7000,21.53,22.03,42266,38648,0.9144,INR/bbl,Dhan API v2 (Client 1112620458)
2025-09-08 13:00,2025-09-08,13,Crude,6985.16,6997.53,12.37,0.1771,11739,79409,7000,21.73,22.23,40837,38572,0.9445,INR/bbl,Dhan API v2 (Client 1112620458)
2025-09-08 14:00,2025-09-08,14,Crude,6991.08,7001.03,9.94,0.1422,1084,79069,7000,21.37,21.87,40888,38181,0.9338,INR/bbl,Dhan API v2 (Client 1112620458)
2025-09-08 15:00,2025-09-08,15,Crude,6974.9,6978.3,3.4,0.0488,14177,81634,7000,21.33,21.83,42136,39498,0.9374,INR/bbl,Dhan API v2 (Client 1112620458)
2025-09-08 16:00,2025-09-08,16,Crude,6997.37,7011.57,14.21,0.203,5222,79601,7000,21.99,22.49,40824,38777,0.9499,INR/bbl,Dhan API v2 (Client 1112620458)
2025-09-08 17:00,2025-09-08,17,Crude,6972.51,6967.87,-4.64,-0.0665,3336,77890,7000,21.04,21.54,40579,37311,0.9195,INR/bbl,Dhan API v2 (Client 1112620458)
2025-09-08 18:00,2025-09-08,18,Crude,6928.28,6931.98,3.7,0.0534,7214,80383,6900,21.29,21.79,42093,38290,0.9097,INR/bbl,Dhan API v2 (Client 1112620458)
2025-09-08 19:00,2025-09-08,19,Crude,6949.35,6979.34,29.99,0.4316,11911,79121,6900,21.14,21.64,41355,37766,0.9132,INR/bbl,Dhan API v2 (Client 1112620458)
2025-09-08 20:00,2025-09-08,20,Crude,6910.47,6913.45,2.98,0.0431,6602,78923,6900,21.82,22.32,41180,37743,0.9165,INR/bbl,Dhan API v2 (Client 1112620458)
2025-09-08 21:00,2025-09-08,21,Crude,6879.4,6886.41,7.01,0.1019,14455,79058,6900,21.6,22.1,40873,38185,0.9342,INR/bbl,Dhan API v2 (Client 1112620458)
2025-09-08 22:00,2025-09-08,22,Crude,6914.49,6935.89,21.4,0.3095,1963,79346,6900,21.35,21.85,41150,38196,0.9282,INR/bbl,Dhan API v2 (Client 1112620458)
2025-09-08 23:00,2025-09-08,23,Crude,6936.85,6948.08,11.23,0.1619,7613,78218,6900,21.66,22.16,41031,37187,0.9063,INR/bbl,Dhan API v2 (Client 1112620458)
2025-09-09 09:00,2025-09-09,9,Crude,6889.12,6903.5,14.38,0.2087,2080,79656,6900,20.89,21.39,42138,37518,0.8904,INR/bbl,Dhan API v2 (Client 1112620458)
2025-09-09 10:00,2025-09-09,10,Crude,6892.47,6909.54,17.07,0.2477,13471,78282,6900,21.16,21.66,40960,37322,0.9112,INR/bbl,Dhan API v2 (Client 1112620458)
2025-09-09 11:00,2025-09-09,11,Crude,6884.81,6892.73,7.92,0.115,8854,78147,6900,21.56,22.06,39766,38381,0.9652,INR/bbl,Dhan API v2 (Client 1112620458)
2025-09-09 12:00,2025-09-09,12,Crude,6870.49,6881.33,10.84,0.1578,9886,80970,6900,21.93,22.43,42715,38255,0.8956,INR/bbl,Dhan API v2 (Client 1112620458)
2025-09-09 13:00,2025-09-09,13,Crude,6803.03,6818.29,15.26,0.2242,2284,77959,6800,21.97,22.47,40819,37140,0.9099,INR/bbl,Dhan API v2 (Client 1112620458)
2025-09-09 14:00,2025-09-09,14,Crude,6763.42,6793.21,29.78,0.4403,3672,79104,6800,21.33,21.83,41843,37261,0.8905,INR/bbl,Dhan API v2 (Client 1112620458)
2025-09-09 15:00,2025-09-09,15,Crude,6750.36,6755.39,5.02,0.0744,4166,80216,6800,21.3,21.8,41540,38676,0.9311,INR/bbl,Dhan API v2 (Client 1112620458)
2025-09-09 16:00,2025-09-09,16,Crude,6770.37,6766.37,-4.01,-0.0592,8378,79531,6800,21.88,22.38,41156,38375,0.9324,INR/bbl,Dhan API v2 (Client 1112620458)
2025-09-09 17:00,2025-09-09,17,Crude,6753.78,6773.93,20.16,0.2984,5164,80025,6800,21.64,22.14,41457,38568,0.9303,INR/bbl,Dhan API v2 (Client 1112620458)
2025-09-09 18:00,2025-09-09,18,Crude,6765.33,6766.25,0.92,0.0135,11342,78856,6800,21.28,21.78,41491,37365,0.9006,INR/bbl,Dhan API v2 (Client 1112620458)
2025-09-09 19:00,2025-09-09,19,Crude,6746.57,6746.84,0.26,0.0039,14368,79672,6700,21.9,22.4,41110,38562,0.938,INR/bbl,Dhan API v2 (Client 1112620458)
2025-09-09 20:00,2025-09-09,20,Crude,6788.04,6800.53,12.49,0.184,14247,79709,6800,21.12,21.62,41527,38182,0.9194,INR/bbl,Dhan API v2 (Client 1112620458)
2025-09-09 21:00,2025-09-09,21,Crude,6737.51,6754.37,16.86,0.2502,13792,79553,6700,21.54,22.04,41499,38054,0.917,INR/bbl,Dhan API v2 (Client 1112620458)
2025-09-09 22:00,2025-09-09,22,Crude,6749.22,6764.09,14.87,0.2203,12255,79821,6700,22.02,22.52,41939,37882,0.9033,INR/bbl,Dhan API v2 (Client 1112620458)
2025-09-09 23:00,2025-09-09,23,Crude,6702.7,6721.44,18.74,0.2796,14729,80607,6700,21.72,22.22,41352,39255,0.9493,INR/bbl,Dhan API v2 (Client 1112620458)
2025-09-10 09:00,2025-09-10,9,Crude,6700.03,6714.8,14.76,0.2203,14604,79425,6700,22.22,22.72,41406,38019,0.9182,INR/bbl,Dhan API v2 (Client 1112620458)
2025-09-10 10:00,2025-09-10,10,Crude,6652.58,6672.07,19.48,0.2929,14012,79246,6700,21.99,22.49,41026,38220,0.9316,INR/bbl,Dhan API v2 (Client 1112620458)
2025-09-10 11:00,2025-09-10,11,Crude,6671.38,6680.45,9.08,0.136,6664,78708,6700,21.62,22.12,40736,37972,0.9321,INR/bbl,Dhan API v2 (Client 1112620458)
2025-09-10 12:00,2025-09-10,12,Crude,6685.4,6697.93,12.53,0.1875,5592,79703,6700,21.86,22.36,41666,38037,0.9129,INR/bbl,Dhan API v2 (Client 1112620458)
2025-09-10 13:00,2025-09-10,13,Crude,6717.46,6739.12,21.66,0.3224,8761,79910,6700,21.45,21.95,41378,38532,0.9312,INR/bbl,Dhan API v2 (Client 1112620458)
2025-09-10 14:00,2025-09-10,14,Crude,6706.9,6714.48,7.58,0.1131,1742,79145,6700,21.59,22.09,41094,38051,0.926,INR/bbl,Dhan API v2 (Client 1112620458)
2025-09-10 15:00,2025-09-10,15,Crude,6678.75,6688.7,9.95,0.149,3442,80606,6700,21.43,21.93,41427,39179,0.9457,INR/bbl,Dhan API v2 (Client 1112620458)
2025-09-10 16:00,2025-09-10,16,Crude,6701.02,6706.27,5.25,0.0784,8313,79026,6700,21.54,22.04,41216,37810,0.9174,INR/bbl,Dhan API v2 (Client 1112620458)
2025-09-10 17:00,2025-09-10,17,Crude,6688.51,6693.37,4.87,0.0728,2613,79008,6700,21.47,21.97,41499,37509,0.9039,INR/bbl,Dhan API v2 (Client 1112620458)
2025-09-10 18:00,2025-09-10,18,Crude,6709.01,6708.61,-0.4,-0.006,6790,78878,6700,21.57,22.07,41778,37100,0.888,INR/bbl,Dhan API v2 (Client 1112620458)
2025-09-10 19:00,2025-09-10,19,Crude,6705.89,6699.33,-6.56,-0.0979,12480,79726,6700,21.81,22.31,41784,37942,0.9081,INR/bbl,Dhan API v2 (Client 1112620458)
2025-09-10 20:00,2025-09-10,20,Crude,6720.46,6731.82,11.37,0.1691,13303,79290,6700,22.04,22.54,40372,38918,0.964,INR/bbl,Dhan API v2 (Client 1112620458)
2025-09-10 21:00,2025-09-10,21,Crude,6692.82,6714.02,21.2,0.3167,4492,79769,6700,21.65,22.15,41208,38561,0.9358,INR/bbl,Dhan API v2 (Client 1112620458)
2025-09-10 22:00,2025-09-10,22,Crude,6675.3,6676.33,1.03,0.0155,12298,77946,6700,21.99,22.49,41113,36833,0.8959,INR/bbl,Dhan API v2 (Client 1112620458)
2025-09-10 23:00,2025-09-10,23,Crude,6661.75,6672.23,10.47,0.1572,7000,79034,6700,21.84,22.34,40758,38276,0.9391,INR/bbl,Dhan API v2 (Client 1112620458)
2025-09-11 09:00,2025-09-11,9,Crude,6674.54,6675.09,0.55,0.0082,3664,78884,6700,21.83,22.33,40778,38106,0.9345,INR/bbl,Dhan API v2 (Client 1112620458)
2025-09-11 10:00,2025-09-11,10,Crude,6673.26,6679.71,6.45,0.0967,6535,78630,6700,21.3,21.8,41753,36877,0.8832,INR/bbl,Dhan API v2 (Client 1112620458)
2025-09-11 11:00,2025-09-11,11,Crude,6651.5,6663.63,12.13,0.1823,5269,81791,6700,21.48,21.98,42128,39663,0.9415,INR/bbl,Dhan API v2 (Client 1112620458)
2025-09-11 12:00,2025-09-11,12,Crude,6657.17,6665.66,8.49,0.1275,3052,79919,6700,21.57,22.07,42082,37837,0.8991,INR/bbl,Dhan API v2 (Client 1112620458)
2025-09-11 13:00,2025-09-11,13,Crude,6668.87,6695.19,26.32,0.3946,10968,79435,6700,21.29,21.79,41195,38240,0.9283,INR/bbl,Dhan API v2 (Client 1112620458)
2025-09-11 14:00,2025-09-11,14,Crude,6690.45,6688.92,-1.53,-0.0229,11640,77737,6700,21.59,22.09,39947,37790,0.946,INR/bbl,Dhan API v2 (Client 1112620458)
2025-09-11 15:00,2025-09-11,15,Crude,6694.8,6698.18,3.38,0.0505,10354,78849,6700,21.32,21.82,40943,37906,0.9258,INR/bbl,Dhan API v2 (Client 1112620458)
2025-09-11 16:00,2025-09-11,16,Crude,6664.66,6687.23,22.57,0.3387,2042,79445,6700,21.74,22.24,41515,37930,0.9136,INR/bbl,Dhan API v2 (Client 1112620458)
2025-09-11 17:00,2025-09-11,17,Crude,6664.24,6685.97,21.73,0.3261,13296,80733,6700,21.92,22.42,42201,38532,0.9131,INR/bbl,Dhan API v2 (Client 1112620458)
2025-09-11 18:00,2025-09-11,18,Crude,6716.83,6714.93,-1.9,-0.0282,14799,79160,6700,21.68,22.18,41354,37806,0.9142,INR/bbl,Dhan API v2 (Client 1112620458)
2025-09-11 19:00,2025-09-11,19,Crude,6748.54,6770.62,22.08,0.3272,6035,80545,6700,21.56,22.06,41732,38813,0.9301,INR/bbl,Dhan API v2 (Client 1112620458)
2025-09-11 20:00,2025-09-11,20,Crude,6767.45,6764.12,-3.33,-0.0493,5929,80806,6800,21.36,21.86,42599,38207,0.8969,INR/bbl,Dhan API v2 (Client 1112620458)
2025-09-11 21:00,2025-09-11,21,Crude,6779.35,6799.67,20.33,0.2998,5244,78749,6800,22.08,22.58,41075,37674,0.9172,INR/bbl,Dhan API v2 (Client 1112620458)
2025-09-11 22:00,2025-09-11,22,Crude,6816.69,6832.88,16.19,0.2375,4601,79801,6800,21.16,21.66,41460,38341,0.9248,INR/bbl,Dhan API v2 (Client 1112620458)
2025-09-11 23:00,2025-09-11,23,Crude,6833.72,6847.56,13.84,0.2025,14672,79864,6800,21.53,22.03,41576,38288,0.9209,INR/bbl,Dhan API v2 (Client 1112620458)
2025-09-12 09:00,2025-09-12,9,Crude,6835.83,6828.71,-7.12,-0.1042,3067,79015,6800,22.08,22.58,41592,37423,0.8998,INR/bbl,Dhan API v2 (Client 1112620458)
2025-09-12 10:00,2025-09-12,10,Crude,6845.22,6849.87,4.64,0.0678,9601,79085,6800,21.78,22.28,42304,36781,0.8694,INR/bbl,Dhan API v2 (Client 1112620458)
2025-09-12 11:00,2025-09-12,11,Crude,6839.53,6857.18,17.65,0.2581,14607,79061,6800,21.59,22.09,41222,37839,0.9179,INR/bbl,Dhan API v2 (Client 1112620458)
2025-09-12 12:00,2025-09-12,12,Crude,6838.9,6842.47,3.58,0.0523,2352,78174,6800,21.85,22.35,40825,37349,0.9149,INR/bbl,Dhan API v2 (Client 1112620458)
2025-09-12 13:00,2025-09-12,13,Crude,6864.07,6870.38,6.31,0.092,6341,80978,6900,21.6,22.1,42284,38694,0.9151,INR/bbl,Dhan API v2 (Client 1112620458)
2025-09-12 14:00,2025-09-12,14,Crude,6842.25,6835.47,-6.78,-0.0991,1071,79733,6800,21.89,22.39,40872,38861,0.9508,INR/bbl,Dhan API v2 (Client 1112620458)
2025-09-12 15:00,2025-09-12,15,Crude,6859.62,6862.85,3.22,0.047,11846,78613,6900,21.85,22.35,41032,37581,0.9159,INR/bbl,Dhan API v2 (Client 1112620458)
2025-09-12 16:00,2025-09-12,16,Crude,6854.93,6866.31,11.38,0.166,14648,78065,6900,21.41,21.91,41006,37059,0.9037,INR/bbl,Dhan API v2 (Client 1112620458)
2025-09-12 17:00,2025-09-12,17,Crude,6863.95,6871.51,7.56,0.1101,8485,78283,6900,21.75,22.25,40052,38231,0.9545,INR/bbl,Dhan API v2 (Client 1112620458)
2025-09-12 18:00,2025-09-12,18,Crude,6864.3,6884.96,20.66,0.301,4096,79456,6900,21.91,22.41,41571,37885,0.9113,INR/bbl,Dhan API v2 (Client 1112620458)
2025-09-12 19:00,2025-09-12,19,Crude,6873.76,6882.12,8.36,0.1217,3619,80441,6900,21.51,22.01,41784,38657,0.9252,INR/bbl,Dhan API v2 (Client 1112620458)
2025-09-12 20:00,2025-09-12,20,Crude,6859.88,6891.33,31.45,0.4584,10628,80675,6900,21.83,22.33,41480,39195,0.9449,INR/bbl,Dhan API v2 (Client 1112620458)
2025-09-12 21:00,2025-09-12,21,Crude,6852.59,6866.18,13.6,0.1984,11381,78958,6900,21.7,22.2,42117,36841,0.8747,INR/bbl,Dhan API v2 (Client 1112620458)
2025-09-12 22:00,2025-09-12,22,Crude,6869.19,6870.16,0.97,0.0141,6062,79267,6900,22.02,22.52,41287,37980,0.9199,INR/bbl,Dhan API v2 (Client 1112620458)
2025-09-12 23:00,2025-09-12,23,Crude,6832.11,6848.53,16.42,0.2404,9550,78514,6800,21.63,22.13,40552,37962,0.9361,INR/bbl,Dhan API v2 (Client 1112620458)
2025-09-15 09:00,2025-09-15,9,Crude,6854.05,6877.06,23.01,0.3357,6962,78016,6900,22.17,22.67,40220,37796,0.9397,INR/bbl,Dhan API v2 (Client 1112620458)
2025-09-15 10:00,2025-09-15,10,Crude,6807.99,6815.54,7.55,0.1109,4662,78357,6800,21.96,22.46,41032,37325,0.9097,INR/bbl,Dhan API v2 (Client 1112620458)
2025-09-15 11:00,2025-09-15,11,Crude,6780.02,6783.56,3.54,0.0523,5701,79299,6800,21.75,22.25,42091,37208,0.884,INR/bbl,Dhan API v2 (Client 1112620458)
2025-09-15 12:00,2025-09-15,12,Crude,6765.03,6757.44,-7.59,-0.1122,6443,80338,6800,21.82,22.32,42293,38045,0.8996,INR/bbl,Dhan API v2 (Client 1112620458)
2025-09-15 13:00,2025-09-15,13,Crude,6746.93,6770.5,23.57,0.3493,2104,79329,6700,21.27,21.77,41548,37781,0.9093,INR/bbl,Dhan API v2 (Client 1112620458)
2025-09-15 14:00,2025-09-15,14,Crude,6745.33,6743.7,-1.62,-0.024,13557,79059,6700,21.58,22.08,41965,37094,0.8839,INR/bbl,Dhan API v2 (Client 1112620458)
2025-09-15 15:00,2025-09-15,15,Crude,6737.74,6753.23,15.49,0.2299,13037,78473,6700,22.16,22.66,40922,37551,0.9176,INR/bbl,Dhan API v2 (Client 1112620458)
2025-09-15 16:00,2025-09-15,16,Crude,6750.32,6756.72,6.41,0.0949,10366,78280,6800,21.52,22.02,40969,37311,0.9107,INR/bbl,Dhan API v2 (Client 1112620458)
2025-09-15 17:00,2025-09-15,17,Crude,6729.88,6731.51,1.63,0.0242,753,79196,6700,21.46,21.96,41835,37361,0.8931,INR/bbl,Dhan API v2 (Client 1112620458)
2025-09-15 18:00,2025-09-15,18,Crude,6741.51,6743.23,1.72,0.0255,10761,80168,6700,21.27,21.77,41866,38302,0.9149,INR/bbl,Dhan API v2 (Client 1112620458)
2025-09-15 19:00,2025-09-15,19,Crude,6734.21,6738.1,3.89,0.0577,14504,78185,6700,21.41,21.91,40526,37659,0.9293,INR/bbl,Dhan API v2 (Client 1112620458)
2025-09-15 20:00,2025-09-15,20,Crude,6747.06,6738.93,-8.13,-0.1205,13286,80770,6700,21.87,22.37,42244,38526,0.912,INR/bbl,Dhan API v2 (Client 1112620458)
2025-09-15 21:00,2025-09-15,21,Crude,6761.77,6760.75,-1.02,-0.0151,13464,79709,6800,21.53,22.03,42071,37638,0.8946,INR/bbl,Dhan API v2 (Client 1112620458)
2025-09-15 22:00,2025-09-15,22,Crude,6718.26,6726.24,7.98,0.1188,5156,79538,6700,21.76,22.26,40502,39036,0.9638,INR/bbl,Dhan API v2 (Client 1112620458)
2025-09-15 23:00,2025-09-15,23,Crude,6720.59,6737.27,16.67,0.2481,7824,79044,6700,21.63,22.13,41011,38033,0.9274,INR/bbl,Dhan API v2 (Client 1112620458)
2025-09-16 09:00,2025-09-16,9,Crude,6724.07,6723.02,-1.05,-0.0157,4562,79331,6700,21.38,21.88,40717,38614,0.9484,INR/bbl,Dhan API v2 (Client 1112620458)
2025-09-16 10:00,2025-09-16,10,Crude,6734.64,6739.65,5.02,0.0745,9945,80629,6700,21.84,22.34,41557,39072,0.9402,INR/bbl,Dhan API v2 (Client 1112620458)
2025-09-16 11:00,2025-09-16,11,Crude,6746.88,6763.04,16.15,0.2394,5735,79193,6700,20.74,21.24,41571,37622,0.905,INR/bbl,Dhan API v2 (Client 1112620458)
2025-09-16 12:00,2025-09-16,12,Crude,6740.62,6735.4,-5.22,-0.0775,11447,80828,6700,21.33,21.83,42705,38123,0.8927,INR/bbl,Dhan API v2 (Client 1112620458)
2025-09-16 13:00,2025-09-16,13,Crude,6749.27,6751.27,2.01,0.0297,9691,79096,6700,21.12,21.62,41017,38079,0.9284,INR/bbl,Dhan API v2 (Client 1112620458)
2025-09-16 14:00,2025-09-16,14,Crude,6775.67,6785.94,10.27,0.1515,4943,77317,6800,21.4,21.9,40140,37177,0.9262,INR/bbl,Dhan API v2 (Client 1112620458)
2025-09-16 15:00,2025-09-16,15,Crude,6747.84,6757.72,9.88,0.1464,913,80314,6700,20.95,21.45,41893,38421,0.9171,INR/bbl,Dhan API v2 (Client 1112620458)
2025-09-16 16:00,2025-09-16,16,Crude,6713.89,6718.28,4.39,0.0654,1495,80268,6700,22.39,22.89,41038,39230,0.9559,INR/bbl,Dhan API v2 (Client 1112620458)
2025-09-16 17:00,2025-09-16,17,Crude,6705.82,6702.4,-3.41,-0.0509,12055,81362,6700,21.3,21.8,42348,39014,0.9213,INR/bbl,Dhan API v2 (Client 1112620458)
2025-09-16 18:00,2025-09-16,18,Crude,6707.57,6711.46,3.9,0.0581,8526,79348,6700,22.03,22.53,41379,37969,0.9176,INR/bbl,Dhan API v2 (Client 1112620458)
2025-09-16 19:00,2025-09-16,19,Crude,6730.61,6737.76,7.15,0.1063,5246,79424,6700,21.55,22.05,40988,38436,0.9377,INR/bbl,Dhan API v2 (Client 1112620458)
2025-09-16 20:00,2025-09-16,20,Crude,6671.94,6675.33,3.39,0.0509,1648,79673,6700,21.04,21.54,41439,38234,0.9227,INR/bbl,Dhan API v2 (Client 1112620458)
2025-09-16 21:00,2025-09-16,21,Crude,6708.42,6716.98,8.56,0.1276,5864,79534,6700,21.96,22.46,41399,38135,0.9212,INR/bbl,Dhan API v2 (Client 1112620458)
2025-09-16 22:00,2025-09-16,22,Crude,6717.2,6718.27,1.07,0.0159,567,79176,6700,21.73,22.23,41268,37908,0.9186,INR/bbl,Dhan API v2 (Client 1112620458)
2025-09-16 23:00,2025-09-16,23,Crude,6744.26,6748.28,4.02,0.0596,10078,80063,6700,21.65,22.15,42197,37866,0.8974,INR/bbl,Dhan API v2 (Client 1112620458)
2025-09-17 09:00,2025-09-17,9,Crude,6701.76,6705.15,3.39,0.0506,703,80270,6700,21.63,22.13,41677,38593,0.926,INR/bbl,Dhan API v2 (Client 1112620458)
2025-09-17 10:00,2025-09-17,10,Crude,6706.68,6704.37,-2.31,-0.0344,2269,79095,6700,21.64,22.14,41634,37461,0.8998,INR/bbl,Dhan API v2 (Client 1112620458)
2025-09-17 11:00,2025-09-17,11,Crude,6733.42,6735.26,1.84,0.0273,2702,80183,6700,21.62,22.12,42019,38164,0.9083,INR/bbl,Dhan API v2 (Client 1112620458)
2025-09-17 12:00,2025-09-17,12,Crude,6763.32,6758.32,-5.0,-0.074,4575,78976,6800,21.52,22.02,40996,37980,0.9264,INR/bbl,Dhan API v2 (Client 1112620458)
2025-09-17 13:00,2025-09-17,13,Crude,6797.0,6807.98,10.98,0.1616,14837,79174,6800,21.22,21.72,41325,37849,0.9159,INR/bbl,Dhan API v2 (Client 1112620458)
2025-09-17 14:00,2025-09-17,14,Crude,6803.85,6814.26,10.41,0.153,14650,78763,6800,21.87,22.37,41288,37475,0.9076,INR/bbl,Dhan API v2 (Client 1112620458)
2025-09-17 15:00,2025-09-17,15,Crude,6802.59,6789.76,-12.83,-0.1886,6002,78468,6800,21.47,21.97,40846,37622,0.9211,INR/bbl,Dhan API v2 (Client 1112620458)
2025-09-17 16:00,2025-09-17,16,Crude,6855.67,6869.53,13.86,0.2022,2805,79776,6900,21.6,22.1,41135,38641,0.9394,INR/bbl,Dhan API v2 (Client 1112620458)
2025-09-17 17:00,2025-09-17,17,Crude,6890.07,6897.59,7.52,0.1091,3152,80804,6900,21.22,21.72,41878,38926,0.9295,INR/bbl,Dhan API v2 (Client 1112620458)
2025-09-17 18:00,2025-09-17,18,Crude,6896.99,6883.79,-13.2,-0.1914,14077,78889,6900,21.24,21.74,41267,37622,0.9117,INR/bbl,Dhan API v2 (Client 1112620458)
2025-09-17 19:00,2025-09-17,19,Crude,6892.85,6899.19,6.35,0.0921,10884,80184,6900,21.55,22.05,41206,38978,0.9459,INR/bbl,Dhan API v2 (Client 1112620458)
2025-09-17 20:00,2025-09-17,20,Crude,6875.04,6878.18,3.14,0.0457,13173,81077,6900,21.82,22.32,42593,38484,0.9035,INR/bbl,Dhan API v2 (Client 1112620458)
2025-09-17 21:00,2025-09-17,21,Crude,6875.08,6876.03,0.94,0.0137,14018,79520,6900,21.45,21.95,41153,38367,0.9323,INR/bbl,Dhan API v2 (Client 1112620458)
2025-09-17 22:00,2025-09-17,22,Crude,6846.14,6848.95,2.81,0.041,4568,80020,6800,21.38,21.88,41005,39015,0.9515,INR/bbl,Dhan API v2 (Client 1112620458)
2025-09-17 23:00,2025-09-17,23,Crude,6852.94,6856.44,3.5,0.0511,8012,78101,6900,22.12,22.62,40780,37321,0.9152,INR/bbl,Dhan API v2 (Client 1112620458)
2025-09-18 09:00,2025-09-18,9,Crude,6839.68,6834.47,-5.21,-0.0762,14348,81051,6800,21.4,21.9,42553,38498,0.9047,INR/bbl,Dhan API v2 (Client 1112620458)
2025-09-18 10:00,2025-09-18,10,Crude,6857.64,6854.4,-3.24,-0.0473,2193,79324,6900,21.48,21.98,40208,39116,0.9728,INR/bbl,Dhan API v2 (Client 1112620458)
2025-09-18 11:00,2025-09-18,11,Crude,6866.93,6865.6,-1.32,-0.0193,3404,80724,6900,21.51,22.01,41698,39026,0.9359,INR/bbl,Dhan API v2 (Client 1112620458)
2025-09-18 12:00,2025-09-18,12,Crude,6844.48,6857.24,12.76,0.1864,5734,77739,6800,21.72,22.22,39882,37857,0.9492,INR/bbl,Dhan API v2 (Client 1112620458)
2025-09-18 13:00,2025-09-18,13,Crude,6806.33,6818.56,12.23,0.1797,12900,77131,6800,21.65,22.15,40686,36445,0.8958,INR/bbl,Dhan API v2 (Client 1112620458)
2025-09-18 14:00,2025-09-18,14,Crude,6815.46,6829.42,13.96,0.2048,10555,79433,6800,21.91,22.41,41470,37963,0.9154,INR/bbl,Dhan API v2 (Client 1112620458)
2025-09-18 15:00,2025-09-18,15,Crude,6826.5,6809.26,-17.24,-0.2526,3046,79153,6800,21.89,22.39,41330,37823,0.9151,INR/bbl,Dhan API v2 (Client 1112620458)
2025-09-18 16:00,2025-09-18,16,Crude,6845.5,6848.05,2.55,0.0373,14362,78051,6800,21.61,22.11,40967,37084,0.9052,INR/bbl,Dhan API v2 (Client 1112620458)
2025-09-18 17:00,2025-09-18,17,Crude,6835.32,6852.62,17.3,0.2531,14310,80324,6800,21.18,21.68,41850,38474,0.9193,INR/bbl,Dhan API v2 (Client 1112620458)
2025-09-18 18:00,2025-09-18,18,Crude,6826.13,6839.37,13.24,0.194,4605,77858,6800,21.51,22.01,41242,36616,0.8878,INR/bbl,Dhan API v2 (Client 1112620458)
2025-09-18 19:00,2025-09-18,19,Crude,6778.68,6765.24,-13.44,-0.1982,7272,80972,6800,21.13,21.63,42317,38655,0.9135,INR/bbl,Dhan API v2 (Client 1112620458)
2025-09-18 20:00,2025-09-18,20,Crude,6709.92,6706.39,-3.53,-0.0526,9002,78631,6700,21.67,22.17,40343,38288,0.9491,INR/bbl,Dhan API v2 (Client 1112620458)
2025-09-18 21:00,2025-09-18,21,Crude,6718.04,6734.4,16.35,0.2434,8001,79969,6700,21.74,22.24,42041,37928,0.9022,INR/bbl,Dhan API v2 (Client 1112620458)
2025-09-18 22:00,2025-09-18,22,Crude,6759.62,6759.8,0.18,0.0027,8452,79486,6800,21.75,22.25,41259,38227,0.9265,INR/bbl,Dhan API v2 (Client 1112620458)
2025-09-18 23:00,2025-09-18,23,Crude,6740.89,6742.44,1.55,0.023,8154,80768,6700,21.94,22.44,41929,38839,0.9263,INR/bbl,Dhan API v2 (Client 1112620458)
2025-09-19 09:00,2025-09-19,9,Crude,6712.26,6726.2,13.94,0.2077,12739,78494,6700,21.85,22.35,41170,37324,0.9066,INR/bbl,Dhan API v2 (Client 1112620458)
2025-09-19 10:00,2025-09-19,10,Crude,6671.0,6670.55,-0.45,-0.0068,9555,78975,6700,21.73,22.23,41748,37227,0.8917,INR/bbl,Dhan API v2 (Client 1112620458)
2025-09-19 11:00,2025-09-19,11,Crude,6662.15,6656.11,-6.04,-0.0907,1793,78931,6700,22.0,22.5,40656,38275,0.9414,INR/bbl,Dhan API v2 (Client 1112620458)
2025-09-19 12:00,2025-09-19,12,Crude,6641.39,6652.19,10.81,0.1627,4004,78114,6600,21.36,21.86,40914,37200,0.9092,INR/bbl,Dhan API v2 (Client 1112620458)
2025-09-19 13:00,2025-09-19,13,Crude,6628.47,6627.88,-0.6,-0.009,14167,80376,6600,21.27,21.77,42082,38294,0.91,INR/bbl,Dhan API v2 (Client 1112620458)
2025-09-19 14:00,2025-09-19,14,Crude,6665.62,6675.43,9.81,0.1471,7381,79420,6700,21.55,22.05,41524,37896,0.9126,INR/bbl,Dhan API v2 (Client 1112620458)
2025-09-19 15:00,2025-09-19,15,Crude,6657.63,6650.18,-7.45,-0.1119,6825,80344,6700,21.76,22.26,42144,38200,0.9064,INR/bbl,Dhan API v2 (Client 1112620458)
2025-09-19 16:00,2025-09-19,16,Crude,6636.07,6647.01,10.94,0.1648,12914,79808,6600,20.91,21.41,41522,38286,0.9221,INR/bbl,Dhan API v2 (Client 1112620458)
2025-09-19 17:00,2025-09-19,17,Crude,6648.04,6654.91,6.87,0.1033,12182,79910,6600,21.24,21.74,41454,38456,0.9277,INR/bbl,Dhan API v2 (Client 1112620458)
2025-09-19 18:00,2025-09-19,18,Crude,6656.99,6671.16,14.17,0.2129,2205,79220,6700,22.56,23.06,41424,37796,0.9124,INR/bbl,Dhan API v2 (Client 1112620458)
2025-09-19 19:00,2025-09-19,19,Crude,6647.68,6658.61,10.93,0.1644,12456,78401,6600,21.37,21.87,40826,37575,0.9204,INR/bbl,Dhan API v2 (Client 1112620458)
2025-09-19 20:00,2025-09-19,20,Crude,6658.51,6665.13,6.62,0.0994,9582,79424,6700,21.79,22.29,42194,37230,0.8824,INR/bbl,Dhan API v2 (Client 1112620458)
2025-09-19 21:00,2025-09-19,21,Crude,6662.84,6670.19,7.35,0.1103,4650,80996,6700,21.54,22.04,41928,39068,0.9318,INR/bbl,Dhan API v2 (Client 1112620458)
2025-09-19 22:00,2025-09-19,22,Crude,6685.03,6687.32,2.29,0.0343,7215,79992,6700,22.46,22.96,41166,38826,0.9432,INR/bbl,Dhan API v2 (Client 1112620458)
2025-09-19 23:00,2025-09-19,23,Crude,6693.89,6690.08,-3.81,-0.0569,8153,79538,6700,21.44,21.94,41356,38182,0.9233,INR/bbl,Dhan API v2 (Client 1112620458)
2025-09-22 09:00,2025-09-22,9,Crude,6695.98,6703.9,7.92,0.1183,4393,79493,6700,21.53,22.03,41629,37864,0.9096,INR/bbl,Dhan API v2 (Client 1112620458)
2025-09-22 10:00,2025-09-22,10,Crude,6670.19,6668.33,-1.85,-0.0278,2225,78781,6700,21.52,22.02,41621,37160,0.8928,INR/bbl,Dhan API v2 (Client 1112620458)
2025-09-22 11:00,2025-09-22,11,Crude,6646.24,6643.18,-3.07,-0.0462,4079,80411,6600,21.18,21.68,41361,39050,0.9441,INR/bbl,Dhan API v2 (Client 1112620458)
2025-09-22 12:00,2025-09-22,12,Crude,6645.16,6654.3,9.14,0.1376,9948,79629,6600,21.78,22.28,41775,37854,0.9061,INR/bbl,Dhan API v2 (Client 1112620458)
2025-09-22 13:00,2025-09-22,13,Crude,6640.7,6631.06,-9.64,-0.1451,10794,79924,6600,21.38,21.88,41887,38037,0.9081,INR/bbl,Dhan API v2 (Client 1112620458)
2025-09-22 14:00,2025-09-22,14,Crude,6673.11,6677.14,4.04,0.0605,7619,79426,6700,21.61,22.11,41921,37505,0.8947,INR/bbl,Dhan API v2 (Client 1112620458)
2025-09-22 15:00,2025-09-22,15,Crude,6640.01,6657.05,17.05,0.2567,13941,79978,6600,21.42,21.92,41513,38465,0.9266,INR/bbl,Dhan API v2 (Client 1112620458)
2025-09-22 16:00,2025-09-22,16,Crude,6646.49,6650.67,4.19,0.063,5484,79259,6600,21.22,21.72,40897,38362,0.938,INR/bbl,Dhan API v2 (Client 1112620458)
2025-09-22 17:00,2025-09-22,17,Crude,6615.94,6611.09,-4.85,-0.0733,10935,81331,6600,21.45,21.95,42600,38731,0.9092,INR/bbl,Dhan API v2 (Client 1112620458)
2025-09-22 18:00,2025-09-22,18,Crude,6638.37,6622.69,-15.68,-0.2362,3178,80647,6600,21.64,22.14,41621,39026,0.9377,INR/bbl,Dhan API v2 (Client 1112620458)
2025-09-22 19:00,2025-09-22,19,Crude,6622.59,6616.03,-6.55,-0.0989,11012,80065,6600,22.05,22.55,41679,38386,0.921,INR/bbl,Dhan API v2 (Client 1112620458)
2025-09-22 20:00,2025-09-22,20,Crude,6619.68,6611.36,-8.32,-0.1256,4512,80746,6600,21.35,21.85,42115,38631,0.9173,INR/bbl,Dhan API v2 (Client 1112620458)
2025-09-22 21:00,2025-09-22,21,Crude,6631.29,6641.25,9.97,0.1503,8277,81400,6600,21.84,22.34,42668,38732,0.9078,INR/bbl,Dhan API v2 (Client 1112620458)
2025-09-22 22:00,2025-09-22,22,Crude,6575.02,6580.18,5.15,0.0784,9719,78125,6600,21.62,22.12,41404,36721,0.8869,INR/bbl,Dhan API v2 (Client 1112620458)
2025-09-22 23:00,2025-09-22,23,Crude,6617.14,6609.94,-7.2,-0.1087,11227,79993,6600,21.36,21.86,42319,37674,0.8902,INR/bbl,Dhan API v2 (Client 1112620458)
2025-09-23 09:00,2025-09-23,9,Crude,6588.57,6582.99,-5.58,-0.0847,3081,79704,6600,21.11,21.61,41819,37885,0.9059,INR/bbl,Dhan API v2 (Client 1112620458)
2025-09-23 10:00,2025-09-23,10,Crude,6600.18,6599.6,-0.57,-0.0087,14830,80272,6600,21.3,21.8,42110,38162,0.9062,INR/bbl,Dhan API v2 (Client 1112620458)
2025-09-23 11:00,2025-09-23,11,Crude,6568.8,6579.76,10.96,0.1669,8065,79590,6600,21.77,22.27,41481,38109,0.9187,INR/bbl,Dhan API v2 (Client 1112620458)
2025-09-23 12:00,2025-09-23,12,Crude,6571.8,6575.18,3.38,0.0514,11180,79918,6600,22.05,22.55,41452,38466,0.928,INR/bbl,Dhan API v2 (Client 1112620458)
2025-09-23 13:00,2025-09-23,13,Crude,6572.67,6575.2,2.54,0.0386,12539,79423,6600,21.79,22.29,41626,37797,0.908,INR/bbl,Dhan API v2 (Client 1112620458)
2025-09-23 14:00,2025-09-23,14,Crude,6606.84,6595.66,-11.18,-0.1692,4367,79082,6600,21.97,22.47,40964,38118,0.9305,INR/bbl,Dhan API v2 (Client 1112620458)
2025-09-23 15:00,2025-09-23,15,Crude,6575.31,6589.29,13.97,0.2125,6535,79438,6600,21.82,22.32,41381,38057,0.9197,INR/bbl,Dhan API v2 (Client 1112620458)
2025-09-23 16:00,2025-09-23,16,Crude,6510.88,6515.87,4.98,0.0765,1442,79167,6500,21.27,21.77,40939,38228,0.9338,INR/bbl,Dhan API v2 (Client 1112620458)
2025-09-23 17:00,2025-09-23,17,Crude,6499.77,6499.09,-0.68,-0.0104,10786,79534,6500,22.21,22.71,41824,37710,0.9016,INR/bbl,Dhan API v2 (Client 1112620458)
2025-09-23 18:00,2025-09-23,18,Crude,6550.2,6562.35,12.15,0.1855,10457,81896,6600,21.49,21.99,42098,39798,0.9454,INR/bbl,Dhan API v2 (Client 1112620458)
2025-09-23 19:00,2025-09-23,19,Crude,6549.44,6554.74,5.3,0.081,9493,79168,6500,21.56,22.06,41366,37802,0.9138,INR/bbl,Dhan API v2 (Client 1112620458)
2025-09-23 20:00,2025-09-23,20,Crude,6518.64,6510.77,-7.87,-0.1207,3072,79563,6500,21.44,21.94,40674,38889,0.9561,INR/bbl,Dhan API v2 (Client 1112620458)
2025-09-23 21:00,2025-09-23,21,Crude,6511.2,6522.41,11.21,0.1722,14312,79392,6500,21.5,22.0,42008,37384,0.8899,INR/bbl,Dhan API v2 (Client 1112620458)
2025-09-23 22:00,2025-09-23,22,Crude,6530.1,6540.33,10.23,0.1566,12245,80537,6500,21.49,21.99,42607,37930,0.8902,INR/bbl,Dhan API v2 (Client 1112620458)
2025-09-23 23:00,2025-09-23,23,Crude,6511.63,6526.93,15.3,0.235,8198,79248,6500,21.31,21.81,41267,37981,0.9204,INR/bbl,Dhan API v2 (Client 1112620458)
2025-09-24 09:00,2025-09-24,9,Crude,6512.64,6509.44,-3.2,-0.0492,6097,80314,6500,21.85,22.35,41329,38985,0.9433,INR/bbl,Dhan API v2 (Client 1112620458)
2025-09-24 10:00,2025-09-24,10,Crude,6547.13,6545.57,-1.55,-0.0237,5475,79626,6500,21.14,21.64,41503,38123,0.9186,INR/bbl,Dhan API v2 (Client 1112620458)
2025-09-24 11:00,2025-09-24,11,Crude,6555.51,6553.02,-2.5,-0.0381,10881,78623,6600,21.7,22.2,40970,37653,0.919,INR/bbl,Dhan API v2 (Client 1112620458)
2025-09-24 12:00,2025-09-24,12,Crude,6563.31,6570.83,7.52,0.1145,12569,79976,6600,21.78,22.28,43044,36932,0.858,INR/bbl,Dhan API v2 (Client 1112620458)
2025-09-24 13:00,2025-09-24,13,Crude,6574.56,6596.3,21.74,0.3307,3785,81395,6600,21.75,22.25,42629,38766,0.9094,INR/bbl,Dhan API v2 (Client 1112620458)
2025-09-24 14:00,2025-09-24,14,Crude,6587.13,6585.31,-1.82,-0.0276,8533,81053,6600,21.19,21.69,42433,38620,0.9101,INR/bbl,Dhan API v2 (Client 1112620458)
2025-09-24 15:00,2025-09-24,15,Crude,6598.05,6596.64,-1.41,-0.0214,1619,79104,6600,21.42,21.92,40616,38488,0.9476,INR/bbl,Dhan API v2 (Client 1112620458)
2025-09-24 16:00,2025-09-24,16,Crude,6537.61,6536.59,-1.02,-0.0156,3500,79189,6500,21.72,22.22,41517,37672,0.9074,INR/bbl,Dhan API v2 (Client 1112620458)
2025-09-24 17:00,2025-09-24,17,Crude,6549.28,6552.09,2.8,0.0428,730,78880,6500,21.12,21.62,41691,37189,0.892,INR/bbl,Dhan API v2 (Client 1112620458)
2025-09-24 18:00,2025-09-24,18,Crude,6547.7,6546.23,-1.47,-0.0224,9468,80253,6500,21.71,22.21,42409,37844,0.8924,INR/bbl,Dhan API v2 (Client 1112620458)
2025-09-24 19:00,2025-09-24,19,Crude,6514.86,6509.24,-5.61,-0.0862,5069,80101,6500,21.52,22.02,42102,37999,0.9025,INR/bbl,Dhan API v2 (Client 1112620458)
2025-09-24 20:00,2025-09-24,20,Crude,6531.47,6547.95,16.48,0.2524,11008,79581,6500,21.46,21.96,40709,38872,0.9549,INR/bbl,Dhan API v2 (Client 1112620458)
2025-09-24 21:00,2025-09-24,21,Crude,6562.18,6557.36,-4.82,-0.0735,14389,78560,6600,22.16,22.66,41557,37003,0.8904,INR/bbl,Dhan API v2 (Client 1112620458)
2025-09-24 22:00,2025-09-24,22,Crude,6491.04,6487.72,-3.32,-0.0512,7184,79815,6500,22.05,22.55,41279,38536,0.9335,INR/bbl,Dhan API v2 (Client 1112620458)
2025-09-24 23:00,2025-09-24,23,Crude,6513.58,6530.29,16.71,0.2566,7155,79039,6500,21.56,22.06,41442,37597,0.9072,INR/bbl,Dhan API v2 (Client 1112620458)
2025-09-25 09:00,2025-09-25,9,Crude,6513.55,6566.3,52.76,0.8099,10070,79650,6500,21.7,22.2,41513,38137,0.9187,INR/bbl,Dhan API v2 (Client 1112620458)
2025-09-25 10:00,2025-09-25,10,Crude,6511.59,6540.77,29.18,0.4481,13584,79621,6500,21.62,22.12,40480,39141,0.9669,INR/bbl,Dhan API v2 (Client 1112620458)
2025-09-25 11:00,2025-09-25,11,Crude,6481.96,6503.07,21.11,0.3256,4071,78029,6500,21.54,22.04,40707,37322,0.9168,INR/bbl,Dhan API v2 (Client 1112620458)
2025-09-25 12:00,2025-09-25,12,Crude,6469.12,6485.31,16.19,0.2502,1204,78429,6500,21.49,21.99,40923,37506,0.9165,INR/bbl,Dhan API v2 (Client 1112620458)
2025-09-25 13:00,2025-09-25,13,Crude,6502.88,6515.25,12.37,0.1902,14002,79224,6500,21.61,22.11,41292,37932,0.9186,INR/bbl,Dhan API v2 (Client 1112620458)
2025-09-25 14:00,2025-09-25,14,Crude,6555.79,6586.24,30.45,0.4645,10916,79690,6600,21.79,22.29,41020,38670,0.9427,INR/bbl,Dhan API v2 (Client 1112620458)
2025-09-25 15:00,2025-09-25,15,Crude,6542.78,6570.01,27.23,0.4162,1839,79466,6500,21.59,22.09,41554,37912,0.9124,INR/bbl,Dhan API v2 (Client 1112620458)
2025-09-25 16:00,2025-09-25,16,Crude,6574.43,6598.88,24.46,0.372,14891,79160,6600,21.35,21.85,41419,37741,0.9112,INR/bbl,Dhan API v2 (Client 1112620458)
2025-09-25 17:00,2025-09-25,17,Crude,6540.71,6565.74,25.03,0.3827,14766,80130,6500,21.74,22.24,42058,38072,0.9052,INR/bbl,Dhan API v2 (Client 1112620458)
2025-09-25 18:00,2025-09-25,18,Crude,6515.11,6547.9,32.78,0.5032,12442,81652,6500,21.52,22.02,42654,38998,0.9143,INR/bbl,Dhan API v2 (Client 1112620458)
2025-09-25 19:00,2025-09-25,19,Crude,6572.86,6610.5,37.64,0.5727,10304,79916,6600,21.48,21.98,42961,36955,0.8602,INR/bbl,Dhan API v2 (Client 1112620458)
2025-09-25 20:00,2025-09-25,20,Crude,6601.74,6628.46,26.72,0.4047,6996,80554,6600,20.88,21.38,42532,38022,0.894,INR/bbl,Dhan API v2 (Client 1112620458)
2025-09-25 21:00,2025-09-25,21,Crude,6591.66,6636.77,45.11,0.6844,10881,77865,6600,21.51,22.01,40919,36946,0.9029,INR/bbl,Dhan API v2 (Client 1112620458)
2025-09-25 22:00,2025-09-25,22,Crude,6575.25,6586.65,11.4,0.1733,6917,79161,6600,21.48,21.98,40837,38324,0.9385,INR/bbl,Dhan API v2 (Client 1112620458)
2025-09-25 23:00,2025-09-25,23,Crude,6568.7,6611.85,43.15,0.6569,13016,79510,6600,21.89,22.39,40160,39350,0.9798,INR/bbl,Dhan API v2 (Client 1112620458)
2025-09-26 09:00,2025-09-26,9,Crude,6577.43,6611.18,33.75,0.5131,8733,78353,6600,21.79,22.29,41430,36923,0.8912,INR/bbl,Dhan API v2 (Client 1112620458)
2025-09-26 10:00,2025-09-26,10,Crude,6572.37,6593.85,21.48,0.3268,6828,79274,6600,20.97,21.47,41430,37844,0.9134,INR/bbl,Dhan API v2 (Client 1112620458)
2025-09-26 11:00,2025-09-26,11,Crude,6561.59,6583.86,22.27,0.3394,8864,79815,6600,21.53,22.03,41711,38104,0.9135,INR/bbl,Dhan API v2 (Client 1112620458)
2025-09-26 12:00,2025-09-26,12,Crude,6572.66,6605.24,32.58,0.4957,4308,79716,6600,21.8,22.3,41558,38158,0.9182,INR/bbl,Dhan API v2 (Client 1112620458)
2025-09-26 13:00,2025-09-26,13,Crude,6563.49,6597.51,34.02,0.5184,3488,79551,6600,21.35,21.85,41334,38217,0.9246,INR/bbl,Dhan API v2 (Client 1112620458)
2025-09-26 14:00,2025-09-26,14,Crude,6586.59,6614.57,27.98,0.4248,618,79969,6600,21.8,22.3,41681,38288,0.9186,INR/bbl,Dhan API v2 (Client 1112620458)
2025-09-26 15:00,2025-09-26,15,Crude,6552.24,6566.1,13.87,0.2116,1819,79572,6600,21.62,22.12,41250,38322,0.929,INR/bbl,Dhan API v2 (Client 1112620458)
2025-09-26 16:00,2025-09-26,16,Crude,6502.35,6526.7,24.35,0.3744,9512,79664,6500,21.83,22.33,40273,39391,0.9781,INR/bbl,Dhan API v2 (Client 1112620458)
2025-09-26 17:00,2025-09-26,17,Crude,6485.14,6507.49,22.35,0.3447,4092,79768,6500,21.7,22.2,41780,37988,0.9092,INR/bbl,Dhan API v2 (Client 1112620458)
2025-09-26 18:00,2025-09-26,18,Crude,6449.01,6472.26,23.25,0.3605,1431,80713,6400,21.82,22.32,43294,37419,0.8643,INR/bbl,Dhan API v2 (Client 1112620458)
2025-09-26 19:00,2025-09-26,19,Crude,6441.62,6473.37,31.75,0.4929,14785,81246,6400,21.38,21.88,42012,39234,0.9339,INR/bbl,Dhan API v2 (Client 1112620458)
2025-09-26 20:00,2025-09-26,20,Crude,6434.75,6464.39,29.64,0.4606,2153,79343,6400,21.88,22.38,40841,38502,0.9427,INR/bbl,Dhan API v2 (Client 1112620458)
2025-09-26 21:00,2025-09-26,21,Crude,6486.0,6517.85,31.85,0.4911,1343,80846,6500,21.58,22.08,42353,38493,0.9089,INR/bbl,Dhan API v2 (Client 1112620458)
2025-09-26 22:00,2025-09-26,22,Crude,6499.41,6529.62,30.21,0.4648,11038,80542,6500,21.8,22.3,42030,38512,0.9163,INR/bbl,Dhan API v2 (Client 1112620458)
2025-09-26 23:00,2025-09-26,23,Crude,6481.48,6496.63,15.15,0.2337,3922,79911,6500,21.06,21.56,41717,38194,0.9156,INR/bbl,Dhan API v2 (Client 1112620458)
2025-09-29 09:00,2025-09-29,9,Crude,6491.22,6502.55,11.33,0.1745,552,79486,6500,21.87,22.37,42033,37453,0.891,INR/bbl,Dhan API v2 (Client 1112620458)
2025-09-29 10:00,2025-09-29,10,Crude,6510.4,6528.25,17.85,0.2742,11248,79153,6500,21.3,21.8,42440,36713,0.8651,INR/bbl,Dhan API v2 (Client 1112620458)
2025-09-29 11:00,2025-09-29,11,Crude,6505.12,6524.87,19.75,0.3037,7938,78639,6500,22.06,22.56,40423,38216,0.9454,INR/bbl,Dhan API v2 (Client 1112620458)
2025-09-29 12:00,2025-09-29,12,Crude,6525.21,6529.62,4.41,0.0676,7753,80288,6500,21.31,21.81,41815,38473,0.9201,INR/bbl,Dhan API v2 (Client 1112620458)
2025-09-29 13:00,2025-09-29,13,Crude,6521.56,6552.31,30.76,0.4716,7676,80214,6500,21.8,22.3,42093,38121,0.9056,INR/bbl,Dhan API v2 (Client 1112620458)
2025-09-29 14:00,2025-09-29,14,Crude,6525.34,6565.01,39.67,0.6079,9606,77907,6500,21.56,22.06,40873,37034,0.9061,INR/bbl,Dhan API v2 (Client 1112620458)
2025-09-29 15:00,2025-09-29,15,Crude,6520.86,6539.76,18.9,0.2899,11526,79140,6500,21.97,22.47,41101,38039,0.9255,INR/bbl,Dhan API v2 (Client 1112620458)
2025-09-29 16:00,2025-09-29,16,Crude,6528.61,6553.07,24.46,0.3746,14809,80795,6500,21.1,21.6,42552,38243,0.8987,INR/bbl,Dhan API v2 (Client 1112620458)
2025-09-29 17:00,2025-09-29,17,Crude,6582.39,6616.3,33.91,0.5151,12349,79731,6600,21.92,22.42,41388,38343,0.9264,INR/bbl,Dhan API v2 (Client 1112620458)
2025-09-29 18:00,2025-09-29,18,Crude,6595.2,6639.77,44.56,0.6757,692,80339,6600,21.52,22.02,42404,37935,0.8946,INR/bbl,Dhan API v2 (Client 1112620458)
2025-09-29 19:00,2025-09-29,19,Crude,6575.87,6594.55,18.69,0.2842,3333,80659,6600,21.51,22.01,42050,38609,0.9182,INR/bbl,Dhan API v2 (Client 1112620458)
2025-09-29 20:00,2025-09-29,20,Crude,6619.66,6638.08,18.42,0.2782,1580,78187,6600,21.27,21.77,40719,37468,0.9202,INR/bbl,Dhan API v2 (Client 1112620458)
2025-09-29 21:00,2025-09-29,21,Crude,6629.85,6646.12,16.27,0.2454,6362,78871,6600,21.67,22.17,40390,38481,0.9527,INR/bbl,Dhan API v2 (Client 1112620458)
2025-09-29 22:00,2025-09-29,22,Crude,6613.16,6636.44,23.28,0.3521,9809,80528,6600,21.44,21.94,41779,38749,0.9275,INR/bbl,Dhan API v2 (Client 1112620458)
2025-09-29 23:00,2025-09-29,23,Crude,6622.56,6649.45,26.89,0.406,6489,77902,6600,21.35,21.85,40771,37131,0.9107,INR/bbl,Dhan API v2 (Client 1112620458)
2025-09-30 09:00,2025-09-30,9,Crude,6634.43,6651.47,17.04,0.2568,6212,80753,6600,21.91,22.41,42503,38250,0.8999,INR/bbl,Dhan API v2 (Client 1112620458)
2025-09-30 10:00,2025-09-30,10,Crude,6671.68,6684.35,12.67,0.1899,1115,80560,6700,21.64,22.14,42380,38180,0.9009,INR/bbl,Dhan API v2 (Client 1112620458)
2025-09-30 11:00,2025-09-30,11,Crude,6663.28,6686.12,22.84,0.3428,2428,79368,6700,21.39,21.89,41046,38322,0.9336,INR/bbl,Dhan API v2 (Client 1112620458)
2025-09-30 12:00,2025-09-30,12,Crude,6640.96,6672.93,31.97,0.4813,2683,80182,6600,21.63,22.13,42288,37894,0.8961,INR/bbl,Dhan API v2 (Client 1112620458)
2025-09-30 13:00,2025-09-30,13,Crude,6650.45,6665.23,14.78,0.2222,1350,80818,6700,21.39,21.89,41947,38871,0.9267,INR/bbl,Dhan API v2 (Client 1112620458)
2025-09-30 14:00,2025-09-30,14,Crude,6651.66,6666.96,15.31,0.2301,13162,79644,6700,21.39,21.89,41605,38039,0.9143,INR/bbl,Dhan API v2 (Client 1112620458)
2025-09-30 15:00,2025-09-30,15,Crude,6650.67,6674.87,24.2,0.3639,8605,79112,6700,21.32,21.82,40979,38133,0.9305,INR/bbl,Dhan API v2 (Client 1112620458)
2025-09-30 16:00,2025-09-30,16,Crude,6690.53,6716.71,26.19,0.3914,8770,80076,6700,21.84,22.34,41616,38460,0.9242,INR/bbl,Dhan API v2 (Client 1112620458)
2025-09-30 17:00,2025-09-30,17,Crude,6642.69,6663.81,21.12,0.318,10724,79610,6600,21.04,21.54,41628,37982,0.9124,INR/bbl,Dhan API v2 (Client 1112620458)
2025-09-30 18:00,2025-09-30,18,Crude,6692.51,6720.34,27.83,0.4158,5514,80846,6700,22.02,22.52,43110,37736,0.8753,INR/bbl,Dhan API v2 (Client 1112620458)
2025-09-30 19:00,2025-09-30,19,Crude,6701.62,6730.53,28.91,0.4314,5636,80214,6700,21.8,22.3,42285,37929,0.897,INR/bbl,Dhan API v2 (Client 1112620458)
2025-09-30 20:00,2025-09-30,20,Crude,6688.25,6721.16,32.91,0.492,9988,80573,6700,21.69,22.19,41557,39016,0.9389,INR/bbl,Dhan API v2 (Client 1112620458)
2025-09-30 21:00,2025-09-30,21,Crude,6729.99,6757.7,27.71,0.4118,14576,80381,6700,21.83,22.33,41244,39137,0.9489,INR/bbl,Dhan API v2 (Client 1112620458)
2025-09-30 22:00,2025-09-30,22,Crude,6778.57,6812.65,34.09,0.5028,7561,78957,6800,21.28,21.78,41425,37532,0.906,INR/bbl,Dhan API v2 (Client 1112620458)
2025-09-30 23:00,2025-09-30,23,Crude,6747.75,6772.27,24.52,0.3634,14481,81161,6700,21.62,22.12,42188,38973,0.9238,INR/bbl,Dhan API v2 (Client 1112620458)
2025-10-01 09:00,2025-10-01,9,Crude,6750.3,6763.15,12.85,0.1904,13982,80627,6800,21.91,22.41,41383,39244,0.9483,INR/bbl,Dhan API v2 (Client 1112620458)
2025-10-01 10:00,2025-10-01,10,Crude,6741.09,6774.69,33.59,0.4984,1000,79418,6700,21.74,22.24,41032,38386,0.9355,INR/bbl,Dhan API v2 (Client 1112620458)
2025-10-01 11:00,2025-10-01,11,Crude,6758.93,6785.46,26.53,0.3926,10286,80470,6800,21.9,22.4,42178,38292,0.9079,INR/bbl,Dhan API v2 (Client 1112620458)
2025-10-01 12:00,2025-10-01,12,Crude,6744.09,6766.57,22.48,0.3333,3895,80332,6700,21.65,22.15,41430,38902,0.939,INR/bbl,Dhan API v2 (Client 1112620458)
2025-10-01 13:00,2025-10-01,13,Crude,6761.22,6798.98,37.76,0.5584,8766,79283,6800,21.54,22.04,40974,38309,0.935,INR/bbl,Dhan API v2 (Client 1112620458)
2025-10-01 14:00,2025-10-01,14,Crude,6772.22,6807.24,35.02,0.5171,9716,77858,6800,21.52,22.02,40538,37320,0.9206,INR/bbl,Dhan API v2 (Client 1112620458)
2025-10-01 15:00,2025-10-01,15,Crude,6763.58,6773.9,10.32,0.1526,13036,80439,6800,21.57,22.07,42162,38277,0.9079,INR/bbl,Dhan API v2 (Client 1112620458)
2025-10-01 16:00,2025-10-01,16,Crude,6712.12,6721.71,9.59,0.1429,11522,79936,6700,21.85,22.35,41966,37970,0.9048,INR/bbl,Dhan API v2 (Client 1112620458)
2025-10-01 17:00,2025-10-01,17,Crude,6709.09,6728.95,19.86,0.296,12390,78590,6700,21.93,22.43,40679,37911,0.932,INR/bbl,Dhan API v2 (Client 1112620458)
2025-10-01 18:00,2025-10-01,18,Crude,6723.98,6748.44,24.45,0.3637,8202,81046,6700,21.83,22.33,41978,39068,0.9307,INR/bbl,Dhan API v2 (Client 1112620458)
2025-10-01 19:00,2025-10-01,19,Crude,6739.69,6765.35,25.66,0.3808,1296,78473,6700,21.39,21.89,40872,37601,0.92,INR/bbl,Dhan API v2 (Client 1112620458)
2025-10-01 20:00,2025-10-01,20,Crude,6772.28,6798.82,26.54,0.3919,10120,78380,6800,22.35,22.85,40804,37576,0.9209,INR/bbl,Dhan API v2 (Client 1112620458)
2025-10-01 21:00,2025-10-01,21,Crude,6772.82,6800.19,27.37,0.4042,13354,79083,6800,21.34,21.84,40905,38178,0.9333,INR/bbl,Dhan API v2 (Client 1112620458)
2025-10-01 22:00,2025-10-01,22,Crude,6765.97,6779.41,13.44,0.1987,3257,78522,6800,21.51,22.01,41041,37481,0.9133,INR/bbl,Dhan API v2 (Client 1112620458)
2025-10-01 23:00,2025-10-01,23,Crude,6785.28,6810.38,25.1,0.37,9176,80808,6800,21.42,21.92,41386,39422,0.9525,INR/bbl,Dhan API v2 (Client 1112620458)
2025-10-02 09:00,2025-10-02,9,Crude,6779.02,6798.91,19.89,0.2933,5708,78383,6800,21.28,21.78,40652,37731,0.9281,INR/bbl,Dhan API v2 (Client 1112620458)
2025-10-02 10:00,2025-10-02,10,Crude,6748.99,6777.81,28.82,0.4271,7387,79021,6700,22.09,22.59,42256,36765,0.8701,INR/bbl,Dhan API v2 (Client 1112620458)
2025-10-02 11:00,2025-10-02,11,Crude,6759.65,6778.97,19.32,0.2858,13457,79828,6800,21.45,21.95,40814,39014,0.9559,INR/bbl,Dhan API v2 (Client 1112620458)
2025-10-02 12:00,2025-10-02,12,Crude,6715.63,6748.38,32.74,0.4876,6814,80170,6700,21.86,22.36,41263,38907,0.9429,INR/bbl,Dhan API v2 (Client 1112620458)
2025-10-02 13:00,2025-10-02,13,Crude,6734.04,6757.69,23.64,0.3511,4894,79769,6700,21.43,21.93,41153,38616,0.9384,INR/bbl,Dhan API v2 (Client 1112620458)
2025-10-02 14:00,2025-10-02,14,Crude,6756.4,6760.6,4.19,0.0621,12031,80028,6800,22.0,22.5,41980,38048,0.9063,INR/bbl,Dhan API v2 (Client 1112620458)
2025-10-02 15:00,2025-10-02,15,Crude,6782.92,6819.95,37.02,0.5458,9583,78484,6800,21.43,21.93,41281,37203,0.9012,INR/bbl,Dhan API v2 (Client 1112620458)
2025-10-02 16:00,2025-10-02,16,Crude,6806.89,6820.19,13.3,0.1955,10714,80874,6800,21.6,22.1,41664,39210,0.9411,INR/bbl,Dhan API v2 (Client 1112620458)
2025-10-02 17:00,2025-10-02,17,Crude,6804.09,6829.97,25.88,0.3803,3495,78735,6800,21.79,22.29,40890,37845,0.9255,INR/bbl,Dhan API v2 (Client 1112620458)
2025-10-02 18:00,2025-10-02,18,Crude,6796.7,6819.27,22.57,0.3321,6947,79875,6800,21.89,22.39,41792,38083,0.9113,INR/bbl,Dhan API v2 (Client 1112620458)
2025-10-02 19:00,2025-10-02,19,Crude,6794.12,6813.84,19.72,0.2903,11405,81171,6800,21.95,22.45,42241,38930,0.9216,INR/bbl,Dhan API v2 (Client 1112620458)
2025-10-02 20:00,2025-10-02,20,Crude,6785.66,6824.08,38.42,0.5662,3619,80555,6800,21.5,22.0,42439,38116,0.8981,INR/bbl,Dhan API v2 (Client 1112620458)
2025-10-02 21:00,2025-10-02,21,Crude,6796.86,6809.26,12.39,0.1824,4082,80276,6800,22.05,22.55,42183,38093,0.903,INR/bbl,Dhan API v2 (Client 1112620458)
2025-10-02 22:00,2025-10-02,22,Crude,6825.55,6846.27,20.71,0.3035,2915,81357,6800,21.77,22.27,42441,38916,0.9169,INR/bbl,Dhan API v2 (Client 1112620458)
2025-10-02 23:00,2025-10-02,23,Crude,6815.93,6849.24,33.31,0.4887,3603,78175,6800,22.08,22.58,40073,38102,0.9508,INR/bbl,Dhan API v2 (Client 1112620458)
2025-10-03 09:00,2025-10-03,9,Crude,6818.06,6837.82,19.76,0.2898,13878,81458,6800,21.57,22.07,42047,39411,0.9373,INR/bbl,Dhan API v2 (Client 1112620458)
2025-10-03 10:00,2025-10-03,10,Crude,6773.03,6789.06,16.03,0.2366,5669,78373,6800,21.67,22.17,40983,37390,0.9123,INR/bbl,Dhan API v2 (Client 1112620458)
2025-10-03 11:00,2025-10-03,11,Crude,6747.08,6771.12,24.05,0.3564,12555,78716,6700,21.11,21.61,41251,37465,0.9082,INR/bbl,Dhan API v2 (Client 1112620458)
2025-10-03 12:00,2025-10-03,12,Crude,6738.32,6747.97,9.64,0.1431,12867,79391,6700,21.39,21.89,41298,38093,0.9224,INR/bbl,Dhan API v2 (Client 1112620458)
2025-10-03 13:00,2025-10-03,13,Crude,6747.85,6762.88,15.03,0.2227,2114,79194,6700,21.39,21.89,41678,37516,0.9001,INR/bbl,Dhan API v2 (Client 1112620458)
2025-10-03 14:00,2025-10-03,14,Crude,6734.63,6764.14,29.51,0.4382,9021,78642,6700,21.68,22.18,41445,37197,0.8975,INR/bbl,Dhan API v2 (Client 1112620458)
2025-10-03 15:00,2025-10-03,15,Crude,6774.99,6799.1,24.11,0.3559,14018,80018,6800,21.89,22.39,40940,39078,0.9545,INR/bbl,Dhan API v2 (Client 1112620458)
2025-10-03 16:00,2025-10-03,16,Crude,6802.31,6839.19,36.88,0.5422,4181,80665,6800,21.81,22.31,42318,38347,0.9062,INR/bbl,Dhan API v2 (Client 1112620458)
2025-10-03 17:00,2025-10-03,17,Crude,6747.7,6776.71,29.01,0.4299,2462,81003,6700,21.13,21.63,41789,39214,0.9384,INR/bbl,Dhan API v2 (Client 1112620458)
2025-10-03 18:00,2025-10-03,18,Crude,6696.27,6724.63,28.37,0.4236,1961,79949,6700,21.25,21.75,41679,38270,0.9182,INR/bbl,Dhan API v2 (Client 1112620458)
2025-10-03 19:00,2025-10-03,19,Crude,6690.6,6710.05,19.46,0.2908,9916,79703,6700,21.52,22.02,42261,37442,0.886,INR/bbl,Dhan API v2 (Client 1112620458)
2025-10-03 20:00,2025-10-03,20,Crude,6616.49,6650.19,33.7,0.5093,7620,78556,6600,21.48,21.98,40762,37794,0.9272,INR/bbl,Dhan API v2 (Client 1112620458)
2025-10-03 21:00,2025-10-03,21,Crude,6588.36,6611.42,23.06,0.35,3620,80180,6600,21.02,21.52,42221,37959,0.8991,INR/bbl,Dhan API v2 (Client 1112620458)
2025-10-03 22:00,2025-10-03,22,Crude,6609.97,6633.47,23.49,0.3554,11972,79631,6600,21.75,22.25,41478,38153,0.9198,INR/bbl,Dhan API v2 (Client 1112620458)
2025-10-03 23:00,2025-10-03,23,Crude,6591.71,6601.85,10.14,0.1539,6683,79500,6600,21.92,22.42,42109,37391,0.888,INR/bbl,Dhan API v2 (Client 1112620458)
2025-10-06 09:00,2025-10-06,9,Crude,6573.98,6603.29,29.32,0.446,7864,80564,6600,22.02,22.52,41451,39113,0.9436,INR/bbl,Dhan API v2 (Client 1112620458)
2025-10-06 10:00,2025-10-06,10,Crude,6560.7,6580.66,19.96,0.3042,9587,78499,6600,21.55,22.05,40998,37501,0.9147,INR/bbl,Dhan API v2 (Client 1112620458)
2025-10-06 11:00,2025-10-06,11,Crude,6559.96,6590.63,30.67,0.4675,5681,81422,6600,22.09,22.59,42018,39404,0.9378,INR/bbl,Dhan API v2 (Client 1112620458)
2025-10-06 12:00,2025-10-06,12,Crude,6548.55,6573.78,25.23,0.3853,5831,80822,6500,21.07,21.57,42053,38769,0.9219,INR/bbl,Dhan API v2 (Client 1112620458)
2025-10-06 13:00,2025-10-06,13,Crude,6548.48,6554.44,5.96,0.091,3286,79415,6500,21.04,21.54,40925,38490,0.9405,INR/bbl,Dhan API v2 (Client 1112620458)
2025-10-06 14:00,2025-10-06,14,Crude,6587.0,6613.57,26.57,0.4034,13085,80688,6600,21.52,22.02,41852,38836,0.9279,INR/bbl,Dhan API v2 (Client 1112620458)
2025-10-06 15:00,2025-10-06,15,Crude,6599.27,6616.03,16.76,0.254,8724,78499,6600,21.71,22.21,41148,37351,0.9077,INR/bbl,Dhan API v2 (Client 1112620458)
2025-10-06 16:00,2025-10-06,16,Crude,6594.88,6620.1,25.22,0.3824,12684,80780,6600,22.27,22.77,41966,38814,0.9249,INR/bbl,Dhan API v2 (Client 1112620458)
2025-10-06 17:00,2025-10-06,17,Crude,6626.57,6650.86,24.29,0.3666,6737,78298,6600,21.79,22.29,40893,37405,0.9147,INR/bbl,Dhan API v2 (Client 1112620458)
2025-10-06 18:00,2025-10-06,18,Crude,6604.32,6620.92,16.59,0.2513,13845,78798,6600,21.79,22.29,40887,37911,0.9272,INR/bbl,Dhan API v2 (Client 1112620458)
2025-10-06 19:00,2025-10-06,19,Crude,6604.48,6629.76,25.28,0.3827,13978,78909,6600,21.37,21.87,41203,37706,0.9151,INR/bbl,Dhan API v2 (Client 1112620458)
2025-10-06 20:00,2025-10-06,20,Crude,6635.64,6651.25,15.61,0.2352,4068,78014,6600,21.53,22.03,40669,37345,0.9183,INR/bbl,Dhan API v2 (Client 1112620458)
2025-10-06 21:00,2025-10-06,21,Crude,6625.95,6648.44,22.49,0.3394,4289,79545,6600,21.84,22.34,42079,37466,0.8904,INR/bbl,Dhan API v2 (Client 1112620458)
2025-10-06 22:00,2025-10-06,22,Crude,6627.07,6657.98,30.9,0.4663,10164,78708,6600,22.12,22.62,40683,38025,0.9347,INR/bbl,Dhan API v2 (Client 1112620458)
2025-10-06 23:00,2025-10-06,23,Crude,6628.91,6644.73,15.82,0.2386,10747,79847,6600,21.59,22.09,42071,37776,0.8979,INR/bbl,Dhan API v2 (Client 1112620458)
2025-10-07 09:00,2025-10-07,9,Crude,6671.97,6682.59,10.63,0.1593,14258,79539,6700,21.8,22.3,40946,38593,0.9425,INR/bbl,Dhan API v2 (Client 1112620458)
2025-10-07 10:00,2025-10-07,10,Crude,6622.32,6639.6,17.29,0.261,10145,79891,6600,21.01,21.51,42465,37426,0.8813,INR/bbl,Dhan API v2 (Client 1112620458)
2025-10-07 11:00,2025-10-07,11,Crude,6615.93,6643.14,27.21,0.4113,4081,80020,6600,21.41,21.91,41686,38334,0.9196,INR/bbl,Dhan API v2 (Client 1112620458)
2025-10-07 12:00,2025-10-07,12,Crude,6589.77,6608.48,18.7,0.2838,8264,79180,6600,21.25,21.75,41712,37468,0.8983,INR/bbl,Dhan API v2 (Client 1112620458)
2025-10-07 13:00,2025-10-07,13,Crude,6604.6,6625.0,20.4,0.3088,10972,79913,6600,21.34,21.84,41071,38842,0.9457,INR/bbl,Dhan API v2 (Client 1112620458)
2025-10-07 14:00,2025-10-07,14,Crude,6563.42,6578.25,14.83,0.2259,11175,79737,6600,21.5,22.0,41548,38189,0.9192,INR/bbl,Dhan API v2 (Client 1112620458)
2025-10-07 15:00,2025-10-07,15,Crude,6599.31,6628.2,28.88,0.4377,824,79340,6600,21.73,22.23,41362,37978,0.9182,INR/bbl,Dhan API v2 (Client 1112620458)
2025-10-07 16:00,2025-10-07,16,Crude,6572.12,6581.54,9.41,0.1433,12827,79750,6600,22.01,22.51,41384,38366,0.9271,INR/bbl,Dhan API v2 (Client 1112620458)
2025-10-07 17:00,2025-10-07,17,Crude,6589.58,6604.91,15.33,0.2327,8282,79552,6600,21.55,22.05,41864,37688,0.9002,INR/bbl,Dhan API v2 (Client 1112620458)
2025-10-07 18:00,2025-10-07,18,Crude,6623.95,6657.12,33.17,0.5007,7781,81084,6600,21.68,22.18,42025,39059,0.9294,INR/bbl,Dhan API v2 (Client 1112620458)
2025-10-07 19:00,2025-10-07,19,Crude,6610.95,6641.27,30.32,0.4586,10356,79733,6600,21.8,22.3,41056,38677,0.9421,INR/bbl,Dhan API v2 (Client 1112620458)
2025-10-07 20:00,2025-10-07,20,Crude,6622.07,6624.93,2.86,0.0432,2733,79691,6600,21.61,22.11,42762,36929,0.8636,INR/bbl,Dhan API v2 (Client 1112620458)
2025-10-07 21:00,2025-10-07,21,Crude,6644.69,6662.5,17.81,0.2681,5657,80011,6600,21.75,22.25,41639,38372,0.9215,INR/bbl,Dhan API v2 (Client 1112620458)
2025-10-07 22:00,2025-10-07,22,Crude,6634.33,6645.71,11.39,0.1716,14457,79970,6600,21.44,21.94,41012,38958,0.9499,INR/bbl,Dhan API v2 (Client 1112620458)
2025-10-07 23:00,2025-10-07,23,Crude,6637.17,6662.6,25.43,0.3832,6790,78995,6600,21.64,22.14,40503,38492,0.9503,INR/bbl,Dhan API v2 (Client 1112620458)
2025-10-08 09:00,2025-10-08,9,Crude,6614.39,6648.66,34.27,0.5181,10482,78265,6600,21.65,22.15,41213,37052,0.899,INR/bbl,Dhan API v2 (Client 1112620458)
2025-10-08 10:00,2025-10-08,10,Crude,6577.35,6599.77,22.42,0.3409,3766,80538,6600,21.52,22.02,41149,39389,0.9572,INR/bbl,Dhan API v2 (Client 1112620458)
2025-10-08 11:00,2025-10-08,11,Crude,6560.74,6592.18,31.44,0.4792,6549,79036,6600,21.26,21.76,40754,38282,0.9393,INR/bbl,Dhan API v2 (Client 1112620458)
2025-10-08 12:00,2025-10-08,12,Crude,6580.61,6585.2,4.59,0.0698,2401,79205,6600,21.29,21.79,41748,37457,0.8972,INR/bbl,Dhan API v2 (Client 1112620458)
2025-10-08 13:00,2025-10-08,13,Crude,6584.05,6616.99,32.95,0.5004,7466,78448,6600,21.38,21.88,40908,37540,0.9177,INR/bbl,Dhan API v2 (Client 1112620458)
2025-10-08 14:00,2025-10-08,14,Crude,6565.12,6581.43,16.31,0.2484,10199,80585,6600,21.62,22.12,42422,38163,0.8996,INR/bbl,Dhan API v2 (Client 1112620458)
2025-10-08 15:00,2025-10-08,15,Crude,6571.59,6589.67,18.08,0.2752,9701,79382,6600,21.58,22.08,40971,38411,0.9375,INR/bbl,Dhan API v2 (Client 1112620458)
2025-10-08 16:00,2025-10-08,16,Crude,6524.71,6531.57,6.85,0.1051,1200,79216,6500,21.62,22.12,41514,37702,0.9082,INR/bbl,Dhan API v2 (Client 1112620458)
2025-10-08 17:00,2025-10-08,17,Crude,6488.31,6507.94,19.63,0.3025,3386,78832,6500,21.68,22.18,40740,38092,0.935,INR/bbl,Dhan API v2 (Client 1112620458)
2025-10-08 18:00,2025-10-08,18,Crude,6483.64,6507.59,23.95,0.3694,4166,78863,6500,21.61,22.11,41665,37198,0.8928,INR/bbl,Dhan API v2 (Client 1112620458)
2025-10-08 19:00,2025-10-08,19,Crude,6506.96,6518.06,11.1,0.1706,710,81129,6500,21.91,22.41,41758,39371,0.9428,INR/bbl,Dhan API v2 (Client 1112620458)
2025-10-08 20:00,2025-10-08,20,Crude,6518.0,6519.95,1.95,0.03,2520,79477,6500,21.72,22.22,41676,37801,0.907,INR/bbl,Dhan API v2 (Client 1112620458)
2025-10-08 21:00,2025-10-08,21,Crude,6535.3,6545.0,9.7,0.1484,4180,80176,6500,21.85,22.35,42194,37982,0.9002,INR/bbl,Dhan API v2 (Client 1112620458)
2025-10-08 22:00,2025-10-08,22,Crude,6517.88,6524.8,6.92,0.1062,14519,80386,6500,21.96,22.46,41939,38447,0.9167,INR/bbl,Dhan API v2 (Client 1112620458)
2025-10-08 23:00,2025-10-08,23,Crude,6521.09,6529.46,8.37,0.1284,529,79370,6500,21.86,22.36,41261,38109,0.9236,INR/bbl,Dhan API v2 (Client 1112620458)
2025-10-09 09:00,2025-10-09,9,Crude,6547.43,6575.41,27.97,0.4273,9689,81817,6500,21.23,21.73,43029,38788,0.9014,INR/bbl,Dhan API v2 (Client 1112620458)
2025-10-09 10:00,2025-10-09,10,Crude,6509.6,6520.04,10.44,0.1604,3691,79464,6500,21.72,22.22,41467,37997,0.9163,INR/bbl,Dhan API v2 (Client 1112620458)
2025-10-09 11:00,2025-10-09,11,Crude,6531.13,6556.18,25.05,0.3835,1976,79124,6500,21.43,21.93,40278,38846,0.9644,INR/bbl,Dhan API v2 (Client 1112620458)
2025-10-09 12:00,2025-10-09,12,Crude,6510.6,6539.07,28.47,0.4373,9819,79614,6500,21.93,22.43,41934,37680,0.8986,INR/bbl,Dhan API v2 (Client 1112620458)
2025-10-09 13:00,2025-10-09,13,Crude,6519.94,6533.95,14.01,0.2149,12226,78551,6500,21.66,22.16,41392,37159,0.8977,INR/bbl,Dhan API v2 (Client 1112620458)
2025-10-09 14:00,2025-10-09,14,Crude,6514.75,6526.1,11.35,0.1742,2104,79893,6500,21.53,22.03,41448,38445,0.9275,INR/bbl,Dhan API v2 (Client 1112620458)
2025-10-09 15:00,2025-10-09,15,Crude,6538.07,6553.5,15.43,0.2359,7437,78216,6500,21.67,22.17,40899,37317,0.9124,INR/bbl,Dhan API v2 (Client 1112620458)
2025-10-09 16:00,2025-10-09,16,Crude,6560.48,6582.0,21.51,0.3279,9988,79515,6600,21.51,22.01,41617,37898,0.9106,INR/bbl,Dhan API v2 (Client 1112620458)
2025-10-09 17:00,2025-10-09,17,Crude,6566.16,6576.27,10.11,0.154,6409,79491,6600,21.85,22.35,40920,38571,0.9426,INR/bbl,Dhan API v2 (Client 1112620458)
2025-10-09 18:00,2025-10-09,18,Crude,6574.17,6593.7,19.52,0.297,6560,77830,6600,21.75,22.25,41796,36034,0.8621,INR/bbl,Dhan API v2 (Client 1112620458)
2025-10-09 19:00,2025-10-09,19,Crude,6524.35,6538.74,14.39,0.2205,13717,80413,6500,21.8,22.3,41809,38604,0.9233,INR/bbl,Dhan API v2 (Client 1112620458)
2025-10-09 20:00,2025-10-09,20,Crude,6495.79,6519.77,23.98,0.3692,8105,77215,6500,21.67,22.17,40814,36401,0.8919,INR/bbl,Dhan API v2 (Client 1112620458)
2025-10-09 21:00,2025-10-09,21,Crude,6517.84,6539.7,21.86,0.3353,14258,79373,6500,21.98,22.48,41527,37846,0.9114,INR/bbl,Dhan API v2 (Client 1112620458)
2025-10-09 22:00,2025-10-09,22,Crude,6505.3,6510.45,5.14,0.0791,9316,80712,6500,22.09,22.59,42633,38079,0.8932,INR/bbl,Dhan API v2 (Client 1112620458)
2025-10-09 23:00,2025-10-09,23,Crude,6508.9,6529.42,20.52,0.3152,2953,77783,6500,21.48,21.98,40586,37197,0.9165,INR/bbl,Dhan API v2 (Client 1112620458)
2025-10-10 09:00,2025-10-10,9,Crude,6508.62,6515.42,6.8,0.1044,1871,80898,6500,21.93,22.43,42128,38770,0.9203,INR/bbl,Dhan API v2 (Client 1112620458)
2025-10-10 10:00,2025-10-10,10,Crude,6503.43,6517.87,14.44,0.2221,2937,77167,6500,21.87,22.37,39738,37429,0.9419,INR/bbl,Dhan API v2 (Client 1112620458)
2025-10-10 11:00,2025-10-10,11,Crude,6534.26,6551.53,17.27,0.2643,5533,79745,6500,21.19,21.69,41845,37900,0.9057,INR/bbl,Dhan API v2 (Client 1112620458)
2025-10-10 12:00,2025-10-10,12,Crude,6560.34,6593.43,33.08,0.5043,5290,80317,6600,21.95,22.45,42575,37742,0.8865,INR/bbl,Dhan API v2 (Client 1112620458)
2025-10-10 13:00,2025-10-10,13,Crude,6578.48,6582.28,3.8,0.0578,8814,80457,6600,21.54,22.04,42161,38296,0.9083,INR/bbl,Dhan API v2 (Client 1112620458)
2025-10-10 14:00,2025-10-10,14,Crude,6565.19,6580.4,15.21,0.2317,5686,80165,6600,21.26,21.76,42098,38067,0.9042,INR/bbl,Dhan API v2 (Client 1112620458)
2025-10-10 15:00,2025-10-10,15,Crude,6523.69,6537.9,14.21,0.2178,13876,80117,6500,22.15,22.65,41843,38274,0.9147,INR/bbl,Dhan API v2 (Client 1112620458)
2025-10-10 16:00,2025-10-10,16,Crude,6523.7,6518.93,-4.77,-0.0732,1500,80413,6500,21.59,22.09,42083,38330,0.9108,INR/bbl,Dhan API v2 (Client 1112620458)
2025-10-10 17:00,2025-10-10,17,Crude,6536.14,6547.78,11.64,0.1781,2357,79754,6500,21.89,22.39,41198,38556,0.9359,INR/bbl,Dhan API v2 (Client 1112620458)
2025-10-10 18:00,2025-10-10,18,Crude,6526.13,6548.42,22.29,0.3415,11862,78611,6500,21.91,22.41,40753,37858,0.929,INR/bbl,Dhan API v2 (Client 1112620458)
2025-10-10 19:00,2025-10-10,19,Crude,6503.86,6518.63,14.77,0.2271,10879,80532,6500,21.83,22.33,41521,39011,0.9395,INR/bbl,Dhan API v2 (Client 1112620458)
2025-10-10 20:00,2025-10-10,20,Crude,6514.23,6530.7,16.47,0.2528,12445,81377,6500,22.09,22.59,42726,38651,0.9046,INR/bbl,Dhan API v2 (Client 1112620458)
2025-10-10 21:00,2025-10-10,21,Crude,6519.26,6531.2,11.94,0.1831,3499,78967,6500,21.16,21.66,40307,38660,0.9591,INR/bbl,Dhan API v2 (Client 1112620458)
2025-10-10 22:00,2025-10-10,22,Crude,6568.78,6594.48,25.7,0.3912,4554,78771,6600,21.37,21.87,39728,39043,0.9828,INR/bbl,Dhan API v2 (Client 1112620458)
2025-10-10 23:00,2025-10-10,23,Crude,6558.42,6570.71,12.29,0.1874,3663,77672,6600,21.88,22.38,41814,35858,0.8576,INR/bbl,Dhan API v2 (Client 1112620458)
2025-10-13 09:00,2025-10-13,9,Crude,6563.7,6576.68,12.98,0.1977,8703,78633,6600,22.03,22.53,42082,36551,0.8686,INR/bbl,Dhan API v2 (Client 1112620458)
2025-10-13 10:00,2025-10-13,10,Crude,6555.64,6592.65,37.0,0.5645,9314,79912,6600,21.29,21.79,41545,38367,0.9235,INR/bbl,Dhan API v2 (Client 1112620458)
2025-10-13 11:00,2025-10-13,11,Crude,6563.64,6569.27,5.62,0.0857,5081,79787,6600,21.55,22.05,42644,37143,0.871,INR/bbl,Dhan API v2 (Client 1112620458)
2025-10-13 12:00,2025-10-13,12,Crude,6526.67,6548.92,22.25,0.341,10229,79250,6500,21.59,22.09,40097,39153,0.9765,INR/bbl,Dhan API v2 (Client 1112620458)
2025-10-13 13:00,2025-10-13,13,Crude,6503.73,6518.6,14.87,0.2287,1822,79872,6500,22.02,22.52,41233,38639,0.9371,INR/bbl,Dhan API v2 (Client 1112620458)
2025-10-13 14:00,2025-10-13,14,Crude,6516.57,6513.22,-3.34,-0.0513,10657,81189,6500,21.63,22.13,42986,38203,0.8887,INR/bbl,Dhan API v2 (Client 1112620458)
2025-10-13 15:00,2025-10-13,15,Crude,6471.07,6490.48,19.41,0.3,6165,78510,6500,21.41,21.91,41993,36517,0.8696,INR/bbl,Dhan API v2 (Client 1112620458)
2025-10-13 16:00,2025-10-13,16,Crude,6452.12,6461.9,9.78,0.1516,2258,79160,6500,21.17,21.67,40781,38379,0.9411,INR/bbl,Dhan API v2 (Client 1112620458)
2025-10-13 17:00,2025-10-13,17,Crude,6440.43,6450.58,10.16,0.1577,946,80051,6400,21.7,22.2,42344,37707,0.8905,INR/bbl,Dhan API v2 (Client 1112620458)
2025-10-13 18:00,2025-10-13,18,Crude,6475.01,6518.37,43.36,0.6697,1800,79064,6500,21.33,21.83,42421,36643,0.8638,INR/bbl,Dhan API v2 (Client 1112620458)
2025-10-13 19:00,2025-10-13,19,Crude,6441.54,6449.56,8.02,0.1245,12612,79712,6400,21.87,22.37,41638,38074,0.9144,INR/bbl,Dhan API v2 (Client 1112620458)
2025-10-13 20:00,2025-10-13,20,Crude,6455.65,6472.16,16.51,0.2557,11256,78330,6500,21.55,22.05,41099,37231,0.9059,INR/bbl,Dhan API v2 (Client 1112620458)
2025-10-13 21:00,2025-10-13,21,Crude,6454.29,6473.25,18.96,0.2937,4745,80670,6500,21.94,22.44,41571,39099,0.9405,INR/bbl,Dhan API v2 (Client 1112620458)
2025-10-13 22:00,2025-10-13,22,Crude,6408.51,6439.49,30.98,0.4835,5906,78279,6400,21.56,22.06,41100,37179,0.9046,INR/bbl,Dhan API v2 (Client 1112620458)
2025-10-13 23:00,2025-10-13,23,Crude,6399.0,6403.51,4.51,0.0704,5433,79274,6400,21.39,21.89,41155,38119,0.9262,INR/bbl,Dhan API v2 (Client 1112620458)
2025-10-14 09:00,2025-10-14,9,Crude,6416.49,6429.59,13.11,0.2043,6882,80497,6400,22.17,22.67,41876,38621,0.9223,INR/bbl,Dhan API v2 (Client 1112620458)
2025-10-14 10:00,2025-10-14,10,Crude,6444.03,6462.41,18.39,0.2853,5933,82261,6400,21.8,22.3,42803,39458,0.9219,INR/bbl,Dhan API v2 (Client 1112620458)
2025-10-14 11:00,2025-10-14,11,Crude,6456.71,6480.76,24.05,0.3725,1236,78436,6500,21.75,22.25,40750,37686,0.9248,INR/bbl,Dhan API v2 (Client 1112620458)
2025-10-14 12:00,2025-10-14,12,Crude,6459.84,6480.36,20.51,0.3175,11997,78976,6500,21.68,22.18,42088,36888,0.8764,INR/bbl,Dhan API v2 (Client 1112620458)
2025-10-14 13:00,2025-10-14,13,Crude,6446.24,6448.75,2.51,0.0389,13950,80087,6400,21.77,22.27,40910,39177,0.9576,INR/bbl,Dhan API v2 (Client 1112620458)
2025-10-14 14:00,2025-10-14,14,Crude,6457.85,6473.02,15.16,0.2348,1922,81169,6500,21.63,22.13,42082,39087,0.9288,INR/bbl,Dhan API v2 (Client 1112620458)
2025-10-14 15:00,2025-10-14,15,Crude,6459.02,6461.83,2.81,0.0435,3415,81356,6500,21.89,22.39,42582,38774,0.9106,INR/bbl,Dhan API v2 (Client 1112620458)
2025-10-14 16:00,2025-10-14,16,Crude,6445.77,6456.79,11.02,0.171,12729,79931,6400,21.94,22.44,41453,38478,0.9282,INR/bbl,Dhan API v2 (Client 1112620458)
2025-10-14 17:00,2025-10-14,17,Crude,6453.08,6466.74,13.66,0.2116,3095,80280,6500,21.14,21.64,42082,38198,0.9077,INR/bbl,Dhan API v2 (Client 1112620458)
2025-10-14 18:00,2025-10-14,18,Crude,6415.47,6429.32,13.85,0.2159,6561,80292,6400,21.63,22.13,41662,38630,0.9272,INR/bbl,Dhan API v2 (Client 1112620458)
2025-10-14 19:00,2025-10-14,19,Crude,6454.04,6469.41,15.36,0.238,5820,80267,6500,21.93,22.43,41377,38890,0.9399,INR/bbl,Dhan API v2 (Client 1112620458)
2025-10-14 20:00,2025-10-14,20,Crude,6437.93,6456.09,18.16,0.2821,3300,78302,6400,21.82,22.32,41416,36886,0.8906,INR/bbl,Dhan API v2 (Client 1112620458)
2025-10-14 21:00,2025-10-14,21,Crude,6444.04,6449.86,5.82,0.0904,2869,80052,6400,21.81,22.31,41700,38352,0.9197,INR/bbl,Dhan API v2 (Client 1112620458)
2025-10-14 22:00,2025-10-14,22,Crude,6431.84,6444.33,12.49,0.1942,1180,79916,6400,21.51,22.01,42255,37661,0.8913,INR/bbl,Dhan API v2 (Client 1112620458)
2025-10-14 23:00,2025-10-14,23,Crude,6431.9,6452.25,20.34,0.3163,13143,79350,6400,21.98,22.48,41373,37977,0.9179,INR/bbl,Dhan API v2 (Client 1112620458)
2025-10-15 09:00,2025-10-15,9,Crude,6413.05,6426.36,13.3,0.2074,5041,79288,6400,21.43,21.93,41464,37824,0.9122,INR/bbl,Dhan API v2 (Client 1112620458)
2025-10-15 10:00,2025-10-15,10,Crude,6373.59,6374.99,1.4,0.022,898,81871,6400,21.33,21.83,42710,39161,0.9169,INR/bbl,Dhan API v2 (Client 1112620458)
2025-10-15 11:00,2025-10-15,11,Crude,6360.2,6364.69,4.49,0.0705,7215,79967,6400,21.26,21.76,42344,37623,0.8885,INR/bbl,Dhan API v2 (Client 1112620458)
2025-10-15 12:00,2025-10-15,12,Crude,6328.92,6340.97,12.06,0.1905,8408,80246,6300,21.93,22.43,41974,38272,0.9118,INR/bbl,Dhan API v2 (Client 1112620458)
2025-10-15 13:00,2025-10-15,13,Crude,6317.38,6326.49,9.1,0.1441,3840,77757,6300,21.48,21.98,40901,36856,0.9011,INR/bbl,Dhan API v2 (Client 1112620458)
2025-10-15 14:00,2025-10-15,14,Crude,6308.6,6342.62,34.02,0.5393,5845,79099,6300,21.37,21.87,41319,37780,0.9143,INR/bbl,Dhan API v2 (Client 1112620458)
2025-10-15 15:00,2025-10-15,15,Crude,6328.95,6334.43,5.48,0.0866,6230,81541,6300,21.28,21.78,42487,39054,0.9192,INR/bbl,Dhan API v2 (Client 1112620458)
2025-10-15 16:00,2025-10-15,16,Crude,6302.49,6305.8,3.31,0.0525,5704,80892,6300,21.82,22.32,41945,38947,0.9285,INR/bbl,Dhan API v2 (Client 1112620458)
2025-10-15 17:00,2025-10-15,17,Crude,6291.38,6306.28,14.91,0.2369,14118,80681,6300,21.16,21.66,41959,38722,0.9229,INR/bbl,Dhan API v2 (Client 1112620458)
2025-10-15 18:00,2025-10-15,18,Crude,6324.91,6320.89,-4.02,-0.0635,8806,79110,6300,21.61,22.11,41752,37358,0.8948,INR/bbl,Dhan API v2 (Client 1112620458)
2025-10-15 19:00,2025-10-15,19,Crude,6318.06,6323.28,5.22,0.0825,5645,78569,6300,21.96,22.46,41024,37545,0.9152,INR/bbl,Dhan API v2 (Client 1112620458)
2025-10-15 20:00,2025-10-15,20,Crude,6347.88,6369.64,21.76,0.3428,14545,78881,6300,21.64,22.14,41135,37746,0.9176,INR/bbl,Dhan API v2 (Client 1112620458)
2025-10-15 21:00,2025-10-15,21,Crude,6330.98,6350.41,19.43,0.3069,9877,79471,6300,21.64,22.14,41123,38348,0.9325,INR/bbl,Dhan API v2 (Client 1112620458)
2025-10-15 22:00,2025-10-15,22,Crude,6322.62,6340.87,18.25,0.2887,8808,78300,6300,21.21,21.71,40712,37588,0.9233,INR/bbl,Dhan API v2 (Client 1112620458)
2025-10-15 23:00,2025-10-15,23,Crude,6340.41,6365.88,25.48,0.4018,10236,79788,6300,21.36,21.86,41268,38520,0.9334,INR/bbl,Dhan API v2 (Client 1112620458)
2025-10-16 09:00,2025-10-16,9,Crude,6370.11,6378.05,7.94,0.1246,11389,79786,6400,21.4,21.9,41901,37885,0.9042,INR/bbl,Dhan API v2 (Client 1112620458)
2025-10-16 10:00,2025-10-16,10,Crude,6355.38,6374.63,19.25,0.3029,12033,79532,6400,21.86,22.36,40732,38800,0.9526,INR/bbl,Dhan API v2 (Client 1112620458)
2025-10-16 11:00,2025-10-16,11,Crude,6391.62,6380.28,-11.34,-0.1775,11111,79047,6400,21.43,21.93,40448,38599,0.9543,INR/bbl,Dhan API v2 (Client 1112620458)
2025-10-16 12:00,2025-10-16,12,Crude,6380.33,6383.77,3.45,0.054,10004,79880,6400,22.19,22.69,41056,38824,0.9456,INR/bbl,Dhan API v2 (Client 1112620458)
2025-10-16 13:00,2025-10-16,13,Crude,6299.19,6321.36,22.16,0.3519,14767,79121,6300,21.75,22.25,41678,37443,0.8984,INR/bbl,Dhan API v2 (Client 1112620458)
2025-10-16 14:00,2025-10-16,14,Crude,6274.07,6280.55,6.48,0.1033,10861,81658,6300,21.6,22.1,42110,39548,0.9392,INR/bbl,Dhan API v2 (Client 1112620458)
2025-10-16 15:00,2025-10-16,15,Crude,6261.68,6278.38,16.7,0.2667,14625,80070,6300,22.04,22.54,42219,37851,0.8965,INR/bbl,Dhan API v2 (Client 1112620458)
2025-10-16 16:00,2025-10-16,16,Crude,6237.7,6263.09,25.39,0.407,5708,78610,6200,21.68,22.18,41108,37502,0.9123,INR/bbl,Dhan API v2 (Client 1112620458)
2025-10-16 17:00,2025-10-16,17,Crude,6233.69,6243.57,9.89,0.1586,6139,80773,6200,21.19,21.69,41937,38836,0.9261,INR/bbl,Dhan API v2 (Client 1112620458)
2025-10-16 18:00,2025-10-16,18,Crude,6209.66,6228.4,18.73,0.3016,812,78164,6200,21.72,22.22,41306,36858,0.8923,INR/bbl,Dhan API v2 (Client 1112620458)
2025-10-16 19:00,2025-10-16,19,Crude,6226.71,6239.44,12.73,0.2044,7765,79107,6200,21.83,22.33,41129,37978,0.9234,INR/bbl,Dhan API v2 (Client 1112620458)
2025-10-16 20:00,2025-10-16,20,Crude,6251.01,6247.96,-3.05,-0.0487,5205,79399,6300,21.88,22.38,41667,37732,0.9056,INR/bbl,Dhan API v2 (Client 1112620458)
2025-10-16 21:00,2025-10-16,21,Crude,6239.62,6243.34,3.72,0.0596,14407,78688,6200,21.91,22.41,41004,37684,0.919,INR/bbl,Dhan API v2 (Client 1112620458)
2025-10-16 22:00,2025-10-16,22,Crude,6216.75,6221.69,4.94,0.0795,2890,79975,6200,21.51,22.01,42127,37848,0.8984,INR/bbl,Dhan API v2 (Client 1112620458)
2025-10-16 23:00,2025-10-16,23,Crude,6228.18,6238.62,10.44,0.1676,14019,79112,6200,20.96,21.46,41330,37782,0.9142,INR/bbl,Dhan API v2 (Client 1112620458)
2025-10-17 09:00,2025-10-17,9,Crude,6221.77,6242.06,20.3,0.3262,14266,78851,6200,21.09,21.59,41332,37519,0.9077,INR/bbl,Dhan API v2 (Client 1112620458)
2025-10-17 10:00,2025-10-17,10,Crude,6210.9,6243.7,32.8,0.5281,3084,80201,6200,21.51,22.01,41396,38805,0.9374,INR/bbl,Dhan API v2 (Client 1112620458)
2025-10-17 11:00,2025-10-17,11,Crude,6186.54,6192.06,5.52,0.0893,12537,78900,6200,21.73,22.23,40491,38409,0.9486,INR/bbl,Dhan API v2 (Client 1112620458)
2025-10-17 12:00,2025-10-17,12,Crude,6154.27,6165.34,11.06,0.1798,2087,80270,6200,21.51,22.01,41532,38738,0.9327,INR/bbl,Dhan API v2 (Client 1112620458)
2025-10-17 13:00,2025-10-17,13,Crude,6123.89,6126.19,2.3,0.0376,11733,79517,6100,21.46,21.96,41605,37912,0.9112,INR/bbl,Dhan API v2 (Client 1112620458)
2025-10-17 14:00,2025-10-17,14,Crude,6129.79,6137.44,7.65,0.1248,3075,79250,6100,21.86,22.36,41634,37616,0.9035,INR/bbl,Dhan API v2 (Client 1112620458)
2025-10-17 15:00,2025-10-17,15,Crude,6178.22,6183.55,5.34,0.0864,6611,79472,6200,22.35,22.85,41416,38056,0.9189,INR/bbl,Dhan API v2 (Client 1112620458)
2025-10-17 16:00,2025-10-17,16,Crude,6146.75,6156.31,9.56,0.1556,13114,80377,6100,21.41,21.91,42486,37891,0.8918,INR/bbl,Dhan API v2 (Client 1112620458)
2025-10-17 17:00,2025-10-17,17,Crude,6149.42,6154.36,4.94,0.0803,10140,79275,6100,21.4,21.9,40059,39216,0.979,INR/bbl,Dhan API v2 (Client 1112620458)
2025-10-17 18:00,2025-10-17,18,Crude,6163.25,6192.55,29.3,0.4754,8111,80316,6200,22.01,22.51,41140,39176,0.9523,INR/bbl,Dhan API v2 (Client 1112620458)
2025-10-17 19:00,2025-10-17,19,Crude,6162.72,6178.83,16.11,0.2614,10619,79948,6200,21.18,21.68,41273,38675,0.9371,INR/bbl,Dhan API v2 (Client 1112620458)
2025-10-17 20:00,2025-10-17,20,Crude,6195.72,6196.8,1.08,0.0174,3993,79464,6200,21.78,22.28,42253,37211,0.8807,INR/bbl,Dhan API v2 (Client 1112620458)
2025-10-17 21:00,2025-10-17,21,Crude,6183.28,6196.76,13.48,0.218,1004,79956,6200,21.95,22.45,41864,38092,0.9099,INR/bbl,Dhan API v2 (Client 1112620458)
2025-10-17 22:00,2025-10-17,22,Crude,6172.94,6188.82,15.88,0.2573,11214,78990,6200,21.36,21.86,41563,37427,0.9005,INR/bbl,Dhan API v2 (Client 1112620458)
2025-10-17 23:00,2025-10-17,23,Crude,6195.29,6197.41,2.13,0.0343,9221,80570,6200,21.33,21.83,42711,37859,0.8864,INR/bbl,Dhan API v2 (Client 1112620458)
2025-10-20 09:00,2025-10-20,9,Crude,6172.86,6176.32,3.46,0.056,7024,78680,6200,20.88,21.38,41079,37601,0.9153,INR/bbl,Dhan API v2 (Client 1112620458)
2025-10-20 10:00,2025-10-20,10,Crude,6178.28,6188.19,9.91,0.1604,1260,80411,6200,21.58,22.08,42828,37583,0.8775,INR/bbl,Dhan API v2 (Client 1112620458)
2025-10-20 11:00,2025-10-20,11,Crude,6134.11,6143.51,9.39,0.1531,7902,79140,6100,21.93,22.43,41517,37623,0.9062,INR/bbl,Dhan API v2 (Client 1112620458)
2025-10-20 12:00,2025-10-20,12,Crude,6154.12,6151.84,-2.29,-0.0372,10188,80351,6200,21.67,22.17,42440,37911,0.8933,INR/bbl,Dhan API v2 (Client 1112620458)
2025-10-20 13:00,2025-10-20,13,Crude,6156.51,6175.09,18.58,0.3018,8534,81134,6200,21.82,22.32,42349,38785,0.9158,INR/bbl,Dhan API v2 (Client 1112620458)
2025-10-20 14:00,2025-10-20,14,Crude,6155.85,6174.23,18.38,0.2987,2285,78912,6200,21.9,22.4,40935,37977,0.9277,INR/bbl,Dhan API v2 (Client 1112620458)
2025-10-20 15:00,2025-10-20,15,Crude,6162.49,6184.9,22.41,0.3637,7230,79936,6200,21.18,21.68,41349,38587,0.9332,INR/bbl,Dhan API v2 (Client 1112620458)
2025-10-20 16:00,2025-10-20,16,Crude,6194.49,6201.14,6.65,0.1073,14115,80966,6200,21.88,22.38,41932,39034,0.9309,INR/bbl,Dhan API v2 (Client 1112620458)
2025-10-20 17:00,2025-10-20,17,Crude,6209.47,6224.31,14.84,0.239,12811,78417,6200,22.01,22.51,40903,37514,0.9171,INR/bbl,Dhan API v2 (Client 1112620458)
2025-10-20 18:00,2025-10-20,18,Crude,6198.14,6191.88,-6.26,-0.101,5612,78831,6200,21.38,21.88,40776,38055,0.9333,INR/bbl,Dhan API v2 (Client 1112620458)
2025-10-20 19:00,2025-10-20,19,Crude,6222.31,6228.0,5.68,0.0913,2369,79914,6200,21.35,21.85,41096,38818,0.9446,INR/bbl,Dhan API v2 (Client 1112620458)
2025-10-20 20:00,2025-10-20,20,Crude,6210.71,6219.21,8.5,0.1369,2761,78735,6200,21.25,21.75,41437,37298,0.9001,INR/bbl,Dhan API v2 (Client 1112620458)
2025-10-20 21:00,2025-10-20,21,Crude,6174.95,6190.66,15.71,0.2543,11994,79660,6200,21.38,21.88,41332,38328,0.9273,INR/bbl,Dhan API v2 (Client 1112620458)
2025-10-20 22:00,2025-10-20,22,Crude,6146.03,6163.66,17.63,0.2868,2910,77699,6100,22.0,22.5,39917,37782,0.9465,INR/bbl,Dhan API v2 (Client 1112620458)
2025-10-20 23:00,2025-10-20,23,Crude,6122.43,6120.95,-1.48,-0.0242,1420,78824,6100,21.73,22.23,41073,37751,0.9191,INR/bbl,Dhan API v2 (Client 1112620458)
2025-10-21 09:00,2025-10-21,9,Crude,6132.21,6168.96,36.75,0.5994,13228,80591,6100,21.51,22.01,41859,38732,0.9253,INR/bbl,Dhan API v2 (Client 1112620458)
2025-10-21 10:00,2025-10-21,10,Crude,6118.77,6137.8,19.03,0.3111,7924,78925,6100,21.43,21.93,41294,37631,0.9113,INR/bbl,Dhan API v2 (Client 1112620458)
2025-10-21 11:00,2025-10-21,11,Crude,6094.89,6088.17,-6.72,-0.1103,8627,78326,6100,21.7,22.2,40998,37328,0.9105,INR/bbl,Dhan API v2 (Client 1112620458)
2025-10-21 12:00,2025-10-21,12,Crude,6124.27,6121.56,-2.71,-0.0442,10546,80012,6100,21.96,22.46,41891,38121,0.91,INR/bbl,Dhan API v2 (Client 1112620458)
2025-10-21 13:00,2025-10-21,13,Crude,6148.22,6148.3,0.08,0.0014,4211,78801,6100,21.47,21.97,41157,37644,0.9146,INR/bbl,Dhan API v2 (Client 1112620458)
2025-10-21 14:00,2025-10-21,14,Crude,6161.55,6185.71,24.16,0.392,4318,79201,6200,21.72,22.22,41048,38153,0.9295,INR/bbl,Dhan API v2 (Client 1112620458)
2025-10-21 15:00,2025-10-21,15,Crude,6179.41,6185.92,6.51,0.1053,6918,79767,6200,21.2,21.7,42311,37456,0.8853,INR/bbl,Dhan API v2 (Client 1112620458)
2025-10-21 16:00,2025-10-21,16,Crude,6146.34,6148.06,1.72,0.028,1260,79750,6100,21.66,22.16,42076,37674,0.8954,INR/bbl,Dhan API v2 (Client 1112620458)
2025-10-21 17:00,2025-10-21,17,Crude,6103.57,6114.36,10.8,0.1769,2633,80256,6100,21.79,22.29,42322,37934,0.8963,INR/bbl,Dhan API v2 (Client 1112620458)
2025-10-21 18:00,2025-10-21,18,Crude,6086.48,6095.26,8.78,0.1442,11657,80461,6100,22.31,22.81,41713,38748,0.9289,INR/bbl,Dhan API v2 (Client 1112620458)
2025-10-21 19:00,2025-10-21,19,Crude,6087.61,6098.99,11.38,0.187,1811,79829,6100,21.47,21.97,41106,38723,0.942,INR/bbl,Dhan API v2 (Client 1112620458)
2025-10-21 20:00,2025-10-21,20,Crude,6064.97,6077.6,12.63,0.2082,4412,78116,6100,21.88,22.38,40835,37281,0.913,INR/bbl,Dhan API v2 (Client 1112620458)
2025-10-21 21:00,2025-10-21,21,Crude,6015.05,6022.78,7.73,0.1284,9917,80582,6000,21.6,22.1,41674,38908,0.9336,INR/bbl,Dhan API v2 (Client 1112620458)
2025-10-21 22:00,2025-10-21,22,Crude,6023.07,6039.3,16.24,0.2696,3000,78775,6000,21.76,22.26,40634,38141,0.9386,INR/bbl,Dhan API v2 (Client 1112620458)
2025-10-21 23:00,2025-10-21,23,Crude,6036.02,6053.24,17.22,0.2852,9402,78781,6000,21.35,21.85,40983,37798,0.9223,INR/bbl,Dhan API v2 (Client 1112620458)
2025-10-22 09:00,2025-10-22,9,Crude,6048.09,6046.78,-1.31,-0.0216,3186,77956,6000,21.32,21.82,41046,36910,0.8992,INR/bbl,Dhan API v2 (Client 1112620458)
2025-10-22 10:00,2025-10-22,10,Crude,6026.47,6033.9,7.42,0.1232,10706,78019,6000,21.59,22.09,40638,37381,0.9199,INR/bbl,Dhan API v2 (Client 1112620458)
2025-10-22 11:00,2025-10-22,11,Crude,6031.77,6029.8,-1.96,-0.0325,6913,80248,6000,21.44,21.94,42827,37421,0.8738,INR/bbl,Dhan API v2 (Client 1112620458)
2025-10-22 12:00,2025-10-22,12,Crude,6018.97,6020.91,1.94,0.0323,9456,80462,6000,21.33,21.83,42089,38373,0.9117,INR/bbl,Dhan API v2 (Client 1112620458)
2025-10-22 13:00,2025-10-22,13,Crude,5995.63,6007.27,11.64,0.1942,2724,79005,6000,21.0,21.5,41543,37462,0.9018,INR/bbl,Dhan API v2 (Client 1112620458)
2025-10-22 14:00,2025-10-22,14,Crude,5965.0,5991.99,26.99,0.4525,8733,80486,6000,21.39,21.89,42629,37857,0.8881,INR/bbl,Dhan API v2 (Client 1112620458)
2025-10-22 15:00,2025-10-22,15,Crude,5965.16,5974.83,9.66,0.162,7111,79455,6000,21.94,22.44,41914,37541,0.8957,INR/bbl,Dhan API v2 (Client 1112620458)
2025-10-22 16:00,2025-10-22,16,Crude,5928.7,5917.84,-10.86,-0.1832,551,79349,5900,21.44,21.94,41362,37987,0.9184,INR/bbl,Dhan API v2 (Client 1112620458)
2025-10-22 17:00,2025-10-22,17,Crude,5901.65,5928.63,26.98,0.4572,7688,79215,5900,21.8,22.3,41134,38081,0.9258,INR/bbl,Dhan API v2 (Client 1112620458)
2025-10-22 18:00,2025-10-22,18,Crude,5911.48,5920.47,9.0,0.1522,11559,80021,5900,21.46,21.96,42433,37588,0.8858,INR/bbl,Dhan API v2 (Client 1112620458)
2025-10-22 19:00,2025-10-22,19,Crude,5935.18,5944.78,9.6,0.1617,11250,79968,5900,21.56,22.06,41722,38246,0.9167,INR/bbl,Dhan API v2 (Client 1112620458)
2025-10-22 20:00,2025-10-22,20,Crude,5940.51,5948.72,8.21,0.1382,13265,78578,5900,21.71,22.21,40970,37608,0.9179,INR/bbl,Dhan API v2 (Client 1112620458)
2025-10-22 21:00,2025-10-22,21,Crude,5940.95,5953.52,12.58,0.2117,8576,79073,5900,21.21,21.71,41386,37687,0.9106,INR/bbl,Dhan API v2 (Client 1112620458)
2025-10-22 22:00,2025-10-22,22,Crude,5959.72,5967.39,7.67,0.1287,10788,78313,6000,21.91,22.41,41060,37253,0.9073,INR/bbl,Dhan API v2 (Client 1112620458)
2025-10-22 23:00,2025-10-22,23,Crude,5942.95,5961.61,18.66,0.314,13651,77929,5900,21.44,21.94,40362,37567,0.9308,INR/bbl,Dhan API v2 (Client 1112620458)
2025-10-23 09:00,2025-10-23,9,Crude,5953.37,5958.53,5.15,0.0866,14190,80613,6000,22.02,22.52,41209,39404,0.9562,INR/bbl,Dhan API v2 (Client 1112620458)
2025-10-23 10:00,2025-10-23,10,Crude,5922.63,5942.23,19.6,0.331,1009,80775,5900,21.87,22.37,41989,38786,0.9237,INR/bbl,Dhan API v2 (Client 1112620458)
2025-10-23 11:00,2025-10-23,11,Crude,5887.0,5908.95,21.95,0.3728,6888,79517,5900,22.0,22.5,41885,37632,0.8985,INR/bbl,Dhan API v2 (Client 1112620458)
2025-10-23 12:00,2025-10-23,12,Crude,5916.26,5905.49,-10.76,-0.1819,14196,80319,5900,21.56,22.06,41862,38457,0.9187,INR/bbl,Dhan API v2 (Client 1112620458)
2025-10-23 13:00,2025-10-23,13,Crude,5923.99,5933.06,9.07,0.153,1250,78496,5900,22.08,22.58,42067,36429,0.866,INR/bbl,Dhan API v2 (Client 1112620458)
2025-10-23 14:00,2025-10-23,14,Crude,5926.68,5952.59,25.91,0.4372,7183,79488,5900,21.53,22.03,41462,38026,0.9171,INR/bbl,Dhan API v2 (Client 1112620458)
2025-10-23 15:00,2025-10-23,15,Crude,5912.0,5912.7,0.71,0.0119,2177,79901,5900,21.82,22.32,41804,38097,0.9113,INR/bbl,Dhan API v2 (Client 1112620458)
2025-10-23 16:00,2025-10-23,16,Crude,5913.15,5925.06,11.91,0.2014,12834,80386,5900,21.87,22.37,41931,38455,0.9171,INR/bbl,Dhan API v2 (Client 1112620458)
2025-10-23 17:00,2025-10-23,17,Crude,5924.16,5929.3,5.15,0.0869,3126,80395,5900,21.74,22.24,42043,38352,0.9122,INR/bbl,Dhan API v2 (Client 1112620458)
2025-10-23 18:00,2025-10-23,18,Crude,5900.98,5926.21,25.23,0.4275,9670,80424,5900,21.67,22.17,42421,38003,0.8959,INR/bbl,Dhan API v2 (Client 1112620458)
2025-10-23 19:00,2025-10-23,19,Crude,5895.63,5892.82,-2.81,-0.0477,11370,79670,5900,21.28,21.78,41756,37914,0.908,INR/bbl,Dhan API v2 (Client 1112620458)
2025-10-23 20:00,2025-10-23,20,Crude,5857.85,5872.91,15.05,0.257,6988,80047,5900,21.85,22.35,42370,37677,0.8892,INR/bbl,Dhan API v2 (Client 1112620458)
2025-10-23 21:00,2025-10-23,21,Crude,5883.52,5894.95,11.43,0.1942,1976,79603,5900,21.39,21.89,41187,38416,0.9327,INR/bbl,Dhan API v2 (Client 1112620458)
2025-10-23 22:00,2025-10-23,22,Crude,5880.78,5890.83,10.04,0.1708,4067,79735,5900,21.41,21.91,41849,37886,0.9053,INR/bbl,Dhan API v2 (Client 1112620458)
2025-10-23 23:00,2025-10-23,23,Crude,5877.27,5881.74,4.47,0.0761,7539,79090,5900,21.21,21.71,41395,37695,0.9106,INR/bbl,Dhan API v2 (Client 1112620458)
2025-10-24 09:00,2025-10-24,9,Crude,5877.08,5883.62,6.55,0.1114,5918,80601,5900,21.58,22.08,41761,38840,0.9301,INR/bbl,Dhan API v2 (Client 1112620458)
2025-10-24 10:00,2025-10-24,10,Crude,5876.54,5892.9,16.36,0.2784,14102,80396,5900,20.74,21.24,41198,39198,0.9515,INR/bbl,Dhan API v2 (Client 1112620458)
2025-10-24 11:00,2025-10-24,11,Crude,5886.96,5879.94,-7.01,-0.1191,6652,80019,5900,21.58,22.08,41528,38491,0.9269,INR/bbl,Dhan API v2 (Client 1112620458)
2025-10-24 12:00,2025-10-24,12,Crude,5906.63,5905.59,-1.04,-0.0176,12536,79121,5900,22.1,22.6,41126,37995,0.9239,INR/bbl,Dhan API v2 (Client 1112620458)
2025-10-24 13:00,2025-10-24,13,Crude,5868.8,5883.81,15.01,0.2557,10520,79006,5900,21.71,22.21,41294,37712,0.9133,INR/bbl,Dhan API v2 (Client 1112620458)
2025-10-24 14:00,2025-10-24,14,Crude,5866.15,5888.19,22.04,0.3758,12338,79764,5900,21.42,21.92,41664,38100,0.9145,INR/bbl,Dhan API v2 (Client 1112620458)
2025-10-24 15:00,2025-10-24,15,Crude,5847.94,5861.92,13.98,0.2391,10931,80050,5800,21.82,22.32,42334,37716,0.8909,INR/bbl,Dhan API v2 (Client 1112620458)
2025-10-24 16:00,2025-10-24,16,Crude,5870.51,5889.28,18.78,0.3199,4082,79183,5900,21.72,22.22,41053,38130,0.9288,INR/bbl,Dhan API v2 (Client 1112620458)
2025-10-24 17:00,2025-10-24,17,Crude,5867.8,5871.21,3.42,0.0582,10776,77734,5900,21.98,22.48,40940,36794,0.8987,INR/bbl,Dhan API v2 (Client 1112620458)
2025-10-24 18:00,2025-10-24,18,Crude,5828.29,5844.67,16.38,0.2811,14868,80394,5800,21.77,22.27,42803,37591,0.8782,INR/bbl,Dhan API v2 (Client 1112620458)
2025-10-24 19:00,2025-10-24,19,Crude,5825.59,5840.72,15.13,0.2597,1955,79635,5800,21.05,21.55,42608,37027,0.869,INR/bbl,Dhan API v2 (Client 1112620458)
2025-10-24 20:00,2025-10-24,20,Crude,5837.04,5852.08,15.05,0.2578,4077,78356,5800,21.53,22.03,40904,37452,0.9156,INR/bbl,Dhan API v2 (Client 1112620458)
2025-10-24 21:00,2025-10-24,21,Crude,5841.28,5833.46,-7.81,-0.1337,12913,79967,5800,21.4,21.9,41326,38641,0.935,INR/bbl,Dhan API v2 (Client 1112620458)
2025-10-24 22:00,2025-10-24,22,Crude,5835.85,5857.27,21.42,0.3671,781,78762,5800,21.45,21.95,40786,37976,0.9311,INR/bbl,Dhan API v2 (Client 1112620458)
2025-10-24 23:00,2025-10-24,23,Crude,5838.48,5841.52,3.04,0.0521,14127,78500,5800,21.36,21.86,41167,37333,0.9069,INR/bbl,Dhan API v2 (Client 1112620458)
2025-10-27 09:00,2025-10-27,9,Crude,5818.76,5813.19,-5.57,-0.0957,12126,81135,5800,21.2,21.7,42376,38759,0.9146,INR/bbl,Dhan API v2 (Client 1112620458)
2025-10-27 10:00,2025-10-27,10,Crude,5795.73,5811.95,16.23,0.28,4472,80159,5800,22.01,22.51,40933,39226,0.9583,INR/bbl,Dhan API v2 (Client 1112620458)
2025-10-27 11:00,2025-10-27,11,Crude,5791.39,5827.88,36.49,0.63,1837,78507,5800,22.05,22.55,41535,36972,0.8901,INR/bbl,Dhan API v2 (Client 1112620458)
2025-10-27 12:00,2025-10-27,12,Crude,5781.33,5774.21,-7.12,-0.1231,4860,78882,5800,21.26,21.76,40827,38055,0.9321,INR/bbl,Dhan API v2 (Client 1112620458)
2025-10-27 13:00,2025-10-27,13,Crude,5799.28,5802.9,3.62,0.0625,8504,78291,5800,21.76,22.26,40142,38149,0.9504,INR/bbl,Dhan API v2 (Client 1112620458)
2025-10-27 14:00,2025-10-27,14,Crude,5735.98,5747.21,11.23,0.1957,845,79503,5700,21.63,22.13,40922,38581,0.9428,INR/bbl,Dhan API v2 (Client 1112620458)
2025-10-27 15:00,2025-10-27,15,Crude,5749.58,5753.5,3.92,0.0682,1773,80113,5700,21.64,22.14,41812,38301,0.916,INR/bbl,Dhan API v2 (Client 1112620458)
2025-10-27 16:00,2025-10-27,16,Crude,5732.28,5733.43,1.16,0.0202,11613,79466,5700,21.43,21.93,41758,37708,0.903,INR/bbl,Dhan API v2 (Client 1112620458)
2025-10-27 17:00,2025-10-27,17,Crude,5733.19,5748.48,15.29,0.2666,8385,78210,5700,21.5,22.0,40998,37212,0.9077,INR/bbl,Dhan API v2 (Client 1112620458)
2025-10-27 18:00,2025-10-27,18,Crude,5683.37,5686.83,3.46,0.0609,11036,80169,5700,21.74,22.24,41917,38252,0.9126,INR/bbl,Dhan API v2 (Client 1112620458)
2025-10-27 19:00,2025-10-27,19,Crude,5688.32,5689.63,1.31,0.0231,5658,80898,5700,21.67,22.17,42136,38762,0.9199,INR/bbl,Dhan API v2 (Client 1112620458)
2025-10-27 20:00,2025-10-27,20,Crude,5681.56,5694.41,12.84,0.226,9950,79993,5700,22.07,22.57,41249,38744,0.9393,INR/bbl,Dhan API v2 (Client 1112620458)
2025-10-27 21:00,2025-10-27,21,Crude,5699.9,5707.12,7.22,0.1267,2063,78481,5700,21.57,22.07,40766,37715,0.9252,INR/bbl,Dhan API v2 (Client 1112620458)
2025-10-27 22:00,2025-10-27,22,Crude,5754.89,5743.42,-11.47,-0.1993,7047,79346,5800,21.41,21.91,41255,38091,0.9233,INR/bbl,Dhan API v2 (Client 1112620458)
2025-10-27 23:00,2025-10-27,23,Crude,5733.28,5743.91,10.64,0.1855,8313,78851,5700,21.82,22.32,40472,38379,0.9483,INR/bbl,Dhan API v2 (Client 1112620458)
2025-10-28 09:00,2025-10-28,9,Crude,5768.89,5756.62,-12.26,-0.2126,13707,78039,5800,21.82,22.32,40326,37713,0.9352,INR/bbl,Dhan API v2 (Client 1112620458)
2025-10-28 10:00,2025-10-28,10,Crude,5799.34,5791.66,-7.68,-0.1324,4712,80487,5800,21.9,22.4,41595,38892,0.935,INR/bbl,Dhan API v2 (Client 1112620458)
2025-10-28 11:00,2025-10-28,11,Crude,5824.68,5816.36,-8.31,-0.1427,5151,79469,5800,21.41,21.91,41145,38324,0.9314,INR/bbl,Dhan API v2 (Client 1112620458)
2025-10-28 12:00,2025-10-28,12,Crude,5834.07,5847.98,13.91,0.2384,12763,80386,5800,21.59,22.09,41798,38588,0.9232,INR/bbl,Dhan API v2 (Client 1112620458)
2025-10-28 13:00,2025-10-28,13,Crude,5848.05,5855.24,7.19,0.1229,2087,79311,5800,21.97,22.47,41878,37433,0.8939,INR/bbl,Dhan API v2 (Client 1112620458)
2025-10-28 14:00,2025-10-28,14,Crude,5852.7,5855.86,3.16,0.0539,8868,78340,5900,21.48,21.98,40592,37748,0.9299,INR/bbl,Dhan API v2 (Client 1112620458)
2025-10-28 15:00,2025-10-28,15,Crude,5866.51,5876.15,9.65,0.1645,11431,79120,5900,21.21,21.71,40664,38456,0.9457,INR/bbl,Dhan API v2 (Client 1112620458)
2025-10-28 16:00,2025-10-28,16,Crude,5875.01,5883.41,8.4,0.143,11444,78497,5900,21.61,22.11,40864,37633,0.9209,INR/bbl,Dhan API v2 (Client 1112620458)
2025-10-28 17:00,2025-10-28,17,Crude,5861.74,5870.29,8.55,0.1458,6756,78663,5900,21.77,22.27,40539,38124,0.9404,INR/bbl,Dhan API v2 (Client 1112620458)
2025-10-28 18:00,2025-10-28,18,Crude,5850.17,5854.15,3.99,0.0681,5848,79017,5900,22.22,22.72,41290,37727,0.9137,INR/bbl,Dhan API v2 (Client 1112620458)
2025-10-28 19:00,2025-10-28,19,Crude,5815.49,5816.07,0.58,0.0099,3426,78152,5800,21.92,22.42,39946,38206,0.9564,INR/bbl,Dhan API v2 (Client 1112620458)
2025-10-28 20:00,2025-10-28,20,Crude,5863.38,5879.77,16.38,0.2794,6440,80536,5900,21.86,22.36,42546,37990,0.8929,INR/bbl,Dhan API v2 (Client 1112620458)
2025-10-28 21:00,2025-10-28,21,Crude,5868.22,5874.52,6.31,0.1074,12869,79246,5900,21.91,22.41,40610,38636,0.9514,INR/bbl,Dhan API v2 (Client 1112620458)
2025-10-28 22:00,2025-10-28,22,Crude,5863.67,5876.74,13.08,0.223,1762,80347,5900,21.81,22.31,41362,38985,0.9425,INR/bbl,Dhan API v2 (Client 1112620458)
2025-10-28 23:00,2025-10-28,23,Crude,5897.94,5900.79,2.85,0.0484,10730,80471,5900,21.57,22.07,42207,38264,0.9066,INR/bbl,Dhan API v2 (Client 1112620458)
2025-10-29 09:00,2025-10-29,9,Crude,5906.9,5907.81,0.9,0.0153,12904,79688,5900,21.77,22.27,42047,37641,0.8952,INR/bbl,Dhan API v2 (Client 1112620458)
2025-10-29 10:00,2025-10-29,10,Crude,5934.22,5941.01,6.79,0.1144,3345,80187,5900,21.75,22.25,42866,37321,0.8706,INR/bbl,Dhan API v2 (Client 1112620458)
2025-10-29 11:00,2025-10-29,11,Crude,5920.65,5926.8,6.15,0.1039,8578,78967,5900,21.58,22.08,40764,38203,0.9372,INR/bbl,Dhan API v2 (Client 1112620458)
2025-10-29 12:00,2025-10-29,12,Crude,5949.89,5952.26,2.37,0.0398,6383,80826,5900,21.97,22.47,42801,38025,0.8884,INR/bbl,Dhan API v2 (Client 1112620458)
2025-10-29 13:00,2025-10-29,13,Crude,5920.29,5934.08,13.79,0.233,2408,79580,5900,21.24,21.74,42309,37271,0.8809,INR/bbl,Dhan API v2 (Client 1112620458)
2025-10-29 14:00,2025-10-29,14,Crude,5915.4,5919.64,4.24,0.0718,12758,79233,5900,21.26,21.76,41821,37412,0.8946,INR/bbl,Dhan API v2 (Client 1112620458)
2025-10-29 15:00,2025-10-29,15,Crude,5906.25,5894.31,-11.93,-0.202,7868,79584,5900,20.71,21.21,41773,37811,0.9052,INR/bbl,Dhan API v2 (Client 1112620458)
2025-10-29 16:00,2025-10-29,16,Crude,5891.08,5888.32,-2.77,-0.047,731,78286,5900,21.29,21.79,40562,37724,0.93,INR/bbl,Dhan API v2 (Client 1112620458)
2025-10-29 17:00,2025-10-29,17,Crude,5881.99,5895.64,13.65,0.2321,5455,80862,5900,21.52,22.02,42359,38503,0.909,INR/bbl,Dhan API v2 (Client 1112620458)
2025-10-29 18:00,2025-10-29,18,Crude,5882.79,5886.87,4.08,0.0693,10877,79575,5900,21.68,22.18,42388,37187,0.8773,INR/bbl,Dhan API v2 (Client 1112620458)
2025-10-29 19:00,2025-10-29,19,Crude,5884.67,5900.14,15.47,0.2628,9530,80416,5900,21.85,22.35,41807,38609,0.9235,INR/bbl,Dhan API v2 (Client 1112620458)
2025-10-29 20:00,2025-10-29,20,Crude,5902.86,5919.27,16.41,0.278,11154,80868,5900,21.63,22.13,41804,39064,0.9345,INR/bbl,Dhan API v2 (Client 1112620458)
2025-10-29 21:00,2025-10-29,21,Crude,5921.47,5928.92,7.44,0.1257,6375,79757,5900,21.35,21.85,42021,37736,0.898,INR/bbl,Dhan API v2 (Client 1112620458)
2025-10-29 22:00,2025-10-29,22,Crude,5903.94,5911.33,7.39,0.1252,11053,78995,5900,21.4,21.9,40599,38396,0.9457,INR/bbl,Dhan API v2 (Client 1112620458)
2025-10-29 23:00,2025-10-29,23,Crude,5908.45,5896.39,-12.06,-0.2041,9642,79078,5900,21.63,22.13,40738,38340,0.9411,INR/bbl,Dhan API v2 (Client 1112620458)
2025-10-30 09:00,2025-10-30,9,Crude,5889.77,5913.65,23.89,0.4055,7451,80103,5900,21.49,21.99,41443,38660,0.9328,INR/bbl,Dhan API v2 (Client 1112620458)
2025-10-30 10:00,2025-10-30,10,Crude,5881.04,5906.51,25.47,0.433,3654,79859,5900,21.9,22.4,41081,38778,0.9439,INR/bbl,Dhan API v2 (Client 1112620458)
2025-10-30 11:00,2025-10-30,11,Crude,5887.65,5878.13,-9.52,-0.1617,12804,79341,5900,21.73,22.23,41491,37850,0.9122,INR/bbl,Dhan API v2 (Client 1112620458)
2025-10-30 12:00,2025-10-30,12,Crude,5885.89,5886.06,0.17,0.0028,3069,79529,5900,22.28,22.78,41872,37657,0.8993,INR/bbl,Dhan API v2 (Client 1112620458)
2025-10-30 13:00,2025-10-30,13,Crude,5901.73,5904.09,2.35,0.0399,6719,79579,5900,21.53,22.03,41762,37817,0.9055,INR/bbl,Dhan API v2 (Client 1112620458)
2025-10-30 14:00,2025-10-30,14,Crude,5922.71,5942.32,19.62,0.3312,3453,77756,5900,21.43,21.93,40075,37681,0.9403,INR/bbl,Dhan API v2 (Client 1112620458)
2025-10-30 15:00,2025-10-30,15,Crude,5957.82,5957.07,-0.75,-0.0126,1939,80200,6000,21.62,22.12,41219,38981,0.9457,INR/bbl,Dhan API v2 (Client 1112620458)
2025-10-30 16:00,2025-10-30,16,Crude,5985.26,5976.54,-8.72,-0.1456,10824,80777,6000,21.78,22.28,42311,38466,0.9091,INR/bbl,Dhan API v2 (Client 1112620458)
2025-10-30 17:00,2025-10-30,17,Crude,5973.78,5972.53,-1.25,-0.0209,1226,79669,6000,21.05,21.55,42109,37560,0.892,INR/bbl,Dhan API v2 (Client 1112620458)
2025-10-30 18:00,2025-10-30,18,Crude,6004.61,5993.85,-10.77,-0.1793,9894,79292,6000,21.64,22.14,40676,38616,0.9494,INR/bbl,Dhan API v2 (Client 1112620458)
2025-10-30 19:00,2025-10-30,19,Crude,6013.49,6012.98,-0.51,-0.0085,6278,79240,6000,21.57,22.07,41489,37751,0.9099,INR/bbl,Dhan API v2 (Client 1112620458)
2025-10-30 20:00,2025-10-30,20,Crude,6042.39,6052.97,10.58,0.1752,4805,79716,6000,21.69,22.19,41096,38620,0.9398,INR/bbl,Dhan API v2 (Client 1112620458)
2025-10-30 21:00,2025-10-30,21,Crude,6028.08,6033.42,5.34,0.0886,2903,79605,6000,21.9,22.4,42331,37274,0.8805,INR/bbl,Dhan API v2 (Client 1112620458)
2025-10-30 22:00,2025-10-30,22,Crude,6054.37,6063.92,9.55,0.1577,12882,78793,6100,21.32,21.82,41061,37732,0.9189,INR/bbl,Dhan API v2 (Client 1112620458)
2025-10-30 23:00,2025-10-30,23,Crude,6040.0,6040.27,0.27,0.0045,941,78924,6000,21.83,22.33,42191,36733,0.8706,INR/bbl,Dhan API v2 (Client 1112620458)
2025-10-31 09:00,2025-10-31,9,Crude,6011.99,6020.88,8.89,0.1478,6815,78132,6000,21.88,22.38,41187,36945,0.897,INR/bbl,Dhan API v2 (Client 1112620458)
2025-10-31 10:00,2025-10-31,10,Crude,6010.05,6014.08,4.03,0.067,13151,79208,6000,21.17,21.67,40650,38558,0.9485,INR/bbl,Dhan API v2 (Client 1112620458)
2025-10-31 11:00,2025-10-31,11,Crude,5998.58,5997.22,-1.36,-0.0227,10536,80405,6000,21.9,22.4,41597,38808,0.933,INR/bbl,Dhan API v2 (Client 1112620458)
2025-10-31 12:00,2025-10-31,12,Crude,5967.07,5981.57,14.5,0.2429,7418,78349,6000,21.42,21.92,40485,37864,0.9353,INR/bbl,Dhan API v2 (Client 1112620458)
2025-10-31 13:00,2025-10-31,13,Crude,5965.92,5965.02,-0.9,-0.015,2783,80523,6000,21.64,22.14,41372,39151,0.9463,INR/bbl,Dhan API v2 (Client 1112620458)
2025-10-31 14:00,2025-10-31,14,Crude,5980.27,5986.69,6.42,0.1074,1429,81024,6000,21.7,22.2,43203,37821,0.8754,INR/bbl,Dhan API v2 (Client 1112620458)
2025-10-31 15:00,2025-10-31,15,Crude,5970.3,5969.41,-0.88,-0.0148,7668,78343,6000,21.92,22.42,41548,36795,0.8856,INR/bbl,Dhan API v2 (Client 1112620458)
2025-10-31 16:00,2025-10-31,16,Crude,5942.02,5950.02,8.0,0.1347,12941,77105,5900,21.63,22.13,40267,36838,0.9148,INR/bbl,Dhan API v2 (Client 1112620458)
2025-10-31 17:00,2025-10-31,17,Crude,5942.86,5944.99,2.13,0.0359,1390,80600,5900,21.67,22.17,42253,38347,0.9076,INR/bbl,Dhan API v2 (Client 1112620458)
2025-10-31 18:00,2025-10-31,18,Crude,5926.3,5926.1,-0.2,-0.0034,800,79871,5900,21.57,22.07,42056,37815,0.8992,INR/bbl,Dhan API v2 (Client 1112620458)
2025-10-31 19:00,2025-10-31,19,Crude,5884.31,5885.76,1.45,0.0246,12106,82006,5900,21.74,22.24,42921,39085,0.9106,INR/bbl,Dhan API v2 (Client 1112620458)
2025-10-31 20:00,2025-10-31,20,Crude,5873.41,5863.42,-9.99,-0.17,12423,79838,5900,21.54,22.04,41344,38494,0.9311,INR/bbl,Dhan API v2 (Client 1112620458)
2025-10-31 21:00,2025-10-31,21,Crude,5895.93,5917.26,21.32,0.3617,4753,81644,5900,22.32,22.82,42449,39195,0.9233,INR/bbl,Dhan API v2 (Client 1112620458)
2025-10-31 22:00,2025-10-31,22,Crude,5903.16,5911.45,8.29,0.1405,4858,80290,5900,21.68,22.18,42216,38074,0.9019,INR/bbl,Dhan API v2 (Client 1112620458)
2025-10-31 23:00,2025-10-31,23,Crude,5908.37,5911.62,3.25,0.055,3849,79711,5900,21.76,22.26,42010,37701,0.8974,INR/bbl,Dhan API v2 (Client 1112620458)
2025-11-03 09:00,2025-11-03,9,Crude,5932.63,5948.35,15.72,0.265,3335,81695,5900,22.19,22.69,42803,38892,0.9086,INR/bbl,Dhan API v2 (Client 1112620458)
2025-11-03 10:00,2025-11-03,10,Crude,5910.19,5909.99,-0.2,-0.0034,6325,80464,5900,21.74,22.24,41344,39120,0.9462,INR/bbl,Dhan API v2 (Client 1112620458)
2025-11-03 11:00,2025-11-03,11,Crude,5919.62,5917.54,-2.08,-0.0351,8488,80321,5900,21.67,22.17,41399,38922,0.9402,INR/bbl,Dhan API v2 (Client 1112620458)
2025-11-03 12:00,2025-11-03,12,Crude,5915.94,5910.64,-5.31,-0.0897,1319,78885,5900,22.01,22.51,40716,38169,0.9374,INR/bbl,Dhan API v2 (Client 1112620458)
2025-11-03 13:00,2025-11-03,13,Crude,5910.88,5913.02,2.15,0.0363,889,79916,5900,20.97,21.47,41582,38334,0.9219,INR/bbl,Dhan API v2 (Client 1112620458)
2025-11-03 14:00,2025-11-03,14,Crude,5898.88,5896.16,-2.72,-0.0461,13019,81649,5900,21.6,22.1,42940,38709,0.9015,INR/bbl,Dhan API v2 (Client 1112620458)
2025-11-03 15:00,2025-11-03,15,Crude,5894.22,5899.33,5.11,0.0867,3488,79522,5900,21.69,22.19,41583,37939,0.9124,INR/bbl,Dhan API v2 (Client 1112620458)
2025-11-03 16:00,2025-11-03,16,Crude,5850.85,5846.57,-4.28,-0.0731,7065,78171,5900,21.58,22.08,40437,37734,0.9332,INR/bbl,Dhan API v2 (Client 1112620458)
2025-11-03 17:00,2025-11-03,17,Crude,5853.63,5869.81,16.18,0.2765,10697,79787,5900,21.98,22.48,41168,38619,0.9381,INR/bbl,Dhan API v2 (Client 1112620458)
2025-11-03 18:00,2025-11-03,18,Crude,5818.37,5820.43,2.05,0.0353,537,78214,5800,21.34,21.84,40413,37801,0.9354,INR/bbl,Dhan API v2 (Client 1112620458)
2025-11-03 19:00,2025-11-03,19,Crude,5860.59,5861.21,0.61,0.0105,2207,79688,5900,21.17,21.67,41427,38261,0.9236,INR/bbl,Dhan API v2 (Client 1112620458)
2025-11-03 20:00,2025-11-03,20,Crude,5853.09,5861.08,7.99,0.1365,1391,79030,5900,21.78,22.28,41077,37953,0.9239,INR/bbl,Dhan API v2 (Client 1112620458)
2025-11-03 21:00,2025-11-03,21,Crude,5891.39,5891.02,-0.36,-0.0061,2200,79219,5900,21.65,22.15,41123,38096,0.9264,INR/bbl,Dhan API v2 (Client 1112620458)
2025-11-03 22:00,2025-11-03,22,Crude,5888.67,5871.6,-17.07,-0.2899,1007,79213,5900,21.61,22.11,41529,37684,0.9074,INR/bbl,Dhan API v2 (Client 1112620458)
2025-11-03 23:00,2025-11-03,23,Crude,5886.83,5888.87,2.04,0.0347,6971,81853,5900,21.82,22.32,42535,39318,0.9244,INR/bbl,Dhan API v2 (Client 1112620458)
2025-11-04 09:00,2025-11-04,9,Crude,5911.72,5897.67,-14.05,-0.2376,12520,78855,5900,21.48,21.98,41293,37562,0.9096,INR/bbl,Dhan API v2 (Client 1112620458)
2025-11-04 10:00,2025-11-04,10,Crude,5907.93,5916.01,8.09,0.1369,4521,80390,5900,21.16,21.66,41532,38858,0.9356,INR/bbl,Dhan API v2 (Client 1112620458)
2025-11-04 11:00,2025-11-04,11,Crude,5956.9,5971.64,14.74,0.2475,6056,78414,6000,21.26,21.76,40848,37566,0.9197,INR/bbl,Dhan API v2 (Client 1112620458)
2025-11-04 12:00,2025-11-04,12,Crude,5949.97,5944.37,-5.6,-0.094,712,77633,5900,21.34,21.84,40355,37278,0.9238,INR/bbl,Dhan API v2 (Client 1112620458)
2025-11-04 13:00,2025-11-04,13,Crude,5959.03,5955.04,-3.99,-0.0669,12568,80304,6000,21.89,22.39,41953,38351,0.9141,INR/bbl,Dhan API v2 (Client 1112620458)
2025-11-04 14:00,2025-11-04,14,Crude,5974.0,5975.0,1.0,0.0167,1459,80145,6000,21.46,21.96,41581,38564,0.9274,INR/bbl,Dhan API v2 (Client 1112620458)
2025-11-04 15:00,2025-11-04,15,Crude,5974.05,5978.86,4.81,0.0806,6481,79623,6000,21.68,22.18,41955,37668,0.8978,INR/bbl,Dhan API v2 (Client 1112620458)
2025-11-04 16:00,2025-11-04,16,Crude,5936.14,5941.7,5.56,0.0937,11563,79063,5900,21.37,21.87,41001,38062,0.9283,INR/bbl,Dhan API v2 (Client 1112620458)
2025-11-04 17:00,2025-11-04,17,Crude,5899.64,5894.58,-5.06,-0.0858,10523,79434,5900,21.69,22.19,41898,37536,0.8959,INR/bbl,Dhan API v2 (Client 1112620458)
2025-11-04 18:00,2025-11-04,18,Crude,5881.06,5883.68,2.62,0.0446,1743,78213,5900,21.48,21.98,40869,37344,0.9137,INR/bbl,Dhan API v2 (Client 1112620458)
2025-11-04 19:00,2025-11-04,19,Crude,5860.1,5873.52,13.42,0.229,2035,79304,5900,21.67,22.17,41711,37593,0.9013,INR/bbl,Dhan API v2 (Client 1112620458)
2025-11-04 20:00,2025-11-04,20,Crude,5849.14,5834.3,-14.84,-0.2537,4969,78664,5800,21.62,22.12,41034,37630,0.917,INR/bbl,Dhan API v2 (Client 1112620458)
2025-11-04 21:00,2025-11-04,21,Crude,5842.88,5836.54,-6.34,-0.1084,5392,79313,5800,21.38,21.88,41637,37676,0.9049,INR/bbl,Dhan API v2 (Client 1112620458)
2025-11-04 22:00,2025-11-04,22,Crude,5837.15,5831.33,-5.83,-0.0998,8585,78069,5800,21.08,21.58,41185,36884,0.8956,INR/bbl,Dhan API v2 (Client 1112620458)
2025-11-04 23:00,2025-11-04,23,Crude,5830.48,5837.72,7.24,0.1242,5193,77082,5800,21.32,21.82,40073,37009,0.9235,INR/bbl,Dhan API v2 (Client 1112620458)
2025-11-05 09:00,2025-11-05,9,Crude,5816.63,5819.96,3.33,0.0572,13083,80944,5800,21.45,21.95,43259,37685,0.8711,INR/bbl,Dhan API v2 (Client 1112620458)
2025-11-05 10:00,2025-11-05,10,Crude,5813.37,5803.85,-9.52,-0.1638,8889,78018,5800,21.43,21.93,41156,36862,0.8957,INR/bbl,Dhan API v2 (Client 1112620458)
2025-11-05 11:00,2025-11-05,11,Crude,5827.95,5830.86,2.91,0.0499,12286,81712,5800,21.82,22.32,42840,38872,0.9074,INR/bbl,Dhan API v2 (Client 1112620458)
2025-11-05 12:00,2025-11-05,12,Crude,5828.45,5838.71,10.26,0.176,510,79676,5800,21.8,22.3,41697,37979,0.9108,INR/bbl,Dhan API v2 (Client 1112620458)
2025-11-05 13:00,2025-11-05,13,Crude,5840.99,5828.14,-12.85,-0.2199,3633,80271,5800,21.59,22.09,41272,38999,0.9449,INR/bbl,Dhan API v2 (Client 1112620458)
2025-11-05 14:00,2025-11-05,14,Crude,5869.84,5873.36,3.52,0.06,12272,79712,5900,21.43,21.93,42788,36924,0.863,INR/bbl,Dhan API v2 (Client 1112620458)
2025-11-05 15:00,2025-11-05,15,Crude,5833.87,5835.3,1.43,0.0244,3458,78070,5800,21.8,22.3,41191,36879,0.8953,INR/bbl,Dhan API v2 (Client 1112620458)
2025-11-05 16:00,2025-11-05,16,Crude,5859.35,5860.08,0.73,0.0125,880,79775,5900,21.56,22.06,41865,37910,0.9055,INR/bbl,Dhan API v2 (Client 1112620458)
2025-11-05 17:00,2025-11-05,17,Crude,5828.61,5837.99,9.38,0.161,2315,79466,5800,21.81,22.31,41557,37909,0.9122,INR/bbl,Dhan API v2 (Client 1112620458)
2025-11-05 18:00,2025-11-05,18,Crude,5813.14,5827.21,14.07,0.242,12783,79948,5800,21.12,21.62,41890,38058,0.9085,INR/bbl,Dhan API v2 (Client 1112620458)
2025-11-05 19:00,2025-11-05,19,Crude,5819.29,5811.55,-7.74,-0.1329,10106,79054,5800,21.8,22.3,40593,38461,0.9475,INR/bbl,Dhan API v2 (Client 1112620458)
2025-11-05 20:00,2025-11-05,20,Crude,5763.57,5766.25,2.68,0.0465,7994,80668,5800,21.74,22.24,41776,38892,0.931,INR/bbl,Dhan API v2 (Client 1112620458)
2025-11-05 21:00,2025-11-05,21,Crude,5768.54,5770.34,1.81,0.0313,512,78115,5800,21.82,22.32,40153,37962,0.9454,INR/bbl,Dhan API v2 (Client 1112620458)
2025-11-05 22:00,2025-11-05,22,Crude,5779.11,5793.67,14.56,0.252,7486,81779,5800,21.6,22.1,42401,39378,0.9287,INR/bbl,Dhan API v2 (Client 1112620458)
2025-11-05 23:00,2025-11-05,23,Crude,5774.74,5775.29,0.55,0.0095,14429,78979,5800,21.95,22.45,41375,37604,0.9089,INR/bbl,Dhan API v2 (Client 1112620458)
2025-11-06 09:00,2025-11-06,9,Crude,5803.69,5847.67,43.99,0.7579,7447,78636,5800,21.52,22.02,41112,37524,0.9127,INR/bbl,Dhan API v2 (Client 1112620458)
2025-11-06 10:00,2025-11-06,10,Crude,5787.32,5811.97,24.65,0.4259,1147,80935,5800,22.25,22.75,42247,38688,0.9158,INR/bbl,Dhan API v2 (Client 1112620458)
2025-11-06 11:00,2025-11-06,11,Crude,5808.69,5844.9,36.22,0.6235,8137,78730,5800,21.53,22.03,41709,37021,0.8876,INR/bbl,Dhan API v2 (Client 1112620458)
2025-11-06 12:00,2025-11-06,12,Crude,5810.56,5832.12,21.57,0.3711,4988,79859,5800,21.31,21.81,40715,39144,0.9614,INR/bbl,Dhan API v2 (Client 1112620458)
2025-11-06 13:00,2025-11-06,13,Crude,5821.49,5858.53,37.03,0.6362,11902,79156,5800,21.39,21.89,41129,38027,0.9246,INR/bbl,Dhan API v2 (Client 1112620458)
2025-11-06 14:00,2025-11-06,14,Crude,5832.4,5861.17,28.77,0.4933,1307,78842,5800,21.32,21.82,41000,37842,0.923,INR/bbl,Dhan API v2 (Client 1112620458)
2025-11-06 15:00,2025-11-06,15,Crude,5806.95,5826.75,19.8,0.341,8029,78471,5800,21.9,22.4,40624,37847,0.9316,INR/bbl,Dhan API v2 (Client 1112620458)
2025-11-06 16:00,2025-11-06,16,Crude,5827.05,5847.57,20.52,0.3521,11637,80039,5800,21.37,21.87,41558,38481,0.926,INR/bbl,Dhan API v2 (Client 1112620458)
2025-11-06 17:00,2025-11-06,17,Crude,5840.21,5840.13,-0.08,-0.0015,5698,81661,5800,21.26,21.76,42026,39635,0.9431,INR/bbl,Dhan API v2 (Client 1112620458)
2025-11-06 18:00,2025-11-06,18,Crude,5827.42,5841.28,13.87,0.2379,8293,79228,5800,21.31,21.81,41659,37569,0.9018,INR/bbl,Dhan API v2 (Client 1112620458)
2025-11-06 19:00,2025-11-06,19,Crude,5804.6,5816.11,11.52,0.1984,9870,80425,5800,21.08,21.58,42139,38286,0.9086,INR/bbl,Dhan API v2 (Client 1112620458)
2025-11-06 20:00,2025-11-06,20,Crude,5812.48,5829.28,16.81,0.2892,4407,77905,5800,21.89,22.39,40572,37333,0.9202,INR/bbl,Dhan API v2 (Client 1112620458)
2025-11-06 21:00,2025-11-06,21,Crude,5776.44,5795.58,19.14,0.3314,13815,80883,5800,22.03,22.53,41912,38971,0.9298,INR/bbl,Dhan API v2 (Client 1112620458)
2025-11-06 22:00,2025-11-06,22,Crude,5800.42,5832.27,31.85,0.5492,5859,80110,5800,21.28,21.78,41217,38893,0.9436,INR/bbl,Dhan API v2 (Client 1112620458)
2025-11-06 23:00,2025-11-06,23,Crude,5815.45,5850.23,34.78,0.5981,2606,79398,5800,21.85,22.35,41215,38183,0.9264,INR/bbl,Dhan API v2 (Client 1112620458)
2025-11-07 09:00,2025-11-07,9,Crude,5814.08,5821.61,7.52,0.1294,875,79488,5800,21.47,21.97,40652,38836,0.9553,INR/bbl,Dhan API v2 (Client 1112620458)
2025-11-07 10:00,2025-11-07,10,Crude,5798.89,5834.08,35.18,0.6067,13524,78400,5800,21.81,22.31,41275,37125,0.8995,INR/bbl,Dhan API v2 (Client 1112620458)
2025-11-07 11:00,2025-11-07,11,Crude,5770.33,5790.17,19.84,0.3439,14122,78303,5800,21.26,21.76,41001,37302,0.9098,INR/bbl,Dhan API v2 (Client 1112620458)
2025-11-07 12:00,2025-11-07,12,Crude,5774.09,5786.62,12.53,0.2171,11976,79234,5800,21.4,21.9,41584,37650,0.9054,INR/bbl,Dhan API v2 (Client 1112620458)
2025-11-07 13:00,2025-11-07,13,Crude,5746.66,5770.87,24.21,0.4213,13304,79599,5700,21.6,22.1,41920,37679,0.8988,INR/bbl,Dhan API v2 (Client 1112620458)
2025-11-07 14:00,2025-11-07,14,Crude,5728.0,5756.71,28.72,0.5013,11325,81555,5700,21.84,22.34,42343,39212,0.9261,INR/bbl,Dhan API v2 (Client 1112620458)
2025-11-07 15:00,2025-11-07,15,Crude,5742.42,5776.24,33.82,0.5889,4808,79022,5700,21.36,21.86,40659,38363,0.9435,INR/bbl,Dhan API v2 (Client 1112620458)
2025-11-07 16:00,2025-11-07,16,Crude,5776.8,5799.05,22.25,0.3851,10454,78774,5800,21.83,22.33,41299,37475,0.9074,INR/bbl,Dhan API v2 (Client 1112620458)
2025-11-07 17:00,2025-11-07,17,Crude,5757.27,5778.58,21.3,0.37,4131,80538,5800,21.42,21.92,41246,39292,0.9526,INR/bbl,Dhan API v2 (Client 1112620458)
2025-11-07 18:00,2025-11-07,18,Crude,5746.85,5768.04,21.19,0.3687,2376,77636,5700,21.05,21.55,40366,37270,0.9233,INR/bbl,Dhan API v2 (Client 1112620458)
2025-11-07 19:00,2025-11-07,19,Crude,5763.53,5781.64,18.11,0.3142,3247,78619,5800,21.62,22.12,41632,36987,0.8884,INR/bbl,Dhan API v2 (Client 1112620458)
2025-11-07 20:00,2025-11-07,20,Crude,5784.44,5790.42,5.98,0.1033,8742,80107,5800,21.44,21.94,41993,38114,0.9076,INR/bbl,Dhan API v2 (Client 1112620458)
2025-11-07 21:00,2025-11-07,21,Crude,5795.7,5801.36,5.66,0.0976,13762,79100,5800,21.6,22.1,41031,38069,0.9278,INR/bbl,Dhan API v2 (Client 1112620458)
2025-11-07 22:00,2025-11-07,22,Crude,5829.1,5846.99,17.89,0.3069,11000,78319,5800,21.36,21.86,40720,37599,0.9234,INR/bbl,Dhan API v2 (Client 1112620458)
2025-11-07 23:00,2025-11-07,23,Crude,5829.1,5853.17,24.07,0.4129,2829,80449,5800,21.61,22.11,41675,38774,0.9304,INR/bbl,Dhan API v2 (Client 1112620458)
2025-11-10 09:00,2025-11-10,9,Crude,5818.17,5820.38,2.21,0.038,9662,79288,5800,21.64,22.14,41929,37359,0.891,INR/bbl,Dhan API v2 (Client 1112620458)
2025-11-10 10:00,2025-11-10,10,Crude,5823.78,5853.84,30.06,0.5161,1118,78849,5800,21.75,22.25,41473,37376,0.9012,INR/bbl,Dhan API v2 (Client 1112620458)
2025-11-10 11:00,2025-11-10,11,Crude,5859.08,5884.68,25.6,0.4369,8318,79063,5900,21.92,22.42,41176,37887,0.9201,INR/bbl,Dhan API v2 (Client 1112620458)
2025-11-10 12:00,2025-11-10,12,Crude,5839.63,5853.46,13.83,0.2369,5924,80383,5800,22.05,22.55,41932,38451,0.917,INR/bbl,Dhan API v2 (Client 1112620458)
2025-11-10 13:00,2025-11-10,13,Crude,5877.11,5891.06,13.95,0.2374,14660,78264,5900,21.67,22.17,40349,37915,0.9397,INR/bbl,Dhan API v2 (Client 1112620458)
2025-11-10 14:00,2025-11-10,14,Crude,5904.91,5938.71,33.81,0.5725,1082,77422,5900,21.99,22.49,40284,37138,0.9219,INR/bbl,Dhan API v2 (Client 1112620458)
2025-11-10 15:00,2025-11-10,15,Crude,5904.5,5929.96,25.45,0.4311,892,80037,5900,21.38,21.88,41570,38467,0.9254,INR/bbl,Dhan API v2 (Client 1112620458)
2025-11-10 16:00,2025-11-10,16,Crude,5896.2,5910.47,14.27,0.242,7380,78908,5900,22.02,22.52,41159,37749,0.9172,INR/bbl,Dhan API v2 (Client 1112620458)
2025-11-10 17:00,2025-11-10,17,Crude,5903.72,5940.82,37.11,0.6285,767,77884,5900,21.6,22.1,41718,36166,0.8669,INR/bbl,Dhan API v2 (Client 1112620458)
2025-11-10 18:00,2025-11-10,18,Crude,5873.91,5872.75,-1.16,-0.0198,2621,79657,5900,22.05,22.55,42670,36987,0.8668,INR/bbl,Dhan API v2 (Client 1112620458)
2025-11-10 19:00,2025-11-10,19,Crude,5816.01,5839.1,23.09,0.397,2024,78056,5800,21.28,21.78,41338,36718,0.8882,INR/bbl,Dhan API v2 (Client 1112620458)
2025-11-10 20:00,2025-11-10,20,Crude,5807.95,5828.65,20.7,0.3563,8863,79502,5800,20.81,21.31,41606,37896,0.9108,INR/bbl,Dhan API v2 (Client 1112620458)
2025-11-10 21:00,2025-11-10,21,Crude,5836.84,5855.05,18.21,0.312,12918,80324,5800,21.66,22.16,41773,38551,0.9229,INR/bbl,Dhan API v2 (Client 1112620458)
2025-11-10 22:00,2025-11-10,22,Crude,5803.29,5835.79,32.5,0.56,13649,79760,5800,21.69,22.19,42420,37340,0.8802,INR/bbl,Dhan API v2 (Client 1112620458)
2025-11-10 23:00,2025-11-10,23,Crude,5808.78,5816.79,8.01,0.1379,3080,78798,5800,21.74,22.24,39761,39037,0.9818,INR/bbl,Dhan API v2 (Client 1112620458)
2025-11-11 09:00,2025-11-11,9,Crude,5798.65,5821.53,22.88,0.3947,13091,78266,5800,21.17,21.67,40977,37289,0.91,INR/bbl,Dhan API v2 (Client 1112620458)
2025-11-11 10:00,2025-11-11,10,Crude,5783.91,5794.79,10.88,0.1881,14026,79878,5800,22.41,22.91,41009,38869,0.9478,INR/bbl,Dhan API v2 (Client 1112620458)
2025-11-11 11:00,2025-11-11,11,Crude,5755.0,5756.14,1.15,0.0199,14016,78889,5800,21.57,22.07,40906,37983,0.9285,INR/bbl,Dhan API v2 (Client 1112620458)
2025-11-11 12:00,2025-11-11,12,Crude,5717.75,5739.76,22.01,0.3849,1706,79435,5700,21.6,22.1,41250,38185,0.9257,INR/bbl,Dhan API v2 (Client 1112620458)
2025-11-11 13:00,2025-11-11,13,Crude,5729.15,5755.6,26.45,0.4616,5230,79049,5700,21.36,21.86,40815,38234,0.9368,INR/bbl,Dhan API v2 (Client 1112620458)
2025-11-11 14:00,2025-11-11,14,Crude,5745.02,5768.43,23.41,0.4074,7306,78976,5700,21.57,22.07,40853,38123,0.9332,INR/bbl,Dhan API v2 (Client 1112620458)
2025-11-11 15:00,2025-11-11,15,Crude,5719.83,5726.42,6.59,0.1153,6774,79577,5700,21.08,21.58,41196,38381,0.9317,INR/bbl,Dhan API v2 (Client 1112620458)
2025-11-11 16:00,2025-11-11,16,Crude,5733.38,5758.66,25.27,0.4408,9253,79376,5700,21.88,22.38,41484,37892,0.9134,INR/bbl,Dhan API v2 (Client 1112620458)
2025-11-11 17:00,2025-11-11,17,Crude,5745.75,5760.86,15.11,0.263,7298,81193,5700,21.78,22.28,42315,38878,0.9188,INR/bbl,Dhan API v2 (Client 1112620458)
2025-11-11 18:00,2025-11-11,18,Crude,5733.79,5752.29,18.51,0.3228,6143,79558,5700,21.6,22.1,41425,38133,0.9205,INR/bbl,Dhan API v2 (Client 1112620458)
2025-11-11 19:00,2025-11-11,19,Crude,5735.95,5772.32,36.36,0.634,6094,78949,5700,21.44,21.94,41577,37372,0.8989,INR/bbl,Dhan API v2 (Client 1112620458)
2025-11-11 20:00,2025-11-11,20,Crude,5741.22,5745.04,3.82,0.0666,2136,80878,5700,22.21,22.71,42577,38301,0.8996,INR/bbl,Dhan API v2 (Client 1112620458)
2025-11-11 21:00,2025-11-11,21,Crude,5705.86,5723.67,17.81,0.3122,14504,78810,5700,21.3,21.8,41332,37478,0.9068,INR/bbl,Dhan API v2 (Client 1112620458)
2025-11-11 22:00,2025-11-11,22,Crude,5678.17,5682.99,4.83,0.085,9121,79028,5700,21.42,21.92,41335,37693,0.9119,INR/bbl,Dhan API v2 (Client 1112620458)
2025-11-11 23:00,2025-11-11,23,Crude,5681.45,5702.3,20.85,0.367,14228,80003,5700,21.59,22.09,41777,38226,0.915,INR/bbl,Dhan API v2 (Client 1112620458)
2025-11-12 09:00,2025-11-12,9,Crude,5713.18,5737.44,24.26,0.4246,8968,79230,5700,21.41,21.91,41690,37540,0.9005,INR/bbl,Dhan API v2 (Client 1112620458)
2025-11-12 10:00,2025-11-12,10,Crude,5720.8,5754.1,33.31,0.5822,1500,79361,5700,22.02,22.52,42220,37141,0.8797,INR/bbl,Dhan API v2 (Client 1112620458)
2025-11-12 11:00,2025-11-12,11,Crude,5726.17,5753.96,27.8,0.4854,9022,78799,5700,21.73,22.23,41715,37084,0.889,INR/bbl,Dhan API v2 (Client 1112620458)
2025-11-12 12:00,2025-11-12,12,Crude,5715.17,5728.97,13.79,0.2414,10530,79436,5700,21.85,22.35,41697,37739,0.9051,INR/bbl,Dhan API v2 (Client 1112620458)
2025-11-12 13:00,2025-11-12,13,Crude,5702.32,5720.73,18.41,0.3228,3864,79204,5700,21.69,22.19,40923,38281,0.9354,INR/bbl,Dhan API v2 (Client 1112620458)
2025-11-12 14:00,2025-11-12,14,Crude,5694.74,5727.58,32.84,0.5767,3527,79887,5700,21.48,21.98,42886,37001,0.8628,INR/bbl,Dhan API v2 (Client 1112620458)
2025-11-12 15:00,2025-11-12,15,Crude,5678.29,5698.79,20.5,0.361,5855,80506,5700,21.41,21.91,41001,39505,0.9635,INR/bbl,Dhan API v2 (Client 1112620458)
2025-11-12 16:00,2025-11-12,16,Crude,5674.36,5682.27,7.91,0.1394,10914,77757,5700,21.47,21.97,40578,37179,0.9162,INR/bbl,Dhan API v2 (Client 1112620458)
2025-11-12 17:00,2025-11-12,17,Crude,5645.74,5656.98,11.24,0.1992,11942,79165,5600,21.2,21.7,42361,36804,0.8688,INR/bbl,Dhan API v2 (Client 1112620458)
2025-11-12 18:00,2025-11-12,18,Crude,5634.82,5642.08,7.26,0.1288,6027,79546,5600,21.59,22.09,40964,38582,0.9419,INR/bbl,Dhan API v2 (Client 1112620458)
2025-11-12 19:00,2025-11-12,19,Crude,5632.03,5656.97,24.93,0.4427,4550,79972,5600,21.75,22.25,42196,37776,0.8953,INR/bbl,Dhan API v2 (Client 1112620458)
2025-11-12 20:00,2025-11-12,20,Crude,5632.19,5663.79,31.6,0.5611,1436,79497,5600,21.76,22.26,41702,37795,0.9063,INR/bbl,Dhan API v2 (Client 1112620458)
2025-11-12 21:00,2025-11-12,21,Crude,5609.92,5630.0,20.08,0.358,11434,81746,5600,21.78,22.28,42251,39495,0.9348,INR/bbl,Dhan API v2 (Client 1112620458)
2025-11-12 22:00,2025-11-12,22,Crude,5629.14,5648.31,19.16,0.3404,8167,78856,5600,21.93,22.43,41903,36953,0.8819,INR/bbl,Dhan API v2 (Client 1112620458)
2025-11-12 23:00,2025-11-12,23,Crude,5619.36,5650.56,31.21,0.5553,10893,81167,5600,21.73,22.23,42704,38463,0.9007,INR/bbl,Dhan API v2 (Client 1112620458)
2025-11-13 09:00,2025-11-13,9,Crude,5631.79,5650.69,18.9,0.3356,10275,78505,5600,21.49,21.99,40135,38370,0.956,INR/bbl,Dhan API v2 (Client 1112620458)
2025-11-13 10:00,2025-11-13,10,Crude,5613.6,5641.51,27.91,0.4972,8154,80845,5600,21.91,22.41,42167,38678,0.9173,INR/bbl,Dhan API v2 (Client 1112620458)
2025-11-13 11:00,2025-11-13,11,Crude,5630.91,5656.89,25.98,0.4613,4503,78184,5600,20.92,21.42,40986,37198,0.9076,INR/bbl,Dhan API v2 (Client 1112620458)
2025-11-13 12:00,2025-11-13,12,Crude,5620.0,5650.75,30.75,0.5472,14636,79281,5600,21.82,22.32,41752,37529,0.8989,INR/bbl,Dhan API v2 (Client 1112620458)
2025-11-13 13:00,2025-11-13,13,Crude,5624.08,5661.33,37.26,0.6624,5506,78607,5600,21.64,22.14,40991,37616,0.9177,INR/bbl,Dhan API v2 (Client 1112620458)
2025-11-13 14:00,2025-11-13,14,Crude,5627.92,5645.69,17.77,0.3157,862,79264,5600,21.74,22.24,42151,37113,0.8805,INR/bbl,Dhan API v2 (Client 1112620458)
2025-11-13 15:00,2025-11-13,15,Crude,5642.71,5652.35,9.64,0.1709,6424,77698,5600,21.37,21.87,40860,36838,0.9016,INR/bbl,Dhan API v2 (Client 1112620458)
2025-11-13 16:00,2025-11-13,16,Crude,5678.65,5697.3,18.65,0.3284,11045,77774,5700,21.65,22.15,40409,37365,0.9247,INR/bbl,Dhan API v2 (Client 1112620458)
2025-11-13 17:00,2025-11-13,17,Crude,5680.21,5704.53,24.32,0.4282,10164,82235,5700,21.68,22.18,42875,39360,0.918,INR/bbl,Dhan API v2 (Client 1112620458)
2025-11-13 18:00,2025-11-13,18,Crude,5683.16,5699.32,16.16,0.2843,14530,81699,5700,21.9,22.4,42682,39017,0.9141,INR/bbl,Dhan API v2 (Client 1112620458)
2025-11-13 19:00,2025-11-13,19,Crude,5673.97,5685.74,11.77,0.2074,6670,78031,5700,21.32,21.82,40037,37994,0.949,INR/bbl,Dhan API v2 (Client 1112620458)
2025-11-13 20:00,2025-11-13,20,Crude,5689.33,5707.57,18.24,0.3207,10522,80537,5700,21.24,21.74,42459,38078,0.8968,INR/bbl,Dhan API v2 (Client 1112620458)
2025-11-13 21:00,2025-11-13,21,Crude,5690.19,5700.31,10.12,0.1778,6914,80297,5700,20.97,21.47,42677,37620,0.8815,INR/bbl,Dhan API v2 (Client 1112620458)
2025-11-13 22:00,2025-11-13,22,Crude,5673.24,5681.54,8.3,0.1463,9716,79875,5700,22.04,22.54,40855,39020,0.9551,INR/bbl,Dhan API v2 (Client 1112620458)
2025-11-13 23:00,2025-11-13,23,Crude,5629.12,5655.98,26.86,0.4772,4577,79101,5600,21.53,22.03,41026,38075,0.9281,INR/bbl,Dhan API v2 (Client 1112620458)
2025-11-14 09:00,2025-11-14,9,Crude,5619.52,5650.81,31.29,0.5568,8255,80544,5600,21.44,21.94,41541,39003,0.9389,INR/bbl,Dhan API v2 (Client 1112620458)
2025-11-14 10:00,2025-11-14,10,Crude,5668.81,5679.67,10.87,0.1917,13300,80113,5700,21.93,22.43,42133,37980,0.9014,INR/bbl,Dhan API v2 (Client 1112620458)
2025-11-14 11:00,2025-11-14,11,Crude,5679.64,5702.07,22.43,0.3949,11365,78688,5700,22.03,22.53,41023,37665,0.9181,INR/bbl,Dhan API v2 (Client 1112620458)
2025-11-14 12:00,2025-11-14,12,Crude,5696.45,5728.47,32.02,0.562,9553,78423,5700,21.66,22.16,40436,37987,0.9394,INR/bbl,Dhan API v2 (Client 1112620458)
2025-11-14 13:00,2025-11-14,13,Crude,5682.51,5697.86,15.35,0.2702,14949,78312,5700,21.81,22.31,41162,37150,0.9025,INR/bbl,Dhan API v2 (Client 1112620458)
2025-11-14 14:00,2025-11-14,14,Crude,5696.27,5705.85,9.58,0.1682,8945,78704,5700,21.79,22.29,41281,37423,0.9065,INR/bbl,Dhan API v2 (Client 1112620458)
2025-11-14 15:00,2025-11-14,15,Crude,5670.3,5685.31,15.01,0.2647,12261,78574,5700,21.28,21.78,40879,37695,0.9221,INR/bbl,Dhan API v2 (Client 1112620458)
2025-11-14 16:00,2025-11-14,16,Crude,5685.54,5703.42,17.88,0.3145,12740,81182,5700,21.69,22.19,42711,38471,0.9007,INR/bbl,Dhan API v2 (Client 1112620458)
2025-11-14 17:00,2025-11-14,17,Crude,5684.98,5705.67,20.68,0.3638,2951,79630,5700,21.18,21.68,41283,38347,0.9289,INR/bbl,Dhan API v2 (Client 1112620458)
2025-11-14 18:00,2025-11-14,18,Crude,5706.23,5722.4,16.17,0.2834,3724,78633,5700,21.32,21.82,41633,37000,0.8887,INR/bbl,Dhan API v2 (Client 1112620458)
2025-11-14 19:00,2025-11-14,19,Crude,5713.11,5724.97,11.86,0.2075,12046,80625,5700,21.11,21.61,41793,38832,0.9292,INR/bbl,Dhan API v2 (Client 1112620458)
2025-11-14 20:00,2025-11-14,20,Crude,5730.53,5744.01,13.49,0.2353,1109,80144,5700,21.3,21.8,41151,38993,0.9476,INR/bbl,Dhan API v2 (Client 1112620458)
2025-11-14 21:00,2025-11-14,21,Crude,5752.49,5782.52,30.03,0.5221,7311,80917,5800,21.78,22.28,41119,39798,0.9679,INR/bbl,Dhan API v2 (Client 1112620458)
2025-11-14 22:00,2025-11-14,22,Crude,5788.18,5806.12,17.95,0.3101,5521,79080,5800,21.89,22.39,41211,37869,0.9189,INR/bbl,Dhan API v2 (Client 1112620458)
2025-11-14 23:00,2025-11-14,23,Crude,5770.11,5785.09,14.98,0.2596,14752,78047,5800,21.96,22.46,39983,38064,0.952,INR/bbl,Dhan API v2 (Client 1112620458)
2025-11-17 09:00,2025-11-17,9,Crude,5772.58,5786.19,13.6,0.2356,9414,79562,5800,21.52,22.02,42272,37290,0.8821,INR/bbl,Dhan API v2 (Client 1112620458)
2025-11-17 10:00,2025-11-17,10,Crude,5763.45,5808.89,45.44,0.7885,5645,79271,5800,21.46,21.96,40807,38464,0.9426,INR/bbl,Dhan API v2 (Client 1112620458)
2025-11-17 11:00,2025-11-17,11,Crude,5787.05,5799.09,12.05,0.2082,7005,78670,5800,21.25,21.75,41106,37564,0.9138,INR/bbl,Dhan API v2 (Client 1112620458)
2025-11-17 12:00,2025-11-17,12,Crude,5758.72,5779.45,20.73,0.3599,14101,80258,5800,21.09,21.59,41896,38362,0.9156,INR/bbl,Dhan API v2 (Client 1112620458)
2025-11-17 13:00,2025-11-17,13,Crude,5765.2,5796.33,31.13,0.54,14422,79331,5800,21.24,21.74,41545,37786,0.9095,INR/bbl,Dhan API v2 (Client 1112620458)
2025-11-17 14:00,2025-11-17,14,Crude,5757.24,5761.5,4.26,0.074,10141,79711,5800,21.32,21.82,40739,38972,0.9566,INR/bbl,Dhan API v2 (Client 1112620458)
2025-11-17 15:00,2025-11-17,15,Crude,5785.77,5803.26,17.49,0.3023,6190,78177,5800,21.13,21.63,40422,37755,0.934,INR/bbl,Dhan API v2 (Client 1112620458)
2025-11-17 16:00,2025-11-17,16,Crude,5773.84,5787.84,14.0,0.2424,4955,78814,5800,21.51,22.01,41322,37492,0.9073,INR/bbl,Dhan API v2 (Client 1112620458)
2025-11-17 17:00,2025-11-17,17,Crude,5798.11,5814.92,16.81,0.2899,13147,78987,5800,21.37,21.87,41535,37452,0.9017,INR/bbl,Dhan API v2 (Client 1112620458)
2025-11-17 18:00,2025-11-17,18,Crude,5813.45,5825.37,11.93,0.2051,4380,78733,5800,21.34,21.84,42308,36425,0.8609,INR/bbl,Dhan API v2 (Client 1112620458)
2025-11-17 19:00,2025-11-17,19,Crude,5817.34,5846.11,28.77,0.4946,4041,79559,5800,21.31,21.81,41325,38234,0.9252,INR/bbl,Dhan API v2 (Client 1112620458)
2025-11-17 20:00,2025-11-17,20,Crude,5845.07,5873.73,28.66,0.4904,10477,79371,5800,21.84,22.34,42474,36897,0.8687,INR/bbl,Dhan API v2 (Client 1112620458)
2025-11-17 21:00,2025-11-17,21,Crude,5861.94,5873.19,11.25,0.1919,2394,79572,5900,21.46,21.96,41431,38141,0.9206,INR/bbl,Dhan API v2 (Client 1112620458)
2025-11-17 22:00,2025-11-17,22,Crude,5856.18,5862.62,6.44,0.11,7197,80187,5900,21.84,22.34,42845,37342,0.8716,INR/bbl,Dhan API v2 (Client 1112620458)
2025-11-17 23:00,2025-11-17,23,Crude,5853.33,5872.79,19.46,0.3325,6824,80113,5900,21.57,22.07,41273,38840,0.9411,INR/bbl,Dhan API v2 (Client 1112620458)
2025-11-18 09:00,2025-11-18,9,Crude,5849.05,5864.01,14.95,0.2557,9123,79117,5800,21.55,22.05,41833,37284,0.8913,INR/bbl,Dhan API v2 (Client 1112620458)
2025-11-18 10:00,2025-11-18,10,Crude,5873.51,5885.11,11.6,0.1976,13019,79425,5900,21.69,22.19,40765,38660,0.9484,INR/bbl,Dhan API v2 (Client 1112620458)
2025-11-18 11:00,2025-11-18,11,Crude,5889.54,5900.22,10.68,0.1814,1249,79689,5900,21.27,21.77,42349,37340,0.8817,INR/bbl,Dhan API v2 (Client 1112620458)
2025-11-18 12:00,2025-11-18,12,Crude,5910.31,5934.14,23.83,0.4032,2433,78967,5900,21.23,21.73,41833,37134,0.8877,INR/bbl,Dhan API v2 (Client 1112620458)
2025-11-18 13:00,2025-11-18,13,Crude,5895.53,5903.06,7.53,0.1278,7331,77487,5900,22.01,22.51,40563,36924,0.9103,INR/bbl,Dhan API v2 (Client 1112620458)
2025-11-18 14:00,2025-11-18,14,Crude,5867.9,5881.19,13.29,0.2266,13497,79808,5900,21.29,21.79,41600,38208,0.9185,INR/bbl,Dhan API v2 (Client 1112620458)
2025-11-18 15:00,2025-11-18,15,Crude,5887.25,5903.81,16.56,0.2812,14688,80320,5900,21.76,22.26,41573,38747,0.932,INR/bbl,Dhan API v2 (Client 1112620458)
2025-11-18 16:00,2025-11-18,16,Crude,5896.55,5917.51,20.96,0.3555,3038,79500,5900,21.17,21.67,40832,38668,0.947,INR/bbl,Dhan API v2 (Client 1112620458)
2025-11-18 17:00,2025-11-18,17,Crude,5918.72,5939.72,21.01,0.3549,11070,79416,5900,21.45,21.95,41593,37823,0.9094,INR/bbl,Dhan API v2 (Client 1112620458)
2025-11-18 18:00,2025-11-18,18,Crude,5958.47,5987.98,29.51,0.4953,11371,79550,6000,21.68,22.18,41636,37914,0.9106,INR/bbl,Dhan API v2 (Client 1112620458)
2025-11-18 19:00,2025-11-18,19,Crude,5967.47,5977.77,10.3,0.1725,3668,79734,6000,21.51,22.01,42528,37206,0.8749,INR/bbl,Dhan API v2 (Client 1112620458)
2025-11-18 20:00,2025-11-18,20,Crude,5967.34,5979.1,11.77,0.1972,1463,79166,6000,21.07,21.57,41217,37949,0.9207,INR/bbl,Dhan API v2 (Client 1112620458)
2025-11-18 21:00,2025-11-18,21,Crude,5979.24,6005.31,26.07,0.436,2664,80019,6000,21.66,22.16,41609,38410,0.9231,INR/bbl,Dhan API v2 (Client 1112620458)
2025-11-18 22:00,2025-11-18,22,Crude,6014.32,6034.21,19.88,0.3306,6650,79586,6000,22.02,22.52,40753,38833,0.9529,INR/bbl,Dhan API v2 (Client 1112620458)
2025-11-18 23:00,2025-11-18,23,Crude,6033.37,6056.66,23.29,0.386,14897,79797,6000,21.15,21.65,41462,38335,0.9246,INR/bbl,Dhan API v2 (Client 1112620458)
2025-11-19 09:00,2025-11-19,9,Crude,6052.35,6061.98,9.62,0.159,4422,78920,6100,21.75,22.25,41725,37195,0.8914,INR/bbl,Dhan API v2 (Client 1112620458)
2025-11-19 10:00,2025-11-19,10,Crude,6047.21,6051.3,4.09,0.0676,4264,79768,6000,21.65,22.15,41672,38096,0.9142,INR/bbl,Dhan API v2 (Client 1112620458)
2025-11-19 11:00,2025-11-19,11,Crude,6064.98,6088.86,23.88,0.3937,14054,77887,6100,21.39,21.89,39859,38028,0.9541,INR/bbl,Dhan API v2 (Client 1112620458)
2025-11-19 12:00,2025-11-19,12,Crude,6104.06,6117.38,13.32,0.2182,3762,80215,6100,21.32,21.82,41408,38807,0.9372,INR/bbl,Dhan API v2 (Client 1112620458)
2025-11-19 13:00,2025-11-19,13,Crude,6087.71,6112.98,25.28,0.4152,8703,78066,6100,22.14,22.64,40766,37300,0.915,INR/bbl,Dhan API v2 (Client 1112620458)
2025-11-19 14:00,2025-11-19,14,Crude,6072.39,6085.09,12.7,0.2091,4854,80237,6100,21.48,21.98,42039,38198,0.9086,INR/bbl,Dhan API v2 (Client 1112620458)
2025-11-19 15:00,2025-11-19,15,Crude,6033.57,6046.99,13.42,0.2224,4938,80735,6000,21.47,21.97,41478,39257,0.9465,INR/bbl,Dhan API v2 (Client 1112620458)
2025-11-19 16:00,2025-11-19,16,Crude,6052.31,6060.84,8.53,0.141,8017,79408,6100,21.48,21.98,40274,39134,0.9717,INR/bbl,Dhan API v2 (Client 1112620458)
2025-11-19 17:00,2025-11-19,17,Crude,6048.37,6051.05,2.69,0.0444,4355,79830,6000,21.6,22.1,41659,38171,0.9163,INR/bbl,Dhan API v2 (Client 1112620458)
2025-11-19 18:00,2025-11-19,18,Crude,6034.31,6062.57,28.26,0.4683,8290,80438,6000,21.87,22.37,42273,38165,0.9028,INR/bbl,Dhan API v2 (Client 1112620458)
2025-11-19 19:00,2025-11-19,19,Crude,6028.87,6056.87,28.0,0.4644,5297,78938,6000,22.07,22.57,40551,38387,0.9466,INR/bbl,Dhan API v2 (Client 1112620458)
2025-11-19 20:00,2025-11-19,20,Crude,6027.59,6022.97,-4.62,-0.0767,12709,78881,6000,21.78,22.28,41275,37606,0.9111,INR/bbl,Dhan API v2 (Client 1112620458)
2025-11-19 21:00,2025-11-19,21,Crude,6035.99,6065.86,29.86,0.4947,2678,79755,6000,21.66,22.16,41934,37821,0.9019,INR/bbl,Dhan API v2 (Client 1112620458)
2025-11-19 22:00,2025-11-19,22,Crude,6078.59,6105.8,27.21,0.4476,577,80918,6100,21.59,22.09,42159,38759,0.9194,INR/bbl,Dhan API v2 (Client 1112620458)
2025-11-19 23:00,2025-11-19,23,Crude,6059.65,6086.25,26.6,0.439,3633,80554,6100,22.09,22.59,42604,37950,0.8908,INR/bbl,Dhan API v2 (Client 1112620458)
2025-11-20 09:00,2025-11-20,9,Crude,6073.09,6098.7,25.62,0.4218,11278,80822,6100,21.45,21.95,41929,38893,0.9276,INR/bbl,Dhan API v2 (Client 1112620458)
2025-11-20 10:00,2025-11-20,10,Crude,6058.6,6070.92,12.32,0.2034,1546,78821,6100,21.63,22.13,41758,37063,0.8876,INR/bbl,Dhan API v2 (Client 1112620458)
2025-11-20 11:00,2025-11-20,11,Crude,6060.26,6066.04,5.79,0.0955,776,77328,6100,21.52,22.02,39798,37530,0.943,INR/bbl,Dhan API v2 (Client 1112620458)
2025-11-20 12:00,2025-11-20,12,Crude,6116.15,6148.74,32.59,0.5329,10949,79809,6100,22.51,23.01,42309,37500,0.8863,INR/bbl,Dhan API v2 (Client 1112620458)
2025-11-20 13:00,2025-11-20,13,Crude,6068.15,6088.15,19.99,0.3295,13267,79314,6100,21.38,21.88,41093,38221,0.9301,INR/bbl,Dhan API v2 (Client 1112620458)
2025-11-20 14:00,2025-11-20,14,Crude,6039.19,6056.5,17.31,0.2866,7453,80975,6000,21.61,22.11,41772,39203,0.9385,INR/bbl,Dhan API v2 (Client 1112620458)
2025-11-20 15:00,2025-11-20,15,Crude,6025.93,6048.1,22.16,0.3678,11308,79449,6000,21.7,22.2,41476,37973,0.9155,INR/bbl,Dhan API v2 (Client 1112620458)
2025-11-20 16:00,2025-11-20,16,Crude,6035.31,6048.82,13.51,0.2238,544,81487,6000,21.74,22.24,41805,39682,0.9492,INR/bbl,Dhan API v2 (Client 1112620458)
2025-11-20 17:00,2025-11-20,17,Crude,6020.71,6027.62,6.92,0.1149,10313,80510,6000,21.16,21.66,42049,38461,0.9147,INR/bbl,Dhan API v2 (Client 1112620458)
2025-11-20 18:00,2025-11-20,18,Crude,6047.55,6061.24,13.69,0.2264,4080,78035,6000,21.59,22.09,40565,37470,0.9237,INR/bbl,Dhan API v2 (Client 1112620458)
2025-11-20 19:00,2025-11-20,19,Crude,6056.02,6076.83,20.81,0.3436,9749,79789,6100,21.5,22.0,41998,37791,0.8998,INR/bbl,Dhan API v2 (Client 1112620458)
2025-11-20 20:00,2025-11-20,20,Crude,6069.9,6082.74,12.84,0.2115,9295,80866,6100,21.29,21.79,42249,38617,0.914,INR/bbl,Dhan API v2 (Client 1112620458)
2025-11-20 21:00,2025-11-20,21,Crude,6089.83,6113.61,23.78,0.3905,3278,78178,6100,21.75,22.25,40989,37189,0.9073,INR/bbl,Dhan API v2 (Client 1112620458)
2025-11-20 22:00,2025-11-20,22,Crude,6115.17,6127.74,12.57,0.2055,11658,78225,6100,21.45,21.95,40965,37260,0.9096,INR/bbl,Dhan API v2 (Client 1112620458)
2025-11-20 23:00,2025-11-20,23,Crude,6097.13,6097.97,0.84,0.0138,14276,80519,6100,21.38,21.88,43088,37431,0.8687,INR/bbl,Dhan API v2 (Client 1112620458)
2025-11-21 09:00,2025-11-21,9,Crude,6155.7,6181.03,25.34,0.4116,10262,78549,6200,21.8,22.3,40910,37639,0.92,INR/bbl,Dhan API v2 (Client 1112620458)
2025-11-21 10:00,2025-11-21,10,Crude,6131.83,6145.35,13.52,0.2204,11166,79806,6100,21.38,21.88,40786,39020,0.9567,INR/bbl,Dhan API v2 (Client 1112620458)
2025-11-21 11:00,2025-11-21,11,Crude,6108.99,6122.17,13.18,0.2158,10049,79290,6100,21.89,22.39,41425,37865,0.9141,INR/bbl,Dhan API v2 (Client 1112620458)
2025-11-21 12:00,2025-11-21,12,Crude,6115.88,6120.48,4.59,0.0751,1530,79648,6100,21.39,21.89,42118,37530,0.8911,INR/bbl,Dhan API v2 (Client 1112620458)
2025-11-21 13:00,2025-11-21,13,Crude,6086.95,6104.99,18.04,0.2963,9580,79682,6100,21.63,22.13,41073,38609,0.94,INR/bbl,Dhan API v2 (Client 1112620458)
2025-11-21 14:00,2025-11-21,14,Crude,6088.7,6099.35,10.65,0.1749,2699,82055,6100,21.96,22.46,42454,39601,0.9328,INR/bbl,Dhan API v2 (Client 1112620458)
2025-11-21 15:00,2025-11-21,15,Crude,6111.62,6117.98,6.36,0.1041,12084,81051,6100,21.34,21.84,41706,39345,0.9434,INR/bbl,Dhan API v2 (Client 1112620458)
2025-11-21 16:00,2025-11-21,16,Crude,6045.41,6060.04,14.62,0.2419,7161,78976,6000,21.52,22.02,40804,38172,0.9355,INR/bbl,Dhan API v2 (Client 1112620458)
2025-11-21 17:00,2025-11-21,17,Crude,6080.9,6110.85,29.94,0.4924,10665,78793,6100,21.46,21.96,41009,37784,0.9214,INR/bbl,Dhan API v2 (Client 1112620458)
2025-11-21 18:00,2025-11-21,18,Crude,6081.12,6088.42,7.29,0.1199,6148,80122,6100,21.1,21.6,42029,38093,0.9064,INR/bbl,Dhan API v2 (Client 1112620458)
2025-11-21 19:00,2025-11-21,19,Crude,6082.25,6101.87,19.62,0.3226,13357,78840,6100,21.99,22.49,40992,37848,0.9233,INR/bbl,Dhan API v2 (Client 1112620458)
2025-11-21 20:00,2025-11-21,20,Crude,6109.35,6140.88,31.53,0.5162,4348,78999,6100,21.89,22.39,41101,37898,0.9221,INR/bbl,Dhan API v2 (Client 1112620458)
2025-11-21 21:00,2025-11-21,21,Crude,6118.41,6123.65,5.24,0.0856,3275,80718,6100,21.29,21.79,42365,38353,0.9053,INR/bbl,Dhan API v2 (Client 1112620458)
2025-11-21 22:00,2025-11-21,22,Crude,6147.56,6161.93,14.36,0.2336,12558,79526,6100,21.69,22.19,41335,38191,0.9239,INR/bbl,Dhan API v2 (Client 1112620458)
2025-11-21 23:00,2025-11-21,23,Crude,6204.66,6210.49,5.83,0.0939,4679,81072,6200,21.12,21.62,42151,38921,0.9234,INR/bbl,Dhan API v2 (Client 1112620458)
2025-11-24 09:00,2025-11-24,9,Crude,6182.02,6193.94,11.92,0.1928,7136,78299,6200,21.43,21.93,40940,37359,0.9125,INR/bbl,Dhan API v2 (Client 1112620458)
2025-11-24 10:00,2025-11-24,10,Crude,6215.5,6224.66,9.15,0.1473,1446,79133,6200,21.62,22.12,42168,36965,0.8766,INR/bbl,Dhan API v2 (Client 1112620458)
2025-11-24 11:00,2025-11-24,11,Crude,6249.79,6284.48,34.7,0.5551,11615,80017,6200,21.6,22.1,41519,38498,0.9272,INR/bbl,Dhan API v2 (Client 1112620458)
2025-11-24 12:00,2025-11-24,12,Crude,6266.73,6282.43,15.7,0.2505,13319,80583,6300,21.84,22.34,41916,38667,0.9225,INR/bbl,Dhan API v2 (Client 1112620458)
2025-11-24 13:00,2025-11-24,13,Crude,6264.4,6255.82,-8.58,-0.1369,14742,80846,6300,21.27,21.77,42041,38805,0.923,INR/bbl,Dhan API v2 (Client 1112620458)
2025-11-24 14:00,2025-11-24,14,Crude,6250.51,6257.07,6.56,0.1049,6777,78528,6300,21.92,22.42,40957,37571,0.9173,INR/bbl,Dhan API v2 (Client 1112620458)
2025-11-24 15:00,2025-11-24,15,Crude,6262.12,6273.11,10.99,0.1756,14583,77526,6300,21.68,22.18,40499,37027,0.9143,INR/bbl,Dhan API v2 (Client 1112620458)
2025-11-24 16:00,2025-11-24,16,Crude,6271.05,6286.38,15.33,0.2445,3056,81115,6300,21.84,22.34,42192,38923,0.9225,INR/bbl,Dhan API v2 (Client 1112620458)
2025-11-24 17:00,2025-11-24,17,Crude,6256.19,6273.52,17.32,0.2769,5342,80487,6300,21.77,22.27,41857,38630,0.9229,INR/bbl,Dhan API v2 (Client 1112620458)
2025-11-24 18:00,2025-11-24,18,Crude,6229.14,6241.75,12.61,0.2024,8513,79204,6200,21.87,22.37,41040,38164,0.9299,INR/bbl,Dhan API v2 (Client 1112620458)
2025-11-24 19:00,2025-11-24,19,Crude,6218.87,6222.0,3.13,0.0504,4358,79164,6200,21.69,22.19,41500,37664,0.9076,INR/bbl,Dhan API v2 (Client 1112620458)
2025-11-24 20:00,2025-11-24,20,Crude,6231.9,6252.8,20.9,0.3353,11311,80300,6200,21.53,22.03,42315,37985,0.8977,INR/bbl,Dhan API v2 (Client 1112620458)
2025-11-24 21:00,2025-11-24,21,Crude,6218.17,6250.31,32.15,0.517,2634,79971,6200,21.53,22.03,41941,38030,0.9067,INR/bbl,Dhan API v2 (Client 1112620458)
2025-11-24 22:00,2025-11-24,22,Crude,6261.17,6277.21,16.04,0.2562,7724,79828,6300,21.95,22.45,40891,38937,0.9522,INR/bbl,Dhan API v2 (Client 1112620458)
2025-11-24 23:00,2025-11-24,23,Crude,6229.05,6234.07,5.02,0.0806,10239,79437,6200,21.56,22.06,41441,37996,0.9169,INR/bbl,Dhan API v2 (Client 1112620458)
2025-11-25 09:00,2025-11-25,9,Crude,6199.08,6214.82,15.74,0.2539,10784,78851,6200,21.64,22.14,41772,37079,0.8877,INR/bbl,Dhan API v2 (Client 1112620458)
2025-11-25 10:00,2025-11-25,10,Crude,6167.61,6187.85,20.23,0.3281,14650,79108,6200,22.2,22.7,42152,36956,0.8767,INR/bbl,Dhan API v2 (Client 1112620458)
2025-11-25 11:00,2025-11-25,11,Crude,6179.7,6193.67,13.97,0.2261,7443,77944,6200,21.05,21.55,40333,37611,0.9325,INR/bbl,Dhan API v2 (Client 1112620458)
2025-11-25 12:00,2025-11-25,12,Crude,6201.09,6221.62,20.53,0.3311,7727,79492,6200,21.68,22.18,41153,38339,0.9316,INR/bbl,Dhan API v2 (Client 1112620458)
2025-11-25 13:00,2025-11-25,13,Crude,6200.39,6201.48,1.09,0.0176,12172,80146,6200,21.76,22.26,41922,38224,0.9118,INR/bbl,Dhan API v2 (Client 1112620458)
2025-11-25 14:00,2025-11-25,14,Crude,6190.45,6207.77,17.32,0.2798,1379,79307,6200,21.59,22.09,40652,38655,0.9509,INR/bbl,Dhan API v2 (Client 1112620458)
2025-11-25 15:00,2025-11-25,15,Crude,6177.99,6184.73,6.74,0.1091,8635,80561,6200,21.43,21.93,41825,38736,0.9261,INR/bbl,Dhan API v2 (Client 1112620458)
2025-11-25 16:00,2025-11-25,16,Crude,6194.1,6208.49,14.38,0.2322,10771,79645,6200,21.39,21.89,41817,37828,0.9046,INR/bbl,Dhan API v2 (Client 1112620458)
2025-11-25 17:00,2025-11-25,17,Crude,6187.3,6215.34,28.04,0.4532,7957,79702,6200,21.47,21.97,41407,38295,0.9248,INR/bbl,Dhan API v2 (Client 1112620458)
2025-11-25 18:00,2025-11-25,18,Crude,6170.69,6177.47,6.77,0.1098,5390,78964,6200,22.07,22.57,41045,37919,0.9238,INR/bbl,Dhan API v2 (Client 1112620458)
2025-11-25 19:00,2025-11-25,19,Crude,6182.31,6198.61,16.29,0.2635,10305,79858,6200,21.88,22.38,41403,38455,0.9288,INR/bbl,Dhan API v2 (Client 1112620458)
2025-11-25 20:00,2025-11-25,20,Crude,6170.36,6182.83,12.47,0.2021,14501,79254,6200,21.87,22.37,41403,37851,0.9142,INR/bbl,Dhan API v2 (Client 1112620458)
2025-11-25 21:00,2025-11-25,21,Crude,6168.94,6195.86,26.92,0.4364,11517,80183,6200,21.1,21.6,42129,38054,0.9033,INR/bbl,Dhan API v2 (Client 1112620458)
2025-11-25 22:00,2025-11-25,22,Crude,6136.33,6147.54,11.21,0.1827,5096,80438,6100,21.61,22.11,42485,37953,0.8933,INR/bbl,Dhan API v2 (Client 1112620458)
2025-11-25 23:00,2025-11-25,23,Crude,6141.71,6165.82,24.11,0.3926,5145,79769,6100,21.93,22.43,42146,37623,0.8927,INR/bbl,Dhan API v2 (Client 1112620458)
2025-11-26 09:00,2025-11-26,9,Crude,6144.56,6164.34,19.78,0.322,10943,77596,6100,21.39,21.89,40877,36719,0.8983,INR/bbl,Dhan API v2 (Client 1112620458)
2025-11-26 10:00,2025-11-26,10,Crude,6132.8,6142.49,9.69,0.1581,2548,80680,6100,21.83,22.33,41472,39208,0.9454,INR/bbl,Dhan API v2 (Client 1112620458)
2025-11-26 11:00,2025-11-26,11,Crude,6117.62,6126.07,8.45,0.1382,7446,79595,6100,21.39,21.89,41214,38381,0.9313,INR/bbl,Dhan API v2 (Client 1112620458)
2025-11-26 12:00,2025-11-26,12,Crude,6092.0,6104.91,12.91,0.2119,14382,78826,6100,21.25,21.75,40745,38081,0.9346,INR/bbl,Dhan API v2 (Client 1112620458)
2025-11-26 13:00,2025-11-26,13,Crude,6071.03,6093.18,22.15,0.3648,2883,79327,6100,21.77,22.27,40896,38431,0.9397,INR/bbl,Dhan API v2 (Client 1112620458)
2025-11-26 14:00,2025-11-26,14,Crude,6083.01,6102.24,19.23,0.3161,1835,79939,6100,21.05,21.55,41898,38041,0.9079,INR/bbl,Dhan API v2 (Client 1112620458)
2025-11-26 15:00,2025-11-26,15,Crude,6097.54,6118.78,21.24,0.3484,6126,79122,6100,21.41,21.91,42193,36929,0.8752,INR/bbl,Dhan API v2 (Client 1112620458)
2025-11-26 16:00,2025-11-26,16,Crude,6116.96,6137.54,20.58,0.3364,3327,79666,6100,21.48,21.98,41191,38475,0.9341,INR/bbl,Dhan API v2 (Client 1112620458)
2025-11-26 17:00,2025-11-26,17,Crude,6110.02,6119.34,9.32,0.1526,973,78975,6100,21.14,21.64,41998,36977,0.8804,INR/bbl,Dhan API v2 (Client 1112620458)
2025-11-26 18:00,2025-11-26,18,Crude,6110.18,6124.91,14.73,0.2411,12789,81282,6100,21.52,22.02,42228,39054,0.9248,INR/bbl,Dhan API v2 (Client 1112620458)
2025-11-26 19:00,2025-11-26,19,Crude,6084.28,6118.66,34.38,0.5651,6306,80446,6100,21.75,22.25,42220,38226,0.9054,INR/bbl,Dhan API v2 (Client 1112620458)
2025-11-26 20:00,2025-11-26,20,Crude,6094.36,6114.75,20.38,0.3345,5313,80038,6100,22.01,22.51,41643,38395,0.922,INR/bbl,Dhan API v2 (Client 1112620458)
2025-11-26 21:00,2025-11-26,21,Crude,6069.1,6095.45,26.35,0.4341,10775,79539,6100,21.46,21.96,41022,38517,0.9389,INR/bbl,Dhan API v2 (Client 1112620458)
2025-11-26 22:00,2025-11-26,22,Crude,6090.24,6093.39,3.15,0.0517,13292,81029,6100,21.55,22.05,42769,38260,0.8946,INR/bbl,Dhan API v2 (Client 1112620458)
2025-11-26 23:00,2025-11-26,23,Crude,6104.97,6117.97,13.0,0.2129,11348,78018,6100,21.24,21.74,41123,36895,0.8972,INR/bbl,Dhan API v2 (Client 1112620458)
2025-11-27 09:00,2025-11-27,9,Crude,6085.21,6087.79,2.59,0.0425,7827,78964,6100,21.55,22.05,41629,37335,0.8969,INR/bbl,Dhan API v2 (Client 1112620458)
2025-11-27 10:00,2025-11-27,10,Crude,6116.86,6126.81,9.95,0.1627,8733,79006,6100,21.87,22.37,41225,37781,0.9165,INR/bbl,Dhan API v2 (Client 1112620458)
2025-11-27 11:00,2025-11-27,11,Crude,6135.09,6135.65,0.56,0.0091,5279,80513,6100,22.15,22.65,41950,38563,0.9193,INR/bbl,Dhan API v2 (Client 1112620458)
2025-11-27 12:00,2025-11-27,12,Crude,6146.38,6169.13,22.74,0.37,2539,80418,6100,22.24,22.74,41513,38905,0.9372,INR/bbl,Dhan API v2 (Client 1112620458)
2025-11-27 13:00,2025-11-27,13,Crude,6142.65,6150.77,8.13,0.1323,9624,78451,6100,21.61,22.11,40589,37862,0.9328,INR/bbl,Dhan API v2 (Client 1112620458)
2025-11-27 14:00,2025-11-27,14,Crude,6121.9,6138.44,16.54,0.2701,12633,77769,6100,21.38,21.88,39502,38267,0.9687,INR/bbl,Dhan API v2 (Client 1112620458)
2025-11-27 15:00,2025-11-27,15,Crude,6121.7,6124.27,2.57,0.0419,13647,82058,6100,21.39,21.89,42407,39651,0.935,INR/bbl,Dhan API v2 (Client 1112620458)
2025-11-27 16:00,2025-11-27,16,Crude,6145.42,6143.25,-2.17,-0.0354,5012,81016,6100,21.42,21.92,41972,39044,0.9302,INR/bbl,Dhan API v2 (Client 1112620458)
2025-11-27 17:00,2025-11-27,17,Crude,6178.93,6190.63,11.7,0.1894,11214,79169,6200,21.07,21.57,40320,38849,0.9635,INR/bbl,Dhan API v2 (Client 1112620458)
2025-11-27 18:00,2025-11-27,18,Crude,6171.7,6186.89,15.19,0.2461,1565,80518,6200,21.65,22.15,40964,39554,0.9656,INR/bbl,Dhan API v2 (Client 1112620458)
2025-11-27 19:00,2025-11-27,19,Crude,6166.57,6191.81,25.23,0.4092,14240,79896,6200,21.73,22.23,41757,38139,0.9134,INR/bbl,Dhan API v2 (Client 1112620458)
2025-11-27 20:00,2025-11-27,20,Crude,6168.12,6171.41,3.29,0.0534,14100,80803,6200,21.39,21.89,41798,39005,0.9332,INR/bbl,Dhan API v2 (Client 1112620458)
2025-11-27 21:00,2025-11-27,21,Crude,6184.68,6181.91,-2.77,-0.0447,1389,78493,6200,22.04,22.54,41477,37016,0.8924,INR/bbl,Dhan API v2 (Client 1112620458)
2025-11-27 22:00,2025-11-27,22,Crude,6193.97,6198.56,4.59,0.0741,8662,78957,6200,21.28,21.78,40840,38117,0.9333,INR/bbl,Dhan API v2 (Client 1112620458)
2025-11-27 23:00,2025-11-27,23,Crude,6154.2,6156.45,2.25,0.0366,14322,77317,6200,21.19,21.69,39726,37591,0.9463,INR/bbl,Dhan API v2 (Client 1112620458)
2025-11-28 09:00,2025-11-28,9,Crude,6142.71,6149.18,6.48,0.1054,12166,80946,6100,22.07,22.57,43006,37940,0.8822,INR/bbl,Dhan API v2 (Client 1112620458)
2025-11-28 10:00,2025-11-28,10,Crude,6120.59,6141.81,21.22,0.3467,7493,80517,6100,21.37,21.87,41711,38806,0.9304,INR/bbl,Dhan API v2 (Client 1112620458)
2025-11-28 11:00,2025-11-28,11,Crude,6155.71,6171.74,16.03,0.2603,14016,79456,6200,21.58,22.08,41354,38102,0.9214,INR/bbl,Dhan API v2 (Client 1112620458)
2025-11-28 12:00,2025-11-28,12,Crude,6154.2,6161.42,7.22,0.1173,11083,79632,6200,21.73,22.23,42187,37445,0.8876,INR/bbl,Dhan API v2 (Client 1112620458)
2025-11-28 13:00,2025-11-28,13,Crude,6169.71,6193.3,23.59,0.3824,8600,79696,6200,21.22,21.72,42003,37693,0.8974,INR/bbl,Dhan API v2 (Client 1112620458)
2025-11-28 14:00,2025-11-28,14,Crude,6176.28,6200.74,24.47,0.3961,12738,80088,6200,21.51,22.01,42472,37616,0.8857,INR/bbl,Dhan API v2 (Client 1112620458)
2025-11-28 15:00,2025-11-28,15,Crude,6160.66,6168.92,8.26,0.134,10494,79388,6200,21.61,22.11,41358,38030,0.9195,INR/bbl,Dhan API v2 (Client 1112620458)
2025-11-28 16:00,2025-11-28,16,Crude,6171.5,6175.32,3.81,0.0618,12183,76969,6200,21.58,22.08,40056,36913,0.9215,INR/bbl,Dhan API v2 (Client 1112620458)
2025-11-28 17:00,2025-11-28,17,Crude,6130.27,6155.34,25.06,0.4089,4073,79436,6100,21.79,22.29,41330,38106,0.922,INR/bbl,Dhan API v2 (Client 1112620458)
2025-11-28 18:00,2025-11-28,18,Crude,6142.71,6145.62,2.91,0.0474,8184,78939,6100,21.28,21.78,41090,37849,0.9211,INR/bbl,Dhan API v2 (Client 1112620458)
2025-11-28 19:00,2025-11-28,19,Crude,6147.05,6174.15,27.1,0.4409,13264,79141,6100,21.2,21.7,41251,37890,0.9185,INR/bbl,Dhan API v2 (Client 1112620458)
2025-11-28 20:00,2025-11-28,20,Crude,6150.73,6174.81,24.08,0.3915,12573,80097,6200,21.76,22.26,40862,39235,0.9602,INR/bbl,Dhan API v2 (Client 1112620458)
2025-11-28 21:00,2025-11-28,21,Crude,6191.23,6213.56,22.33,0.3606,1580,79316,6200,21.73,22.23,42205,37111,0.8793,INR/bbl,Dhan API v2 (Client 1112620458)
2025-11-28 22:00,2025-11-28,22,Crude,6178.11,6185.36,7.25,0.1174,12867,80511,6200,21.92,22.42,42694,37817,0.8858,INR/bbl,Dhan API v2 (Client 1112620458)
2025-11-28 23:00,2025-11-28,23,Crude,6228.52,6223.72,-4.79,-0.077,10278,79465,6200,21.05,21.55,41615,37850,0.9095,INR/bbl,Dhan API v2 (Client 1112620458)
2025-12-01 09:00,2025-12-01,9,Crude,6223.51,6237.09,13.58,0.2183,8454,78454,6200,21.41,21.91,41015,37439,0.9128,INR/bbl,Dhan API v2 (Client 1112620458)
2025-12-01 10:00,2025-12-01,10,Crude,6244.68,6265.58,20.9,0.3348,14470,78956,6200,21.66,22.16,41461,37495,0.9043,INR/bbl,Dhan API v2 (Client 1112620458)
2025-12-01 11:00,2025-12-01,11,Crude,6195.89,6206.58,10.7,0.1726,8920,79260,6200,22.07,22.57,41589,37671,0.9058,INR/bbl,Dhan API v2 (Client 1112620458)
2025-12-01 12:00,2025-12-01,12,Crude,6193.17,6213.62,20.45,0.3302,10936,81031,6200,21.87,22.37,42699,38332,0.8977,INR/bbl,Dhan API v2 (Client 1112620458)
2025-12-01 13:00,2025-12-01,13,Crude,6212.25,6221.3,9.05,0.1457,12777,79199,6200,21.21,21.71,40618,38581,0.9498,INR/bbl,Dhan API v2 (Client 1112620458)
2025-12-01 14:00,2025-12-01,14,Crude,6225.79,6243.17,17.38,0.2792,12496,81918,6200,21.21,21.71,42346,39572,0.9345,INR/bbl,Dhan API v2 (Client 1112620458)
2025-12-01 15:00,2025-12-01,15,Crude,6235.86,6246.91,11.04,0.1771,5894,78439,6200,22.28,22.78,41165,37274,0.9055,INR/bbl,Dhan API v2 (Client 1112620458)
2025-12-01 16:00,2025-12-01,16,Crude,6298.64,6307.0,8.36,0.1328,9968,79136,6300,21.41,21.91,41413,37723,0.9109,INR/bbl,Dhan API v2 (Client 1112620458)
2025-12-01 17:00,2025-12-01,17,Crude,6279.57,6277.59,-1.99,-0.0316,13492,80732,6300,21.88,22.38,42982,37750,0.8783,INR/bbl,Dhan API v2 (Client 1112620458)
2025-12-01 18:00,2025-12-01,18,Crude,6287.53,6292.04,4.51,0.0718,7190,79944,6300,21.15,21.65,42621,37323,0.8757,INR/bbl,Dhan API v2 (Client 1112620458)
2025-12-01 19:00,2025-12-01,19,Crude,6288.48,6284.54,-3.93,-0.0625,6487,78601,6300,21.64,22.14,41019,37582,0.9162,INR/bbl,Dhan API v2 (Client 1112620458)
2025-12-01 20:00,2025-12-01,20,Crude,6284.96,6294.72,9.76,0.1553,3633,80068,6300,21.86,22.36,41496,38572,0.9295,INR/bbl,Dhan API v2 (Client 1112620458)
2025-12-01 21:00,2025-12-01,21,Crude,6293.98,6309.3,15.32,0.2434,4192,79519,6300,21.86,22.36,42309,37210,0.8795,INR/bbl,Dhan API v2 (Client 1112620458)
2025-12-01 22:00,2025-12-01,22,Crude,6345.26,6344.66,-0.6,-0.0095,4279,78033,6300,22.05,22.55,41188,36845,0.8946,INR/bbl,Dhan API v2 (Client 1112620458)
2025-12-01 23:00,2025-12-01,23,Crude,6372.76,6382.06,9.3,0.1459,14495,79513,6400,21.21,21.71,42055,37458,0.8907,INR/bbl,Dhan API v2 (Client 1112620458)
2025-12-02 09:00,2025-12-02,9,Crude,6397.64,6399.77,2.12,0.0332,7272,81451,6400,22.0,22.5,42586,38865,0.9126,INR/bbl,Dhan API v2 (Client 1112620458)
2025-12-02 10:00,2025-12-02,10,Crude,6398.19,6414.75,16.55,0.2587,11952,78793,6400,21.83,22.33,41445,37348,0.9011,INR/bbl,Dhan API v2 (Client 1112620458)
2025-12-02 11:00,2025-12-02,11,Crude,6419.34,6429.35,10.01,0.1559,4581,79561,6400,21.54,22.04,41445,38116,0.9197,INR/bbl,Dhan API v2 (Client 1112620458)
2025-12-02 12:00,2025-12-02,12,Crude,6429.01,6430.63,1.62,0.0252,9603,79588,6400,21.92,22.42,40932,38656,0.9444,INR/bbl,Dhan API v2 (Client 1112620458)
2025-12-02 13:00,2025-12-02,13,Crude,6422.52,6441.63,19.11,0.2976,6241,79305,6400,21.58,22.08,41363,37942,0.9173,INR/bbl,Dhan API v2 (Client 1112620458)
2025-12-02 14:00,2025-12-02,14,Crude,6459.6,6473.23,13.64,0.2111,3303,78821,6500,21.48,21.98,41607,37214,0.8944,INR/bbl,Dhan API v2 (Client 1112620458)
2025-12-02 15:00,2025-12-02,15,Crude,6477.18,6484.13,6.95,0.1073,11142,80087,6500,21.49,21.99,41425,38662,0.9333,INR/bbl,Dhan API v2 (Client 1112620458)
2025-12-02 16:00,2025-12-02,16,Crude,6492.27,6496.97,4.7,0.0723,2814,79138,6500,21.31,21.81,41379,37759,0.9125,INR/bbl,Dhan API v2 (Client 1112620458)
2025-12-02 17:00,2025-12-02,17,Crude,6492.16,6489.18,-2.97,-0.0458,10130,80678,6500,21.59,22.09,41128,39550,0.9616,INR/bbl,Dhan API v2 (Client 1112620458)
2025-12-02 18:00,2025-12-02,18,Crude,6485.44,6478.99,-6.45,-0.0994,8203,81124,6500,21.64,22.14,41603,39521,0.95,INR/bbl,Dhan API v2 (Client 1112620458)
2025-12-02 19:00,2025-12-02,19,Crude,6460.62,6468.39,7.77,0.1203,7523,79778,6500,21.76,22.26,40790,38988,0.9558,INR/bbl,Dhan API v2 (Client 1112620458)
2025-12-02 20:00,2025-12-02,20,Crude,6462.19,6470.8,8.61,0.1332,11641,81184,6500,21.35,21.85,42261,38923,0.921,INR/bbl,Dhan API v2 (Client 1112620458)
2025-12-02 21:00,2025-12-02,21,Crude,6481.23,6484.11,2.87,0.0443,12284,78159,6500,21.49,21.99,40514,37645,0.9292,INR/bbl,Dhan API v2 (Client 1112620458)
2025-12-02 22:00,2025-12-02,22,Crude,6470.83,6502.72,31.88,0.4927,10680,79286,6500,21.8,22.3,41723,37563,0.9003,INR/bbl,Dhan API v2 (Client 1112620458)
2025-12-02 23:00,2025-12-02,23,Crude,6438.98,6440.09,1.11,0.0172,5181,79944,6400,21.47,21.97,41999,37945,0.9035,INR/bbl,Dhan API v2 (Client 1112620458)
2025-12-03 09:00,2025-12-03,9,Crude,6430.35,6416.2,-14.14,-0.22,12101,80011,6400,21.27,21.77,41581,38430,0.9242,INR/bbl,Dhan API v2 (Client 1112620458)
2025-12-03 10:00,2025-12-03,10,Crude,6388.34,6410.6,22.25,0.3483,10943,78899,6400,22.09,22.59,41379,37520,0.9067,INR/bbl,Dhan API v2 (Client 1112620458)
2025-12-03 11:00,2025-12-03,11,Crude,6401.25,6409.52,8.27,0.1292,1254,79491,6400,21.3,21.8,40732,38759,0.9516,INR/bbl,Dhan API v2 (Client 1112620458)
2025-12-03 12:00,2025-12-03,12,Crude,6413.04,6433.87,20.83,0.3248,7084,78443,6400,21.06,21.56,41149,37294,0.9063,INR/bbl,Dhan API v2 (Client 1112620458)
2025-12-03 13:00,2025-12-03,13,Crude,6456.91,6456.07,-0.84,-0.013,1621,79677,6500,21.18,21.68,41677,38000,0.9118,INR/bbl,Dhan API v2 (Client 1112620458)
2025-12-03 14:00,2025-12-03,14,Crude,6457.2,6460.66,3.46,0.0535,7900,79103,6500,21.18,21.68,41770,37333,0.8938,INR/bbl,Dhan API v2 (Client 1112620458)
2025-12-03 15:00,2025-12-03,15,Crude,6447.14,6466.41,19.27,0.299,10922,80265,6400,21.63,22.13,41788,38477,0.9208,INR/bbl,Dhan API v2 (Client 1112620458)
2025-12-03 16:00,2025-12-03,16,Crude,6482.41,6498.5,16.09,0.2482,7773,78567,6500,21.64,22.14,40393,38174,0.9451,INR/bbl,Dhan API v2 (Client 1112620458)
2025-12-03 17:00,2025-12-03,17,Crude,6459.9,6466.61,6.72,0.104,10513,80394,6500,21.59,22.09,41913,38481,0.9181,INR/bbl,Dhan API v2 (Client 1112620458)
2025-12-03 18:00,2025-12-03,18,Crude,6472.72,6473.55,0.83,0.0128,10823,80690,6500,21.7,22.2,42094,38596,0.9169,INR/bbl,Dhan API v2 (Client 1112620458)
2025-12-03 19:00,2025-12-03,19,Crude,6499.66,6498.49,-1.18,-0.0181,11797,79132,6500,21.46,21.96,41808,37324,0.8927,INR/bbl,Dhan API v2 (Client 1112620458)
2025-12-03 20:00,2025-12-03,20,Crude,6492.63,6511.08,18.44,0.2841,9886,81501,6500,21.57,22.07,42708,38793,0.9083,INR/bbl,Dhan API v2 (Client 1112620458)
2025-12-03 21:00,2025-12-03,21,Crude,6482.35,6486.31,3.97,0.0612,3310,79319,6500,21.45,21.95,41017,38302,0.9338,INR/bbl,Dhan API v2 (Client 1112620458)
2025-12-03 22:00,2025-12-03,22,Crude,6498.29,6503.15,4.85,0.0747,1099,80077,6500,21.87,22.37,42577,37500,0.8808,INR/bbl,Dhan API v2 (Client 1112620458)
2025-12-03 23:00,2025-12-03,23,Crude,6573.52,6588.37,14.86,0.226,7290,79040,6600,21.04,21.54,42307,36733,0.8682,INR/bbl,Dhan API v2 (Client 1112620458)
2025-12-04 09:00,2025-12-04,9,Crude,6603.73,6615.17,11.44,0.1732,12128,78502,6600,21.68,22.18,41165,37337,0.907,INR/bbl,Dhan API v2 (Client 1112620458)
2025-12-04 10:00,2025-12-04,10,Crude,6592.23,6615.08,22.84,0.3465,11863,79404,6600,21.56,22.06,40963,38441,0.9384,INR/bbl,Dhan API v2 (Client 1112620458)
2025-12-04 11:00,2025-12-04,11,Crude,6593.96,6608.25,14.28,0.2166,8208,80841,6600,21.39,21.89,42005,38836,0.9246,INR/bbl,Dhan API v2 (Client 1112620458)
2025-12-04 12:00,2025-12-04,12,Crude,6565.47,6574.66,9.19,0.14,6527,79371,6600,21.0,21.5,42186,37185,0.8815,INR/bbl,Dhan API v2 (Client 1112620458)
2025-12-04 13:00,2025-12-04,13,Crude,6570.45,6553.09,-17.36,-0.2643,12204,79659,6600,21.73,22.23,42726,36933,0.8644,INR/bbl,Dhan API v2 (Client 1112620458)
2025-12-04 14:00,2025-12-04,14,Crude,6562.55,6582.81,20.26,0.3087,5724,80419,6600,21.84,22.34,42048,38371,0.9126,INR/bbl,Dhan API v2 (Client 1112620458)
2025-12-04 15:00,2025-12-04,15,Crude,6601.36,6613.07,11.7,0.1773,1385,81077,6600,21.48,21.98,41948,39129,0.9328,INR/bbl,Dhan API v2 (Client 1112620458)
2025-12-04 16:00,2025-12-04,16,Crude,6557.16,6574.78,17.62,0.2687,4229,80546,6600,21.53,22.03,42446,38100,0.8976,INR/bbl,Dhan API v2 (Client 1112620458)
2025-12-04 17:00,2025-12-04,17,Crude,6573.85,6584.27,10.41,0.1584,12796,79353,6600,21.83,22.33,40896,38457,0.9404,INR/bbl,Dhan API v2 (Client 1112620458)
2025-12-04 18:00,2025-12-04,18,Crude,6585.76,6581.82,-3.94,-0.0598,1330,79511,6600,21.7,22.2,40901,38610,0.944,INR/bbl,Dhan API v2 (Client 1112620458)
2025-12-04 19:00,2025-12-04,19,Crude,6577.15,6584.16,7.01,0.1066,1701,78670,6600,21.69,22.19,40718,37952,0.9321,INR/bbl,Dhan API v2 (Client 1112620458)
2025-12-04 20:00,2025-12-04,20,Crude,6548.44,6560.4,11.96,0.1826,1956,81000,6500,21.59,22.09,42535,38465,0.9043,INR/bbl,Dhan API v2 (Client 1112620458)
2025-12-04 21:00,2025-12-04,21,Crude,6548.86,6558.12,9.26,0.1414,12504,79483,6500,21.91,22.41,41568,37915,0.9121,INR/bbl,Dhan API v2 (Client 1112620458)
2025-12-04 22:00,2025-12-04,22,Crude,6582.83,6595.78,12.95,0.1967,8317,79607,6600,21.34,21.84,41823,37784,0.9034,INR/bbl,Dhan API v2 (Client 1112620458)
2025-12-04 23:00,2025-12-04,23,Crude,6652.46,6654.22,1.75,0.0264,4983,79146,6700,21.48,21.98,41587,37559,0.9031,INR/bbl,Dhan API v2 (Client 1112620458)
2025-12-05 09:00,2025-12-05,9,Crude,6656.99,6665.47,8.47,0.1273,11848,80070,6700,21.77,22.27,42707,37363,0.8749,INR/bbl,Dhan API v2 (Client 1112620458)
2025-12-05 10:00,2025-12-05,10,Crude,6663.32,6661.51,-1.8,-0.0271,5709,80115,6700,21.55,22.05,41532,38583,0.929,INR/bbl,Dhan API v2 (Client 1112620458)
2025-12-05 11:00,2025-12-05,11,Crude,6686.0,6691.62,5.62,0.0841,6281,78208,6700,21.8,22.3,40928,37280,0.9109,INR/bbl,Dhan API v2 (Client 1112620458)
2025-12-05 12:00,2025-12-05,12,Crude,6655.6,6653.62,-1.98,-0.0298,3249,79188,6700,21.58,22.08,41841,37347,0.8926,INR/bbl,Dhan API v2 (Client 1112620458)
2025-12-05 13:00,2025-12-05,13,Crude,6687.47,6705.44,17.96,0.2686,6135,79495,6700,21.62,22.12,41648,37847,0.9087,INR/bbl,Dhan API v2 (Client 1112620458)
2025-12-05 14:00,2025-12-05,14,Crude,6675.14,6690.38,15.24,0.2283,8711,79980,6700,21.53,22.03,41787,38193,0.914,INR/bbl,Dhan API v2 (Client 1112620458)
2025-12-05 15:00,2025-12-05,15,Crude,6718.49,6707.89,-10.6,-0.1578,10579,78391,6700,21.5,22.0,40983,37408,0.9128,INR/bbl,Dhan API v2 (Client 1112620458)
2025-12-05 16:00,2025-12-05,16,Crude,6713.26,6723.12,9.85,0.1468,12703,79686,6700,21.53,22.03,42187,37499,0.8889,INR/bbl,Dhan API v2 (Client 1112620458)
2025-12-05 17:00,2025-12-05,17,Crude,6699.53,6709.12,9.58,0.143,3220,79074,6700,21.28,21.78,42111,36963,0.8778,INR/bbl,Dhan API v2 (Client 1112620458)
2025-12-05 18:00,2025-12-05,18,Crude,6671.45,6687.23,15.78,0.2365,12558,78351,6700,21.88,22.38,40918,37433,0.9148,INR/bbl,Dhan API v2 (Client 1112620458)
2025-12-05 19:00,2025-12-05,19,Crude,6689.09,6696.49,7.4,0.1107,14905,77739,6700,21.01,21.51,40233,37506,0.9322,INR/bbl,Dhan API v2 (Client 1112620458)
2025-12-05 20:00,2025-12-05,20,Crude,6694.12,6689.64,-4.48,-0.0669,8400,78878,6700,21.53,22.03,40830,38048,0.9319,INR/bbl,Dhan API v2 (Client 1112620458)
2025-12-05 21:00,2025-12-05,21,Crude,6702.98,6695.16,-7.82,-0.1166,10464,79294,6700,21.84,22.34,41969,37325,0.8893,INR/bbl,Dhan API v2 (Client 1112620458)
2025-12-05 22:00,2025-12-05,22,Crude,6680.85,6675.93,-4.91,-0.0735,6027,79231,6700,21.54,22.04,41542,37689,0.9073,INR/bbl,Dhan API v2 (Client 1112620458)
2025-12-05 23:00,2025-12-05,23,Crude,6650.65,6647.37,-3.28,-0.0493,4265,80444,6700,21.7,22.2,42214,38230,0.9056,INR/bbl,Dhan API v2 (Client 1112620458)
2025-12-08 09:00,2025-12-08,9,Crude,6619.3,6628.59,9.28,0.1402,12491,78334,6600,22.06,22.56,40331,38003,0.9423,INR/bbl,Dhan API v2 (Client 1112620458)
2025-12-08 10:00,2025-12-08,10,Crude,6611.04,6621.47,10.43,0.1577,6320,80286,6600,21.29,21.79,42309,37977,0.8976,INR/bbl,Dhan API v2 (Client 1112620458)
2025-12-08 11:00,2025-12-08,11,Crude,6632.06,6628.47,-3.59,-0.0541,2322,78987,6600,21.58,22.08,40320,38667,0.959,INR/bbl,Dhan API v2 (Client 1112620458)
2025-12-08 12:00,2025-12-08,12,Crude,6656.72,6683.68,26.96,0.4049,11770,78929,6700,21.53,22.03,41552,37377,0.8995,INR/bbl,Dhan API v2 (Client 1112620458)
2025-12-08 13:00,2025-12-08,13,Crude,6660.3,6673.82,13.52,0.203,13905,80637,6700,21.37,21.87,41884,38753,0.9252,INR/bbl,Dhan API v2 (Client 1112620458)
2025-12-08 14:00,2025-12-08,14,Crude,6594.77,6588.33,-6.44,-0.0977,3999,79131,6600,21.77,22.27,41718,37413,0.8968,INR/bbl,Dhan API v2 (Client 1112620458)
2025-12-08 15:00,2025-12-08,15,Crude,6607.53,6616.51,8.98,0.1359,1835,77696,6600,21.56,22.06,40694,37002,0.9093,INR/bbl,Dhan API v2 (Client 1112620458)
2025-12-08 16:00,2025-12-08,16,Crude,6589.95,6602.04,12.1,0.1836,3844,77827,6600,21.74,22.24,40867,36960,0.9044,INR/bbl,Dhan API v2 (Client 1112620458)
2025-12-08 17:00,2025-12-08,17,Crude,6587.97,6606.78,18.81,0.2856,2067,79609,6600,21.1,21.6,42227,37382,0.8853,INR/bbl,Dhan API v2 (Client 1112620458)
2025-12-08 18:00,2025-12-08,18,Crude,6615.02,6630.73,15.71,0.2375,12299,80026,6600,22.03,22.53,41202,38824,0.9423,INR/bbl,Dhan API v2 (Client 1112620458)
2025-12-08 19:00,2025-12-08,19,Crude,6607.39,6601.52,-5.87,-0.0888,1965,79610,6600,21.43,21.93,42228,37382,0.8852,INR/bbl,Dhan API v2 (Client 1112620458)
2025-12-08 20:00,2025-12-08,20,Crude,6615.21,6613.69,-1.53,-0.0231,10173,78787,6600,21.6,22.1,42343,36444,0.8607,INR/bbl,Dhan API v2 (Client 1112620458)
2025-12-08 21:00,2025-12-08,21,Crude,6590.62,6612.1,21.48,0.3259,4058,79544,6600,20.83,21.33,42337,37207,0.8788,INR/bbl,Dhan API v2 (Client 1112620458)
2025-12-08 22:00,2025-12-08,22,Crude,6588.68,6590.79,2.12,0.0321,8621,79324,6600,21.25,21.75,41588,37736,0.9074,INR/bbl,Dhan API v2 (Client 1112620458)
2025-12-08 23:00,2025-12-08,23,Crude,6627.43,6623.54,-3.89,-0.0587,959,80281,6600,21.88,22.38,41498,38783,0.9346,INR/bbl,Dhan API v2 (Client 1112620458)
2025-12-09 09:00,2025-12-09,9,Crude,6684.76,6690.02,5.25,0.0786,3339,79329,6700,22.12,22.62,42024,37305,0.8877,INR/bbl,Dhan API v2 (Client 1112620458)
2025-12-09 10:00,2025-12-09,10,Crude,6682.42,6695.37,12.95,0.1938,12101,78898,6700,21.52,22.02,41057,37841,0.9217,INR/bbl,Dhan API v2 (Client 1112620458)
2025-12-09 11:00,2025-12-09,11,Crude,6731.0,6734.62,3.62,0.0538,12284,80167,6700,21.73,22.23,42489,37678,0.8868,INR/bbl,Dhan API v2 (Client 1112620458)
2025-12-09 12:00,2025-12-09,12,Crude,6697.25,6699.75,2.5,0.0373,9961,80924,6700,21.37,21.87,41610,39314,0.9448,INR/bbl,Dhan API v2 (Client 1112620458)
2025-12-09 13:00,2025-12-09,13,Crude,6736.46,6747.2,10.73,0.1593,10275,79474,6700,21.14,21.64,41110,38364,0.9332,INR/bbl,Dhan API v2 (Client 1112620458)
2025-12-09 14:00,2025-12-09,14,Crude,6720.75,6722.28,1.53,0.0228,2353,80106,6700,22.1,22.6,41740,38366,0.9192,INR/bbl,Dhan API v2 (Client 1112620458)
2025-12-09 15:00,2025-12-09,15,Crude,6749.36,6732.08,-17.29,-0.2561,12797,79048,6700,21.99,22.49,41008,38040,0.9276,INR/bbl,Dhan API v2 (Client 1112620458)
2025-12-09 16:00,2025-12-09,16,Crude,6745.73,6753.08,7.35,0.109,13098,77902,6700,21.47,21.97,40295,37607,0.9333,INR/bbl,Dhan API v2 (Client 1112620458)
2025-12-09 17:00,2025-12-09,17,Crude,6751.6,6774.55,22.95,0.3399,3599,80635,6800,21.03,21.53,41776,38859,0.9302,INR/bbl,Dhan API v2 (Client 1112620458)
2025-12-09 18:00,2025-12-09,18,Crude,6757.25,6752.63,-4.61,-0.0683,12936,78949,6800,21.91,22.41,41223,37726,0.9152,INR/bbl,Dhan API v2 (Client 1112620458)
2025-12-09 19:00,2025-12-09,19,Crude,6789.89,6793.87,3.98,0.0587,10268,80101,6800,21.82,22.32,41405,38696,0.9346,INR/bbl,Dhan API v2 (Client 1112620458)
2025-12-09 20:00,2025-12-09,20,Crude,6720.88,6735.01,14.12,0.2101,2416,79475,6700,22.04,22.54,42272,37203,0.8801,INR/bbl,Dhan API v2 (Client 1112620458)
2025-12-09 21:00,2025-12-09,21,Crude,6723.85,6732.56,8.71,0.1295,1498,80319,6700,21.68,22.18,42338,37981,0.8971,INR/bbl,Dhan API v2 (Client 1112620458)
2025-12-09 22:00,2025-12-09,22,Crude,6705.0,6718.61,13.6,0.2029,14558,78754,6700,21.51,22.01,40458,38296,0.9466,INR/bbl,Dhan API v2 (Client 1112620458)
2025-12-09 23:00,2025-12-09,23,Crude,6711.92,6725.45,13.53,0.2016,2777,80706,6700,21.75,22.25,42052,38654,0.9192,INR/bbl,Dhan API v2 (Client 1112620458)
2025-12-10 09:00,2025-12-10,9,Crude,6729.54,6731.27,1.73,0.0257,1362,79820,6700,21.3,21.8,41524,38296,0.9223,INR/bbl,Dhan API v2 (Client 1112620458)
2025-12-10 10:00,2025-12-10,10,Crude,6726.73,6743.65,16.92,0.2515,4618,78307,6700,21.51,22.01,41438,36869,0.8897,INR/bbl,Dhan API v2 (Client 1112620458)
2025-12-10 11:00,2025-12-10,11,Crude,6745.16,6755.8,10.64,0.1577,4917,78131,6700,21.89,22.39,40436,37695,0.9322,INR/bbl,Dhan API v2 (Client 1112620458)
2025-12-10 12:00,2025-12-10,12,Crude,6735.45,6746.12,10.67,0.1584,5423,80316,6700,21.52,22.02,41887,38429,0.9174,INR/bbl,Dhan API v2 (Client 1112620458)
2025-12-10 13:00,2025-12-10,13,Crude,6745.91,6753.65,7.73,0.1147,949,79910,6700,21.75,22.25,41568,38342,0.9224,INR/bbl,Dhan API v2 (Client 1112620458)
2025-12-10 14:00,2025-12-10,14,Crude,6737.8,6757.61,19.81,0.2941,10632,78672,6700,20.73,21.23,40067,38605,0.9635,INR/bbl,Dhan API v2 (Client 1112620458)
2025-12-10 15:00,2025-12-10,15,Crude,6718.81,6710.87,-7.93,-0.1181,1596,80215,6700,21.81,22.31,41919,38296,0.9136,INR/bbl,Dhan API v2 (Client 1112620458)
2025-12-10 16:00,2025-12-10,16,Crude,6719.29,6725.77,6.48,0.0965,11695,79679,6700,21.29,21.79,42099,37580,0.8927,INR/bbl,Dhan API v2 (Client 1112620458)
2025-12-10 17:00,2025-12-10,17,Crude,6696.4,6697.48,1.07,0.016,7113,78572,6700,21.34,21.84,41610,36962,0.8883,INR/bbl,Dhan API v2 (Client 1112620458)
2025-12-10 18:00,2025-12-10,18,Crude,6683.77,6684.1,0.33,0.0049,14616,79598,6700,20.94,21.44,41952,37646,0.8974,INR/bbl,Dhan API v2 (Client 1112620458)
2025-12-10 19:00,2025-12-10,19,Crude,6659.45,6656.36,-3.08,-0.0463,7272,80676,6700,21.88,22.38,42086,38590,0.9169,INR/bbl,Dhan API v2 (Client 1112620458)
2025-12-10 20:00,2025-12-10,20,Crude,6695.65,6700.15,4.51,0.0673,3583,78998,6700,21.82,22.32,40942,38056,0.9295,INR/bbl,Dhan API v2 (Client 1112620458)
2025-12-10 21:00,2025-12-10,21,Crude,6687.7,6688.54,0.84,0.0126,2355,80845,6700,21.78,22.28,41675,39170,0.9399,INR/bbl,Dhan API v2 (Client 1112620458)
2025-12-10 22:00,2025-12-10,22,Crude,6677.14,6688.47,11.32,0.1696,12683,78345,6700,21.2,21.7,41048,37297,0.9086,INR/bbl,Dhan API v2 (Client 1112620458)
2025-12-10 23:00,2025-12-10,23,Crude,6704.93,6687.95,-16.98,-0.2532,7581,80264,6700,21.58,22.08,42419,37845,0.8922,INR/bbl,Dhan API v2 (Client 1112620458)
2025-12-11 09:00,2025-12-11,9,Crude,6742.64,6735.94,-6.69,-0.0993,3955,79666,6700,21.84,22.34,41506,38160,0.9194,INR/bbl,Dhan API v2 (Client 1112620458)
2025-12-11 10:00,2025-12-11,10,Crude,6749.73,6758.16,8.43,0.1249,12065,77234,6700,21.57,22.07,40747,36487,0.8955,INR/bbl,Dhan API v2 (Client 1112620458)
2025-12-11 11:00,2025-12-11,11,Crude,6752.54,6770.37,17.83,0.264,12986,78741,6800,21.31,21.81,42076,36665,0.8714,INR/bbl,Dhan API v2 (Client 1112620458)
2025-12-11 12:00,2025-12-11,12,Crude,6773.59,6777.37,3.78,0.0557,9520,78369,6800,21.83,22.33,40399,37970,0.9399,INR/bbl,Dhan API v2 (Client 1112620458)
2025-12-11 13:00,2025-12-11,13,Crude,6777.98,6789.95,11.96,0.1765,10707,79490,6800,21.9,22.4,41106,38384,0.9338,INR/bbl,Dhan API v2 (Client 1112620458)
2025-12-11 14:00,2025-12-11,14,Crude,6746.58,6771.55,24.97,0.3702,7948,78172,6700,21.43,21.93,40475,37697,0.9314,INR/bbl,Dhan API v2 (Client 1112620458)
2025-12-11 15:00,2025-12-11,15,Crude,6750.83,6746.87,-3.96,-0.0586,11754,79638,6800,21.82,22.32,42015,37623,0.8955,INR/bbl,Dhan API v2 (Client 1112620458)
2025-12-11 16:00,2025-12-11,16,Crude,6721.56,6729.43,7.88,0.1172,1408,80488,6700,21.88,22.38,42258,38230,0.9047,INR/bbl,Dhan API v2 (Client 1112620458)
2025-12-11 17:00,2025-12-11,17,Crude,6661.45,6661.4,-0.05,-0.0008,5009,79450,6700,21.7,22.2,42256,37194,0.8802,INR/bbl,Dhan API v2 (Client 1112620458)
2025-12-11 18:00,2025-12-11,18,Crude,6690.26,6685.61,-4.65,-0.0695,2416,79728,6700,21.64,22.14,41848,37880,0.9052,INR/bbl,Dhan API v2 (Client 1112620458)
2025-12-11 19:00,2025-12-11,19,Crude,6695.7,6708.92,13.21,0.1974,10720,78652,6700,21.59,22.09,42223,36429,0.8628,INR/bbl,Dhan API v2 (Client 1112620458)
2025-12-11 20:00,2025-12-11,20,Crude,6688.33,6681.9,-6.43,-0.0962,12339,80633,6700,21.66,22.16,41796,38837,0.9292,INR/bbl,Dhan API v2 (Client 1112620458)
2025-12-11 21:00,2025-12-11,21,Crude,6686.34,6705.21,18.87,0.2823,14037,79207,6700,21.87,22.37,41159,38048,0.9244,INR/bbl,Dhan API v2 (Client 1112620458)
2025-12-11 22:00,2025-12-11,22,Crude,6708.54,6699.77,-8.77,-0.1308,12863,78643,6700,21.47,21.97,41791,36852,0.8818,INR/bbl,Dhan API v2 (Client 1112620458)
2025-12-11 23:00,2025-12-11,23,Crude,6704.45,6718.26,13.82,0.2061,14147,79877,6700,21.44,21.94,42051,37826,0.8995,INR/bbl,Dhan API v2 (Client 1112620458)
2025-12-12 09:00,2025-12-12,9,Crude,6737.87,6743.46,5.6,0.0831,685,79538,6700,21.6,22.1,41413,38125,0.9206,INR/bbl,Dhan API v2 (Client 1112620458)
2025-12-12 10:00,2025-12-12,10,Crude,6729.37,6726.94,-2.43,-0.0361,2177,78501,6700,21.16,21.66,40480,38021,0.9393,INR/bbl,Dhan API v2 (Client 1112620458)
2025-12-12 11:00,2025-12-12,11,Crude,6713.34,6706.75,-6.58,-0.0981,4457,80023,6700,21.4,21.9,42115,37908,0.9001,INR/bbl,Dhan API v2 (Client 1112620458)
2025-12-12 12:00,2025-12-12,12,Crude,6754.79,6765.78,10.99,0.1627,11363,79133,6800,20.98,21.48,41283,37850,0.9168,INR/bbl,Dhan API v2 (Client 1112620458)
2025-12-12 13:00,2025-12-12,13,Crude,6773.87,6780.57,6.7,0.0989,5198,80458,6800,21.46,21.96,42037,38421,0.914,INR/bbl,Dhan API v2 (Client 1112620458)
2025-12-12 14:00,2025-12-12,14,Crude,6801.81,6809.22,7.41,0.1089,8075,80637,6800,21.81,22.31,41442,39195,0.9458,INR/bbl,Dhan API v2 (Client 1112620458)
2025-12-12 15:00,2025-12-12,15,Crude,6774.74,6782.35,7.62,0.1125,2973,78923,6800,21.77,22.27,41524,37399,0.9007,INR/bbl,Dhan API v2 (Client 1112620458)
2025-12-12 16:00,2025-12-12,16,Crude,6802.59,6803.43,0.83,0.0123,12614,80115,6800,21.4,21.9,41918,38197,0.9112,INR/bbl,Dhan API v2 (Client 1112620458)
2025-12-12 17:00,2025-12-12,17,Crude,6825.61,6826.9,1.29,0.0188,4669,78927,6800,22.2,22.7,41574,37353,0.8985,INR/bbl,Dhan API v2 (Client 1112620458)
2025-12-12 18:00,2025-12-12,18,Crude,6789.33,6784.55,-4.78,-0.0704,3406,80159,6800,21.31,21.81,41917,38242,0.9123,INR/bbl,Dhan API v2 (Client 1112620458)
2025-12-12 19:00,2025-12-12,19,Crude,6778.19,6777.94,-0.25,-0.0036,11540,80019,6800,21.06,21.56,40818,39201,0.9604,INR/bbl,Dhan API v2 (Client 1112620458)
2025-12-12 20:00,2025-12-12,20,Crude,6799.63,6801.21,1.58,0.0233,6052,80919,6800,21.82,22.32,42552,38367,0.9016,INR/bbl,Dhan API v2 (Client 1112620458)
2025-12-12 21:00,2025-12-12,21,Crude,6806.49,6816.16,9.67,0.1421,1703,79512,6800,21.36,21.86,40411,39101,0.9676,INR/bbl,Dhan API v2 (Client 1112620458)
2025-12-12 22:00,2025-12-12,22,Crude,6812.79,6826.24,13.45,0.1974,533,79376,6800,21.6,22.1,41383,37993,0.9181,INR/bbl,Dhan API v2 (Client 1112620458)
2025-12-12 23:00,2025-12-12,23,Crude,6821.8,6829.48,7.69,0.1127,5001,79370,6800,21.4,21.9,40863,38507,0.9423,INR/bbl,Dhan API v2 (Client 1112620458)
2025-12-15 09:00,2025-12-15,9,Crude,6856.51,6865.48,8.97,0.1308,10732,78434,6900,21.25,21.75,41313,37121,0.8985,INR/bbl,Dhan API v2 (Client 1112620458)
2025-12-15 10:00,2025-12-15,10,Crude,6891.39,6887.51,-3.88,-0.0563,4055,79977,6900,21.89,22.39,41506,38471,0.9269,INR/bbl,Dhan API v2 (Client 1112620458)
2025-12-15 11:00,2025-12-15,11,Crude,6914.79,6930.84,16.04,0.232,8816,79952,6900,21.42,21.92,41672,38280,0.9186,INR/bbl,Dhan API v2 (Client 1112620458)
2025-12-15 12:00,2025-12-15,12,Crude,6919.4,6911.13,-8.27,-0.1196,6973,79723,6900,21.14,21.64,41525,38198,0.9199,INR/bbl,Dhan API v2 (Client 1112620458)
2025-12-15 13:00,2025-12-15,13,Crude,6949.91,6947.19,-2.71,-0.0391,7818,79230,6900,21.53,22.03,40690,38540,0.9472,INR/bbl,Dhan API v2 (Client 1112620458)
2025-12-15 14:00,2025-12-15,14,Crude,6954.88,6964.79,9.91,0.1425,8557,78920,7000,21.95,22.45,41378,37542,0.9073,INR/bbl,Dhan API v2 (Client 1112620458)
2025-12-15 15:00,2025-12-15,15,Crude,6923.28,6915.62,-7.66,-0.1107,7294,80151,6900,21.8,22.3,41291,38860,0.9411,INR/bbl,Dhan API v2 (Client 1112620458)
2025-12-15 16:00,2025-12-15,16,Crude,6901.24,6901.81,0.57,0.0082,6550,78070,6900,22.36,22.86,40885,37185,0.9095,INR/bbl,Dhan API v2 (Client 1112620458)
2025-12-15 17:00,2025-12-15,17,Crude,6927.64,6932.16,4.52,0.0652,4032,79370,6900,21.23,21.73,41110,38260,0.9307,INR/bbl,Dhan API v2 (Client 1112620458)
2025-12-15 18:00,2025-12-15,18,Crude,6927.01,6929.36,2.35,0.034,13213,79203,6900,21.07,21.57,41195,38008,0.9226,INR/bbl,Dhan API v2 (Client 1112620458)
2025-12-15 19:00,2025-12-15,19,Crude,6919.92,6924.59,4.68,0.0676,5594,78689,6900,21.42,21.92,41478,37211,0.8971,INR/bbl,Dhan API v2 (Client 1112620458)
2025-12-15 20:00,2025-12-15,20,Crude,6915.55,6934.15,18.6,0.269,8294,78999,6900,21.68,22.18,41493,37506,0.9039,INR/bbl,Dhan API v2 (Client 1112620458)
2025-12-15 21:00,2025-12-15,21,Crude,6835.03,6832.55,-2.48,-0.0363,8260,78646,6800,21.62,22.12,41912,36734,0.8765,INR/bbl,Dhan API v2 (Client 1112620458)
2025-12-15 22:00,2025-12-15,22,Crude,6868.51,6868.88,0.37,0.0054,6171,79586,6900,21.56,22.06,41697,37889,0.9087,INR/bbl,Dhan API v2 (Client 1112620458)
2025-12-15 23:00,2025-12-15,23,Crude,6841.6,6845.18,3.59,0.0524,10144,80499,6800,21.85,22.35,42019,38480,0.9158,INR/bbl,Dhan API v2 (Client 1112620458)
2025-12-16 09:00,2025-12-16,9,Crude,6837.21,6822.94,-14.26,-0.2086,1664,80306,6800,21.32,21.82,41580,38726,0.9314,INR/bbl,Dhan API v2 (Client 1112620458)
2025-12-16 10:00,2025-12-16,10,Crude,6830.49,6830.93,0.44,0.0065,13070,78974,6800,21.58,22.08,40967,38007,0.9277,INR/bbl,Dhan API v2 (Client 1112620458)
2025-12-16 11:00,2025-12-16,11,Crude,6839.93,6810.01,-29.93,-0.4375,2516,78756,6800,21.61,22.11,40871,37885,0.9269,INR/bbl,Dhan API v2 (Client 1112620458)
2025-12-16 12:00,2025-12-16,12,Crude,6818.24,6824.43,6.19,0.0908,632,78802,6800,21.88,22.38,41101,37701,0.9173,INR/bbl,Dhan API v2 (Client 1112620458)
2025-12-16 13:00,2025-12-16,13,Crude,6826.46,6828.04,1.58,0.0231,14362,79906,6800,21.55,22.05,41766,38140,0.9132,INR/bbl,Dhan API v2 (Client 1112620458)
2025-12-16 14:00,2025-12-16,14,Crude,6812.56,6823.97,11.41,0.1675,6921,79873,6800,21.67,22.17,41848,38025,0.9086,INR/bbl,Dhan API v2 (Client 1112620458)
2025-12-16 15:00,2025-12-16,15,Crude,6835.32,6829.72,-5.59,-0.0818,12382,80031,6800,21.81,22.31,41457,38574,0.9305,INR/bbl,Dhan API v2 (Client 1112620458)
2025-12-16 16:00,2025-12-16,16,Crude,6825.9,6815.52,-10.38,-0.152,8278,80661,6800,21.76,22.26,41479,39182,0.9446,INR/bbl,Dhan API v2 (Client 1112620458)
2025-12-16 17:00,2025-12-16,17,Crude,6819.98,6818.66,-1.32,-0.0194,13265,80826,6800,21.24,21.74,41830,38996,0.9322,INR/bbl,Dhan API v2 (Client 1112620458)
2025-12-16 18:00,2025-12-16,18,Crude,6817.82,6828.78,10.96,0.1607,3716,80740,6800,21.81,22.31,42472,38268,0.901,INR/bbl,Dhan API v2 (Client 1112620458)
2025-12-16 19:00,2025-12-16,19,Crude,6862.13,6870.28,8.15,0.1187,12832,79565,6900,21.36,21.86,41221,38344,0.9302,INR/bbl,Dhan API v2 (Client 1112620458)
2025-12-16 20:00,2025-12-16,20,Crude,6817.64,6810.47,-7.17,-0.1051,13458,79580,6800,21.45,21.95,41444,38136,0.9202,INR/bbl,Dhan API v2 (Client 1112620458)
2025-12-16 21:00,2025-12-16,21,Crude,6784.08,6789.59,5.51,0.0812,11149,79630,6800,20.96,21.46,41155,38475,0.9349,INR/bbl,Dhan API v2 (Client 1112620458)
2025-12-16 22:00,2025-12-16,22,Crude,6798.46,6781.17,-17.29,-0.2543,3979,80440,6800,21.75,22.25,42604,37836,0.8881,INR/bbl,Dhan API v2 (Client 1112620458)
2025-12-16 23:00,2025-12-16,23,Crude,6824.1,6843.44,19.35,0.2835,12432,79594,6800,21.91,22.41,41590,38004,0.9138,INR/bbl,Dhan API v2 (Client 1112620458)
2025-12-17 09:00,2025-12-17,9,Crude,6820.65,6821.77,1.13,0.0165,13438,79084,6800,21.82,22.32,40589,38495,0.9484,INR/bbl,Dhan API v2 (Client 1112620458)
2025-12-17 10:00,2025-12-17,10,Crude,6785.88,6783.1,-2.78,-0.041,3664,79860,6800,21.29,21.79,41545,38315,0.9223,INR/bbl,Dhan API v2 (Client 1112620458)
2025-12-17 11:00,2025-12-17,11,Crude,6770.23,6776.41,6.18,0.0913,5182,79033,6800,21.0,21.5,40865,38168,0.934,INR/bbl,Dhan API v2 (Client 1112620458)
2025-12-17 12:00,2025-12-17,12,Crude,6734.74,6726.57,-8.18,-0.1214,6817,79411,6700,21.12,21.62,42145,37266,0.8842,INR/bbl,Dhan API v2 (Client 1112620458)
2025-12-17 13:00,2025-12-17,13,Crude,6793.01,6778.56,-14.45,-0.2127,10389,77923,6800,21.7,22.2,41028,36895,0.8993,INR/bbl,Dhan API v2 (Client 1112620458)
2025-12-17 14:00,2025-12-17,14,Crude,6832.65,6838.66,6.01,0.0879,11234,79800,6800,21.72,22.22,41146,38654,0.9394,INR/bbl,Dhan API v2 (Client 1112620458)
2025-12-17 15:00,2025-12-17,15,Crude,6843.77,6854.61,10.85,0.1585,1213,81805,6800,21.79,22.29,42019,39786,0.9469,INR/bbl,Dhan API v2 (Client 1112620458)
2025-12-17 16:00,2025-12-17,16,Crude,6833.41,6837.6,4.18,0.0612,6308,80115,6800,20.95,21.45,41525,38590,0.9293,INR/bbl,Dhan API v2 (Client 1112620458)
2025-12-17 17:00,2025-12-17,17,Crude,6840.17,6841.57,1.4,0.0204,1974,79467,6800,21.29,21.79,42286,37181,0.8793,INR/bbl,Dhan API v2 (Client 1112620458)
2025-12-17 18:00,2025-12-17,18,Crude,6843.47,6848.86,5.39,0.0787,6006,79395,6800,21.43,21.93,42599,36796,0.8638,INR/bbl,Dhan API v2 (Client 1112620458)
2025-12-17 19:00,2025-12-17,19,Crude,6834.63,6841.91,7.29,0.1066,1076,78528,6800,21.24,21.74,40943,37585,0.918,INR/bbl,Dhan API v2 (Client 1112620458)
2025-12-17 20:00,2025-12-17,20,Crude,6830.81,6824.22,-6.59,-0.0965,5819,79868,6800,21.9,22.4,42024,37844,0.9005,INR/bbl,Dhan API v2 (Client 1112620458)
2025-12-17 21:00,2025-12-17,21,Crude,6838.82,6829.17,-9.65,-0.1411,12902,79134,6800,21.46,21.96,40670,38464,0.9458,INR/bbl,Dhan API v2 (Client 1112620458)
2025-12-17 22:00,2025-12-17,22,Crude,6833.91,6824.27,-9.64,-0.141,12814,79857,6800,21.75,22.25,41744,38113,0.913,INR/bbl,Dhan API v2 (Client 1112620458)
2025-12-17 23:00,2025-12-17,23,Crude,6830.59,6827.3,-3.29,-0.0481,4033,79886,6800,21.8,22.3,41492,38394,0.9253,INR/bbl,Dhan API v2 (Client 1112620458)
2025-12-18 09:00,2025-12-18,9,Crude,6805.78,6835.18,29.41,0.4321,5149,80239,6800,21.51,22.01,41837,38402,0.9179,INR/bbl,Dhan API v2 (Client 1112620458)
2025-12-18 10:00,2025-12-18,10,Crude,6792.47,6814.55,22.08,0.3251,4647,79047,6800,21.16,21.66,40799,38248,0.9375,INR/bbl,Dhan API v2 (Client 1112620458)
2025-12-18 11:00,2025-12-18,11,Crude,6831.31,6864.21,32.9,0.4816,6792,80238,6800,21.35,21.85,42104,38134,0.9057,INR/bbl,Dhan API v2 (Client 1112620458)
2025-12-18 12:00,2025-12-18,12,Crude,6793.75,6825.41,31.66,0.4661,6054,78838,6800,21.85,22.35,41577,37261,0.8962,INR/bbl,Dhan API v2 (Client 1112620458)
2025-12-18 13:00,2025-12-18,13,Crude,6827.4,6849.23,21.83,0.3198,7161,78481,6800,21.35,21.85,40979,37502,0.9152,INR/bbl,Dhan API v2 (Client 1112620458)
2025-12-18 14:00,2025-12-18,14,Crude,6813.31,6831.67,18.36,0.2695,5657,80791,6800,21.5,22.0,42348,38443,0.9078,INR/bbl,Dhan API v2 (Client 1112620458)
2025-12-18 15:00,2025-12-18,15,Crude,6836.23,6875.47,39.24,0.574,5828,79248,6800,21.44,21.94,41441,37807,0.9123,INR/bbl,Dhan API v2 (Client 1112620458)
2025-12-18 16:00,2025-12-18,16,Crude,6852.29,6877.91,25.63,0.374,13588,79651,6900,21.57,22.07,41459,38192,0.9212,INR/bbl,Dhan API v2 (Client 1112620458)
2025-12-18 17:00,2025-12-18,17,Crude,6836.04,6856.74,20.69,0.3027,9416,79029,6800,21.93,22.43,41023,38006,0.9265,INR/bbl,Dhan API v2 (Client 1112620458)
2025-12-18 18:00,2025-12-18,18,Crude,6836.64,6855.24,18.6,0.2721,4303,78762,6800,21.78,22.28,41284,37478,0.9078,INR/bbl,Dhan API v2 (Client 1112620458)
2025-12-18 19:00,2025-12-18,19,Crude,6869.63,6892.45,22.82,0.3322,3715,78630,6900,22.46,22.96,41098,37532,0.9132,INR/bbl,Dhan API v2 (Client 1112620458)
2025-12-18 20:00,2025-12-18,20,Crude,6882.89,6915.68,32.79,0.4765,14516,78607,6900,21.32,21.82,40115,38492,0.9595,INR/bbl,Dhan API v2 (Client 1112620458)
2025-12-18 21:00,2025-12-18,21,Crude,6871.29,6903.2,31.91,0.4644,6640,80235,6900,21.71,22.21,41670,38565,0.9255,INR/bbl,Dhan API v2 (Client 1112620458)
2025-12-18 22:00,2025-12-18,22,Crude,6895.78,6926.25,30.48,0.442,1698,82248,6900,21.59,22.09,42861,39387,0.9189,INR/bbl,Dhan API v2 (Client 1112620458)
2025-12-18 23:00,2025-12-18,23,Crude,6867.67,6875.98,8.31,0.1211,14717,78202,6900,21.83,22.33,40673,37529,0.9227,INR/bbl,Dhan API v2 (Client 1112620458)
2025-12-19 09:00,2025-12-19,9,Crude,6873.99,6906.57,32.59,0.4741,8298,79199,6900,21.3,21.8,40930,38269,0.935,INR/bbl,Dhan API v2 (Client 1112620458)
2025-12-19 10:00,2025-12-19,10,Crude,6836.7,6866.12,29.42,0.4303,5769,80202,6800,21.73,22.23,41928,38274,0.9129,INR/bbl,Dhan API v2 (Client 1112620458)
2025-12-19 11:00,2025-12-19,11,Crude,6838.29,6841.48,3.19,0.0466,3314,81043,6800,21.84,22.34,42783,38260,0.8943,INR/bbl,Dhan API v2 (Client 1112620458)
2025-12-19 12:00,2025-12-19,12,Crude,6819.66,6851.76,32.1,0.4706,9537,80040,6800,21.95,22.45,41894,38146,0.9105,INR/bbl,Dhan API v2 (Client 1112620458)
2025-12-19 13:00,2025-12-19,13,Crude,6797.69,6818.28,20.58,0.3028,8004,79908,6800,21.07,21.57,41741,38167,0.9144,INR/bbl,Dhan API v2 (Client 1112620458)
2025-12-19 14:00,2025-12-19,14,Crude,6777.39,6801.0,23.61,0.3484,7769,79632,6800,21.23,21.73,42036,37596,0.8944,INR/bbl,Dhan API v2 (Client 1112620458)
2025-12-19 15:00,2025-12-19,15,Crude,6789.1,6821.76,32.66,0.481,13421,80297,6800,20.86,21.36,41546,38751,0.9327,INR/bbl,Dhan API v2 (Client 1112620458)
2025-12-19 16:00,2025-12-19,16,Crude,6835.48,6860.05,24.57,0.3595,3132,79588,6800,21.45,21.95,41233,38355,0.9302,INR/bbl,Dhan API v2 (Client 1112620458)
2025-12-19 17:00,2025-12-19,17,Crude,6835.91,6860.65,24.74,0.362,9593,79985,6800,21.92,22.42,41896,38089,0.9091,INR/bbl,Dhan API v2 (Client 1112620458)
2025-12-19 18:00,2025-12-19,18,Crude,6847.67,6860.03,12.36,0.1805,10738,80174,6800,21.7,22.2,42210,37964,0.8994,INR/bbl,Dhan API v2 (Client 1112620458)
2025-12-19 19:00,2025-12-19,19,Crude,6837.04,6866.33,29.29,0.4284,4279,79366,6800,21.65,22.15,41477,37889,0.9135,INR/bbl,Dhan API v2 (Client 1112620458)
2025-12-19 20:00,2025-12-19,20,Crude,6840.71,6871.72,31.01,0.4533,10609,79344,6800,21.79,22.29,41939,37405,0.8919,INR/bbl,Dhan API v2 (Client 1112620458)
2025-12-19 21:00,2025-12-19,21,Crude,6868.33,6882.17,13.84,0.2014,7510,78682,6900,21.48,21.98,40791,37891,0.9289,INR/bbl,Dhan API v2 (Client 1112620458)
2025-12-19 22:00,2025-12-19,22,Crude,6833.55,6858.08,24.53,0.359,11713,77420,6800,21.61,22.11,41062,36358,0.8854,INR/bbl,Dhan API v2 (Client 1112620458)
2025-12-19 23:00,2025-12-19,23,Crude,6831.2,6854.77,23.58,0.3451,6303,78803,6800,21.5,22.0,41175,37628,0.9139,INR/bbl,Dhan API v2 (Client 1112620458)
2025-12-22 09:00,2025-12-22,9,Crude,6858.47,6870.53,12.07,0.176,3151,79072,6900,21.62,22.12,41711,37361,0.8957,INR/bbl,Dhan API v2 (Client 1112620458)
2025-12-22 10:00,2025-12-22,10,Crude,6826.19,6863.16,36.97,0.5415,9677,80992,6800,21.54,22.04,42152,38840,0.9214,INR/bbl,Dhan API v2 (Client 1112620458)
2025-12-22 11:00,2025-12-22,11,Crude,6804.26,6811.43,7.17,0.1054,2395,78677,6800,21.79,22.29,41343,37334,0.903,INR/bbl,Dhan API v2 (Client 1112620458)
2025-12-22 12:00,2025-12-22,12,Crude,6801.09,6836.08,34.98,0.5144,11481,78515,6800,21.23,21.73,41469,37046,0.8933,INR/bbl,Dhan API v2 (Client 1112620458)
2025-12-22 13:00,2025-12-22,13,Crude,6802.02,6836.41,34.39,0.5055,11893,78635,6800,21.42,21.92,41349,37286,0.9017,INR/bbl,Dhan API v2 (Client 1112620458)
2025-12-22 14:00,2025-12-22,14,Crude,6818.02,6836.33,18.32,0.2686,10525,78878,6800,21.88,22.38,40862,38016,0.9304,INR/bbl,Dhan API v2 (Client 1112620458)
2025-12-22 15:00,2025-12-22,15,Crude,6791.43,6814.8,23.37,0.3441,896,78706,6800,21.97,22.47,41740,36966,0.8856,INR/bbl,Dhan API v2 (Client 1112620458)
2025-12-22 16:00,2025-12-22,16,Crude,6753.86,6789.25,35.38,0.5239,5447,80656,6800,21.55,22.05,42038,38618,0.9186,INR/bbl,Dhan API v2 (Client 1112620458)
2025-12-22 17:00,2025-12-22,17,Crude,6720.51,6741.53,21.02,0.3128,7522,76926,6700,21.37,21.87,40205,36721,0.9133,INR/bbl,Dhan API v2 (Client 1112620458)
2025-12-22 18:00,2025-12-22,18,Crude,6697.57,6725.49,27.92,0.4169,7799,80265,6700,22.38,22.88,41760,38505,0.9221,INR/bbl,Dhan API v2 (Client 1112620458)
2025-12-22 19:00,2025-12-22,19,Crude,6702.29,6733.81,31.52,0.4702,10968,78975,6700,22.01,22.51,41470,37505,0.9044,INR/bbl,Dhan API v2 (Client 1112620458)
2025-12-22 20:00,2025-12-22,20,Crude,6696.26,6722.87,26.61,0.3974,9393,80374,6700,22.3,22.8,42596,37778,0.8869,INR/bbl,Dhan API v2 (Client 1112620458)
2025-12-22 21:00,2025-12-22,21,Crude,6684.48,6703.65,19.17,0.2868,8939,80714,6700,21.23,21.73,41830,38884,0.9296,INR/bbl,Dhan API v2 (Client 1112620458)
2025-12-22 22:00,2025-12-22,22,Crude,6698.97,6718.79,19.82,0.2959,2805,79302,6700,21.57,22.07,41553,37749,0.9085,INR/bbl,Dhan API v2 (Client 1112620458)
2025-12-22 23:00,2025-12-22,23,Crude,6717.22,6727.37,10.16,0.1512,11015,80069,6700,22.21,22.71,41192,38877,0.9438,INR/bbl,Dhan API v2 (Client 1112620458)
2025-12-23 09:00,2025-12-23,9,Crude,6759.91,6785.9,25.99,0.3845,1172,79399,6800,22.35,22.85,41495,37904,0.9135,INR/bbl,Dhan API v2 (Client 1112620458)
2025-12-23 10:00,2025-12-23,10,Crude,6748.41,6774.37,25.96,0.3847,13229,79549,6700,21.74,22.24,41386,38163,0.9221,INR/bbl,Dhan API v2 (Client 1112620458)
2025-12-23 11:00,2025-12-23,11,Crude,6714.94,6739.9,24.96,0.3717,2733,80038,6700,21.4,21.9,42368,37670,0.8891,INR/bbl,Dhan API v2 (Client 1112620458)
2025-12-23 12:00,2025-12-23,12,Crude,6665.3,6701.7,36.4,0.5461,11376,78406,6700,21.39,21.89,40280,38126,0.9465,INR/bbl,Dhan API v2 (Client 1112620458)
2025-12-23 13:00,2025-12-23,13,Crude,6616.54,6651.14,34.6,0.5229,14698,79803,6600,21.51,22.01,41499,38304,0.923,INR/bbl,Dhan API v2 (Client 1112620458)
2025-12-23 14:00,2025-12-23,14,Crude,6645.27,6664.7,19.44,0.2925,2294,79567,6600,21.36,21.86,41118,38449,0.9351,INR/bbl,Dhan API v2 (Client 1112620458)
2025-12-23 15:00,2025-12-23,15,Crude,6611.62,6645.92,34.3,0.5188,1906,79052,6600,21.64,22.14,41277,37775,0.9152,INR/bbl,Dhan API v2 (Client 1112620458)
2025-12-23 16:00,2025-12-23,16,Crude,6650.71,6680.68,29.96,0.4505,4908,79660,6700,21.62,22.12,40530,39130,0.9655,INR/bbl,Dhan API v2 (Client 1112620458)
2025-12-23 17:00,2025-12-23,17,Crude,6628.99,6665.64,36.65,0.5528,1820,78974,6600,21.42,21.92,41291,37683,0.9126,INR/bbl,Dhan API v2 (Client 1112620458)
2025-12-23 18:00,2025-12-23,18,Crude,6645.55,6668.52,22.98,0.3457,3124,81424,6600,21.54,22.04,41986,39438,0.9393,INR/bbl,Dhan API v2 (Client 1112620458)
2025-12-23 19:00,2025-12-23,19,Crude,6618.01,6648.0,29.98,0.4531,8602,78553,6600,21.21,21.71,40474,38079,0.9408,INR/bbl,Dhan API v2 (Client 1112620458)
2025-12-23 20:00,2025-12-23,20,Crude,6590.18,6602.59,12.41,0.1883,6087,78144,6600,21.65,22.15,40344,37800,0.9369,INR/bbl,Dhan API v2 (Client 1112620458)
2025-12-23 21:00,2025-12-23,21,Crude,6584.91,6606.39,21.48,0.3262,8110,78933,6600,21.41,21.91,41012,37921,0.9246,INR/bbl,Dhan API v2 (Client 1112620458)
2025-12-23 22:00,2025-12-23,22,Crude,6553.56,6575.66,22.1,0.3372,10811,80803,6600,21.74,22.24,42199,38604,0.9148,INR/bbl,Dhan API v2 (Client 1112620458)
2025-12-23 23:00,2025-12-23,23,Crude,6531.86,6544.27,12.41,0.1899,1036,80604,6500,21.47,21.97,42194,38410,0.9103,INR/bbl,Dhan API v2 (Client 1112620458)
2025-12-24 09:00,2025-12-24,9,Crude,6552.86,6589.4,36.55,0.5577,9230,78235,6600,21.8,22.3,39853,38382,0.9631,INR/bbl,Dhan API v2 (Client 1112620458)
2025-12-24 10:00,2025-12-24,10,Crude,6554.1,6571.52,17.42,0.2658,2104,78272,6600,21.24,21.74,40925,37347,0.9126,INR/bbl,Dhan API v2 (Client 1112620458)
2025-12-24 11:00,2025-12-24,11,Crude,6568.25,6599.09,30.83,0.4694,14376,79363,6600,21.54,22.04,41007,38356,0.9354,INR/bbl,Dhan API v2 (Client 1112620458)
2025-12-24 12:00,2025-12-24,12,Crude,6586.52,6616.53,30.01,0.4556,4898,79898,6600,21.18,21.68,41287,38611,0.9352,INR/bbl,Dhan API v2 (Client 1112620458)
2025-12-24 13:00,2025-12-24,13,Crude,6595.47,6620.81,25.35,0.3843,3374,79123,6600,21.7,22.2,40958,38165,0.9318,INR/bbl,Dhan API v2 (Client 1112620458)
2025-12-24 14:00,2025-12-24,14,Crude,6606.63,6630.54,23.91,0.3619,3044,79578,6600,21.49,21.99,41185,38393,0.9322,INR/bbl,Dhan API v2 (Client 1112620458)
2025-12-24 15:00,2025-12-24,15,Crude,6551.52,6563.4,11.88,0.1813,924,79884,6600,21.6,22.1,41944,37940,0.9045,INR/bbl,Dhan API v2 (Client 1112620458)
2025-12-24 16:00,2025-12-24,16,Crude,6552.47,6577.31,24.84,0.379,9391,79435,6600,21.72,22.22,40607,38828,0.9562,INR/bbl,Dhan API v2 (Client 1112620458)
2025-12-24 17:00,2025-12-24,17,Crude,6549.76,6550.33,0.57,0.0087,2747,79480,6500,21.82,22.32,40767,38713,0.9496,INR/bbl,Dhan API v2 (Client 1112620458)
2025-12-24 18:00,2025-12-24,18,Crude,6499.22,6502.7,3.48,0.0535,4827,81896,6500,21.92,22.42,42181,39715,0.9415,INR/bbl,Dhan API v2 (Client 1112620458)
2025-12-24 19:00,2025-12-24,19,Crude,6505.92,6527.02,21.1,0.3244,6075,79907,6500,21.68,22.18,41611,38296,0.9203,INR/bbl,Dhan API v2 (Client 1112620458)
2025-12-24 20:00,2025-12-24,20,Crude,6509.63,6531.46,21.82,0.3352,6447,79924,6500,21.53,22.03,40855,39069,0.9563,INR/bbl,Dhan API v2 (Client 1112620458)
2025-12-24 21:00,2025-12-24,21,Crude,6518.94,6561.84,42.91,0.6582,2519,78462,6500,21.47,21.97,41023,37439,0.9126,INR/bbl,Dhan API v2 (Client 1112620458)
2025-12-24 22:00,2025-12-24,22,Crude,6527.1,6547.58,20.49,0.3139,11455,81219,6500,21.79,22.29,42168,39051,0.9261,INR/bbl,Dhan API v2 (Client 1112620458)
2025-12-24 23:00,2025-12-24,23,Crude,6563.72,6585.72,22.0,0.3351,2258,79312,6600,22.1,22.6,41824,37488,0.8963,INR/bbl,Dhan API v2 (Client 1112620458)
2025-12-25 09:00,2025-12-25,9,Crude,6562.02,6577.15,15.13,0.2306,5623,78841,6600,21.55,22.05,41709,37132,0.8903,INR/bbl,Dhan API v2 (Client 1112620458)
2025-12-25 10:00,2025-12-25,10,Crude,6565.33,6583.62,18.29,0.2786,9882,79662,6600,21.99,22.49,41892,37770,0.9016,INR/bbl,Dhan API v2 (Client 1112620458)
2025-12-25 11:00,2025-12-25,11,Crude,6575.14,6583.79,8.65,0.1315,969,78711,6600,21.43,21.93,41437,37274,0.8995,INR/bbl,Dhan API v2 (Client 1112620458)
2025-12-25 12:00,2025-12-25,12,Crude,6609.23,6653.27,44.04,0.6664,9616,79257,6600,21.64,22.14,40887,38370,0.9384,INR/bbl,Dhan API v2 (Client 1112620458)
2025-12-25 13:00,2025-12-25,13,Crude,6616.42,6642.62,26.2,0.396,8060,80590,6600,21.1,21.6,41946,38644,0.9213,INR/bbl,Dhan API v2 (Client 1112620458)
2025-12-25 14:00,2025-12-25,14,Crude,6586.4,6602.8,16.4,0.2489,12628,78902,6600,22.0,22.5,41494,37408,0.9015,INR/bbl,Dhan API v2 (Client 1112620458)
2025-12-25 15:00,2025-12-25,15,Crude,6641.71,6660.01,18.3,0.2756,2581,79713,6600,21.06,21.56,41386,38327,0.9261,INR/bbl,Dhan API v2 (Client 1112620458)
2025-12-25 16:00,2025-12-25,16,Crude,6617.69,6648.43,30.74,0.4645,3389,80269,6600,21.8,22.3,41355,38914,0.941,INR/bbl,Dhan API v2 (Client 1112620458)
2025-12-25 17:00,2025-12-25,17,Crude,6615.86,6627.08,11.22,0.1696,14433,79684,6600,21.81,22.31,41099,38585,0.9388,INR/bbl,Dhan API v2 (Client 1112620458)
2025-12-25 18:00,2025-12-25,18,Crude,6636.78,6659.63,22.85,0.3443,4228,79974,6600,22.21,22.71,40965,39009,0.9523,INR/bbl,Dhan API v2 (Client 1112620458)
2025-12-25 19:00,2025-12-25,19,Crude,6620.15,6641.07,20.92,0.316,12410,78532,6600,21.32,21.82,42098,36434,0.8655,INR/bbl,Dhan API v2 (Client 1112620458)
2025-12-25 20:00,2025-12-25,20,Crude,6619.82,6650.47,30.65,0.463,9099,78471,6600,21.49,21.99,41764,36707,0.8789,INR/bbl,Dhan API v2 (Client 1112620458)
2025-12-25 21:00,2025-12-25,21,Crude,6622.2,6662.99,40.79,0.6159,2502,79013,6600,21.17,21.67,41526,37487,0.9027,INR/bbl,Dhan API v2 (Client 1112620458)
2025-12-25 22:00,2025-12-25,22,Crude,6578.33,6609.61,31.28,0.4755,13285,80262,6600,20.97,21.47,41860,38402,0.9174,INR/bbl,Dhan API v2 (Client 1112620458)
2025-12-25 23:00,2025-12-25,23,Crude,6521.27,6535.61,14.35,0.22,13615,77758,6500,22.24,22.74,39798,37960,0.9538,INR/bbl,Dhan API v2 (Client 1112620458)
2025-12-26 09:00,2025-12-26,9,Crude,6532.3,6562.97,30.67,0.4695,11667,81029,6500,21.63,22.13,43111,37918,0.8795,INR/bbl,Dhan API v2 (Client 1112620458)
2025-12-26 10:00,2025-12-26,10,Crude,6548.94,6563.66,14.72,0.2248,13716,79594,6500,21.38,21.88,41025,38569,0.9401,INR/bbl,Dhan API v2 (Client 1112620458)
2025-12-26 11:00,2025-12-26,11,Crude,6554.09,6576.43,22.34,0.3408,6868,79384,6600,21.57,22.07,41115,38269,0.9308,INR/bbl,Dhan API v2 (Client 1112620458)
2025-12-26 12:00,2025-12-26,12,Crude,6553.47,6591.15,37.69,0.5751,9433,78349,6600,21.82,22.32,40984,37365,0.9117,INR/bbl,Dhan API v2 (Client 1112620458)
2025-12-26 13:00,2025-12-26,13,Crude,6616.16,6653.85,37.7,0.5697,8350,79081,6600,21.96,22.46,40904,38177,0.9333,INR/bbl,Dhan API v2 (Client 1112620458)
2025-12-26 14:00,2025-12-26,14,Crude,6596.75,6609.67,12.92,0.1959,8719,79951,6600,21.53,22.03,42043,37908,0.9016,INR/bbl,Dhan API v2 (Client 1112620458)
2025-12-26 15:00,2025-12-26,15,Crude,6581.24,6595.53,14.28,0.217,12542,78033,6600,21.33,21.83,41175,36858,0.8952,INR/bbl,Dhan API v2 (Client 1112620458)
2025-12-26 16:00,2025-12-26,16,Crude,6623.48,6636.91,13.43,0.2027,1768,80784,6600,21.37,21.87,41995,38789,0.9237,INR/bbl,Dhan API v2 (Client 1112620458)
2025-12-26 17:00,2025-12-26,17,Crude,6664.51,6685.65,21.14,0.3172,1720,78690,6700,21.69,22.19,40117,38573,0.9615,INR/bbl,Dhan API v2 (Client 1112620458)
2025-12-26 18:00,2025-12-26,18,Crude,6686.19,6706.66,20.47,0.3061,11102,79986,6700,21.6,22.1,41742,38244,0.9162,INR/bbl,Dhan API v2 (Client 1112620458)
2025-12-26 19:00,2025-12-26,19,Crude,6649.89,6683.46,33.57,0.5049,13520,80555,6600,21.02,21.52,42756,37799,0.8841,INR/bbl,Dhan API v2 (Client 1112620458)
2025-12-26 20:00,2025-12-26,20,Crude,6625.45,6652.95,27.5,0.4151,11394,79823,6600,21.41,21.91,41754,38069,0.9117,INR/bbl,Dhan API v2 (Client 1112620458)
2025-12-26 21:00,2025-12-26,21,Crude,6647.53,6672.96,25.43,0.3826,4988,80019,6600,21.79,22.29,41865,38154,0.9114,INR/bbl,Dhan API v2 (Client 1112620458)
2025-12-26 22:00,2025-12-26,22,Crude,6628.13,6653.4,25.28,0.3813,1398,80526,6600,21.26,21.76,42914,37612,0.8765,INR/bbl,Dhan API v2 (Client 1112620458)
2025-12-26 23:00,2025-12-26,23,Crude,6626.3,6646.04,19.74,0.2978,1412,79563,6600,21.55,22.05,41414,38149,0.9212,INR/bbl,Dhan API v2 (Client 1112620458)
2025-12-29 09:00,2025-12-29,9,Crude,6673.27,6690.61,17.34,0.2599,9172,79238,6700,21.6,22.1,41507,37731,0.909,INR/bbl,Dhan API v2 (Client 1112620458)
2025-12-29 10:00,2025-12-29,10,Crude,6691.48,6701.61,10.13,0.1514,5556,79022,6700,21.56,22.06,41421,37601,0.9078,INR/bbl,Dhan API v2 (Client 1112620458)
2025-12-29 11:00,2025-12-29,11,Crude,6664.89,6678.11,13.22,0.1983,7481,81664,6700,21.68,22.18,41856,39808,0.9511,INR/bbl,Dhan API v2 (Client 1112620458)
2025-12-29 12:00,2025-12-29,12,Crude,6700.21,6741.83,41.62,0.6212,11274,79792,6700,21.62,22.12,41462,38330,0.9245,INR/bbl,Dhan API v2 (Client 1112620458)
2025-12-29 13:00,2025-12-29,13,Crude,6725.84,6748.93,23.09,0.3433,10774,79754,6700,22.19,22.69,40895,38859,0.9502,INR/bbl,Dhan API v2 (Client 1112620458)
2025-12-29 14:00,2025-12-29,14,Crude,6729.18,6754.76,25.57,0.3801,5952,79794,6700,21.71,22.21,42203,37591,0.8907,INR/bbl,Dhan API v2 (Client 1112620458)
2025-12-29 15:00,2025-12-29,15,Crude,6686.75,6714.64,27.89,0.4171,12081,79851,6700,21.71,22.21,41040,38811,0.9457,INR/bbl,Dhan API v2 (Client 1112620458)
2025-12-29 16:00,2025-12-29,16,Crude,6664.73,6697.82,33.09,0.4965,6575,79978,6700,21.68,22.18,42193,37785,0.8955,INR/bbl,Dhan API v2 (Client 1112620458)
2025-12-29 17:00,2025-12-29,17,Crude,6665.93,6690.35,24.42,0.3663,14776,79675,6700,21.63,22.13,41546,38129,0.9178,INR/bbl,Dhan API v2 (Client 1112620458)
2025-12-29 18:00,2025-12-29,18,Crude,6634.32,6661.39,27.08,0.4082,10461,80064,6600,21.3,21.8,41877,38187,0.9119,INR/bbl,Dhan API v2 (Client 1112620458)
2025-12-29 19:00,2025-12-29,19,Crude,6600.39,6620.46,20.07,0.3041,1839,80121,6600,21.37,21.87,41980,38141,0.9086,INR/bbl,Dhan API v2 (Client 1112620458)
2025-12-29 20:00,2025-12-29,20,Crude,6607.52,6627.49,19.97,0.3022,5350,78297,6600,21.4,21.9,41519,36778,0.8858,INR/bbl,Dhan API v2 (Client 1112620458)
2025-12-29 21:00,2025-12-29,21,Crude,6630.23,6658.0,27.78,0.4189,6960,79848,6600,21.46,21.96,41370,38478,0.9301,INR/bbl,Dhan API v2 (Client 1112620458)
2025-12-29 22:00,2025-12-29,22,Crude,6606.75,6622.47,15.72,0.2379,14577,79647,6600,21.97,22.47,41086,38561,0.9385,INR/bbl,Dhan API v2 (Client 1112620458)
2025-12-29 23:00,2025-12-29,23,Crude,6601.71,6629.11,27.4,0.4151,2216,79528,6600,21.75,22.25,41454,38074,0.9185,INR/bbl,Dhan API v2 (Client 1112620458)
2025-12-30 09:00,2025-12-30,9,Crude,6583.17,6607.19,24.03,0.365,6276,79044,6600,21.46,21.96,41516,37528,0.9039,INR/bbl,Dhan API v2 (Client 1112620458)
2025-12-30 10:00,2025-12-30,10,Crude,6613.84,6627.89,14.04,0.2123,2794,80152,6600,21.82,22.32,41870,38282,0.9143,INR/bbl,Dhan API v2 (Client 1112620458)
2025-12-30 11:00,2025-12-30,11,Crude,6629.75,6644.2,14.44,0.2179,9012,78973,6600,21.96,22.46,41171,37802,0.9182,INR/bbl,Dhan API v2 (Client 1112620458)
2025-12-30 12:00,2025-12-30,12,Crude,6678.75,6712.44,33.7,0.5046,12729,79147,6700,21.53,22.03,41384,37763,0.9125,INR/bbl,Dhan API v2 (Client 1112620458)
2025-12-30 13:00,2025-12-30,13,Crude,6655.51,6673.64,18.12,0.2723,14800,80655,6700,21.33,21.83,42627,38028,0.8921,INR/bbl,Dhan API v2 (Client 1112620458)
2025-12-30 14:00,2025-12-30,14,Crude,6692.29,6716.14,23.85,0.3564,6305,78014,6700,21.44,21.94,40326,37688,0.9346,INR/bbl,Dhan API v2 (Client 1112620458)
2025-12-30 15:00,2025-12-30,15,Crude,6671.73,6698.74,27.01,0.4048,14465,81152,6700,21.58,22.08,41743,39409,0.9441,INR/bbl,Dhan API v2 (Client 1112620458)
2025-12-30 16:00,2025-12-30,16,Crude,6698.74,6722.15,23.41,0.3495,5014,78643,6700,21.8,22.3,41069,37574,0.9149,INR/bbl,Dhan API v2 (Client 1112620458)
2025-12-30 17:00,2025-12-30,17,Crude,6683.99,6704.66,20.67,0.3092,813,80379,6700,21.29,21.79,42176,38203,0.9058,INR/bbl,Dhan API v2 (Client 1112620458)
2025-12-30 18:00,2025-12-30,18,Crude,6660.67,6677.27,16.6,0.2493,12995,79221,6700,21.4,21.9,41519,37702,0.9081,INR/bbl,Dhan API v2 (Client 1112620458)
2025-12-30 19:00,2025-12-30,19,Crude,6687.71,6714.18,26.47,0.3958,11102,79941,6700,21.85,22.35,41542,38399,0.9243,INR/bbl,Dhan API v2 (Client 1112620458)
2025-12-30 20:00,2025-12-30,20,Crude,6720.71,6749.12,28.42,0.4228,1139,78901,6700,21.44,21.94,41266,37635,0.912,INR/bbl,Dhan API v2 (Client 1112620458)
2025-12-30 21:00,2025-12-30,21,Crude,6709.61,6733.71,24.1,0.3591,2490,78398,6700,21.31,21.81,40090,38308,0.9556,INR/bbl,Dhan API v2 (Client 1112620458)
2025-12-30 22:00,2025-12-30,22,Crude,6707.96,6709.62,1.66,0.0247,11942,80913,6700,21.72,22.22,41981,38932,0.9274,INR/bbl,Dhan API v2 (Client 1112620458)
2025-12-30 23:00,2025-12-30,23,Crude,6677.92,6697.64,19.72,0.2952,3884,80512,6700,21.4,21.9,41755,38757,0.9282,INR/bbl,Dhan API v2 (Client 1112620458)
2025-12-31 09:00,2025-12-31,9,Crude,6657.4,6680.98,23.59,0.3543,6645,78968,6700,21.63,22.13,41245,37723,0.9146,INR/bbl,Dhan API v2 (Client 1112620458)
2025-12-31 10:00,2025-12-31,10,Crude,6664.92,6687.13,22.2,0.3331,14699,79097,6700,21.96,22.46,42104,36993,0.8786,INR/bbl,Dhan API v2 (Client 1112620458)
2025-12-31 11:00,2025-12-31,11,Crude,6737.21,6768.33,31.13,0.462,640,80635,6700,21.96,22.46,42468,38167,0.8987,INR/bbl,Dhan API v2 (Client 1112620458)
2025-12-31 12:00,2025-12-31,12,Crude,6699.2,6720.94,21.73,0.3244,6367,79291,6700,21.5,22.0,40747,38544,0.9459,INR/bbl,Dhan API v2 (Client 1112620458)
2025-12-31 13:00,2025-12-31,13,Crude,6729.09,6723.7,-5.39,-0.08,6647,79849,6700,21.25,21.75,41548,38301,0.9218,INR/bbl,Dhan API v2 (Client 1112620458)
2025-12-31 14:00,2025-12-31,14,Crude,6733.71,6754.39,20.68,0.3072,6586,79825,6700,21.95,22.45,40913,38912,0.9511,INR/bbl,Dhan API v2 (Client 1112620458)
2025-12-31 15:00,2025-12-31,15,Crude,6677.9,6699.72,21.82,0.3267,4395,81132,6700,21.82,22.32,41565,39567,0.9519,INR/bbl,Dhan API v2 (Client 1112620458)
2025-12-31 16:00,2025-12-31,16,Crude,6696.1,6712.96,16.86,0.2518,2172,78670,6700,20.91,21.41,40783,37887,0.929,INR/bbl,Dhan API v2 (Client 1112620458)
2025-12-31 17:00,2025-12-31,17,Crude,6682.52,6693.46,10.94,0.1637,2302,79594,6700,21.18,21.68,41493,38101,0.9183,INR/bbl,Dhan API v2 (Client 1112620458)
2025-12-31 18:00,2025-12-31,18,Crude,6671.25,6713.19,41.94,0.6286,2232,78278,6700,21.57,22.07,41183,37095,0.9007,INR/bbl,Dhan API v2 (Client 1112620458)
2025-12-31 19:00,2025-12-31,19,Crude,6710.24,6749.49,39.26,0.585,13306,79795,6700,21.45,21.95,41321,38474,0.9311,INR/bbl,Dhan API v2 (Client 1112620458)
2025-12-31 20:00,2025-12-31,20,Crude,6715.28,6730.67,15.39,0.2291,4410,79576,6700,21.63,22.13,40712,38864,0.9546,INR/bbl,Dhan API v2 (Client 1112620458)
2025-12-31 21:00,2025-12-31,21,Crude,6728.87,6738.66,9.79,0.1455,13195,80035,6700,22.23,22.73,42127,37908,0.8999,INR/bbl,Dhan API v2 (Client 1112620458)
2025-12-31 22:00,2025-12-31,22,Crude,6719.66,6727.94,8.28,0.1232,10139,78853,6700,21.49,21.99,40731,38122,0.9359,INR/bbl,Dhan API v2 (Client 1112620458)
2025-12-31 23:00,2025-12-31,23,Crude,6676.86,6703.8,26.93,0.4034,7183,80468,6700,21.93,22.43,42163,38305,0.9085,INR/bbl,Dhan API v2 (Client 1112620458)
2026-01-01 09:00,2026-01-01,9,Crude,6668.62,6678.31,9.69,0.1452,6112,78407,6700,21.48,21.98,40989,37418,0.9129,INR/bbl,Dhan API v2 (Client 1112620458)
2026-01-01 10:00,2026-01-01,10,Crude,6689.84,6706.02,16.17,0.2418,11200,80371,6700,22.1,22.6,41622,38749,0.931,INR/bbl,Dhan API v2 (Client 1112620458)
2026-01-01 11:00,2026-01-01,11,Crude,6709.48,6727.41,17.93,0.2672,8340,80722,6700,21.37,21.87,43083,37639,0.8736,INR/bbl,Dhan API v2 (Client 1112620458)
2026-01-01 12:00,2026-01-01,12,Crude,6740.78,6759.43,18.65,0.2767,7973,80802,6700,21.68,22.18,42516,38286,0.9005,INR/bbl,Dhan API v2 (Client 1112620458)
2026-01-01 13:00,2026-01-01,13,Crude,6800.96,6813.73,12.78,0.1879,6377,79991,6800,20.99,21.49,41744,38247,0.9162,INR/bbl,Dhan API v2 (Client 1112620458)
2026-01-01 14:00,2026-01-01,14,Crude,6833.34,6867.25,33.91,0.4963,9404,78530,6800,21.82,22.32,41198,37332,0.9062,INR/bbl,Dhan API v2 (Client 1112620458)
2026-01-01 15:00,2026-01-01,15,Crude,6838.3,6874.44,36.14,0.5284,10955,79902,6800,21.53,22.03,40769,39133,0.9599,INR/bbl,Dhan API v2 (Client 1112620458)
2026-01-01 16:00,2026-01-01,16,Crude,6873.53,6897.32,23.79,0.3461,14502,81131,6900,21.69,22.19,41861,39270,0.9381,INR/bbl,Dhan API v2 (Client 1112620458)
2026-01-01 17:00,2026-01-01,17,Crude,6845.41,6874.32,28.91,0.4223,8662,80123,6800,21.78,22.28,41894,38229,0.9125,INR/bbl,Dhan API v2 (Client 1112620458)
2026-01-01 18:00,2026-01-01,18,Crude,6829.02,6842.86,13.84,0.2027,774,81498,6800,21.4,21.9,42487,39011,0.9182,INR/bbl,Dhan API v2 (Client 1112620458)
2026-01-01 19:00,2026-01-01,19,Crude,6800.44,6823.04,22.6,0.3324,4123,79715,6800,21.42,21.92,41712,38003,0.9111,INR/bbl,Dhan API v2 (Client 1112620458)
2026-01-01 20:00,2026-01-01,20,Crude,6803.18,6821.27,18.08,0.2658,12122,80247,6800,21.06,21.56,41604,38643,0.9288,INR/bbl,Dhan API v2 (Client 1112620458)
2026-01-01 21:00,2026-01-01,21,Crude,6786.1,6801.24,15.15,0.2232,4164,79390,6800,21.9,22.4,42029,37361,0.8889,INR/bbl,Dhan API v2 (Client 1112620458)
2026-01-01 22:00,2026-01-01,22,Crude,6780.49,6808.09,27.6,0.4071,1101,78726,6800,21.52,22.02,41351,37375,0.9038,INR/bbl,Dhan API v2 (Client 1112620458)
2026-01-01 23:00,2026-01-01,23,Crude,6787.31,6815.76,28.45,0.4191,13771,79906,6800,21.67,22.17,41091,38815,0.9446,INR/bbl,Dhan API v2 (Client 1112620458)
2026-01-02 09:00,2026-01-02,9,Crude,6811.82,6833.44,21.62,0.3174,8786,78903,6800,21.01,21.51,41218,37685,0.9143,INR/bbl,Dhan API v2 (Client 1112620458)
2026-01-02 10:00,2026-01-02,10,Crude,6840.36,6852.07,11.71,0.1712,12870,79251,6800,20.99,21.49,41651,37600,0.9027,INR/bbl,Dhan API v2 (Client 1112620458)
2026-01-02 11:00,2026-01-02,11,Crude,6898.49,6917.56,19.08,0.2766,5504,80393,6900,21.92,22.42,42451,37942,0.8938,INR/bbl,Dhan API v2 (Client 1112620458)
2026-01-02 12:00,2026-01-02,12,Crude,6910.97,6923.64,12.68,0.1834,9528,79488,6900,22.16,22.66,41715,37773,0.9055,INR/bbl,Dhan API v2 (Client 1112620458)
2026-01-02 13:00,2026-01-02,13,Crude,6949.54,6980.01,30.47,0.4384,14095,80436,6900,21.29,21.79,41756,38680,0.9263,INR/bbl,Dhan API v2 (Client 1112620458)
2026-01-02 14:00,2026-01-02,14,Crude,6919.44,6953.01,33.57,0.4851,11223,80628,6900,21.46,21.96,41878,38750,0.9253,INR/bbl,Dhan API v2 (Client 1112620458)
2026-01-02 15:00,2026-01-02,15,Crude,6907.27,6914.69,7.42,0.1075,10851,78538,6900,21.82,22.32,40757,37781,0.927,INR/bbl,Dhan API v2 (Client 1112620458)
2026-01-02 16:00,2026-01-02,16,Crude,6876.09,6895.81,19.72,0.2868,14527,78744,6900,21.65,22.15,40878,37866,0.9263,INR/bbl,Dhan API v2 (Client 1112620458)
2026-01-02 17:00,2026-01-02,17,Crude,6863.06,6882.69,19.63,0.286,6691,80766,6900,21.04,21.54,41533,39233,0.9446,INR/bbl,Dhan API v2 (Client 1112620458)
2026-01-02 18:00,2026-01-02,18,Crude,6817.01,6848.64,31.63,0.464,7879,80148,6800,21.96,22.46,41181,38967,0.9462,INR/bbl,Dhan API v2 (Client 1112620458)
2026-01-02 19:00,2026-01-02,19,Crude,6810.44,6840.18,29.74,0.4367,4828,77620,6800,21.26,21.76,41131,36489,0.8871,INR/bbl,Dhan API v2 (Client 1112620458)
2026-01-02 20:00,2026-01-02,20,Crude,6813.68,6823.42,9.74,0.143,3550,79805,6800,21.67,22.17,42202,37603,0.891,INR/bbl,Dhan API v2 (Client 1112620458)
2026-01-02 21:00,2026-01-02,21,Crude,6800.17,6816.74,16.58,0.2438,12466,79090,6800,21.15,21.65,41393,37697,0.9107,INR/bbl,Dhan API v2 (Client 1112620458)
2026-01-02 22:00,2026-01-02,22,Crude,6788.88,6790.3,1.42,0.021,11439,82149,6800,21.63,22.13,42998,39151,0.9105,INR/bbl,Dhan API v2 (Client 1112620458)
2026-01-02 23:00,2026-01-02,23,Crude,6792.68,6812.57,19.89,0.2929,2348,79715,6800,21.67,22.17,40759,38956,0.9558,INR/bbl,Dhan API v2 (Client 1112620458)
2026-01-05 09:00,2026-01-05,9,Crude,6785.91,6804.44,18.53,0.2731,12300,78802,6800,21.85,22.35,41021,37781,0.921,INR/bbl,Dhan API v2 (Client 1112620458)
2026-01-05 10:00,2026-01-05,10,Crude,6737.1,6763.75,26.64,0.3955,2345,80057,6700,21.92,22.42,41040,39017,0.9507,INR/bbl,Dhan API v2 (Client 1112620458)
2026-01-05 11:00,2026-01-05,11,Crude,6729.68,6738.78,9.11,0.1353,14332,81069,6700,21.7,22.2,41313,39756,0.9623,INR/bbl,Dhan API v2 (Client 1112620458)
2026-01-05 12:00,2026-01-05,12,Crude,6726.99,6749.2,22.21,0.3301,7613,80375,6700,21.11,21.61,41645,38730,0.93,INR/bbl,Dhan API v2 (Client 1112620458)
2026-01-05 13:00,2026-01-05,13,Crude,6779.13,6790.87,11.74,0.1732,7196,78644,6800,21.65,22.15,40886,37758,0.9235,INR/bbl,Dhan API v2 (Client 1112620458)
2026-01-05 14:00,2026-01-05,14,Crude,6785.08,6810.27,25.19,0.3713,6995,79557,6800,21.63,22.13,41905,37652,0.8985,INR/bbl,Dhan API v2 (Client 1112620458)
2026-01-05 15:00,2026-01-05,15,Crude,6788.11,6773.62,-14.48,-0.2134,2218,78773,6800,21.94,22.44,41613,37160,0.893,INR/bbl,Dhan API v2 (Client 1112620458)
2026-01-05 16:00,2026-01-05,16,Crude,6833.13,6843.44,10.31,0.1509,4199,81768,6800,21.31,21.81,42612,39156,0.9189,INR/bbl,Dhan API v2 (Client 1112620458)
2026-01-05 17:00,2026-01-05,17,Crude,6779.28,6797.72,18.43,0.2719,2403,78951,6800,21.56,22.06,41578,37373,0.8989,INR/bbl,Dhan API v2 (Client 1112620458)
2026-01-05 18:00,2026-01-05,18,Crude,6779.12,6790.74,11.62,0.1714,12978,79821,6800,21.41,21.91,41944,37877,0.903,INR/bbl,Dhan API v2 (Client 1112620458)
2026-01-05 19:00,2026-01-05,19,Crude,6780.66,6778.56,-2.1,-0.0309,5382,79762,6800,21.95,22.45,41098,38664,0.9408,INR/bbl,Dhan API v2 (Client 1112620458)
2026-01-05 20:00,2026-01-05,20,Crude,6766.82,6786.27,19.45,0.2875,13494,80231,6800,22.12,22.62,41647,38584,0.9265,INR/bbl,Dhan API v2 (Client 1112620458)
2026-01-05 21:00,2026-01-05,21,Crude,6764.41,6792.81,28.4,0.4198,1409,79119,6800,21.46,21.96,41392,37727,0.9115,INR/bbl,Dhan API v2 (Client 1112620458)
2026-01-05 22:00,2026-01-05,22,Crude,6779.29,6799.0,19.71,0.2907,3109,78918,6800,21.08,21.58,41417,37501,0.9054,INR/bbl,Dhan API v2 (Client 1112620458)
2026-01-05 23:00,2026-01-05,23,Crude,6750.04,6767.01,16.97,0.2513,8604,80923,6800,21.33,21.83,42281,38642,0.9139,INR/bbl,Dhan API v2 (Client 1112620458)
2026-01-06 09:00,2026-01-06,9,Crude,6774.65,6766.68,-7.97,-0.1177,12529,77104,6800,21.34,21.84,39958,37146,0.9296,INR/bbl,Dhan API v2 (Client 1112620458)
2026-01-06 10:00,2026-01-06,10,Crude,6776.84,6792.27,15.43,0.2276,10964,80846,6800,22.16,22.66,41113,39733,0.9664,INR/bbl,Dhan API v2 (Client 1112620458)
2026-01-06 11:00,2026-01-06,11,Crude,6795.0,6814.31,19.3,0.2841,6864,78907,6800,21.4,21.9,41001,37906,0.9245,INR/bbl,Dhan API v2 (Client 1112620458)
2026-01-06 12:00,2026-01-06,12,Crude,6838.31,6845.15,6.84,0.1001,8800,80733,6800,21.95,22.45,42724,38009,0.8896,INR/bbl,Dhan API v2 (Client 1112620458)
2026-01-06 13:00,2026-01-06,13,Crude,6838.1,6857.68,19.58,0.2863,12319,78447,6800,21.16,21.66,41215,37232,0.9034,INR/bbl,Dhan API v2 (Client 1112620458)
2026-01-06 14:00,2026-01-06,14,Crude,6833.3,6855.45,22.15,0.3241,4702,78770,6800,21.82,22.32,40915,37855,0.9252,INR/bbl,Dhan API v2 (Client 1112620458)
2026-01-06 15:00,2026-01-06,15,Crude,6855.6,6874.19,18.59,0.2712,14665,79501,6900,22.01,22.51,41113,38388,0.9337,INR/bbl,Dhan API v2 (Client 1112620458)
2026-01-06 16:00,2026-01-06,16,Crude,6869.3,6858.28,-11.02,-0.1605,12896,80250,6900,21.53,22.03,41878,38372,0.9163,INR/bbl,Dhan API v2 (Client 1112620458)
2026-01-06 17:00,2026-01-06,17,Crude,6885.65,6906.26,20.61,0.2994,4205,80761,6900,21.55,22.05,41393,39368,0.9511,INR/bbl,Dhan API v2 (Client 1112620458)
2026-01-06 18:00,2026-01-06,18,Crude,6864.57,6880.83,16.26,0.2368,5525,78892,6900,21.79,22.29,40689,38203,0.9389,INR/bbl,Dhan API v2 (Client 1112620458)
2026-01-06 19:00,2026-01-06,19,Crude,6858.79,6884.46,25.67,0.3742,11193,79366,6900,22.22,22.72,41494,37872,0.9127,INR/bbl,Dhan API v2 (Client 1112620458)
2026-01-06 20:00,2026-01-06,20,Crude,6851.73,6877.32,25.59,0.3735,2215,79003,6900,22.32,22.82,41263,37740,0.9146,INR/bbl,Dhan API v2 (Client 1112620458)
2026-01-06 21:00,2026-01-06,21,Crude,6830.15,6838.0,7.85,0.1149,8897,79370,6800,21.86,22.36,41822,37548,0.8978,INR/bbl,Dhan API v2 (Client 1112620458)
2026-01-06 22:00,2026-01-06,22,Crude,6889.31,6914.79,25.49,0.37,11766,80600,6900,21.89,22.39,42099,38501,0.9145,INR/bbl,Dhan API v2 (Client 1112620458)
2026-01-06 23:00,2026-01-06,23,Crude,6903.73,6924.04,20.31,0.2941,2334,78854,6900,22.02,22.52,41486,37368,0.9007,INR/bbl,Dhan API v2 (Client 1112620458)
2026-01-07 09:00,2026-01-07,9,Crude,6944.38,6964.67,20.29,0.2922,10925,80718,6900,21.51,22.01,42918,37800,0.8807,INR/bbl,Dhan API v2 (Client 1112620458)
2026-01-07 10:00,2026-01-07,10,Crude,6930.4,6942.82,12.42,0.1792,9026,79224,6900,21.47,21.97,41882,37342,0.8916,INR/bbl,Dhan API v2 (Client 1112620458)
2026-01-07 11:00,2026-01-07,11,Crude,6934.23,6944.88,10.65,0.1536,10972,79940,6900,21.83,22.33,41697,38243,0.9172,INR/bbl,Dhan API v2 (Client 1112620458)
2026-01-07 12:00,2026-01-07,12,Crude,6908.38,6934.93,26.55,0.3844,8402,79594,6900,21.34,21.84,41065,38529,0.9382,INR/bbl,Dhan API v2 (Client 1112620458)
2026-01-07 13:00,2026-01-07,13,Crude,6876.88,6875.68,-1.2,-0.0175,14183,80355,6900,21.66,22.16,41936,38419,0.9161,INR/bbl,Dhan API v2 (Client 1112620458)
2026-01-07 14:00,2026-01-07,14,Crude,6910.2,6923.63,13.43,0.1944,14258,78431,6900,21.38,21.88,41367,37064,0.896,INR/bbl,Dhan API v2 (Client 1112620458)
2026-01-07 15:00,2026-01-07,15,Crude,6902.97,6913.33,10.36,0.1501,2651,80368,6900,21.46,21.96,42120,38248,0.9081,INR/bbl,Dhan API v2 (Client 1112620458)
2026-01-07 16:00,2026-01-07,16,Crude,6865.69,6887.06,21.37,0.3112,13675,79323,6900,21.57,22.07,40636,38687,0.952,INR/bbl,Dhan API v2 (Client 1112620458)
2026-01-07 17:00,2026-01-07,17,Crude,6864.07,6880.29,16.21,0.2362,4919,78916,6900,21.55,22.05,41439,37477,0.9044,INR/bbl,Dhan API v2 (Client 1112620458)
2026-01-07 18:00,2026-01-07,18,Crude,6864.89,6877.67,12.78,0.1862,7859,80637,6900,21.89,22.39,41819,38818,0.9282,INR/bbl,Dhan API v2 (Client 1112620458)
2026-01-07 19:00,2026-01-07,19,Crude,6858.39,6868.27,9.88,0.144,11863,79604,6900,21.57,22.07,41094,38510,0.9371,INR/bbl,Dhan API v2 (Client 1112620458)
2026-01-07 20:00,2026-01-07,20,Crude,6832.89,6851.09,18.21,0.2665,2688,79204,6800,21.68,22.18,41126,38078,0.9259,INR/bbl,Dhan API v2 (Client 1112620458)
2026-01-07 21:00,2026-01-07,21,Crude,6809.05,6823.09,14.04,0.2063,8242,80329,6800,21.49,21.99,41844,38485,0.9197,INR/bbl,Dhan API v2 (Client 1112620458)
2026-01-07 22:00,2026-01-07,22,Crude,6779.39,6793.03,13.64,0.2012,13233,79031,6800,22.27,22.77,41106,37925,0.9226,INR/bbl,Dhan API v2 (Client 1112620458)
2026-01-07 23:00,2026-01-07,23,Crude,6772.65,6799.47,26.82,0.396,6508,79661,6800,21.62,22.12,41762,37899,0.9075,INR/bbl,Dhan API v2 (Client 1112620458)
2026-01-08 09:00,2026-01-08,9,Crude,6740.96,6755.02,14.07,0.2087,5308,81029,6700,21.41,21.91,41343,39686,0.9599,INR/bbl,Dhan API v2 (Client 1112620458)
2026-01-08 10:00,2026-01-08,10,Crude,6752.07,6763.95,11.88,0.1759,4388,80194,6800,21.39,21.89,41651,38543,0.9254,INR/bbl,Dhan API v2 (Client 1112620458)
2026-01-08 11:00,2026-01-08,11,Crude,6737.06,6766.32,29.26,0.4344,1529,79790,6700,21.91,22.41,41925,37865,0.9032,INR/bbl,Dhan API v2 (Client 1112620458)
2026-01-08 12:00,2026-01-08,12,Crude,6729.43,6732.59,3.16,0.047,4229,79192,6700,21.38,21.88,41287,37905,0.9181,INR/bbl,Dhan API v2 (Client 1112620458)
2026-01-08 13:00,2026-01-08,13,Crude,6764.49,6764.65,0.16,0.0024,8185,79136,6800,22.02,22.52,41479,37657,0.9079,INR/bbl,Dhan API v2 (Client 1112620458)
2026-01-08 14:00,2026-01-08,14,Crude,6757.5,6779.62,22.12,0.3273,11430,78972,6800,21.96,22.46,41803,37169,0.8891,INR/bbl,Dhan API v2 (Client 1112620458)
2026-01-08 15:00,2026-01-08,15,Crude,6722.57,6737.74,15.16,0.2256,8993,79744,6700,21.56,22.06,41906,37838,0.9029,INR/bbl,Dhan API v2 (Client 1112620458)
2026-01-08 16:00,2026-01-08,16,Crude,6688.57,6700.61,12.04,0.18,12860,80179,6700,21.18,21.68,42115,38064,0.9038,INR/bbl,Dhan API v2 (Client 1112620458)
2026-01-08 17:00,2026-01-08,17,Crude,6720.13,6734.41,14.28,0.2125,8431,80283,6700,21.21,21.71,41658,38625,0.9272,INR/bbl,Dhan API v2 (Client 1112620458)
2026-01-08 18:00,2026-01-08,18,Crude,6745.64,6753.56,7.92,0.1174,13349,80658,6700,22.07,22.57,42112,38546,0.9153,INR/bbl,Dhan API v2 (Client 1112620458)
2026-01-08 19:00,2026-01-08,19,Crude,6742.06,6760.51,18.45,0.2736,1792,79915,6700,21.34,21.84,41353,38562,0.9325,INR/bbl,Dhan API v2 (Client 1112620458)
2026-01-08 20:00,2026-01-08,20,Crude,6718.43,6724.63,6.2,0.0924,8053,78898,6700,21.89,22.39,41738,37160,0.8903,INR/bbl,Dhan API v2 (Client 1112620458)
2026-01-08 21:00,2026-01-08,21,Crude,6727.38,6732.87,5.49,0.0817,851,78988,6700,21.59,22.09,40241,38747,0.9629,INR/bbl,Dhan API v2 (Client 1112620458)
2026-01-08 22:00,2026-01-08,22,Crude,6705.69,6710.36,4.66,0.0695,2167,79624,6700,21.7,22.2,40919,38705,0.9459,INR/bbl,Dhan API v2 (Client 1112620458)
2026-01-08 23:00,2026-01-08,23,Crude,6710.73,6725.56,14.82,0.2209,7811,79975,6700,21.38,21.88,41435,38540,0.9301,INR/bbl,Dhan API v2 (Client 1112620458)
2026-01-09 09:00,2026-01-09,9,Crude,6764.56,6776.14,11.58,0.1712,8241,81167,6800,21.48,21.98,42265,38902,0.9204,INR/bbl,Dhan API v2 (Client 1112620458)
2026-01-09 10:00,2026-01-09,10,Crude,6723.91,6735.75,11.85,0.1762,6162,79837,6700,21.51,22.01,41409,38428,0.928,INR/bbl,Dhan API v2 (Client 1112620458)
2026-01-09 11:00,2026-01-09,11,Crude,6721.38,6738.29,16.91,0.2516,8531,78833,6700,21.3,21.8,40044,38789,0.9687,INR/bbl,Dhan API v2 (Client 1112620458)
2026-01-09 12:00,2026-01-09,12,Crude,6698.87,6718.17,19.31,0.2882,2559,79794,6700,21.52,22.02,41895,37899,0.9046,INR/bbl,Dhan API v2 (Client 1112620458)
2026-01-09 13:00,2026-01-09,13,Crude,6688.07,6689.44,1.37,0.0204,3396,79839,6700,21.65,22.15,42132,37707,0.895,INR/bbl,Dhan API v2 (Client 1112620458)
2026-01-09 14:00,2026-01-09,14,Crude,6702.77,6719.03,16.26,0.2426,14493,78449,6700,21.67,22.17,40593,37856,0.9326,INR/bbl,Dhan API v2 (Client 1112620458)
2026-01-09 15:00,2026-01-09,15,Crude,6721.41,6752.11,30.7,0.4567,12890,80567,6700,21.63,22.13,41814,38753,0.9268,INR/bbl,Dhan API v2 (Client 1112620458)
2026-01-09 16:00,2026-01-09,16,Crude,6728.53,6732.32,3.8,0.0564,1900,78325,6700,21.53,22.03,41299,37026,0.8965,INR/bbl,Dhan API v2 (Client 1112620458)
2026-01-09 17:00,2026-01-09,17,Crude,6728.93,6731.43,2.5,0.0371,10818,79114,6700,21.84,22.34,41025,38089,0.9284,INR/bbl,Dhan API v2 (Client 1112620458)
2026-01-09 18:00,2026-01-09,18,Crude,6745.35,6755.47,10.11,0.1499,9381,79767,6700,21.41,21.91,41678,38089,0.9139,INR/bbl,Dhan API v2 (Client 1112620458)
2026-01-09 19:00,2026-01-09,19,Crude,6770.62,6785.75,15.13,0.2234,4497,79910,6800,21.45,21.95,42653,37257,0.8735,INR/bbl,Dhan API v2 (Client 1112620458)
2026-01-09 20:00,2026-01-09,20,Crude,6736.12,6761.09,24.96,0.3706,13276,80269,6700,21.37,21.87,42332,37937,0.8962,INR/bbl,Dhan API v2 (Client 1112620458)
2026-01-09 21:00,2026-01-09,21,Crude,6758.37,6778.77,20.4,0.3019,13086,78842,6800,22.05,22.55,41438,37404,0.9026,INR/bbl,Dhan API v2 (Client 1112620458)
2026-01-09 22:00,2026-01-09,22,Crude,6750.27,6763.67,13.4,0.1985,12099,79070,6800,21.43,21.93,41164,37906,0.9209,INR/bbl,Dhan API v2 (Client 1112620458)
2026-01-09 23:00,2026-01-09,23,Crude,6766.81,6773.47,6.66,0.0984,8824,80889,6800,21.49,21.99,42400,38489,0.9078,INR/bbl,Dhan API v2 (Client 1112620458)
2026-01-12 09:00,2026-01-12,9,Crude,6743.39,6762.78,19.4,0.2876,602,81126,6700,21.71,22.21,42000,39126,0.9316,INR/bbl,Dhan API v2 (Client 1112620458)
2026-01-12 10:00,2026-01-12,10,Crude,6740.41,6760.11,19.7,0.2922,729,79683,6700,21.75,22.25,42575,37108,0.8716,INR/bbl,Dhan API v2 (Client 1112620458)
2026-01-12 11:00,2026-01-12,11,Crude,6757.71,6766.18,8.46,0.1253,7526,79883,6800,21.14,21.64,40863,39020,0.9549,INR/bbl,Dhan API v2 (Client 1112620458)
2026-01-12 12:00,2026-01-12,12,Crude,6731.07,6741.61,10.54,0.1566,3939,78835,6700,21.53,22.03,41092,37743,0.9185,INR/bbl,Dhan API v2 (Client 1112620458)
2026-01-12 13:00,2026-01-12,13,Crude,6713.28,6730.59,17.31,0.2579,3881,79196,6700,21.97,22.47,41158,38038,0.9242,INR/bbl,Dhan API v2 (Client 1112620458)
2026-01-12 14:00,2026-01-12,14,Crude,6716.96,6731.27,14.31,0.2131,9369,80370,6700,21.66,22.16,41434,38936,0.9397,INR/bbl,Dhan API v2 (Client 1112620458)
2026-01-12 15:00,2026-01-12,15,Crude,6722.8,6731.3,8.49,0.1263,8294,79972,6700,21.43,21.93,42227,37745,0.8939,INR/bbl,Dhan API v2 (Client 1112620458)
2026-01-12 16:00,2026-01-12,16,Crude,6699.98,6713.52,13.54,0.2021,12214,80658,6700,22.15,22.65,43197,37461,0.8672,INR/bbl,Dhan API v2 (Client 1112620458)
2026-01-12 17:00,2026-01-12,17,Crude,6690.31,6696.67,6.36,0.0951,3015,82952,6700,21.58,22.08,43231,39721,0.9188,INR/bbl,Dhan API v2 (Client 1112620458)
2026-01-12 18:00,2026-01-12,18,Crude,6679.9,6709.76,29.85,0.4469,2198,80560,6700,21.08,21.58,42184,38376,0.9097,INR/bbl,Dhan API v2 (Client 1112620458)
2026-01-12 19:00,2026-01-12,19,Crude,6699.93,6725.5,25.57,0.3817,12667,77730,6700,21.34,21.84,40740,36990,0.908,INR/bbl,Dhan API v2 (Client 1112620458)
2026-01-12 20:00,2026-01-12,20,Crude,6709.48,6720.9,11.43,0.1703,4009,79542,6700,21.18,21.68,40826,38716,0.9483,INR/bbl,Dhan API v2 (Client 1112620458)
2026-01-12 21:00,2026-01-12,21,Crude,6704.47,6701.69,-2.78,-0.0415,3606,79737,6700,21.55,22.05,42267,37470,0.8865,INR/bbl,Dhan API v2 (Client 1112620458)
2026-01-12 22:00,2026-01-12,22,Crude,6668.49,6670.78,2.29,0.0343,5958,78589,6700,22.05,22.55,41229,37360,0.9062,INR/bbl,Dhan API v2 (Client 1112620458)
2026-01-12 23:00,2026-01-12,23,Crude,6720.81,6734.69,13.88,0.2065,13587,79368,6700,21.38,21.88,41196,38172,0.9266,INR/bbl,Dhan API v2 (Client 1112620458)
2026-01-13 09:00,2026-01-13,9,Crude,6756.94,6776.72,19.79,0.2929,7726,80475,6800,21.41,21.91,42297,38178,0.9026,INR/bbl,Dhan API v2 (Client 1112620458)
2026-01-13 10:00,2026-01-13,10,Crude,6788.95,6794.9,5.95,0.0877,9438,79305,6800,21.38,21.88,41755,37550,0.8993,INR/bbl,Dhan API v2 (Client 1112620458)
2026-01-13 11:00,2026-01-13,11,Crude,6761.46,6771.31,9.85,0.1457,8337,79889,6800,21.71,22.21,41579,38310,0.9214,INR/bbl,Dhan API v2 (Client 1112620458)
2026-01-13 12:00,2026-01-13,12,Crude,6751.92,6761.83,9.92,0.1469,1487,77978,6800,21.5,22.0,41175,36803,0.8938,INR/bbl,Dhan API v2 (Client 1112620458)
2026-01-13 13:00,2026-01-13,13,Crude,6754.91,6769.13,14.22,0.2105,14471,78562,6800,21.91,22.41,40281,38281,0.9503,INR/bbl,Dhan API v2 (Client 1112620458)
2026-01-13 14:00,2026-01-13,14,Crude,6704.95,6724.78,19.83,0.2958,10516,78363,6700,21.55,22.05,40664,37699,0.9271,INR/bbl,Dhan API v2 (Client 1112620458)
2026-01-13 15:00,2026-01-13,15,Crude,6706.61,6715.55,8.95,0.1334,8855,79542,6700,21.52,22.02,40910,38632,0.9443,INR/bbl,Dhan API v2 (Client 1112620458)
2026-01-13 16:00,2026-01-13,16,Crude,6717.16,6726.25,9.09,0.1353,5371,79718,6700,21.68,22.18,41191,38527,0.9353,INR/bbl,Dhan API v2 (Client 1112620458)
2026-01-13 17:00,2026-01-13,17,Crude,6789.19,6809.68,20.49,0.3018,13900,79414,6800,21.09,21.59,41447,37967,0.916,INR/bbl,Dhan API v2 (Client 1112620458)
2026-01-13 18:00,2026-01-13,18,Crude,6771.0,6784.95,13.95,0.206,7451,80056,6800,20.96,21.46,41379,38677,0.9347,INR/bbl,Dhan API v2 (Client 1112620458)
2026-01-13 19:00,2026-01-13,19,Crude,6815.75,6828.86,13.11,0.1923,9921,80500,6800,21.93,22.43,41759,38741,0.9277,INR/bbl,Dhan API v2 (Client 1112620458)
2026-01-13 20:00,2026-01-13,20,Crude,6812.47,6833.39,20.92,0.307,7267,80415,6800,21.7,22.2,41448,38967,0.9401,INR/bbl,Dhan API v2 (Client 1112620458)
2026-01-13 21:00,2026-01-13,21,Crude,6848.76,6884.32,35.56,0.5192,11112,79276,6800,21.99,22.49,42207,37069,0.8783,INR/bbl,Dhan API v2 (Client 1112620458)
2026-01-13 22:00,2026-01-13,22,Crude,6832.94,6856.2,23.26,0.3404,12327,79316,6800,22.22,22.72,41670,37646,0.9034,INR/bbl,Dhan API v2 (Client 1112620458)
2026-01-13 23:00,2026-01-13,23,Crude,6789.99,6812.57,22.58,0.3326,8803,81036,6800,21.28,21.78,42138,38898,0.9231,INR/bbl,Dhan API v2 (Client 1112620458)
2026-01-14 09:00,2026-01-14,9,Crude,6804.85,6816.95,12.1,0.1779,4152,79836,6800,21.69,22.19,41315,38521,0.9324,INR/bbl,Dhan API v2 (Client 1112620458)
2026-01-14 10:00,2026-01-14,10,Crude,6783.55,6790.29,6.74,0.0994,12776,79205,6800,21.3,21.8,41308,37897,0.9174,INR/bbl,Dhan API v2 (Client 1112620458)
2026-01-14 11:00,2026-01-14,11,Crude,6791.0,6819.76,28.76,0.4236,10301,78697,6800,21.76,22.26,41085,37612,0.9155,INR/bbl,Dhan API v2 (Client 1112620458)
2026-01-14 12:00,2026-01-14,12,Crude,6788.76,6806.47,17.7,0.2608,8145,80220,6800,21.57,22.07,41332,38888,0.9409,INR/bbl,Dhan API v2 (Client 1112620458)
2026-01-14 13:00,2026-01-14,13,Crude,6772.35,6776.32,3.96,0.0585,5085,78120,6800,20.99,21.49,40554,37566,0.9263,INR/bbl,Dhan API v2 (Client 1112620458)
2026-01-14 14:00,2026-01-14,14,Crude,6727.38,6748.97,21.58,0.3208,7687,78747,6700,21.54,22.04,41580,37167,0.8939,INR/bbl,Dhan API v2 (Client 1112620458)
2026-01-14 15:00,2026-01-14,15,Crude,6774.61,6772.35,-2.26,-0.0333,4141,77793,6800,21.24,21.74,40164,37629,0.9369,INR/bbl,Dhan API v2 (Client 1112620458)
2026-01-14 16:00,2026-01-14,16,Crude,6785.46,6797.07,11.6,0.171,3972,81402,6800,21.88,22.38,42096,39306,0.9337,INR/bbl,Dhan API v2 (Client 1112620458)
2026-01-14 17:00,2026-01-14,17,Crude,6776.06,6784.89,8.83,0.1303,8700,81043,6800,21.72,22.22,41940,39103,0.9324,INR/bbl,Dhan API v2 (Client 1112620458)
2026-01-14 18:00,2026-01-14,18,Crude,6774.36,6790.43,16.06,0.2371,5659,79823,6800,21.9,22.4,41034,38789,0.9453,INR/bbl,Dhan API v2 (Client 1112620458)
2026-01-14 19:00,2026-01-14,19,Crude,6808.43,6809.11,0.68,0.01,6163,80149,6800,21.13,21.63,41652,38497,0.9243,INR/bbl,Dhan API v2 (Client 1112620458)
2026-01-14 20:00,2026-01-14,20,Crude,6786.49,6797.61,11.12,0.1638,14693,80458,6800,21.2,21.7,41982,38476,0.9165,INR/bbl,Dhan API v2 (Client 1112620458)
2026-01-14 21:00,2026-01-14,21,Crude,6813.55,6834.02,20.47,0.3004,8368,78899,6800,21.42,21.92,41453,37446,0.9033,INR/bbl,Dhan API v2 (Client 1112620458)
2026-01-14 22:00,2026-01-14,22,Crude,6781.45,6775.19,-6.26,-0.0923,7605,81627,6800,21.75,22.25,43177,38450,0.8905,INR/bbl,Dhan API v2 (Client 1112620458)
2026-01-14 23:00,2026-01-14,23,Crude,6785.67,6800.21,14.54,0.2143,13750,79335,6800,21.26,21.76,41131,38204,0.9288,INR/bbl,Dhan API v2 (Client 1112620458)
2026-01-15 09:00,2026-01-15,9,Crude,6761.41,6774.78,13.37,0.1978,7043,80659,6800,21.73,22.23,41742,38917,0.9323,INR/bbl,Dhan API v2 (Client 1112620458)
2026-01-15 10:00,2026-01-15,10,Crude,6821.01,6825.09,4.08,0.0598,10407,80894,6800,21.19,21.69,42411,38483,0.9074,INR/bbl,Dhan API v2 (Client 1112620458)
2026-01-15 11:00,2026-01-15,11,Crude,6836.25,6838.3,2.04,0.0299,8730,78386,6800,21.04,21.54,40237,38149,0.9481,INR/bbl,Dhan API v2 (Client 1112620458)
2026-01-15 12:00,2026-01-15,12,Crude,6851.07,6869.57,18.5,0.2701,2996,79356,6900,21.62,22.12,41792,37564,0.8988,INR/bbl,Dhan API v2 (Client 1112620458)
2026-01-15 13:00,2026-01-15,13,Crude,6833.96,6843.89,9.93,0.1453,10576,79781,6800,20.92,21.42,41650,38131,0.9155,INR/bbl,Dhan API v2 (Client 1112620458)
2026-01-15 14:00,2026-01-15,14,Crude,6806.86,6823.36,16.51,0.2425,10565,79037,6800,21.48,21.98,41267,37770,0.9153,INR/bbl,Dhan API v2 (Client 1112620458)
2026-01-15 15:00,2026-01-15,15,Crude,6790.11,6794.45,4.34,0.0639,7463,81070,6800,22.46,22.96,42659,38411,0.9004,INR/bbl,Dhan API v2 (Client 1112620458)
2026-01-15 16:00,2026-01-15,16,Crude,6857.06,6862.64,5.57,0.0813,1508,80173,6900,21.66,22.16,42174,37999,0.901,INR/bbl,Dhan API v2 (Client 1112620458)
2026-01-15 17:00,2026-01-15,17,Crude,6849.57,6866.4,16.83,0.2457,11749,78922,6800,21.51,22.01,41400,37522,0.9063,INR/bbl,Dhan API v2 (Client 1112620458)
2026-01-15 18:00,2026-01-15,18,Crude,6878.18,6881.56,3.38,0.0491,1599,80564,6900,21.59,22.09,42123,38441,0.9126,INR/bbl,Dhan API v2 (Client 1112620458)
2026-01-15 19:00,2026-01-15,19,Crude,6878.06,6890.94,12.88,0.1873,9477,79187,6900,21.41,21.91,41197,37990,0.9222,INR/bbl,Dhan API v2 (Client 1112620458)
2026-01-15 20:00,2026-01-15,20,Crude,6880.67,6882.15,1.48,0.0215,8593,78478,6900,21.61,22.11,40875,37603,0.92,INR/bbl,Dhan API v2 (Client 1112620458)
2026-01-15 21:00,2026-01-15,21,Crude,6870.55,6886.74,16.2,0.2358,12295,78794,6900,21.4,21.9,41182,37612,0.9133,INR/bbl,Dhan API v2 (Client 1112620458)
2026-01-15 22:00,2026-01-15,22,Crude,6873.7,6887.73,14.04,0.2042,14299,81209,6900,21.2,21.7,42182,39027,0.9252,INR/bbl,Dhan API v2 (Client 1112620458)
2026-01-15 23:00,2026-01-15,23,Crude,6822.29,6831.96,9.66,0.1416,11700,79734,6800,21.54,22.04,42146,37588,0.8919,INR/bbl,Dhan API v2 (Client 1112620458)
2026-01-16 09:00,2026-01-16,9,Crude,6800.65,6818.87,18.22,0.268,14005,78854,6800,21.55,22.05,40942,37912,0.926,INR/bbl,Dhan API v2 (Client 1112620458)
2026-01-16 10:00,2026-01-16,10,Crude,6833.47,6843.51,10.05,0.147,5005,81004,6800,21.76,22.26,42018,38986,0.9278,INR/bbl,Dhan API v2 (Client 1112620458)
2026-01-16 11:00,2026-01-16,11,Crude,6827.29,6837.91,10.62,0.1556,4990,78561,6800,21.05,21.55,40945,37616,0.9187,INR/bbl,Dhan API v2 (Client 1112620458)
2026-01-16 12:00,2026-01-16,12,Crude,6831.03,6832.23,1.2,0.0175,7849,79708,6800,21.18,21.68,41894,37814,0.9026,INR/bbl,Dhan API v2 (Client 1112620458)
2026-01-16 13:00,2026-01-16,13,Crude,6842.01,6851.85,9.85,0.1439,2081,78848,6800,21.14,21.64,41455,37393,0.902,INR/bbl,Dhan API v2 (Client 1112620458)
2026-01-16 14:00,2026-01-16,14,Crude,6793.96,6772.59,-21.37,-0.3146,4348,80201,6800,21.24,21.74,40897,39304,0.961,INR/bbl,Dhan API v2 (Client 1112620458)
2026-01-16 15:00,2026-01-16,15,Crude,6849.84,6865.6,15.76,0.23,13320,78992,6800,21.16,21.66,40939,38053,0.9295,INR/bbl,Dhan API v2 (Client 1112620458)
2026-01-16 16:00,2026-01-16,16,Crude,6871.77,6893.71,21.94,0.3193,8473,81297,6900,21.86,22.36,42618,38679,0.9076,INR/bbl,Dhan API v2 (Client 1112620458)
2026-01-16 17:00,2026-01-16,17,Crude,6888.14,6874.77,-13.37,-0.1941,8708,79162,6900,21.48,21.98,42161,37001,0.8776,INR/bbl,Dhan API v2 (Client 1112620458)
2026-01-16 18:00,2026-01-16,18,Crude,6920.06,6922.12,2.06,0.0298,13202,79086,6900,21.48,21.98,41990,37096,0.8834,INR/bbl,Dhan API v2 (Client 1112620458)
2026-01-16 19:00,2026-01-16,19,Crude,6944.69,6944.04,-0.65,-0.0093,5214,79245,6900,21.8,22.3,41848,37397,0.8936,INR/bbl,Dhan API v2 (Client 1112620458)
2026-01-16 20:00,2026-01-16,20,Crude,6914.23,6929.86,15.62,0.226,11715,79359,6900,21.96,22.46,41402,37957,0.9168,INR/bbl,Dhan API v2 (Client 1112620458)
2026-01-16 21:00,2026-01-16,21,Crude,6989.2,6988.82,-0.38,-0.0054,1179,80605,7000,21.08,21.58,42018,38587,0.9183,INR/bbl,Dhan API v2 (Client 1112620458)
2026-01-16 22:00,2026-01-16,22,Crude,7013.33,7027.16,13.83,0.1972,10318,79257,7000,21.01,21.51,41923,37334,0.8905,INR/bbl,Dhan API v2 (Client 1112620458)
2026-01-16 23:00,2026-01-16,23,Crude,7004.27,7020.76,16.49,0.2354,1230,79305,7000,21.92,22.42,41165,38140,0.9265,INR/bbl,Dhan API v2 (Client 1112620458)
2026-01-19 09:00,2026-01-19,9,Crude,6987.13,6987.59,0.46,0.0067,10100,80101,7000,21.31,21.81,42536,37565,0.8831,INR/bbl,Dhan API v2 (Client 1112620458)
2026-01-19 10:00,2026-01-19,10,Crude,7030.71,7035.06,4.35,0.0619,2184,78855,7000,21.51,22.01,41008,37847,0.9229,INR/bbl,Dhan API v2 (Client 1112620458)
2026-01-19 11:00,2026-01-19,11,Crude,7019.21,7018.16,-1.05,-0.0149,6430,81344,7000,22.15,22.65,42599,38745,0.9095,INR/bbl,Dhan API v2 (Client 1112620458)
2026-01-19 12:00,2026-01-19,12,Crude,7017.66,7012.28,-5.38,-0.0766,7903,79250,7000,21.53,22.03,41332,37918,0.9174,INR/bbl,Dhan API v2 (Client 1112620458)
2026-01-19 13:00,2026-01-19,13,Crude,6989.25,7007.54,18.29,0.2617,7818,79095,7000,21.49,21.99,41068,38027,0.926,INR/bbl,Dhan API v2 (Client 1112620458)
2026-01-19 14:00,2026-01-19,14,Crude,6971.5,6999.51,28.01,0.4018,6774,80333,7000,21.64,22.14,41725,38608,0.9253,INR/bbl,Dhan API v2 (Client 1112620458)
2026-01-19 15:00,2026-01-19,15,Crude,7000.52,6999.21,-1.31,-0.0187,8964,80372,7000,21.72,22.22,42355,38017,0.8976,INR/bbl,Dhan API v2 (Client 1112620458)
2026-01-19 16:00,2026-01-19,16,Crude,6983.71,7013.16,29.45,0.4218,13913,79665,7000,21.84,22.34,41278,38387,0.93,INR/bbl,Dhan API v2 (Client 1112620458)
2026-01-19 17:00,2026-01-19,17,Crude,6978.92,6988.92,10.0,0.1433,5707,81666,7000,21.35,21.85,42403,39263,0.9259,INR/bbl,Dhan API v2 (Client 1112620458)
2026-01-19 18:00,2026-01-19,18,Crude,6962.47,6957.95,-4.51,-0.0648,5261,79775,7000,21.21,21.71,41775,38000,0.9096,INR/bbl,Dhan API v2 (Client 1112620458)
2026-01-19 19:00,2026-01-19,19,Crude,6923.12,6931.96,8.83,0.1276,13565,79299,6900,21.92,22.42,40902,38397,0.9388,INR/bbl,Dhan API v2 (Client 1112620458)
2026-01-19 20:00,2026-01-19,20,Crude,6876.74,6883.09,6.35,0.0923,5081,80039,6900,21.74,22.24,41363,38676,0.935,INR/bbl,Dhan API v2 (Client 1112620458)
2026-01-19 21:00,2026-01-19,21,Crude,6881.83,6879.3,-2.52,-0.0367,14703,81024,6900,21.42,21.92,42592,38432,0.9023,INR/bbl,Dhan API v2 (Client 1112620458)
2026-01-19 22:00,2026-01-19,22,Crude,6906.81,6912.97,6.16,0.0891,7525,77838,6900,21.75,22.25,40806,37032,0.9075,INR/bbl,Dhan API v2 (Client 1112620458)
2026-01-19 23:00,2026-01-19,23,Crude,6882.09,6892.94,10.85,0.1576,3143,79315,6900,21.12,21.62,41185,38130,0.9258,INR/bbl,Dhan API v2 (Client 1112620458)
2026-01-20 09:00,2026-01-20,9,Crude,6867.89,6871.19,3.31,0.0481,10150,78120,6900,21.77,22.27,40552,37568,0.9264,INR/bbl,Dhan API v2 (Client 1112620458)
2026-01-20 10:00,2026-01-20,10,Crude,6836.74,6856.2,19.46,0.2846,1137,80906,6800,21.46,21.96,42240,38666,0.9154,INR/bbl,Dhan API v2 (Client 1112620458)
2026-01-20 11:00,2026-01-20,11,Crude,6824.0,6824.7,0.7,0.0103,12116,79419,6800,22.25,22.75,42685,36734,0.8606,INR/bbl,Dhan API v2 (Client 1112620458)
2026-01-20 12:00,2026-01-20,12,Crude,6831.7,6844.36,12.66,0.1853,3306,79565,6800,22.19,22.69,41404,38161,0.9217,INR/bbl,Dhan API v2 (Client 1112620458)
2026-01-20 13:00,2026-01-20,13,Crude,6777.46,6774.35,-3.11,-0.0459,11979,79358,6800,21.24,21.74,41336,38022,0.9198,INR/bbl,Dhan API v2 (Client 1112620458)
2026-01-20 14:00,2026-01-20,14,Crude,6781.12,6790.97,9.85,0.1453,7732,79223,6800,22.12,22.62,41454,37769,0.9111,INR/bbl,Dhan API v2 (Client 1112620458)
2026-01-20 15:00,2026-01-20,15,Crude,6757.11,6761.72,4.61,0.0683,9944,79080,6800,21.4,21.9,42357,36723,0.867,INR/bbl,Dhan API v2 (Client 1112620458)
2026-01-20 16:00,2026-01-20,16,Crude,6786.78,6802.41,15.63,0.2303,1099,79926,6800,21.65,22.15,41540,38386,0.9241,INR/bbl,Dhan API v2 (Client 1112620458)
2026-01-20 17:00,2026-01-20,17,Crude,6763.12,6761.79,-1.33,-0.0197,2373,78442,6800,21.49,21.99,41407,37035,0.8944,INR/bbl,Dhan API v2 (Client 1112620458)
2026-01-20 18:00,2026-01-20,18,Crude,6823.2,6828.63,5.43,0.0796,5608,80365,6800,22.12,22.62,41578,38787,0.9329,INR/bbl,Dhan API v2 (Client 1112620458)
2026-01-20 19:00,2026-01-20,19,Crude,6786.28,6778.81,-7.47,-0.1101,14363,80545,6800,21.36,21.86,42188,38357,0.9092,INR/bbl,Dhan API v2 (Client 1112620458)
2026-01-20 20:00,2026-01-20,20,Crude,6780.07,6797.54,17.47,0.2577,10441,79712,6800,21.12,21.62,41530,38182,0.9194,INR/bbl,Dhan API v2 (Client 1112620458)
2026-01-20 21:00,2026-01-20,21,Crude,6785.49,6784.8,-0.69,-0.0102,9644,77624,6800,21.98,22.48,40393,37231,0.9217,INR/bbl,Dhan API v2 (Client 1112620458)
2026-01-20 22:00,2026-01-20,22,Crude,6767.08,6772.97,5.9,0.0871,8911,78922,6800,21.67,22.17,41382,37540,0.9072,INR/bbl,Dhan API v2 (Client 1112620458)
2026-01-20 23:00,2026-01-20,23,Crude,6793.4,6788.12,-5.28,-0.0777,2422,79855,6800,21.37,21.87,42190,37665,0.8927,INR/bbl,Dhan API v2 (Client 1112620458)
2026-01-21 09:00,2026-01-21,9,Crude,6790.51,6817.3,26.79,0.3945,2885,79523,6800,21.52,22.02,40865,38658,0.946,INR/bbl,Dhan API v2 (Client 1112620458)
2026-01-21 10:00,2026-01-21,10,Crude,6754.9,6759.81,4.91,0.0728,10870,80928,6800,22.12,22.62,42491,38437,0.9046,INR/bbl,Dhan API v2 (Client 1112620458)
2026-01-21 11:00,2026-01-21,11,Crude,6783.24,6778.78,-4.46,-0.0658,9809,79843,6800,22.34,22.84,41334,38509,0.9317,INR/bbl,Dhan API v2 (Client 1112620458)
2026-01-21 12:00,2026-01-21,12,Crude,6805.14,6803.49,-1.65,-0.0243,5403,79595,6800,21.74,22.24,40719,38876,0.9547,INR/bbl,Dhan API v2 (Client 1112620458)
2026-01-21 13:00,2026-01-21,13,Crude,6776.08,6788.75,12.66,0.1869,13526,79619,6800,22.24,22.74,41707,37912,0.909,INR/bbl,Dhan API v2 (Client 1112620458)
2026-01-21 14:00,2026-01-21,14,Crude,6769.06,6767.87,-1.18,-0.0175,10400,79926,6800,21.2,21.7,41884,38042,0.9083,INR/bbl,Dhan API v2 (Client 1112620458)
2026-01-21 15:00,2026-01-21,15,Crude,6797.81,6807.75,9.94,0.1462,2382,78532,6800,21.69,22.19,42079,36453,0.8663,INR/bbl,Dhan API v2 (Client 1112620458)
2026-01-21 16:00,2026-01-21,16,Crude,6832.03,6833.29,1.26,0.0185,7824,78641,6800,21.46,21.96,40420,38221,0.9456,INR/bbl,Dhan API v2 (Client 1112620458)
2026-01-21 17:00,2026-01-21,17,Crude,6835.58,6828.67,-6.92,-0.1012,5018,80747,6800,21.23,21.73,41609,39138,0.9406,INR/bbl,Dhan API v2 (Client 1112620458)
2026-01-21 18:00,2026-01-21,18,Crude,6821.62,6818.62,-3.0,-0.044,6947,78363,6800,21.59,22.09,40902,37461,0.9159,INR/bbl,Dhan API v2 (Client 1112620458)
2026-01-21 19:00,2026-01-21,19,Crude,6826.01,6830.84,4.83,0.0708,1469,80126,6800,21.48,21.98,40997,39129,0.9544,INR/bbl,Dhan API v2 (Client 1112620458)
2026-01-21 20:00,2026-01-21,20,Crude,6806.91,6813.88,6.96,0.1023,9665,78823,6800,21.7,22.2,40498,38325,0.9463,INR/bbl,Dhan API v2 (Client 1112620458)
2026-01-21 21:00,2026-01-21,21,Crude,6779.86,6804.74,24.87,0.3669,1227,79600,6800,21.34,21.84,41369,38231,0.9241,INR/bbl,Dhan API v2 (Client 1112620458)
2026-01-21 22:00,2026-01-21,22,Crude,6797.8,6797.22,-0.58,-0.0085,2399,79401,6800,21.63,22.13,41101,38300,0.9319,INR/bbl,Dhan API v2 (Client 1112620458)
2026-01-21 23:00,2026-01-21,23,Crude,6808.77,6812.66,3.89,0.0572,5683,79748,6800,21.47,21.97,42313,37435,0.8847,INR/bbl,Dhan API v2 (Client 1112620458)
2026-01-22 09:00,2026-01-22,9,Crude,6817.65,6812.57,-5.09,-0.0746,3632,80302,6800,21.34,21.84,42292,38010,0.8988,INR/bbl,Dhan API v2 (Client 1112620458)
2026-01-22 10:00,2026-01-22,10,Crude,6808.54,6825.19,16.65,0.2445,5091,79150,6800,22.01,22.51,40789,38361,0.9405,INR/bbl,Dhan API v2 (Client 1112620458)
2026-01-22 11:00,2026-01-22,11,Crude,6761.84,6749.35,-12.49,-0.1847,14284,80033,6800,21.89,22.39,42787,37246,0.8705,INR/bbl,Dhan API v2 (Client 1112620458)
2026-01-22 12:00,2026-01-22,12,Crude,6791.11,6790.18,-0.93,-0.0137,8030,81075,6800,21.7,22.2,42313,38762,0.9161,INR/bbl,Dhan API v2 (Client 1112620458)
2026-01-22 13:00,2026-01-22,13,Crude,6803.28,6823.36,20.08,0.2952,5321,80485,6800,21.79,22.29,41104,39381,0.9581,INR/bbl,Dhan API v2 (Client 1112620458)
2026-01-22 14:00,2026-01-22,14,Crude,6825.73,6840.81,15.08,0.2209,12613,78773,6800,21.09,21.59,41122,37651,0.9156,INR/bbl,Dhan API v2 (Client 1112620458)
2026-01-22 15:00,2026-01-22,15,Crude,6797.31,6807.87,10.56,0.1553,636,79732,6800,22.14,22.64,42544,37188,0.8741,INR/bbl,Dhan API v2 (Client 1112620458)
2026-01-22 16:00,2026-01-22,16,Crude,6787.95,6788.0,0.05,0.0007,3473,78678,6800,22.07,22.57,41380,37298,0.9014,INR/bbl,Dhan API v2 (Client 1112620458)
2026-01-22 17:00,2026-01-22,17,Crude,6803.45,6796.46,-6.99,-0.1027,6132,79502,6800,21.69,22.19,41048,38454,0.9368,INR/bbl,Dhan API v2 (Client 1112620458)
2026-01-22 18:00,2026-01-22,18,Crude,6827.07,6831.23,4.16,0.0609,5773,79957,6800,21.63,22.13,41230,38727,0.9393,INR/bbl,Dhan API v2 (Client 1112620458)
2026-01-22 19:00,2026-01-22,19,Crude,6804.99,6792.74,-12.26,-0.1801,12462,79286,6800,21.74,22.24,41195,38091,0.9247,INR/bbl,Dhan API v2 (Client 1112620458)
2026-01-22 20:00,2026-01-22,20,Crude,6819.98,6842.58,22.6,0.3314,4038,79459,6800,21.11,21.61,41226,38233,0.9274,INR/bbl,Dhan API v2 (Client 1112620458)
2026-01-22 21:00,2026-01-22,21,Crude,6809.67,6807.57,-2.1,-0.0309,14929,78709,6800,21.51,22.01,41515,37194,0.8959,INR/bbl,Dhan API v2 (Client 1112620458)
2026-01-22 22:00,2026-01-22,22,Crude,6771.71,6796.71,25.0,0.3692,10786,79604,6800,21.57,22.07,42279,37325,0.8828,INR/bbl,Dhan API v2 (Client 1112620458)
2026-01-22 23:00,2026-01-22,23,Crude,6762.77,6762.67,-0.1,-0.0015,1103,79942,6800,21.73,22.23,42199,37743,0.8944,INR/bbl,Dhan API v2 (Client 1112620458)
2026-01-23 09:00,2026-01-23,9,Crude,6751.37,6762.01,10.64,0.1576,2371,79977,6800,21.56,22.06,41872,38105,0.91,INR/bbl,Dhan API v2 (Client 1112620458)
2026-01-23 10:00,2026-01-23,10,Crude,6757.87,6763.42,5.55,0.0821,5880,80135,6800,21.57,22.07,41027,39108,0.9532,INR/bbl,Dhan API v2 (Client 1112620458)
2026-01-23 11:00,2026-01-23,11,Crude,6766.8,6776.86,10.07,0.1488,4289,79955,6800,21.84,22.34,41822,38133,0.9118,INR/bbl,Dhan API v2 (Client 1112620458)
2026-01-23 12:00,2026-01-23,12,Crude,6737.68,6744.47,6.79,0.1007,10184,79550,6700,21.32,21.82,41341,38209,0.9242,INR/bbl,Dhan API v2 (Client 1112620458)
2026-01-23 13:00,2026-01-23,13,Crude,6776.28,6787.56,11.27,0.1663,12515,79206,6800,22.03,22.53,41616,37590,0.9033,INR/bbl,Dhan API v2 (Client 1112620458)
2026-01-23 14:00,2026-01-23,14,Crude,6780.54,6779.48,-1.07,-0.0157,10078,79939,6800,21.34,21.84,41365,38574,0.9325,INR/bbl,Dhan API v2 (Client 1112620458)
2026-01-23 15:00,2026-01-23,15,Crude,6814.04,6814.16,0.12,0.0017,12737,80088,6800,21.83,22.33,41649,38439,0.9229,INR/bbl,Dhan API v2 (Client 1112620458)
2026-01-23 16:00,2026-01-23,16,Crude,6763.75,6772.67,8.92,0.1319,12325,80215,6800,21.22,21.72,42083,38132,0.9061,INR/bbl,Dhan API v2 (Client 1112620458)
2026-01-23 17:00,2026-01-23,17,Crude,6792.82,6793.99,1.18,0.0173,3014,78270,6800,21.94,22.44,40591,37679,0.9283,INR/bbl,Dhan API v2 (Client 1112620458)
2026-01-23 18:00,2026-01-23,18,Crude,6770.84,6762.72,-8.12,-0.1199,10623,78681,6800,22.18,22.68,40848,37833,0.9262,INR/bbl,Dhan API v2 (Client 1112620458)
2026-01-23 19:00,2026-01-23,19,Crude,6813.6,6826.43,12.84,0.1884,730,79374,6800,21.47,21.97,41280,38094,0.9228,INR/bbl,Dhan API v2 (Client 1112620458)
2026-01-23 20:00,2026-01-23,20,Crude,6818.84,6834.17,15.34,0.2249,1478,80494,6800,21.3,21.8,42133,38361,0.9105,INR/bbl,Dhan API v2 (Client 1112620458)
2026-01-23 21:00,2026-01-23,21,Crude,6865.17,6861.14,-4.03,-0.0587,8556,81254,6900,21.94,22.44,41452,39802,0.9602,INR/bbl,Dhan API v2 (Client 1112620458)
2026-01-23 22:00,2026-01-23,22,Crude,6799.17,6787.94,-11.23,-0.1651,9002,78963,6800,21.31,21.81,41172,37791,0.9179,INR/bbl,Dhan API v2 (Client 1112620458)
2026-01-23 23:00,2026-01-23,23,Crude,6805.77,6792.89,-12.88,-0.1893,13348,79927,6800,21.59,22.09,40618,39309,0.9678,INR/bbl,Dhan API v2 (Client 1112620458)
2026-01-26 09:00,2026-01-26,9,Crude,6789.1,6786.87,-2.23,-0.0329,10574,79607,6800,21.45,21.95,42429,37178,0.8762,INR/bbl,Dhan API v2 (Client 1112620458)
2026-01-26 10:00,2026-01-26,10,Crude,6776.37,6772.82,-3.56,-0.0525,10756,80428,6800,21.62,22.12,41156,39272,0.9542,INR/bbl,Dhan API v2 (Client 1112620458)
2026-01-26 11:00,2026-01-26,11,Crude,6796.33,6782.46,-13.88,-0.2042,568,79947,6800,21.68,22.18,42238,37709,0.8928,INR/bbl,Dhan API v2 (Client 1112620458)
2026-01-26 12:00,2026-01-26,12,Crude,6818.91,6813.86,-5.06,-0.0742,11643,78730,6800,21.84,22.34,40036,38694,0.9665,INR/bbl,Dhan API v2 (Client 1112620458)
2026-01-26 13:00,2026-01-26,13,Crude,6828.28,6826.74,-1.53,-0.0225,14011,81091,6800,21.66,22.16,41769,39322,0.9414,INR/bbl,Dhan API v2 (Client 1112620458)
2026-01-26 14:00,2026-01-26,14,Crude,6831.41,6822.71,-8.7,-0.1274,569,80115,6800,21.15,21.65,41634,38481,0.9243,INR/bbl,Dhan API v2 (Client 1112620458)
2026-01-26 15:00,2026-01-26,15,Crude,6795.87,6782.68,-13.19,-0.1941,10620,79972,6800,21.6,22.1,41532,38440,0.9256,INR/bbl,Dhan API v2 (Client 1112620458)
2026-01-26 16:00,2026-01-26,16,Crude,6785.31,6789.04,3.73,0.055,4603,78653,6800,21.63,22.13,39702,38951,0.9811,INR/bbl,Dhan API v2 (Client 1112620458)
2026-01-26 17:00,2026-01-26,17,Crude,6736.38,6752.8,16.42,0.2438,5151,79566,6700,21.88,22.38,41374,38192,0.9231,INR/bbl,Dhan API v2 (Client 1112620458)
2026-01-26 18:00,2026-01-26,18,Crude,6737.82,6747.69,9.87,0.1465,12232,80014,6700,21.68,22.18,41962,38052,0.9068,INR/bbl,Dhan API v2 (Client 1112620458)
2026-01-26 19:00,2026-01-26,19,Crude,6736.36,6747.99,11.63,0.1726,6650,79326,6700,21.95,22.45,41190,38136,0.9259,INR/bbl,Dhan API v2 (Client 1112620458)
2026-01-26 20:00,2026-01-26,20,Crude,6713.14,6726.01,12.87,0.1917,11524,78009,6700,21.49,21.99,40434,37575,0.9293,INR/bbl,Dhan API v2 (Client 1112620458)
2026-01-26 21:00,2026-01-26,21,Crude,6744.66,6744.33,-0.34,-0.005,5453,81612,6700,21.93,22.43,42331,39281,0.9279,INR/bbl,Dhan API v2 (Client 1112620458)
2026-01-26 22:00,2026-01-26,22,Crude,6732.04,6736.52,4.47,0.0665,11400,78749,6700,21.81,22.31,40909,37840,0.925,INR/bbl,Dhan API v2 (Client 1112620458)
2026-01-26 23:00,2026-01-26,23,Crude,6711.05,6724.1,13.05,0.1945,10609,79117,6700,21.09,21.59,41617,37500,0.9011,INR/bbl,Dhan API v2 (Client 1112620458)
2026-01-27 09:00,2026-01-27,9,Crude,6745.6,6755.9,10.3,0.1527,9757,81111,6700,21.72,22.22,41725,39386,0.9439,INR/bbl,Dhan API v2 (Client 1112620458)
2026-01-27 10:00,2026-01-27,10,Crude,6735.28,6755.99,20.71,0.3075,13672,81630,6700,21.85,22.35,42428,39202,0.924,INR/bbl,Dhan API v2 (Client 1112620458)
2026-01-27 11:00,2026-01-27,11,Crude,6701.43,6690.49,-10.94,-0.1633,10612,80209,6700,21.15,21.65,41110,39099,0.9511,INR/bbl,Dhan API v2 (Client 1112620458)
2026-01-27 12:00,2026-01-27,12,Crude,6695.64,6696.58,0.94,0.0141,13483,80258,6700,21.69,22.19,41627,38631,0.928,INR/bbl,Dhan API v2 (Client 1112620458)
2026-01-27 13:00,2026-01-27,13,Crude,6692.76,6708.93,16.16,0.2415,4210,81456,6700,21.27,21.77,42823,38633,0.9022,INR/bbl,Dhan API v2 (Client 1112620458)
2026-01-27 14:00,2026-01-27,14,Crude,6732.69,6740.2,7.51,0.1116,7175,78825,6700,21.41,21.91,41771,37054,0.8871,INR/bbl,Dhan API v2 (Client 1112620458)
2026-01-27 15:00,2026-01-27,15,Crude,6725.86,6751.92,26.06,0.3874,5738,78277,6700,21.97,22.47,40562,37715,0.9298,INR/bbl,Dhan API v2 (Client 1112620458)
2026-01-27 16:00,2026-01-27,16,Crude,6724.11,6719.25,-4.86,-0.0723,9958,78022,6700,21.49,21.99,40377,37645,0.9323,INR/bbl,Dhan API v2 (Client 1112620458)
2026-01-27 17:00,2026-01-27,17,Crude,6763.27,6764.4,1.13,0.0167,10171,79597,6800,21.18,21.68,41592,38005,0.9138,INR/bbl,Dhan API v2 (Client 1112620458)
2026-01-27 18:00,2026-01-27,18,Crude,6744.69,6745.67,0.98,0.0145,7682,78788,6700,21.97,22.47,40320,38468,0.9541,INR/bbl,Dhan API v2 (Client 1112620458)
2026-01-27 19:00,2026-01-27,19,Crude,6748.56,6749.35,0.79,0.0117,14368,80672,6700,21.05,21.55,42318,38354,0.9063,INR/bbl,Dhan API v2 (Client 1112620458)
2026-01-27 20:00,2026-01-27,20,Crude,6795.57,6785.95,-9.61,-0.1415,8450,78829,6800,21.18,21.68,41586,37243,0.8956,INR/bbl,Dhan API v2 (Client 1112620458)
2026-01-27 21:00,2026-01-27,21,Crude,6798.86,6811.05,12.19,0.1793,9007,81137,6800,21.13,21.63,42246,38891,0.9206,INR/bbl,Dhan API v2 (Client 1112620458)
2026-01-27 22:00,2026-01-27,22,Crude,6849.39,6848.07,-1.33,-0.0194,13467,81684,6800,21.61,22.11,42845,38839,0.9065,INR/bbl,Dhan API v2 (Client 1112620458)
2026-01-27 23:00,2026-01-27,23,Crude,6826.03,6834.74,8.71,0.1276,7259,80170,6800,21.44,21.94,41539,38631,0.93,INR/bbl,Dhan API v2 (Client 1112620458)
2026-01-28 09:00,2026-01-28,9,Crude,6826.31,6841.98,15.67,0.2295,2591,78449,6800,21.21,21.71,41170,37279,0.9055,INR/bbl,Dhan API v2 (Client 1112620458)
2026-01-28 10:00,2026-01-28,10,Crude,6839.55,6838.9,-0.66,-0.0096,9178,79860,6800,21.76,22.26,41105,38755,0.9428,INR/bbl,Dhan API v2 (Client 1112620458)
2026-01-28 11:00,2026-01-28,11,Crude,6837.78,6847.52,9.74,0.1425,14235,78836,6800,21.53,22.03,40990,37846,0.9233,INR/bbl,Dhan API v2 (Client 1112620458)
2026-01-28 12:00,2026-01-28,12,Crude,6836.19,6838.54,2.35,0.0343,12266,79529,6800,21.1,21.6,41088,38441,0.9356,INR/bbl,Dhan API v2 (Client 1112620458)
2026-01-28 13:00,2026-01-28,13,Crude,6821.42,6828.3,6.88,0.1009,9698,80515,6800,21.18,21.68,42014,38501,0.9164,INR/bbl,Dhan API v2 (Client 1112620458)
2026-01-28 14:00,2026-01-28,14,Crude,6806.17,6793.98,-12.18,-0.179,10789,78864,6800,22.0,22.5,41541,37323,0.8985,INR/bbl,Dhan API v2 (Client 1112620458)
2026-01-28 15:00,2026-01-28,15,Crude,6831.91,6827.15,-4.76,-0.0697,2603,81044,6800,21.87,22.37,41647,39397,0.946,INR/bbl,Dhan API v2 (Client 1112620458)
2026-01-28 16:00,2026-01-28,16,Crude,6859.42,6879.24,19.81,0.2889,12277,80603,6900,21.96,22.46,41491,39112,0.9427,INR/bbl,Dhan API v2 (Client 1112620458)
2026-01-28 17:00,2026-01-28,17,Crude,6867.28,6866.99,-0.29,-0.0042,9394,80539,6900,21.48,21.98,41747,38792,0.9292,INR/bbl,Dhan API v2 (Client 1112620458)
2026-01-28 18:00,2026-01-28,18,Crude,6868.78,6868.13,-0.66,-0.0096,8729,79503,6900,21.48,21.98,40368,39135,0.9695,INR/bbl,Dhan API v2 (Client 1112620458)
2026-01-28 19:00,2026-01-28,19,Crude,6823.28,6834.25,10.98,0.1609,14275,79023,6800,21.67,22.17,41366,37657,0.9103,INR/bbl,Dhan API v2 (Client 1112620458)
2026-01-28 20:00,2026-01-28,20,Crude,6799.45,6820.05,20.6,0.3029,9196,79473,6800,21.48,21.98,41387,38086,0.9202,INR/bbl,Dhan API v2 (Client 1112620458)
2026-01-28 21:00,2026-01-28,21,Crude,6770.4,6766.99,-3.41,-0.0504,2219,78516,6800,21.67,22.17,41388,37128,0.8971,INR/bbl,Dhan API v2 (Client 1112620458)
2026-01-28 22:00,2026-01-28,22,Crude,6728.61,6735.69,7.07,0.1051,8063,80228,6700,21.55,22.05,42818,37410,0.8737,INR/bbl,Dhan API v2 (Client 1112620458)
2026-01-28 23:00,2026-01-28,23,Crude,6727.43,6740.42,13.0,0.1932,9868,78899,6700,21.27,21.77,41475,37424,0.9023,INR/bbl,Dhan API v2 (Client 1112620458)
2026-01-29 09:00,2026-01-29,9,Crude,6707.97,6729.14,21.17,0.3156,9588,80947,6700,22.06,22.56,42412,38535,0.9086,INR/bbl,Dhan API v2 (Client 1112620458)
2026-01-29 10:00,2026-01-29,10,Crude,6686.09,6703.83,17.74,0.2654,556,81001,6700,21.33,21.83,42465,38536,0.9075,INR/bbl,Dhan API v2 (Client 1112620458)
2026-01-29 11:00,2026-01-29,11,Crude,6692.67,6727.43,34.76,0.5194,7650,81569,6700,21.67,22.17,42969,38600,0.8983,INR/bbl,Dhan API v2 (Client 1112620458)
2026-01-29 12:00,2026-01-29,12,Crude,6693.68,6718.05,24.37,0.3641,4685,78371,6700,21.44,21.94,40573,37798,0.9316,INR/bbl,Dhan API v2 (Client 1112620458)
2026-01-29 13:00,2026-01-29,13,Crude,6652.27,6685.47,33.2,0.4991,7256,79255,6700,21.83,22.33,40966,38289,0.9347,INR/bbl,Dhan API v2 (Client 1112620458)
2026-01-29 14:00,2026-01-29,14,Crude,6679.42,6700.65,21.22,0.3177,5295,78656,6700,21.43,21.93,41131,37525,0.9123,INR/bbl,Dhan API v2 (Client 1112620458)
2026-01-29 15:00,2026-01-29,15,Crude,6669.14,6692.13,22.99,0.3447,6097,79461,6700,21.27,21.77,41665,37796,0.9071,INR/bbl,Dhan API v2 (Client 1112620458)
2026-01-29 16:00,2026-01-29,16,Crude,6649.07,6686.38,37.3,0.561,9559,78588,6600,21.91,22.41,41088,37500,0.9127,INR/bbl,Dhan API v2 (Client 1112620458)
2026-01-29 17:00,2026-01-29,17,Crude,6596.85,6596.43,-0.42,-0.0063,4764,80408,6600,21.54,22.04,42322,38086,0.8999,INR/bbl,Dhan API v2 (Client 1112620458)
2026-01-29 18:00,2026-01-29,18,Crude,6568.69,6583.73,15.04,0.229,7583,78260,6600,21.69,22.19,41062,37198,0.9059,INR/bbl,Dhan API v2 (Client 1112620458)
2026-01-29 19:00,2026-01-29,19,Crude,6553.99,6579.37,25.38,0.3873,3429,81638,6600,21.79,22.29,42211,39427,0.934,INR/bbl,Dhan API v2 (Client 1112620458)
2026-01-29 20:00,2026-01-29,20,Crude,6607.72,6634.32,26.61,0.4027,3812,78838,6600,21.86,22.36,41405,37433,0.9041,INR/bbl,Dhan API v2 (Client 1112620458)
2026-01-29 21:00,2026-01-29,21,Crude,6612.19,6628.9,16.71,0.2527,12240,80034,6600,21.27,21.77,41723,38311,0.9182,INR/bbl,Dhan API v2 (Client 1112620458)
2026-01-29 22:00,2026-01-29,22,Crude,6599.51,6618.42,18.91,0.2866,14846,81063,6600,21.58,22.08,41785,39278,0.94,INR/bbl,Dhan API v2 (Client 1112620458)
2026-01-29 23:00,2026-01-29,23,Crude,6602.35,6631.05,28.7,0.4346,11069,80113,6600,21.63,22.13,41611,38502,0.9253,INR/bbl,Dhan API v2 (Client 1112620458)
2026-01-30 09:00,2026-01-30,9,Crude,6616.29,6656.41,40.12,0.6064,7416,78775,6600,21.94,22.44,40809,37966,0.9303,INR/bbl,Dhan API v2 (Client 1112620458)
2026-01-30 10:00,2026-01-30,10,Crude,6590.72,6619.6,28.88,0.4382,2500,79902,6600,21.51,22.01,41913,37989,0.9064,INR/bbl,Dhan API v2 (Client 1112620458)
2026-01-30 11:00,2026-01-30,11,Crude,6545.17,6573.4,28.23,0.4314,818,80286,6500,21.91,22.41,41620,38666,0.929,INR/bbl,Dhan API v2 (Client 1112620458)
2026-01-30 12:00,2026-01-30,12,Crude,6606.18,6630.53,24.35,0.3685,13928,80932,6600,21.39,21.89,41519,39413,0.9493,INR/bbl,Dhan API v2 (Client 1112620458)
2026-01-30 13:00,2026-01-30,13,Crude,6663.92,6690.93,27.01,0.4053,6417,79899,6700,21.53,22.03,41981,37918,0.9032,INR/bbl,Dhan API v2 (Client 1112620458)
2026-01-30 14:00,2026-01-30,14,Crude,6649.68,6663.41,13.73,0.2065,5937,79948,6600,21.34,21.84,42083,37865,0.8998,INR/bbl,Dhan API v2 (Client 1112620458)
2026-01-30 15:00,2026-01-30,15,Crude,6656.0,6677.94,21.94,0.3297,2901,80970,6700,22.02,22.52,42876,38094,0.8885,INR/bbl,Dhan API v2 (Client 1112620458)
2026-01-30 16:00,2026-01-30,16,Crude,6638.9,6662.81,23.91,0.3602,8893,80017,6600,21.51,22.01,41553,38464,0.9257,INR/bbl,Dhan API v2 (Client 1112620458)
2026-01-30 17:00,2026-01-30,17,Crude,6689.56,6715.18,25.62,0.383,2063,78400,6700,21.78,22.28,41259,37141,0.9002,INR/bbl,Dhan API v2 (Client 1112620458)
2026-01-30 18:00,2026-01-30,18,Crude,6640.25,6670.82,30.57,0.4603,14390,78703,6600,21.75,22.25,40723,37980,0.9326,INR/bbl,Dhan API v2 (Client 1112620458)
2026-01-30 19:00,2026-01-30,19,Crude,6652.23,6699.33,47.1,0.708,5544,80096,6700,22.2,22.7,42175,37921,0.8991,INR/bbl,Dhan API v2 (Client 1112620458)
2026-01-30 20:00,2026-01-30,20,Crude,6635.46,6661.16,25.7,0.3874,10923,78598,6600,21.63,22.13,40855,37743,0.9238,INR/bbl,Dhan API v2 (Client 1112620458)
2026-01-30 21:00,2026-01-30,21,Crude,6619.46,6650.41,30.95,0.4675,3214,80642,6600,21.92,22.42,42079,38563,0.9164,INR/bbl,Dhan API v2 (Client 1112620458)
2026-01-30 22:00,2026-01-30,22,Crude,6695.37,6732.03,36.66,0.5475,6037,77437,6700,20.89,21.39,40525,36912,0.9108,INR/bbl,Dhan API v2 (Client 1112620458)
2026-01-30 23:00,2026-01-30,23,Crude,6747.4,6770.61,23.21,0.344,12364,79132,6700,22.09,22.59,41772,37360,0.8944,INR/bbl,Dhan API v2 (Client 1112620458)
2026-02-02 09:00,2026-02-02,9,Crude,6730.31,6757.27,26.96,0.4006,2724,78745,6700,20.93,21.43,40443,38302,0.9471,INR/bbl,Dhan API v2 (Client 1112620458)
2026-02-02 10:00,2026-02-02,10,Crude,6700.65,6724.17,23.52,0.351,3645,78571,6700,22.12,22.62,41574,36997,0.8899,INR/bbl,Dhan API v2 (Client 1112620458)
2026-02-02 11:00,2026-02-02,11,Crude,6710.8,6739.94,29.14,0.4342,5181,79243,6700,21.55,22.05,40565,38678,0.9535,INR/bbl,Dhan API v2 (Client 1112620458)
2026-02-02 12:00,2026-02-02,12,Crude,6704.07,6728.57,24.5,0.3654,12951,79715,6700,21.89,22.39,41555,38160,0.9183,INR/bbl,Dhan API v2 (Client 1112620458)
2026-02-02 13:00,2026-02-02,13,Crude,6713.94,6739.37,25.43,0.3787,12355,79363,6700,21.59,22.09,41777,37586,0.8997,INR/bbl,Dhan API v2 (Client 1112620458)
2026-02-02 14:00,2026-02-02,14,Crude,6752.27,6787.46,35.19,0.5212,668,80403,6800,21.38,21.88,41650,38753,0.9304,INR/bbl,Dhan API v2 (Client 1112620458)
2026-02-02 15:00,2026-02-02,15,Crude,6699.63,6734.91,35.27,0.5265,13398,80729,6700,21.78,22.28,41870,38859,0.9281,INR/bbl,Dhan API v2 (Client 1112620458)
2026-02-02 16:00,2026-02-02,16,Crude,6669.33,6689.05,19.73,0.2958,549,79140,6700,20.76,21.26,41477,37663,0.908,INR/bbl,Dhan API v2 (Client 1112620458)
2026-02-02 17:00,2026-02-02,17,Crude,6628.14,6686.87,58.73,0.886,7324,79829,6600,21.55,22.05,41769,38060,0.9112,INR/bbl,Dhan API v2 (Client 1112620458)
2026-02-02 18:00,2026-02-02,18,Crude,6637.29,6670.72,33.44,0.5037,1431,77935,6600,21.74,22.24,41049,36886,0.8986,INR/bbl,Dhan API v2 (Client 1112620458)
2026-02-02 19:00,2026-02-02,19,Crude,6662.67,6694.78,32.11,0.482,1130,79778,6700,21.21,21.71,41920,37858,0.9031,INR/bbl,Dhan API v2 (Client 1112620458)
2026-02-02 20:00,2026-02-02,20,Crude,6617.86,6640.23,22.37,0.338,5165,80971,6600,21.72,22.22,41848,39123,0.9349,INR/bbl,Dhan API v2 (Client 1112620458)
2026-02-02 21:00,2026-02-02,21,Crude,6595.41,6628.11,32.71,0.4959,14835,80037,6600,21.84,22.34,42193,37844,0.8969,INR/bbl,Dhan API v2 (Client 1112620458)
2026-02-02 22:00,2026-02-02,22,Crude,6603.68,6640.01,36.33,0.5502,14678,79395,6600,21.15,21.65,41216,38179,0.9263,INR/bbl,Dhan API v2 (Client 1112620458)
2026-02-02 23:00,2026-02-02,23,Crude,6596.43,6618.01,21.58,0.3272,6240,80402,6600,21.83,22.33,42050,38352,0.9121,INR/bbl,Dhan API v2 (Client 1112620458)
2026-02-03 09:00,2026-02-03,9,Crude,6631.13,6653.76,22.63,0.3413,11864,79154,6600,21.29,21.79,41130,38024,0.9245,INR/bbl,Dhan API v2 (Client 1112620458)
2026-02-03 10:00,2026-02-03,10,Crude,6647.75,6664.79,17.04,0.2563,1232,79279,6600,22.16,22.66,40526,38753,0.9563,INR/bbl,Dhan API v2 (Client 1112620458)
2026-02-03 11:00,2026-02-03,11,Crude,6670.65,6700.09,29.44,0.4413,5545,79725,6700,21.9,22.4,41950,37775,0.9005,INR/bbl,Dhan API v2 (Client 1112620458)
2026-02-03 12:00,2026-02-03,12,Crude,6659.72,6684.12,24.41,0.3665,1140,78471,6700,21.45,21.95,41217,37254,0.9039,INR/bbl,Dhan API v2 (Client 1112620458)
2026-02-03 13:00,2026-02-03,13,Crude,6643.15,6658.71,15.56,0.2342,7258,80882,6600,21.44,21.94,41442,39440,0.9517,INR/bbl,Dhan API v2 (Client 1112620458)
2026-02-03 14:00,2026-02-03,14,Crude,6628.73,6662.59,33.85,0.5107,9050,79381,6600,21.96,22.46,41661,37720,0.9054,INR/bbl,Dhan API v2 (Client 1112620458)
2026-02-03 15:00,2026-02-03,15,Crude,6632.01,6634.34,2.32,0.035,14311,78180,6600,21.8,22.3,40823,37357,0.9151,INR/bbl,Dhan API v2 (Client 1112620458)
2026-02-03 16:00,2026-02-03,16,Crude,6681.12,6697.01,15.89,0.2379,12502,79133,6700,21.45,21.95,41191,37942,0.9211,INR/bbl,Dhan API v2 (Client 1112620458)
2026-02-03 17:00,2026-02-03,17,Crude,6688.94,6727.72,38.78,0.5798,10676,79979,6700,21.63,22.13,41562,38417,0.9243,INR/bbl,Dhan API v2 (Client 1112620458)
2026-02-03 18:00,2026-02-03,18,Crude,6687.44,6715.87,28.43,0.4251,14651,81042,6700,21.3,21.8,41251,39791,0.9646,INR/bbl,Dhan API v2 (Client 1112620458)
2026-02-03 19:00,2026-02-03,19,Crude,6702.17,6741.95,39.78,0.5936,11590,78398,6700,21.64,22.14,40243,38155,0.9481,INR/bbl,Dhan API v2 (Client 1112620458)
2026-02-03 20:00,2026-02-03,20,Crude,6707.58,6719.71,12.12,0.1808,3073,79393,6700,21.26,21.76,40575,38818,0.9567,INR/bbl,Dhan API v2 (Client 1112620458)
2026-02-03 21:00,2026-02-03,21,Crude,6698.65,6744.07,45.41,0.6779,1118,79341,6700,21.35,21.85,41256,38085,0.9231,INR/bbl,Dhan API v2 (Client 1112620458)
2026-02-03 22:00,2026-02-03,22,Crude,6695.56,6706.66,11.1,0.1659,13944,81771,6700,21.58,22.08,41889,39882,0.9521,INR/bbl,Dhan API v2 (Client 1112620458)
2026-02-03 23:00,2026-02-03,23,Crude,6688.85,6724.36,35.51,0.5309,1819,78600,6700,21.15,21.65,40608,37992,0.9356,INR/bbl,Dhan API v2 (Client 1112620458)
2026-02-04 09:00,2026-02-04,9,Crude,6659.1,6695.25,36.15,0.5428,4654,79686,6700,21.61,22.11,41834,37852,0.9048,INR/bbl,Dhan API v2 (Client 1112620458)
2026-02-04 10:00,2026-02-04,10,Crude,6675.81,6697.93,22.13,0.3314,10984,79770,6700,21.74,22.24,40624,39146,0.9636,INR/bbl,Dhan API v2 (Client 1112620458)
2026-02-04 11:00,2026-02-04,11,Crude,6668.12,6673.77,5.64,0.0847,10069,78528,6700,21.91,22.41,41134,37394,0.9091,INR/bbl,Dhan API v2 (Client 1112620458)
2026-02-04 12:00,2026-02-04,12,Crude,6657.32,6679.13,21.81,0.3276,6304,80256,6700,21.83,22.33,41903,38353,0.9153,INR/bbl,Dhan API v2 (Client 1112620458)
2026-02-04 13:00,2026-02-04,13,Crude,6658.4,6667.79,9.39,0.141,5688,79291,6700,21.72,22.22,41277,38014,0.9209,INR/bbl,Dhan API v2 (Client 1112620458)
2026-02-04 14:00,2026-02-04,14,Crude,6695.34,6708.72,13.37,0.1998,14457,79885,6700,21.7,22.2,41892,37993,0.9069,INR/bbl,Dhan API v2 (Client 1112620458)
2026-02-04 15:00,2026-02-04,15,Crude,6694.67,6717.75,23.08,0.3447,11146,79323,6700,21.85,22.35,40917,38406,0.9386,INR/bbl,Dhan API v2 (Client 1112620458)
2026-02-04 16:00,2026-02-04,16,Crude,6689.85,6723.06,33.22,0.4965,14944,80722,6700,22.1,22.6,41536,39186,0.9434,INR/bbl,Dhan API v2 (Client 1112620458)
2026-02-04 17:00,2026-02-04,17,Crude,6683.73,6720.78,37.05,0.5544,6758,79961,6700,21.71,22.21,42253,37708,0.8924,INR/bbl,Dhan API v2 (Client 1112620458)
2026-02-04 18:00,2026-02-04,18,Crude,6690.84,6720.24,29.4,0.4394,3030,80158,6700,21.86,22.36,42824,37334,0.8718,INR/bbl,Dhan API v2 (Client 1112620458)
2026-02-04 19:00,2026-02-04,19,Crude,6655.49,6679.78,24.29,0.365,1149,79410,6700,21.15,21.65,41521,37889,0.9125,INR/bbl,Dhan API v2 (Client 1112620458)
2026-02-04 20:00,2026-02-04,20,Crude,6655.69,6676.81,21.12,0.3173,10793,78093,6700,21.42,21.92,41220,36873,0.8945,INR/bbl,Dhan API v2 (Client 1112620458)
2026-02-04 21:00,2026-02-04,21,Crude,6662.83,6678.11,15.28,0.2293,11578,79748,6700,21.45,21.95,41673,38075,0.9137,INR/bbl,Dhan API v2 (Client 1112620458)
2026-02-04 22:00,2026-02-04,22,Crude,6667.33,6694.54,27.21,0.4081,3161,79621,6700,21.64,22.14,41567,38054,0.9155,INR/bbl,Dhan API v2 (Client 1112620458)
2026-02-04 23:00,2026-02-04,23,Crude,6679.69,6689.32,9.63,0.1442,10319,79395,6700,21.19,21.69,41268,38127,0.9239,INR/bbl,Dhan API v2 (Client 1112620458)
2026-02-05 09:00,2026-02-05,9,Crude,6659.54,6682.47,22.93,0.3443,9852,78694,6700,21.61,22.11,40429,38265,0.9465,INR/bbl,Dhan API v2 (Client 1112620458)
2026-02-05 10:00,2026-02-05,10,Crude,6620.49,6639.58,19.09,0.2883,1602,78624,6600,21.16,21.66,41931,36693,0.8751,INR/bbl,Dhan API v2 (Client 1112620458)
2026-02-05 11:00,2026-02-05,11,Crude,6587.88,6596.54,8.65,0.1313,1457,80644,6600,21.51,22.01,41726,38918,0.9327,INR/bbl,Dhan API v2 (Client 1112620458)
2026-02-05 12:00,2026-02-05,12,Crude,6586.77,6611.24,24.47,0.3714,13553,78046,6600,21.56,22.06,40856,37190,0.9103,INR/bbl,Dhan API v2 (Client 1112620458)
2026-02-05 13:00,2026-02-05,13,Crude,6584.54,6615.53,30.99,0.4706,11427,78229,6600,21.85,22.35,40171,38058,0.9474,INR/bbl,Dhan API v2 (Client 1112620458)
2026-02-05 14:00,2026-02-05,14,Crude,6593.07,6622.57,29.5,0.4475,11539,79844,6600,21.64,22.14,41452,38392,0.9262,INR/bbl,Dhan API v2 (Client 1112620458)
2026-02-05 15:00,2026-02-05,15,Crude,6616.4,6637.37,20.98,0.317,14000,80769,6600,21.6,22.1,42062,38707,0.9202,INR/bbl,Dhan API v2 (Client 1112620458)
2026-02-05 16:00,2026-02-05,16,Crude,6607.99,6629.47,21.48,0.325,3251,79149,6600,21.23,21.73,41318,37831,0.9156,INR/bbl,Dhan API v2 (Client 1112620458)
2026-02-05 17:00,2026-02-05,17,Crude,6603.82,6629.28,25.47,0.3856,14661,79936,6600,21.58,22.08,42004,37932,0.9031,INR/bbl,Dhan API v2 (Client 1112620458)
2026-02-05 18:00,2026-02-05,18,Crude,6568.2,6585.62,17.41,0.2651,4271,78891,6600,21.65,22.15,41205,37686,0.9146,INR/bbl,Dhan API v2 (Client 1112620458)
2026-02-05 19:00,2026-02-05,19,Crude,6598.03,6607.51,9.48,0.1436,10567,76712,6600,22.09,22.59,40320,36392,0.9026,INR/bbl,Dhan API v2 (Client 1112620458)
2026-02-05 20:00,2026-02-05,20,Crude,6618.96,6647.7,28.74,0.4341,1594,79321,6600,21.94,22.44,41764,37557,0.8993,INR/bbl,Dhan API v2 (Client 1112620458)
2026-02-05 21:00,2026-02-05,21,Crude,6617.32,6644.18,26.86,0.406,13559,79089,6600,21.9,22.4,40702,38387,0.9431,INR/bbl,Dhan API v2 (Client 1112620458)
2026-02-05 22:00,2026-02-05,22,Crude,6645.95,6669.92,23.97,0.3606,6148,80460,6600,21.59,22.09,41218,39242,0.9521,INR/bbl,Dhan API v2 (Client 1112620458)
2026-02-05 23:00,2026-02-05,23,Crude,6638.85,6669.73,30.88,0.4651,8080,79626,6600,21.17,21.67,40995,38631,0.9423,INR/bbl,Dhan API v2 (Client 1112620458)
2026-02-06 09:00,2026-02-06,9,Crude,6640.03,6643.03,3.01,0.0453,10917,80064,6600,21.39,21.89,41815,38249,0.9147,INR/bbl,Dhan API v2 (Client 1112620458)
2026-02-06 10:00,2026-02-06,10,Crude,6633.93,6658.7,24.77,0.3734,10953,81071,6600,21.67,22.17,41747,39324,0.942,INR/bbl,Dhan API v2 (Client 1112620458)
2026-02-06 11:00,2026-02-06,11,Crude,6641.87,6650.99,9.12,0.1373,10746,78272,6600,21.31,21.81,40531,37741,0.9312,INR/bbl,Dhan API v2 (Client 1112620458)
2026-02-06 12:00,2026-02-06,12,Crude,6608.53,6624.99,16.46,0.2491,7992,79096,6600,21.41,21.91,41829,37267,0.8909,INR/bbl,Dhan API v2 (Client 1112620458)
2026-02-06 13:00,2026-02-06,13,Crude,6594.15,6615.02,20.87,0.3164,7745,78632,6600,21.41,21.91,41182,37450,0.9094,INR/bbl,Dhan API v2 (Client 1112620458)
2026-02-06 14:00,2026-02-06,14,Crude,6625.03,6640.69,15.65,0.2363,14442,78766,6600,21.5,22.0,40762,38004,0.9323,INR/bbl,Dhan API v2 (Client 1112620458)
2026-02-06 15:00,2026-02-06,15,Crude,6657.59,6700.75,43.16,0.6483,2985,80151,6700,21.4,21.9,41548,38603,0.9291,INR/bbl,Dhan API v2 (Client 1112620458)
2026-02-06 16:00,2026-02-06,16,Crude,6670.57,6701.17,30.59,0.4586,5896,79818,6700,21.84,22.34,42240,37578,0.8896,INR/bbl,Dhan API v2 (Client 1112620458)
2026-02-06 17:00,2026-02-06,17,Crude,6674.55,6694.2,19.65,0.2943,5994,80323,6700,21.74,22.24,42547,37776,0.8879,INR/bbl,Dhan API v2 (Client 1112620458)
2026-02-06 18:00,2026-02-06,18,Crude,6694.15,6704.59,10.45,0.156,10511,80399,6700,21.49,21.99,42118,38281,0.9089,INR/bbl,Dhan API v2 (Client 1112620458)
2026-02-06 19:00,2026-02-06,19,Crude,6696.23,6719.41,23.18,0.3462,13777,78043,6700,21.79,22.29,40317,37726,0.9357,INR/bbl,Dhan API v2 (Client 1112620458)
2026-02-06 20:00,2026-02-06,20,Crude,6669.79,6691.49,21.7,0.3253,10276,79498,6700,21.85,22.35,41316,38182,0.9241,INR/bbl,Dhan API v2 (Client 1112620458)
2026-02-06 21:00,2026-02-06,21,Crude,6639.53,6648.34,8.81,0.1327,3220,80392,6600,21.69,22.19,41313,39079,0.9459,INR/bbl,Dhan API v2 (Client 1112620458)
2026-02-06 22:00,2026-02-06,22,Crude,6650.94,6674.65,23.71,0.3565,11418,78480,6700,22.13,22.63,41820,36660,0.8766,INR/bbl,Dhan API v2 (Client 1112620458)
2026-02-06 23:00,2026-02-06,23,Crude,6645.91,6675.14,29.22,0.4397,9998,77823,6600,21.78,22.28,40393,37430,0.9266,INR/bbl,Dhan API v2 (Client 1112620458)
2026-02-09 09:00,2026-02-09,9,Crude,6657.64,6684.22,26.58,0.3992,7245,80817,6700,21.29,21.79,41926,38891,0.9276,INR/bbl,Dhan API v2 (Client 1112620458)
2026-02-09 10:00,2026-02-09,10,Crude,6673.18,6696.36,23.18,0.3474,5689,77705,6700,22.06,22.56,40978,36727,0.8963,INR/bbl,Dhan API v2 (Client 1112620458)
2026-02-09 11:00,2026-02-09,11,Crude,6623.19,6672.89,49.7,0.7504,10580,78987,6600,21.83,22.33,40995,37992,0.9267,INR/bbl,Dhan API v2 (Client 1112620458)
2026-02-09 12:00,2026-02-09,12,Crude,6596.81,6621.03,24.21,0.3671,9769,78488,6600,21.66,22.16,40554,37934,0.9354,INR/bbl,Dhan API v2 (Client 1112620458)
2026-02-09 13:00,2026-02-09,13,Crude,6619.23,6656.65,37.42,0.5653,3880,79184,6600,21.53,22.03,41236,37948,0.9203,INR/bbl,Dhan API v2 (Client 1112620458)
2026-02-09 14:00,2026-02-09,14,Crude,6591.08,6606.7,15.62,0.237,7996,79031,6600,21.48,21.98,41268,37763,0.9151,INR/bbl,Dhan API v2 (Client 1112620458)
2026-02-09 15:00,2026-02-09,15,Crude,6596.51,6624.29,27.79,0.4212,9915,79384,6600,21.15,21.65,41194,38190,0.9271,INR/bbl,Dhan API v2 (Client 1112620458)
2026-02-09 16:00,2026-02-09,16,Crude,6602.63,6614.3,11.68,0.1769,6714,81073,6600,20.82,21.32,42572,38501,0.9044,INR/bbl,Dhan API v2 (Client 1112620458)
2026-02-09 17:00,2026-02-09,17,Crude,6627.5,6648.12,20.62,0.3111,11711,78633,6600,21.54,22.04,42193,36440,0.8637,INR/bbl,Dhan API v2 (Client 1112620458)
2026-02-09 18:00,2026-02-09,18,Crude,6636.82,6659.04,22.22,0.3348,12977,79635,6600,22.02,22.52,41076,38559,0.9387,INR/bbl,Dhan API v2 (Client 1112620458)
2026-02-09 19:00,2026-02-09,19,Crude,6617.28,6650.06,32.79,0.4955,10617,78566,6600,21.35,21.85,40716,37850,0.9296,INR/bbl,Dhan API v2 (Client 1112620458)
2026-02-09 20:00,2026-02-09,20,Crude,6617.01,6630.61,13.6,0.2056,3039,78827,6600,20.8,21.3,40870,37957,0.9287,INR/bbl,Dhan API v2 (Client 1112620458)
2026-02-09 21:00,2026-02-09,21,Crude,6637.35,6646.06,8.72,0.1313,8171,79413,6600,22.02,22.52,41549,37864,0.9113,INR/bbl,Dhan API v2 (Client 1112620458)
2026-02-09 22:00,2026-02-09,22,Crude,6680.69,6702.18,21.49,0.3216,10743,79356,6700,21.29,21.79,42190,37166,0.8809,INR/bbl,Dhan API v2 (Client 1112620458)
2026-02-09 23:00,2026-02-09,23,Crude,6657.31,6684.3,27.0,0.4055,913,80933,6700,21.97,22.47,42469,38464,0.9057,INR/bbl,Dhan API v2 (Client 1112620458)
2026-02-10 09:00,2026-02-10,9,Crude,6648.34,6672.26,23.93,0.3599,10368,80497,6600,21.61,22.11,41706,38791,0.9301,INR/bbl,Dhan API v2 (Client 1112620458)
2026-02-10 10:00,2026-02-10,10,Crude,6722.63,6742.62,19.99,0.2974,11039,79285,6700,21.23,21.73,41375,37910,0.9163,INR/bbl,Dhan API v2 (Client 1112620458)
2026-02-10 11:00,2026-02-10,11,Crude,6740.8,6778.08,37.28,0.553,13337,78895,6700,21.39,21.89,41177,37718,0.916,INR/bbl,Dhan API v2 (Client 1112620458)
2026-02-10 12:00,2026-02-10,12,Crude,6749.33,6767.71,18.38,0.2723,7850,78282,6700,22.2,22.7,40979,37303,0.9103,INR/bbl,Dhan API v2 (Client 1112620458)
2026-02-10 13:00,2026-02-10,13,Crude,6756.07,6759.56,3.48,0.0516,4718,78942,6800,22.22,22.72,41099,37843,0.9208,INR/bbl,Dhan API v2 (Client 1112620458)
2026-02-10 14:00,2026-02-10,14,Crude,6733.56,6747.78,14.22,0.2112,9317,79978,6700,21.43,21.93,41755,38223,0.9154,INR/bbl,Dhan API v2 (Client 1112620458)
2026-02-10 15:00,2026-02-10,15,Crude,6743.6,6762.91,19.31,0.2864,12179,78911,6700,21.55,22.05,41446,37465,0.9039,INR/bbl,Dhan API v2 (Client 1112620458)
2026-02-10 16:00,2026-02-10,16,Crude,6732.9,6758.08,25.17,0.3739,13175,79642,6700,21.66,22.16,41974,37668,0.8974,INR/bbl,Dhan API v2 (Client 1112620458)
2026-02-10 17:00,2026-02-10,17,Crude,6740.74,6753.25,12.51,0.1856,5174,80577,6700,21.29,21.79,42651,37926,0.8892,INR/bbl,Dhan API v2 (Client 1112620458)
2026-02-10 18:00,2026-02-10,18,Crude,6704.7,6722.4,17.69,0.2639,13749,77788,6700,21.92,22.42,40474,37314,0.9219,INR/bbl,Dhan API v2 (Client 1112620458)
2026-02-10 19:00,2026-02-10,19,Crude,6695.4,6726.9,31.51,0.4706,14001,79544,6700,21.59,22.09,41321,38223,0.925,INR/bbl,Dhan API v2 (Client 1112620458)
2026-02-10 20:00,2026-02-10,20,Crude,6691.41,6713.94,22.52,0.3366,1748,81077,6700,21.17,21.67,42338,38739,0.915,INR/bbl,Dhan API v2 (Client 1112620458)
2026-02-10 21:00,2026-02-10,21,Crude,6672.59,6699.47,26.88,0.4029,13967,78405,6700,21.7,22.2,40848,37557,0.9194,INR/bbl,Dhan API v2 (Client 1112620458)
2026-02-10 22:00,2026-02-10,22,Crude,6667.56,6692.89,25.33,0.3799,9368,79633,6700,21.85,22.35,40942,38691,0.945,INR/bbl,Dhan API v2 (Client 1112620458)
2026-02-10 23:00,2026-02-10,23,Crude,6712.71,6741.25,28.54,0.4251,12951,78653,6700,21.7,22.2,40626,38027,0.936,INR/bbl,Dhan API v2 (Client 1112620458)
2026-02-11 09:00,2026-02-11,9,Crude,6723.47,6728.59,5.12,0.0761,8278,78969,6700,21.9,22.4,41690,37279,0.8942,INR/bbl,Dhan API v2 (Client 1112620458)
2026-02-11 10:00,2026-02-11,10,Crude,6711.13,6715.94,4.81,0.0717,13711,79427,6700,21.65,22.15,41489,37938,0.9144,INR/bbl,Dhan API v2 (Client 1112620458)
2026-02-11 11:00,2026-02-11,11,Crude,6692.54,6705.33,12.79,0.1911,6163,80111,6700,21.61,22.11,41429,38682,0.9337,INR/bbl,Dhan API v2 (Client 1112620458)
2026-02-11 12:00,2026-02-11,12,Crude,6691.52,6716.35,24.82,0.371,6308,81367,6700,21.88,22.38,42785,38582,0.9018,INR/bbl,Dhan API v2 (Client 1112620458)
2026-02-11 13:00,2026-02-11,13,Crude,6689.18,6707.16,17.98,0.2688,10857,79289,6700,21.3,21.8,40605,38684,0.9527,INR/bbl,Dhan API v2 (Client 1112620458)
2026-02-11 14:00,2026-02-11,14,Crude,6692.47,6710.07,17.6,0.2629,14304,78640,6700,21.18,21.68,40795,37845,0.9277,INR/bbl,Dhan API v2 (Client 1112620458)
2026-02-11 15:00,2026-02-11,15,Crude,6708.59,6743.26,34.66,0.5167,7138,80705,6700,21.69,22.19,41737,38968,0.9337,INR/bbl,Dhan API v2 (Client 1112620458)
2026-02-11 16:00,2026-02-11,16,Crude,6695.04,6709.96,14.92,0.2228,10472,81214,6700,22.03,22.53,42688,38526,0.9025,INR/bbl,Dhan API v2 (Client 1112620458)
2026-02-11 17:00,2026-02-11,17,Crude,6709.23,6728.42,19.2,0.2861,4387,78706,6700,21.44,21.94,41073,37633,0.9162,INR/bbl,Dhan API v2 (Client 1112620458)
2026-02-11 18:00,2026-02-11,18,Crude,6640.14,6662.23,22.09,0.3327,802,80948,6600,21.83,22.33,42624,38324,0.8991,INR/bbl,Dhan API v2 (Client 1112620458)
2026-02-11 19:00,2026-02-11,19,Crude,6643.48,6664.81,21.33,0.3211,13529,79738,6600,21.67,22.17,41501,38237,0.9214,INR/bbl,Dhan API v2 (Client 1112620458)
2026-02-11 20:00,2026-02-11,20,Crude,6653.56,6689.46,35.9,0.5395,8134,77440,6700,21.96,22.46,40697,36743,0.9028,INR/bbl,Dhan API v2 (Client 1112620458)
2026-02-11 21:00,2026-02-11,21,Crude,6626.69,6649.67,22.98,0.3469,10670,77494,6600,21.8,22.3,40403,37091,0.918,INR/bbl,Dhan API v2 (Client 1112620458)
2026-02-11 22:00,2026-02-11,22,Crude,6635.36,6646.77,11.41,0.172,10323,78537,6600,21.72,22.22,40977,37560,0.9166,INR/bbl,Dhan API v2 (Client 1112620458)
2026-02-11 23:00,2026-02-11,23,Crude,6597.99,6607.26,9.27,0.1405,10797,79833,6600,21.71,22.21,41368,38465,0.9298,INR/bbl,Dhan API v2 (Client 1112620458)
2026-02-12 09:00,2026-02-12,9,Crude,6606.85,6622.81,15.96,0.2416,5049,80209,6600,21.51,22.01,41460,38749,0.9346,INR/bbl,Dhan API v2 (Client 1112620458)
2026-02-12 10:00,2026-02-12,10,Crude,6574.36,6593.05,18.69,0.2843,2063,80138,6600,21.81,22.31,42069,38069,0.9049,INR/bbl,Dhan API v2 (Client 1112620458)
2026-02-12 11:00,2026-02-12,11,Crude,6510.3,6532.11,21.81,0.335,12552,80868,6500,21.64,22.14,42025,38843,0.9243,INR/bbl,Dhan API v2 (Client 1112620458)
2026-02-12 12:00,2026-02-12,12,Crude,6537.97,6544.67,6.7,0.1024,13162,79338,6500,21.77,22.27,40877,38461,0.9409,INR/bbl,Dhan API v2 (Client 1112620458)
2026-02-12 13:00,2026-02-12,13,Crude,6544.37,6558.11,13.74,0.21,6051,80345,6500,21.89,22.39,41773,38572,0.9234,INR/bbl,Dhan API v2 (Client 1112620458)
2026-02-12 14:00,2026-02-12,14,Crude,6519.02,6528.93,9.91,0.1521,8488,79493,6500,21.84,22.34,40774,38719,0.9496,INR/bbl,Dhan API v2 (Client 1112620458)
2026-02-12 15:00,2026-02-12,15,Crude,6561.16,6561.27,0.11,0.0017,13084,79484,6600,21.39,21.89,41728,37756,0.9048,INR/bbl,Dhan API v2 (Client 1112620458)
2026-02-12 16:00,2026-02-12,16,Crude,6578.84,6604.79,25.95,0.3945,7148,79963,6600,21.47,21.97,41909,38054,0.908,INR/bbl,Dhan API v2 (Client 1112620458)
2026-02-12 17:00,2026-02-12,17,Crude,6576.72,6594.05,17.33,0.2635,1127,79074,6600,21.39,21.89,41342,37732,0.9127,INR/bbl,Dhan API v2 (Client 1112620458)
2026-02-12 18:00,2026-02-12,18,Crude,6586.75,6602.52,15.77,0.2394,2180,79422,6600,20.79,21.29,40738,38684,0.9496,INR/bbl,Dhan API v2 (Client 1112620458)
2026-02-12 19:00,2026-02-12,19,Crude,6603.59,6629.55,25.96,0.3932,7977,78743,6600,21.76,22.26,41607,37136,0.8925,INR/bbl,Dhan API v2 (Client 1112620458)
2026-02-12 20:00,2026-02-12,20,Crude,6571.9,6578.3,6.4,0.0974,12578,80107,6600,21.67,22.17,42110,37997,0.9023,INR/bbl,Dhan API v2 (Client 1112620458)
2026-02-12 21:00,2026-02-12,21,Crude,6574.88,6590.28,15.4,0.2343,13830,77216,6600,21.84,22.34,39681,37535,0.9459,INR/bbl,Dhan API v2 (Client 1112620458)
2026-02-12 22:00,2026-02-12,22,Crude,6614.91,6622.24,7.33,0.1108,4935,78296,6600,21.94,22.44,40537,37759,0.9315,INR/bbl,Dhan API v2 (Client 1112620458)
2026-02-12 23:00,2026-02-12,23,Crude,6610.48,6626.67,16.2,0.245,1989,79186,6600,22.18,22.68,41535,37651,0.9065,INR/bbl,Dhan API v2 (Client 1112620458)
2026-02-13 09:00,2026-02-13,9,Crude,6595.79,6621.46,25.67,0.3892,12856,79260,6600,21.16,21.66,41136,38124,0.9268,INR/bbl,Dhan API v2 (Client 1112620458)
2026-02-13 10:00,2026-02-13,10,Crude,6559.33,6571.24,11.9,0.1815,3304,79973,6600,20.75,21.25,41610,38363,0.922,INR/bbl,Dhan API v2 (Client 1112620458)
2026-02-13 11:00,2026-02-13,11,Crude,6609.67,6635.41,25.74,0.3894,4634,79496,6600,21.49,21.99,41595,37901,0.9112,INR/bbl,Dhan API v2 (Client 1112620458)
2026-02-13 12:00,2026-02-13,12,Crude,6617.64,6624.92,7.28,0.1101,8943,79387,6600,21.51,22.01,42014,37373,0.8895,INR/bbl,Dhan API v2 (Client 1112620458)
2026-02-13 13:00,2026-02-13,13,Crude,6590.37,6598.64,8.27,0.1255,9757,78855,6600,21.89,22.39,40883,37972,0.9288,INR/bbl,Dhan API v2 (Client 1112620458)
2026-02-13 14:00,2026-02-13,14,Crude,6618.46,6644.15,25.68,0.3881,625,80716,6600,21.0,21.5,42726,37990,0.8892,INR/bbl,Dhan API v2 (Client 1112620458)
2026-02-13 15:00,2026-02-13,15,Crude,6607.01,6619.1,12.09,0.183,7431,79643,6600,21.48,21.98,40791,38852,0.9525,INR/bbl,Dhan API v2 (Client 1112620458)
2026-02-13 16:00,2026-02-13,16,Crude,6579.84,6603.54,23.7,0.3602,12665,77763,6600,22.13,22.63,40133,37630,0.9376,INR/bbl,Dhan API v2 (Client 1112620458)
2026-02-13 17:00,2026-02-13,17,Crude,6558.39,6571.67,13.28,0.2026,9677,79377,6600,21.79,22.29,41223,38154,0.9256,INR/bbl,Dhan API v2 (Client 1112620458)
2026-02-13 18:00,2026-02-13,18,Crude,6528.6,6540.23,11.63,0.1782,669,80072,6500,21.65,22.15,41955,38117,0.9085,INR/bbl,Dhan API v2 (Client 1112620458)
2026-02-13 19:00,2026-02-13,19,Crude,6546.34,6579.98,33.64,0.5139,8102,79044,6500,21.46,21.96,41562,37482,0.9018,INR/bbl,Dhan API v2 (Client 1112620458)
2026-02-13 20:00,2026-02-13,20,Crude,6560.64,6568.44,7.79,0.1188,7418,79549,6600,21.3,21.8,41361,38188,0.9233,INR/bbl,Dhan API v2 (Client 1112620458)
2026-02-13 21:00,2026-02-13,21,Crude,6599.17,6619.07,19.9,0.3015,1255,79453,6600,21.42,21.92,42352,37101,0.876,INR/bbl,Dhan API v2 (Client 1112620458)
2026-02-13 22:00,2026-02-13,22,Crude,6585.74,6618.44,32.69,0.4964,11571,80150,6600,20.97,21.47,41036,39114,0.9532,INR/bbl,Dhan API v2 (Client 1112620458)
2026-02-13 23:00,2026-02-13,23,Crude,6573.7,6613.04,39.34,0.5985,12076,81559,6600,21.54,22.04,42361,39198,0.9253,INR/bbl,Dhan API v2 (Client 1112620458)
2026-02-16 09:00,2026-02-16,9,Crude,6566.58,6579.42,12.84,0.1955,2320,78537,6600,21.37,21.87,41156,37381,0.9083,INR/bbl,Dhan API v2 (Client 1112620458)
2026-02-16 10:00,2026-02-16,10,Crude,6594.8,6614.16,19.36,0.2935,7524,78396,6600,21.57,22.07,40495,37901,0.9359,INR/bbl,Dhan API v2 (Client 1112620458)
2026-02-16 11:00,2026-02-16,11,Crude,6535.35,6532.48,-2.87,-0.044,11627,78954,6500,21.24,21.74,41150,37804,0.9187,INR/bbl,Dhan API v2 (Client 1112620458)
2026-02-16 12:00,2026-02-16,12,Crude,6526.65,6546.92,20.27,0.3106,5950,79815,6500,22.21,22.71,40767,39048,0.9578,INR/bbl,Dhan API v2 (Client 1112620458)
2026-02-16 13:00,2026-02-16,13,Crude,6504.09,6513.5,9.4,0.1446,2639,79912,6500,21.29,21.79,42085,37827,0.8988,INR/bbl,Dhan API v2 (Client 1112620458)
2026-02-16 14:00,2026-02-16,14,Crude,6557.2,6555.3,-1.89,-0.0289,13071,80309,6600,21.61,22.11,42276,38033,0.8996,INR/bbl,Dhan API v2 (Client 1112620458)
2026-02-16 15:00,2026-02-16,15,Crude,6553.95,6541.76,-12.19,-0.186,4141,79623,6600,21.61,22.11,41490,38133,0.9191,INR/bbl,Dhan API v2 (Client 1112620458)
2026-02-16 16:00,2026-02-16,16,Crude,6532.42,6532.84,0.42,0.0064,13247,79876,6500,21.85,22.35,41131,38745,0.942,INR/bbl,Dhan API v2 (Client 1112620458)
2026-02-16 17:00,2026-02-16,17,Crude,6532.39,6550.46,18.08,0.2767,1645,77912,6500,21.69,22.19,40292,37620,0.9337,INR/bbl,Dhan API v2 (Client 1112620458)
2026-02-16 18:00,2026-02-16,18,Crude,6515.97,6533.34,17.37,0.2666,5931,79558,6500,21.35,21.85,41368,38190,0.9232,INR/bbl,Dhan API v2 (Client 1112620458)
2026-02-16 19:00,2026-02-16,19,Crude,6532.45,6549.78,17.33,0.2654,5958,79595,6500,21.74,22.24,41105,38490,0.9364,INR/bbl,Dhan API v2 (Client 1112620458)
2026-02-16 20:00,2026-02-16,20,Crude,6536.66,6552.86,16.2,0.2478,13165,78973,6500,21.55,22.05,41798,37175,0.8894,INR/bbl,Dhan API v2 (Client 1112620458)
2026-02-16 21:00,2026-02-16,21,Crude,6520.48,6546.51,26.02,0.3991,14122,78315,6500,21.77,22.27,40392,37923,0.9389,INR/bbl,Dhan API v2 (Client 1112620458)
2026-02-16 22:00,2026-02-16,22,Crude,6524.24,6532.92,8.67,0.1329,8390,80301,6500,22.06,22.56,42238,38063,0.9012,INR/bbl,Dhan API v2 (Client 1112620458)
2026-02-16 23:00,2026-02-16,23,Crude,6537.79,6544.9,7.11,0.1088,8404,80171,6500,21.59,22.09,42148,38023,0.9021,INR/bbl,Dhan API v2 (Client 1112620458)
2026-02-17 09:00,2026-02-17,9,Crude,6552.43,6563.71,11.28,0.1721,7547,79519,6600,21.21,21.71,41905,37614,0.8976,INR/bbl,Dhan API v2 (Client 1112620458)
2026-02-17 10:00,2026-02-17,10,Crude,6525.33,6545.2,19.87,0.3045,7025,79303,6500,21.31,21.81,41726,37577,0.9006,INR/bbl,Dhan API v2 (Client 1112620458)
2026-02-17 11:00,2026-02-17,11,Crude,6525.94,6536.85,10.91,0.1672,547,78537,6500,21.49,21.99,41194,37343,0.9065,INR/bbl,Dhan API v2 (Client 1112620458)
2026-02-17 12:00,2026-02-17,12,Crude,6502.19,6507.55,5.35,0.0824,14995,81129,6500,22.0,22.5,42760,38369,0.8973,INR/bbl,Dhan API v2 (Client 1112620458)
2026-02-17 13:00,2026-02-17,13,Crude,6507.69,6526.34,18.65,0.2866,894,78749,6500,21.61,22.11,40817,37932,0.9293,INR/bbl,Dhan API v2 (Client 1112620458)
2026-02-17 14:00,2026-02-17,14,Crude,6550.32,6569.32,19.0,0.29,7071,79370,6600,21.1,21.6,40657,38713,0.9522,INR/bbl,Dhan API v2 (Client 1112620458)
2026-02-17 15:00,2026-02-17,15,Crude,6524.87,6547.79,22.92,0.3513,3346,78829,6500,21.31,21.81,40725,38104,0.9356,INR/bbl,Dhan API v2 (Client 1112620458)
2026-02-17 16:00,2026-02-17,16,Crude,6505.2,6512.6,7.4,0.1138,1308,78429,6500,21.97,22.47,40655,37774,0.9291,INR/bbl,Dhan API v2 (Client 1112620458)
2026-02-17 17:00,2026-02-17,17,Crude,6483.13,6489.56,6.43,0.0991,12534,80611,6500,21.21,21.71,41970,38641,0.9207,INR/bbl,Dhan API v2 (Client 1112620458)
2026-02-17 18:00,2026-02-17,18,Crude,6453.96,6464.17,10.21,0.1582,5684,79155,6500,21.34,21.84,41824,37331,0.8926,INR/bbl,Dhan API v2 (Client 1112620458)
2026-02-17 19:00,2026-02-17,19,Crude,6454.03,6465.16,11.13,0.1724,14304,79789,6500,21.54,22.04,42115,37674,0.8946,INR/bbl,Dhan API v2 (Client 1112620458)
2026-02-17 20:00,2026-02-17,20,Crude,6434.44,6455.12,20.68,0.3213,14913,79332,6400,21.57,22.07,41275,38057,0.922,INR/bbl,Dhan API v2 (Client 1112620458)
2026-02-17 21:00,2026-02-17,21,Crude,6418.44,6427.41,8.97,0.1398,2251,79637,6400,22.11,22.61,42019,37618,0.8953,INR/bbl,Dhan API v2 (Client 1112620458)
2026-02-17 22:00,2026-02-17,22,Crude,6426.96,6451.47,24.52,0.3815,6840,79931,6400,21.81,22.31,42773,37158,0.8687,INR/bbl,Dhan API v2 (Client 1112620458)
2026-02-17 23:00,2026-02-17,23,Crude,6452.08,6466.35,14.28,0.2213,12488,78137,6500,21.35,21.85,41221,36916,0.8956,INR/bbl,Dhan API v2 (Client 1112620458)
2026-02-18 09:00,2026-02-18,9,Crude,6461.44,6486.8,25.36,0.3925,6100,80315,6500,21.64,22.14,41604,38711,0.9305,INR/bbl,Dhan API v2 (Client 1112620458)
2026-02-18 10:00,2026-02-18,10,Crude,6464.4,6477.91,13.51,0.2091,757,80580,6500,21.77,22.27,41665,38915,0.934,INR/bbl,Dhan API v2 (Client 1112620458)
2026-02-18 11:00,2026-02-18,11,Crude,6454.03,6457.02,2.99,0.0464,13641,80714,6500,21.4,21.9,42012,38702,0.9212,INR/bbl,Dhan API v2 (Client 1112620458)
2026-02-18 12:00,2026-02-18,12,Crude,6500.03,6510.47,10.44,0.1606,11628,78397,6500,22.27,22.77,39919,38478,0.9639,INR/bbl,Dhan API v2 (Client 1112620458)
2026-02-18 13:00,2026-02-18,13,Crude,6481.87,6501.44,19.56,0.3018,1507,78019,6500,21.5,22.0,39680,38339,0.9662,INR/bbl,Dhan API v2 (Client 1112620458)
2026-02-18 14:00,2026-02-18,14,Crude,6513.4,6523.31,9.92,0.1522,5255,79368,6500,21.74,22.24,41123,38245,0.93,INR/bbl,Dhan API v2 (Client 1112620458)
2026-02-18 15:00,2026-02-18,15,Crude,6491.58,6517.28,25.7,0.3959,1151,80680,6500,21.38,21.88,41883,38797,0.9263,INR/bbl,Dhan API v2 (Client 1112620458)
2026-02-18 16:00,2026-02-18,16,Crude,6509.45,6518.48,9.03,0.1387,14468,79868,6500,21.58,22.08,42229,37639,0.8913,INR/bbl,Dhan API v2 (Client 1112620458)
2026-02-18 17:00,2026-02-18,17,Crude,6524.69,6541.5,16.81,0.2576,3648,79451,6500,21.38,21.88,41739,37712,0.9035,INR/bbl,Dhan API v2 (Client 1112620458)
2026-02-18 18:00,2026-02-18,18,Crude,6513.34,6518.76,5.43,0.0833,9045,79021,6500,21.79,22.29,41213,37808,0.9174,INR/bbl,Dhan API v2 (Client 1112620458)
2026-02-18 19:00,2026-02-18,19,Crude,6501.78,6525.7,23.92,0.3679,9086,79755,6500,21.89,22.39,41894,37861,0.9037,INR/bbl,Dhan API v2 (Client 1112620458)
2026-02-18 20:00,2026-02-18,20,Crude,6495.52,6514.25,18.73,0.2883,1724,79738,6500,22.09,22.59,42530,37208,0.8749,INR/bbl,Dhan API v2 (Client 1112620458)
2026-02-18 21:00,2026-02-18,21,Crude,6411.54,6413.53,1.99,0.031,2210,78941,6400,21.6,22.1,40612,38329,0.9438,INR/bbl,Dhan API v2 (Client 1112620458)
2026-02-18 22:00,2026-02-18,22,Crude,6417.16,6435.53,18.37,0.2862,4081,77184,6400,21.35,21.85,40495,36689,0.906,INR/bbl,Dhan API v2 (Client 1112620458)
2026-02-18 23:00,2026-02-18,23,Crude,6431.24,6450.89,19.64,0.3054,11989,79937,6400,21.24,21.74,42423,37514,0.8843,INR/bbl,Dhan API v2 (Client 1112620458)
2026-02-19 09:00,2026-02-19,9,Crude,6473.06,6488.61,15.55,0.2402,2812,79761,6500,21.09,21.59,41595,38166,0.9176,INR/bbl,Dhan API v2 (Client 1112620458)
2026-02-19 10:00,2026-02-19,10,Crude,6473.38,6477.04,3.67,0.0566,11460,79705,6500,21.62,22.12,40929,38776,0.9474,INR/bbl,Dhan API v2 (Client 1112620458)
2026-02-19 11:00,2026-02-19,11,Crude,6483.68,6506.16,22.48,0.3468,10369,80744,6500,21.74,22.24,41756,38988,0.9337,INR/bbl,Dhan API v2 (Client 1112620458)
2026-02-19 12:00,2026-02-19,12,Crude,6479.54,6481.16,1.62,0.0249,6051,79544,6500,21.73,22.23,41021,38523,0.9391,INR/bbl,Dhan API v2 (Client 1112620458)
2026-02-19 13:00,2026-02-19,13,Crude,6426.77,6448.34,21.57,0.3356,7097,79527,6400,21.61,22.11,41665,37862,0.9087,INR/bbl,Dhan API v2 (Client 1112620458)
2026-02-19 14:00,2026-02-19,14,Crude,6426.21,6445.57,19.36,0.3012,13990,78173,6400,21.48,21.98,40834,37339,0.9144,INR/bbl,Dhan API v2 (Client 1112620458)
2026-02-19 15:00,2026-02-19,15,Crude,6408.2,6412.29,4.09,0.0639,10020,78547,6400,21.91,22.41,40877,37670,0.9215,INR/bbl,Dhan API v2 (Client 1112620458)
2026-02-19 16:00,2026-02-19,16,Crude,6442.18,6454.73,12.55,0.1947,2856,79693,6400,21.89,22.39,41554,38139,0.9178,INR/bbl,Dhan API v2 (Client 1112620458)
2026-02-19 17:00,2026-02-19,17,Crude,6449.66,6459.31,9.66,0.1497,9902,79727,6400,21.87,22.37,41459,38268,0.923,INR/bbl,Dhan API v2 (Client 1112620458)
2026-02-19 18:00,2026-02-19,18,Crude,6435.4,6451.86,16.46,0.2557,1157,78575,6400,21.77,22.27,40981,37594,0.9174,INR/bbl,Dhan API v2 (Client 1112620458)
2026-02-19 19:00,2026-02-19,19,Crude,6410.19,6416.04,5.85,0.0913,14011,79500,6400,21.19,21.69,42336,37164,0.8778,INR/bbl,Dhan API v2 (Client 1112620458)
2026-02-19 20:00,2026-02-19,20,Crude,6431.82,6452.79,20.97,0.326,12048,78299,6400,21.79,22.29,39665,38634,0.974,INR/bbl,Dhan API v2 (Client 1112620458)
2026-02-19 21:00,2026-02-19,21,Crude,6419.2,6424.35,5.15,0.0802,6708,79116,6400,21.71,22.21,41543,37573,0.9044,INR/bbl,Dhan API v2 (Client 1112620458)
2026-02-19 22:00,2026-02-19,22,Crude,6394.63,6400.73,6.09,0.0952,7186,79408,6400,21.21,21.71,41580,37828,0.9098,INR/bbl,Dhan API v2 (Client 1112620458)
2026-02-19 23:00,2026-02-19,23,Crude,6375.83,6402.17,26.34,0.4132,6919,79164,6400,21.7,22.2,41369,37795,0.9136,INR/bbl,Dhan API v2 (Client 1112620458)
2026-02-20 09:00,2026-02-20,9,Crude,6392.68,6398.36,5.68,0.0889,1656,80052,6400,21.62,22.12,41379,38673,0.9346,INR/bbl,Dhan API v2 (Client 1112620458)
2026-02-20 10:00,2026-02-20,10,Crude,6379.71,6400.48,20.77,0.3256,12565,79167,6400,21.87,22.37,40726,38441,0.9439,INR/bbl,Dhan API v2 (Client 1112620458)
2026-02-20 11:00,2026-02-20,11,Crude,6360.8,6368.04,7.24,0.1138,1057,79899,6400,21.51,22.01,40305,39594,0.9824,INR/bbl,Dhan API v2 (Client 1112620458)
2026-02-20 12:00,2026-02-20,12,Crude,6349.04,6350.62,1.58,0.0249,11011,79581,6300,21.25,21.75,42048,37533,0.8926,INR/bbl,Dhan API v2 (Client 1112620458)
2026-02-20 13:00,2026-02-20,13,Crude,6355.32,6357.85,2.53,0.0399,4938,79730,6400,21.35,21.85,41249,38481,0.9329,INR/bbl,Dhan API v2 (Client 1112620458)
2026-02-20 14:00,2026-02-20,14,Crude,6334.46,6348.72,14.26,0.2251,2435,80117,6300,21.67,22.17,41495,38622,0.9308,INR/bbl,Dhan API v2 (Client 1112620458)
2026-02-20 15:00,2026-02-20,15,Crude,6269.46,6284.41,14.95,0.2384,11580,79606,6300,21.6,22.1,41114,38492,0.9362,INR/bbl,Dhan API v2 (Client 1112620458)
2026-02-20 16:00,2026-02-20,16,Crude,6295.07,6310.89,15.82,0.2514,14620,79056,6300,21.54,22.04,41191,37865,0.9193,INR/bbl,Dhan API v2 (Client 1112620458)
2026-02-20 17:00,2026-02-20,17,Crude,6276.05,6303.84,27.79,0.4428,1587,79952,6300,21.89,22.39,41992,37960,0.904,INR/bbl,Dhan API v2 (Client 1112620458)
2026-02-20 18:00,2026-02-20,18,Crude,6292.78,6308.71,15.93,0.2532,8674,80361,6300,21.54,22.04,42342,38019,0.8979,INR/bbl,Dhan API v2 (Client 1112620458)
2026-02-20 19:00,2026-02-20,19,Crude,6275.52,6291.82,16.3,0.2598,9977,79025,6300,21.45,21.95,41023,38002,0.9264,INR/bbl,Dhan API v2 (Client 1112620458)
2026-02-20 20:00,2026-02-20,20,Crude,6262.85,6276.99,14.14,0.2258,12115,77360,6300,21.77,22.27,40304,37056,0.9194,INR/bbl,Dhan API v2 (Client 1112620458)
2026-02-20 21:00,2026-02-20,21,Crude,6298.19,6290.37,-7.82,-0.1242,7137,79289,6300,21.78,22.28,41338,37951,0.9181,INR/bbl,Dhan API v2 (Client 1112620458)
2026-02-20 22:00,2026-02-20,22,Crude,6285.14,6288.7,3.56,0.0567,8984,79565,6300,21.49,21.99,40993,38572,0.9409,INR/bbl,Dhan API v2 (Client 1112620458)
2026-02-20 23:00,2026-02-20,23,Crude,6281.63,6274.36,-7.27,-0.1157,3619,77653,6300,21.76,22.26,40121,37532,0.9355,INR/bbl,Dhan API v2 (Client 1112620458)
2026-02-23 09:00,2026-02-23,9,Crude,6304.91,6326.09,21.18,0.3359,5966,80446,6300,21.86,22.36,41395,39051,0.9434,INR/bbl,Dhan API v2 (Client 1112620458)
2026-02-23 10:00,2026-02-23,10,Crude,6326.98,6330.38,3.4,0.0538,7324,78851,6300,21.89,22.39,41098,37753,0.9186,INR/bbl,Dhan API v2 (Client 1112620458)
2026-02-23 11:00,2026-02-23,11,Crude,6346.46,6349.71,3.25,0.0512,4020,80284,6300,22.03,22.53,40850,39434,0.9653,INR/bbl,Dhan API v2 (Client 1112620458)
2026-02-23 12:00,2026-02-23,12,Crude,6334.38,6338.75,4.37,0.0691,8037,80485,6300,21.46,21.96,41569,38916,0.9362,INR/bbl,Dhan API v2 (Client 1112620458)
2026-02-23 13:00,2026-02-23,13,Crude,6299.73,6309.31,9.57,0.152,806,79337,6300,21.64,22.14,41984,37353,0.8897,INR/bbl,Dhan API v2 (Client 1112620458)
2026-02-23 14:00,2026-02-23,14,Crude,6288.69,6291.3,2.6,0.0414,6848,81028,6300,21.68,22.18,42863,38165,0.8904,INR/bbl,Dhan API v2 (Client 1112620458)
2026-02-23 15:00,2026-02-23,15,Crude,6311.08,6312.89,1.81,0.0287,14562,80258,6300,21.75,22.25,41521,38737,0.9329,INR/bbl,Dhan API v2 (Client 1112620458)
2026-02-23 16:00,2026-02-23,16,Crude,6319.81,6317.84,-1.97,-0.0311,8160,80231,6300,21.63,22.13,41845,38386,0.9173,INR/bbl,Dhan API v2 (Client 1112620458)
2026-02-23 17:00,2026-02-23,17,Crude,6331.78,6350.58,18.8,0.2968,925,77696,6300,22.03,22.53,41111,36585,0.8899,INR/bbl,Dhan API v2 (Client 1112620458)
2026-02-23 18:00,2026-02-23,18,Crude,6326.19,6327.57,1.38,0.0218,3246,79757,6300,21.72,22.22,41776,37981,0.9092,INR/bbl,Dhan API v2 (Client 1112620458)
2026-02-23 19:00,2026-02-23,19,Crude,6377.85,6390.17,12.32,0.1931,6677,81499,6400,21.61,22.11,43065,38434,0.8925,INR/bbl,Dhan API v2 (Client 1112620458)
2026-02-23 20:00,2026-02-23,20,Crude,6378.48,6376.68,-1.8,-0.0283,11214,79678,6400,21.96,22.46,40899,38779,0.9482,INR/bbl,Dhan API v2 (Client 1112620458)
2026-02-23 21:00,2026-02-23,21,Crude,6374.26,6370.9,-3.36,-0.0527,7371,79228,6400,21.27,21.77,41368,37860,0.9152,INR/bbl,Dhan API v2 (Client 1112620458)
2026-02-23 22:00,2026-02-23,22,Crude,6397.03,6411.15,14.12,0.2208,13810,80944,6400,21.83,22.33,42602,38342,0.9,INR/bbl,Dhan API v2 (Client 1112620458)
2026-02-23 23:00,2026-02-23,23,Crude,6391.02,6410.2,19.17,0.3,10069,80415,6400,21.85,22.35,41623,38792,0.932,INR/bbl,Dhan API v2 (Client 1112620458)
2026-02-24 09:00,2026-02-24,9,Crude,6352.84,6355.65,2.8,0.0441,10150,78524,6400,21.9,22.4,41414,37110,0.8961,INR/bbl,Dhan API v2 (Client 1112620458)
2026-02-24 10:00,2026-02-24,10,Crude,6387.12,6405.49,18.37,0.2877,11544,80179,6400,21.38,21.88,42127,38052,0.9033,INR/bbl,Dhan API v2 (Client 1112620458)
2026-02-24 11:00,2026-02-24,11,Crude,6399.99,6415.14,15.14,0.2366,3029,79462,6400,21.24,21.74,41255,38207,0.9261,INR/bbl,Dhan API v2 (Client 1112620458)
2026-02-24 12:00,2026-02-24,12,Crude,6363.11,6364.09,0.98,0.0155,14517,80721,6400,22.09,22.59,42273,38448,0.9095,INR/bbl,Dhan API v2 (Client 1112620458)
2026-02-24 13:00,2026-02-24,13,Crude,6358.61,6367.96,9.35,0.1471,549,81864,6400,21.76,22.26,42436,39428,0.9291,INR/bbl,Dhan API v2 (Client 1112620458)
2026-02-24 14:00,2026-02-24,14,Crude,6390.12,6417.42,27.29,0.4271,2881,79835,6400,21.77,22.27,41688,38147,0.9151,INR/bbl,Dhan API v2 (Client 1112620458)
2026-02-24 15:00,2026-02-24,15,Crude,6392.37,6429.89,37.52,0.5869,14749,80217,6400,22.52,23.02,41932,38285,0.913,INR/bbl,Dhan API v2 (Client 1112620458)
2026-02-24 16:00,2026-02-24,16,Crude,6398.5,6410.1,11.6,0.1813,14889,80056,6400,21.94,22.44,41948,38108,0.9085,INR/bbl,Dhan API v2 (Client 1112620458)
2026-02-24 17:00,2026-02-24,17,Crude,6403.59,6421.57,17.99,0.2809,1221,80358,6400,21.19,21.69,42042,38316,0.9114,INR/bbl,Dhan API v2 (Client 1112620458)
2026-02-24 18:00,2026-02-24,18,Crude,6366.27,6374.68,8.41,0.1321,8468,78310,6400,21.12,21.62,40919,37391,0.9138,INR/bbl,Dhan API v2 (Client 1112620458)
2026-02-24 19:00,2026-02-24,19,Crude,6322.55,6329.26,6.71,0.1061,14911,77966,6300,21.45,21.95,40437,37529,0.9281,INR/bbl,Dhan API v2 (Client 1112620458)
2026-02-24 20:00,2026-02-24,20,Crude,6361.91,6364.54,2.63,0.0414,2383,80719,6400,21.04,21.54,42428,38291,0.9025,INR/bbl,Dhan API v2 (Client 1112620458)
2026-02-24 21:00,2026-02-24,21,Crude,6341.25,6354.28,13.03,0.2054,10397,79371,6300,21.84,22.34,42616,36755,0.8625,INR/bbl,Dhan API v2 (Client 1112620458)
2026-02-24 22:00,2026-02-24,22,Crude,6379.26,6396.7,17.44,0.2734,8941,80413,6400,21.64,22.14,41345,39068,0.9449,INR/bbl,Dhan API v2 (Client 1112620458)
2026-02-24 23:00,2026-02-24,23,Crude,6376.76,6404.07,27.31,0.4282,14342,80922,6400,21.37,21.87,42570,38352,0.9009,INR/bbl,Dhan API v2 (Client 1112620458)
2026-02-25 09:00,2026-02-25,9,Crude,6379.7,6393.59,13.89,0.2177,4055,81422,6400,21.84,22.34,42426,38996,0.9192,INR/bbl,Dhan API v2 (Client 1112620458)
2026-02-25 10:00,2026-02-25,10,Crude,6375.8,6398.81,23.01,0.3608,4617,78612,6400,21.61,22.11,41156,37456,0.9101,INR/bbl,Dhan API v2 (Client 1112620458)
2026-02-25 11:00,2026-02-25,11,Crude,6336.16,6352.41,16.25,0.2564,4992,78343,6300,21.58,22.08,41223,37120,0.9005,INR/bbl,Dhan API v2 (Client 1112620458)
2026-02-25 12:00,2026-02-25,12,Crude,6311.8,6327.02,15.23,0.2413,11467,79200,6300,21.53,22.03,40853,38347,0.9387,INR/bbl,Dhan API v2 (Client 1112620458)
2026-02-25 13:00,2026-02-25,13,Crude,6296.76,6323.75,26.99,0.4287,7966,78736,6300,21.93,22.43,40900,37836,0.9251,INR/bbl,Dhan API v2 (Client 1112620458)
2026-02-25 14:00,2026-02-25,14,Crude,6297.29,6309.58,12.29,0.1952,7403,80243,6300,21.4,21.9,41118,39125,0.9515,INR/bbl,Dhan API v2 (Client 1112620458)
2026-02-25 15:00,2026-02-25,15,Crude,6312.71,6321.75,9.04,0.1432,1135,79024,6300,21.05,21.55,40924,38100,0.931,INR/bbl,Dhan API v2 (Client 1112620458)
2026-02-25 16:00,2026-02-25,16,Crude,6342.43,6359.12,16.69,0.2631,10836,80140,6300,21.3,21.8,42040,38100,0.9063,INR/bbl,Dhan API v2 (Client 1112620458)
2026-02-25 17:00,2026-02-25,17,Crude,6379.8,6385.71,5.91,0.0926,6963,80001,6400,21.3,21.8,41464,38537,0.9294,INR/bbl,Dhan API v2 (Client 1112620458)
2026-02-25 18:00,2026-02-25,18,Crude,6320.09,6321.79,1.7,0.0269,8052,78859,6300,21.64,22.14,40414,38445,0.9513,INR/bbl,Dhan API v2 (Client 1112620458)
2026-02-25 19:00,2026-02-25,19,Crude,6328.96,6343.73,14.77,0.2333,10262,79252,6300,21.5,22.0,40875,38377,0.9389,INR/bbl,Dhan API v2 (Client 1112620458)
2026-02-25 20:00,2026-02-25,20,Crude,6330.76,6344.78,14.01,0.2214,8804,78813,6300,21.48,21.98,41082,37731,0.9184,INR/bbl,Dhan API v2 (Client 1112620458)
2026-02-25 21:00,2026-02-25,21,Crude,6314.13,6302.53,-11.6,-0.1838,3599,79603,6300,21.71,22.21,41633,37970,0.912,INR/bbl,Dhan API v2 (Client 1112620458)
2026-02-25 22:00,2026-02-25,22,Crude,6293.3,6309.05,15.76,0.2504,13990,79275,6300,21.74,22.24,42116,37159,0.8823,INR/bbl,Dhan API v2 (Client 1112620458)
2026-02-25 23:00,2026-02-25,23,Crude,6270.28,6276.2,5.92,0.0944,13746,78490,6300,21.66,22.16,40783,37707,0.9246,INR/bbl,Dhan API v2 (Client 1112620458)
2026-02-26 09:00,2026-02-26,9,Crude,6293.25,6313.86,20.61,0.3275,4564,78954,6300,21.09,21.59,41873,37081,0.8856,INR/bbl,Dhan API v2 (Client 1112620458)
2026-02-26 10:00,2026-02-26,10,Crude,6296.94,6310.91,13.97,0.2218,1228,79548,6300,20.96,21.46,40619,38929,0.9584,INR/bbl,Dhan API v2 (Client 1112620458)
2026-02-26 11:00,2026-02-26,11,Crude,6259.64,6275.39,15.75,0.2517,10805,80137,6300,21.59,22.09,41486,38651,0.9317,INR/bbl,Dhan API v2 (Client 1112620458)
2026-02-26 12:00,2026-02-26,12,Crude,6256.91,6270.55,13.63,0.2179,11417,80041,6300,21.88,22.38,41485,38556,0.9294,INR/bbl,Dhan API v2 (Client 1112620458)
2026-02-26 13:00,2026-02-26,13,Crude,6270.93,6283.79,12.86,0.2051,10974,79746,6300,21.67,22.17,41745,38001,0.9103,INR/bbl,Dhan API v2 (Client 1112620458)
2026-02-26 14:00,2026-02-26,14,Crude,6283.16,6290.92,7.76,0.1235,9860,81050,6300,21.56,22.06,42501,38549,0.907,INR/bbl,Dhan API v2 (Client 1112620458)
2026-02-26 15:00,2026-02-26,15,Crude,6296.02,6305.9,9.88,0.157,11948,78859,6300,21.59,22.09,40621,38238,0.9413,INR/bbl,Dhan API v2 (Client 1112620458)
2026-02-26 16:00,2026-02-26,16,Crude,6312.09,6307.1,-4.99,-0.0791,5421,80720,6300,21.01,21.51,42095,38625,0.9176,INR/bbl,Dhan API v2 (Client 1112620458)
2026-02-26 17:00,2026-02-26,17,Crude,6334.21,6349.02,14.81,0.2339,14530,79241,6300,21.68,22.18,41271,37970,0.92,INR/bbl,Dhan API v2 (Client 1112620458)
2026-02-26 18:00,2026-02-26,18,Crude,6391.33,6394.9,3.57,0.0559,8035,80522,6400,21.82,22.32,41193,39329,0.9547,INR/bbl,Dhan API v2 (Client 1112620458)
2026-02-26 19:00,2026-02-26,19,Crude,6367.59,6359.59,-8.0,-0.1257,7151,81501,6400,21.22,21.72,42148,39353,0.9337,INR/bbl,Dhan API v2 (Client 1112620458)
2026-02-26 20:00,2026-02-26,20,Crude,6389.12,6405.97,16.85,0.2637,3910,80670,6400,21.43,21.93,42088,38582,0.9167,INR/bbl,Dhan API v2 (Client 1112620458)
2026-02-26 21:00,2026-02-26,21,Crude,6390.37,6403.26,12.89,0.2017,14427,78056,6400,21.29,21.79,40774,37282,0.9144,INR/bbl,Dhan API v2 (Client 1112620458)
2026-02-26 22:00,2026-02-26,22,Crude,6433.73,6443.34,9.62,0.1495,4315,80749,6400,21.5,22.0,42321,38428,0.908,INR/bbl,Dhan API v2 (Client 1112620458)
2026-02-26 23:00,2026-02-26,23,Crude,6434.38,6437.36,2.98,0.0464,13572,81491,6400,21.68,22.18,41932,39559,0.9434,INR/bbl,Dhan API v2 (Client 1112620458)
2026-02-27 09:00,2026-02-27,9,Crude,6467.37,6471.63,4.26,0.0659,13448,79949,6500,21.89,22.39,41714,38235,0.9166,INR/bbl,Dhan API v2 (Client 1112620458)
2026-02-27 10:00,2026-02-27,10,Crude,6474.77,6491.65,16.87,0.2606,11879,78380,6500,22.03,22.53,41048,37332,0.9095,INR/bbl,Dhan API v2 (Client 1112620458)
2026-02-27 11:00,2026-02-27,11,Crude,6440.88,6456.78,15.9,0.2468,1620,80172,6400,21.75,22.25,41630,38542,0.9258,INR/bbl,Dhan API v2 (Client 1112620458)
2026-02-27 12:00,2026-02-27,12,Crude,6454.53,6474.48,19.96,0.3092,14417,79226,6500,21.36,21.86,41167,38059,0.9245,INR/bbl,Dhan API v2 (Client 1112620458)
2026-02-27 13:00,2026-02-27,13,Crude,6444.44,6442.99,-1.45,-0.0225,14796,79435,6400,21.45,21.95,41413,38022,0.9181,INR/bbl,Dhan API v2 (Client 1112620458)
2026-02-27 14:00,2026-02-27,14,Crude,6485.82,6490.37,4.55,0.0701,1659,80206,6500,21.89,22.39,42050,38156,0.9074,INR/bbl,Dhan API v2 (Client 1112620458)
2026-02-27 15:00,2026-02-27,15,Crude,6444.98,6451.45,6.48,0.1005,3476,79457,6400,21.67,22.17,42286,37171,0.879,INR/bbl,Dhan API v2 (Client 1112620458)
2026-02-27 16:00,2026-02-27,16,Crude,6472.9,6480.61,7.71,0.119,3052,80192,6500,21.95,22.45,40885,39307,0.9614,INR/bbl,Dhan API v2 (Client 1112620458)
2026-02-27 17:00,2026-02-27,17,Crude,6511.35,6528.53,17.17,0.2637,7242,79010,6500,22.02,22.52,41491,37519,0.9043,INR/bbl,Dhan API v2 (Client 1112620458)
2026-02-27 18:00,2026-02-27,18,Crude,6549.62,6557.73,8.11,0.1238,1363,78824,6500,21.3,21.8,39961,38863,0.9725,INR/bbl,Dhan API v2 (Client 1112620458)
2026-02-27 19:00,2026-02-27,19,Crude,6564.53,6578.62,14.09,0.2147,5071,77596,6600,21.56,22.06,40106,37490,0.9348,INR/bbl,Dhan API v2 (Client 1112620458)
2026-02-27 20:00,2026-02-27,20,Crude,6549.18,6569.7,20.52,0.3134,6121,77920,6500,21.85,22.35,41268,36652,0.8881,INR/bbl,Dhan API v2 (Client 1112620458)
2026-02-27 21:00,2026-02-27,21,Crude,6547.42,6562.64,15.22,0.2324,5937,80678,6500,21.36,21.86,42336,38342,0.9057,INR/bbl,Dhan API v2 (Client 1112620458)
2026-02-27 22:00,2026-02-27,22,Crude,6535.86,6553.66,17.8,0.2724,2762,80334,6500,21.68,22.18,41874,38460,0.9185,INR/bbl,Dhan API v2 (Client 1112620458)
2026-02-27 23:00,2026-02-27,23,Crude,6544.0,6568.86,24.86,0.3799,6644,81368,6500,21.68,22.18,42715,38653,0.9049,INR/bbl,Dhan API v2 (Client 1112620458)
2026-03-02 09:00,2026-03-02,9,Crude,6539.55,6542.75,3.2,0.049,6262,79476,6500,21.27,21.77,40468,39008,0.9639,INR/bbl,Dhan API v2 (Client 1112620458)
2026-03-02 10:00,2026-03-02,10,Crude,6557.12,6573.9,16.77,0.2558,705,78605,6600,21.84,22.34,41441,37164,0.8968,INR/bbl,Dhan API v2 (Client 1112620458)
2026-03-02 11:00,2026-03-02,11,Crude,6541.1,6553.16,12.07,0.1845,4260,79710,6500,21.44,21.94,41079,38631,0.9404,INR/bbl,Dhan API v2 (Client 1112620458)
2026-03-02 12:00,2026-03-02,12,Crude,6532.53,6548.46,15.93,0.2438,12977,79292,6500,21.82,22.32,41455,37837,0.9127,INR/bbl,Dhan API v2 (Client 1112620458)
2026-03-02 13:00,2026-03-02,13,Crude,6501.93,6517.35,15.42,0.2371,1990,79329,6500,21.49,21.99,41559,37770,0.9088,INR/bbl,Dhan API v2 (Client 1112620458)
2026-03-02 14:00,2026-03-02,14,Crude,6522.55,6531.3,8.74,0.1341,11400,79937,6500,20.69,21.19,41202,38735,0.9401,INR/bbl,Dhan API v2 (Client 1112620458)
2026-03-02 15:00,2026-03-02,15,Crude,6548.04,6557.52,9.47,0.1447,14808,78046,6500,22.27,22.77,40950,37096,0.9059,INR/bbl,Dhan API v2 (Client 1112620458)
2026-03-02 16:00,2026-03-02,16,Crude,6550.62,6550.11,-0.5,-0.0077,9643,78924,6600,21.9,22.4,41621,37303,0.8963,INR/bbl,Dhan API v2 (Client 1112620458)
2026-03-02 17:00,2026-03-02,17,Crude,6561.67,6566.56,4.89,0.0745,5518,78280,6600,21.44,21.94,41532,36748,0.8848,INR/bbl,Dhan API v2 (Client 1112620458)
2026-03-02 18:00,2026-03-02,18,Crude,6556.98,6565.58,8.6,0.1312,11276,79860,6600,21.2,21.7,42248,37612,0.8903,INR/bbl,Dhan API v2 (Client 1112620458)
2026-03-02 19:00,2026-03-02,19,Crude,6551.43,6554.74,3.31,0.0506,12052,79980,6600,21.62,22.12,42040,37940,0.9025,INR/bbl,Dhan API v2 (Client 1112620458)
2026-03-02 20:00,2026-03-02,20,Crude,6588.89,6605.74,16.85,0.2557,14005,79495,6600,22.05,22.55,41963,37532,0.8944,INR/bbl,Dhan API v2 (Client 1112620458)
2026-03-02 21:00,2026-03-02,21,Crude,6609.8,6618.12,8.32,0.1259,7555,79294,6600,21.57,22.07,41999,37295,0.888,INR/bbl,Dhan API v2 (Client 1112620458)
2026-03-02 22:00,2026-03-02,22,Crude,6603.33,6624.41,21.08,0.3193,11640,79949,6600,21.24,21.74,41395,38554,0.9314,INR/bbl,Dhan API v2 (Client 1112620458)
2026-03-02 23:00,2026-03-02,23,Crude,6635.93,6642.51,6.58,0.0992,11151,80148,6600,21.18,21.68,41864,38284,0.9145,INR/bbl,Dhan API v2 (Client 1112620458)
2026-03-03 09:00,2026-03-03,9,Crude,6647.45,6663.31,15.86,0.2386,12485,80318,6600,21.54,22.04,41768,38550,0.923,INR/bbl,Dhan API v2 (Client 1112620458)
2026-03-03 10:00,2026-03-03,10,Crude,6662.21,6674.57,12.36,0.1855,11358,79525,6700,22.45,22.95,42044,37481,0.8915,INR/bbl,Dhan API v2 (Client 1112620458)
2026-03-03 11:00,2026-03-03,11,Crude,6667.47,6690.59,23.12,0.3468,5571,79113,6700,21.82,22.32,41459,37654,0.9082,INR/bbl,Dhan API v2 (Client 1112620458)
2026-03-03 12:00,2026-03-03,12,Crude,6700.04,6720.88,20.83,0.311,10711,80448,6700,21.38,21.88,41994,38454,0.9157,INR/bbl,Dhan API v2 (Client 1112620458)
2026-03-03 13:00,2026-03-03,13,Crude,6702.71,6710.04,7.34,0.1094,14524,80921,6700,21.51,22.01,42135,38786,0.9205,INR/bbl,Dhan API v2 (Client 1112620458)
2026-03-03 14:00,2026-03-03,14,Crude,6664.2,6665.28,1.08,0.0162,9875,80670,6700,21.37,21.87,41674,38996,0.9357,INR/bbl,Dhan API v2 (Client 1112620458)
2026-03-03 15:00,2026-03-03,15,Crude,6694.65,6703.47,8.82,0.1318,7008,79915,6700,21.65,22.15,41246,38669,0.9375,INR/bbl,Dhan API v2 (Client 1112620458)
2026-03-03 16:00,2026-03-03,16,Crude,6728.52,6743.51,15.0,0.2229,3408,78626,6700,21.62,22.12,41042,37584,0.9157,INR/bbl,Dhan API v2 (Client 1112620458)
2026-03-03 17:00,2026-03-03,17,Crude,6706.09,6700.25,-5.84,-0.0871,13108,80345,6700,21.43,21.93,41204,39141,0.9499,INR/bbl,Dhan API v2 (Client 1112620458)
2026-03-03 18:00,2026-03-03,18,Crude,6716.98,6723.29,6.31,0.0939,12180,80654,6700,20.62,21.12,42271,38383,0.908,INR/bbl,Dhan API v2 (Client 1112620458)
2026-03-03 19:00,2026-03-03,19,Crude,6699.3,6710.89,11.59,0.173,13911,80598,6700,21.02,21.52,41834,38764,0.9266,INR/bbl,Dhan API v2 (Client 1112620458)
2026-03-03 20:00,2026-03-03,20,Crude,6661.69,6657.46,-4.23,-0.0634,1308,78185,6700,21.59,22.09,40206,37979,0.9446,INR/bbl,Dhan API v2 (Client 1112620458)
2026-03-03 21:00,2026-03-03,21,Crude,6696.76,6710.27,13.52,0.2018,11730,80742,6700,22.06,22.56,42281,38461,0.9097,INR/bbl,Dhan API v2 (Client 1112620458)
2026-03-03 22:00,2026-03-03,22,Crude,6701.04,6706.08,5.04,0.0752,7227,80782,6700,21.51,22.01,41682,39100,0.9381,INR/bbl,Dhan API v2 (Client 1112620458)
2026-03-03 23:00,2026-03-03,23,Crude,6721.66,6720.29,-1.37,-0.0203,13205,80037,6700,21.44,21.94,41907,38130,0.9099,INR/bbl,Dhan API v2 (Client 1112620458)
2026-03-04 09:00,2026-03-04,9,Crude,6739.24,6739.31,0.07,0.001,5315,80159,6700,21.38,21.88,41043,39116,0.953,INR/bbl,Dhan API v2 (Client 1112620458)
2026-03-04 10:00,2026-03-04,10,Crude,6769.11,6767.41,-1.7,-0.0251,3994,80285,6800,22.09,22.59,43332,36953,0.8528,INR/bbl,Dhan API v2 (Client 1112620458)
2026-03-04 11:00,2026-03-04,11,Crude,6814.2,6832.21,18.01,0.2643,3045,80911,6800,21.38,21.88,42516,38395,0.9031,INR/bbl,Dhan API v2 (Client 1112620458)
2026-03-04 12:00,2026-03-04,12,Crude,6856.18,6850.93,-5.25,-0.0765,581,80011,6900,22.18,22.68,41408,38603,0.9323,INR/bbl,Dhan API v2 (Client 1112620458)
2026-03-04 13:00,2026-03-04,13,Crude,6856.7,6864.94,8.24,0.1202,8743,79082,6900,21.62,22.12,41175,37907,0.9206,INR/bbl,Dhan API v2 (Client 1112620458)
2026-03-04 14:00,2026-03-04,14,Crude,6857.52,6862.29,4.78,0.0697,10723,80213,6900,22.23,22.73,41553,38660,0.9304,INR/bbl,Dhan API v2 (Client 1112620458)
2026-03-04 15:00,2026-03-04,15,Crude,6883.36,6877.33,-6.04,-0.0877,13310,79773,6900,21.8,22.3,41144,38629,0.9389,INR/bbl,Dhan API v2 (Client 1112620458)
2026-03-04 16:00,2026-03-04,16,Crude,6874.91,6878.8,3.89,0.0566,5719,79968,6900,22.12,22.62,41720,38248,0.9168,INR/bbl,Dhan API v2 (Client 1112620458)
2026-03-04 17:00,2026-03-04,17,Crude,6875.13,6875.45,0.31,0.0046,2013,80945,6900,21.56,22.06,42603,38342,0.9,INR/bbl,Dhan API v2 (Client 1112620458)
2026-03-04 18:00,2026-03-04,18,Crude,6903.45,6900.73,-2.72,-0.0394,12746,79615,6900,22.43,22.93,41717,37898,0.9085,INR/bbl,Dhan API v2 (Client 1112620458)
2026-03-04 19:00,2026-03-04,19,Crude,6889.04,6906.05,17.01,0.247,10427,78786,6900,21.57,22.07,40638,38148,0.9387,INR/bbl,Dhan API v2 (Client 1112620458)
2026-03-04 20:00,2026-03-04,20,Crude,6877.96,6897.55,19.59,0.2848,14732,77769,6900,21.64,22.14,41202,36567,0.8875,INR/bbl,Dhan API v2 (Client 1112620458)
2026-03-04 21:00,2026-03-04,21,Crude,6858.49,6863.65,5.16,0.0752,2998,79980,6900,21.97,22.47,41000,38980,0.9507,INR/bbl,Dhan API v2 (Client 1112620458)
2026-03-04 22:00,2026-03-04,22,Crude,6825.83,6820.04,-5.79,-0.0848,12341,79089,6800,21.4,21.9,41187,37902,0.9202,INR/bbl,Dhan API v2 (Client 1112620458)
2026-03-04 23:00,2026-03-04,23,Crude,6838.33,6848.3,9.97,0.1458,5793,79982,6800,21.74,22.24,41051,38931,0.9484,INR/bbl,Dhan API v2 (Client 1112620458)
2026-03-05 09:00,2026-03-05,9,Crude,6850.6,6863.89,13.29,0.194,11818,79614,6900,21.91,22.41,41626,37988,0.9126,INR/bbl,Dhan API v2 (Client 1112620458)
2026-03-05 10:00,2026-03-05,10,Crude,6917.56,6938.15,20.59,0.2977,13287,79258,6900,21.48,21.98,40626,38632,0.9509,INR/bbl,Dhan API v2 (Client 1112620458)
2026-03-05 11:00,2026-03-05,11,Crude,6966.25,6970.66,4.4,0.0632,4333,81812,7000,21.2,21.7,42516,39296,0.9243,INR/bbl,Dhan API v2 (Client 1112620458)
2026-03-05 12:00,2026-03-05,12,Crude,6982.17,6971.19,-10.98,-0.1572,5402,81334,7000,21.69,22.19,42196,39138,0.9275,INR/bbl,Dhan API v2 (Client 1112620458)
2026-03-05 13:00,2026-03-05,13,Crude,6993.01,6991.92,-1.09,-0.0156,9670,79134,7000,21.05,21.55,41217,37917,0.9199,INR/bbl,Dhan API v2 (Client 1112620458)
2026-03-05 14:00,2026-03-05,14,Crude,6975.03,6973.53,-1.51,-0.0216,10063,79235,7000,21.61,22.11,41630,37605,0.9033,INR/bbl,Dhan API v2 (Client 1112620458)
2026-03-05 15:00,2026-03-05,15,Crude,6987.19,7006.14,18.95,0.2712,6654,80137,7000,21.7,22.2,41917,38220,0.9118,INR/bbl,Dhan API v2 (Client 1112620458)
2026-03-05 16:00,2026-03-05,16,Crude,6975.74,6977.83,2.09,0.0299,4236,78836,7000,21.02,21.52,40768,38068,0.9338,INR/bbl,Dhan API v2 (Client 1112620458)
2026-03-05 17:00,2026-03-05,17,Crude,7008.84,7012.71,3.87,0.0552,1004,78676,7000,21.81,22.31,40812,37864,0.9278,INR/bbl,Dhan API v2 (Client 1112620458)
2026-03-05 18:00,2026-03-05,18,Crude,6988.49,6970.32,-18.17,-0.26,9150,80100,7000,21.39,21.89,42064,38036,0.9042,INR/bbl,Dhan API v2 (Client 1112620458)
2026-03-05 19:00,2026-03-05,19,Crude,6991.45,6990.02,-1.42,-0.0204,3221,80489,7000,21.36,21.86,42080,38409,0.9128,INR/bbl,Dhan API v2 (Client 1112620458)
2026-03-05 20:00,2026-03-05,20,Crude,6987.44,6983.37,-4.07,-0.0582,6162,80585,7000,21.46,21.96,41320,39265,0.9503,INR/bbl,Dhan API v2 (Client 1112620458)
2026-03-05 21:00,2026-03-05,21,Crude,7034.62,7034.32,-0.3,-0.0042,13831,80215,7000,21.3,21.8,41944,38271,0.9124,INR/bbl,Dhan API v2 (Client 1112620458)
2026-03-05 22:00,2026-03-05,22,Crude,7003.3,7007.62,4.32,0.0616,7788,79268,7000,21.47,21.97,41371,37897,0.916,INR/bbl,Dhan API v2 (Client 1112620458)
2026-03-05 23:00,2026-03-05,23,Crude,7003.32,7013.94,10.62,0.1517,11919,79843,7000,21.87,22.37,41942,37901,0.9037,INR/bbl,Dhan API v2 (Client 1112620458)
2026-03-06 09:00,2026-03-06,9,Crude,6974.3,6970.74,-3.55,-0.0509,4761,81025,7000,21.6,22.1,42659,38366,0.8994,INR/bbl,Dhan API v2 (Client 1112620458)
2026-03-06 10:00,2026-03-06,10,Crude,6994.81,7006.63,11.82,0.169,12916,80734,7000,22.23,22.73,42233,38501,0.9116,INR/bbl,Dhan API v2 (Client 1112620458)
2026-03-06 11:00,2026-03-06,11,Crude,6977.97,6971.06,-6.91,-0.099,5917,80164,7000,21.83,22.33,42210,37954,0.8992,INR/bbl,Dhan API v2 (Client 1112620458)
2026-03-06 12:00,2026-03-06,12,Crude,6971.82,6966.3,-5.52,-0.0791,2535,78566,7000,20.85,21.35,40749,37817,0.928,INR/bbl,Dhan API v2 (Client 1112620458)
2026-03-06 13:00,2026-03-06,13,Crude,7002.21,7004.08,1.88,0.0268,13034,80127,7000,21.38,21.88,41891,38236,0.9127,INR/bbl,Dhan API v2 (Client 1112620458)
2026-03-06 14:00,2026-03-06,14,Crude,7009.51,6998.34,-11.17,-0.1594,14967,78770,7000,21.92,22.42,41472,37298,0.8994,INR/bbl,Dhan API v2 (Client 1112620458)
2026-03-06 15:00,2026-03-06,15,Crude,6986.45,6976.89,-9.56,-0.1369,703,79104,7000,21.29,21.79,41095,38009,0.9249,INR/bbl,Dhan API v2 (Client 1112620458)
2026-03-06 16:00,2026-03-06,16,Crude,6959.57,6966.18,6.61,0.095,2209,80258,7000,21.18,21.68,41811,38447,0.9195,INR/bbl,Dhan API v2 (Client 1112620458)
2026-03-06 17:00,2026-03-06,17,Crude,6978.41,6994.36,15.95,0.2286,5919,79707,7000,21.64,22.14,41777,37930,0.9079,INR/bbl,Dhan API v2 (Client 1112620458)
2026-03-06 18:00,2026-03-06,18,Crude,6968.02,6971.82,3.8,0.0546,2186,79668,7000,21.43,21.93,40961,38707,0.945,INR/bbl,Dhan API v2 (Client 1112620458)
2026-03-06 19:00,2026-03-06,19,Crude,7011.9,7031.71,19.81,0.2825,6578,80233,7000,21.18,21.68,41836,38397,0.9178,INR/bbl,Dhan API v2 (Client 1112620458)
2026-03-06 20:00,2026-03-06,20,Crude,7020.62,7015.11,-5.51,-0.0785,11576,78710,7000,21.74,22.24,41640,37070,0.8902,INR/bbl,Dhan API v2 (Client 1112620458)
2026-03-06 21:00,2026-03-06,21,Crude,7027.07,7016.74,-10.33,-0.147,11437,79825,7000,21.76,22.26,41800,38025,0.9097,INR/bbl,Dhan API v2 (Client 1112620458)
2026-03-06 22:00,2026-03-06,22,Crude,7002.68,7002.03,-0.65,-0.0092,11031,78677,7000,21.26,21.76,41028,37649,0.9176,INR/bbl,Dhan API v2 (Client 1112620458)
2026-03-06 23:00,2026-03-06,23,Crude,7059.01,7047.55,-11.46,-0.1624,5661,80508,7100,21.58,22.08,42187,38321,0.9084,INR/bbl,Dhan API v2 (Client 1112620458)
2026-03-09 09:00,2026-03-09,9,Crude,7111.18,7113.27,2.1,0.0295,5858,78847,7100,21.55,22.05,41230,37617,0.9124,INR/bbl,Dhan API v2 (Client 1112620458)
2026-03-09 10:00,2026-03-09,10,Crude,7078.69,7081.02,2.32,0.0328,9992,80033,7100,21.9,22.4,41066,38967,0.9489,INR/bbl,Dhan API v2 (Client 1112620458)
2026-03-09 11:00,2026-03-09,11,Crude,7048.7,7053.66,4.96,0.0704,7928,77995,7000,21.95,22.45,39955,38040,0.9521,INR/bbl,Dhan API v2 (Client 1112620458)
2026-03-09 12:00,2026-03-09,12,Crude,7071.71,7068.53,-3.18,-0.0449,3529,79293,7100,21.9,22.4,41220,38073,0.9237,INR/bbl,Dhan API v2 (Client 1112620458)
2026-03-09 13:00,2026-03-09,13,Crude,7070.58,7079.32,8.75,0.1237,1967,80489,7100,21.31,21.81,42411,38078,0.8978,INR/bbl,Dhan API v2 (Client 1112620458)
2026-03-09 14:00,2026-03-09,14,Crude,7047.0,7046.36,-0.64,-0.0091,14911,79993,7000,21.56,22.06,42828,37165,0.8678,INR/bbl,Dhan API v2 (Client 1112620458)
2026-03-09 15:00,2026-03-09,15,Crude,7092.43,7109.59,17.16,0.2419,4250,79782,7100,21.31,21.81,41454,38328,0.9246,INR/bbl,Dhan API v2 (Client 1112620458)
2026-03-09 16:00,2026-03-09,16,Crude,7065.33,7074.25,8.92,0.1263,7654,81074,7100,21.15,21.65,42221,38853,0.9202,INR/bbl,Dhan API v2 (Client 1112620458)
2026-03-09 17:00,2026-03-09,17,Crude,7085.05,7095.99,10.94,0.1545,6537,80073,7100,20.84,21.34,42029,38044,0.9052,INR/bbl,Dhan API v2 (Client 1112620458)
2026-03-09 18:00,2026-03-09,18,Crude,7079.64,7091.23,11.59,0.1637,14888,80094,7100,21.67,22.17,41762,38332,0.9179,INR/bbl,Dhan API v2 (Client 1112620458)
2026-03-09 19:00,2026-03-09,19,Crude,7127.76,7132.75,4.99,0.07,14532,81017,7100,21.42,21.92,42674,38343,0.8985,INR/bbl,Dhan API v2 (Client 1112620458)
2026-03-09 20:00,2026-03-09,20,Crude,7132.94,7136.93,3.99,0.056,13789,78821,7100,21.15,21.65,40274,38547,0.9571,INR/bbl,Dhan API v2 (Client 1112620458)
2026-03-09 21:00,2026-03-09,21,Crude,7100.75,7110.36,9.61,0.1353,727,78949,7100,21.59,22.09,41959,36990,0.8816,INR/bbl,Dhan API v2 (Client 1112620458)
2026-03-09 22:00,2026-03-09,22,Crude,7093.23,7093.69,0.46,0.0065,552,78943,7100,21.63,22.13,40774,38169,0.9361,INR/bbl,Dhan API v2 (Client 1112620458)
2026-03-09 23:00,2026-03-09,23,Crude,7075.79,7100.29,24.49,0.3461,5656,79991,7100,21.64,22.14,41468,38523,0.929,INR/bbl,Dhan API v2 (Client 1112620458)
2026-03-10 09:00,2026-03-10,9,Crude,7096.98,7089.88,-7.09,-0.0999,12865,80436,7100,21.99,22.49,42727,37709,0.8826,INR/bbl,Dhan API v2 (Client 1112620458)
2026-03-10 10:00,2026-03-10,10,Crude,7125.64,7118.65,-7.0,-0.0982,5451,78880,7100,21.7,22.2,41098,37782,0.9193,INR/bbl,Dhan API v2 (Client 1112620458)
2026-03-10 11:00,2026-03-10,11,Crude,7105.93,7118.81,12.88,0.1813,5627,80013,7100,21.78,22.28,42006,38007,0.9048,INR/bbl,Dhan API v2 (Client 1112620458)
2026-03-10 12:00,2026-03-10,12,Crude,7080.62,7074.08,-6.54,-0.0924,7460,79932,7100,21.98,22.48,41247,38685,0.9379,INR/bbl,Dhan API v2 (Client 1112620458)
2026-03-10 13:00,2026-03-10,13,Crude,7087.89,7075.56,-12.33,-0.174,9764,80927,7100,21.25,21.75,42208,38719,0.9173,INR/bbl,Dhan API v2 (Client 1112620458)
2026-03-10 14:00,2026-03-10,14,Crude,7085.16,7084.48,-0.68,-0.0096,13850,79189,7100,21.64,22.14,41266,37923,0.919,INR/bbl,Dhan API v2 (Client 1112620458)
2026-03-10 15:00,2026-03-10,15,Crude,7054.21,7058.15,3.93,0.0558,9894,79077,7100,21.44,21.94,40741,38336,0.941,INR/bbl,Dhan API v2 (Client 1112620458)
2026-03-10 16:00,2026-03-10,16,Crude,7050.16,7056.59,6.42,0.0911,6224,79818,7100,21.13,21.63,42536,37282,0.8765,INR/bbl,Dhan API v2 (Client 1112620458)
2026-03-10 17:00,2026-03-10,17,Crude,7041.69,7051.76,10.07,0.143,6085,79067,7000,20.76,21.26,40944,38123,0.9311,INR/bbl,Dhan API v2 (Client 1112620458)
2026-03-10 18:00,2026-03-10,18,Crude,7030.53,7011.82,-18.71,-0.2662,3944,78238,7000,21.65,22.15,40090,38148,0.9516,INR/bbl,Dhan API v2 (Client 1112620458)
2026-03-10 19:00,2026-03-10,19,Crude,7033.74,7029.85,-3.89,-0.0553,5893,78867,7000,21.65,22.15,40838,38029,0.9312,INR/bbl,Dhan API v2 (Client 1112620458)
2026-03-10 20:00,2026-03-10,20,Crude,7048.99,7023.54,-25.45,-0.3611,8794,77667,7000,21.8,22.3,40548,37119,0.9154,INR/bbl,Dhan API v2 (Client 1112620458)
2026-03-10 21:00,2026-03-10,21,Crude,7048.34,7046.69,-1.65,-0.0234,4524,77787,7000,21.25,21.75,40770,37017,0.9079,INR/bbl,Dhan API v2 (Client 1112620458)
2026-03-10 22:00,2026-03-10,22,Crude,7053.88,7046.58,-7.29,-0.1034,3399,80015,7100,22.0,22.5,41557,38458,0.9254,INR/bbl,Dhan API v2 (Client 1112620458)
2026-03-10 23:00,2026-03-10,23,Crude,7112.88,7101.91,-10.97,-0.1542,2753,78890,7100,21.57,22.07,41003,37887,0.924,INR/bbl,Dhan API v2 (Client 1112620458)
2026-03-11 09:00,2026-03-11,9,Crude,7119.3,7123.54,4.23,0.0595,11754,79291,7100,20.84,21.34,41471,37820,0.912,INR/bbl,Dhan API v2 (Client 1112620458)
2026-03-11 10:00,2026-03-11,10,Crude,7077.48,7074.15,-3.33,-0.047,8014,79621,7100,21.99,22.49,41789,37832,0.9053,INR/bbl,Dhan API v2 (Client 1112620458)
2026-03-11 11:00,2026-03-11,11,Crude,7071.65,7078.96,7.31,0.1034,13129,80276,7100,21.68,22.18,41660,38616,0.9269,INR/bbl,Dhan API v2 (Client 1112620458)
2026-03-11 12:00,2026-03-11,12,Crude,7145.1,7141.26,-3.84,-0.0537,13875,82734,7100,21.82,22.32,43056,39678,0.9215,INR/bbl,Dhan API v2 (Client 1112620458)
2026-03-11 13:00,2026-03-11,13,Crude,7139.29,7133.91,-5.38,-0.0753,2047,78807,7100,21.02,21.52,42191,36616,0.8679,INR/bbl,Dhan API v2 (Client 1112620458)
2026-03-11 14:00,2026-03-11,14,Crude,7120.0,7120.83,0.83,0.0116,8432,79924,7100,21.59,22.09,41751,38173,0.9143,INR/bbl,Dhan API v2 (Client 1112620458)
2026-03-11 15:00,2026-03-11,15,Crude,7123.72,7130.73,7.0,0.0983,6419,78000,7100,21.22,21.72,40839,37161,0.9099,INR/bbl,Dhan API v2 (Client 1112620458)
2026-03-11 16:00,2026-03-11,16,Crude,7113.1,7103.35,-9.75,-0.137,13234,80609,7100,21.66,22.16,42281,38328,0.9065,INR/bbl,Dhan API v2 (Client 1112620458)
2026-03-11 17:00,2026-03-11,17,Crude,7095.18,7090.87,-4.31,-0.0608,11261,79213,7100,22.22,22.72,41498,37715,0.9088,INR/bbl,Dhan API v2 (Client 1112620458)
2026-03-11 18:00,2026-03-11,18,Crude,7108.31,7116.3,7.99,0.1124,3606,79987,7100,21.26,21.76,41660,38327,0.92,INR/bbl,Dhan API v2 (Client 1112620458)
2026-03-11 19:00,2026-03-11,19,Crude,7089.19,7078.64,-10.56,-0.1489,11796,80176,7100,21.5,22.0,41961,38215,0.9107,INR/bbl,Dhan API v2 (Client 1112620458)
2026-03-11 20:00,2026-03-11,20,Crude,7059.05,7056.43,-2.62,-0.0372,3497,79246,7100,21.67,22.17,41898,37348,0.8914,INR/bbl,Dhan API v2 (Client 1112620458)
2026-03-11 21:00,2026-03-11,21,Crude,7056.45,7062.54,6.1,0.0864,8421,80022,7100,22.3,22.8,41772,38250,0.9157,INR/bbl,Dhan API v2 (Client 1112620458)
2026-03-11 22:00,2026-03-11,22,Crude,7093.24,7078.32,-14.91,-0.2102,6506,80267,7100,21.68,22.18,42684,37583,0.8805,INR/bbl,Dhan API v2 (Client 1112620458)
2026-03-11 23:00,2026-03-11,23,Crude,7085.2,7100.66,15.47,0.2183,9052,79400,7100,21.42,21.92,41856,37544,0.897,INR/bbl,Dhan API v2 (Client 1112620458)
2026-03-12 09:00,2026-03-12,9,Crude,7082.72,7110.38,27.67,0.3906,9167,79563,7100,21.5,22.0,40562,39001,0.9615,INR/bbl,Dhan API v2 (Client 1112620458)
2026-03-12 10:00,2026-03-12,10,Crude,7100.58,7141.35,40.76,0.5741,7943,79238,7100,21.75,22.25,40648,38590,0.9494,INR/bbl,Dhan API v2 (Client 1112620458)
2026-03-12 11:00,2026-03-12,11,Crude,7103.83,7133.6,29.77,0.4191,4606,79335,7100,21.59,22.09,41138,38197,0.9285,INR/bbl,Dhan API v2 (Client 1112620458)
2026-03-12 12:00,2026-03-12,12,Crude,7076.19,7085.46,9.27,0.131,14710,80105,7100,21.67,22.17,41836,38269,0.9147,INR/bbl,Dhan API v2 (Client 1112620458)
2026-03-12 13:00,2026-03-12,13,Crude,7039.53,7072.93,33.4,0.4744,6923,79776,7000,21.64,22.14,41716,38060,0.9124,INR/bbl,Dhan API v2 (Client 1112620458)
2026-03-12 14:00,2026-03-12,14,Crude,7041.24,7066.46,25.22,0.3581,10048,77717,7000,21.32,21.82,40999,36718,0.8956,INR/bbl,Dhan API v2 (Client 1112620458)
2026-03-12 15:00,2026-03-12,15,Crude,7022.68,7050.71,28.04,0.3992,3586,79919,7000,21.32,21.82,41803,38116,0.9118,INR/bbl,Dhan API v2 (Client 1112620458)
2026-03-12 16:00,2026-03-12,16,Crude,7018.5,7029.64,11.14,0.1587,10685,78864,7000,21.11,21.61,40772,38092,0.9343,INR/bbl,Dhan API v2 (Client 1112620458)
2026-03-12 17:00,2026-03-12,17,Crude,7005.69,7051.04,45.35,0.6473,10294,78068,7000,22.04,22.54,41093,36975,0.8998,INR/bbl,Dhan API v2 (Client 1112620458)
2026-03-12 18:00,2026-03-12,18,Crude,6943.94,6970.6,26.66,0.384,8315,79445,6900,20.99,21.49,41966,37479,0.8931,INR/bbl,Dhan API v2 (Client 1112620458)
2026-03-12 19:00,2026-03-12,19,Crude,7018.8,7036.29,17.5,0.2493,5800,79135,7000,20.83,21.33,41174,37961,0.922,INR/bbl,Dhan API v2 (Client 1112620458)
2026-03-12 20:00,2026-03-12,20,Crude,6965.68,6995.1,29.42,0.4223,6683,79183,7000,21.52,22.02,41385,37798,0.9133,INR/bbl,Dhan API v2 (Client 1112620458)
2026-03-12 21:00,2026-03-12,21,Crude,6952.22,6980.01,27.79,0.3997,8712,77905,7000,22.05,22.55,40843,37062,0.9074,INR/bbl,Dhan API v2 (Client 1112620458)
2026-03-12 22:00,2026-03-12,22,Crude,6984.1,7018.35,34.25,0.4904,8124,80030,7000,21.52,22.02,42268,37762,0.8934,INR/bbl,Dhan API v2 (Client 1112620458)
2026-03-12 23:00,2026-03-12,23,Crude,7027.8,7052.96,25.17,0.3581,14236,80628,7000,21.61,22.11,41696,38932,0.9337,INR/bbl,Dhan API v2 (Client 1112620458)
2026-03-13 09:00,2026-03-13,9,Crude,7003.09,7032.39,29.3,0.4183,9067,80923,7000,21.58,22.08,42090,38833,0.9226,INR/bbl,Dhan API v2 (Client 1112620458)
2026-03-13 10:00,2026-03-13,10,Crude,7020.84,7041.09,20.25,0.2885,11989,78729,7000,21.19,21.69,41382,37347,0.9025,INR/bbl,Dhan API v2 (Client 1112620458)
2026-03-13 11:00,2026-03-13,11,Crude,7043.42,7085.2,41.78,0.5931,12699,80137,7000,21.74,22.24,41904,38233,0.9124,INR/bbl,Dhan API v2 (Client 1112620458)
2026-03-13 12:00,2026-03-13,12,Crude,7066.75,7079.87,13.11,0.1856,2856,78999,7100,21.52,22.02,41443,37556,0.9062,INR/bbl,Dhan API v2 (Client 1112620458)
2026-03-13 13:00,2026-03-13,13,Crude,7020.66,7044.03,23.37,0.3329,13436,80818,7000,21.51,22.01,42027,38791,0.923,INR/bbl,Dhan API v2 (Client 1112620458)
2026-03-13 14:00,2026-03-13,14,Crude,6978.84,7008.07,29.23,0.4189,14877,77950,7000,21.81,22.31,40979,36971,0.9022,INR/bbl,Dhan API v2 (Client 1112620458)
2026-03-13 15:00,2026-03-13,15,Crude,7014.55,7041.64,27.08,0.3861,13473,79256,7000,21.71,22.21,40762,38494,0.9444,INR/bbl,Dhan API v2 (Client 1112620458)
2026-03-13 16:00,2026-03-13,16,Crude,7013.31,7040.22,26.91,0.3837,13640,79286,7000,21.79,22.29,40799,38487,0.9433,INR/bbl,Dhan API v2 (Client 1112620458)
2026-03-13 17:00,2026-03-13,17,Crude,7033.88,7044.47,10.59,0.1506,8589,79897,7000,21.96,22.46,40974,38923,0.9499,INR/bbl,Dhan API v2 (Client 1112620458)
2026-03-13 18:00,2026-03-13,18,Crude,7022.49,7043.24,20.75,0.2955,8636,80481,7000,21.42,21.92,41203,39278,0.9533,INR/bbl,Dhan API v2 (Client 1112620458)
2026-03-13 19:00,2026-03-13,19,Crude,6981.0,7011.14,30.14,0.4318,1002,78905,7000,21.89,22.39,42238,36667,0.8681,INR/bbl,Dhan API v2 (Client 1112620458)
2026-03-13 20:00,2026-03-13,20,Crude,6937.98,6977.33,39.35,0.5671,7883,80901,6900,21.36,21.86,41927,38974,0.9296,INR/bbl,Dhan API v2 (Client 1112620458)
2026-03-13 21:00,2026-03-13,21,Crude,6919.83,6952.83,32.99,0.4768,4812,79336,6900,20.96,21.46,41335,38001,0.9193,INR/bbl,Dhan API v2 (Client 1112620458)
2026-03-13 22:00,2026-03-13,22,Crude,6908.58,6924.6,16.02,0.2319,6773,78703,6900,21.74,22.24,41111,37592,0.9144,INR/bbl,Dhan API v2 (Client 1112620458)
2026-03-13 23:00,2026-03-13,23,Crude,6944.59,6965.47,20.88,0.3006,3634,79948,6900,21.79,22.29,41310,38638,0.9353,INR/bbl,Dhan API v2 (Client 1112620458)
2026-03-16 09:00,2026-03-16,9,Crude,6985.13,7015.05,29.93,0.4284,3339,77825,7000,21.66,22.16,40626,37199,0.9156,INR/bbl,Dhan API v2 (Client 1112620458)
2026-03-16 10:00,2026-03-16,10,Crude,6969.76,6993.21,23.46,0.3365,8755,79560,7000,21.72,22.22,41947,37613,0.8967,INR/bbl,Dhan API v2 (Client 1112620458)
2026-03-16 11:00,2026-03-16,11,Crude,6970.92,6992.06,21.14,0.3033,11473,78472,7000,21.86,22.36,41003,37469,0.9138,INR/bbl,Dhan API v2 (Client 1112620458)
2026-03-16 12:00,2026-03-16,12,Crude,6993.29,7017.73,24.44,0.3494,2825,79201,7000,21.7,22.2,40413,38788,0.9598,INR/bbl,Dhan API v2 (Client 1112620458)
2026-03-16 13:00,2026-03-16,13,Crude,7001.72,7036.18,34.46,0.4922,14343,78318,7000,22.25,22.75,41431,36887,0.8903,INR/bbl,Dhan API v2 (Client 1112620458)
2026-03-16 14:00,2026-03-16,14,Crude,6974.47,7001.23,26.77,0.3838,9832,77649,7000,21.32,21.82,40995,36654,0.8941,INR/bbl,Dhan API v2 (Client 1112620458)
2026-03-16 15:00,2026-03-16,15,Crude,6985.66,7010.53,24.87,0.356,13835,79044,7000,22.0,22.5,41275,37769,0.9151,INR/bbl,Dhan API v2 (Client 1112620458)
2026-03-16 16:00,2026-03-16,16,Crude,7019.9,7033.67,13.77,0.1961,3532,80144,7000,21.75,22.25,41225,38919,0.9441,INR/bbl,Dhan API v2 (Client 1112620458)
2026-03-16 17:00,2026-03-16,17,Crude,7040.77,7069.54,28.77,0.4086,7602,80473,7000,21.99,22.49,42157,38316,0.9089,INR/bbl,Dhan API v2 (Client 1112620458)
2026-03-16 18:00,2026-03-16,18,Crude,7066.07,7094.16,28.09,0.3975,7379,78361,7100,21.48,21.98,40076,38285,0.9553,INR/bbl,Dhan API v2 (Client 1112620458)
2026-03-16 19:00,2026-03-16,19,Crude,7108.34,7144.7,36.36,0.5115,13462,80050,7100,21.35,21.85,41670,38380,0.921,INR/bbl,Dhan API v2 (Client 1112620458)
2026-03-16 20:00,2026-03-16,20,Crude,7096.2,7136.71,40.52,0.571,7299,78724,7100,21.97,22.47,40901,37823,0.9247,INR/bbl,Dhan API v2 (Client 1112620458)
2026-03-16 21:00,2026-03-16,21,Crude,7132.6,7164.71,32.11,0.4502,6322,79497,7100,21.57,22.07,41595,37902,0.9112,INR/bbl,Dhan API v2 (Client 1112620458)
2026-03-16 22:00,2026-03-16,22,Crude,7134.17,7158.96,24.79,0.3475,10682,78091,7100,21.12,21.62,40551,37540,0.9257,INR/bbl,Dhan API v2 (Client 1112620458)
2026-03-16 23:00,2026-03-16,23,Crude,7053.6,7077.79,24.19,0.343,2994,79387,7100,21.73,22.23,41534,37853,0.9114,INR/bbl,Dhan API v2 (Client 1112620458)
2026-03-17 09:00,2026-03-17,9,Crude,7006.11,7028.37,22.26,0.3177,3394,78646,7000,21.38,21.88,41060,37586,0.9154,INR/bbl,Dhan API v2 (Client 1112620458)
2026-03-17 10:00,2026-03-17,10,Crude,7026.61,7037.88,11.28,0.1605,12224,79940,7000,21.94,22.44,41487,38453,0.9269,INR/bbl,Dhan API v2 (Client 1112620458)
2026-03-17 11:00,2026-03-17,11,Crude,7009.39,7026.64,17.25,0.2461,1053,78704,7000,21.76,22.26,41960,36744,0.8757,INR/bbl,Dhan API v2 (Client 1112620458)
2026-03-17 12:00,2026-03-17,12,Crude,6962.82,6989.78,26.96,0.3872,9751,79659,7000,21.56,22.06,41373,38286,0.9254,INR/bbl,Dhan API v2 (Client 1112620458)
2026-03-17 13:00,2026-03-17,13,Crude,6938.09,6972.34,34.26,0.4937,9885,80556,6900,21.55,22.05,42973,37583,0.8746,INR/bbl,Dhan API v2 (Client 1112620458)
2026-03-17 14:00,2026-03-17,14,Crude,6915.33,6922.45,7.13,0.1031,3105,79320,6900,21.41,21.91,41218,38102,0.9244,INR/bbl,Dhan API v2 (Client 1112620458)
2026-03-17 15:00,2026-03-17,15,Crude,6933.56,6977.72,44.16,0.6369,1579,81736,6900,21.73,22.23,42819,38917,0.9089,INR/bbl,Dhan API v2 (Client 1112620458)
2026-03-17 16:00,2026-03-17,16,Crude,6954.25,6996.49,42.24,0.6074,14166,79523,7000,21.34,21.84,41699,37824,0.9071,INR/bbl,Dhan API v2 (Client 1112620458)
2026-03-17 17:00,2026-03-17,17,Crude,6952.07,6965.78,13.71,0.1972,7615,82018,7000,21.48,21.98,42510,39508,0.9294,INR/bbl,Dhan API v2 (Client 1112620458)
2026-03-17 18:00,2026-03-17,18,Crude,6911.93,6914.27,2.33,0.0338,13835,80409,6900,21.26,21.76,41530,38879,0.9362,INR/bbl,Dhan API v2 (Client 1112620458)
2026-03-17 19:00,2026-03-17,19,Crude,6923.38,6939.96,16.58,0.2395,4323,80572,6900,22.01,22.51,41698,38874,0.9323,INR/bbl,Dhan API v2 (Client 1112620458)
2026-03-17 20:00,2026-03-17,20,Crude,6955.41,6962.76,7.35,0.1057,14803,78379,7000,21.43,21.93,41300,37079,0.8978,INR/bbl,Dhan API v2 (Client 1112620458)
2026-03-17 21:00,2026-03-17,21,Crude,6943.13,6963.89,20.76,0.299,2204,79878,6900,21.82,22.32,41707,38171,0.9152,INR/bbl,Dhan API v2 (Client 1112620458)
2026-03-17 22:00,2026-03-17,22,Crude,6938.0,6953.45,15.46,0.2228,3961,80129,6900,21.97,22.47,42431,37698,0.8885,INR/bbl,Dhan API v2 (Client 1112620458)
2026-03-17 23:00,2026-03-17,23,Crude,6917.18,6943.03,25.85,0.3738,11987,79370,6900,21.56,22.06,41275,38095,0.923,INR/bbl,Dhan API v2 (Client 1112620458)
2026-03-18 09:00,2026-03-18,9,Crude,6893.77,6920.99,27.22,0.3949,2411,80324,6900,21.83,22.33,41925,38399,0.9159,INR/bbl,Dhan API v2 (Client 1112620458)
2026-03-18 10:00,2026-03-18,10,Crude,6912.0,6950.72,38.72,0.5602,2484,78952,6900,21.27,21.77,41460,37492,0.9043,INR/bbl,Dhan API v2 (Client 1112620458)
2026-03-18 11:00,2026-03-18,11,Crude,6888.23,6898.37,10.15,0.1473,5179,80635,6900,21.68,22.18,42486,38149,0.8979,INR/bbl,Dhan API v2 (Client 1112620458)
2026-03-18 12:00,2026-03-18,12,Crude,6855.49,6877.72,22.23,0.3243,12384,79527,6900,22.01,22.51,41066,38461,0.9366,INR/bbl,Dhan API v2 (Client 1112620458)
2026-03-18 13:00,2026-03-18,13,Crude,6871.62,6901.69,30.07,0.4376,10435,80022,6900,21.63,22.13,41198,38824,0.9424,INR/bbl,Dhan API v2 (Client 1112620458)
2026-03-18 14:00,2026-03-18,14,Crude,6844.99,6860.65,15.66,0.2288,10036,81306,6800,21.49,21.99,41761,39545,0.9469,INR/bbl,Dhan API v2 (Client 1112620458)
2026-03-18 15:00,2026-03-18,15,Crude,6843.61,6854.82,11.21,0.1638,13215,80633,6800,21.56,22.06,42191,38442,0.9111,INR/bbl,Dhan API v2 (Client 1112620458)
2026-03-18 16:00,2026-03-18,16,Crude,6810.56,6828.04,17.48,0.2566,1205,80557,6800,21.77,22.27,42328,38229,0.9032,INR/bbl,Dhan API v2 (Client 1112620458)
2026-03-18 17:00,2026-03-18,17,Crude,6810.54,6831.65,21.12,0.31,2805,79073,6800,21.41,21.91,41119,37954,0.923,INR/bbl,Dhan API v2 (Client 1112620458)
2026-03-18 18:00,2026-03-18,18,Crude,6793.76,6823.67,29.9,0.4402,927,80686,6800,21.98,22.48,42301,38385,0.9074,INR/bbl,Dhan API v2 (Client 1112620458)
2026-03-18 19:00,2026-03-18,19,Crude,6769.7,6804.83,35.13,0.5189,1792,77481,6800,21.96,22.46,40624,36857,0.9073,INR/bbl,Dhan API v2 (Client 1112620458)
2026-03-18 20:00,2026-03-18,20,Crude,6744.16,6770.36,26.2,0.3885,10165,79607,6700,21.37,21.87,41389,38218,0.9234,INR/bbl,Dhan API v2 (Client 1112620458)
2026-03-18 21:00,2026-03-18,21,Crude,6730.2,6753.85,23.65,0.3514,3257,78792,6700,21.67,22.17,41167,37625,0.914,INR/bbl,Dhan API v2 (Client 1112620458)
2026-03-18 22:00,2026-03-18,22,Crude,6730.58,6741.56,10.98,0.1631,9723,80677,6700,21.9,22.4,41902,38775,0.9254,INR/bbl,Dhan API v2 (Client 1112620458)
2026-03-18 23:00,2026-03-18,23,Crude,6758.67,6779.62,20.95,0.3099,10449,81610,6800,22.01,22.51,42946,38664,0.9003,INR/bbl,Dhan API v2 (Client 1112620458)
2026-03-19 09:00,2026-03-19,9,Crude,6738.03,6759.09,21.07,0.3127,6758,79773,6700,21.62,22.12,41194,38579,0.9365,INR/bbl,Dhan API v2 (Client 1112620458)
2026-03-19 10:00,2026-03-19,10,Crude,6728.53,6756.57,28.05,0.4168,14058,78431,6700,21.39,21.89,40391,38040,0.9418,INR/bbl,Dhan API v2 (Client 1112620458)
2026-03-19 11:00,2026-03-19,11,Crude,6702.2,6734.3,32.1,0.479,6790,80675,6700,21.73,22.23,42044,38631,0.9188,INR/bbl,Dhan API v2 (Client 1112620458)
2026-03-19 12:00,2026-03-19,12,Crude,6704.83,6729.87,25.04,0.3735,4945,80004,6700,21.87,22.37,40897,39107,0.9562,INR/bbl,Dhan API v2 (Client 1112620458)
2026-03-19 13:00,2026-03-19,13,Crude,6725.87,6750.43,24.56,0.3651,639,77898,6700,21.25,21.75,41063,36835,0.897,INR/bbl,Dhan API v2 (Client 1112620458)
2026-03-19 14:00,2026-03-19,14,Crude,6752.4,6787.7,35.3,0.5228,2608,78226,6800,21.59,22.09,41558,36668,0.8823,INR/bbl,Dhan API v2 (Client 1112620458)
2026-03-19 15:00,2026-03-19,15,Crude,6771.27,6803.28,32.02,0.4728,2392,79607,6800,21.68,22.18,41486,38121,0.9189,INR/bbl,Dhan API v2 (Client 1112620458)
2026-03-19 16:00,2026-03-19,16,Crude,6727.69,6744.58,16.9,0.2512,11675,78579,6700,21.84,22.34,40382,38197,0.9459,INR/bbl,Dhan API v2 (Client 1112620458)
2026-03-19 17:00,2026-03-19,17,Crude,6783.9,6807.67,23.76,0.3503,10403,79606,6800,22.07,22.57,41537,38069,0.9165,INR/bbl,Dhan API v2 (Client 1112620458)
2026-03-19 18:00,2026-03-19,18,Crude,6789.15,6807.3,18.15,0.2674,10771,79347,6800,21.14,21.64,41002,38345,0.9352,INR/bbl,Dhan API v2 (Client 1112620458)
2026-03-19 19:00,2026-03-19,19,Crude,6758.53,6774.77,16.24,0.2403,12267,79884,6800,21.71,22.21,41602,38282,0.9202,INR/bbl,Dhan API v2 (Client 1112620458)
2026-03-19 20:00,2026-03-19,20,Crude,6769.78,6802.96,33.19,0.4902,9451,76971,6800,21.48,21.98,40196,36775,0.9149,INR/bbl,Dhan API v2 (Client 1112620458)
2026-03-19 21:00,2026-03-19,21,Crude,6763.5,6795.64,32.14,0.4752,6300,80474,6800,21.87,22.37,41460,39014,0.941,INR/bbl,Dhan API v2 (Client 1112620458)
2026-03-19 22:00,2026-03-19,22,Crude,6734.54,6772.44,37.9,0.5627,1015,78510,6700,21.64,22.14,40883,37627,0.9204,INR/bbl,Dhan API v2 (Client 1112620458)
2026-03-19 23:00,2026-03-19,23,Crude,6737.24,6756.56,19.32,0.2868,1704,78878,6700,21.92,22.42,41589,37289,0.8966,INR/bbl,Dhan API v2 (Client 1112620458)
2026-03-20 09:00,2026-03-20,9,Crude,6718.92,6745.39,26.47,0.394,8835,78876,6700,21.86,22.36,40294,38582,0.9575,INR/bbl,Dhan API v2 (Client 1112620458)
2026-03-20 10:00,2026-03-20,10,Crude,6721.94,6749.43,27.49,0.409,6615,80904,6700,22.2,22.7,42818,38086,0.8895,INR/bbl,Dhan API v2 (Client 1112620458)
2026-03-20 11:00,2026-03-20,11,Crude,6714.09,6730.93,16.84,0.2509,6393,79785,6700,21.44,21.94,41078,38707,0.9423,INR/bbl,Dhan API v2 (Client 1112620458)
2026-03-20 12:00,2026-03-20,12,Crude,6716.42,6730.91,14.49,0.2158,579,78641,6700,22.07,22.57,40078,38563,0.9622,INR/bbl,Dhan API v2 (Client 1112620458)
2026-03-20 13:00,2026-03-20,13,Crude,6734.23,6761.8,27.57,0.4094,14449,78667,6700,21.43,21.93,41001,37666,0.9187,INR/bbl,Dhan API v2 (Client 1112620458)
2026-03-20 14:00,2026-03-20,14,Crude,6744.21,6752.02,7.81,0.1158,11099,78713,6700,21.77,22.27,42057,36656,0.8716,INR/bbl,Dhan API v2 (Client 1112620458)
2026-03-20 15:00,2026-03-20,15,Crude,6727.85,6756.53,28.68,0.4263,14610,79519,6700,22.04,22.54,41620,37899,0.9106,INR/bbl,Dhan API v2 (Client 1112620458)
2026-03-20 16:00,2026-03-20,16,Crude,6700.76,6718.45,17.68,0.2639,4006,81453,6700,21.0,21.5,41638,39815,0.9562,INR/bbl,Dhan API v2 (Client 1112620458)
2026-03-20 17:00,2026-03-20,17,Crude,6745.0,6761.51,16.52,0.2449,5203,79105,6700,21.19,21.69,40382,38723,0.9589,INR/bbl,Dhan API v2 (Client 1112620458)
2026-03-20 18:00,2026-03-20,18,Crude,6755.13,6765.33,10.21,0.1511,10638,81326,6800,22.18,22.68,42531,38795,0.9122,INR/bbl,Dhan API v2 (Client 1112620458)
2026-03-20 19:00,2026-03-20,19,Crude,6789.74,6814.39,24.66,0.3632,5162,79419,6800,20.86,21.36,40987,38432,0.9377,INR/bbl,Dhan API v2 (Client 1112620458)
2026-03-20 20:00,2026-03-20,20,Crude,6806.71,6819.69,12.98,0.1907,11958,80609,6800,21.12,21.62,41616,38993,0.937,INR/bbl,Dhan API v2 (Client 1112620458)
2026-03-20 21:00,2026-03-20,21,Crude,6784.12,6814.43,30.32,0.4469,9314,79156,6800,21.62,22.12,41480,37676,0.9083,INR/bbl,Dhan API v2 (Client 1112620458)
2026-03-20 22:00,2026-03-20,22,Crude,6804.45,6826.08,21.63,0.3179,7851,79832,6800,21.23,21.73,41651,38181,0.9167,INR/bbl,Dhan API v2 (Client 1112620458)
2026-03-20 23:00,2026-03-20,23,Crude,6788.74,6800.65,11.91,0.1754,8287,78295,6800,21.43,21.93,40928,37367,0.913,INR/bbl,Dhan API v2 (Client 1112620458)
2026-03-23 09:00,2026-03-23,9,Crude,6764.08,6778.31,14.23,0.2103,5922,78966,6800,21.43,21.93,41660,37306,0.8955,INR/bbl,Dhan API v2 (Client 1112620458)
2026-03-23 10:00,2026-03-23,10,Crude,6742.3,6766.64,24.33,0.3609,4760,80456,6700,21.66,22.16,42304,38152,0.9019,INR/bbl,Dhan API v2 (Client 1112620458)
2026-03-23 11:00,2026-03-23,11,Crude,6708.61,6717.03,8.42,0.1255,11123,79688,6700,21.28,21.78,41021,38667,0.9426,INR/bbl,Dhan API v2 (Client 1112620458)
2026-03-23 12:00,2026-03-23,12,Crude,6692.97,6702.41,9.43,0.141,12690,79371,6700,21.88,22.38,40996,38375,0.9361,INR/bbl,Dhan API v2 (Client 1112620458)
2026-03-23 13:00,2026-03-23,13,Crude,6714.57,6728.42,13.85,0.2062,14102,79231,6700,22.06,22.56,41119,38112,0.9269,INR/bbl,Dhan API v2 (Client 1112620458)
2026-03-23 14:00,2026-03-23,14,Crude,6662.35,6682.12,19.77,0.2968,4794,79980,6700,20.75,21.25,42646,37334,0.8754,INR/bbl,Dhan API v2 (Client 1112620458)
2026-03-23 15:00,2026-03-23,15,Crude,6680.94,6706.44,25.5,0.3817,6247,80106,6700,21.53,22.03,42060,38046,0.9046,INR/bbl,Dhan API v2 (Client 1112620458)
2026-03-23 16:00,2026-03-23,16,Crude,6652.28,6660.28,8.0,0.1202,8063,78669,6700,22.04,22.54,40907,37762,0.9231,INR/bbl,Dhan API v2 (Client 1112620458)
2026-03-23 17:00,2026-03-23,17,Crude,6645.8,6681.24,35.44,0.5333,14407,77875,6600,21.38,21.88,40913,36962,0.9034,INR/bbl,Dhan API v2 (Client 1112620458)
2026-03-23 18:00,2026-03-23,18,Crude,6621.0,6644.55,23.55,0.3557,1238,80616,6600,21.45,21.95,42769,37847,0.8849,INR/bbl,Dhan API v2 (Client 1112620458)
2026-03-23 19:00,2026-03-23,19,Crude,6596.47,6626.62,30.15,0.457,14120,80002,6600,21.92,22.42,41751,38251,0.9162,INR/bbl,Dhan API v2 (Client 1112620458)
2026-03-23 20:00,2026-03-23,20,Crude,6590.6,6608.2,17.61,0.2672,13805,79677,6600,21.37,21.87,42326,37351,0.8825,INR/bbl,Dhan API v2 (Client 1112620458)
2026-03-23 21:00,2026-03-23,21,Crude,6556.94,6586.24,29.31,0.447,13683,77756,6600,21.91,22.41,40173,37583,0.9355,INR/bbl,Dhan API v2 (Client 1112620458)
2026-03-23 22:00,2026-03-23,22,Crude,6516.36,6531.41,15.05,0.231,9519,78142,6500,21.31,21.81,40858,37284,0.9125,INR/bbl,Dhan API v2 (Client 1112620458)
2026-03-23 23:00,2026-03-23,23,Crude,6516.56,6541.93,25.38,0.3894,4838,79367,6500,21.81,22.31,41620,37747,0.9069,INR/bbl,Dhan API v2 (Client 1112620458)
2026-03-24 09:00,2026-03-24,9,Crude,6504.77,6520.61,15.84,0.2435,7113,79632,6500,21.3,21.8,42554,37078,0.8713,INR/bbl,Dhan API v2 (Client 1112620458)
2026-03-24 10:00,2026-03-24,10,Crude,6493.25,6511.44,18.2,0.2802,9272,76957,6500,21.13,21.63,39967,36990,0.9255,INR/bbl,Dhan API v2 (Client 1112620458)
2026-03-24 11:00,2026-03-24,11,Crude,6489.4,6514.89,25.5,0.3929,11760,80048,6500,21.76,22.26,40717,39331,0.966,INR/bbl,Dhan API v2 (Client 1112620458)
2026-03-24 12:00,2026-03-24,12,Crude,6460.45,6475.96,15.51,0.2401,5817,79800,6500,21.39,21.89,41844,37956,0.9071,INR/bbl,Dhan API v2 (Client 1112620458)
2026-03-24 13:00,2026-03-24,13,Crude,6527.97,6544.11,16.14,0.2473,3245,79609,6500,21.61,22.11,41359,38250,0.9248,INR/bbl,Dhan API v2 (Client 1112620458)
2026-03-24 14:00,2026-03-24,14,Crude,6543.47,6568.89,25.42,0.3884,8114,79234,6500,22.13,22.63,41415,37819,0.9132,INR/bbl,Dhan API v2 (Client 1112620458)
2026-03-24 15:00,2026-03-24,15,Crude,6569.52,6577.57,8.04,0.1224,7068,79383,6600,21.68,22.18,41585,37798,0.9089,INR/bbl,Dhan API v2 (Client 1112620458)
2026-03-24 16:00,2026-03-24,16,Crude,6536.29,6560.65,24.36,0.3726,12758,81443,6500,21.91,22.41,42343,39100,0.9234,INR/bbl,Dhan API v2 (Client 1112620458)
2026-03-24 17:00,2026-03-24,17,Crude,6551.63,6582.41,30.77,0.4697,11778,80550,6600,21.77,22.27,41964,38586,0.9195,INR/bbl,Dhan API v2 (Client 1112620458)
2026-03-24 18:00,2026-03-24,18,Crude,6549.19,6563.71,14.52,0.2216,12409,78098,6500,21.63,22.13,41239,36859,0.8938,INR/bbl,Dhan API v2 (Client 1112620458)
2026-03-24 19:00,2026-03-24,19,Crude,6565.08,6601.01,35.93,0.5473,2543,78148,6600,21.37,21.87,41633,36515,0.8771,INR/bbl,Dhan API v2 (Client 1112620458)
2026-03-24 20:00,2026-03-24,20,Crude,6586.32,6611.08,24.77,0.376,13356,78731,6600,21.57,22.07,40756,37975,0.9318,INR/bbl,Dhan API v2 (Client 1112620458)
2026-03-24 21:00,2026-03-24,21,Crude,6591.91,6587.6,-4.3,-0.0653,11698,80668,6600,21.29,21.79,41613,39055,0.9385,INR/bbl,Dhan API v2 (Client 1112620458)
2026-03-24 22:00,2026-03-24,22,Crude,6599.0,6618.37,19.37,0.2935,5998,79913,6600,21.82,22.32,41726,38187,0.9152,INR/bbl,Dhan API v2 (Client 1112620458)
2026-03-24 23:00,2026-03-24,23,Crude,6643.25,6679.43,36.18,0.5447,6811,80341,6600,22.08,22.58,42401,37940,0.8948,INR/bbl,Dhan API v2 (Client 1112620458)
2026-03-25 09:00,2026-03-25,9,Crude,6622.87,6643.93,21.07,0.3181,6002,79384,6600,21.37,21.87,41865,37519,0.8962,INR/bbl,Dhan API v2 (Client 1112620458)
2026-03-25 10:00,2026-03-25,10,Crude,6640.25,6646.42,6.18,0.093,11894,80041,6600,21.8,22.3,41585,38456,0.9248,INR/bbl,Dhan API v2 (Client 1112620458)
2026-03-25 11:00,2026-03-25,11,Crude,6638.47,6652.53,14.06,0.2118,13932,79005,6600,21.31,21.81,41877,37128,0.8866,INR/bbl,Dhan API v2 (Client 1112620458)
2026-03-25 12:00,2026-03-25,12,Crude,6639.4,6687.67,48.28,0.7271,3898,79858,6600,21.87,22.37,41777,38081,0.9115,INR/bbl,Dhan API v2 (Client 1112620458)
2026-03-25 13:00,2026-03-25,13,Crude,6611.62,6628.42,16.8,0.2541,4006,77800,6600,21.64,22.14,40580,37220,0.9172,INR/bbl,Dhan API v2 (Client 1112620458)
2026-03-25 14:00,2026-03-25,14,Crude,6601.07,6627.84,26.77,0.4056,7139,80627,6600,21.02,21.52,42296,38331,0.9063,INR/bbl,Dhan API v2 (Client 1112620458)
2026-03-25 15:00,2026-03-25,15,Crude,6612.63,6641.38,28.75,0.4347,6426,80029,6600,21.35,21.85,41673,38356,0.9204,INR/bbl,Dhan API v2 (Client 1112620458)
2026-03-25 16:00,2026-03-25,16,Crude,6637.22,6664.15,26.93,0.4058,1196,80041,6600,21.59,22.09,41455,38586,0.9308,INR/bbl,Dhan API v2 (Client 1112620458)
2026-03-25 17:00,2026-03-25,17,Crude,6655.61,6663.22,7.61,0.1143,1187,79479,6700,21.28,21.78,40904,38575,0.9431,INR/bbl,Dhan API v2 (Client 1112620458)
2026-03-25 18:00,2026-03-25,18,Crude,6663.78,6677.75,13.98,0.2097,9187,78526,6700,21.52,22.02,41505,37021,0.892,INR/bbl,Dhan API v2 (Client 1112620458)
2026-03-25 19:00,2026-03-25,19,Crude,6680.97,6707.83,26.86,0.402,8488,79675,6700,21.42,21.92,42092,37583,0.8929,INR/bbl,Dhan API v2 (Client 1112620458)
2026-03-25 20:00,2026-03-25,20,Crude,6698.8,6722.3,23.5,0.3508,13682,78939,6700,21.64,22.14,40790,38149,0.9353,INR/bbl,Dhan API v2 (Client 1112620458)
2026-03-25 21:00,2026-03-25,21,Crude,6708.15,6730.72,22.57,0.3365,644,80124,6700,22.02,22.52,42028,38096,0.9064,INR/bbl,Dhan API v2 (Client 1112620458)
2026-03-25 22:00,2026-03-25,22,Crude,6737.17,6749.35,12.18,0.1808,9212,80250,6700,21.34,21.84,41744,38506,0.9224,INR/bbl,Dhan API v2 (Client 1112620458)
2026-03-25 23:00,2026-03-25,23,Crude,6701.2,6733.9,32.7,0.4879,14611,80097,6700,21.37,21.87,41907,38190,0.9113,INR/bbl,Dhan API v2 (Client 1112620458)
2026-03-26 09:00,2026-03-26,9,Crude,6704.92,6705.28,0.36,0.0054,6964,79939,6700,21.39,21.89,41470,38469,0.9276,INR/bbl,Dhan API v2 (Client 1112620458)
2026-03-26 10:00,2026-03-26,10,Crude,6704.18,6705.75,1.57,0.0234,2949,79410,6700,21.82,22.32,41815,37595,0.8991,INR/bbl,Dhan API v2 (Client 1112620458)
2026-03-26 11:00,2026-03-26,11,Crude,6722.77,6752.72,29.95,0.4455,13015,80132,6700,21.46,21.96,42076,38056,0.9045,INR/bbl,Dhan API v2 (Client 1112620458)
2026-03-26 12:00,2026-03-26,12,Crude,6786.77,6813.26,26.49,0.3904,9092,78817,6800,21.62,22.12,41179,37638,0.914,INR/bbl,Dhan API v2 (Client 1112620458)
2026-03-26 13:00,2026-03-26,13,Crude,6787.09,6804.7,17.61,0.2595,7075,78177,6800,21.15,21.65,41771,36406,0.8716,INR/bbl,Dhan API v2 (Client 1112620458)
2026-03-26 14:00,2026-03-26,14,Crude,6712.07,6727.0,14.92,0.2223,8625,79583,6700,21.77,22.27,40996,38587,0.9412,INR/bbl,Dhan API v2 (Client 1112620458)
2026-03-26 15:00,2026-03-26,15,Crude,6742.35,6779.02,36.68,0.544,2876,79973,6700,21.73,22.23,41794,38179,0.9135,INR/bbl,Dhan API v2 (Client 1112620458)
2026-03-26 16:00,2026-03-26,16,Crude,6754.58,6786.89,32.31,0.4784,9656,79573,6800,21.44,21.94,41591,37982,0.9132,INR/bbl,Dhan API v2 (Client 1112620458)
2026-03-26 17:00,2026-03-26,17,Crude,6762.86,6774.93,12.08,0.1786,14426,79435,6800,22.02,22.52,42293,37142,0.8782,INR/bbl,Dhan API v2 (Client 1112620458)
2026-03-26 18:00,2026-03-26,18,Crude,6754.9,6769.45,14.55,0.2154,9241,81351,6800,21.42,21.92,42320,39031,0.9223,INR/bbl,Dhan API v2 (Client 1112620458)
2026-03-26 19:00,2026-03-26,19,Crude,6785.27,6798.32,13.05,0.1924,3242,80165,6800,22.1,22.6,41985,38180,0.9094,INR/bbl,Dhan API v2 (Client 1112620458)
2026-03-26 20:00,2026-03-26,20,Crude,6786.4,6810.51,24.1,0.3551,9797,78465,6800,22.44,22.94,41567,36898,0.8877,INR/bbl,Dhan API v2 (Client 1112620458)
2026-03-26 21:00,2026-03-26,21,Crude,6779.76,6790.97,11.21,0.1653,11529,79663,6800,21.47,21.97,41394,38269,0.9245,INR/bbl,Dhan API v2 (Client 1112620458)
2026-03-26 22:00,2026-03-26,22,Crude,6786.94,6816.67,29.73,0.4381,620,79405,6800,21.53,22.03,40766,38639,0.9478,INR/bbl,Dhan API v2 (Client 1112620458)
2026-03-26 23:00,2026-03-26,23,Crude,6779.63,6800.61,20.98,0.3095,2818,81971,6800,21.42,21.92,42968,39003,0.9077,INR/bbl,Dhan API v2 (Client 1112620458)
2026-03-27 09:00,2026-03-27,9,Crude,6737.88,6760.36,22.49,0.3337,10737,79557,6700,21.65,22.15,40973,38584,0.9417,INR/bbl,Dhan API v2 (Client 1112620458)
2026-03-27 10:00,2026-03-27,10,Crude,6740.62,6771.36,30.74,0.4561,8318,78588,6700,21.26,21.76,41344,37244,0.9008,INR/bbl,Dhan API v2 (Client 1112620458)
2026-03-27 11:00,2026-03-27,11,Crude,6686.05,6700.85,14.8,0.2214,12537,80948,6700,21.94,22.44,42019,38929,0.9265,INR/bbl,Dhan API v2 (Client 1112620458)
2026-03-27 12:00,2026-03-27,12,Crude,6705.51,6723.16,17.65,0.2632,13236,80472,6700,21.43,21.93,41717,38755,0.929,INR/bbl,Dhan API v2 (Client 1112620458)
2026-03-27 13:00,2026-03-27,13,Crude,6767.79,6782.77,14.98,0.2214,9370,79136,6800,21.54,22.04,40521,38615,0.953,INR/bbl,Dhan API v2 (Client 1112620458)
2026-03-27 14:00,2026-03-27,14,Crude,6812.67,6825.65,12.98,0.1905,5438,79527,6800,21.53,22.03,41378,38149,0.922,INR/bbl,Dhan API v2 (Client 1112620458)
2026-03-27 15:00,2026-03-27,15,Crude,6764.08,6783.6,19.52,0.2886,5302,77844,6800,21.19,21.69,40904,36940,0.9031,INR/bbl,Dhan API v2 (Client 1112620458)
2026-03-27 16:00,2026-03-27,16,Crude,6768.94,6777.94,9.0,0.133,1653,77811,6800,21.69,22.19,41325,36486,0.8829,INR/bbl,Dhan API v2 (Client 1112620458)
2026-03-27 17:00,2026-03-27,17,Crude,6838.53,6838.52,-0.01,-0.0001,12435,79262,6800,21.48,21.98,40915,38347,0.9372,INR/bbl,Dhan API v2 (Client 1112620458)
2026-03-27 18:00,2026-03-27,18,Crude,6842.69,6875.7,33.01,0.4824,9068,81650,6800,21.32,21.82,42084,39566,0.9402,INR/bbl,Dhan API v2 (Client 1112620458)
2026-03-27 19:00,2026-03-27,19,Crude,6839.67,6853.68,14.02,0.2049,12076,78572,6800,21.67,22.17,41306,37266,0.9022,INR/bbl,Dhan API v2 (Client 1112620458)
2026-03-27 20:00,2026-03-27,20,Crude,6845.58,6864.97,19.39,0.2832,14219,79168,6800,21.37,21.87,41730,37438,0.8971,INR/bbl,Dhan API v2 (Client 1112620458)
2026-03-27 21:00,2026-03-27,21,Crude,6844.09,6861.09,17.01,0.2485,2746,80937,6800,21.57,22.07,42300,38637,0.9134,INR/bbl,Dhan API v2 (Client 1112620458)
2026-03-27 22:00,2026-03-27,22,Crude,6853.28,6866.29,13.01,0.1899,567,81036,6900,21.76,22.26,42455,38581,0.9088,INR/bbl,Dhan API v2 (Client 1112620458)
2026-03-27 23:00,2026-03-27,23,Crude,6846.96,6867.32,20.36,0.2974,2858,80914,6800,20.97,21.47,42113,38801,0.9214,INR/bbl,Dhan API v2 (Client 1112620458)
2026-03-30 09:00,2026-03-30,9,Crude,6874.83,6885.02,10.19,0.1482,10769,78438,6900,21.24,21.74,41099,37339,0.9085,INR/bbl,Dhan API v2 (Client 1112620458)
2026-03-30 10:00,2026-03-30,10,Crude,6880.42,6889.89,9.47,0.1376,7215,79119,6900,21.15,21.65,41503,37616,0.9063,INR/bbl,Dhan API v2 (Client 1112620458)
2026-03-30 11:00,2026-03-30,11,Crude,6871.6,6906.99,35.39,0.5151,7968,79570,6900,21.65,22.15,40936,38634,0.9438,INR/bbl,Dhan API v2 (Client 1112620458)
2026-03-30 12:00,2026-03-30,12,Crude,6850.02,6850.25,0.23,0.0033,3444,77947,6900,21.12,21.62,40611,37336,0.9194,INR/bbl,Dhan API v2 (Client 1112620458)
2026-03-30 13:00,2026-03-30,13,Crude,6846.83,6849.31,2.48,0.0362,5256,79536,6800,21.61,22.11,41584,37952,0.9127,INR/bbl,Dhan API v2 (Client 1112620458)
2026-03-30 14:00,2026-03-30,14,Crude,6859.42,6853.8,-5.63,-0.082,11076,79543,6900,21.69,22.19,41008,38535,0.9397,INR/bbl,Dhan API v2 (Client 1112620458)
2026-03-30 15:00,2026-03-30,15,Crude,6878.58,6893.22,14.64,0.2128,12861,80101,6900,21.79,22.29,41873,38228,0.913,INR/bbl,Dhan API v2 (Client 1112620458)
2026-03-30 16:00,2026-03-30,16,Crude,6866.77,6896.54,29.76,0.4334,3170,79336,6900,21.57,22.07,41203,38133,0.9255,INR/bbl,Dhan API v2 (Client 1112620458)
2026-03-30 17:00,2026-03-30,17,Crude,6808.8,6827.12,18.32,0.2691,8496,81558,6800,22.69,23.19,41537,40021,0.9635,INR/bbl,Dhan API v2 (Client 1112620458)
2026-03-30 18:00,2026-03-30,18,Crude,6837.72,6864.96,27.24,0.3983,6520,79104,6800,21.93,22.43,41192,37912,0.9204,INR/bbl,Dhan API v2 (Client 1112620458)
2026-03-30 19:00,2026-03-30,19,Crude,6865.9,6900.69,34.78,0.5066,7972,79226,6900,21.44,21.94,41339,37887,0.9165,INR/bbl,Dhan API v2 (Client 1112620458)
2026-03-30 20:00,2026-03-30,20,Crude,6873.96,6897.2,23.24,0.3381,1898,80413,6900,21.6,22.1,41505,38908,0.9374,INR/bbl,Dhan API v2 (Client 1112620458)
2026-03-30 21:00,2026-03-30,21,Crude,6898.29,6928.63,30.34,0.4398,7023,78643,6900,21.14,21.64,41265,37378,0.9058,INR/bbl,Dhan API v2 (Client 1112620458)
2026-03-30 22:00,2026-03-30,22,Crude,6897.47,6914.4,16.92,0.2454,5647,78847,6900,21.32,21.82,40739,38108,0.9354,INR/bbl,Dhan API v2 (Client 1112620458)
2026-03-30 23:00,2026-03-30,23,Crude,6921.77,6940.89,19.12,0.2762,2260,78459,6900,20.84,21.34,41152,37307,0.9066,INR/bbl,Dhan API v2 (Client 1112620458)
2026-03-31 09:00,2026-03-31,9,Crude,6907.89,6919.63,11.74,0.17,3907,79296,6900,21.65,22.15,41542,37754,0.9088,INR/bbl,Dhan API v2 (Client 1112620458)
2026-03-31 10:00,2026-03-31,10,Crude,6896.85,6911.54,14.69,0.213,10980,80784,6900,22.0,22.5,41847,38937,0.9305,INR/bbl,Dhan API v2 (Client 1112620458)
2026-03-31 11:00,2026-03-31,11,Crude,6924.46,6938.09,13.63,0.1968,11880,78565,6900,21.07,21.57,41489,37076,0.8936,INR/bbl,Dhan API v2 (Client 1112620458)
2026-03-31 12:00,2026-03-31,12,Crude,6964.27,6990.84,26.57,0.3815,5063,78919,7000,21.58,22.08,42213,36706,0.8695,INR/bbl,Dhan API v2 (Client 1112620458)
2026-03-31 13:00,2026-03-31,13,Crude,6977.16,6985.17,8.01,0.1148,8915,80534,7000,21.45,21.95,41283,39251,0.9508,INR/bbl,Dhan API v2 (Client 1112620458)
2026-03-31 14:00,2026-03-31,14,Crude,6956.98,6963.57,6.59,0.0947,8774,81365,7000,21.61,22.11,43081,38284,0.8887,INR/bbl,Dhan API v2 (Client 1112620458)
2026-03-31 15:00,2026-03-31,15,Crude,6972.45,6989.99,17.54,0.2516,9445,80740,7000,21.31,21.81,42864,37876,0.8836,INR/bbl,Dhan API v2 (Client 1112620458)
2026-03-31 16:00,2026-03-31,16,Crude,6922.57,6942.07,19.5,0.2817,7333,80541,6900,22.22,22.72,41812,38729,0.9263,INR/bbl,Dhan API v2 (Client 1112620458)
2026-03-31 17:00,2026-03-31,17,Crude,6879.03,6907.72,28.69,0.4171,3797,79966,6900,21.66,22.16,41833,38133,0.9116,INR/bbl,Dhan API v2 (Client 1112620458)
2026-03-31 18:00,2026-03-31,18,Crude,6901.44,6908.53,7.1,0.1028,8672,78353,6900,21.74,22.24,40507,37846,0.9343,INR/bbl,Dhan API v2 (Client 1112620458)
2026-03-31 19:00,2026-03-31,19,Crude,6901.91,6917.27,15.36,0.2225,3064,80348,6900,21.85,22.35,42703,37645,0.8816,INR/bbl,Dhan API v2 (Client 1112620458)
2026-03-31 20:00,2026-03-31,20,Crude,6913.66,6926.31,12.65,0.1829,2677,79204,6900,21.64,22.14,40838,38366,0.9395,INR/bbl,Dhan API v2 (Client 1112620458)
2026-03-31 21:00,2026-03-31,21,Crude,6901.35,6917.02,15.67,0.2271,11471,79695,6900,21.78,22.28,40588,39107,0.9635,INR/bbl,Dhan API v2 (Client 1112620458)
2026-03-31 22:00,2026-03-31,22,Crude,6924.66,6940.5,15.84,0.2288,11399,78596,6900,21.1,21.6,41229,37367,0.9063,INR/bbl,Dhan API v2 (Client 1112620458)
2026-03-31 23:00,2026-03-31,23,Crude,6906.96,6909.88,2.92,0.0422,4591,79465,6900,21.61,22.11,40677,38788,0.9536,INR/bbl,Dhan API v2 (Client 1112620458)
2026-04-01 09:00,2026-04-01,9,Crude,6865.83,6898.81,32.98,0.4804,703,79241,6900,21.88,22.38,41008,38233,0.9323,INR/bbl,Dhan API v2 (Client 1112620458)
2026-04-01 10:00,2026-04-01,10,Crude,6841.1,6857.3,16.2,0.2368,10325,80267,6800,21.61,22.11,41664,38603,0.9265,INR/bbl,Dhan API v2 (Client 1112620458)
2026-04-01 11:00,2026-04-01,11,Crude,6804.32,6803.32,-0.99,-0.0146,12674,79751,6800,21.59,22.09,41318,38433,0.9302,INR/bbl,Dhan API v2 (Client 1112620458)
2026-04-01 12:00,2026-04-01,12,Crude,6803.7,6810.93,7.23,0.1063,6975,81941,6800,21.17,21.67,42922,39019,0.9091,INR/bbl,Dhan API v2 (Client 1112620458)
2026-04-01 13:00,2026-04-01,13,Crude,6818.72,6824.99,6.27,0.0919,10100,79861,6800,21.76,22.26,40718,39143,0.9613,INR/bbl,Dhan API v2 (Client 1112620458)
2026-04-01 14:00,2026-04-01,14,Crude,6846.6,6854.53,7.93,0.1158,7727,81109,6800,21.44,21.94,42749,38360,0.8973,INR/bbl,Dhan API v2 (Client 1112620458)
2026-04-01 15:00,2026-04-01,15,Crude,6873.06,6883.42,10.36,0.1508,13980,78649,6900,21.87,22.37,41289,37360,0.9048,INR/bbl,Dhan API v2 (Client 1112620458)
2026-04-01 16:00,2026-04-01,16,Crude,6867.37,6884.77,17.4,0.2533,10512,79241,6900,21.31,21.81,41246,37995,0.9212,INR/bbl,Dhan API v2 (Client 1112620458)
2026-04-01 17:00,2026-04-01,17,Crude,6900.19,6919.14,18.95,0.2746,2525,80459,6900,21.12,21.62,41573,38886,0.9354,INR/bbl,Dhan API v2 (Client 1112620458)
2026-04-01 18:00,2026-04-01,18,Crude,6884.21,6895.53,11.33,0.1645,14247,79826,6900,21.84,22.34,41730,38096,0.9129,INR/bbl,Dhan API v2 (Client 1112620458)
2026-04-01 19:00,2026-04-01,19,Crude,6872.61,6878.81,6.2,0.0902,630,79471,6900,21.45,21.95,41646,37825,0.9083,INR/bbl,Dhan API v2 (Client 1112620458)
2026-04-01 20:00,2026-04-01,20,Crude,6909.66,6923.86,14.21,0.2056,13675,79541,6900,21.43,21.93,41363,38178,0.923,INR/bbl,Dhan API v2 (Client 1112620458)
2026-04-01 21:00,2026-04-01,21,Crude,6884.28,6898.64,14.36,0.2086,14650,80330,6900,21.29,21.79,42263,38067,0.9007,INR/bbl,Dhan API v2 (Client 1112620458)
2026-04-01 22:00,2026-04-01,22,Crude,6881.25,6901.56,20.31,0.2951,2989,79826,6900,21.58,22.08,41721,38105,0.9133,INR/bbl,Dhan API v2 (Client 1112620458)
2026-04-01 23:00,2026-04-01,23,Crude,6836.28,6857.61,21.33,0.3121,802,78733,6800,21.6,22.1,41270,37463,0.9078,INR/bbl,Dhan API v2 (Client 1112620458)
2026-04-02 09:00,2026-04-02,9,Crude,6817.37,6826.17,8.81,0.1292,1517,79558,6800,21.45,21.95,41276,38282,0.9275,INR/bbl,Dhan API v2 (Client 1112620458)
2026-04-02 10:00,2026-04-02,10,Crude,6860.78,6877.98,17.2,0.2506,1396,78160,6900,21.82,22.32,41143,37017,0.8997,INR/bbl,Dhan API v2 (Client 1112620458)
2026-04-02 11:00,2026-04-02,11,Crude,6880.61,6905.72,25.11,0.3649,13382,79351,6900,21.89,22.39,41794,37557,0.8986,INR/bbl,Dhan API v2 (Client 1112620458)
2026-04-02 12:00,2026-04-02,12,Crude,6856.61,6863.63,7.02,0.1023,903,78713,6900,21.94,22.44,40893,37820,0.9249,INR/bbl,Dhan API v2 (Client 1112620458)
2026-04-02 13:00,2026-04-02,13,Crude,6841.87,6860.36,18.5,0.2703,1812,79269,6800,21.47,21.97,41165,38104,0.9256,INR/bbl,Dhan API v2 (Client 1112620458)
2026-04-02 14:00,2026-04-02,14,Crude,6820.82,6846.83,26.0,0.3812,9410,79779,6800,21.86,22.36,40896,38883,0.9508,INR/bbl,Dhan API v2 (Client 1112620458)
2026-04-02 15:00,2026-04-02,15,Crude,6780.47,6791.16,10.69,0.1576,5998,79384,6800,21.33,21.83,41557,37827,0.9102,INR/bbl,Dhan API v2 (Client 1112620458)
2026-04-02 16:00,2026-04-02,16,Crude,6785.2,6802.44,17.24,0.2541,2307,79256,6800,20.94,21.44,40855,38401,0.9399,INR/bbl,Dhan API v2 (Client 1112620458)
2026-04-02 17:00,2026-04-02,17,Crude,6790.29,6790.03,-0.26,-0.0038,12878,79848,6800,21.34,21.84,41465,38383,0.9257,INR/bbl,Dhan API v2 (Client 1112620458)
2026-04-02 18:00,2026-04-02,18,Crude,6778.36,6787.09,8.73,0.1289,13187,78060,6800,21.73,22.23,41010,37050,0.9034,INR/bbl,Dhan API v2 (Client 1112620458)
2026-04-02 19:00,2026-04-02,19,Crude,6728.39,6741.59,13.21,0.1963,13502,78839,6700,21.35,21.85,41189,37650,0.9141,INR/bbl,Dhan API v2 (Client 1112620458)
2026-04-02 20:00,2026-04-02,20,Crude,6721.29,6750.52,29.23,0.4349,2494,79450,6700,21.87,22.37,42130,37320,0.8858,INR/bbl,Dhan API v2 (Client 1112620458)
2026-04-02 21:00,2026-04-02,21,Crude,6667.67,6682.25,14.58,0.2186,14739,77313,6700,22.06,22.56,40123,37190,0.9269,INR/bbl,Dhan API v2 (Client 1112620458)
2026-04-02 22:00,2026-04-02,22,Crude,6636.54,6646.94,10.39,0.1566,8791,80112,6600,21.39,21.89,41156,38956,0.9465,INR/bbl,Dhan API v2 (Client 1112620458)
2026-04-02 23:00,2026-04-02,23,Crude,6641.83,6638.82,-3.01,-0.0454,12510,79931,6600,21.23,21.73,41251,38680,0.9377,INR/bbl,Dhan API v2 (Client 1112620458)
2026-04-03 09:00,2026-04-03,9,Crude,6655.38,6681.79,26.41,0.3968,5215,78801,6700,21.73,22.23,41583,37218,0.895,INR/bbl,Dhan API v2 (Client 1112620458)
2026-04-03 10:00,2026-04-03,10,Crude,6647.5,6666.48,18.98,0.2856,11645,79365,6600,21.35,21.85,41706,37659,0.903,INR/bbl,Dhan API v2 (Client 1112620458)
2026-04-03 11:00,2026-04-03,11,Crude,6600.96,6619.9,18.95,0.287,11243,79773,6600,21.54,22.04,41528,38245,0.9209,INR/bbl,Dhan API v2 (Client 1112620458)
2026-04-03 12:00,2026-04-03,12,Crude,6622.85,6632.51,9.67,0.146,11248,79985,6600,21.43,21.93,42184,37801,0.8961,INR/bbl,Dhan API v2 (Client 1112620458)
2026-04-03 13:00,2026-04-03,13,Crude,6627.72,6642.06,14.34,0.2164,12448,77927,6600,21.6,22.1,40318,37609,0.9328,INR/bbl,Dhan API v2 (Client 1112620458)
2026-04-03 14:00,2026-04-03,14,Crude,6620.68,6633.11,12.43,0.1878,13905,79697,6600,21.6,22.1,41402,38295,0.925,INR/bbl,Dhan API v2 (Client 1112620458)
2026-04-03 15:00,2026-04-03,15,Crude,6640.32,6648.79,8.47,0.1275,14186,79955,6600,22.19,22.69,41856,38099,0.9102,INR/bbl,Dhan API v2 (Client 1112620458)
2026-04-03 16:00,2026-04-03,16,Crude,6669.2,6687.86,18.66,0.2798,12725,78712,6700,21.65,22.15,40587,38125,0.9393,INR/bbl,Dhan API v2 (Client 1112620458)
2026-04-03 17:00,2026-04-03,17,Crude,6688.14,6695.09,6.95,0.1039,3782,79410,6700,21.74,22.24,41635,37775,0.9073,INR/bbl,Dhan API v2 (Client 1112620458)
2026-04-03 18:00,2026-04-03,18,Crude,6688.0,6718.73,30.73,0.4594,1174,78194,6700,21.75,22.25,40208,37986,0.9447,INR/bbl,Dhan API v2 (Client 1112620458)
2026-04-03 19:00,2026-04-03,19,Crude,6662.3,6652.92,-9.38,-0.1408,13789,79928,6700,21.5,22.0,41237,38691,0.9383,INR/bbl,Dhan API v2 (Client 1112620458)
2026-04-03 20:00,2026-04-03,20,Crude,6636.23,6637.83,1.6,0.0241,9649,79865,6600,21.65,22.15,41435,38430,0.9275,INR/bbl,Dhan API v2 (Client 1112620458)
2026-04-03 21:00,2026-04-03,21,Crude,6608.43,6615.17,6.73,0.1019,9287,79561,6600,21.33,21.83,40710,38851,0.9543,INR/bbl,Dhan API v2 (Client 1112620458)
2026-04-03 22:00,2026-04-03,22,Crude,6529.31,6539.41,10.1,0.1546,7513,78540,6500,21.46,21.96,40752,37788,0.9273,INR/bbl,Dhan API v2 (Client 1112620458)
2026-04-03 23:00,2026-04-03,23,Crude,6512.26,6541.59,29.32,0.4503,3375,79014,6500,21.63,22.13,42457,36557,0.861,INR/bbl,Dhan API v2 (Client 1112620458)
2026-04-06 09:00,2026-04-06,9,Crude,6552.68,6567.8,15.12,0.2307,6746,78623,6600,21.81,22.31,40686,37937,0.9324,INR/bbl,Dhan API v2 (Client 1112620458)
2026-04-06 10:00,2026-04-06,10,Crude,6599.69,6617.58,17.89,0.2711,13354,79347,6600,21.7,22.2,41501,37846,0.9119,INR/bbl,Dhan API v2 (Client 1112620458)
2026-04-06 11:00,2026-04-06,11,Crude,6560.82,6578.28,17.45,0.266,14985,78749,6600,21.64,22.14,41685,37064,0.8891,INR/bbl,Dhan API v2 (Client 1112620458)
2026-04-06 12:00,2026-04-06,12,Crude,6566.92,6589.07,22.14,0.3372,12432,78929,6600,21.36,21.86,41449,37480,0.9042,INR/bbl,Dhan API v2 (Client 1112620458)
2026-04-06 13:00,2026-04-06,13,Crude,6549.32,6537.65,-11.67,-0.1782,8439,79950,6500,22.03,22.53,41711,38239,0.9168,INR/bbl,Dhan API v2 (Client 1112620458)
2026-04-06 14:00,2026-04-06,14,Crude,6541.16,6547.55,6.39,0.0977,7460,79604,6500,21.44,21.94,40763,38841,0.9528,INR/bbl,Dhan API v2 (Client 1112620458)
2026-04-06 15:00,2026-04-06,15,Crude,6512.15,6522.16,10.01,0.1537,14049,80926,6500,21.87,22.37,41466,39460,0.9516,INR/bbl,Dhan API v2 (Client 1112620458)
2026-04-06 16:00,2026-04-06,16,Crude,6448.36,6461.94,13.58,0.2107,5180,77922,6400,21.37,21.87,41458,36464,0.8795,INR/bbl,Dhan API v2 (Client 1112620458)
2026-04-06 17:00,2026-04-06,17,Crude,6443.95,6440.72,-3.23,-0.0501,13801,78691,6400,21.74,22.24,41631,37060,0.8902,INR/bbl,Dhan API v2 (Client 1112620458)
2026-04-06 18:00,2026-04-06,18,Crude,6411.49,6423.24,11.75,0.1832,1444,78781,6400,21.69,22.19,40664,38117,0.9374,INR/bbl,Dhan API v2 (Client 1112620458)
2026-04-06 19:00,2026-04-06,19,Crude,6386.84,6397.29,10.45,0.1637,9542,79924,6400,21.34,21.84,41249,38675,0.9376,INR/bbl,Dhan API v2 (Client 1112620458)
2026-04-06 20:00,2026-04-06,20,Crude,6402.42,6412.46,10.05,0.1569,12203,78890,6400,21.5,22.0,40824,38066,0.9324,INR/bbl,Dhan API v2 (Client 1112620458)
2026-04-06 21:00,2026-04-06,21,Crude,6376.33,6388.15,11.82,0.1854,5652,78950,6400,21.89,22.39,41527,37423,0.9012,INR/bbl,Dhan API v2 (Client 1112620458)
2026-04-06 22:00,2026-04-06,22,Crude,6347.72,6349.3,1.58,0.0249,7277,79742,6300,21.68,22.18,40994,38748,0.9452,INR/bbl,Dhan API v2 (Client 1112620458)
2026-04-06 23:00,2026-04-06,23,Crude,6369.95,6371.02,1.07,0.0168,11123,80332,6400,21.69,22.19,41431,38901,0.9389,INR/bbl,Dhan API v2 (Client 1112620458)
2026-04-07 09:00,2026-04-07,9,Crude,6314.61,6334.01,19.4,0.3072,8641,78663,6300,21.68,22.18,41648,37015,0.8888,INR/bbl,Dhan API v2 (Client 1112620458)
2026-04-07 10:00,2026-04-07,10,Crude,6294.62,6293.65,-0.97,-0.0154,1718,79146,6300,21.4,21.9,41647,37499,0.9004,INR/bbl,Dhan API v2 (Client 1112620458)
2026-04-07 11:00,2026-04-07,11,Crude,6290.51,6313.91,23.4,0.3719,10242,78492,6300,22.29,22.79,40805,37687,0.9236,INR/bbl,Dhan API v2 (Client 1112620458)
2026-04-07 12:00,2026-04-07,12,Crude,6257.7,6264.72,7.02,0.1122,8674,79873,6300,21.65,22.15,41960,37913,0.9036,INR/bbl,Dhan API v2 (Client 1112620458)
2026-04-07 13:00,2026-04-07,13,Crude,6313.25,6315.77,2.51,0.0398,2370,78594,6300,21.22,21.72,41117,37477,0.9115,INR/bbl,Dhan API v2 (Client 1112620458)
2026-04-07 14:00,2026-04-07,14,Crude,6323.91,6337.3,13.39,0.2117,13330,78747,6300,21.27,21.77,41187,37560,0.9119,INR/bbl,Dhan API v2 (Client 1112620458)
2026-04-07 15:00,2026-04-07,15,Crude,6356.2,6367.09,10.89,0.1714,7767,78901,6400,21.45,21.95,41740,37161,0.8903,INR/bbl,Dhan API v2 (Client 1112620458)
2026-04-07 16:00,2026-04-07,16,Crude,6349.97,6369.09,19.12,0.3012,1394,79493,6300,21.99,22.49,42039,37454,0.8909,INR/bbl,Dhan API v2 (Client 1112620458)
2026-04-07 17:00,2026-04-07,17,Crude,6394.54,6398.17,3.62,0.0567,11097,77600,6400,21.44,21.94,40297,37303,0.9257,INR/bbl,Dhan API v2 (Client 1112620458)
2026-04-07 18:00,2026-04-07,18,Crude,6415.62,6416.82,1.2,0.0188,13718,77889,6400,22.01,22.51,40484,37405,0.9239,INR/bbl,Dhan API v2 (Client 1112620458)
2026-04-07 19:00,2026-04-07,19,Crude,6412.25,6411.6,-0.65,-0.0101,7042,78818,6400,21.48,21.98,40785,38033,0.9325,INR/bbl,Dhan API v2 (Client 1112620458)
2026-04-07 20:00,2026-04-07,20,Crude,6430.27,6451.88,21.61,0.336,2185,78390,6400,21.57,22.07,41262,37128,0.8998,INR/bbl,Dhan API v2 (Client 1112620458)
2026-04-07 21:00,2026-04-07,21,Crude,6438.94,6456.16,17.22,0.2674,14491,80259,6400,21.75,22.25,41459,38800,0.9359,INR/bbl,Dhan API v2 (Client 1112620458)
2026-04-07 22:00,2026-04-07,22,Crude,6434.48,6446.06,11.57,0.1799,6031,79341,6400,21.44,21.94,42141,37200,0.8828,INR/bbl,Dhan API v2 (Client 1112620458)
2026-04-07 23:00,2026-04-07,23,Crude,6412.39,6409.16,-3.22,-0.0503,7901,78453,6400,21.96,22.46,40667,37786,0.9292,INR/bbl,Dhan API v2 (Client 1112620458)
2026-04-08 09:00,2026-04-08,9,Crude,6455.89,6449.06,-6.83,-0.1057,5717,79284,6500,22.01,22.51,41760,37524,0.8986,INR/bbl,Dhan API v2 (Client 1112620458)
2026-04-08 10:00,2026-04-08,10,Crude,6460.0,6473.19,13.19,0.2041,11179,79451,6500,21.25,21.75,41474,37977,0.9157,INR/bbl,Dhan API v2 (Client 1112620458)
2026-04-08 11:00,2026-04-08,11,Crude,6457.67,6475.05,17.37,0.269,4661,79800,6500,21.64,22.14,41202,38598,0.9368,INR/bbl,Dhan API v2 (Client 1112620458)
2026-04-08 12:00,2026-04-08,12,Crude,6452.91,6477.34,24.43,0.3787,1163,79075,6500,20.9,21.4,41684,37391,0.897,INR/bbl,Dhan API v2 (Client 1112620458)
2026-04-08 13:00,2026-04-08,13,Crude,6452.78,6473.36,20.58,0.3189,855,79917,6500,21.31,21.81,41365,38552,0.932,INR/bbl,Dhan API v2 (Client 1112620458)
2026-04-08 14:00,2026-04-08,14,Crude,6410.91,6429.61,18.7,0.2917,2877,78547,6400,22.32,22.82,41447,37100,0.8951,INR/bbl,Dhan API v2 (Client 1112620458)
2026-04-08 15:00,2026-04-08,15,Crude,6381.13,6399.01,17.88,0.2802,8197,79149,6400,21.96,22.46,40969,38180,0.9319,INR/bbl,Dhan API v2 (Client 1112620458)
2026-04-08 16:00,2026-04-08,16,Crude,6403.23,6408.01,4.77,0.0745,14880,78533,6400,21.5,22.0,41148,37385,0.9085,INR/bbl,Dhan API v2 (Client 1112620458)
2026-04-08 17:00,2026-04-08,17,Crude,6393.12,6420.21,27.09,0.4237,793,78959,6400,21.78,22.28,41496,37463,0.9028,INR/bbl,Dhan API v2 (Client 1112620458)
2026-04-08 18:00,2026-04-08,18,Crude,6385.0,6408.18,23.18,0.363,6238,80226,6400,21.66,22.16,41713,38513,0.9233,INR/bbl,Dhan API v2 (Client 1112620458)
2026-04-08 19:00,2026-04-08,19,Crude,6379.9,6389.8,9.89,0.1551,2574,78708,6400,21.7,22.2,40276,38432,0.9542,INR/bbl,Dhan API v2 (Client 1112620458)
2026-04-08 20:00,2026-04-08,20,Crude,6412.83,6431.73,18.9,0.2948,11972,78948,6400,21.51,22.01,41277,37671,0.9126,INR/bbl,Dhan API v2 (Client 1112620458)
2026-04-08 21:00,2026-04-08,21,Crude,6420.8,6426.94,6.14,0.0956,6978,79004,6400,21.35,21.85,41670,37334,0.8959,INR/bbl,Dhan API v2 (Client 1112620458)
2026-04-08 22:00,2026-04-08,22,Crude,6398.94,6402.85,3.92,0.0612,4976,77972,6400,21.84,22.34,40977,36995,0.9028,INR/bbl,Dhan API v2 (Client 1112620458)
2026-04-08 23:00,2026-04-08,23,Crude,6395.67,6395.33,-0.35,-0.0054,8211,79419,6400,21.53,22.03,40888,38531,0.9424,INR/bbl,Dhan API v2 (Client 1112620458)
2026-04-09 09:00,2026-04-09,9,Crude,6394.22,6399.42,5.19,0.0812,7221,79005,6400,21.87,22.37,40777,38228,0.9375,INR/bbl,Dhan API v2 (Client 1112620458)
2026-04-09 10:00,2026-04-09,10,Crude,6325.45,6339.06,13.61,0.2151,7107,80503,6300,21.35,21.85,43108,37395,0.8675,INR/bbl,Dhan API v2 (Client 1112620458)
2026-04-09 11:00,2026-04-09,11,Crude,6281.61,6282.88,1.27,0.0202,9515,80046,6300,21.59,22.09,42102,37944,0.9012,INR/bbl,Dhan API v2 (Client 1112620458)
2026-04-09 12:00,2026-04-09,12,Crude,6265.64,6266.99,1.36,0.0216,13711,79156,6300,22.04,22.54,40804,38352,0.9399,INR/bbl,Dhan API v2 (Client 1112620458)
2026-04-09 13:00,2026-04-09,13,Crude,6251.43,6256.82,5.39,0.0861,1337,79443,6300,21.73,22.23,41249,38194,0.9259,INR/bbl,Dhan API v2 (Client 1112620458)
2026-04-09 14:00,2026-04-09,14,Crude,6235.05,6266.99,31.95,0.5124,9573,80857,6200,21.63,22.13,42228,38629,0.9148,INR/bbl,Dhan API v2 (Client 1112620458)
2026-04-09 15:00,2026-04-09,15,Crude,6171.69,6178.81,7.12,0.1154,10450,79361,6200,21.42,21.92,41338,38023,0.9198,INR/bbl,Dhan API v2 (Client 1112620458)
2026-04-09 16:00,2026-04-09,16,Crude,6152.02,6157.69,5.67,0.0922,13657,78875,6200,21.49,21.99,41563,37312,0.8977,INR/bbl,Dhan API v2 (Client 1112620458)
2026-04-09 17:00,2026-04-09,17,Crude,6147.85,6162.19,14.34,0.2332,12750,81486,6100,21.98,22.48,43007,38479,0.8947,INR/bbl,Dhan API v2 (Client 1112620458)
2026-04-09 18:00,2026-04-09,18,Crude,6189.63,6194.26,4.63,0.0748,4981,79043,6200,21.25,21.75,41350,37693,0.9116,INR/bbl,Dhan API v2 (Client 1112620458)
2026-04-09 19:00,2026-04-09,19,Crude,6168.3,6162.01,-6.29,-0.1019,2669,80379,6200,21.72,22.22,42248,38131,0.9026,INR/bbl,Dhan API v2 (Client 1112620458)
2026-04-09 20:00,2026-04-09,20,Crude,6184.74,6186.43,1.69,0.0273,4013,79053,6200,21.48,21.98,40272,38781,0.963,INR/bbl,Dhan API v2 (Client 1112620458)
2026-04-09 21:00,2026-04-09,21,Crude,6184.9,6197.6,12.7,0.2054,7354,78327,6200,21.72,22.22,40572,37755,0.9306,INR/bbl,Dhan API v2 (Client 1112620458)
2026-04-09 22:00,2026-04-09,22,Crude,6153.18,6160.02,6.84,0.1111,6116,79939,6200,22.21,22.71,41898,38041,0.9079,INR/bbl,Dhan API v2 (Client 1112620458)
2026-04-09 23:00,2026-04-09,23,Crude,6134.95,6154.61,19.66,0.3205,4199,78405,6100,21.78,22.28,40919,37486,0.9161,INR/bbl,Dhan API v2 (Client 1112620458)
2026-04-10 09:00,2026-04-10,9,Crude,6143.31,6135.68,-7.62,-0.1241,12002,80095,6100,21.44,21.94,42884,37211,0.8677,INR/bbl,Dhan API v2 (Client 1112620458)
2026-04-10 10:00,2026-04-10,10,Crude,6171.85,6185.76,13.91,0.2254,5194,79897,6200,21.75,22.25,41791,38106,0.9118,INR/bbl,Dhan API v2 (Client 1112620458)
2026-04-10 11:00,2026-04-10,11,Crude,6213.04,6236.51,23.47,0.3777,10612,81325,6200,21.75,22.25,42043,39282,0.9343,INR/bbl,Dhan API v2 (Client 1112620458)
2026-04-10 12:00,2026-04-10,12,Crude,6245.4,6244.28,-1.12,-0.0179,10230,80215,6200,21.14,21.64,41812,38403,0.9185,INR/bbl,Dhan API v2 (Client 1112620458)
2026-04-10 13:00,2026-04-10,13,Crude,6261.77,6283.08,21.31,0.3403,10886,79323,6300,21.98,22.48,41023,38300,0.9336,INR/bbl,Dhan API v2 (Client 1112620458)
2026-04-10 14:00,2026-04-10,14,Crude,6278.36,6297.95,19.6,0.3121,13936,78928,6300,21.93,22.43,40582,38346,0.9449,INR/bbl,Dhan API v2 (Client 1112620458)
2026-04-10 15:00,2026-04-10,15,Crude,6281.07,6285.55,4.48,0.0714,6011,80301,6300,21.16,21.66,41287,39014,0.9449,INR/bbl,Dhan API v2 (Client 1112620458)
2026-04-10 16:00,2026-04-10,16,Crude,6271.37,6293.43,22.07,0.3519,11304,79475,6300,21.27,21.77,41780,37695,0.9022,INR/bbl,Dhan API v2 (Client 1112620458)
2026-04-10 17:00,2026-04-10,17,Crude,6283.95,6283.07,-0.87,-0.0139,10224,77688,6300,22.29,22.79,40416,37272,0.9222,INR/bbl,Dhan API v2 (Client 1112620458)
2026-04-10 18:00,2026-04-10,18,Crude,6294.25,6306.13,11.89,0.1888,7881,78319,6300,21.63,22.13,41386,36933,0.8924,INR/bbl,Dhan API v2 (Client 1112620458)
2026-04-10 19:00,2026-04-10,19,Crude,6328.55,6336.9,8.36,0.132,13621,81254,6300,21.35,21.85,41664,39590,0.9502,INR/bbl,Dhan API v2 (Client 1112620458)
2026-04-10 20:00,2026-04-10,20,Crude,6359.03,6366.41,7.38,0.1161,11217,79715,6400,21.53,22.03,41149,38566,0.9372,INR/bbl,Dhan API v2 (Client 1112620458)
2026-04-10 21:00,2026-04-10,21,Crude,6333.87,6336.93,3.06,0.0483,8015,78542,6300,21.23,21.73,41112,37430,0.9104,INR/bbl,Dhan API v2 (Client 1112620458)
2026-04-10 22:00,2026-04-10,22,Crude,6339.64,6341.01,1.37,0.0216,12985,80355,6300,21.71,22.21,42272,38083,0.9009,INR/bbl,Dhan API v2 (Client 1112620458)
2026-04-10 23:00,2026-04-10,23,Crude,6355.08,6376.66,21.59,0.3397,940,78042,6400,21.6,22.1,41634,36408,0.8745,INR/bbl,Dhan API v2 (Client 1112620458)
2026-04-13 09:00,2026-04-13,9,Crude,6342.16,6360.86,18.7,0.2949,13201,80720,6300,22.15,22.65,42125,38595,0.9162,INR/bbl,Dhan API v2 (Client 1112620458)
2026-04-13 10:00,2026-04-13,10,Crude,6338.2,6339.37,1.17,0.0185,11710,78904,6300,22.15,22.65,40038,38866,0.9707,INR/bbl,Dhan API v2 (Client 1112620458)
2026-04-13 11:00,2026-04-13,11,Crude,6368.52,6375.17,6.65,0.1043,11942,80040,6400,21.52,22.02,40274,39766,0.9874,INR/bbl,Dhan API v2 (Client 1112620458)
2026-04-13 12:00,2026-04-13,12,Crude,6386.86,6391.16,4.31,0.0674,520,78775,6400,21.55,22.05,41049,37726,0.919,INR/bbl,Dhan API v2 (Client 1112620458)
2026-04-13 13:00,2026-04-13,13,Crude,6416.92,6418.09,1.17,0.0183,9265,79269,6400,21.7,22.2,42298,36971,0.8741,INR/bbl,Dhan API v2 (Client 1112620458)
2026-04-13 14:00,2026-04-13,14,Crude,6401.77,6406.14,4.37,0.0683,2598,80521,6400,21.88,22.38,42185,38336,0.9088,INR/bbl,Dhan API v2 (Client 1112620458)
2026-04-13 15:00,2026-04-13,15,Crude,6390.78,6400.98,10.2,0.1595,8648,78903,6400,21.84,22.34,41719,37184,0.8913,INR/bbl,Dhan API v2 (Client 1112620458)
2026-04-13 16:00,2026-04-13,16,Crude,6398.28,6397.73,-0.55,-0.0086,9079,80306,6400,21.16,21.66,42774,37532,0.8774,INR/bbl,Dhan API v2 (Client 1112620458)
2026-04-13 17:00,2026-04-13,17,Crude,6408.29,6417.61,9.31,0.1453,8578,79016,6400,21.57,22.07,41356,37660,0.9106,INR/bbl,Dhan API v2 (Client 1112620458)
2026-04-13 18:00,2026-04-13,18,Crude,6374.38,6384.64,10.26,0.161,8968,79572,6400,21.64,22.14,41151,38421,0.9337,INR/bbl,Dhan API v2 (Client 1112620458)
2026-04-13 19:00,2026-04-13,19,Crude,6383.85,6404.88,21.03,0.3294,8357,78419,6400,21.5,22.0,41168,37251,0.9049,INR/bbl,Dhan API v2 (Client 1112620458)
2026-04-13 20:00,2026-04-13,20,Crude,6360.03,6362.26,2.23,0.0351,5920,79354,6400,21.59,22.09,42220,37134,0.8795,INR/bbl,Dhan API v2 (Client 1112620458)
2026-04-13 21:00,2026-04-13,21,Crude,6375.78,6375.62,-0.16,-0.0025,5906,80294,6400,21.59,22.09,42226,38068,0.9015,INR/bbl,Dhan API v2 (Client 1112620458)
2026-04-13 22:00,2026-04-13,22,Crude,6345.9,6355.72,9.82,0.1548,1286,80609,6300,21.61,22.11,42567,38042,0.8937,INR/bbl,Dhan API v2 (Client 1112620458)
2026-04-13 23:00,2026-04-13,23,Crude,6383.02,6380.28,-2.74,-0.0429,13671,80937,6400,21.56,22.06,41758,39179,0.9382,INR/bbl,Dhan API v2 (Client 1112620458)
2026-04-14 09:00,2026-04-14,9,Crude,6435.04,6420.68,-14.36,-0.2232,2645,80170,6400,21.83,22.33,42229,37941,0.8985,INR/bbl,Dhan API v2 (Client 1112620458)
2026-04-14 10:00,2026-04-14,10,Crude,6403.99,6412.69,8.71,0.1359,14688,81061,6400,21.57,22.07,42269,38792,0.9177,INR/bbl,Dhan API v2 (Client 1112620458)
2026-04-14 11:00,2026-04-14,11,Crude,6389.97,6417.72,27.75,0.4342,1345,80185,6400,21.62,22.12,41633,38552,0.926,INR/bbl,Dhan API v2 (Client 1112620458)
2026-04-14 12:00,2026-04-14,12,Crude,6389.65,6395.77,6.11,0.0957,14476,79006,6400,21.74,22.24,40890,38116,0.9322,INR/bbl,Dhan API v2 (Client 1112620458)
2026-04-14 13:00,2026-04-14,13,Crude,6389.44,6406.41,16.97,0.2657,2432,78984,6400,21.53,22.03,41643,37341,0.8967,INR/bbl,Dhan API v2 (Client 1112620458)
2026-04-14 14:00,2026-04-14,14,Crude,6380.01,6394.81,14.8,0.2319,14569,78592,6400,22.03,22.53,40210,38382,0.9545,INR/bbl,Dhan API v2 (Client 1112620458)
2026-04-14 15:00,2026-04-14,15,Crude,6422.26,6428.9,6.64,0.1034,3224,77271,6400,21.57,22.07,40222,37049,0.9211,INR/bbl,Dhan API v2 (Client 1112620458)
2026-04-14 16:00,2026-04-14,16,Crude,6427.61,6430.86,3.25,0.0506,6692,77654,6400,22.21,22.71,40569,37085,0.9141,INR/bbl,Dhan API v2 (Client 1112620458)
2026-04-14 17:00,2026-04-14,17,Crude,6414.96,6427.3,12.33,0.1922,3263,79918,6400,21.54,22.04,41525,38393,0.9246,INR/bbl,Dhan API v2 (Client 1112620458)
2026-04-14 18:00,2026-04-14,18,Crude,6446.55,6466.64,20.09,0.3116,2769,77422,6400,21.73,22.23,39973,37449,0.9369,INR/bbl,Dhan API v2 (Client 1112620458)
2026-04-14 19:00,2026-04-14,19,Crude,6448.24,6453.31,5.07,0.0786,11208,79159,6400,21.28,21.78,41671,37488,0.8996,INR/bbl,Dhan API v2 (Client 1112620458)
2026-04-14 20:00,2026-04-14,20,Crude,6453.76,6471.74,17.98,0.2786,767,80876,6500,21.86,22.36,42162,38714,0.9182,INR/bbl,Dhan API v2 (Client 1112620458)
2026-04-14 21:00,2026-04-14,21,Crude,6477.96,6471.03,-6.92,-0.1069,12148,79138,6500,21.95,22.45,41668,37470,0.8993,INR/bbl,Dhan API v2 (Client 1112620458)
2026-04-14 22:00,2026-04-14,22,Crude,6488.65,6496.78,8.13,0.1252,11198,79052,6500,21.48,21.98,42234,36818,0.8718,INR/bbl,Dhan API v2 (Client 1112620458)
2026-04-14 23:00,2026-04-14,23,Crude,6510.79,6512.32,1.53,0.0235,8576,81105,6500,21.79,22.29,42114,38991,0.9258,INR/bbl,Dhan API v2 (Client 1112620458)
2026-04-15 09:00,2026-04-15,9,Crude,6499.81,6503.26,3.45,0.053,10258,79407,6500,21.28,21.78,40528,38879,0.9593,INR/bbl,Dhan API v2 (Client 1112620458)
2026-04-15 10:00,2026-04-15,10,Crude,6516.17,6513.07,-3.1,-0.0476,5284,81059,6500,21.93,22.43,42255,38804,0.9183,INR/bbl,Dhan API v2 (Client 1112620458)
2026-04-15 11:00,2026-04-15,11,Crude,6510.28,6525.68,15.4,0.2365,1487,79425,6500,21.5,22.0,41450,37975,0.9162,INR/bbl,Dhan API v2 (Client 1112620458)
2026-04-15 12:00,2026-04-15,12,Crude,6488.67,6482.83,-5.84,-0.09,11247,80195,6500,21.56,22.06,41915,38280,0.9133,INR/bbl,Dhan API v2 (Client 1112620458)
2026-04-15 13:00,2026-04-15,13,Crude,6491.61,6488.99,-2.62,-0.0404,1035,78842,6500,21.7,22.2,41757,37085,0.8881,INR/bbl,Dhan API v2 (Client 1112620458)
2026-04-15 14:00,2026-04-15,14,Crude,6462.06,6464.67,2.61,0.0404,11045,80390,6500,20.98,21.48,41579,38811,0.9334,INR/bbl,Dhan API v2 (Client 1112620458)
2026-04-15 15:00,2026-04-15,15,Crude,6429.61,6439.6,10.0,0.1555,7192,80175,6400,21.69,22.19,41753,38422,0.9202,INR/bbl,Dhan API v2 (Client 1112620458)
2026-04-15 16:00,2026-04-15,16,Crude,6460.81,6473.42,12.61,0.1952,3707,80055,6500,21.71,22.21,41573,38482,0.9256,INR/bbl,Dhan API v2 (Client 1112620458)
2026-04-15 17:00,2026-04-15,17,Crude,6456.61,6473.18,16.57,0.2566,11312,80590,6500,21.11,21.61,41412,39178,0.9461,INR/bbl,Dhan API v2 (Client 1112620458)
2026-04-15 18:00,2026-04-15,18,Crude,6420.42,6423.12,2.71,0.0422,7482,79174,6400,21.88,22.38,41485,37689,0.9085,INR/bbl,Dhan API v2 (Client 1112620458)
2026-04-15 19:00,2026-04-15,19,Crude,6424.01,6413.79,-10.23,-0.1592,9750,78770,6400,21.52,22.02,40183,38587,0.9603,INR/bbl,Dhan API v2 (Client 1112620458)
2026-04-15 20:00,2026-04-15,20,Crude,6453.15,6460.47,7.32,0.1135,2939,79133,6500,21.92,22.42,40706,38427,0.944,INR/bbl,Dhan API v2 (Client 1112620458)
2026-04-15 21:00,2026-04-15,21,Crude,6475.05,6477.81,2.77,0.0427,4190,80005,6500,22.08,22.58,41930,38075,0.9081,INR/bbl,Dhan API v2 (Client 1112620458)
2026-04-15 22:00,2026-04-15,22,Crude,6474.06,6472.84,-1.21,-0.0187,13418,80222,6500,21.6,22.1,41141,39081,0.9499,INR/bbl,Dhan API v2 (Client 1112620458)
2026-04-15 23:00,2026-04-15,23,Crude,6459.84,6463.07,3.23,0.05,13411,78079,6500,21.91,22.41,40876,37203,0.9101,INR/bbl,Dhan API v2 (Client 1112620458)
2026-04-16 09:00,2026-04-16,9,Crude,6474.19,6478.33,4.14,0.0639,8772,80995,6500,21.77,22.27,41289,39706,0.9617,INR/bbl,Dhan API v2 (Client 1112620458)
2026-04-16 10:00,2026-04-16,10,Crude,6496.14,6483.23,-12.91,-0.1987,11154,78556,6500,21.18,21.68,41208,37348,0.9063,INR/bbl,Dhan API v2 (Client 1112620458)
2026-04-16 11:00,2026-04-16,11,Crude,6473.61,6488.43,14.82,0.2289,8142,80021,6500,22.26,22.76,42499,37522,0.8829,INR/bbl,Dhan API v2 (Client 1112620458)
2026-04-16 12:00,2026-04-16,12,Crude,6456.81,6472.69,15.88,0.246,8333,77918,6500,21.57,22.07,40082,37836,0.944,INR/bbl,Dhan API v2 (Client 1112620458)
2026-04-16 13:00,2026-04-16,13,Crude,6486.26,6491.08,4.82,0.0744,14417,78548,6500,21.59,22.09,41442,37106,0.8954,INR/bbl,Dhan API v2 (Client 1112620458)
2026-04-16 14:00,2026-04-16,14,Crude,6512.05,6522.28,10.23,0.1571,8099,80218,6500,21.71,22.21,41176,39042,0.9482,INR/bbl,Dhan API v2 (Client 1112620458)
2026-04-16 15:00,2026-04-16,15,Crude,6458.79,6450.75,-8.04,-0.1245,4663,80036,6500,21.61,22.11,41641,38395,0.922,INR/bbl,Dhan API v2 (Client 1112620458)
2026-04-16 16:00,2026-04-16,16,Crude,6471.85,6470.81,-1.04,-0.0161,10790,79135,6500,21.39,21.89,41289,37846,0.9166,INR/bbl,Dhan API v2 (Client 1112620458)
2026-04-16 17:00,2026-04-16,17,Crude,6491.16,6501.73,10.57,0.1629,8811,78507,6500,21.85,22.35,40957,37550,0.9168,INR/bbl,Dhan API v2 (Client 1112620458)
2026-04-16 18:00,2026-04-16,18,Crude,6506.39,6516.24,9.85,0.1514,9740,79497,6500,20.76,21.26,41440,38057,0.9184,INR/bbl,Dhan API v2 (Client 1112620458)
2026-04-16 19:00,2026-04-16,19,Crude,6510.2,6509.75,-0.45,-0.0069,9024,80989,6500,21.65,22.15,42110,38879,0.9233,INR/bbl,Dhan API v2 (Client 1112620458)
2026-04-16 20:00,2026-04-16,20,Crude,6503.73,6511.33,7.6,0.1169,4433,79374,6500,21.77,22.27,41225,38149,0.9254,INR/bbl,Dhan API v2 (Client 1112620458)
2026-04-16 21:00,2026-04-16,21,Crude,6519.48,6513.34,-6.14,-0.0942,14469,80049,6500,21.69,22.19,42191,37858,0.8973,INR/bbl,Dhan API v2 (Client 1112620458)
2026-04-16 22:00,2026-04-16,22,Crude,6530.25,6540.86,10.62,0.1626,5522,79279,6500,21.6,22.1,41021,38258,0.9326,INR/bbl,Dhan API v2 (Client 1112620458)
2026-04-16 23:00,2026-04-16,23,Crude,6486.8,6494.37,7.57,0.1166,11032,79350,6500,22.21,22.71,41057,38293,0.9327,INR/bbl,Dhan API v2 (Client 1112620458)
2026-04-17 09:00,2026-04-17,9,Crude,6504.9,6496.32,-8.58,-0.1319,5729,78944,6500,22.01,22.51,40757,38187,0.9369,INR/bbl,Dhan API v2 (Client 1112620458)
2026-04-17 10:00,2026-04-17,10,Crude,6486.12,6485.41,-0.71,-0.011,3320,79223,6500,21.22,21.72,41930,37293,0.8894,INR/bbl,Dhan API v2 (Client 1112620458)
2026-04-17 11:00,2026-04-17,11,Crude,6421.88,6435.74,13.86,0.2159,3303,78569,6400,21.33,21.83,41054,37515,0.9138,INR/bbl,Dhan API v2 (Client 1112620458)
2026-04-17 12:00,2026-04-17,12,Crude,6432.03,6420.47,-11.56,-0.1797,8735,79833,6400,21.48,21.98,43063,36770,0.8539,INR/bbl,Dhan API v2 (Client 1112620458)
2026-04-17 13:00,2026-04-17,13,Crude,6439.85,6420.69,-19.16,-0.2975,10672,79742,6400,21.49,21.99,42014,37728,0.898,INR/bbl,Dhan API v2 (Client 1112620458)
2026-04-17 14:00,2026-04-17,14,Crude,6448.78,6435.73,-13.05,-0.2023,4698,79419,6400,21.49,21.99,41208,38211,0.9273,INR/bbl,Dhan API v2 (Client 1112620458)
2026-04-17 15:00,2026-04-17,15,Crude,6419.7,6418.27,-1.43,-0.0222,1877,80197,6400,21.9,22.4,42709,37488,0.8778,INR/bbl,Dhan API v2 (Client 1112620458)
2026-04-17 16:00,2026-04-17,16,Crude,6418.37,6422.78,4.4,0.0686,4888,79227,6400,21.31,21.81,41600,37627,0.9045,INR/bbl,Dhan API v2 (Client 1112620458)
2026-04-17 17:00,2026-04-17,17,Crude,6444.5,6449.08,4.59,0.0712,14238,79418,6400,21.47,21.97,41515,37903,0.913,INR/bbl,Dhan API v2 (Client 1112620458)
2026-04-17 18:00,2026-04-17,18,Crude,6440.81,6443.24,2.43,0.0378,4640,79060,6400,21.67,22.17,41722,37338,0.8949,INR/bbl,Dhan API v2 (Client 1112620458)
2026-04-17 19:00,2026-04-17,19,Crude,6435.7,6431.16,-4.54,-0.0706,3757,81577,6400,21.2,21.7,42033,39544,0.9408,INR/bbl,Dhan API v2 (Client 1112620458)
2026-04-17 20:00,2026-04-17,20,Crude,6427.95,6435.28,7.32,0.1139,7104,78805,6400,22.15,22.65,41591,37214,0.8948,INR/bbl,Dhan API v2 (Client 1112620458)
2026-04-17 21:00,2026-04-17,21,Crude,6422.62,6424.99,2.37,0.0369,7478,79163,6400,21.71,22.21,41338,37825,0.915,INR/bbl,Dhan API v2 (Client 1112620458)
2026-04-17 22:00,2026-04-17,22,Crude,6406.07,6402.22,-3.85,-0.0602,3686,81125,6400,21.66,22.16,43375,37750,0.8703,INR/bbl,Dhan API v2 (Client 1112620458)
2026-04-17 23:00,2026-04-17,23,Crude,6424.1,6434.59,10.49,0.1633,12497,79936,6400,21.85,22.35,41316,38620,0.9347,INR/bbl,Dhan API v2 (Client 1112620458)
2026-04-20 09:00,2026-04-20,9,Crude,6428.27,6432.81,4.54,0.0707,8636,79497,6400,21.55,22.05,41884,37613,0.898,INR/bbl,Dhan API v2 (Client 1112620458)
2026-04-20 10:00,2026-04-20,10,Crude,6422.2,6424.11,1.91,0.0297,3897,80200,6400,22.16,22.66,41274,38926,0.9431,INR/bbl,Dhan API v2 (Client 1112620458)
2026-04-20 11:00,2026-04-20,11,Crude,6425.43,6434.96,9.54,0.1484,5310,78519,6400,21.91,22.41,40000,38519,0.963,INR/bbl,Dhan API v2 (Client 1112620458)
2026-04-20 12:00,2026-04-20,12,Crude,6429.8,6438.06,8.26,0.1285,2959,81418,6400,21.53,22.03,43568,37850,0.8688,INR/bbl,Dhan API v2 (Client 1112620458)
2026-04-20 13:00,2026-04-20,13,Crude,6395.92,6390.36,-5.57,-0.087,5356,79091,6400,21.52,22.02,40740,38351,0.9414,INR/bbl,Dhan API v2 (Client 1112620458)
2026-04-20 14:00,2026-04-20,14,Crude,6374.16,6367.06,-7.11,-0.1115,9571,79903,6400,21.42,21.92,41641,38262,0.9189,INR/bbl,Dhan API v2 (Client 1112620458)
2026-04-20 15:00,2026-04-20,15,Crude,6367.15,6369.74,2.58,0.0406,14008,79409,6400,21.45,21.95,41423,37986,0.917,INR/bbl,Dhan API v2 (Client 1112620458)
2026-04-20 16:00,2026-04-20,16,Crude,6364.47,6351.94,-12.53,-0.1969,10096,80012,6400,21.57,22.07,42322,37690,0.8906,INR/bbl,Dhan API v2 (Client 1112620458)
2026-04-20 17:00,2026-04-20,17,Crude,6348.95,6371.06,22.12,0.3484,9348,81121,6300,21.32,21.82,42281,38840,0.9186,INR/bbl,Dhan API v2 (Client 1112620458)
2026-04-20 18:00,2026-04-20,18,Crude,6330.5,6333.72,3.21,0.0508,12253,80144,6300,21.98,22.48,41460,38684,0.933,INR/bbl,Dhan API v2 (Client 1112620458)
2026-04-20 19:00,2026-04-20,19,Crude,6337.68,6337.69,0.01,0.0002,8829,79887,6300,21.7,22.2,41187,38700,0.9396,INR/bbl,Dhan API v2 (Client 1112620458)
2026-04-20 20:00,2026-04-20,20,Crude,6322.91,6327.73,4.82,0.0762,796,79181,6300,22.02,22.52,41366,37815,0.9142,INR/bbl,Dhan API v2 (Client 1112620458)
2026-04-20 21:00,2026-04-20,21,Crude,6290.35,6298.54,8.19,0.1303,8888,80803,6300,21.52,22.02,42213,38590,0.9142,INR/bbl,Dhan API v2 (Client 1112620458)
2026-04-20 22:00,2026-04-20,22,Crude,6252.57,6251.73,-0.84,-0.0134,8580,79484,6300,21.28,21.78,41778,37706,0.9025,INR/bbl,Dhan API v2 (Client 1112620458)
2026-04-20 23:00,2026-04-20,23,Crude,6216.58,6222.83,6.25,0.1006,9952,81337,6200,21.74,22.24,42761,38576,0.9021,INR/bbl,Dhan API v2 (Client 1112620458)
2026-04-21 09:00,2026-04-21,9,Crude,6199.35,6220.11,20.76,0.335,6098,77755,6200,21.46,21.96,41341,36414,0.8808,INR/bbl,Dhan API v2 (Client 1112620458)
2026-04-21 10:00,2026-04-21,10,Crude,6211.47,6218.95,7.48,0.1204,4218,77513,6200,21.65,22.15,39570,37943,0.9589,INR/bbl,Dhan API v2 (Client 1112620458)
2026-04-21 11:00,2026-04-21,11,Crude,6232.46,6229.59,-2.87,-0.0461,1095,79203,6200,21.81,22.31,41491,37712,0.9089,INR/bbl,Dhan API v2 (Client 1112620458)
2026-04-21 12:00,2026-04-21,12,Crude,6250.6,6259.75,9.16,0.1465,11973,79102,6300,21.39,21.89,41591,37511,0.9019,INR/bbl,Dhan API v2 (Client 1112620458)
2026-04-21 13:00,2026-04-21,13,Crude,6251.78,6252.39,0.61,0.0097,13125,79610,6300,21.12,21.62,41907,37703,0.8997,INR/bbl,Dhan API v2 (Client 1112620458)
2026-04-21 14:00,2026-04-21,14,Crude,6248.98,6247.53,-1.45,-0.0232,4076,80637,6200,21.43,21.93,41999,38638,0.92,INR/bbl,Dhan API v2 (Client 1112620458)
2026-04-21 15:00,2026-04-21,15,Crude,6238.17,6247.35,9.17,0.1471,3078,78107,6200,21.75,22.25,40525,37582,0.9274,INR/bbl,Dhan API v2 (Client 1112620458)
2026-04-21 16:00,2026-04-21,16,Crude,6268.16,6264.11,-4.05,-0.0645,1768,80928,6300,21.84,22.34,42199,38729,0.9178,INR/bbl,Dhan API v2 (Client 1112620458)
2026-04-21 17:00,2026-04-21,17,Crude,6330.63,6322.09,-8.54,-0.1349,5786,80439,6300,21.66,22.16,41753,38686,0.9265,INR/bbl,Dhan API v2 (Client 1112620458)
2026-04-21 18:00,2026-04-21,18,Crude,6352.23,6340.2,-12.02,-0.1893,9612,78915,6400,21.61,22.11,41540,37375,0.8997,INR/bbl,Dhan API v2 (Client 1112620458)
2026-04-21 19:00,2026-04-21,19,Crude,6316.12,6314.98,-1.14,-0.018,12814,79819,6300,21.74,22.24,41249,38570,0.9351,INR/bbl,Dhan API v2 (Client 1112620458)
2026-04-21 20:00,2026-04-21,20,Crude,6289.98,6307.66,17.67,0.281,14105,79226,6300,21.22,21.72,41286,37940,0.919,INR/bbl,Dhan API v2 (Client 1112620458)
2026-04-21 21:00,2026-04-21,21,Crude,6302.61,6294.62,-7.98,-0.1266,2731,81857,6300,21.61,22.11,42749,39108,0.9148,INR/bbl,Dhan API v2 (Client 1112620458)
2026-04-21 22:00,2026-04-21,22,Crude,6291.19,6295.52,4.33,0.0688,7071,78705,6300,22.34,22.84,41407,37298,0.9008,INR/bbl,Dhan API v2 (Client 1112620458)
2026-04-21 23:00,2026-04-21,23,Crude,6259.17,6260.45,1.28,0.0205,12840,79704,6300,21.66,22.16,41541,38163,0.9187,INR/bbl,Dhan API v2 (Client 1112620458)
2026-04-22 09:00,2026-04-22,9,Crude,6275.31,6285.0,9.68,0.1543,5732,78380,6300,21.92,22.42,41727,36653,0.8784,INR/bbl,Dhan API v2 (Client 1112620458)
2026-04-22 10:00,2026-04-22,10,Crude,6281.58,6281.86,0.28,0.0044,6786,80350,6300,21.6,22.1,41357,38993,0.9428,INR/bbl,Dhan API v2 (Client 1112620458)
2026-04-22 11:00,2026-04-22,11,Crude,6301.07,6309.18,8.11,0.1288,1033,79345,6300,21.92,22.42,40779,38566,0.9457,INR/bbl,Dhan API v2 (Client 1112620458)
2026-04-22 12:00,2026-04-22,12,Crude,6328.77,6326.4,-2.38,-0.0375,4811,81283,6300,21.31,21.81,42325,38958,0.9204,INR/bbl,Dhan API v2 (Client 1112620458)
2026-04-22 13:00,2026-04-22,13,Crude,6367.39,6365.63,-1.75,-0.0275,13790,79471,6400,21.82,22.32,42167,37304,0.8847,INR/bbl,Dhan API v2 (Client 1112620458)
2026-04-22 14:00,2026-04-22,14,Crude,6376.08,6377.14,1.06,0.0166,3421,78922,6400,21.37,21.87,41800,37122,0.8881,INR/bbl,Dhan API v2 (Client 1112620458)
2026-04-22 15:00,2026-04-22,15,Crude,6372.68,6367.02,-5.67,-0.0889,13702,78621,6400,21.91,22.41,41087,37534,0.9135,INR/bbl,Dhan API v2 (Client 1112620458)
2026-04-22 16:00,2026-04-22,16,Crude,6361.75,6366.33,4.58,0.0719,4607,78193,6400,21.83,22.33,40414,37779,0.9348,INR/bbl,Dhan API v2 (Client 1112620458)
2026-04-22 17:00,2026-04-22,17,Crude,6347.41,6354.68,7.28,0.1146,8117,80634,6300,21.48,21.98,41310,39324,0.9519,INR/bbl,Dhan API v2 (Client 1112620458)
2026-04-22 18:00,2026-04-22,18,Crude,6331.55,6333.1,1.55,0.0244,5175,80729,6300,20.99,21.49,43312,37417,0.8639,INR/bbl,Dhan API v2 (Client 1112620458)
2026-04-22 19:00,2026-04-22,19,Crude,6339.02,6345.39,6.37,0.1005,10218,78467,6300,21.8,22.3,40224,38243,0.9508,INR/bbl,Dhan API v2 (Client 1112620458)
2026-04-22 20:00,2026-04-22,20,Crude,6326.71,6324.9,-1.82,-0.0287,4407,80317,6300,21.14,21.64,41457,38860,0.9374,INR/bbl,Dhan API v2 (Client 1112620458)
2026-04-22 21:00,2026-04-22,21,Crude,6334.16,6316.44,-17.72,-0.2798,2825,81534,6300,21.94,22.44,41984,39550,0.942,INR/bbl,Dhan API v2 (Client 1112620458)
2026-04-22 22:00,2026-04-22,22,Crude,6321.18,6319.8,-1.38,-0.0218,5082,80901,6300,21.26,21.76,42488,38413,0.9041,INR/bbl,Dhan API v2 (Client 1112620458)
2026-04-22 23:00,2026-04-22,23,Crude,6270.14,6291.56,21.43,0.3417,9068,79877,6300,21.33,21.83,41546,38331,0.9226,INR/bbl,Dhan API v2 (Client 1112620458)
2026-04-23 09:00,2026-04-23,9,Crude,6270.16,6290.96,20.8,0.3318,11619,81029,6300,21.28,21.78,42646,38383,0.9,INR/bbl,Dhan API v2 (Client 1112620458)
2026-04-23 10:00,2026-04-23,10,Crude,6291.02,6298.63,7.61,0.121,7575,78340,6300,21.69,22.19,41323,37017,0.8958,INR/bbl,Dhan API v2 (Client 1112620458)
2026-04-23 11:00,2026-04-23,11,Crude,6310.02,6351.5,41.48,0.6573,4551,77817,6300,21.7,22.2,40967,36850,0.8995,INR/bbl,Dhan API v2 (Client 1112620458)
2026-04-23 12:00,2026-04-23,12,Crude,6319.03,6356.67,37.64,0.5957,7109,80071,6300,21.45,21.95,42155,37916,0.8994,INR/bbl,Dhan API v2 (Client 1112620458)
2026-04-23 13:00,2026-04-23,13,Crude,6313.53,6334.19,20.66,0.3272,2716,79656,6300,21.65,22.15,42304,37352,0.8829,INR/bbl,Dhan API v2 (Client 1112620458)
2026-04-23 14:00,2026-04-23,14,Crude,6305.85,6342.84,36.99,0.5866,9106,78415,6300,21.55,22.05,40887,37528,0.9178,INR/bbl,Dhan API v2 (Client 1112620458)
2026-04-23 15:00,2026-04-23,15,Crude,6285.44,6313.13,27.7,0.4406,7723,79193,6300,21.39,21.89,41053,38140,0.929,INR/bbl,Dhan API v2 (Client 1112620458)
2026-04-23 16:00,2026-04-23,16,Crude,6274.81,6307.44,32.64,0.5201,9815,80144,6300,21.62,22.12,41172,38972,0.9466,INR/bbl,Dhan API v2 (Client 1112620458)
2026-04-23 17:00,2026-04-23,17,Crude,6309.79,6350.38,40.59,0.6433,1247,80332,6300,21.4,21.9,41870,38462,0.9186,INR/bbl,Dhan API v2 (Client 1112620458)
2026-04-23 18:00,2026-04-23,18,Crude,6305.16,6343.94,38.78,0.6151,12666,79565,6300,21.6,22.1,41024,38541,0.9395,INR/bbl,Dhan API v2 (Client 1112620458)
2026-04-23 19:00,2026-04-23,19,Crude,6328.68,6363.23,34.55,0.546,5225,79919,6300,21.23,21.73,41680,38239,0.9174,INR/bbl,Dhan API v2 (Client 1112620458)
2026-04-23 20:00,2026-04-23,20,Crude,6328.83,6352.83,23.99,0.3791,12519,79245,6300,22.01,22.51,41830,37415,0.8945,INR/bbl,Dhan API v2 (Client 1112620458)
2026-04-23 21:00,2026-04-23,21,Crude,6331.24,6359.29,28.05,0.443,6308,80771,6300,21.48,21.98,42476,38295,0.9016,INR/bbl,Dhan API v2 (Client 1112620458)
2026-04-23 22:00,2026-04-23,22,Crude,6345.56,6376.7,31.14,0.4907,2031,79318,6300,21.78,22.28,41477,37841,0.9123,INR/bbl,Dhan API v2 (Client 1112620458)
2026-04-23 23:00,2026-04-23,23,Crude,6343.53,6368.56,25.03,0.3946,6039,79680,6300,21.64,22.14,42389,37291,0.8797,INR/bbl,Dhan API v2 (Client 1112620458)
2026-04-24 09:00,2026-04-24,9,Crude,6294.29,6324.26,29.97,0.4761,7342,80151,6300,21.37,21.87,41498,38653,0.9314,INR/bbl,Dhan API v2 (Client 1112620458)
2026-04-24 10:00,2026-04-24,10,Crude,6296.29,6324.18,27.88,0.4429,1675,79464,6300,21.77,22.27,41676,37788,0.9067,INR/bbl,Dhan API v2 (Client 1112620458)
2026-04-24 11:00,2026-04-24,11,Crude,6331.18,6347.24,16.06,0.2536,6190,80842,6300,21.11,21.61,41936,38906,0.9277,INR/bbl,Dhan API v2 (Client 1112620458)
2026-04-24 12:00,2026-04-24,12,Crude,6331.24,6345.51,14.28,0.2255,12969,80563,6300,21.77,22.27,41430,39133,0.9446,INR/bbl,Dhan API v2 (Client 1112620458)
2026-04-24 13:00,2026-04-24,13,Crude,6354.72,6386.17,31.45,0.4949,3272,80491,6400,21.6,22.1,42513,37978,0.8933,INR/bbl,Dhan API v2 (Client 1112620458)
2026-04-24 14:00,2026-04-24,14,Crude,6366.25,6386.45,20.2,0.3174,5573,78574,6400,21.46,21.96,40210,38364,0.9541,INR/bbl,Dhan API v2 (Client 1112620458)
2026-04-24 15:00,2026-04-24,15,Crude,6389.85,6404.47,14.62,0.2288,2602,78453,6400,21.25,21.75,41004,37449,0.9133,INR/bbl,Dhan API v2 (Client 1112620458)
2026-04-24 16:00,2026-04-24,16,Crude,6430.09,6459.64,29.55,0.4595,8414,79939,6400,21.83,22.33,41844,38095,0.9104,INR/bbl,Dhan API v2 (Client 1112620458)
2026-04-24 17:00,2026-04-24,17,Crude,6442.93,6478.55,35.62,0.5528,7214,79921,6400,21.63,22.13,41223,38698,0.9387,INR/bbl,Dhan API v2 (Client 1112620458)
2026-04-24 18:00,2026-04-24,18,Crude,6463.79,6502.75,38.96,0.6027,4687,78687,6500,21.9,22.4,40411,38276,0.9472,INR/bbl,Dhan API v2 (Client 1112620458)
2026-04-24 19:00,2026-04-24,19,Crude,6496.55,6522.65,26.1,0.4017,8713,79477,6500,21.41,21.91,41280,38197,0.9253,INR/bbl,Dhan API v2 (Client 1112620458)
2026-04-24 20:00,2026-04-24,20,Crude,6535.93,6562.54,26.61,0.4072,10045,79853,6500,21.63,22.13,41211,38642,0.9377,INR/bbl,Dhan API v2 (Client 1112620458)
2026-04-24 21:00,2026-04-24,21,Crude,6500.51,6529.04,28.54,0.439,14654,79810,6500,21.74,22.24,42374,37436,0.8835,INR/bbl,Dhan API v2 (Client 1112620458)
2026-04-24 22:00,2026-04-24,22,Crude,6491.51,6513.7,22.19,0.3418,3102,79627,6500,21.92,22.42,40883,38744,0.9477,INR/bbl,Dhan API v2 (Client 1112620458)
2026-04-24 23:00,2026-04-24,23,Crude,6439.7,6470.29,30.6,0.4751,2060,79242,6400,21.21,21.71,40966,38276,0.9343,INR/bbl,Dhan API v2 (Client 1112620458)
2026-04-27 09:00,2026-04-27,9,Crude,6422.46,6460.47,38.01,0.5919,13071,79667,6400,21.81,22.31,41605,38062,0.9148,INR/bbl,Dhan API v2 (Client 1112620458)
2026-04-27 10:00,2026-04-27,10,Crude,6437.32,6442.16,4.84,0.0752,1875,79363,6400,22.26,22.76,42018,37345,0.8888,INR/bbl,Dhan API v2 (Client 1112620458)
2026-04-27 11:00,2026-04-27,11,Crude,6439.36,6463.33,23.97,0.3722,9191,78825,6400,21.9,22.4,41166,37659,0.9148,INR/bbl,Dhan API v2 (Client 1112620458)
2026-04-27 12:00,2026-04-27,12,Crude,6476.33,6503.81,27.47,0.4242,14886,78082,6500,21.34,21.84,40515,37567,0.9272,INR/bbl,Dhan API v2 (Client 1112620458)
2026-04-27 13:00,2026-04-27,13,Crude,6469.79,6493.59,23.8,0.3679,1902,81264,6500,22.15,22.65,41643,39621,0.9514,INR/bbl,Dhan API v2 (Client 1112620458)
2026-04-27 14:00,2026-04-27,14,Crude,6475.47,6520.13,44.65,0.6896,3922,79227,6500,20.73,21.23,41021,38206,0.9314,INR/bbl,Dhan API v2 (Client 1112620458)
2026-04-27 15:00,2026-04-27,15,Crude,6502.46,6534.28,31.81,0.4893,13771,80807,6500,21.27,21.77,43136,37671,0.8733,INR/bbl,Dhan API v2 (Client 1112620458)
2026-04-27 16:00,2026-04-27,16,Crude,6468.86,6488.66,19.81,0.3062,14161,80215,6500,21.87,22.37,41328,38887,0.9409,INR/bbl,Dhan API v2 (Client 1112620458)
2026-04-27 17:00,2026-04-27,17,Crude,6486.55,6510.05,23.5,0.3623,13296,79712,6500,21.97,22.47,42454,37258,0.8776,INR/bbl,Dhan API v2 (Client 1112620458)
2026-04-27 18:00,2026-04-27,18,Crude,6465.14,6470.69,5.55,0.0858,8818,79211,6500,21.45,21.95,40396,38815,0.9609,INR/bbl,Dhan API v2 (Client 1112620458)
2026-04-27 19:00,2026-04-27,19,Crude,6508.91,6522.31,13.4,0.2058,6593,77836,6500,21.46,21.96,40376,37460,0.9278,INR/bbl,Dhan API v2 (Client 1112620458)
2026-04-27 20:00,2026-04-27,20,Crude,6466.29,6495.48,29.18,0.4513,11484,80937,6500,21.74,22.24,41379,39558,0.956,INR/bbl,Dhan API v2 (Client 1112620458)
2026-04-27 21:00,2026-04-27,21,Crude,6453.85,6461.51,7.66,0.1187,4957,79213,6500,21.95,22.45,41901,37312,0.8905,INR/bbl,Dhan API v2 (Client 1112620458)
2026-04-27 22:00,2026-04-27,22,Crude,6441.74,6468.3,26.57,0.4124,13490,80220,6400,21.76,22.26,41884,38336,0.9153,INR/bbl,Dhan API v2 (Client 1112620458)
2026-04-27 23:00,2026-04-27,23,Crude,6400.85,6424.09,23.24,0.3631,13042,80718,6400,21.35,21.85,42296,38422,0.9084,INR/bbl,Dhan API v2 (Client 1112620458)
2026-04-28 09:00,2026-04-28,9,Crude,6377.16,6384.39,7.23,0.1134,6455,80121,6400,22.17,22.67,41951,38170,0.9099,INR/bbl,Dhan API v2 (Client 1112620458)
2026-04-28 10:00,2026-04-28,10,Crude,6355.59,6377.21,21.62,0.3402,7871,78734,6400,21.71,22.21,40681,38053,0.9354,INR/bbl,Dhan API v2 (Client 1112620458)
2026-04-28 11:00,2026-04-28,11,Crude,6310.55,6329.56,19.01,0.3012,2470,79015,6300,21.51,22.01,41485,37530,0.9047,INR/bbl,Dhan API v2 (Client 1112620458)
2026-04-28 12:00,2026-04-28,12,Crude,6296.26,6326.15,29.89,0.4747,10199,80039,6300,21.68,22.18,41373,38666,0.9346,INR/bbl,Dhan API v2 (Client 1112620458)
2026-04-28 13:00,2026-04-28,13,Crude,6312.13,6349.08,36.95,0.5854,9168,79218,6300,21.88,22.38,41080,38138,0.9284,INR/bbl,Dhan API v2 (Client 1112620458)
2026-04-28 14:00,2026-04-28,14,Crude,6333.25,6373.87,40.62,0.6413,11606,77869,6300,21.96,22.46,40424,37445,0.9263,INR/bbl,Dhan API v2 (Client 1112620458)
2026-04-28 15:00,2026-04-28,15,Crude,6316.98,6337.83,20.85,0.3301,11668,80583,6300,21.41,21.91,42181,38402,0.9104,INR/bbl,Dhan API v2 (Client 1112620458)
2026-04-28 16:00,2026-04-28,16,Crude,6286.23,6300.48,14.25,0.2266,4974,81984,6300,22.01,22.51,42561,39423,0.9263,INR/bbl,Dhan API v2 (Client 1112620458)
2026-04-28 17:00,2026-04-28,17,Crude,6289.38,6311.27,21.89,0.3481,13450,80670,6300,21.72,22.22,41079,39591,0.9638,INR/bbl,Dhan API v2 (Client 1112620458)
2026-04-28 18:00,2026-04-28,18,Crude,6299.99,6323.45,23.46,0.3723,12877,80645,6300,21.47,21.97,42224,38421,0.9099,INR/bbl,Dhan API v2 (Client 1112620458)
2026-04-28 19:00,2026-04-28,19,Crude,6300.53,6337.52,36.98,0.587,13036,79325,6300,22.0,22.5,40459,38866,0.9606,INR/bbl,Dhan API v2 (Client 1112620458)
2026-04-28 20:00,2026-04-28,20,Crude,6295.57,6325.02,29.45,0.4678,2576,77980,6300,21.48,21.98,40589,37391,0.9212,INR/bbl,Dhan API v2 (Client 1112620458)
2026-04-28 21:00,2026-04-28,21,Crude,6252.85,6274.59,21.74,0.3477,3629,79806,6300,21.81,22.31,41752,38054,0.9114,INR/bbl,Dhan API v2 (Client 1112620458)
2026-04-28 22:00,2026-04-28,22,Crude,6229.7,6262.64,32.94,0.5288,14956,79595,6200,21.78,22.28,41458,38137,0.9199,INR/bbl,Dhan API v2 (Client 1112620458)
2026-04-28 23:00,2026-04-28,23,Crude,6236.64,6265.69,29.05,0.4658,2180,80199,6200,22.13,22.63,42215,37984,0.8998,INR/bbl,Dhan API v2 (Client 1112620458)
2026-04-29 09:00,2026-04-29,9,Crude,6236.21,6268.07,31.86,0.5109,8510,78723,6200,21.72,22.22,41032,37691,0.9186,INR/bbl,Dhan API v2 (Client 1112620458)
2026-04-29 10:00,2026-04-29,10,Crude,6242.07,6279.69,37.63,0.6028,4601,80975,6200,21.8,22.3,42716,38259,0.8957,INR/bbl,Dhan API v2 (Client 1112620458)
2026-04-29 11:00,2026-04-29,11,Crude,6222.16,6255.61,33.45,0.5377,9237,81218,6200,21.44,21.94,42402,38816,0.9154,INR/bbl,Dhan API v2 (Client 1112620458)
2026-04-29 12:00,2026-04-29,12,Crude,6188.52,6218.89,30.38,0.4909,2329,78041,6200,21.46,21.96,40800,37241,0.9128,INR/bbl,Dhan API v2 (Client 1112620458)
2026-04-29 13:00,2026-04-29,13,Crude,6153.94,6167.17,13.23,0.215,9582,80397,6200,21.66,22.16,41812,38585,0.9228,INR/bbl,Dhan API v2 (Client 1112620458)
2026-04-29 14:00,2026-04-29,14,Crude,6119.5,6130.85,11.35,0.1855,14410,79825,6100,22.02,22.52,40895,38930,0.952,INR/bbl,Dhan API v2 (Client 1112620458)
2026-04-29 15:00,2026-04-29,15,Crude,6115.94,6120.65,4.71,0.0771,6398,80782,6100,21.29,21.79,42414,38368,0.9046,INR/bbl,Dhan API v2 (Client 1112620458)
2026-04-29 16:00,2026-04-29,16,Crude,6089.21,6125.12,35.91,0.5897,11529,78453,6100,21.1,21.6,40792,37661,0.9232,INR/bbl,Dhan API v2 (Client 1112620458)
2026-04-29 17:00,2026-04-29,17,Crude,6060.38,6083.2,22.82,0.3765,5643,79668,6100,21.34,21.84,42121,37547,0.8914,INR/bbl,Dhan API v2 (Client 1112620458)
2026-04-29 18:00,2026-04-29,18,Crude,6048.93,6070.13,21.21,0.3506,13805,79090,6000,21.44,21.94,40817,38273,0.9377,INR/bbl,Dhan API v2 (Client 1112620458)
2026-04-29 19:00,2026-04-29,19,Crude,6043.19,6060.69,17.5,0.2897,2883,80642,6000,21.12,21.62,42083,38559,0.9163,INR/bbl,Dhan API v2 (Client 1112620458)
2026-04-29 20:00,2026-04-29,20,Crude,6079.18,6105.28,26.1,0.4294,10335,79864,6100,22.18,22.68,40841,39023,0.9555,INR/bbl,Dhan API v2 (Client 1112620458)
2026-04-29 21:00,2026-04-29,21,Crude,6082.68,6100.18,17.51,0.2878,8383,80025,6100,21.78,22.28,41689,38336,0.9196,INR/bbl,Dhan API v2 (Client 1112620458)
2026-04-29 22:00,2026-04-29,22,Crude,6079.2,6108.61,29.42,0.4839,12369,80906,6100,21.42,21.92,41955,38951,0.9284,INR/bbl,Dhan API v2 (Client 1112620458)
2026-04-29 23:00,2026-04-29,23,Crude,6089.08,6113.12,24.05,0.3949,12719,79413,6100,21.54,22.04,41171,38242,0.9289,INR/bbl,Dhan API v2 (Client 1112620458)
2026-04-30 09:00,2026-04-30,9,Crude,6088.18,6112.05,23.87,0.392,5127,79153,6100,21.4,21.9,41434,37719,0.9103,INR/bbl,Dhan API v2 (Client 1112620458)
2026-04-30 10:00,2026-04-30,10,Crude,6092.22,6120.53,28.31,0.4647,3006,81154,6100,21.7,22.2,42789,38365,0.8966,INR/bbl,Dhan API v2 (Client 1112620458)
2026-04-30 11:00,2026-04-30,11,Crude,6083.5,6129.05,45.55,0.7487,4967,81364,6100,21.21,21.71,41838,39526,0.9447,INR/bbl,Dhan API v2 (Client 1112620458)
2026-04-30 12:00,2026-04-30,12,Crude,6050.31,6075.21,24.9,0.4115,6521,78365,6100,22.01,22.51,40342,38023,0.9425,INR/bbl,Dhan API v2 (Client 1112620458)
2026-04-30 13:00,2026-04-30,13,Crude,6069.46,6109.14,39.68,0.6538,11860,79979,6100,22.1,22.6,42311,37668,0.8903,INR/bbl,Dhan API v2 (Client 1112620458)
2026-04-30 14:00,2026-04-30,14,Crude,6070.15,6077.76,7.6,0.1253,1912,78945,6100,21.53,22.03,40553,38392,0.9467,INR/bbl,Dhan API v2 (Client 1112620458)
2026-04-30 15:00,2026-04-30,15,Crude,6101.05,6118.06,17.01,0.2789,10446,79177,6100,21.46,21.96,41641,37536,0.9014,INR/bbl,Dhan API v2 (Client 1112620458)
2026-04-30 16:00,2026-04-30,16,Crude,6083.7,6106.22,22.52,0.3702,7873,80703,6100,21.9,22.4,41398,39305,0.9494,INR/bbl,Dhan API v2 (Client 1112620458)
2026-04-30 17:00,2026-04-30,17,Crude,6093.99,6129.21,35.22,0.5779,12854,78528,6100,21.45,21.95,41209,37319,0.9056,INR/bbl,Dhan API v2 (Client 1112620458)
2026-04-30 18:00,2026-04-30,18,Crude,6076.25,6106.3,30.06,0.4947,4353,79644,6100,21.95,22.45,41684,37960,0.9107,INR/bbl,Dhan API v2 (Client 1112620458)
2026-04-30 19:00,2026-04-30,19,Crude,6075.89,6113.93,38.04,0.6261,2259,80221,6100,21.22,21.72,40955,39266,0.9588,INR/bbl,Dhan API v2 (Client 1112620458)
2026-04-30 20:00,2026-04-30,20,Crude,6061.55,6092.17,30.62,0.5052,13809,79792,6100,21.98,22.48,41738,38054,0.9117,INR/bbl,Dhan API v2 (Client 1112620458)
2026-04-30 21:00,2026-04-30,21,Crude,6061.0,6087.09,26.09,0.4304,14370,79068,6100,21.19,21.69,40905,38163,0.933,INR/bbl,Dhan API v2 (Client 1112620458)
2026-04-30 22:00,2026-04-30,22,Crude,6109.96,6147.45,37.49,0.6136,10765,78802,6100,21.77,22.27,40613,38189,0.9403,INR/bbl,Dhan API v2 (Client 1112620458)
2026-04-30 23:00,2026-04-30,23,Crude,6095.18,6118.13,22.94,0.3764,3708,78608,6100,21.63,22.13,41175,37433,0.9091,INR/bbl,Dhan API v2 (Client 1112620458)
2026-05-01 09:00,2026-05-01,9,Crude,6072.17,6086.58,14.41,0.2373,9520,81167,6100,21.11,21.61,42241,38926,0.9215,INR/bbl,Dhan API v2 (Client 1112620458)
2026-05-01 10:00,2026-05-01,10,Crude,6056.74,6070.65,13.91,0.2297,9675,78384,6100,21.39,21.89,40947,37437,0.9143,INR/bbl,Dhan API v2 (Client 1112620458)
2026-05-01 11:00,2026-05-01,11,Crude,6048.53,6075.19,26.65,0.4407,8951,79887,6000,21.97,22.47,42374,37513,0.8853,INR/bbl,Dhan API v2 (Client 1112620458)
2026-05-01 12:00,2026-05-01,12,Crude,6046.46,6070.28,23.82,0.394,3572,79225,6000,21.62,22.12,41451,37774,0.9113,INR/bbl,Dhan API v2 (Client 1112620458)
2026-05-01 13:00,2026-05-01,13,Crude,6061.46,6086.22,24.77,0.4086,13412,79210,6100,21.38,21.88,41368,37842,0.9148,INR/bbl,Dhan API v2 (Client 1112620458)
2026-05-01 14:00,2026-05-01,14,Crude,6021.8,6035.03,13.23,0.2196,11796,79021,6000,22.06,22.56,41177,37844,0.9191,INR/bbl,Dhan API v2 (Client 1112620458)
2026-05-01 15:00,2026-05-01,15,Crude,6021.31,6063.73,42.41,0.7043,11756,79111,6000,21.32,21.82,41126,37985,0.9236,INR/bbl,Dhan API v2 (Client 1112620458)
2026-05-01 16:00,2026-05-01,16,Crude,6025.87,6035.16,9.3,0.1543,6979,78837,6000,21.13,21.63,41000,37837,0.9229,INR/bbl,Dhan API v2 (Client 1112620458)
2026-05-01 17:00,2026-05-01,17,Crude,6060.92,6076.95,16.03,0.2644,3554,78768,6100,21.67,22.17,40900,37868,0.9259,INR/bbl,Dhan API v2 (Client 1112620458)
2026-05-01 18:00,2026-05-01,18,Crude,6081.42,6107.72,26.3,0.4324,10173,79242,6100,22.02,22.52,42312,36930,0.8728,INR/bbl,Dhan API v2 (Client 1112620458)
2026-05-01 19:00,2026-05-01,19,Crude,6076.32,6105.48,29.15,0.4798,13259,80636,6100,21.52,22.02,42170,38466,0.9122,INR/bbl,Dhan API v2 (Client 1112620458)
2026-05-01 20:00,2026-05-01,20,Crude,6089.9,6106.63,16.74,0.2749,7639,81407,6100,21.53,22.03,42154,39253,0.9312,INR/bbl,Dhan API v2 (Client 1112620458)
2026-05-01 21:00,2026-05-01,21,Crude,6101.01,6115.79,14.78,0.2423,14880,81253,6100,21.5,22.0,42173,39080,0.9267,INR/bbl,Dhan API v2 (Client 1112620458)
2026-05-01 22:00,2026-05-01,22,Crude,6092.08,6126.95,34.87,0.5723,8197,80136,6100,21.81,22.31,40796,39340,0.9643,INR/bbl,Dhan API v2 (Client 1112620458)
2026-05-01 23:00,2026-05-01,23,Crude,6095.84,6115.01,19.17,0.3144,12521,79302,6100,21.53,22.03,41923,37379,0.8916,INR/bbl,Dhan API v2 (Client 1112620458)
2026-05-04 09:00,2026-05-04,9,Crude,6097.98,6124.55,26.56,0.4356,7167,78749,6100,21.89,22.39,40341,38408,0.9521,INR/bbl,Dhan API v2 (Client 1112620458)
2026-05-04 10:00,2026-05-04,10,Crude,6075.03,6098.51,23.48,0.3865,3498,79598,6100,21.15,21.65,40942,38656,0.9442,INR/bbl,Dhan API v2 (Client 1112620458)
2026-05-04 11:00,2026-05-04,11,Crude,6034.38,6056.68,22.3,0.3695,14607,79938,6000,21.94,22.44,41557,38381,0.9236,INR/bbl,Dhan API v2 (Client 1112620458)
2026-05-04 12:00,2026-05-04,12,Crude,6062.31,6075.96,13.66,0.2253,14484,81267,6100,20.89,21.39,42949,38318,0.8922,INR/bbl,Dhan API v2 (Client 1112620458)
2026-05-04 13:00,2026-05-04,13,Crude,6055.71,6078.73,23.02,0.3801,11847,80749,6100,21.97,22.47,41858,38891,0.9291,INR/bbl,Dhan API v2 (Client 1112620458)
2026-05-04 14:00,2026-05-04,14,Crude,6067.95,6092.77,24.82,0.409,12686,79608,6100,21.33,21.83,41175,38433,0.9334,INR/bbl,Dhan API v2 (Client 1112620458)
2026-05-04 15:00,2026-05-04,15,Crude,6090.63,6113.95,23.32,0.3828,4095,80900,6100,22.07,22.57,43159,37741,0.8745,INR/bbl,Dhan API v2 (Client 1112620458)
2026-05-04 16:00,2026-05-04,16,Crude,6079.19,6101.54,22.36,0.3677,2644,79199,6100,21.75,22.25,41298,37901,0.9177,INR/bbl,Dhan API v2 (Client 1112620458)
2026-05-04 17:00,2026-05-04,17,Crude,6099.49,6128.77,29.28,0.48,14494,78664,6100,21.75,22.25,42059,36605,0.8703,INR/bbl,Dhan API v2 (Client 1112620458)
2026-05-04 18:00,2026-05-04,18,Crude,6082.6,6108.45,25.85,0.425,12953,81718,6100,21.7,22.2,42626,39092,0.9171,INR/bbl,Dhan API v2 (Client 1112620458)
2026-05-04 19:00,2026-05-04,19,Crude,6067.42,6061.08,-6.33,-0.1044,9486,79296,6100,20.96,21.46,41688,37608,0.9021,INR/bbl,Dhan API v2 (Client 1112620458)
2026-05-04 20:00,2026-05-04,20,Crude,6082.23,6091.4,9.16,0.1507,3379,80218,6100,21.66,22.16,41868,38350,0.916,INR/bbl,Dhan API v2 (Client 1112620458)
2026-05-04 21:00,2026-05-04,21,Crude,6091.45,6096.93,5.48,0.0899,6072,80905,6100,21.38,21.88,42478,38427,0.9046,INR/bbl,Dhan API v2 (Client 1112620458)
2026-05-04 22:00,2026-05-04,22,Crude,6114.17,6142.45,28.27,0.4624,3025,79902,6100,21.54,22.04,41093,38809,0.9444,INR/bbl,Dhan API v2 (Client 1112620458)
2026-05-04 23:00,2026-05-04,23,Crude,6125.26,6140.4,15.13,0.247,5554,77980,6100,21.52,22.02,40699,37281,0.916,INR/bbl,Dhan API v2 (Client 1112620458)
2026-05-05 09:00,2026-05-05,9,Crude,6069.49,6087.38,17.89,0.2947,10346,78599,6100,21.54,22.04,41304,37295,0.9029,INR/bbl,Dhan API v2 (Client 1112620458)
2026-05-05 10:00,2026-05-05,10,Crude,6035.75,6062.0,26.25,0.4349,6403,78954,6000,21.66,22.16,41224,37730,0.9152,INR/bbl,Dhan API v2 (Client 1112620458)
2026-05-05 11:00,2026-05-05,11,Crude,6027.74,6046.16,18.41,0.3055,2890,79533,6000,21.55,22.05,41721,37812,0.9063,INR/bbl,Dhan API v2 (Client 1112620458)
2026-05-05 12:00,2026-05-05,12,Crude,6053.0,6060.77,7.77,0.1283,11199,79235,6100,22.33,22.83,41814,37421,0.8949,INR/bbl,Dhan API v2 (Client 1112620458)
2026-05-05 13:00,2026-05-05,13,Crude,6062.21,6083.29,21.08,0.3477,14546,77846,6100,21.55,22.05,40550,37296,0.9198,INR/bbl,Dhan API v2 (Client 1112620458)
2026-05-05 14:00,2026-05-05,14,Crude,6041.79,6065.71,23.93,0.396,10776,78733,6000,21.71,22.21,40822,37911,0.9287,INR/bbl,Dhan API v2 (Client 1112620458)
2026-05-05 15:00,2026-05-05,15,Crude,6025.55,6043.93,18.38,0.305,13972,79765,6000,21.86,22.36,41462,38303,0.9238,INR/bbl,Dhan API v2 (Client 1112620458)
2026-05-05 16:00,2026-05-05,16,Crude,6063.96,6081.67,17.71,0.292,3223,79100,6100,22.0,22.5,41568,37532,0.9029,INR/bbl,Dhan API v2 (Client 1112620458)
2026-05-05 17:00,2026-05-05,17,Crude,6043.11,6066.22,23.1,0.3823,9081,79576,6000,21.05,21.55,42598,36978,0.8681,INR/bbl,Dhan API v2 (Client 1112620458)
2026-05-05 18:00,2026-05-05,18,Crude,6037.97,6037.63,-0.34,-0.0056,4532,78924,6000,21.63,22.13,40872,38052,0.931,INR/bbl,Dhan API v2 (Client 1112620458)
2026-05-05 19:00,2026-05-05,19,Crude,6075.5,6110.02,34.53,0.5683,6412,79328,6100,21.55,22.05,42008,37320,0.8884,INR/bbl,Dhan API v2 (Client 1112620458)
2026-05-05 20:00,2026-05-05,20,Crude,6059.85,6092.48,32.64,0.5386,11126,79951,6100,21.71,22.21,42079,37872,0.9,INR/bbl,Dhan API v2 (Client 1112620458)
2026-05-05 21:00,2026-05-05,21,Crude,6116.51,6138.23,21.72,0.3551,5791,80514,6100,22.34,22.84,41765,38749,0.9278,INR/bbl,Dhan API v2 (Client 1112620458)
2026-05-05 22:00,2026-05-05,22,Crude,6095.36,6108.21,12.85,0.2108,5885,79473,6100,21.67,22.17,42171,37302,0.8845,INR/bbl,Dhan API v2 (Client 1112620458)
2026-05-05 23:00,2026-05-05,23,Crude,6091.84,6113.67,21.84,0.3585,12170,79504,6100,21.59,22.09,41632,37872,0.9097,INR/bbl,Dhan API v2 (Client 1112620458)
2026-05-06 09:00,2026-05-06,9,Crude,6077.03,6091.14,14.11,0.2322,11639,80728,6100,21.8,22.3,41804,38924,0.9311,INR/bbl,Dhan API v2 (Client 1112620458)
2026-05-06 10:00,2026-05-06,10,Crude,6088.87,6110.7,21.82,0.3584,14303,78848,6100,20.53,21.03,40821,38027,0.9316,INR/bbl,Dhan API v2 (Client 1112620458)
2026-05-06 11:00,2026-05-06,11,Crude,6109.96,6136.43,26.46,0.4331,11052,80897,6100,22.16,22.66,42328,38569,0.9112,INR/bbl,Dhan API v2 (Client 1112620458)
2026-05-06 12:00,2026-05-06,12,Crude,6122.4,6147.12,24.72,0.4038,8256,79869,6100,21.65,22.15,42121,37748,0.8962,INR/bbl,Dhan API v2 (Client 1112620458)
2026-05-06 13:00,2026-05-06,13,Crude,6099.69,6121.63,21.94,0.3597,13070,79871,6100,21.65,22.15,41489,38382,0.9251,INR/bbl,Dhan API v2 (Client 1112620458)
2026-05-06 14:00,2026-05-06,14,Crude,6089.02,6106.83,17.81,0.2925,5688,79538,6100,21.6,22.1,41469,38069,0.918,INR/bbl,Dhan API v2 (Client 1112620458)
2026-05-06 15:00,2026-05-06,15,Crude,6067.41,6078.9,11.49,0.1893,12785,79169,6100,22.15,22.65,41565,37604,0.9047,INR/bbl,Dhan API v2 (Client 1112620458)
2026-05-06 16:00,2026-05-06,16,Crude,6050.43,6073.23,22.8,0.3768,13153,79685,6100,21.79,22.29,40761,38924,0.9549,INR/bbl,Dhan API v2 (Client 1112620458)
2026-05-06 17:00,2026-05-06,17,Crude,6057.6,6055.05,-2.54,-0.042,7044,79222,6100,21.62,22.12,39821,39401,0.9895,INR/bbl,Dhan API v2 (Client 1112620458)
2026-05-06 18:00,2026-05-06,18,Crude,6032.93,6048.46,15.53,0.2574,7593,79236,6000,21.5,22.0,41177,38059,0.9243,INR/bbl,Dhan API v2 (Client 1112620458)
2026-05-06 19:00,2026-05-06,19,Crude,6018.9,6040.77,21.86,0.3633,9989,79202,6000,21.6,22.1,40896,38306,0.9367,INR/bbl,Dhan API v2 (Client 1112620458)
2026-05-06 20:00,2026-05-06,20,Crude,6027.78,6060.2,32.41,0.5377,4844,82067,6000,21.57,22.07,43117,38950,0.9034,INR/bbl,Dhan API v2 (Client 1112620458)
2026-05-06 21:00,2026-05-06,21,Crude,5988.97,6006.89,17.92,0.2992,7439,80162,6000,21.58,22.08,41558,38604,0.9289,INR/bbl,Dhan API v2 (Client 1112620458)
2026-05-06 22:00,2026-05-06,22,Crude,5982.22,5998.21,15.99,0.2674,3151,78509,6000,21.44,21.94,40606,37903,0.9334,INR/bbl,Dhan API v2 (Client 1112620458)
2026-05-06 23:00,2026-05-06,23,Crude,5985.46,6008.7,23.24,0.3883,3800,80475,6000,21.59,22.09,42180,38295,0.9079,INR/bbl,Dhan API v2 (Client 1112620458)
2026-05-07 09:00,2026-05-07,9,Crude,5997.45,6005.53,8.08,0.1348,5222,81422,6000,21.61,22.11,42946,38476,0.8959,INR/bbl,Dhan API v2 (Client 1112620458)
2026-05-07 10:00,2026-05-07,10,Crude,6002.22,6019.24,17.02,0.2835,5611,81399,6000,21.21,21.71,42296,39103,0.9245,INR/bbl,Dhan API v2 (Client 1112620458)
2026-05-07 11:00,2026-05-07,11,Crude,5993.58,6006.6,13.02,0.2173,2434,79396,6000,21.7,22.2,41962,37434,0.8921,INR/bbl,Dhan API v2 (Client 1112620458)
2026-05-07 12:00,2026-05-07,12,Crude,6009.31,6022.05,12.74,0.2119,3381,79455,6000,21.58,22.08,42342,37113,0.8765,INR/bbl,Dhan API v2 (Client 1112620458)
2026-05-07 13:00,2026-05-07,13,Crude,6015.49,6033.36,17.87,0.297,2490,79701,6000,21.63,22.13,41171,38530,0.9359,INR/bbl,Dhan API v2 (Client 1112620458)
2026-05-07 14:00,2026-05-07,14,Crude,6047.08,6072.84,25.76,0.426,3084,80102,6000,21.44,21.94,42086,38016,0.9033,INR/bbl,Dhan API v2 (Client 1112620458)
2026-05-07 15:00,2026-05-07,15,Crude,6040.85,6046.85,6.0,0.0994,10145,79606,6000,21.79,22.29,41394,38212,0.9231,INR/bbl,Dhan API v2 (Client 1112620458)
2026-05-07 16:00,2026-05-07,16,Crude,6042.97,6057.73,14.76,0.2442,8559,79688,6000,21.32,21.82,41163,38525,0.9359,INR/bbl,Dhan API v2 (Client 1112620458)
2026-05-07 17:00,2026-05-07,17,Crude,6042.0,6066.3,24.3,0.4022,5566,78830,6000,21.89,22.39,40637,38193,0.9399,INR/bbl,Dhan API v2 (Client 1112620458)
2026-05-07 18:00,2026-05-07,18,Crude,6047.32,6055.02,7.7,0.1273,12973,79135,6000,21.62,22.12,40985,38150,0.9308,INR/bbl,Dhan API v2 (Client 1112620458)
2026-05-07 19:00,2026-05-07,19,Crude,6074.61,6089.3,14.69,0.2418,3608,79098,6100,21.62,22.12,41002,38096,0.9291,INR/bbl,Dhan API v2 (Client 1112620458)
2026-05-07 20:00,2026-05-07,20,Crude,6103.71,6125.1,21.39,0.3504,12798,79599,6100,21.8,22.3,41709,37890,0.9084,INR/bbl,Dhan API v2 (Client 1112620458)
2026-05-07 21:00,2026-05-07,21,Crude,6080.25,6110.06,29.81,0.4903,3421,79629,6100,21.57,22.07,40298,39331,0.976,INR/bbl,Dhan API v2 (Client 1112620458)
2026-05-07 22:00,2026-05-07,22,Crude,6061.89,6087.7,25.81,0.4258,12065,79405,6100,21.34,21.84,41285,38120,0.9233,INR/bbl,Dhan API v2 (Client 1112620458)
2026-05-07 23:00,2026-05-07,23,Crude,6034.62,6050.13,15.51,0.2569,11691,80762,6000,22.44,22.94,42674,38088,0.8925,INR/bbl,Dhan API v2 (Client 1112620458)
2026-05-08 09:00,2026-05-08,9,Crude,5984.07,5983.89,-0.17,-0.0029,6547,79101,6000,21.76,22.26,41104,37997,0.9244,INR/bbl,Dhan API v2 (Client 1112620458)
2026-05-08 10:00,2026-05-08,10,Crude,5995.66,6015.12,19.47,0.3247,533,79024,6000,21.68,22.18,41028,37996,0.9261,INR/bbl,Dhan API v2 (Client 1112620458)
2026-05-08 11:00,2026-05-08,11,Crude,5977.0,5983.08,6.08,0.1017,12441,80000,6000,21.75,22.25,41789,38211,0.9144,INR/bbl,Dhan API v2 (Client 1112620458)
2026-05-08 12:00,2026-05-08,12,Crude,5995.89,6024.72,28.83,0.4808,4909,80150,6000,21.51,22.01,41982,38168,0.9092,INR/bbl,Dhan API v2 (Client 1112620458)
2026-05-08 13:00,2026-05-08,13,Crude,6065.91,6093.09,27.19,0.4482,5606,80374,6100,21.53,22.03,42656,37718,0.8842,INR/bbl,Dhan API v2 (Client 1112620458)
2026-05-08 14:00,2026-05-08,14,Crude,6049.37,6066.59,17.21,0.2845,11125,79320,6000,21.12,21.62,42049,37271,0.8864,INR/bbl,Dhan API v2 (Client 1112620458)
2026-05-08 15:00,2026-05-08,15,Crude,6105.06,6125.08,20.02,0.328,6370,79700,6100,21.69,22.19,40802,38898,0.9533,INR/bbl,Dhan API v2 (Client 1112620458)
2026-05-08 16:00,2026-05-08,16,Crude,6102.9,6124.5,21.6,0.354,14329,80390,6100,21.53,22.03,42136,38254,0.9079,INR/bbl,Dhan API v2 (Client 1112620458)
2026-05-08 17:00,2026-05-08,17,Crude,6125.6,6143.08,17.48,0.2854,14005,78877,6100,21.58,22.08,41809,37068,0.8866,INR/bbl,Dhan API v2 (Client 1112620458)
2026-05-08 18:00,2026-05-08,18,Crude,6114.13,6142.13,28.0,0.458,9962,80235,6100,21.75,22.25,42599,37636,0.8835,INR/bbl,Dhan API v2 (Client 1112620458)
2026-05-08 19:00,2026-05-08,19,Crude,6112.13,6138.69,26.56,0.4346,5143,79286,6100,21.4,21.9,41751,37535,0.899,INR/bbl,Dhan API v2 (Client 1112620458)
2026-05-08 20:00,2026-05-08,20,Crude,6099.97,6106.1,6.13,0.1005,8782,79854,6100,21.63,22.13,41961,37893,0.9031,INR/bbl,Dhan API v2 (Client 1112620458)
2026-05-08 21:00,2026-05-08,21,Crude,6119.08,6131.18,12.11,0.1978,10406,78565,6100,20.64,21.14,40735,37830,0.9287,INR/bbl,Dhan API v2 (Client 1112620458)
2026-05-08 22:00,2026-05-08,22,Crude,6145.66,6163.47,17.81,0.2898,1285,80302,6100,21.72,22.22,42148,38154,0.9052,INR/bbl,Dhan API v2 (Client 1112620458)
2026-05-08 23:00,2026-05-08,23,Crude,6148.92,6164.84,15.92,0.2589,14388,79477,6100,21.66,22.16,42050,37427,0.8901,INR/bbl,Dhan API v2 (Client 1112620458)
2026-05-11 09:00,2026-05-11,9,Crude,6076.56,6094.82,18.26,0.3005,7913,79999,6100,21.76,22.26,42065,37934,0.9018,INR/bbl,Dhan API v2 (Client 1112620458)
2026-05-11 10:00,2026-05-11,10,Crude,6083.75,6087.85,4.1,0.0675,1834,80130,6100,21.37,21.87,41804,38326,0.9168,INR/bbl,Dhan API v2 (Client 1112620458)
2026-05-11 11:00,2026-05-11,11,Crude,6082.2,6100.07,17.87,0.2938,7648,79234,6100,21.28,21.78,41954,37280,0.8886,INR/bbl,Dhan API v2 (Client 1112620458)
2026-05-11 12:00,2026-05-11,12,Crude,6046.78,6057.73,10.94,0.181,7980,79801,6000,21.48,21.98,41305,38496,0.932,INR/bbl,Dhan API v2 (Client 1112620458)
2026-05-11 13:00,2026-05-11,13,Crude,6027.17,6039.79,12.62,0.2094,829,79111,6000,21.87,22.37,41085,38026,0.9255,INR/bbl,Dhan API v2 (Client 1112620458)
2026-05-11 14:00,2026-05-11,14,Crude,6041.31,6072.99,31.68,0.5244,5400,79831,6000,21.68,22.18,41746,38085,0.9123,INR/bbl,Dhan API v2 (Client 1112620458)
2026-05-11 15:00,2026-05-11,15,Crude,6085.36,6100.08,14.72,0.2419,6113,79126,6100,21.37,21.87,41187,37939,0.9211,INR/bbl,Dhan API v2 (Client 1112620458)
2026-05-11 16:00,2026-05-11,16,Crude,6144.49,6164.68,20.2,0.3287,10548,79630,6100,21.48,21.98,41250,38380,0.9304,INR/bbl,Dhan API v2 (Client 1112620458)
2026-05-11 17:00,2026-05-11,17,Crude,6152.62,6159.29,6.68,0.1085,8706,80771,6200,21.79,22.29,42044,38727,0.9211,INR/bbl,Dhan API v2 (Client 1112620458)
2026-05-11 18:00,2026-05-11,18,Crude,6136.62,6149.39,12.78,0.2082,1421,78212,6100,21.69,22.19,40667,37545,0.9232,INR/bbl,Dhan API v2 (Client 1112620458)
2026-05-11 19:00,2026-05-11,19,Crude,6170.09,6164.04,-6.05,-0.098,7652,78017,6200,21.28,21.78,40774,37243,0.9134,INR/bbl,Dhan API v2 (Client 1112620458)
2026-05-11 20:00,2026-05-11,20,Crude,6174.76,6191.13,16.37,0.2651,7874,77878,6200,21.8,22.3,40836,37042,0.9071,INR/bbl,Dhan API v2 (Client 1112620458)
2026-05-11 21:00,2026-05-11,21,Crude,6179.23,6202.89,23.67,0.383,9118,79938,6200,21.54,22.04,41774,38164,0.9136,INR/bbl,Dhan API v2 (Client 1112620458)
2026-05-11 22:00,2026-05-11,22,Crude,6167.32,6180.23,12.91,0.2093,5300,78314,6200,21.03,21.53,41061,37253,0.9073,INR/bbl,Dhan API v2 (Client 1112620458)
2026-05-11 23:00,2026-05-11,23,Crude,6147.5,6170.52,23.02,0.3745,12419,79498,6100,21.9,22.4,41138,38360,0.9325,INR/bbl,Dhan API v2 (Client 1112620458)
2026-05-12 09:00,2026-05-12,9,Crude,6187.44,6190.14,2.7,0.0437,11090,80598,6200,22.05,22.55,42232,38366,0.9085,INR/bbl,Dhan API v2 (Client 1112620458)
2026-05-12 10:00,2026-05-12,10,Crude,6212.32,6229.09,16.77,0.2699,6244,79668,6200,21.5,22.0,41442,38226,0.9224,INR/bbl,Dhan API v2 (Client 1112620458)
2026-05-12 11:00,2026-05-12,11,Crude,6192.61,6205.37,12.76,0.2061,4621,79815,6200,22.49,22.99,41788,38027,0.91,INR/bbl,Dhan API v2 (Client 1112620458)
2026-05-12 12:00,2026-05-12,12,Crude,6174.19,6199.83,25.63,0.4152,11320,78467,6200,21.25,21.75,40584,37883,0.9334,INR/bbl,Dhan API v2 (Client 1112620458)
2026-05-12 13:00,2026-05-12,13,Crude,6210.48,6210.41,-0.07,-0.0012,8531,80377,6200,21.62,22.12,41935,38442,0.9167,INR/bbl,Dhan API v2 (Client 1112620458)
2026-05-12 14:00,2026-05-12,14,Crude,6240.8,6239.86,-0.95,-0.0152,14873,78848,6200,21.62,22.12,40840,38008,0.9307,INR/bbl,Dhan API v2 (Client 1112620458)
2026-05-12 15:00,2026-05-12,15,Crude,6227.93,6245.17,17.24,0.2768,11375,79121,6200,21.76,22.26,41075,38046,0.9263,INR/bbl,Dhan API v2 (Client 1112620458)
2026-05-12 16:00,2026-05-12,16,Crude,6277.27,6291.5,14.23,0.2267,13679,78933,6300,21.33,21.83,41317,37616,0.9104,INR/bbl,Dhan API v2 (Client 1112620458)
2026-05-12 17:00,2026-05-12,17,Crude,6313.81,6341.91,28.1,0.445,6947,80625,6300,21.51,22.01,42313,38312,0.9054,INR/bbl,Dhan API v2 (Client 1112620458)
2026-05-12 18:00,2026-05-12,18,Crude,6336.34,6353.89,17.55,0.277,3596,81249,6300,21.66,22.16,42687,38562,0.9034,INR/bbl,Dhan API v2 (Client 1112620458)
2026-05-12 19:00,2026-05-12,19,Crude,6357.9,6376.24,18.34,0.2885,6849,78233,6400,21.62,22.12,41078,37155,0.9045,INR/bbl,Dhan API v2 (Client 1112620458)
2026-05-12 20:00,2026-05-12,20,Crude,6371.25,6382.33,11.08,0.1739,5515,79214,6400,21.56,22.06,41030,38184,0.9306,INR/bbl,Dhan API v2 (Client 1112620458)
2026-05-12 21:00,2026-05-12,21,Crude,6353.64,6372.59,18.95,0.2983,4548,78825,6400,21.42,21.92,41201,37624,0.9132,INR/bbl,Dhan API v2 (Client 1112620458)
2026-05-12 22:00,2026-05-12,22,Crude,6315.54,6330.12,14.58,0.2309,12467,79135,6300,21.47,21.97,40675,38460,0.9455,INR/bbl,Dhan API v2 (Client 1112620458)
2026-05-12 23:00,2026-05-12,23,Crude,6292.12,6292.46,0.33,0.0053,12297,81957,6300,21.66,22.16,42507,39450,0.9281,INR/bbl,Dhan API v2 (Client 1112620458)
2026-05-13 09:00,2026-05-13,9,Crude,6325.97,6336.96,10.99,0.1737,2432,79126,6300,21.45,21.95,41028,38098,0.9286,INR/bbl,Dhan API v2 (Client 1112620458)
2026-05-13 10:00,2026-05-13,10,Crude,6338.04,6349.59,11.55,0.1822,13858,79821,6300,21.79,22.29,40875,38946,0.9528,INR/bbl,Dhan API v2 (Client 1112620458)
2026-05-13 11:00,2026-05-13,11,Crude,6347.6,6346.67,-0.93,-0.0146,6007,80188,6300,21.79,22.29,41486,38702,0.9329,INR/bbl,Dhan API v2 (Client 1112620458)
2026-05-13 12:00,2026-05-13,12,Crude,6350.1,6374.13,24.02,0.3783,14702,78204,6400,21.53,22.03,40439,37765,0.9339,INR/bbl,Dhan API v2 (Client 1112620458)
2026-05-13 13:00,2026-05-13,13,Crude,6340.67,6344.78,4.11,0.0649,1305,78232,6300,21.48,21.98,40727,37505,0.9209,INR/bbl,Dhan API v2 (Client 1112620458)
2026-05-13 14:00,2026-05-13,14,Crude,6351.52,6366.57,15.05,0.2369,9365,78674,6400,21.7,22.2,41750,36924,0.8844,INR/bbl,Dhan API v2 (Client 1112620458)
2026-05-13 15:00,2026-05-13,15,Crude,6330.65,6346.0,15.36,0.2426,6603,79541,6300,21.52,22.02,41474,38067,0.9179,INR/bbl,Dhan API v2 (Client 1112620458)
2026-05-13 16:00,2026-05-13,16,Crude,6316.87,6329.75,12.88,0.2038,2557,78749,6300,21.27,21.77,41401,37348,0.9021,INR/bbl,Dhan API v2 (Client 1112620458)
2026-05-13 17:00,2026-05-13,17,Crude,6285.43,6297.69,12.26,0.195,4019,79562,6300,21.35,21.85,41378,38184,0.9228,INR/bbl,Dhan API v2 (Client 1112620458)
2026-05-13 18:00,2026-05-13,18,Crude,6324.02,6345.83,21.81,0.3449,2934,78496,6300,21.63,22.13,41741,36755,0.8805,INR/bbl,Dhan API v2 (Client 1112620458)
2026-05-13 19:00,2026-05-13,19,Crude,6330.16,6348.29,18.13,0.2864,6975,77777,6300,21.32,21.82,40046,37731,0.9422,INR/bbl,Dhan API v2 (Client 1112620458)
2026-05-13 20:00,2026-05-13,20,Crude,6355.94,6369.71,13.77,0.2166,3598,79557,6400,21.58,22.08,41657,37900,0.9098,INR/bbl,Dhan API v2 (Client 1112620458)
2026-05-13 21:00,2026-05-13,21,Crude,6372.26,6376.79,4.53,0.0711,3143,80413,6400,21.21,21.71,42040,38373,0.9128,INR/bbl,Dhan API v2 (Client 1112620458)
2026-05-13 22:00,2026-05-13,22,Crude,6367.27,6379.76,12.49,0.1962,13822,77782,6400,21.34,21.84,40359,37423,0.9273,INR/bbl,Dhan API v2 (Client 1112620458)
2026-05-13 23:00,2026-05-13,23,Crude,6365.46,6368.61,3.15,0.0495,5304,81058,6400,21.31,21.81,42117,38941,0.9246,INR/bbl,Dhan API v2 (Client 1112620458)
2026-05-14 09:00,2026-05-14,9,Crude,6359.55,6365.83,6.28,0.0988,4431,79097,6400,21.69,22.19,40891,38206,0.9343,INR/bbl,Dhan API v2 (Client 1112620458)
2026-05-14 10:00,2026-05-14,10,Crude,6361.13,6385.99,24.87,0.3909,8889,78629,6400,21.84,22.34,40541,38088,0.9395,INR/bbl,Dhan API v2 (Client 1112620458)
2026-05-14 11:00,2026-05-14,11,Crude,6351.02,6358.29,7.28,0.1146,2255,79607,6400,20.94,21.44,41441,38166,0.921,INR/bbl,Dhan API v2 (Client 1112620458)
2026-05-14 12:00,2026-05-14,12,Crude,6331.14,6358.08,26.94,0.4255,10004,78704,6300,21.3,21.8,40365,38339,0.9498,INR/bbl,Dhan API v2 (Client 1112620458)
2026-05-14 13:00,2026-05-14,13,Crude,6345.77,6363.96,18.18,0.2865,13813,79399,6300,21.62,22.12,41146,38253,0.9297,INR/bbl,Dhan API v2 (Client 1112620458)
2026-05-14 14:00,2026-05-14,14,Crude,6327.31,6341.38,14.06,0.2223,5264,80713,6300,21.42,21.92,42432,38281,0.9022,INR/bbl,Dhan API v2 (Client 1112620458)
2026-05-14 15:00,2026-05-14,15,Crude,6290.86,6299.76,8.89,0.1414,8563,79574,6300,21.85,22.35,41547,38027,0.9153,INR/bbl,Dhan API v2 (Client 1112620458)
2026-05-14 16:00,2026-05-14,16,Crude,6256.57,6273.35,16.78,0.2682,13952,80531,6300,22.27,22.77,42597,37934,0.8905,INR/bbl,Dhan API v2 (Client 1112620458)
2026-05-14 17:00,2026-05-14,17,Crude,6275.35,6281.4,6.05,0.0963,5768,80274,6300,21.81,22.31,41771,38503,0.9218,INR/bbl,Dhan API v2 (Client 1112620458)
2026-05-14 18:00,2026-05-14,18,Crude,6265.87,6284.99,19.13,0.3053,10726,80537,6300,21.81,22.31,41861,38676,0.9239,INR/bbl,Dhan API v2 (Client 1112620458)
2026-05-14 19:00,2026-05-14,19,Crude,6233.46,6241.1,7.64,0.1226,13146,79923,6200,21.62,22.12,40883,39040,0.9549,INR/bbl,Dhan API v2 (Client 1112620458)
2026-05-14 20:00,2026-05-14,20,Crude,6250.85,6268.6,17.75,0.284,13971,79261,6300,21.47,21.97,41110,38151,0.928,INR/bbl,Dhan API v2 (Client 1112620458)
2026-05-14 21:00,2026-05-14,21,Crude,6245.05,6263.66,18.62,0.2981,1788,79046,6200,21.76,22.26,40908,38138,0.9323,INR/bbl,Dhan API v2 (Client 1112620458)
2026-05-14 22:00,2026-05-14,22,Crude,6257.0,6275.1,18.1,0.2893,2830,80322,6300,21.22,21.72,41767,38555,0.9231,INR/bbl,Dhan API v2 (Client 1112620458)
2026-05-14 23:00,2026-05-14,23,Crude,6286.86,6294.0,7.15,0.1137,5195,78161,6300,21.59,22.09,40720,37441,0.9195,INR/bbl,Dhan API v2 (Client 1112620458)
2026-05-15 09:00,2026-05-15,9,Crude,6258.24,6273.15,14.92,0.2383,7077,80069,6300,21.7,22.2,41118,38951,0.9473,INR/bbl,Dhan API v2 (Client 1112620458)
2026-05-15 10:00,2026-05-15,10,Crude,6299.61,6329.06,29.44,0.4674,7916,79595,6300,21.81,22.31,41553,38042,0.9155,INR/bbl,Dhan API v2 (Client 1112620458)
2026-05-15 11:00,2026-05-15,11,Crude,6298.44,6310.57,12.14,0.1927,2394,80230,6300,21.46,21.96,41889,38341,0.9153,INR/bbl,Dhan API v2 (Client 1112620458)
2026-05-15 12:00,2026-05-15,12,Crude,6280.3,6309.23,28.93,0.4607,7625,79104,6300,21.51,22.01,41448,37656,0.9085,INR/bbl,Dhan API v2 (Client 1112620458)
2026-05-15 13:00,2026-05-15,13,Crude,6208.88,6236.61,27.72,0.4465,4399,79620,6200,21.67,22.17,41490,38130,0.919,INR/bbl,Dhan API v2 (Client 1112620458)
2026-05-15 14:00,2026-05-15,14,Crude,6169.11,6182.95,13.84,0.2244,1612,79187,6200,22.38,22.88,41222,37965,0.921,INR/bbl,Dhan API v2 (Client 1112620458)
2026-05-15 15:00,2026-05-15,15,Crude,6227.62,6231.89,4.27,0.0686,13838,80532,6200,20.98,21.48,41827,38705,0.9254,INR/bbl,Dhan API v2 (Client 1112620458)
2026-05-15 16:00,2026-05-15,16,Crude,6218.83,6237.49,18.66,0.3001,6144,80680,6200,21.89,22.39,41715,38965,0.9341,INR/bbl,Dhan API v2 (Client 1112620458)
2026-05-15 17:00,2026-05-15,17,Crude,6204.27,6221.76,17.49,0.2819,11145,79174,6200,21.75,22.25,41705,37469,0.8984,INR/bbl,Dhan API v2 (Client 1112620458)
2026-05-15 18:00,2026-05-15,18,Crude,6208.01,6236.76,28.75,0.4631,1565,81332,6200,22.4,22.9,42039,39293,0.9347,INR/bbl,Dhan API v2 (Client 1112620458)
2026-05-15 19:00,2026-05-15,19,Crude,6215.77,6229.18,13.4,0.2156,5976,79319,6200,21.71,22.21,41170,38149,0.9266,INR/bbl,Dhan API v2 (Client 1112620458)
2026-05-15 20:00,2026-05-15,20,Crude,6224.77,6256.5,31.73,0.5098,6146,79163,6200,21.56,22.06,41067,38096,0.9277,INR/bbl,Dhan API v2 (Client 1112620458)
2026-05-15 21:00,2026-05-15,21,Crude,6210.53,6214.99,4.47,0.0719,9943,80458,6200,21.44,21.94,42007,38451,0.9153,INR/bbl,Dhan API v2 (Client 1112620458)
2026-05-15 22:00,2026-05-15,22,Crude,6219.65,6219.76,0.11,0.0017,650,80143,6200,21.16,21.66,41139,39004,0.9481,INR/bbl,Dhan API v2 (Client 1112620458)
2026-05-15 23:00,2026-05-15,23,Crude,6190.9,6197.13,6.23,0.1007,7561,79912,6200,21.85,22.35,42733,37179,0.87,INR/bbl,Dhan API v2 (Client 1112620458)
2026-05-18 09:00,2026-05-18,9,Crude,6203.49,6212.87,9.38,0.1512,7389,80334,6200,21.37,21.87,41292,39042,0.9455,INR/bbl,Dhan API v2 (Client 1112620458)
2026-05-18 10:00,2026-05-18,10,Crude,6206.72,6213.07,6.35,0.1024,13423,78878,6200,22.05,22.55,41274,37604,0.9111,INR/bbl,Dhan API v2 (Client 1112620458)
2026-05-18 11:00,2026-05-18,11,Crude,6165.3,6176.89,11.6,0.1881,8513,79650,6200,21.61,22.11,42056,37594,0.8939,INR/bbl,Dhan API v2 (Client 1112620458)
2026-05-18 12:00,2026-05-18,12,Crude,6143.79,6157.16,13.37,0.2176,11604,78641,6100,21.93,22.43,41190,37451,0.9092,INR/bbl,Dhan API v2 (Client 1112620458)
2026-05-18 13:00,2026-05-18,13,Crude,6156.79,6162.33,5.54,0.0899,9856,79687,6200,21.72,22.22,40999,38688,0.9436,INR/bbl,Dhan API v2 (Client 1112620458)
2026-05-18 14:00,2026-05-18,14,Crude,6153.01,6143.71,-9.3,-0.1512,4149,79685,6200,21.92,22.42,40760,38925,0.955,INR/bbl,Dhan API v2 (Client 1112620458)
2026-05-18 15:00,2026-05-18,15,Crude,6148.63,6162.71,14.08,0.2289,5132,79712,6100,21.25,21.75,40723,38989,0.9574,INR/bbl,Dhan API v2 (Client 1112620458)
2026-05-18 16:00,2026-05-18,16,Crude,6100.48,6115.54,15.06,0.2468,4351,78527,6100,21.39,21.89,41147,37380,0.9085,INR/bbl,Dhan API v2 (Client 1112620458)
2026-05-18 17:00,2026-05-18,17,Crude,6075.19,6090.06,14.87,0.2448,3191,79082,6100,21.14,21.64,40256,38826,0.9645,INR/bbl,Dhan API v2 (Client 1112620458)
2026-05-18 18:00,2026-05-18,18,Crude,6063.35,6084.78,21.43,0.3534,3355,79507,6100,21.06,21.56,42420,37087,0.8743,INR/bbl,Dhan API v2 (Client 1112620458)
2026-05-18 19:00,2026-05-18,19,Crude,6022.88,6045.1,22.22,0.3689,14364,80049,6000,21.37,21.87,40674,39375,0.9681,INR/bbl,Dhan API v2 (Client 1112620458)
2026-05-18 20:00,2026-05-18,20,Crude,6046.04,6058.13,12.09,0.1999,2783,79138,6000,21.55,22.05,41185,37953,0.9215,INR/bbl,Dhan API v2 (Client 1112620458)
2026-05-18 21:00,2026-05-18,21,Crude,6072.74,6067.03,-5.71,-0.094,4780,80034,6100,21.61,22.11,41247,38787,0.9404,INR/bbl,Dhan API v2 (Client 1112620458)
2026-05-18 22:00,2026-05-18,22,Crude,6078.15,6106.52,28.37,0.4667,8062,79178,6100,21.46,21.96,41431,37747,0.9111,INR/bbl,Dhan API v2 (Client 1112620458)
2026-05-18 23:00,2026-05-18,23,Crude,6064.41,6077.81,13.39,0.2208,2383,79748,6100,21.27,21.77,42340,37408,0.8835,INR/bbl,Dhan API v2 (Client 1112620458)
2026-05-19 09:00,2026-05-19,9,Crude,6031.77,6042.83,11.06,0.1833,12740,78837,6000,21.74,22.24,40829,38008,0.9309,INR/bbl,Dhan API v2 (Client 1112620458)
2026-05-19 10:00,2026-05-19,10,Crude,6054.89,6077.64,22.75,0.3757,11971,79415,6100,22.15,22.65,41127,38288,0.931,INR/bbl,Dhan API v2 (Client 1112620458)
2026-05-19 11:00,2026-05-19,11,Crude,6090.14,6089.19,-0.95,-0.0156,11259,78722,6100,21.3,21.8,40251,38471,0.9558,INR/bbl,Dhan API v2 (Client 1112620458)
2026-05-19 12:00,2026-05-19,12,Crude,6037.49,6040.87,3.38,0.0559,896,80858,6000,21.25,21.75,42058,38800,0.9225,INR/bbl,Dhan API v2 (Client 1112620458)
2026-05-19 13:00,2026-05-19,13,Crude,6007.18,6002.66,-4.52,-0.0752,9964,80091,6000,22.07,22.57,42088,38003,0.9029,INR/bbl,Dhan API v2 (Client 1112620458)
2026-05-19 14:00,2026-05-19,14,Crude,5947.86,5959.12,11.26,0.1893,868,78296,5900,21.89,22.39,41024,37272,0.9085,INR/bbl,Dhan API v2 (Client 1112620458)
2026-05-19 15:00,2026-05-19,15,Crude,5936.14,5944.34,8.21,0.1382,5613,78782,5900,21.92,22.42,40787,37995,0.9315,INR/bbl,Dhan API v2 (Client 1112620458)
2026-05-19 16:00,2026-05-19,16,Crude,5978.96,5986.48,7.53,0.1259,1616,81254,6000,20.98,21.48,41938,39316,0.9375,INR/bbl,Dhan API v2 (Client 1112620458)
2026-05-19 17:00,2026-05-19,17,Crude,5936.35,5968.28,31.93,0.5379,14880,78951,5900,21.53,22.03,42242,36709,0.869,INR/bbl,Dhan API v2 (Client 1112620458)
2026-05-19 18:00,2026-05-19,18,Crude,5934.35,5954.53,20.18,0.3401,1054,79907,5900,21.83,22.33,42204,37703,0.8934,INR/bbl,Dhan API v2 (Client 1112620458)
2026-05-19 19:00,2026-05-19,19,Crude,5955.36,5975.88,20.52,0.3446,11469,81053,6000,21.3,21.8,42367,38686,0.9131,INR/bbl,Dhan API v2 (Client 1112620458)
2026-05-19 20:00,2026-05-19,20,Crude,5932.1,5929.08,-3.01,-0.0508,1601,78100,5900,21.97,22.47,41149,36951,0.898,INR/bbl,Dhan API v2 (Client 1112620458)
2026-05-19 21:00,2026-05-19,21,Crude,5917.35,5921.43,4.08,0.0689,14937,79794,5900,22.15,22.65,41765,38029,0.9105,INR/bbl,Dhan API v2 (Client 1112620458)
2026-05-19 22:00,2026-05-19,22,Crude,5918.14,5934.47,16.33,0.276,8108,77943,5900,22.37,22.87,41028,36915,0.8998,INR/bbl,Dhan API v2 (Client 1112620458)
2026-05-19 23:00,2026-05-19,23,Crude,5923.4,5932.33,8.93,0.1508,6960,79557,5900,21.58,22.08,41719,37838,0.907,INR/bbl,Dhan API v2 (Client 1112620458)
2026-05-20 09:00,2026-05-20,9,Crude,5936.39,5964.88,28.49,0.48,14874,78952,5900,21.56,22.06,41565,37387,0.8995,INR/bbl,Dhan API v2 (Client 1112620458)
2026-05-20 10:00,2026-05-20,10,Crude,5943.69,5950.67,6.98,0.1174,8673,79698,5900,21.44,21.94,40518,39180,0.967,INR/bbl,Dhan API v2 (Client 1112620458)
2026-05-20 11:00,2026-05-20,11,Crude,5967.3,5979.65,12.35,0.2069,3479,80919,6000,21.5,22.0,42532,38387,0.9025,INR/bbl,Dhan API v2 (Client 1112620458)
2026-05-20 12:00,2026-05-20,12,Crude,5935.86,5946.61,10.75,0.181,14956,78705,5900,21.9,22.4,41088,37617,0.9155,INR/bbl,Dhan API v2 (Client 1112620458)
2026-05-20 13:00,2026-05-20,13,Crude,5931.71,5940.87,9.16,0.1545,3794,79485,5900,21.57,22.07,41549,37936,0.913,INR/bbl,Dhan API v2 (Client 1112620458)
2026-05-20 14:00,2026-05-20,14,Crude,5926.25,5936.91,10.66,0.1799,12095,79375,5900,21.99,22.49,41841,37534,0.8971,INR/bbl,Dhan API v2 (Client 1112620458)
2026-05-20 15:00,2026-05-20,15,Crude,5918.38,5922.68,4.31,0.0728,7547,79294,5900,21.96,22.46,40473,38821,0.9592,INR/bbl,Dhan API v2 (Client 1112620458)
2026-05-20 16:00,2026-05-20,16,Crude,5915.65,5919.82,4.17,0.0705,2392,80244,5900,22.22,22.72,41519,38725,0.9327,INR/bbl,Dhan API v2 (Client 1112620458)
2026-05-20 17:00,2026-05-20,17,Crude,5874.44,5875.54,1.1,0.0188,6407,78954,5900,21.3,21.8,41864,37090,0.886,INR/bbl,Dhan API v2 (Client 1112620458)
2026-05-20 18:00,2026-05-20,18,Crude,5843.63,5844.49,0.86,0.0146,12669,79568,5800,21.93,22.43,42009,37559,0.8941,INR/bbl,Dhan API v2 (Client 1112620458)
2026-05-20 19:00,2026-05-20,19,Crude,5838.75,5844.5,5.75,0.0985,11654,78433,5800,21.57,22.07,40465,37968,0.9383,INR/bbl,Dhan API v2 (Client 1112620458)
2026-05-20 20:00,2026-05-20,20,Crude,5822.27,5834.27,12.0,0.2061,10357,79420,5800,21.69,22.19,41946,37474,0.8934,INR/bbl,Dhan API v2 (Client 1112620458)
2026-05-20 21:00,2026-05-20,21,Crude,5798.87,5822.51,23.64,0.4076,2121,78744,5800,21.74,22.24,41140,37604,0.914,INR/bbl,Dhan API v2 (Client 1112620458)
2026-05-20 22:00,2026-05-20,22,Crude,5779.36,5779.47,0.11,0.002,11415,79281,5800,21.8,22.3,40396,38885,0.9626,INR/bbl,Dhan API v2 (Client 1112620458)
2026-05-20 23:00,2026-05-20,23,Crude,5799.31,5820.54,21.23,0.3661,7918,81377,5800,21.6,22.1,42813,38564,0.9008,INR/bbl,Dhan API v2 (Client 1112620458)
2026-05-21 09:00,2026-05-21,9,Crude,5813.33,5827.5,14.17,0.2438,11015,79608,5800,21.56,22.06,41681,37927,0.9099,INR/bbl,Dhan API v2 (Client 1112620458)
2026-05-21 10:00,2026-05-21,10,Crude,5785.26,5785.53,0.27,0.0047,6806,78787,5800,21.1,21.6,41598,37189,0.894,INR/bbl,Dhan API v2 (Client 1112620458)
2026-05-21 11:00,2026-05-21,11,Crude,5783.69,5786.46,2.78,0.048,12476,79429,5800,21.32,21.82,42271,37158,0.879,INR/bbl,Dhan API v2 (Client 1112620458)
2026-05-21 12:00,2026-05-21,12,Crude,5803.99,5793.83,-10.16,-0.175,7118,80495,5800,21.38,21.88,42257,38238,0.9049,INR/bbl,Dhan API v2 (Client 1112620458)
2026-05-21 13:00,2026-05-21,13,Crude,5785.91,5793.78,7.87,0.136,4393,79254,5800,21.56,22.06,40956,38298,0.9351,INR/bbl,Dhan API v2 (Client 1112620458)
2026-05-21 14:00,2026-05-21,14,Crude,5797.95,5823.56,25.61,0.4417,2363,82309,5800,21.22,21.72,42773,39536,0.9243,INR/bbl,Dhan API v2 (Client 1112620458)
2026-05-21 15:00,2026-05-21,15,Crude,5774.76,5788.43,13.67,0.2368,3492,79724,5800,21.89,22.39,41668,38056,0.9133,INR/bbl,Dhan API v2 (Client 1112620458)
2026-05-21 16:00,2026-05-21,16,Crude,5803.54,5811.62,8.07,0.1391,13440,78749,5800,21.44,21.94,41206,37543,0.9111,INR/bbl,Dhan API v2 (Client 1112620458)
2026-05-21 17:00,2026-05-21,17,Crude,5761.88,5760.96,-0.93,-0.0161,12421,77459,5800,21.78,22.28,40708,36751,0.9028,INR/bbl,Dhan API v2 (Client 1112620458)
2026-05-21 18:00,2026-05-21,18,Crude,5774.89,5785.0,10.11,0.1751,5534,79785,5800,21.1,21.6,41696,38089,0.9135,INR/bbl,Dhan API v2 (Client 1112620458)
2026-05-21 19:00,2026-05-21,19,Crude,5789.77,5777.72,-12.05,-0.2082,10617,80439,5800,21.64,22.14,41496,38943,0.9385,INR/bbl,Dhan API v2 (Client 1112620458)
2026-05-21 20:00,2026-05-21,20,Crude,5780.51,5808.36,27.85,0.4817,12970,79184,5800,21.58,22.08,42271,36913,0.8732,INR/bbl,Dhan API v2 (Client 1112620458)
2026-05-21 21:00,2026-05-21,21,Crude,5808.5,5803.41,-5.09,-0.0877,11283,80273,5800,21.93,22.43,41783,38490,0.9212,INR/bbl,Dhan API v2 (Client 1112620458)
2026-05-21 22:00,2026-05-21,22,Crude,5791.5,5790.85,-0.66,-0.0113,14446,80336,5800,22.28,22.78,41474,38862,0.937,INR/bbl,Dhan API v2 (Client 1112620458)
2026-05-21 23:00,2026-05-21,23,Crude,5797.12,5811.21,14.09,0.2431,11085,79591,5800,21.53,22.03,41876,37715,0.9006,INR/bbl,Dhan API v2 (Client 1112620458)
2026-05-22 09:00,2026-05-22,9,Crude,5807.28,5806.55,-0.72,-0.0125,5107,78631,5800,21.98,22.48,41565,37066,0.8918,INR/bbl,Dhan API v2 (Client 1112620458)
2026-05-22 10:00,2026-05-22,10,Crude,5815.58,5828.12,12.54,0.2157,11040,79395,5800,21.9,22.4,40933,38462,0.9396,INR/bbl,Dhan API v2 (Client 1112620458)
2026-05-22 11:00,2026-05-22,11,Crude,5815.38,5809.23,-6.16,-0.1058,8892,80499,5800,21.36,21.86,41014,39485,0.9627,INR/bbl,Dhan API v2 (Client 1112620458)
2026-05-22 12:00,2026-05-22,12,Crude,5884.44,5905.46,21.02,0.3572,7090,79310,5900,21.73,22.23,41210,38100,0.9245,INR/bbl,Dhan API v2 (Client 1112620458)
2026-05-22 13:00,2026-05-22,13,Crude,5895.21,5908.92,13.71,0.2325,6776,79215,5900,21.61,22.11,42072,37143,0.8828,INR/bbl,Dhan API v2 (Client 1112620458)
2026-05-22 14:00,2026-05-22,14,Crude,5916.4,5928.63,12.22,0.2066,6015,79560,5900,21.89,22.39,42181,37379,0.8862,INR/bbl,Dhan API v2 (Client 1112620458)
2026-05-22 15:00,2026-05-22,15,Crude,5917.01,5909.36,-7.65,-0.1294,13132,79472,5900,21.79,22.29,41046,38426,0.9362,INR/bbl,Dhan API v2 (Client 1112620458)
2026-05-22 16:00,2026-05-22,16,Crude,5889.04,5896.6,7.55,0.1283,2202,79542,5900,21.09,21.59,41203,38339,0.9305,INR/bbl,Dhan API v2 (Client 1112620458)
2026-05-22 17:00,2026-05-22,17,Crude,5883.27,5892.34,9.07,0.1541,5909,78519,5900,20.87,21.37,40785,37734,0.9252,INR/bbl,Dhan API v2 (Client 1112620458)
2026-05-22 18:00,2026-05-22,18,Crude,5879.44,5868.08,-11.36,-0.1932,4230,79956,5900,21.29,21.79,41397,38559,0.9314,INR/bbl,Dhan API v2 (Client 1112620458)
2026-05-22 19:00,2026-05-22,19,Crude,5873.26,5881.92,8.66,0.1475,1285,79383,5900,21.64,22.14,41776,37607,0.9002,INR/bbl,Dhan API v2 (Client 1112620458)
2026-05-22 20:00,2026-05-22,20,Crude,5893.84,5915.54,21.7,0.3682,7123,79979,5900,22.05,22.55,42795,37184,0.8689,INR/bbl,Dhan API v2 (Client 1112620458)
2026-05-22 21:00,2026-05-22,21,Crude,5901.3,5905.97,4.67,0.0792,14652,80135,5900,21.59,22.09,41095,39040,0.95,INR/bbl,Dhan API v2 (Client 1112620458)
2026-05-22 22:00,2026-05-22,22,Crude,5921.45,5921.7,0.24,0.0041,8648,78812,5900,21.37,21.87,41790,37022,0.8859,INR/bbl,Dhan API v2 (Client 1112620458)
2026-05-22 23:00,2026-05-22,23,Crude,5934.26,5940.54,6.29,0.1059,5663,80118,5900,21.86,22.36,41696,38422,0.9215,INR/bbl,Dhan API v2 (Client 1112620458)
2026-05-25 09:00,2026-05-25,9,Crude,5945.57,5946.26,0.68,0.0115,10951,78976,5900,21.76,22.26,41304,37672,0.9121,INR/bbl,Dhan API v2 (Client 1112620458)
2026-05-25 10:00,2026-05-25,10,Crude,5944.83,5958.96,14.13,0.2377,4150,80346,5900,21.63,22.13,42544,37802,0.8885,INR/bbl,Dhan API v2 (Client 1112620458)
2026-05-25 11:00,2026-05-25,11,Crude,5934.6,5948.78,14.18,0.2389,4222,79611,5900,21.37,21.87,41781,37830,0.9054,INR/bbl,Dhan API v2 (Client 1112620458)
2026-05-25 12:00,2026-05-25,12,Crude,5902.43,5919.85,17.43,0.2952,14409,79768,5900,22.0,22.5,41726,38042,0.9117,INR/bbl,Dhan API v2 (Client 1112620458)
2026-05-25 13:00,2026-05-25,13,Crude,5925.16,5930.47,5.31,0.0897,6331,78284,5900,21.79,22.29,41291,36993,0.8959,INR/bbl,Dhan API v2 (Client 1112620458)
2026-05-25 14:00,2026-05-25,14,Crude,5912.99,5910.01,-2.98,-0.0504,14602,80040,5900,21.05,21.55,41606,38434,0.9238,INR/bbl,Dhan API v2 (Client 1112620458)
2026-05-25 15:00,2026-05-25,15,Crude,5916.37,5929.57,13.21,0.2232,13542,80225,5900,22.56,23.06,42266,37959,0.8981,INR/bbl,Dhan API v2 (Client 1112620458)
2026-05-25 16:00,2026-05-25,16,Crude,5899.13,5905.08,5.96,0.1009,1557,78865,5900,21.49,21.99,41529,37336,0.899,INR/bbl,Dhan API v2 (Client 1112620458)
2026-05-25 17:00,2026-05-25,17,Crude,5872.18,5874.2,2.02,0.0344,9392,79612,5900,21.73,22.23,41733,37879,0.9077,INR/bbl,Dhan API v2 (Client 1112620458)
2026-05-25 18:00,2026-05-25,18,Crude,5852.62,5850.54,-2.08,-0.0356,7899,79662,5900,21.36,21.86,41298,38364,0.929,INR/bbl,Dhan API v2 (Client 1112620458)
2026-05-25 19:00,2026-05-25,19,Crude,5857.89,5882.78,24.89,0.4249,4143,78509,5900,21.28,21.78,40509,38000,0.9381,INR/bbl,Dhan API v2 (Client 1112620458)
2026-05-25 20:00,2026-05-25,20,Crude,5843.26,5844.75,1.49,0.0255,4998,79931,5800,21.37,21.87,41717,38214,0.916,INR/bbl,Dhan API v2 (Client 1112620458)
2026-05-25 21:00,2026-05-25,21,Crude,5871.39,5879.57,8.18,0.1392,1418,79195,5900,21.7,22.2,40868,38327,0.9378,INR/bbl,Dhan API v2 (Client 1112620458)
2026-05-25 22:00,2026-05-25,22,Crude,5885.89,5895.36,9.47,0.1609,4503,81181,5900,21.53,22.03,42122,39059,0.9273,INR/bbl,Dhan API v2 (Client 1112620458)
2026-05-25 23:00,2026-05-25,23,Crude,5887.7,5902.47,14.77,0.2508,3517,79339,5900,21.6,22.1,40903,38436,0.9397,INR/bbl,Dhan API v2 (Client 1112620458)
2026-05-26 09:00,2026-05-26,9,Crude,5879.5,5881.12,1.62,0.0276,14700,78316,5900,21.36,21.86,40889,37427,0.9153,INR/bbl,Dhan API v2 (Client 1112620458)
2026-05-26 10:00,2026-05-26,10,Crude,5891.04,5908.76,17.72,0.3007,13959,80205,5900,21.7,22.2,41628,38577,0.9267,INR/bbl,Dhan API v2 (Client 1112620458)
2026-05-26 11:00,2026-05-26,11,Crude,5891.54,5904.4,12.86,0.2183,4656,79365,5900,21.43,21.93,41580,37785,0.9087,INR/bbl,Dhan API v2 (Client 1112620458)
2026-05-26 12:00,2026-05-26,12,Crude,5883.66,5906.36,22.71,0.3859,7368,79022,5900,21.82,22.32,40988,38034,0.9279,INR/bbl,Dhan API v2 (Client 1112620458)
2026-05-26 13:00,2026-05-26,13,Crude,5892.24,5893.63,1.39,0.0236,14184,80278,5900,21.28,21.78,42420,37858,0.8925,INR/bbl,Dhan API v2 (Client 1112620458)
2026-05-26 14:00,2026-05-26,14,Crude,5889.38,5907.12,17.74,0.3012,12525,79044,5900,21.46,21.96,40990,38054,0.9284,INR/bbl,Dhan API v2 (Client 1112620458)
2026-05-26 15:00,2026-05-26,15,Crude,5903.61,5907.61,4.0,0.0678,9508,79148,5900,21.65,22.15,41136,38012,0.9241,INR/bbl,Dhan API v2 (Client 1112620458)
2026-05-26 16:00,2026-05-26,16,Crude,5904.53,5905.2,0.68,0.0115,13229,79523,5900,21.65,22.15,40483,39040,0.9644,INR/bbl,Dhan API v2 (Client 1112620458)
2026-05-26 17:00,2026-05-26,17,Crude,5906.33,5900.67,-5.66,-0.0959,9944,80082,5900,22.07,22.57,41785,38297,0.9165,INR/bbl,Dhan API v2 (Client 1112620458)
2026-05-26 18:00,2026-05-26,18,Crude,5884.78,5893.46,8.68,0.1475,695,79402,5900,21.89,22.39,41320,38082,0.9216,INR/bbl,Dhan API v2 (Client 1112620458)
2026-05-26 19:00,2026-05-26,19,Crude,5875.06,5884.43,9.37,0.1596,12049,79472,5900,21.5,22.0,41817,37655,0.9005,INR/bbl,Dhan API v2 (Client 1112620458)
2026-05-26 20:00,2026-05-26,20,Crude,5864.45,5856.29,-8.16,-0.1391,7317,80715,5900,21.54,22.04,42931,37784,0.8801,INR/bbl,Dhan API v2 (Client 1112620458)
2026-05-26 21:00,2026-05-26,21,Crude,5888.0,5875.75,-12.25,-0.208,8989,79273,5900,21.44,21.94,41348,37925,0.9172,INR/bbl,Dhan API v2 (Client 1112620458)
2026-05-26 22:00,2026-05-26,22,Crude,5872.19,5872.32,0.13,0.0023,10477,78911,5900,21.69,22.19,40988,37923,0.9252,INR/bbl,Dhan API v2 (Client 1112620458)
2026-05-26 23:00,2026-05-26,23,Crude,5846.21,5867.85,21.64,0.3702,9020,78884,5800,21.45,21.95,40949,37935,0.9264,INR/bbl,Dhan API v2 (Client 1112620458)
2026-05-27 09:00,2026-05-27,9,Crude,5841.78,5853.7,11.93,0.2042,4228,80046,5800,21.37,21.87,40639,39407,0.9697,INR/bbl,Dhan API v2 (Client 1112620458)
2026-05-27 10:00,2026-05-27,10,Crude,5830.29,5831.7,1.41,0.0242,9121,79372,5800,21.75,22.25,41486,37886,0.9132,INR/bbl,Dhan API v2 (Client 1112620458)
2026-05-27 11:00,2026-05-27,11,Crude,5835.37,5837.32,1.95,0.0334,1514,81279,5800,21.54,22.04,42660,38619,0.9053,INR/bbl,Dhan API v2 (Client 1112620458)
2026-05-27 12:00,2026-05-27,12,Crude,5832.2,5831.93,-0.26,-0.0045,9240,79724,5800,21.38,21.88,41551,38173,0.9187,INR/bbl,Dhan API v2 (Client 1112620458)
2026-05-27 13:00,2026-05-27,13,Crude,5822.73,5849.14,26.41,0.4536,6619,78307,5800,21.42,21.92,41150,37157,0.903,INR/bbl,Dhan API v2 (Client 1112620458)
2026-05-27 14:00,2026-05-27,14,Crude,5794.59,5794.67,0.08,0.0015,6381,79704,5800,21.92,22.42,41511,38193,0.9201,INR/bbl,Dhan API v2 (Client 1112620458)
2026-05-27 15:00,2026-05-27,15,Crude,5815.83,5827.88,12.04,0.2071,3823,79826,5800,21.81,22.31,41639,38187,0.9171,INR/bbl,Dhan API v2 (Client 1112620458)
2026-05-27 16:00,2026-05-27,16,Crude,5761.82,5781.21,19.39,0.3365,10749,79364,5800,21.26,21.76,40891,38473,0.9409,INR/bbl,Dhan API v2 (Client 1112620458)
2026-05-27 17:00,2026-05-27,17,Crude,5753.63,5767.94,14.31,0.2488,12333,79136,5800,21.68,22.18,40734,38402,0.9428,INR/bbl,Dhan API v2 (Client 1112620458)
2026-05-27 18:00,2026-05-27,18,Crude,5765.1,5776.42,11.32,0.1963,8427,79885,5800,21.41,21.91,41507,38378,0.9246,INR/bbl,Dhan API v2 (Client 1112620458)
2026-05-27 19:00,2026-05-27,19,Crude,5752.95,5746.93,-6.02,-0.1047,8125,79339,5800,21.91,22.41,40760,38579,0.9465,INR/bbl,Dhan API v2 (Client 1112620458)
2026-05-27 20:00,2026-05-27,20,Crude,5734.04,5729.45,-4.59,-0.0801,8821,78711,5700,21.96,22.46,41083,37628,0.9159,INR/bbl,Dhan API v2 (Client 1112620458)
2026-05-27 21:00,2026-05-27,21,Crude,5717.42,5704.36,-13.06,-0.2284,13378,80662,5700,21.66,22.16,41785,38877,0.9304,INR/bbl,Dhan API v2 (Client 1112620458)
2026-05-27 22:00,2026-05-27,22,Crude,5737.15,5729.84,-7.31,-0.1273,4093,80029,5700,21.44,21.94,42011,38018,0.905,INR/bbl,Dhan API v2 (Client 1112620458)
2026-05-27 23:00,2026-05-27,23,Crude,5729.49,5734.43,4.95,0.0864,8700,81204,5700,21.38,21.88,42550,38654,0.9084,INR/bbl,Dhan API v2 (Client 1112620458)
2026-05-28 09:00,2026-05-28,9,Crude,5717.41,5715.47,-1.94,-0.034,5571,77556,5700,21.51,22.01,40258,37298,0.9265,INR/bbl,Dhan API v2 (Client 1112620458)
2026-05-28 10:00,2026-05-28,10,Crude,5704.32,5719.47,15.15,0.2656,14936,79467,5700,21.77,22.27,41226,38241,0.9276,INR/bbl,Dhan API v2 (Client 1112620458)
2026-05-28 11:00,2026-05-28,11,Crude,5733.19,5727.54,-5.65,-0.0986,10431,79308,5700,22.12,22.62,40882,38426,0.9399,INR/bbl,Dhan API v2 (Client 1112620458)
2026-05-28 12:00,2026-05-28,12,Crude,5697.29,5701.54,4.25,0.0746,981,79331,5700,21.54,22.04,42018,37313,0.888,INR/bbl,Dhan API v2 (Client 1112620458)
2026-05-28 13:00,2026-05-28,13,Crude,5682.92,5671.8,-11.12,-0.1956,11152,78501,5700,21.82,22.32,41197,37304,0.9055,INR/bbl,Dhan API v2 (Client 1112620458)
2026-05-28 14:00,2026-05-28,14,Crude,5669.79,5658.91,-10.88,-0.1919,8828,79349,5700,21.55,22.05,41659,37690,0.9047,INR/bbl,Dhan API v2 (Client 1112620458)
2026-05-28 15:00,2026-05-28,15,Crude,5707.0,5706.39,-0.61,-0.0106,5345,80444,5700,21.5,22.0,42629,37815,0.8871,INR/bbl,Dhan API v2 (Client 1112620458)
2026-05-28 16:00,2026-05-28,16,Crude,5729.08,5728.5,-0.58,-0.0102,7849,77636,5700,22.31,22.81,40836,36800,0.9012,INR/bbl,Dhan API v2 (Client 1112620458)
2026-05-28 17:00,2026-05-28,17,Crude,5732.82,5737.43,4.61,0.0804,2490,80573,5700,21.69,22.19,42208,38365,0.909,INR/bbl,Dhan API v2 (Client 1112620458)
2026-05-28 18:00,2026-05-28,18,Crude,5730.91,5741.79,10.88,0.1898,11278,78167,5700,21.36,21.86,40457,37710,0.9321,INR/bbl,Dhan API v2 (Client 1112620458)
2026-05-28 19:00,2026-05-28,19,Crude,5715.5,5721.5,5.99,0.1048,13246,79105,5700,22.02,22.52,41545,37560,0.9041,INR/bbl,Dhan API v2 (Client 1112620458)
2026-05-28 20:00,2026-05-28,20,Crude,5721.05,5715.45,-5.6,-0.098,1881,79164,5700,21.25,21.75,41799,37365,0.8939,INR/bbl,Dhan API v2 (Client 1112620458)
2026-05-28 21:00,2026-05-28,21,Crude,5712.79,5717.76,4.98,0.0871,10730,80650,5700,21.91,22.41,41428,39222,0.9468,INR/bbl,Dhan API v2 (Client 1112620458)
2026-05-28 22:00,2026-05-28,22,Crude,5732.89,5734.91,2.02,0.0353,724,79741,5700,22.05,22.55,41617,38124,0.9161,INR/bbl,Dhan API v2 (Client 1112620458)
2026-05-28 23:00,2026-05-28,23,Crude,5747.81,5732.8,-15.02,-0.2613,9590,78846,5700,21.6,22.1,41571,37275,0.8967,INR/bbl,Dhan API v2 (Client 1112620458)
2026-05-29 09:00,2026-05-29,9,Crude,5738.32,5742.58,4.26,0.0743,13971,80214,5700,21.85,22.35,41699,38515,0.9236,INR/bbl,Dhan API v2 (Client 1112620458)
2026-05-29 10:00,2026-05-29,10,Crude,5756.29,5753.4,-2.89,-0.0502,8785,78698,5800,21.45,21.95,41923,36775,0.8772,INR/bbl,Dhan API v2 (Client 1112620458)
2026-05-29 11:00,2026-05-29,11,Crude,5763.36,5759.52,-3.84,-0.0666,606,80616,5800,21.56,22.06,41881,38735,0.9249,INR/bbl,Dhan API v2 (Client 1112620458)
2026-05-29 12:00,2026-05-29,12,Crude,5771.66,5779.38,7.73,0.1339,11299,79172,5800,21.41,21.91,40623,38549,0.9489,INR/bbl,Dhan API v2 (Client 1112620458)
2026-05-29 13:00,2026-05-29,13,Crude,5754.01,5764.17,10.16,0.1766,1563,80895,5800,21.07,21.57,43497,37398,0.8598,INR/bbl,Dhan API v2 (Client 1112620458)
2026-05-29 14:00,2026-05-29,14,Crude,5757.14,5756.67,-0.46,-0.0081,594,79114,5800,21.64,22.14,41627,37487,0.9005,INR/bbl,Dhan API v2 (Client 1112620458)
2026-05-29 15:00,2026-05-29,15,Crude,5738.23,5745.47,7.23,0.1261,13444,79244,5700,21.51,22.01,41450,37794,0.9118,INR/bbl,Dhan API v2 (Client 1112620458)
2026-05-29 16:00,2026-05-29,16,Crude,5733.48,5729.07,-4.42,-0.077,9310,80448,5700,21.33,21.83,41874,38574,0.9212,INR/bbl,Dhan API v2 (Client 1112620458)
2026-05-29 17:00,2026-05-29,17,Crude,5710.93,5715.96,5.04,0.0882,4065,78648,5700,21.41,21.91,40203,38445,0.9563,INR/bbl,Dhan API v2 (Client 1112620458)
2026-05-29 18:00,2026-05-29,18,Crude,5720.26,5725.88,5.61,0.0981,3136,80619,5700,21.62,22.12,42724,37895,0.887,INR/bbl,Dhan API v2 (Client 1112620458)
2026-05-29 19:00,2026-05-29,19,Crude,5732.59,5739.35,6.76,0.118,9733,80541,5700,21.38,21.88,42492,38049,0.8954,INR/bbl,Dhan API v2 (Client 1112620458)
2026-05-29 20:00,2026-05-29,20,Crude,5672.07,5667.08,-4.99,-0.0879,10810,79565,5700,21.57,22.07,40968,38597,0.9421,INR/bbl,Dhan API v2 (Client 1112620458)
2026-05-29 21:00,2026-05-29,21,Crude,5658.37,5666.26,7.89,0.1395,3253,80451,5700,21.59,22.09,41241,39210,0.9508,INR/bbl,Dhan API v2 (Client 1112620458)
2026-05-29 22:00,2026-05-29,22,Crude,5689.92,5685.86,-4.06,-0.0714,10704,79247,5700,21.98,22.48,40356,38891,0.9637,INR/bbl,Dhan API v2 (Client 1112620458)
2026-05-29 23:00,2026-05-29,23,Crude,5685.83,5691.69,5.86,0.103,2791,78484,5700,21.84,22.34,41017,37467,0.9135,INR/bbl,Dhan API v2 (Client 1112620458)
2026-06-01 09:00,2026-06-01,9,Crude,5659.73,5676.62,16.89,0.2985,11241,79155,5700,21.03,21.53,40911,38244,0.9348,INR/bbl,Dhan API v2 (Client 1112620458)
2026-06-01 10:00,2026-06-01,10,Crude,5639.95,5653.06,13.11,0.2325,10326,79044,5600,21.96,22.46,42472,36572,0.8611,INR/bbl,Dhan API v2 (Client 1112620458)
2026-06-01 11:00,2026-06-01,11,Crude,5626.66,5632.44,5.78,0.1028,14659,78079,5600,21.57,22.07,41586,36493,0.8775,INR/bbl,Dhan API v2 (Client 1112620458)
2026-06-01 12:00,2026-06-01,12,Crude,5619.74,5636.77,17.03,0.303,9757,79582,5600,21.83,22.33,41847,37735,0.9017,INR/bbl,Dhan API v2 (Client 1112620458)
2026-06-01 13:00,2026-06-01,13,Crude,5591.2,5600.75,9.55,0.1708,4439,79365,5600,21.65,22.15,40845,38520,0.9431,INR/bbl,Dhan API v2 (Client 1112620458)
2026-06-01 14:00,2026-06-01,14,Crude,5558.25,5560.98,2.73,0.049,10717,79783,5600,20.98,21.48,41429,38354,0.9258,INR/bbl,Dhan API v2 (Client 1112620458)
2026-06-01 15:00,2026-06-01,15,Crude,5594.41,5595.96,1.54,0.0276,2873,79924,5600,21.66,22.16,41244,38680,0.9378,INR/bbl,Dhan API v2 (Client 1112620458)
2026-06-01 16:00,2026-06-01,16,Crude,5557.11,5557.94,0.83,0.015,3341,78652,5600,21.72,22.22,41120,37532,0.9127,INR/bbl,Dhan API v2 (Client 1112620458)
2026-06-01 17:00,2026-06-01,17,Crude,5573.75,5578.81,5.06,0.0908,12930,80606,5600,21.89,22.39,42827,37779,0.8821,INR/bbl,Dhan API v2 (Client 1112620458)
2026-06-01 18:00,2026-06-01,18,Crude,5583.99,5577.58,-6.41,-0.1147,3368,79159,5600,21.55,22.05,41235,37924,0.9197,INR/bbl,Dhan API v2 (Client 1112620458)
2026-06-01 19:00,2026-06-01,19,Crude,5576.21,5582.97,6.76,0.1212,8907,80270,5600,21.94,22.44,42171,38099,0.9034,INR/bbl,Dhan API v2 (Client 1112620458)
2026-06-01 20:00,2026-06-01,20,Crude,5571.5,5579.33,7.82,0.1404,13488,79873,5600,21.92,22.42,40852,39021,0.9552,INR/bbl,Dhan API v2 (Client 1112620458)
2026-06-01 21:00,2026-06-01,21,Crude,5585.18,5584.47,-0.71,-0.0128,865,79401,5600,21.35,21.85,40889,38512,0.9419,INR/bbl,Dhan API v2 (Client 1112620458)
2026-06-01 22:00,2026-06-01,22,Crude,5584.97,5573.84,-11.14,-0.1994,9635,77714,5600,21.63,22.13,40079,37635,0.939,INR/bbl,Dhan API v2 (Client 1112620458)
2026-06-01 23:00,2026-06-01,23,Crude,5604.08,5611.94,7.86,0.1403,2403,80551,5600,21.67,22.17,41903,38648,0.9223,INR/bbl,Dhan API v2 (Client 1112620458)
2026-06-02 09:00,2026-06-02,9,Crude,5593.19,5599.02,5.83,0.1042,8742,78399,5600,21.45,21.95,40007,38392,0.9596,INR/bbl,Dhan API v2 (Client 1112620458)
2026-06-02 10:00,2026-06-02,10,Crude,5618.68,5621.25,2.57,0.0457,14883,79714,5600,21.91,22.41,42040,37674,0.8961,INR/bbl,Dhan API v2 (Client 1112620458)
2026-06-02 11:00,2026-06-02,11,Crude,5635.92,5616.61,-19.31,-0.3426,13547,81050,5600,21.7,22.2,41934,39116,0.9328,INR/bbl,Dhan API v2 (Client 1112620458)
2026-06-02 12:00,2026-06-02,12,Crude,5659.13,5666.23,7.1,0.1255,3387,79883,5700,21.69,22.19,41765,38118,0.9127,INR/bbl,Dhan API v2 (Client 1112620458)
2026-06-02 13:00,2026-06-02,13,Crude,5678.86,5676.57,-2.29,-0.0403,7826,81123,5700,21.64,22.14,41838,39285,0.939,INR/bbl,Dhan API v2 (Client 1112620458)
2026-06-02 14:00,2026-06-02,14,Crude,5670.66,5650.77,-19.89,-0.3507,6079,78737,5700,21.78,22.28,41226,37511,0.9099,INR/bbl,Dhan API v2 (Client 1112620458)
2026-06-02 15:00,2026-06-02,15,Crude,5659.26,5660.47,1.21,0.0213,11938,80429,5700,21.34,21.84,42094,38335,0.9107,INR/bbl,Dhan API v2 (Client 1112620458)
2026-06-02 16:00,2026-06-02,16,Crude,5690.52,5694.93,4.41,0.0775,2020,79136,5700,21.44,21.94,40919,38217,0.934,INR/bbl,Dhan API v2 (Client 1112620458)
2026-06-02 17:00,2026-06-02,17,Crude,5708.62,5702.45,-6.17,-0.108,2023,79094,5700,21.66,22.16,41108,37986,0.9241,INR/bbl,Dhan API v2 (Client 1112620458)
2026-06-02 18:00,2026-06-02,18,Crude,5711.82,5697.33,-14.49,-0.2537,5385,79948,5700,21.54,22.04,41621,38327,0.9209,INR/bbl,Dhan API v2 (Client 1112620458)
2026-06-02 19:00,2026-06-02,19,Crude,5693.1,5682.06,-11.04,-0.1939,8837,79278,5700,21.11,21.61,41667,37611,0.9027,INR/bbl,Dhan API v2 (Client 1112620458)
2026-06-02 20:00,2026-06-02,20,Crude,5667.39,5664.04,-3.35,-0.059,12914,80461,5700,21.57,22.07,42031,38430,0.9143,INR/bbl,Dhan API v2 (Client 1112620458)
2026-06-02 21:00,2026-06-02,21,Crude,5651.0,5644.76,-6.24,-0.1105,14415,78500,5700,21.56,22.06,41326,37174,0.8995,INR/bbl,Dhan API v2 (Client 1112620458)
2026-06-02 22:00,2026-06-02,22,Crude,5681.1,5681.49,0.39,0.0068,10227,80837,5700,21.87,22.37,41989,38848,0.9252,INR/bbl,Dhan API v2 (Client 1112620458)
2026-06-02 23:00,2026-06-02,23,Crude,5674.69,5684.12,9.43,0.1662,8320,79934,5700,21.92,22.42,41870,38064,0.9091,INR/bbl,Dhan API v2 (Client 1112620458)
2026-06-03 09:00,2026-06-03,9,Crude,5654.77,5666.71,11.94,0.2112,7673,80156,5700,21.86,22.36,41665,38491,0.9238,INR/bbl,Dhan API v2 (Client 1112620458)
2026-06-03 10:00,2026-06-03,10,Crude,5625.6,5623.94,-1.66,-0.0295,9902,80254,5600,21.69,22.19,41687,38567,0.9252,INR/bbl,Dhan API v2 (Client 1112620458)
2026-06-03 11:00,2026-06-03,11,Crude,5615.39,5615.76,0.37,0.0066,7435,78969,5600,21.8,22.3,40457,38512,0.9519,INR/bbl,Dhan API v2 (Client 1112620458)
2026-06-03 12:00,2026-06-03,12,Crude,5566.41,5575.07,8.65,0.1554,3001,79546,5600,21.71,22.21,41836,37710,0.9014,INR/bbl,Dhan API v2 (Client 1112620458)
2026-06-03 13:00,2026-06-03,13,Crude,5567.14,5557.12,-10.02,-0.18,2636,78305,5600,21.09,21.59,41235,37070,0.899,INR/bbl,Dhan API v2 (Client 1112620458)
2026-06-03 14:00,2026-06-03,14,Crude,5571.37,5562.58,-8.79,-0.1578,14650,77718,5600,21.53,22.03,40201,37517,0.9332,INR/bbl,Dhan API v2 (Client 1112620458)
2026-06-03 15:00,2026-06-03,15,Crude,5580.38,5570.96,-9.42,-0.1688,11698,78349,5600,21.42,21.92,41289,37060,0.8976,INR/bbl,Dhan API v2 (Client 1112620458)
2026-06-03 16:00,2026-06-03,16,Crude,5561.32,5561.26,-0.06,-0.0011,9163,79586,5600,21.51,22.01,41291,38295,0.9274,INR/bbl,Dhan API v2 (Client 1112620458)
2026-06-03 17:00,2026-06-03,17,Crude,5556.95,5562.5,5.55,0.0998,524,78163,5600,21.4,21.9,40861,37302,0.9129,INR/bbl,Dhan API v2 (Client 1112620458)
2026-06-03 18:00,2026-06-03,18,Crude,5572.33,5568.67,-3.66,-0.0657,14228,80008,5600,21.63,22.13,41359,38649,0.9345,INR/bbl,Dhan API v2 (Client 1112620458)
2026-06-03 19:00,2026-06-03,19,Crude,5581.25,5570.62,-10.63,-0.1904,13318,79271,5600,22.16,22.66,41135,38136,0.9271,INR/bbl,Dhan API v2 (Client 1112620458)
2026-06-03 20:00,2026-06-03,20,Crude,5562.44,5550.13,-12.32,-0.2214,893,79590,5600,22.04,22.54,41693,37897,0.909,INR/bbl,Dhan API v2 (Client 1112620458)
2026-06-03 21:00,2026-06-03,21,Crude,5522.43,5527.7,5.27,0.0954,6052,80157,5500,21.56,22.06,41768,38389,0.9191,INR/bbl,Dhan API v2 (Client 1112620458)
2026-06-03 22:00,2026-06-03,22,Crude,5527.56,5526.8,-0.77,-0.0139,13588,81380,5500,21.21,21.71,42799,38581,0.9014,INR/bbl,Dhan API v2 (Client 1112620458)
2026-06-03 23:00,2026-06-03,23,Crude,5537.51,5548.34,10.83,0.1955,6961,79145,5500,21.5,22.0,41110,38035,0.9252,INR/bbl,Dhan API v2 (Client 1112620458)
2026-06-04 09:00,2026-06-04,9,Crude,5556.52,5569.05,12.52,0.2254,8720,80635,5600,21.5,22.0,41442,39193,0.9457,INR/bbl,Dhan API v2 (Client 1112620458)
2026-06-04 10:00,2026-06-04,10,Crude,5531.57,5554.43,22.85,0.4131,12971,80559,5500,21.88,22.38,42372,38187,0.9012,INR/bbl,Dhan API v2 (Client 1112620458)
2026-06-04 11:00,2026-06-04,11,Crude,5527.65,5546.67,19.02,0.3441,12234,78974,5500,21.54,22.04,40538,38436,0.9481,INR/bbl,Dhan API v2 (Client 1112620458)
2026-06-04 12:00,2026-06-04,12,Crude,5529.45,5562.09,32.64,0.5903,13834,79385,5500,21.37,21.87,41390,37995,0.918,INR/bbl,Dhan API v2 (Client 1112620458)
2026-06-04 13:00,2026-06-04,13,Crude,5542.21,5557.37,15.16,0.2736,4530,80604,5500,21.75,22.25,41299,39305,0.9517,INR/bbl,Dhan API v2 (Client 1112620458)
2026-06-04 14:00,2026-06-04,14,Crude,5562.2,5573.82,11.62,0.2089,12390,79822,5600,21.06,21.56,41927,37895,0.9038,INR/bbl,Dhan API v2 (Client 1112620458)
2026-06-04 15:00,2026-06-04,15,Crude,5548.17,5579.81,31.63,0.5702,4754,80436,5500,21.88,22.38,41898,38538,0.9198,INR/bbl,Dhan API v2 (Client 1112620458)
2026-06-04 16:00,2026-06-04,16,Crude,5550.8,5586.0,35.2,0.6341,10931,80802,5600,21.49,21.99,41899,38903,0.9285,INR/bbl,Dhan API v2 (Client 1112620458)
2026-06-04 17:00,2026-06-04,17,Crude,5539.63,5580.78,41.15,0.7428,9477,81545,5500,21.88,22.38,41747,39798,0.9533,INR/bbl,Dhan API v2 (Client 1112620458)
2026-06-04 18:00,2026-06-04,18,Crude,5519.13,5543.17,24.03,0.4355,2836,79801,5500,21.28,21.78,42084,37717,0.8962,INR/bbl,Dhan API v2 (Client 1112620458)
2026-06-04 19:00,2026-06-04,19,Crude,5544.49,5556.38,11.9,0.2145,4862,78994,5500,21.37,21.87,40561,38433,0.9475,INR/bbl,Dhan API v2 (Client 1112620458)
2026-06-04 20:00,2026-06-04,20,Crude,5524.52,5550.1,25.58,0.463,11459,80680,5500,21.82,22.32,42527,38153,0.8971,INR/bbl,Dhan API v2 (Client 1112620458)
2026-06-04 21:00,2026-06-04,21,Crude,5510.89,5528.05,17.16,0.3113,2130,77323,5500,21.13,21.63,39814,37509,0.9421,INR/bbl,Dhan API v2 (Client 1112620458)
2026-06-04 22:00,2026-06-04,22,Crude,5494.72,5506.63,11.91,0.2168,1184,77651,5500,21.63,22.13,40176,37475,0.9328,INR/bbl,Dhan API v2 (Client 1112620458)
2026-06-04 23:00,2026-06-04,23,Crude,5511.66,5521.38,9.72,0.1763,5851,79434,5500,21.63,22.13,42100,37334,0.8868,INR/bbl,Dhan API v2 (Client 1112620458)
2026-06-05 09:00,2026-06-05,9,Crude,5497.97,5533.71,35.73,0.6499,1364,80570,5500,22.03,22.53,41686,38884,0.9328,INR/bbl,Dhan API v2 (Client 1112620458)
2026-06-05 10:00,2026-06-05,10,Crude,5514.39,5526.57,12.18,0.2208,2802,78725,5500,21.77,22.27,41421,37304,0.9006,INR/bbl,Dhan API v2 (Client 1112620458)
2026-06-05 11:00,2026-06-05,11,Crude,5509.58,5524.9,15.31,0.278,14662,78635,5500,22.63,23.13,40521,38114,0.9406,INR/bbl,Dhan API v2 (Client 1112620458)
2026-06-05 12:00,2026-06-05,12,Crude,5457.32,5474.83,17.51,0.3208,13397,77541,5500,21.56,22.06,40190,37351,0.9294,INR/bbl,Dhan API v2 (Client 1112620458)
2026-06-05 13:00,2026-06-05,13,Crude,5436.05,5467.27,31.22,0.5743,4678,81506,5400,21.43,21.93,42409,39097,0.9219,INR/bbl,Dhan API v2 (Client 1112620458)
2026-06-05 14:00,2026-06-05,14,Crude,5468.41,5487.19,18.78,0.3434,1595,81516,5500,21.5,22.0,42213,39303,0.9311,INR/bbl,Dhan API v2 (Client 1112620458)
2026-06-05 15:00,2026-06-05,15,Crude,5473.88,5505.43,31.56,0.5765,2441,78704,5500,22.03,22.53,40951,37753,0.9219,INR/bbl,Dhan API v2 (Client 1112620458)
2026-06-05 16:00,2026-06-05,16,Crude,5486.62,5495.91,9.29,0.1693,2901,79189,5500,21.13,21.63,40629,38560,0.9491,INR/bbl,Dhan API v2 (Client 1112620458)
2026-06-05 17:00,2026-06-05,17,Crude,5467.97,5480.49,12.53,0.2291,4465,78552,5500,21.69,22.19,40224,38328,0.9529,INR/bbl,Dhan API v2 (Client 1112620458)
2026-06-05 18:00,2026-06-05,18,Crude,5457.77,5495.29,37.52,0.6875,6841,78675,5500,21.67,22.17,41818,36857,0.8814,INR/bbl,Dhan API v2 (Client 1112620458)
2026-06-05 19:00,2026-06-05,19,Crude,5446.11,5494.88,48.77,0.8955,9907,81836,5400,21.72,22.22,42765,39071,0.9136,INR/bbl,Dhan API v2 (Client 1112620458)
2026-06-05 20:00,2026-06-05,20,Crude,5430.63,5440.55,9.92,0.1826,925,79651,5400,21.34,21.84,41047,38604,0.9405,INR/bbl,Dhan API v2 (Client 1112620458)
2026-06-05 21:00,2026-06-05,21,Crude,5480.5,5515.55,35.05,0.6396,9738,78212,5500,21.66,22.16,40038,38174,0.9534,INR/bbl,Dhan API v2 (Client 1112620458)
2026-06-05 22:00,2026-06-05,22,Crude,5440.3,5460.66,20.36,0.3742,8786,78764,5400,21.57,22.07,41045,37719,0.919,INR/bbl,Dhan API v2 (Client 1112620458)
2026-06-05 23:00,2026-06-05,23,Crude,5417.24,5454.97,37.73,0.6965,4159,80211,5400,21.53,22.03,42152,38059,0.9029,INR/bbl,Dhan API v2 (Client 1112620458)
2026-06-08 09:00,2026-06-08,9,Crude,5440.18,5455.96,15.78,0.2901,3182,80216,5400,21.96,22.46,42174,38042,0.902,INR/bbl,Dhan API v2 (Client 1112620458)
2026-06-08 10:00,2026-06-08,10,Crude,5463.0,5498.84,35.84,0.6561,859,81185,5500,21.82,22.32,42832,38353,0.8954,INR/bbl,Dhan API v2 (Client 1112620458)
2026-06-08 11:00,2026-06-08,11,Crude,5513.58,5548.39,34.81,0.6313,11683,79718,5500,21.76,22.26,42018,37700,0.8972,INR/bbl,Dhan API v2 (Client 1112620458)
2026-06-08 12:00,2026-06-08,12,Crude,5497.07,5517.16,20.1,0.3656,7131,80062,5500,22.01,22.51,40748,39314,0.9648,INR/bbl,Dhan API v2 (Client 1112620458)
2026-06-08 13:00,2026-06-08,13,Crude,5464.44,5482.42,17.98,0.329,4180,79820,5500,21.27,21.77,42360,37460,0.8843,INR/bbl,Dhan API v2 (Client 1112620458)
2026-06-08 14:00,2026-06-08,14,Crude,5411.68,5432.27,20.59,0.3804,10067,79367,5400,21.61,22.11,41529,37838,0.9111,INR/bbl,Dhan API v2 (Client 1112620458)
2026-06-08 15:00,2026-06-08,15,Crude,5415.66,5425.37,9.71,0.1793,11577,79641,5400,21.33,21.83,41167,38474,0.9346,INR/bbl,Dhan API v2 (Client 1112620458)
2026-06-08 16:00,2026-06-08,16,Crude,5454.04,5476.91,22.87,0.4193,9457,80291,5500,21.42,21.92,41694,38597,0.9257,INR/bbl,Dhan API v2 (Client 1112620458)
2026-06-08 17:00,2026-06-08,17,Crude,5444.34,5463.72,19.38,0.356,6052,78976,5400,21.3,21.8,40630,38346,0.9438,INR/bbl,Dhan API v2 (Client 1112620458)
2026-06-08 18:00,2026-06-08,18,Crude,5469.8,5497.19,27.39,0.5008,11248,80393,5500,21.76,22.26,41576,38817,0.9336,INR/bbl,Dhan API v2 (Client 1112620458)
2026-06-08 19:00,2026-06-08,19,Crude,5467.16,5487.59,20.43,0.3737,8338,80351,5500,22.08,22.58,42079,38272,0.9095,INR/bbl,Dhan API v2 (Client 1112620458)
2026-06-08 20:00,2026-06-08,20,Crude,5490.52,5515.69,25.17,0.4584,11467,80101,5500,21.4,21.9,40652,39449,0.9704,INR/bbl,Dhan API v2 (Client 1112620458)
2026-06-08 21:00,2026-06-08,21,Crude,5518.44,5545.68,27.24,0.4937,9831,79060,5500,21.25,21.75,41135,37925,0.922,INR/bbl,Dhan API v2 (Client 1112620458)
2026-06-08 22:00,2026-06-08,22,Crude,5503.46,5521.27,17.82,0.3237,11489,79200,5500,21.78,22.28,41159,38041,0.9242,INR/bbl,Dhan API v2 (Client 1112620458)
2026-06-08 23:00,2026-06-08,23,Crude,5536.22,5550.25,14.03,0.2535,6790,78767,5500,21.85,22.35,41230,37537,0.9104,INR/bbl,Dhan API v2 (Client 1112620458)
2026-06-09 09:00,2026-06-09,9,Crude,5541.74,5557.58,15.84,0.2859,6980,80423,5500,21.78,22.28,41820,38603,0.9231,INR/bbl,Dhan API v2 (Client 1112620458)
2026-06-09 10:00,2026-06-09,10,Crude,5524.86,5550.05,25.19,0.4559,7829,79693,5500,21.69,22.19,42080,37613,0.8938,INR/bbl,Dhan API v2 (Client 1112620458)
2026-06-09 11:00,2026-06-09,11,Crude,5537.34,5559.72,22.38,0.4042,5025,79878,5500,21.52,22.02,41668,38210,0.917,INR/bbl,Dhan API v2 (Client 1112620458)
2026-06-09 12:00,2026-06-09,12,Crude,5554.69,5574.46,19.77,0.356,3697,79355,5600,21.52,22.02,40769,38586,0.9465,INR/bbl,Dhan API v2 (Client 1112620458)
2026-06-09 13:00,2026-06-09,13,Crude,5570.48,5585.4,14.92,0.2679,11591,79519,5600,21.62,22.12,40900,38619,0.9442,INR/bbl,Dhan API v2 (Client 1112620458)
2026-06-09 14:00,2026-06-09,14,Crude,5581.17,5622.85,41.69,0.747,9409,80879,5600,21.22,21.72,41432,39447,0.9521,INR/bbl,Dhan API v2 (Client 1112620458)
2026-06-09 15:00,2026-06-09,15,Crude,5621.08,5654.16,33.08,0.5884,11356,79299,5600,21.17,21.67,41421,37878,0.9145,INR/bbl,Dhan API v2 (Client 1112620458)
2026-06-09 16:00,2026-06-09,16,Crude,5618.94,5628.46,9.52,0.1695,12748,79410,5600,21.96,22.46,41921,37489,0.8943,INR/bbl,Dhan API v2 (Client 1112620458)
2026-06-09 17:00,2026-06-09,17,Crude,5624.79,5642.99,18.2,0.3235,12199,78974,5600,21.12,21.62,41490,37484,0.9034,INR/bbl,Dhan API v2 (Client 1112620458)
2026-06-09 18:00,2026-06-09,18,Crude,5614.21,5615.03,0.82,0.0147,13210,79648,5600,21.99,22.49,42150,37498,0.8896,INR/bbl,Dhan API v2 (Client 1112620458)
2026-06-09 19:00,2026-06-09,19,Crude,5601.6,5626.54,24.94,0.4452,1869,78342,5600,21.53,22.03,40708,37634,0.9245,INR/bbl,Dhan API v2 (Client 1112620458)
2026-06-09 20:00,2026-06-09,20,Crude,5606.25,5632.48,26.23,0.4678,12450,79385,5600,21.74,22.24,40584,38801,0.9561,INR/bbl,Dhan API v2 (Client 1112620458)
2026-06-09 21:00,2026-06-09,21,Crude,5660.93,5691.48,30.55,0.5397,941,79385,5700,21.53,22.03,41310,38075,0.9217,INR/bbl,Dhan API v2 (Client 1112620458)
2026-06-09 22:00,2026-06-09,22,Crude,5655.29,5665.14,9.85,0.1741,4703,80698,5700,21.57,22.07,42708,37990,0.8895,INR/bbl,Dhan API v2 (Client 1112620458)
2026-06-09 23:00,2026-06-09,23,Crude,5620.86,5631.22,10.36,0.1843,12463,79609,5600,21.72,22.22,41452,38157,0.9205,INR/bbl,Dhan API v2 (Client 1112620458)
2026-06-10 09:00,2026-06-10,9,Crude,5637.86,5649.09,11.23,0.1991,12465,81950,5600,21.7,22.2,42208,39742,0.9416,INR/bbl,Dhan API v2 (Client 1112620458)
2026-06-10 10:00,2026-06-10,10,Crude,5648.27,5682.16,33.89,0.5999,10272,79780,5600,21.5,22.0,41437,38343,0.9253,INR/bbl,Dhan API v2 (Client 1112620458)
2026-06-10 11:00,2026-06-10,11,Crude,5675.08,5700.94,25.86,0.4557,6140,77846,5700,21.5,22.0,40475,37371,0.9233,INR/bbl,Dhan API v2 (Client 1112620458)
2026-06-10 12:00,2026-06-10,12,Crude,5665.58,5682.24,16.66,0.2941,5128,80248,5700,21.71,22.21,41880,38368,0.9161,INR/bbl,Dhan API v2 (Client 1112620458)
2026-06-10 13:00,2026-06-10,13,Crude,5642.14,5666.48,24.34,0.4315,4959,78920,5600,21.89,22.39,41000,37920,0.9249,INR/bbl,Dhan API v2 (Client 1112620458)
2026-06-10 14:00,2026-06-10,14,Crude,5616.02,5627.59,11.57,0.206,9583,79948,5600,21.82,22.32,42027,37921,0.9023,INR/bbl,Dhan API v2 (Client 1112620458)
2026-06-10 15:00,2026-06-10,15,Crude,5589.56,5617.81,28.26,0.5055,3226,81560,5600,21.9,22.4,42667,38893,0.9115,INR/bbl,Dhan API v2 (Client 1112620458)
2026-06-10 16:00,2026-06-10,16,Crude,5592.52,5607.86,15.33,0.2741,9907,81243,5600,21.08,21.58,42072,39171,0.931,INR/bbl,Dhan API v2 (Client 1112620458)
2026-06-10 17:00,2026-06-10,17,Crude,5546.77,5556.04,9.27,0.1672,7465,78166,5500,21.59,22.09,40357,37809,0.9369,INR/bbl,Dhan API v2 (Client 1112620458)
2026-06-10 18:00,2026-06-10,18,Crude,5506.28,5535.02,28.74,0.5219,12652,78871,5500,21.58,22.08,41305,37566,0.9095,INR/bbl,Dhan API v2 (Client 1112620458)
2026-06-10 19:00,2026-06-10,19,Crude,5516.57,5545.89,29.32,0.5315,8114,78563,5500,21.14,21.64,40833,37730,0.924,INR/bbl,Dhan API v2 (Client 1112620458)
2026-06-10 20:00,2026-06-10,20,Crude,5526.11,5547.23,21.12,0.3822,5576,78583,5500,21.38,21.88,40707,37876,0.9305,INR/bbl,Dhan API v2 (Client 1112620458)
2026-06-10 21:00,2026-06-10,21,Crude,5504.23,5524.81,20.57,0.3738,12668,79733,5500,21.32,21.82,41736,37997,0.9104,INR/bbl,Dhan API v2 (Client 1112620458)
2026-06-10 22:00,2026-06-10,22,Crude,5525.44,5547.07,21.63,0.3914,6417,80502,5500,21.44,21.94,41659,38843,0.9324,INR/bbl,Dhan API v2 (Client 1112620458)
2026-06-10 23:00,2026-06-10,23,Crude,5565.25,5595.87,30.61,0.5501,14306,77444,5600,21.6,22.1,39665,37779,0.9525,INR/bbl,Dhan API v2 (Client 1112620458)
2026-06-11 09:00,2026-06-11,9,Crude,5581.21,5602.01,20.8,0.3727,1973,79488,5600,21.73,22.23,41559,37929,0.9127,INR/bbl,Dhan API v2 (Client 1112620458)
2026-06-11 10:00,2026-06-11,10,Crude,5560.77,5581.5,20.73,0.3728,8301,79061,5600,21.62,22.12,40531,38530,0.9506,INR/bbl,Dhan API v2 (Client 1112620458)
2026-06-11 11:00,2026-06-11,11,Crude,5577.64,5598.55,20.91,0.3749,922,79012,5600,21.68,22.18,41472,37540,0.9052,INR/bbl,Dhan API v2 (Client 1112620458)
2026-06-11 12:00,2026-06-11,12,Crude,5614.87,5641.26,26.38,0.4699,5427,80216,5600,21.82,22.32,42456,37760,0.8894,INR/bbl,Dhan API v2 (Client 1112620458)
2026-06-11 13:00,2026-06-11,13,Crude,5621.51,5644.77,23.26,0.4138,1124,78688,5600,21.67,22.17,40685,38003,0.9341,INR/bbl,Dhan API v2 (Client 1112620458)
2026-06-11 14:00,2026-06-11,14,Crude,5608.55,5618.53,9.98,0.178,10881,80158,5600,21.68,22.18,41491,38667,0.9319,INR/bbl,Dhan API v2 (Client 1112620458)
2026-06-11 15:00,2026-06-11,15,Crude,5596.02,5609.59,13.58,0.2426,8851,78815,5600,21.89,22.39,40779,38036,0.9327,INR/bbl,Dhan API v2 (Client 1112620458)
2026-06-11 16:00,2026-06-11,16,Crude,5620.97,5637.33,16.36,0.2911,2775,80947,5600,21.28,21.78,42499,38448,0.9047,INR/bbl,Dhan API v2 (Client 1112620458)
2026-06-11 17:00,2026-06-11,17,Crude,5624.01,5628.21,4.2,0.0747,12254,79328,5600,21.88,22.38,42088,37240,0.8848,INR/bbl,Dhan API v2 (Client 1112620458)
2026-06-11 18:00,2026-06-11,18,Crude,5625.92,5639.12,13.2,0.2346,14341,80534,5600,21.84,22.34,42165,38369,0.91,INR/bbl,Dhan API v2 (Client 1112620458)
2026-06-11 19:00,2026-06-11,19,Crude,5595.2,5607.33,12.12,0.2167,14004,80031,5600,20.88,21.38,41925,38106,0.9089,INR/bbl,Dhan API v2 (Client 1112620458)
2026-06-11 20:00,2026-06-11,20,Crude,5625.39,5634.49,9.1,0.1618,14576,79129,5600,21.68,22.18,41539,37590,0.9049,INR/bbl,Dhan API v2 (Client 1112620458)
2026-06-11 21:00,2026-06-11,21,Crude,5618.95,5633.13,14.18,0.2524,13971,79292,5600,21.69,22.19,40695,38597,0.9484,INR/bbl,Dhan API v2 (Client 1112620458)
2026-06-11 22:00,2026-06-11,22,Crude,5646.63,5675.89,29.26,0.5182,14058,79666,5600,21.54,22.04,41841,37825,0.904,INR/bbl,Dhan API v2 (Client 1112620458)
2026-06-11 23:00,2026-06-11,23,Crude,5652.36,5676.78,24.41,0.4319,13243,79030,5700,21.39,21.89,41670,37360,0.8966,INR/bbl,Dhan API v2 (Client 1112620458)
2026-06-12 09:00,2026-06-12,9,Crude,5656.95,5684.19,27.24,0.4815,14172,78984,5700,21.81,22.31,40788,38196,0.9365,INR/bbl,Dhan API v2 (Client 1112620458)
2026-06-12 10:00,2026-06-12,10,Crude,5663.35,5684.33,20.98,0.3705,9703,78248,5700,21.89,22.39,42186,36062,0.8548,INR/bbl,Dhan API v2 (Client 1112620458)
2026-06-12 11:00,2026-06-12,11,Crude,5637.85,5658.44,20.59,0.3651,7443,77657,5600,21.29,21.79,40140,37517,0.9347,INR/bbl,Dhan API v2 (Client 1112620458)
2026-06-12 12:00,2026-06-12,12,Crude,5682.52,5698.73,16.21,0.2853,10542,79046,5700,21.53,22.03,41393,37653,0.9096,INR/bbl,Dhan API v2 (Client 1112620458)
2026-06-12 13:00,2026-06-12,13,Crude,5646.27,5659.05,12.78,0.2263,9440,78661,5600,21.84,22.34,40528,38133,0.9409,INR/bbl,Dhan API v2 (Client 1112620458)
2026-06-12 14:00,2026-06-12,14,Crude,5646.75,5675.61,28.86,0.511,5146,79706,5600,21.43,21.93,41277,38429,0.931,INR/bbl,Dhan API v2 (Client 1112620458)
2026-06-12 15:00,2026-06-12,15,Crude,5636.4,5642.52,6.12,0.1085,12838,79615,5600,21.1,21.6,40630,38985,0.9595,INR/bbl,Dhan API v2 (Client 1112620458)
2026-06-12 16:00,2026-06-12,16,Crude,5621.2,5635.04,13.84,0.2462,1738,79024,5600,21.78,22.28,41527,37497,0.903,INR/bbl,Dhan API v2 (Client 1112620458)
2026-06-12 17:00,2026-06-12,17,Crude,5624.32,5635.46,11.14,0.198,6941,78835,5600,21.99,22.49,40534,38301,0.9449,INR/bbl,Dhan API v2 (Client 1112620458)
2026-06-12 18:00,2026-06-12,18,Crude,5624.31,5632.84,8.54,0.1518,7075,79260,5600,21.88,22.38,41609,37651,0.9049,INR/bbl,Dhan API v2 (Client 1112620458)
2026-06-12 19:00,2026-06-12,19,Crude,5633.2,5644.3,11.1,0.197,13569,79052,5600,21.44,21.94,40836,38216,0.9358,INR/bbl,Dhan API v2 (Client 1112620458)
2026-06-12 20:00,2026-06-12,20,Crude,5632.32,5659.96,27.63,0.4906,1328,78915,5600,21.82,22.32,42014,36901,0.8783,INR/bbl,Dhan API v2 (Client 1112620458)
2026-06-12 21:00,2026-06-12,21,Crude,5651.23,5681.81,30.58,0.5411,12496,79005,5700,21.0,21.5,42011,36994,0.8806,INR/bbl,Dhan API v2 (Client 1112620458)
2026-06-12 22:00,2026-06-12,22,Crude,5654.74,5669.64,14.9,0.2635,10636,78563,5700,21.37,21.87,41297,37266,0.9024,INR/bbl,Dhan API v2 (Client 1112620458)
2026-06-12 23:00,2026-06-12,23,Crude,5647.09,5667.2,20.11,0.3561,4040,78950,5600,21.72,22.22,41513,37437,0.9018,INR/bbl,Dhan API v2 (Client 1112620458)
2026-06-15 09:00,2026-06-15,9,Crude,5623.7,5638.12,14.42,0.2564,2022,79557,5600,21.32,21.82,42021,37536,0.8933,INR/bbl,Dhan API v2 (Client 1112620458)
2026-06-15 10:00,2026-06-15,10,Crude,5611.25,5622.32,11.07,0.1972,8140,77686,5600,21.67,22.17,41022,36664,0.8938,INR/bbl,Dhan API v2 (Client 1112620458)
2026-06-15 11:00,2026-06-15,11,Crude,5617.66,5631.55,13.89,0.2472,13281,78935,5600,22.36,22.86,41432,37503,0.9052,INR/bbl,Dhan API v2 (Client 1112620458)
2026-06-15 12:00,2026-06-15,12,Crude,5609.42,5652.08,42.66,0.7605,4641,79683,5600,21.71,22.21,41718,37965,0.91,INR/bbl,Dhan API v2 (Client 1112620458)
2026-06-15 13:00,2026-06-15,13,Crude,5582.69,5597.22,14.53,0.2602,4961,80305,5600,21.32,21.82,42165,38140,0.9045,INR/bbl,Dhan API v2 (Client 1112620458)
2026-06-15 14:00,2026-06-15,14,Crude,5582.2,5607.41,25.22,0.4517,10594,79077,5600,21.62,22.12,40851,38226,0.9357,INR/bbl,Dhan API v2 (Client 1112620458)
2026-06-15 15:00,2026-06-15,15,Crude,5560.64,5581.07,20.43,0.3673,11977,80010,5600,21.88,22.38,42503,37507,0.8825,INR/bbl,Dhan API v2 (Client 1112620458)
2026-06-15 16:00,2026-06-15,16,Crude,5535.26,5547.0,11.74,0.212,1902,80632,5500,21.83,22.33,42477,38155,0.8983,INR/bbl,Dhan API v2 (Client 1112620458)
2026-06-15 17:00,2026-06-15,17,Crude,5547.61,5552.9,5.28,0.0952,9817,81000,5500,21.16,21.66,41754,39246,0.9399,INR/bbl,Dhan API v2 (Client 1112620458)
2026-06-15 18:00,2026-06-15,18,Crude,5572.62,5586.48,13.85,0.2486,14627,78611,5600,21.54,22.04,40935,37676,0.9204,INR/bbl,Dhan API v2 (Client 1112620458)
2026-06-15 19:00,2026-06-15,19,Crude,5579.37,5599.71,20.34,0.3646,7666,80407,5600,21.89,22.39,42022,38385,0.9135,INR/bbl,Dhan API v2 (Client 1112620458)
2026-06-15 20:00,2026-06-15,20,Crude,5614.55,5617.34,2.79,0.0496,11807,79682,5600,21.88,22.38,41901,37781,0.9017,INR/bbl,Dhan API v2 (Client 1112620458)
2026-06-15 21:00,2026-06-15,21,Crude,5575.91,5588.1,12.19,0.2186,5551,79661,5600,21.34,21.84,42176,37485,0.8888,INR/bbl,Dhan API v2 (Client 1112620458)
2026-06-15 22:00,2026-06-15,22,Crude,5597.46,5615.5,18.04,0.3223,5833,78906,5600,21.9,22.4,41003,37903,0.9244,INR/bbl,Dhan API v2 (Client 1112620458)
2026-06-15 23:00,2026-06-15,23,Crude,5595.1,5612.31,17.21,0.3076,13303,78132,5600,21.12,21.62,41410,36722,0.8868,INR/bbl,Dhan API v2 (Client 1112620458)
2026-06-16 09:00,2026-06-16,9,Crude,5612.65,5623.42,10.77,0.1918,7163,78922,5600,21.61,22.11,41630,37292,0.8958,INR/bbl,Dhan API v2 (Client 1112620458)
2026-06-16 10:00,2026-06-16,10,Crude,5577.0,5591.56,14.57,0.2612,4954,81408,5600,21.28,21.78,42401,39007,0.92,INR/bbl,Dhan API v2 (Client 1112620458)
2026-06-16 11:00,2026-06-16,11,Crude,5546.35,5566.57,20.22,0.3646,7881,81044,5500,22.15,22.65,41757,39287,0.9408,INR/bbl,Dhan API v2 (Client 1112620458)
2026-06-16 12:00,2026-06-16,12,Crude,5504.41,5516.09,11.68,0.2122,1340,80434,5500,21.4,21.9,42215,38219,0.9053,INR/bbl,Dhan API v2 (Client 1112620458)
2026-06-16 13:00,2026-06-16,13,Crude,5492.64,5507.27,14.63,0.2663,1398,78781,5500,21.87,22.37,41433,37348,0.9014,INR/bbl,Dhan API v2 (Client 1112620458)
2026-06-16 14:00,2026-06-16,14,Crude,5458.73,5479.82,21.09,0.3864,11455,78358,5500,21.36,21.86,40498,37860,0.9349,INR/bbl,Dhan API v2 (Client 1112620458)
2026-06-16 15:00,2026-06-16,15,Crude,5474.83,5490.85,16.03,0.2927,8488,78324,5500,21.6,22.1,40670,37654,0.9258,INR/bbl,Dhan API v2 (Client 1112620458)
2026-06-16 16:00,2026-06-16,16,Crude,5490.14,5524.41,34.28,0.6243,2753,79265,5500,21.97,22.47,41491,37774,0.9104,INR/bbl,Dhan API v2 (Client 1112620458)
2026-06-16 17:00,2026-06-16,17,Crude,5542.01,5566.44,24.43,0.4408,1677,80800,5500,20.83,21.33,42134,38666,0.9177,INR/bbl,Dhan API v2 (Client 1112620458)
2026-06-16 18:00,2026-06-16,18,Crude,5530.21,5568.75,38.54,0.6969,4253,79616,5500,21.69,22.19,41140,38476,0.9352,INR/bbl,Dhan API v2 (Client 1112620458)
2026-06-16 19:00,2026-06-16,19,Crude,5530.01,5555.4,25.39,0.4592,2754,80496,5500,21.48,21.98,41460,39036,0.9415,INR/bbl,Dhan API v2 (Client 1112620458)
2026-06-16 20:00,2026-06-16,20,Crude,5567.99,5578.36,10.37,0.1862,13037,80608,5600,21.65,22.15,42168,38440,0.9116,INR/bbl,Dhan API v2 (Client 1112620458)
2026-06-16 21:00,2026-06-16,21,Crude,5566.03,5578.31,12.28,0.2207,1753,79275,5600,21.56,22.06,40085,39190,0.9777,INR/bbl,Dhan API v2 (Client 1112620458)
2026-06-16 22:00,2026-06-16,22,Crude,5570.4,5588.12,17.73,0.3182,3333,80262,5600,20.95,21.45,41448,38814,0.9365,INR/bbl,Dhan API v2 (Client 1112620458)
2026-06-16 23:00,2026-06-16,23,Crude,5572.55,5580.19,7.64,0.137,13993,79663,5600,21.34,21.84,41225,38438,0.9324,INR/bbl,Dhan API v2 (Client 1112620458)
2026-06-17 09:00,2026-06-17,9,Crude,5570.17,5597.13,26.96,0.484,4101,80458,5600,21.26,21.76,41480,38978,0.9397,INR/bbl,Dhan API v2 (Client 1112620458)
2026-06-17 10:00,2026-06-17,10,Crude,5582.09,5590.01,7.92,0.1419,5149,80840,5600,21.53,22.03,42364,38476,0.9082,INR/bbl,Dhan API v2 (Client 1112620458)
2026-06-17 11:00,2026-06-17,11,Crude,5567.56,5578.32,10.76,0.1932,6829,78671,5600,21.73,22.23,41602,37069,0.891,INR/bbl,Dhan API v2 (Client 1112620458)
2026-06-17 12:00,2026-06-17,12,Crude,5583.62,5610.59,26.97,0.4831,11409,80963,5600,21.84,22.34,42743,38220,0.8942,INR/bbl,Dhan API v2 (Client 1112620458)
2026-06-17 13:00,2026-06-17,13,Crude,5610.83,5620.12,9.29,0.1655,11557,78378,5600,21.45,21.95,40770,37608,0.9224,INR/bbl,Dhan API v2 (Client 1112620458)
2026-06-17 14:00,2026-06-17,14,Crude,5611.72,5629.42,17.7,0.3155,11285,80061,5600,21.57,22.07,42180,37881,0.8981,INR/bbl,Dhan API v2 (Client 1112620458)
2026-06-17 15:00,2026-06-17,15,Crude,5583.04,5610.74,27.7,0.4961,6234,78948,5600,21.43,21.93,41438,37510,0.9052,INR/bbl,Dhan API v2 (Client 1112620458)
2026-06-17 16:00,2026-06-17,16,Crude,5581.86,5587.68,5.82,0.1042,14739,79797,5600,21.61,22.11,41715,38082,0.9129,INR/bbl,Dhan API v2 (Client 1112620458)
2026-06-17 17:00,2026-06-17,17,Crude,5545.29,5547.88,2.58,0.0466,1265,80287,5500,21.7,22.2,41514,38773,0.934,INR/bbl,Dhan API v2 (Client 1112620458)
2026-06-17 18:00,2026-06-17,18,Crude,5540.59,5564.78,24.19,0.4365,1262,81243,5500,21.56,22.06,42634,38609,0.9056,INR/bbl,Dhan API v2 (Client 1112620458)
2026-06-17 19:00,2026-06-17,19,Crude,5542.0,5568.59,26.58,0.4797,2818,78849,5500,21.51,22.01,41250,37599,0.9115,INR/bbl,Dhan API v2 (Client 1112620458)
2026-06-17 20:00,2026-06-17,20,Crude,5586.11,5592.01,5.9,0.1056,9606,80864,5600,21.65,22.15,42291,38573,0.9121,INR/bbl,Dhan API v2 (Client 1112620458)
2026-06-17 21:00,2026-06-17,21,Crude,5590.76,5597.92,7.16,0.1281,4731,79708,5600,21.85,22.35,42304,37404,0.8842,INR/bbl,Dhan API v2 (Client 1112620458)
2026-06-17 22:00,2026-06-17,22,Crude,5624.47,5643.27,18.8,0.3343,12009,79776,5600,20.92,21.42,41326,38450,0.9304,INR/bbl,Dhan API v2 (Client 1112620458)
2026-06-17 23:00,2026-06-17,23,Crude,5635.8,5653.75,17.96,0.3186,12377,78502,5600,21.92,22.42,41110,37392,0.9096,INR/bbl,Dhan API v2 (Client 1112620458)
2026-06-18 09:00,2026-06-18,9,Crude,5631.53,5655.19,23.65,0.42,7449,79978,5600,21.48,21.98,41230,38748,0.9398,INR/bbl,Dhan API v2 (Client 1112620458)
2026-06-18 10:00,2026-06-18,10,Crude,5665.94,5681.58,15.64,0.2761,3577,78333,5700,21.8,22.3,40753,37580,0.9221,INR/bbl,Dhan API v2 (Client 1112620458)
2026-06-18 11:00,2026-06-18,11,Crude,5702.4,5698.35,-4.05,-0.071,10663,79199,5700,22.18,22.68,41681,37518,0.9001,INR/bbl,Dhan API v2 (Client 1112620458)
2026-06-18 12:00,2026-06-18,12,Crude,5723.77,5737.01,13.24,0.2313,12369,79090,5700,21.53,22.03,40958,38132,0.931,INR/bbl,Dhan API v2 (Client 1112620458)
2026-06-18 13:00,2026-06-18,13,Crude,5685.31,5707.24,21.93,0.3857,702,79999,5700,21.2,21.7,42196,37803,0.8959,INR/bbl,Dhan API v2 (Client 1112620458)
2026-06-18 14:00,2026-06-18,14,Crude,5645.98,5663.42,17.44,0.3089,8307,79164,5600,21.62,22.12,41423,37741,0.9111,INR/bbl,Dhan API v2 (Client 1112620458)
2026-06-18 15:00,2026-06-18,15,Crude,5640.3,5662.54,22.24,0.3943,3863,78121,5600,22.16,22.66,40271,37850,0.9399,INR/bbl,Dhan API v2 (Client 1112620458)
2026-06-18 16:00,2026-06-18,16,Crude,5674.52,5680.58,6.06,0.1068,807,79164,5700,21.81,22.31,41208,37956,0.9211,INR/bbl,Dhan API v2 (Client 1112620458)
2026-06-18 17:00,2026-06-18,17,Crude,5683.49,5693.45,9.96,0.1752,1497,80476,5700,21.64,22.14,41341,39135,0.9466,INR/bbl,Dhan API v2 (Client 1112620458)
2026-06-18 18:00,2026-06-18,18,Crude,5660.11,5658.45,-1.66,-0.0293,2285,78427,5700,21.27,21.77,40816,37611,0.9215,INR/bbl,Dhan API v2 (Client 1112620458)
2026-06-18 19:00,2026-06-18,19,Crude,5624.76,5631.99,7.22,0.1284,12251,79341,5600,21.02,21.52,42459,36882,0.8686,INR/bbl,Dhan API v2 (Client 1112620458)
2026-06-18 20:00,2026-06-18,20,Crude,5620.95,5638.44,17.49,0.3112,1102,78790,5600,21.85,22.35,40748,38042,0.9336,INR/bbl,Dhan API v2 (Client 1112620458)
2026-06-18 21:00,2026-06-18,21,Crude,5604.41,5631.89,27.49,0.4904,9613,79533,5600,21.15,21.65,41664,37869,0.9089,INR/bbl,Dhan API v2 (Client 1112620458)
2026-06-18 22:00,2026-06-18,22,Crude,5588.51,5602.04,13.54,0.2422,7928,80399,5600,21.1,21.6,41938,38461,0.9171,INR/bbl,Dhan API v2 (Client 1112620458)
2026-06-18 23:00,2026-06-18,23,Crude,5568.39,5581.63,13.23,0.2377,2198,79720,5600,21.79,22.29,41262,38458,0.932,INR/bbl,Dhan API v2 (Client 1112620458)
2026-06-19 09:00,2026-06-19,9,Crude,5553.12,5558.57,5.46,0.0983,11733,78613,5600,21.86,22.36,41636,36977,0.8881,INR/bbl,Dhan API v2 (Client 1112620458)
2026-06-19 10:00,2026-06-19,10,Crude,5542.08,5557.17,15.09,0.2723,9582,80601,5500,21.63,22.13,41945,38656,0.9216,INR/bbl,Dhan API v2 (Client 1112620458)
2026-06-19 11:00,2026-06-19,11,Crude,5511.52,5529.52,18.01,0.3267,14955,79574,5500,22.04,22.54,41571,38003,0.9142,INR/bbl,Dhan API v2 (Client 1112620458)
2026-06-19 12:00,2026-06-19,12,Crude,5490.14,5504.1,13.96,0.2543,7659,79432,5500,22.24,22.74,42416,37016,0.8727,INR/bbl,Dhan API v2 (Client 1112620458)
2026-06-19 13:00,2026-06-19,13,Crude,5514.12,5524.71,10.59,0.192,1311,78948,5500,21.76,22.26,41045,37903,0.9234,INR/bbl,Dhan API v2 (Client 1112620458)
2026-06-19 14:00,2026-06-19,14,Crude,5500.07,5517.4,17.33,0.3152,5665,79383,5500,22.24,22.74,41561,37822,0.91,INR/bbl,Dhan API v2 (Client 1112620458)
2026-06-19 15:00,2026-06-19,15,Crude,5496.95,5512.12,15.18,0.2761,13864,78792,5500,21.74,22.24,40840,37952,0.9293,INR/bbl,Dhan API v2 (Client 1112620458)
2026-06-19 16:00,2026-06-19,16,Crude,5467.28,5475.25,7.97,0.1458,1109,79066,5500,21.2,21.7,40742,38324,0.9407,INR/bbl,Dhan API v2 (Client 1112620458)
2026-06-19 17:00,2026-06-19,17,Crude,5448.45,5478.52,30.07,0.552,3154,79608,5400,21.09,21.59,41150,38458,0.9346,INR/bbl,Dhan API v2 (Client 1112620458)
2026-06-19 18:00,2026-06-19,18,Crude,5442.0,5475.96,33.97,0.6242,8920,79625,5400,21.96,22.46,41570,38055,0.9154,INR/bbl,Dhan API v2 (Client 1112620458)
2026-06-19 19:00,2026-06-19,19,Crude,5435.41,5450.86,15.45,0.2842,11559,80671,5400,21.97,22.47,43298,37373,0.8632,INR/bbl,Dhan API v2 (Client 1112620458)
2026-06-19 20:00,2026-06-19,20,Crude,5405.78,5415.55,9.77,0.1807,587,80606,5400,22.14,22.64,42205,38401,0.9099,INR/bbl,Dhan API v2 (Client 1112620458)
2026-06-19 21:00,2026-06-19,21,Crude,5381.55,5414.9,33.35,0.6197,5081,80318,5400,21.89,22.39,41462,38856,0.9371,INR/bbl,Dhan API v2 (Client 1112620458)
2026-06-19 22:00,2026-06-19,22,Crude,5392.28,5402.96,10.69,0.1982,11879,79915,5400,21.37,21.87,42224,37691,0.8926,INR/bbl,Dhan API v2 (Client 1112620458)
2026-06-19 23:00,2026-06-19,23,Crude,5433.41,5451.71,18.3,0.3368,8547,80322,5400,20.87,21.37,41671,38651,0.9275,INR/bbl,Dhan API v2 (Client 1112620458)
2026-06-22 09:00,2026-06-22,9,Crude,5420.87,5422.23,1.36,0.025,3818,79771,5400,22.06,22.56,41730,38041,0.9116,INR/bbl,Dhan API v2 (Client 1112620458)
2026-06-22 10:00,2026-06-22,10,Crude,5405.47,5414.46,8.98,0.1662,12995,78567,5400,21.42,21.92,40906,37661,0.9207,INR/bbl,Dhan API v2 (Client 1112620458)
2026-06-22 11:00,2026-06-22,11,Crude,5428.4,5439.66,11.27,0.2075,1694,78527,5400,21.59,22.09,40691,37836,0.9298,INR/bbl,Dhan API v2 (Client 1112620458)
2026-06-22 12:00,2026-06-22,12,Crude,5429.74,5454.55,24.81,0.4569,6305,79621,5400,20.97,21.47,41886,37735,0.9009,INR/bbl,Dhan API v2 (Client 1112620458)
2026-06-22 13:00,2026-06-22,13,Crude,5482.42,5483.26,0.83,0.0152,9764,80039,5500,21.58,22.08,41265,38774,0.9396,INR/bbl,Dhan API v2 (Client 1112620458)
2026-06-22 14:00,2026-06-22,14,Crude,5480.29,5503.17,22.89,0.4176,5397,79813,5500,20.84,21.34,41475,38338,0.9244,INR/bbl,Dhan API v2 (Client 1112620458)
2026-06-22 15:00,2026-06-22,15,Crude,5496.93,5503.97,7.04,0.1281,1613,79414,5500,21.54,22.04,41188,38226,0.9281,INR/bbl,Dhan API v2 (Client 1112620458)
2026-06-22 16:00,2026-06-22,16,Crude,5496.77,5508.66,11.89,0.2164,3081,80563,5500,21.51,22.01,42193,38370,0.9094,INR/bbl,Dhan API v2 (Client 1112620458)
2026-06-22 17:00,2026-06-22,17,Crude,5509.83,5514.74,4.91,0.0891,10903,79181,5500,21.75,22.25,41330,37851,0.9158,INR/bbl,Dhan API v2 (Client 1112620458)
2026-06-22 18:00,2026-06-22,18,Crude,5487.79,5494.04,6.26,0.114,10700,79574,5500,21.83,22.33,40152,39422,0.9818,INR/bbl,Dhan API v2 (Client 1112620458)
2026-06-22 19:00,2026-06-22,19,Crude,5461.39,5480.43,19.04,0.3486,14225,78173,5500,21.6,22.1,40284,37889,0.9405,INR/bbl,Dhan API v2 (Client 1112620458)
2026-06-22 20:00,2026-06-22,20,Crude,5438.26,5447.96,9.7,0.1783,8712,78878,5400,21.68,22.18,40353,38525,0.9547,INR/bbl,Dhan API v2 (Client 1112620458)
2026-06-22 21:00,2026-06-22,21,Crude,5403.37,5421.57,18.2,0.3369,512,77741,5400,21.21,21.71,40171,37570,0.9353,INR/bbl,Dhan API v2 (Client 1112620458)
2026-06-22 22:00,2026-06-22,22,Crude,5391.56,5406.98,15.42,0.286,4569,79956,5400,21.39,21.89,41754,38202,0.9149,INR/bbl,Dhan API v2 (Client 1112620458)
2026-06-22 23:00,2026-06-22,23,Crude,5425.63,5439.73,14.1,0.2598,5599,79423,5400,21.61,22.11,41031,38392,0.9357,INR/bbl,Dhan API v2 (Client 1112620458)
2026-06-23 09:00,2026-06-23,9,Crude,5427.42,5443.7,16.28,0.2999,4622,79570,5400,21.38,21.88,41469,38101,0.9188,INR/bbl,Dhan API v2 (Client 1112620458)
2026-06-23 10:00,2026-06-23,10,Crude,5430.87,5438.54,7.67,0.1412,1834,79514,5400,22.44,22.94,41408,38106,0.9203,INR/bbl,Dhan API v2 (Client 1112620458)
2026-06-23 11:00,2026-06-23,11,Crude,5434.54,5457.99,23.45,0.4314,6191,78254,5400,22.0,22.5,40729,37525,0.9213,INR/bbl,Dhan API v2 (Client 1112620458)
2026-06-23 12:00,2026-06-23,12,Crude,5413.73,5430.55,16.82,0.3108,6456,81547,5400,22.38,22.88,42444,39103,0.9213,INR/bbl,Dhan API v2 (Client 1112620458)
2026-06-23 13:00,2026-06-23,13,Crude,5440.79,5475.81,35.02,0.6437,14828,79172,5400,21.34,21.84,40888,38284,0.9363,INR/bbl,Dhan API v2 (Client 1112620458)
2026-06-23 14:00,2026-06-23,14,Crude,5433.93,5442.5,8.57,0.1578,10772,79535,5400,21.66,22.16,41518,38017,0.9157,INR/bbl,Dhan API v2 (Client 1112620458)
2026-06-23 15:00,2026-06-23,15,Crude,5438.45,5450.23,11.79,0.2167,12948,79626,5400,21.86,22.36,41754,37872,0.907,INR/bbl,Dhan API v2 (Client 1112620458)
2026-06-23 16:00,2026-06-23,16,Crude,5415.72,5412.58,-3.14,-0.058,929,78899,5400,21.7,22.2,41569,37330,0.898,INR/bbl,Dhan API v2 (Client 1112620458)
2026-06-23 17:00,2026-06-23,17,Crude,5420.61,5439.56,18.95,0.3495,1668,80962,5400,21.12,21.62,41972,38990,0.929,INR/bbl,Dhan API v2 (Client 1112620458)
2026-06-23 18:00,2026-06-23,18,Crude,5415.86,5434.29,18.43,0.3403,10476,80578,5400,21.39,21.89,41774,38804,0.9289,INR/bbl,Dhan API v2 (Client 1112620458)
2026-06-23 19:00,2026-06-23,19,Crude,5416.92,5416.25,-0.66,-0.0123,4804,78187,5400,21.89,22.39,41127,37060,0.9011,INR/bbl,Dhan API v2 (Client 1112620458)
2026-06-23 20:00,2026-06-23,20,Crude,5429.05,5426.27,-2.78,-0.0511,8793,78864,5400,22.03,22.53,41356,37508,0.907,INR/bbl,Dhan API v2 (Client 1112620458)
2026-06-23 21:00,2026-06-23,21,Crude,5439.26,5452.85,13.58,0.2497,14359,78797,5400,21.53,22.03,41166,37631,0.9141,INR/bbl,Dhan API v2 (Client 1112620458)
2026-06-23 22:00,2026-06-23,22,Crude,5441.82,5470.33,28.5,0.5238,14110,79058,5400,21.21,21.71,40400,38658,0.9569,INR/bbl,Dhan API v2 (Client 1112620458)
2026-06-23 23:00,2026-06-23,23,Crude,5424.32,5440.64,16.32,0.3008,12602,80762,5400,21.18,21.68,41704,39058,0.9366,INR/bbl,Dhan API v2 (Client 1112620458)
2026-06-24 09:00,2026-06-24,9,Crude,5407.04,5442.21,35.17,0.6505,6063,80391,5400,21.82,22.32,42013,38378,0.9135,INR/bbl,Dhan API v2 (Client 1112620458)
2026-06-24 10:00,2026-06-24,10,Crude,5410.58,5420.27,9.68,0.179,12051,79119,5400,21.52,22.02,41157,37962,0.9224,INR/bbl,Dhan API v2 (Client 1112620458)
2026-06-24 11:00,2026-06-24,11,Crude,5398.69,5424.93,26.23,0.4859,3555,79400,5400,21.21,21.71,41528,37872,0.912,INR/bbl,Dhan API v2 (Client 1112620458)
2026-06-24 12:00,2026-06-24,12,Crude,5403.43,5419.81,16.39,0.3033,3338,79049,5400,21.42,21.92,41315,37734,0.9133,INR/bbl,Dhan API v2 (Client 1112620458)
2026-06-24 13:00,2026-06-24,13,Crude,5377.03,5380.59,3.56,0.0663,8183,79879,5400,21.67,22.17,42033,37846,0.9004,INR/bbl,Dhan API v2 (Client 1112620458)
2026-06-24 14:00,2026-06-24,14,Crude,5386.39,5397.69,11.29,0.2097,8550,79683,5400,21.23,21.73,41539,38144,0.9183,INR/bbl,Dhan API v2 (Client 1112620458)
2026-06-24 15:00,2026-06-24,15,Crude,5365.74,5367.81,2.06,0.0385,12816,79242,5400,22.16,22.66,41418,37824,0.9132,INR/bbl,Dhan API v2 (Client 1112620458)
2026-06-24 16:00,2026-06-24,16,Crude,5359.4,5361.12,1.71,0.032,12958,78307,5400,21.49,21.99,41471,36836,0.8882,INR/bbl,Dhan API v2 (Client 1112620458)
2026-06-24 17:00,2026-06-24,17,Crude,5344.05,5358.49,14.44,0.2702,14576,80095,5300,21.48,21.98,41958,38137,0.9089,INR/bbl,Dhan API v2 (Client 1112620458)
2026-06-24 18:00,2026-06-24,18,Crude,5338.07,5341.98,3.9,0.0731,5664,79326,5300,21.76,22.26,41554,37772,0.909,INR/bbl,Dhan API v2 (Client 1112620458)
2026-06-24 19:00,2026-06-24,19,Crude,5315.27,5336.16,20.89,0.393,9918,79691,5300,21.72,22.22,42492,37199,0.8754,INR/bbl,Dhan API v2 (Client 1112620458)
2026-06-24 20:00,2026-06-24,20,Crude,5308.3,5316.55,8.26,0.1555,1602,80010,5300,21.87,22.37,41301,38709,0.9372,INR/bbl,Dhan API v2 (Client 1112620458)
2026-06-24 21:00,2026-06-24,21,Crude,5321.16,5330.95,9.78,0.1839,976,80015,5300,21.67,22.17,41676,38339,0.9199,INR/bbl,Dhan API v2 (Client 1112620458)
2026-06-24 22:00,2026-06-24,22,Crude,5329.23,5331.34,2.11,0.0395,14940,79890,5300,21.63,22.13,41644,38246,0.9184,INR/bbl,Dhan API v2 (Client 1112620458)
2026-06-24 23:00,2026-06-24,23,Crude,5291.78,5292.73,0.95,0.018,14149,79696,5300,21.85,22.35,42429,37267,0.8783,INR/bbl,Dhan API v2 (Client 1112620458)
2026-06-25 09:00,2026-06-25,9,Crude,5261.85,5262.13,0.29,0.0055,7885,79127,5300,21.14,21.64,41335,37792,0.9143,INR/bbl,Dhan API v2 (Client 1112620458)
2026-06-25 10:00,2026-06-25,10,Crude,5260.99,5265.08,4.08,0.0776,13366,79154,5300,21.84,22.34,41705,37449,0.8979,INR/bbl,Dhan API v2 (Client 1112620458)
2026-06-25 11:00,2026-06-25,11,Crude,5244.15,5247.52,3.37,0.0642,6236,79408,5200,21.65,22.15,41804,37604,0.8995,INR/bbl,Dhan API v2 (Client 1112620458)
2026-06-25 12:00,2026-06-25,12,Crude,5241.45,5257.07,15.62,0.298,5882,79798,5200,22.19,22.69,40982,38816,0.9471,INR/bbl,Dhan API v2 (Client 1112620458)
2026-06-25 13:00,2026-06-25,13,Crude,5232.17,5257.17,25.01,0.478,8319,81840,5200,21.54,22.04,41596,40244,0.9675,INR/bbl,Dhan API v2 (Client 1112620458)
2026-06-25 14:00,2026-06-25,14,Crude,5239.71,5248.94,9.23,0.1762,11851,79594,5200,20.28,20.78,41542,38052,0.916,INR/bbl,Dhan API v2 (Client 1112620458)
2026-06-25 15:00,2026-06-25,15,Crude,5254.84,5266.96,12.12,0.2307,775,78259,5300,21.42,21.92,40810,37449,0.9176,INR/bbl,Dhan API v2 (Client 1112620458)
2026-06-25 16:00,2026-06-25,16,Crude,5272.88,5282.47,9.58,0.1818,9336,78888,5300,21.79,22.29,41401,37487,0.9055,INR/bbl,Dhan API v2 (Client 1112620458)
2026-06-25 17:00,2026-06-25,17,Crude,5285.07,5301.01,15.94,0.3016,5431,79464,5300,21.44,21.94,40647,38817,0.955,INR/bbl,Dhan API v2 (Client 1112620458)
2026-06-25 18:00,2026-06-25,18,Crude,5288.79,5305.04,16.26,0.3074,10613,77662,5300,21.39,21.89,40299,37363,0.9271,INR/bbl,Dhan API v2 (Client 1112620458)
2026-06-25 19:00,2026-06-25,19,Crude,5267.25,5264.22,-3.03,-0.0575,11144,78435,5300,21.91,22.41,40556,37879,0.934,INR/bbl,Dhan API v2 (Client 1112620458)
2026-06-25 20:00,2026-06-25,20,Crude,5265.42,5271.83,6.41,0.1217,14886,78865,5300,21.65,22.15,40248,38617,0.9595,INR/bbl,Dhan API v2 (Client 1112620458)
2026-06-25 21:00,2026-06-25,21,Crude,5283.79,5303.84,20.05,0.3795,2076,79752,5300,22.14,22.64,41289,38463,0.9316,INR/bbl,Dhan API v2 (Client 1112620458)
2026-06-25 22:00,2026-06-25,22,Crude,5286.11,5281.76,-4.35,-0.0822,5479,80089,5300,21.69,22.19,41783,38306,0.9168,INR/bbl,Dhan API v2 (Client 1112620458)
2026-06-25 23:00,2026-06-25,23,Crude,5275.08,5289.73,14.65,0.2777,12162,79127,5300,21.59,22.09,41530,37597,0.9053,INR/bbl,Dhan API v2 (Client 1112620458)
2026-06-26 09:00,2026-06-26,9,Crude,5286.8,5298.21,11.41,0.2158,3460,79128,5300,21.55,22.05,41903,37225,0.8884,INR/bbl,Dhan API v2 (Client 1112620458)
2026-06-26 10:00,2026-06-26,10,Crude,5298.62,5322.58,23.96,0.4523,14056,79272,5300,22.03,22.53,41059,38213,0.9307,INR/bbl,Dhan API v2 (Client 1112620458)
2026-06-26 11:00,2026-06-26,11,Crude,5286.3,5306.31,20.01,0.3785,4032,79244,5300,21.79,22.29,41560,37684,0.9067,INR/bbl,Dhan API v2 (Client 1112620458)
2026-06-26 12:00,2026-06-26,12,Crude,5309.42,5324.51,15.09,0.2843,9330,79618,5300,21.49,21.99,41213,38405,0.9319,INR/bbl,Dhan API v2 (Client 1112620458)
2026-06-26 13:00,2026-06-26,13,Crude,5341.69,5336.64,-5.05,-0.0945,11533,79509,5300,21.11,21.61,41151,38358,0.9321,INR/bbl,Dhan API v2 (Client 1112620458)
2026-06-26 14:00,2026-06-26,14,Crude,5369.44,5372.79,3.35,0.0623,11265,78936,5400,21.61,22.11,41168,37768,0.9174,INR/bbl,Dhan API v2 (Client 1112620458)
2026-06-26 15:00,2026-06-26,15,Crude,5391.33,5400.28,8.95,0.166,13539,81392,5400,21.63,22.13,42327,39065,0.9229,INR/bbl,Dhan API v2 (Client 1112620458)
2026-06-26 16:00,2026-06-26,16,Crude,5415.99,5420.0,4.01,0.0741,3484,80448,5400,21.22,21.72,41463,38985,0.9402,INR/bbl,Dhan API v2 (Client 1112620458)
2026-06-26 17:00,2026-06-26,17,Crude,5415.63,5425.29,9.66,0.1783,4282,80025,5400,21.39,21.89,41290,38735,0.9381,INR/bbl,Dhan API v2 (Client 1112620458)
2026-06-26 18:00,2026-06-26,18,Crude,5399.13,5397.14,-1.99,-0.0369,10441,78513,5400,21.61,22.11,41053,37460,0.9125,INR/bbl,Dhan API v2 (Client 1112620458)
2026-06-26 19:00,2026-06-26,19,Crude,5385.58,5405.1,19.51,0.3623,9662,79854,5400,21.31,21.81,42253,37601,0.8899,INR/bbl,Dhan API v2 (Client 1112620458)
2026-06-26 20:00,2026-06-26,20,Crude,5399.07,5405.3,6.23,0.1153,5614,79051,5400,22.05,22.55,41424,37627,0.9083,INR/bbl,Dhan API v2 (Client 1112620458)
2026-06-26 21:00,2026-06-26,21,Crude,5421.79,5439.62,17.83,0.3289,3612,79720,5400,20.85,21.35,42021,37699,0.8971,INR/bbl,Dhan API v2 (Client 1112620458)
2026-06-26 22:00,2026-06-26,22,Crude,5452.5,5460.95,8.46,0.1551,13087,79173,5500,21.38,21.88,40524,38649,0.9537,INR/bbl,Dhan API v2 (Client 1112620458)
2026-06-26 23:00,2026-06-26,23,Crude,5447.63,5466.44,18.81,0.3454,731,80244,5400,21.33,21.83,41704,38540,0.9241,INR/bbl,Dhan API v2 (Client 1112620458)
2026-06-29 09:00,2026-06-29,9,Crude,5479.88,5486.12,6.25,0.114,7014,78040,5500,22.14,22.64,40780,37260,0.9137,INR/bbl,Dhan API v2 (Client 1112620458)
2026-06-29 10:00,2026-06-29,10,Crude,5473.96,5481.73,7.77,0.1419,4361,80215,5500,22.01,22.51,41270,38945,0.9437,INR/bbl,Dhan API v2 (Client 1112620458)
2026-06-29 11:00,2026-06-29,11,Crude,5475.83,5488.83,13.0,0.2374,4260,80547,5500,21.68,22.18,41704,38843,0.9314,INR/bbl,Dhan API v2 (Client 1112620458)
2026-06-29 12:00,2026-06-29,12,Crude,5470.03,5485.46,15.42,0.282,11795,80127,5500,21.04,21.54,41977,38150,0.9088,INR/bbl,Dhan API v2 (Client 1112620458)
2026-06-29 13:00,2026-06-29,13,Crude,5487.7,5502.06,14.36,0.2617,634,78309,5500,21.99,22.49,41004,37305,0.9098,INR/bbl,Dhan API v2 (Client 1112620458)
2026-06-29 14:00,2026-06-29,14,Crude,5546.43,5547.98,1.55,0.028,1598,78737,5500,21.41,21.91,40529,38208,0.9427,INR/bbl,Dhan API v2 (Client 1112620458)
2026-06-29 15:00,2026-06-29,15,Crude,5540.29,5556.7,16.41,0.2962,11037,78920,5500,21.72,22.22,41419,37501,0.9054,INR/bbl,Dhan API v2 (Client 1112620458)
2026-06-29 16:00,2026-06-29,16,Crude,5543.64,5555.27,11.63,0.2098,2662,78284,5500,21.46,21.96,40779,37505,0.9197,INR/bbl,Dhan API v2 (Client 1112620458)
2026-06-29 17:00,2026-06-29,17,Crude,5552.61,5571.07,18.46,0.3324,14833,78017,5600,21.5,22.0,41445,36572,0.8824,INR/bbl,Dhan API v2 (Client 1112620458)
2026-06-29 18:00,2026-06-29,18,Crude,5533.46,5538.73,5.27,0.0952,11616,79429,5500,21.53,22.03,41206,38223,0.9276,INR/bbl,Dhan API v2 (Client 1112620458)
2026-06-29 19:00,2026-06-29,19,Crude,5536.66,5550.47,13.81,0.2494,8352,78422,5500,21.22,21.72,40900,37522,0.9174,INR/bbl,Dhan API v2 (Client 1112620458)
2026-06-29 20:00,2026-06-29,20,Crude,5509.57,5515.46,5.89,0.1068,11783,77992,5500,21.79,22.29,40515,37477,0.925,INR/bbl,Dhan API v2 (Client 1112620458)
2026-06-29 21:00,2026-06-29,21,Crude,5493.08,5495.0,1.92,0.035,12884,80249,5500,21.14,21.64,41320,38929,0.9421,INR/bbl,Dhan API v2 (Client 1112620458)
2026-06-29 22:00,2026-06-29,22,Crude,5510.56,5519.01,8.45,0.1533,12252,80594,5500,20.8,21.3,41422,39172,0.9457,INR/bbl,Dhan API v2 (Client 1112620458)
2026-06-29 23:00,2026-06-29,23,Crude,5520.51,5537.81,17.3,0.3134,13773,80975,5500,21.57,22.07,41891,39084,0.933,INR/bbl,Dhan API v2 (Client 1112620458)
2026-06-30 09:00,2026-06-30,9,Crude,5537.19,5545.83,8.64,0.1561,10189,78780,5500,22.03,22.53,41407,37373,0.9026,INR/bbl,Dhan API v2 (Client 1112620458)
2026-06-30 10:00,2026-06-30,10,Crude,5534.52,5537.74,3.22,0.0582,9304,79612,5500,21.29,21.79,40887,38725,0.9471,INR/bbl,Dhan API v2 (Client 1112620458)
2026-06-30 11:00,2026-06-30,11,Crude,5513.53,5518.53,5.0,0.0907,12214,80705,5500,22.19,22.69,42894,37811,0.8815,INR/bbl,Dhan API v2 (Client 1112620458)
2026-06-30 12:00,2026-06-30,12,Crude,5487.96,5485.63,-2.33,-0.0425,8124,79062,5500,21.71,22.21,40712,38350,0.942,INR/bbl,Dhan API v2 (Client 1112620458)
2026-06-30 13:00,2026-06-30,13,Crude,5455.96,5473.57,17.61,0.3227,4976,77946,5500,21.31,21.81,40395,37551,0.9296,INR/bbl,Dhan API v2 (Client 1112620458)
2026-06-30 14:00,2026-06-30,14,Crude,5448.93,5470.24,21.31,0.3911,5788,79033,5400,21.4,21.9,41505,37528,0.9042,INR/bbl,Dhan API v2 (Client 1112620458)
2026-06-30 15:00,2026-06-30,15,Crude,5450.24,5473.05,22.8,0.4184,7678,79374,5500,21.82,22.32,41556,37818,0.91,INR/bbl,Dhan API v2 (Client 1112620458)
2026-06-30 16:00,2026-06-30,16,Crude,5417.5,5428.23,10.73,0.1981,1736,80622,5400,21.55,22.05,41803,38819,0.9286,INR/bbl,Dhan API v2 (Client 1112620458)
2026-06-30 17:00,2026-06-30,17,Crude,5432.42,5457.19,24.77,0.456,6548,81859,5400,22.07,22.57,42629,39230,0.9203,INR/bbl,Dhan API v2 (Client 1112620458)
2026-06-30 18:00,2026-06-30,18,Crude,5441.53,5451.28,9.75,0.1792,10366,81568,5400,22.12,22.62,42074,39494,0.9387,INR/bbl,Dhan API v2 (Client 1112620458)
2026-06-30 19:00,2026-06-30,19,Crude,5464.78,5475.21,10.43,0.1908,9674,79651,5500,21.64,22.14,41364,38287,0.9256,INR/bbl,Dhan API v2 (Client 1112620458)
2026-06-30 20:00,2026-06-30,20,Crude,5456.85,5486.14,29.28,0.5366,13995,78976,5500,22.3,22.8,40827,38149,0.9344,INR/bbl,Dhan API v2 (Client 1112620458)
2026-06-30 21:00,2026-06-30,21,Crude,5474.96,5475.59,0.62,0.0114,13061,79995,5500,21.39,21.89,41313,38682,0.9363,INR/bbl,Dhan API v2 (Client 1112620458)
2026-06-30 22:00,2026-06-30,22,Crude,5495.07,5503.98,8.92,0.1623,12181,80215,5500,21.98,22.48,42441,37774,0.89,INR/bbl,Dhan API v2 (Client 1112620458)
2026-06-30 23:00,2026-06-30,23,Crude,5470.21,5477.56,7.35,0.1344,7525,81060,5500,21.73,22.23,42917,38143,0.8888,INR/bbl,Dhan API v2 (Client 1112620458)
2026-07-01 09:00,2026-07-01,9,Crude,5456.4,5464.75,8.35,0.153,14324,78535,5500,21.83,22.33,40772,37763,0.9262,INR/bbl,Dhan API v2 (Client 1112620458)
2026-07-01 10:00,2026-07-01,10,Crude,5462.72,5482.69,19.97,0.3656,4069,79290,5500,20.76,21.26,42295,36995,0.8747,INR/bbl,Dhan API v2 (Client 1112620458)
2026-07-01 11:00,2026-07-01,11,Crude,5488.07,5498.43,10.36,0.1887,8684,80017,5500,21.38,21.88,41890,38127,0.9102,INR/bbl,Dhan API v2 (Client 1112620458)
2026-07-01 12:00,2026-07-01,12,Crude,5506.12,5527.94,21.83,0.3964,10235,78016,5500,21.53,22.03,40015,38001,0.9497,INR/bbl,Dhan API v2 (Client 1112620458)
2026-07-01 13:00,2026-07-01,13,Crude,5467.37,5478.11,10.74,0.1964,3344,79079,5500,20.88,21.38,41143,37936,0.9221,INR/bbl,Dhan API v2 (Client 1112620458)
2026-07-01 14:00,2026-07-01,14,Crude,5506.14,5517.14,11.0,0.1998,5865,79764,5500,21.67,22.17,41380,38384,0.9276,INR/bbl,Dhan API v2 (Client 1112620458)
2026-07-01 15:00,2026-07-01,15,Crude,5493.66,5516.77,23.11,0.4207,3639,78964,5500,21.53,22.03,40068,38896,0.9707,INR/bbl,Dhan API v2 (Client 1112620458)
2026-07-01 16:00,2026-07-01,16,Crude,5492.62,5495.74,3.12,0.0568,12619,80381,5500,21.39,21.89,41927,38454,0.9172,INR/bbl,Dhan API v2 (Client 1112620458)
2026-07-01 17:00,2026-07-01,17,Crude,5425.09,5421.63,-3.45,-0.0637,5886,79120,5400,21.83,22.33,41821,37299,0.8919,INR/bbl,Dhan API v2 (Client 1112620458)
2026-07-01 18:00,2026-07-01,18,Crude,5430.06,5426.25,-3.81,-0.0701,1859,79600,5400,21.27,21.77,41227,38373,0.9308,INR/bbl,Dhan API v2 (Client 1112620458)
2026-07-01 19:00,2026-07-01,19,Crude,5412.0,5419.25,7.24,0.1339,4131,80290,5400,21.27,21.77,41848,38442,0.9186,INR/bbl,Dhan API v2 (Client 1112620458)
2026-07-01 20:00,2026-07-01,20,Crude,5451.92,5460.7,8.77,0.1609,12543,78812,5500,21.54,22.04,41084,37728,0.9183,INR/bbl,Dhan API v2 (Client 1112620458)
2026-07-01 21:00,2026-07-01,21,Crude,5475.31,5467.22,-8.09,-0.1478,3602,80655,5500,21.73,22.23,41636,39019,0.9371,INR/bbl,Dhan API v2 (Client 1112620458)
2026-07-01 22:00,2026-07-01,22,Crude,5451.93,5477.99,26.06,0.4779,11335,80565,5500,21.16,21.66,41761,38804,0.9292,INR/bbl,Dhan API v2 (Client 1112620458)
2026-07-01 23:00,2026-07-01,23,Crude,5471.26,5476.85,5.59,0.1022,723,78437,5500,21.58,22.08,41182,37255,0.9046,INR/bbl,Dhan API v2 (Client 1112620458)
2026-07-02 09:00,2026-07-02,9,Crude,5479.01,5480.42,1.41,0.0258,6680,79882,5500,21.34,21.84,41436,38446,0.9278,INR/bbl,Dhan API v2 (Client 1112620458)
2026-07-02 10:00,2026-07-02,10,Crude,5467.36,5477.97,10.6,0.1939,8978,79480,5500,21.71,22.21,41468,38012,0.9167,INR/bbl,Dhan API v2 (Client 1112620458)
2026-07-02 11:00,2026-07-02,11,Crude,5481.99,5500.69,18.7,0.3411,11471,78501,5500,22.02,22.52,41409,37092,0.8957,INR/bbl,Dhan API v2 (Client 1112620458)
2026-07-02 12:00,2026-07-02,12,Crude,5525.98,5523.88,-2.09,-0.0379,6324,78927,5500,21.29,21.79,40280,38647,0.9595,INR/bbl,Dhan API v2 (Client 1112620458)
2026-07-02 13:00,2026-07-02,13,Crude,5553.78,5557.5,3.72,0.0669,1437,80088,5600,21.63,22.13,41955,38133,0.9089,INR/bbl,Dhan API v2 (Client 1112620458)
2026-07-02 14:00,2026-07-02,14,Crude,5554.02,5573.35,19.33,0.3481,4945,78181,5600,21.24,21.74,40675,37506,0.9221,INR/bbl,Dhan API v2 (Client 1112620458)
2026-07-02 15:00,2026-07-02,15,Crude,5559.05,5563.24,4.19,0.0754,3402,80106,5600,21.87,22.37,41700,38406,0.921,INR/bbl,Dhan API v2 (Client 1112620458)
2026-07-02 16:00,2026-07-02,16,Crude,5554.7,5573.24,18.54,0.3338,12251,79095,5600,21.61,22.11,41797,37298,0.8924,INR/bbl,Dhan API v2 (Client 1112620458)
2026-07-02 17:00,2026-07-02,17,Crude,5538.73,5555.35,16.62,0.3,8761,79117,5500,21.94,22.44,41950,37167,0.886,INR/bbl,Dhan API v2 (Client 1112620458)
2026-07-02 18:00,2026-07-02,18,Crude,5548.59,5566.32,17.74,0.3196,11768,80397,5500,21.61,22.11,41972,38425,0.9155,INR/bbl,Dhan API v2 (Client 1112620458)
2026-07-02 19:00,2026-07-02,19,Crude,5568.77,5567.02,-1.75,-0.0315,4205,80324,5600,21.69,22.19,41526,38798,0.9343,INR/bbl,Dhan API v2 (Client 1112620458)
2026-07-02 20:00,2026-07-02,20,Crude,5583.88,5602.59,18.71,0.3351,13247,77821,5600,21.04,21.54,40678,37143,0.9131,INR/bbl,Dhan API v2 (Client 1112620458)
2026-07-02 21:00,2026-07-02,21,Crude,5612.48,5625.94,13.46,0.2398,5420,79831,5600,21.46,21.96,41711,38120,0.9139,INR/bbl,Dhan API v2 (Client 1112620458)
2026-07-02 22:00,2026-07-02,22,Crude,5587.33,5588.33,0.99,0.0178,10091,78883,5600,21.17,21.67,41242,37641,0.9127,INR/bbl,Dhan API v2 (Client 1112620458)
2026-07-02 23:00,2026-07-02,23,Crude,5611.95,5626.87,14.93,0.266,9256,78983,5600,21.76,22.26,41621,37362,0.8977,INR/bbl,Dhan API v2 (Client 1112620458)
2026-07-03 09:00,2026-07-03,9,Crude,5648.25,5655.06,6.81,0.1206,6826,79064,5600,22.19,22.69,41451,37613,0.9074,INR/bbl,Dhan API v2 (Client 1112620458)
2026-07-03 10:00,2026-07-03,10,Crude,5632.11,5633.42,1.31,0.0233,11635,78933,5600,21.11,21.61,40838,38095,0.9328,INR/bbl,Dhan API v2 (Client 1112620458)
2026-07-03 11:00,2026-07-03,11,Crude,5595.61,5594.29,-1.32,-0.0237,4996,80060,5600,20.87,21.37,42073,37987,0.9029,INR/bbl,Dhan API v2 (Client 1112620458)
2026-07-03 12:00,2026-07-03,12,Crude,5594.33,5599.18,4.85,0.0866,14232,77759,5600,21.63,22.13,41537,36222,0.872,INR/bbl,Dhan API v2 (Client 1112620458)
2026-07-03 13:00,2026-07-03,13,Crude,5570.95,5574.86,3.91,0.0702,1063,79467,5600,21.55,22.05,41286,38181,0.9248,INR/bbl,Dhan API v2 (Client 1112620458)
2026-07-03 14:00,2026-07-03,14,Crude,5571.22,5582.83,11.61,0.2085,14822,78409,5600,22.16,22.66,40980,37429,0.9133,INR/bbl,Dhan API v2 (Client 1112620458)
2026-07-03 15:00,2026-07-03,15,Crude,5555.92,5562.92,7.0,0.126,5767,79059,5600,21.43,21.93,41053,38006,0.9258,INR/bbl,Dhan API v2 (Client 1112620458)
2026-07-03 16:00,2026-07-03,16,Crude,5562.8,5576.89,14.09,0.2534,4742,79964,5600,21.8,22.3,41422,38542,0.9305,INR/bbl,Dhan API v2 (Client 1112620458)
2026-07-03 17:00,2026-07-03,17,Crude,5549.05,5564.68,15.64,0.2818,3137,80542,5500,21.95,22.45,42085,38457,0.9138,INR/bbl,Dhan API v2 (Client 1112620458)
2026-07-03 18:00,2026-07-03,18,Crude,5545.08,5557.82,12.75,0.2299,1015,79445,5500,21.5,22.0,40800,38645,0.9472,INR/bbl,Dhan API v2 (Client 1112620458)
2026-07-03 19:00,2026-07-03,19,Crude,5574.82,5592.91,18.1,0.3246,1887,79160,5600,21.5,22.0,40847,38313,0.938,INR/bbl,Dhan API v2 (Client 1112620458)
2026-07-03 20:00,2026-07-03,20,Crude,5534.3,5535.9,1.59,0.0288,12738,77505,5500,21.85,22.35,40241,37264,0.926,INR/bbl,Dhan API v2 (Client 1112620458)
2026-07-03 21:00,2026-07-03,21,Crude,5499.28,5509.31,10.04,0.1825,12605,79311,5500,21.79,22.29,41804,37507,0.8972,INR/bbl,Dhan API v2 (Client 1112620458)
2026-07-03 22:00,2026-07-03,22,Crude,5510.3,5519.46,9.16,0.1663,1827,79471,5500,21.32,21.82,41266,38205,0.9258,INR/bbl,Dhan API v2 (Client 1112620458)
2026-07-03 23:00,2026-07-03,23,Crude,5514.8,5521.32,6.51,0.1181,13011,79788,5500,21.59,22.09,41834,37954,0.9073,INR/bbl,Dhan API v2 (Client 1112620458)
2026-07-06 09:00,2026-07-06,9,Crude,5514.8,5537.41,22.61,0.4099,10344,81075,5500,21.26,21.76,42914,38161,0.8892,INR/bbl,Dhan API v2 (Client 1112620458)
2026-07-06 10:00,2026-07-06,10,Crude,5520.62,5506.58,-14.04,-0.2544,13723,78912,5500,21.3,21.8,41201,37711,0.9153,INR/bbl,Dhan API v2 (Client 1112620458)
2026-07-06 11:00,2026-07-06,11,Crude,5533.39,5523.97,-9.42,-0.1702,2348,79691,5500,21.11,21.61,41038,38653,0.9419,INR/bbl,Dhan API v2 (Client 1112620458)
2026-07-06 12:00,2026-07-06,12,Crude,5505.45,5524.89,19.44,0.3531,10380,79377,5500,21.6,22.1,41915,37462,0.8938,INR/bbl,Dhan API v2 (Client 1112620458)
2026-07-06 13:00,2026-07-06,13,Crude,5522.62,5511.92,-10.71,-0.1939,6883,79644,5500,21.02,21.52,41838,37806,0.9036,INR/bbl,Dhan API v2 (Client 1112620458)
2026-07-06 14:00,2026-07-06,14,Crude,5531.64,5526.4,-5.24,-0.0948,11756,80157,5500,21.05,21.55,41295,38862,0.9411,INR/bbl,Dhan API v2 (Client 1112620458)
2026-07-06 15:00,2026-07-06,15,Crude,5546.08,5540.65,-5.43,-0.0979,13329,80580,5500,21.57,22.07,41390,39190,0.9468,INR/bbl,Dhan API v2 (Client 1112620458)
2026-07-06 16:00,2026-07-06,16,Crude,5557.46,5560.43,2.97,0.0534,14314,79037,5600,21.17,21.67,41243,37794,0.9164,INR/bbl,Dhan API v2 (Client 1112620458)
2026-07-06 17:00,2026-07-06,17,Crude,5531.41,5536.65,5.24,0.0948,9579,80561,5500,21.89,22.39,42726,37835,0.8855,INR/bbl,Dhan API v2 (Client 1112620458)
2026-07-06 18:00,2026-07-06,18,Crude,5537.32,5535.7,-1.62,-0.0292,12752,79302,5500,21.25,21.75,41378,37924,0.9165,INR/bbl,Dhan API v2 (Client 1112620458)
2026-07-06 19:00,2026-07-06,19,Crude,5486.36,5517.71,31.35,0.5714,897,78354,5500,21.6,22.1,40839,37515,0.9186,INR/bbl,Dhan API v2 (Client 1112620458)
2026-07-06 20:00,2026-07-06,20,Crude,5457.41,5464.57,7.16,0.1311,13321,78830,5500,21.7,22.2,41372,37458,0.9054,INR/bbl,Dhan API v2 (Client 1112620458)
2026-07-06 21:00,2026-07-06,21,Crude,5443.95,5438.1,-5.85,-0.1074,11657,78970,5400,21.5,22.0,42006,36964,0.88,INR/bbl,Dhan API v2 (Client 1112620458)
2026-07-06 22:00,2026-07-06,22,Crude,5439.95,5446.94,6.99,0.1285,11717,80853,5400,21.63,22.13,42951,37902,0.8824,INR/bbl,Dhan API v2 (Client 1112620458)
2026-07-06 23:00,2026-07-06,23,Crude,5450.65,5460.58,9.93,0.1822,11069,78776,5500,21.89,22.39,41638,37138,0.8919,INR/bbl,Dhan API v2 (Client 1112620458)
2026-07-07 09:00,2026-07-07,9,Crude,5468.35,5473.67,5.32,0.0973,3902,79562,5500,21.31,21.81,42046,37516,0.8923,INR/bbl,Dhan API v2 (Client 1112620458)
2026-07-07 10:00,2026-07-07,10,Crude,5493.16,5494.97,1.81,0.033,11942,79148,5500,21.08,21.58,40461,38687,0.9562,INR/bbl,Dhan API v2 (Client 1112620458)
2026-07-07 11:00,2026-07-07,11,Crude,5482.41,5497.11,14.7,0.2681,11160,78306,5500,22.17,22.67,40591,37715,0.9291,INR/bbl,Dhan API v2 (Client 1112620458)
2026-07-07 12:00,2026-07-07,12,Crude,5462.11,5483.59,21.48,0.3933,7639,81529,5500,21.51,22.01,43180,38349,0.8881,INR/bbl,Dhan API v2 (Client 1112620458)
2026-07-07 13:00,2026-07-07,13,Crude,5471.68,5477.91,6.23,0.1138,8577,80476,5500,21.73,22.23,41638,38838,0.9328,INR/bbl,Dhan API v2 (Client 1112620458)
2026-07-07 14:00,2026-07-07,14,Crude,5492.86,5501.39,8.53,0.1553,536,80093,5500,22.33,22.83,41408,38685,0.9342,INR/bbl,Dhan API v2 (Client 1112620458)
2026-07-07 15:00,2026-07-07,15,Crude,5472.43,5470.67,-1.76,-0.0322,9800,80259,5500,21.49,21.99,42167,38092,0.9034,INR/bbl,Dhan API v2 (Client 1112620458)
2026-07-07 16:00,2026-07-07,16,Crude,5454.33,5459.71,5.38,0.0986,10505,80002,5500,21.51,22.01,41461,38541,0.9296,INR/bbl,Dhan API v2 (Client 1112620458)
2026-07-07 17:00,2026-07-07,17,Crude,5428.39,5416.69,-11.7,-0.2155,3714,79759,5400,22.05,22.55,41443,38316,0.9245,INR/bbl,Dhan API v2 (Client 1112620458)
2026-07-07 18:00,2026-07-07,18,Crude,5424.62,5438.23,13.62,0.251,14842,79339,5400,21.58,22.08,41526,37813,0.9106,INR/bbl,Dhan API v2 (Client 1112620458)
2026-07-07 19:00,2026-07-07,19,Crude,5442.23,5447.43,5.2,0.0955,12267,78243,5400,21.21,21.71,40415,37828,0.936,INR/bbl,Dhan API v2 (Client 1112620458)
2026-07-07 20:00,2026-07-07,20,Crude,5456.36,5468.3,11.94,0.2188,8252,79556,5500,21.45,21.95,41929,37627,0.8974,INR/bbl,Dhan API v2 (Client 1112620458)
2026-07-07 21:00,2026-07-07,21,Crude,5453.7,5461.79,8.09,0.1484,2846,80211,5500,21.82,22.32,42225,37986,0.8996,INR/bbl,Dhan API v2 (Client 1112620458)
2026-07-07 22:00,2026-07-07,22,Crude,5484.98,5487.22,2.24,0.0408,14879,79882,5500,21.96,22.46,41932,37950,0.905,INR/bbl,Dhan API v2 (Client 1112620458)
2026-07-07 23:00,2026-07-07,23,Crude,5485.54,5489.38,3.84,0.07,9964,78609,5500,21.54,22.04,40682,37927,0.9323,INR/bbl,Dhan API v2 (Client 1112620458)
2026-07-08 09:00,2026-07-08,9,Crude,5537.97,5530.46,-7.5,-0.1355,3363,80209,5500,21.31,21.81,42886,37323,0.8703,INR/bbl,Dhan API v2 (Client 1112620458)
2026-07-08 10:00,2026-07-08,10,Crude,5551.18,5556.69,5.51,0.0992,2449,80425,5600,21.95,22.45,41340,39085,0.9455,INR/bbl,Dhan API v2 (Client 1112620458)
2026-07-08 11:00,2026-07-08,11,Crude,5549.98,5547.54,-2.44,-0.0439,12043,79354,5500,21.37,21.87,41835,37519,0.8968,INR/bbl,Dhan API v2 (Client 1112620458)
2026-07-08 12:00,2026-07-08,12,Crude,5559.77,5571.95,12.18,0.2191,5360,79264,5600,21.83,22.33,42168,37096,0.8797,INR/bbl,Dhan API v2 (Client 1112620458)
2026-07-08 13:00,2026-07-08,13,Crude,5522.56,5505.33,-17.23,-0.312,3629,78490,5500,21.33,21.83,41241,37249,0.9032,INR/bbl,Dhan API v2 (Client 1112620458)
2026-07-08 14:00,2026-07-08,14,Crude,5543.2,5553.18,9.98,0.1801,12440,79369,5500,21.45,21.95,41059,38310,0.933,INR/bbl,Dhan API v2 (Client 1112620458)
2026-07-08 15:00,2026-07-08,15,Crude,5537.39,5553.24,15.84,0.2861,4191,78507,5500,21.79,22.29,41506,37001,0.8915,INR/bbl,Dhan API v2 (Client 1112620458)
2026-07-08 16:00,2026-07-08,16,Crude,5535.66,5530.08,-5.58,-0.1008,2327,79785,5500,21.63,22.13,41890,37895,0.9046,INR/bbl,Dhan API v2 (Client 1112620458)
2026-07-08 17:00,2026-07-08,17,Crude,5543.09,5549.35,6.26,0.1128,601,79553,5500,21.51,22.01,42046,37507,0.892,INR/bbl,Dhan API v2 (Client 1112620458)
2026-07-08 18:00,2026-07-08,18,Crude,5549.52,5551.57,2.05,0.0369,5035,80231,5500,21.65,22.15,41605,38626,0.9284,INR/bbl,Dhan API v2 (Client 1112620458)
2026-07-08 19:00,2026-07-08,19,Crude,5497.56,5514.18,16.62,0.3024,5989,80043,5500,21.18,21.68,42130,37913,0.8999,INR/bbl,Dhan API v2 (Client 1112620458)
2026-07-08 20:00,2026-07-08,20,Crude,5501.91,5509.67,7.77,0.1412,13575,81049,5500,21.56,22.06,42827,38222,0.8925,INR/bbl,Dhan API v2 (Client 1112620458)
2026-07-08 21:00,2026-07-08,21,Crude,5493.27,5483.3,-9.97,-0.1814,4058,80555,5500,21.5,22.0,41703,38852,0.9316,INR/bbl,Dhan API v2 (Client 1112620458)
2026-07-08 22:00,2026-07-08,22,Crude,5498.29,5496.52,-1.77,-0.0322,10470,79202,5500,22.05,22.55,41366,37836,0.9147,INR/bbl,Dhan API v2 (Client 1112620458)
2026-07-08 23:00,2026-07-08,23,Crude,5470.45,5493.04,22.59,0.413,9692,79593,5500,21.99,22.49,40725,38868,0.9544,INR/bbl,Dhan API v2 (Client 1112620458)
2026-07-09 09:00,2026-07-09,9,Crude,5462.76,5477.75,15.0,0.2745,4441,79971,5500,21.88,22.38,41432,38539,0.9302,INR/bbl,Dhan API v2 (Client 1112620458)
2026-07-09 10:00,2026-07-09,10,Crude,5460.24,5458.35,-1.89,-0.0346,10834,80159,5500,21.11,21.61,41651,38508,0.9245,INR/bbl,Dhan API v2 (Client 1112620458)
2026-07-09 11:00,2026-07-09,11,Crude,5443.76,5471.82,28.06,0.5155,1743,80954,5400,21.7,22.2,42076,38878,0.924,INR/bbl,Dhan API v2 (Client 1112620458)
2026-07-09 12:00,2026-07-09,12,Crude,5435.06,5437.1,2.04,0.0375,8560,79769,5400,21.84,22.34,41309,38460,0.931,INR/bbl,Dhan API v2 (Client 1112620458)
2026-07-09 13:00,2026-07-09,13,Crude,5433.61,5441.28,7.68,0.1413,1218,80038,5400,21.79,22.29,41292,38746,0.9383,INR/bbl,Dhan API v2 (Client 1112620458)
2026-07-09 14:00,2026-07-09,14,Crude,5391.15,5404.91,13.76,0.2553,3113,78790,5400,21.51,22.01,41623,37167,0.8929,INR/bbl,Dhan API v2 (Client 1112620458)
2026-07-09 15:00,2026-07-09,15,Crude,5400.89,5401.21,0.32,0.0059,5770,80259,5400,21.6,22.1,42134,38125,0.9049,INR/bbl,Dhan API v2 (Client 1112620458)
2026-07-09 16:00,2026-07-09,16,Crude,5395.25,5420.31,25.05,0.4643,7355,80926,5400,21.89,22.39,42396,38530,0.9088,INR/bbl,Dhan API v2 (Client 1112620458)
2026-07-09 17:00,2026-07-09,17,Crude,5416.92,5407.56,-9.35,-0.1727,13559,81159,5400,21.65,22.15,42289,38870,0.9192,INR/bbl,Dhan API v2 (Client 1112620458)
2026-07-09 18:00,2026-07-09,18,Crude,5400.46,5393.07,-7.39,-0.1369,2357,78846,5400,21.54,22.04,41209,37637,0.9133,INR/bbl,Dhan API v2 (Client 1112620458)
2026-07-09 19:00,2026-07-09,19,Crude,5410.65,5407.04,-3.62,-0.0668,11735,78919,5400,21.53,22.03,40268,38651,0.9598,INR/bbl,Dhan API v2 (Client 1112620458)
2026-07-09 20:00,2026-07-09,20,Crude,5372.61,5377.19,4.58,0.0853,5053,80131,5400,21.85,22.35,41501,38630,0.9308,INR/bbl,Dhan API v2 (Client 1112620458)
2026-07-09 21:00,2026-07-09,21,Crude,5368.25,5379.02,10.76,0.2005,14163,79446,5400,21.36,21.86,41210,38236,0.9278,INR/bbl,Dhan API v2 (Client 1112620458)
2026-07-09 22:00,2026-07-09,22,Crude,5376.03,5362.86,-13.17,-0.245,4502,80219,5400,21.49,21.99,41976,38243,0.9111,INR/bbl,Dhan API v2 (Client 1112620458)
2026-07-09 23:00,2026-07-09,23,Crude,5366.92,5362.74,-4.18,-0.0778,3077,79276,5400,21.54,22.04,41414,37862,0.9142,INR/bbl,Dhan API v2 (Client 1112620458)
2026-07-10 09:00,2026-07-10,9,Crude,5382.65,5374.43,-8.21,-0.1526,10444,80008,5400,21.85,22.35,41931,38077,0.9081,INR/bbl,Dhan API v2 (Client 1112620458)
2026-07-10 10:00,2026-07-10,10,Crude,5371.74,5395.98,24.24,0.4512,6079,79267,5400,22.18,22.68,41229,38038,0.9226,INR/bbl,Dhan API v2 (Client 1112620458)
2026-07-10 11:00,2026-07-10,11,Crude,5362.85,5358.98,-3.88,-0.0723,8809,79655,5400,21.25,21.75,41417,38238,0.9232,INR/bbl,Dhan API v2 (Client 1112620458)
2026-07-10 12:00,2026-07-10,12,Crude,5343.29,5336.68,-6.61,-0.1237,11329,80152,5300,22.11,22.61,40934,39218,0.9581,INR/bbl,Dhan API v2 (Client 1112620458)
2026-07-10 13:00,2026-07-10,13,Crude,5324.18,5346.05,21.86,0.4107,14864,78779,5300,22.15,22.65,40833,37946,0.9293,INR/bbl,Dhan API v2 (Client 1112620458)
2026-07-10 14:00,2026-07-10,14,Crude,5332.68,5329.19,-3.49,-0.0654,4263,80548,5300,21.41,21.91,42364,38184,0.9013,INR/bbl,Dhan API v2 (Client 1112620458)
2026-07-10 15:00,2026-07-10,15,Crude,5319.28,5329.42,10.14,0.1907,9409,79071,5300,21.44,21.94,41480,37591,0.9062,INR/bbl,Dhan API v2 (Client 1112620458)
2026-07-10 16:00,2026-07-10,16,Crude,5292.59,5303.99,11.4,0.2154,5531,80033,5300,21.37,21.87,41473,38560,0.9298,INR/bbl,Dhan API v2 (Client 1112620458)
2026-07-10 17:00,2026-07-10,17,Crude,5306.9,5310.78,3.87,0.073,2503,81888,5300,21.99,22.49,42530,39358,0.9254,INR/bbl,Dhan API v2 (Client 1112620458)
2026-07-10 18:00,2026-07-10,18,Crude,5309.78,5335.56,25.78,0.4855,14608,78592,5300,21.89,22.39,41653,36939,0.8868,INR/bbl,Dhan API v2 (Client 1112620458)
2026-07-10 19:00,2026-07-10,19,Crude,5309.16,5319.82,10.66,0.2007,5372,79861,5300,21.55,22.05,40935,38926,0.9509,INR/bbl,Dhan API v2 (Client 1112620458)
2026-07-10 20:00,2026-07-10,20,Crude,5295.5,5277.48,-18.03,-0.3404,14980,79785,5300,22.5,23.0,41593,38192,0.9182,INR/bbl,Dhan API v2 (Client 1112620458)
2026-07-10 21:00,2026-07-10,21,Crude,5342.83,5330.45,-12.38,-0.2317,6848,80483,5300,21.59,22.09,42131,38352,0.9103,INR/bbl,Dhan API v2 (Client 1112620458)
2026-07-10 22:00,2026-07-10,22,Crude,5354.67,5363.01,8.34,0.1557,11303,80319,5400,21.3,21.8,41889,38430,0.9174,INR/bbl,Dhan API v2 (Client 1112620458)
2026-07-10 23:00,2026-07-10,23,Crude,5344.3,5345.06,0.76,0.0141,5959,79785,5300,21.36,21.86,41538,38247,0.9208,INR/bbl,Dhan API v2 (Client 1112620458)
2026-07-13 09:00,2026-07-13,9,Crude,5356.1,5352.66,-3.44,-0.0643,7040,80065,5400,21.84,22.34,42229,37836,0.896,INR/bbl,Dhan API v2 (Client 1112620458)
2026-07-13 10:00,2026-07-13,10,Crude,5332.07,5340.35,8.28,0.1553,4545,81139,5300,21.11,21.61,42650,38489,0.9024,INR/bbl,Dhan API v2 (Client 1112620458)
2026-07-13 11:00,2026-07-13,11,Crude,5348.19,5348.22,0.03,0.0006,12192,79871,5300,21.58,22.08,42274,37597,0.8894,INR/bbl,Dhan API v2 (Client 1112620458)
2026-07-13 12:00,2026-07-13,12,Crude,5352.68,5339.05,-13.64,-0.2547,9728,80231,5400,21.38,21.88,41940,38291,0.913,INR/bbl,Dhan API v2 (Client 1112620458)
2026-07-13 13:00,2026-07-13,13,Crude,5370.01,5361.31,-8.69,-0.1619,3255,81023,5400,21.55,22.05,42008,39015,0.9288,INR/bbl,Dhan API v2 (Client 1112620458)
2026-07-13 14:00,2026-07-13,14,Crude,5384.14,5380.87,-3.27,-0.0607,6844,80783,5400,21.83,22.33,42511,38272,0.9003,INR/bbl,Dhan API v2 (Client 1112620458)
2026-07-13 15:00,2026-07-13,15,Crude,5419.1,5437.26,18.16,0.3351,6991,80024,5400,21.76,22.26,41948,38076,0.9077,INR/bbl,Dhan API v2 (Client 1112620458)
2026-07-13 16:00,2026-07-13,16,Crude,5435.98,5442.72,6.74,0.124,13816,79484,5400,21.58,22.08,41702,37782,0.906,INR/bbl,Dhan API v2 (Client 1112620458)
2026-07-13 17:00,2026-07-13,17,Crude,5428.25,5418.43,-9.82,-0.181,1434,78334,5400,21.75,22.25,39695,38639,0.9734,INR/bbl,Dhan API v2 (Client 1112620458)
2026-07-13 18:00,2026-07-13,18,Crude,5411.53,5416.24,4.71,0.0871,5646,79772,5400,21.46,21.96,41468,38304,0.9237,INR/bbl,Dhan API v2 (Client 1112620458)
2026-07-13 19:00,2026-07-13,19,Crude,5415.26,5433.55,18.29,0.3377,9957,80038,5400,22.05,22.55,41264,38774,0.9397,INR/bbl,Dhan API v2 (Client 1112620458)
2026-07-13 20:00,2026-07-13,20,Crude,5415.08,5434.74,19.67,0.3632,3338,79223,5400,21.58,22.08,40950,38273,0.9346,INR/bbl,Dhan API v2 (Client 1112620458)
2026-07-13 21:00,2026-07-13,21,Crude,5419.65,5418.68,-0.98,-0.018,926,79945,5400,21.21,21.71,41121,38824,0.9441,INR/bbl,Dhan API v2 (Client 1112620458)
2026-07-13 22:00,2026-07-13,22,Crude,5433.37,5427.87,-5.49,-0.1011,4317,78843,5400,21.51,22.01,40960,37883,0.9249,INR/bbl,Dhan API v2 (Client 1112620458)
2026-07-13 23:00,2026-07-13,23,Crude,5413.02,5402.92,-10.09,-0.1865,7444,78287,5400,21.02,21.52,40477,37810,0.9341,INR/bbl,Dhan API v2 (Client 1112620458)
2026-07-14 09:00,2026-07-14,9,Crude,5452.19,5452.38,0.19,0.0035,14052,80044,5500,21.86,22.36,42061,37983,0.903,INR/bbl,Dhan API v2 (Client 1112620458)
2026-07-14 10:00,2026-07-14,10,Crude,5444.38,5453.58,9.2,0.169,13657,79566,5400,21.2,21.7,41391,38175,0.9223,INR/bbl,Dhan API v2 (Client 1112620458)
2026-07-14 11:00,2026-07-14,11,Crude,5451.21,5452.76,1.54,0.0283,4191,81507,5500,21.73,22.23,42337,39170,0.9252,INR/bbl,Dhan API v2 (Client 1112620458)
2026-07-14 12:00,2026-07-14,12,Crude,5446.65,5455.49,8.84,0.1623,2345,80082,5400,21.64,22.14,41589,38493,0.9256,INR/bbl,Dhan API v2 (Client 1112620458)
2026-07-14 13:00,2026-07-14,13,Crude,5455.53,5451.78,-3.74,-0.0686,12667,80554,5500,21.35,21.85,41881,38673,0.9234,INR/bbl,Dhan API v2 (Client 1112620458)
2026-07-14 14:00,2026-07-14,14,Crude,5508.28,5509.12,0.85,0.0154,5701,79041,5500,21.68,22.18,41777,37264,0.892,INR/bbl,Dhan API v2 (Client 1112620458)
2026-07-14 15:00,2026-07-14,15,Crude,5500.65,5501.53,0.88,0.016,926,78765,5500,21.46,21.96,41188,37577,0.9123,INR/bbl,Dhan API v2 (Client 1112620458)
2026-07-14 16:00,2026-07-14,16,Crude,5512.81,5520.75,7.93,0.1439,13106,78300,5500,21.06,21.56,40931,37369,0.913,INR/bbl,Dhan API v2 (Client 1112620458)
2026-07-14 17:00,2026-07-14,17,Crude,5508.56,5513.28,4.72,0.0856,7702,78337,5500,21.66,22.16,40411,37926,0.9385,INR/bbl,Dhan API v2 (Client 1112620458)
2026-07-14 18:00,2026-07-14,18,Crude,5532.8,5531.74,-1.06,-0.0192,7197,79785,5500,21.35,21.85,41163,38622,0.9383,INR/bbl,Dhan API v2 (Client 1112620458)
2026-07-14 19:00,2026-07-14,19,Crude,5505.52,5510.69,5.17,0.0939,14548,79848,5500,21.63,22.13,42246,37602,0.8901,INR/bbl,Dhan API v2 (Client 1112620458)
2026-07-14 20:00,2026-07-14,20,Crude,5526.82,5532.65,5.83,0.1055,8781,79233,5500,21.43,21.93,41548,37685,0.907,INR/bbl,Dhan API v2 (Client 1112620458)
2026-07-14 21:00,2026-07-14,21,Crude,5496.65,5489.82,-6.83,-0.1243,3498,78321,5500,22.06,22.56,41430,36891,0.8904,INR/bbl,Dhan API v2 (Client 1112620458)
2026-07-14 22:00,2026-07-14,22,Crude,5506.36,5496.06,-10.3,-0.187,11102,80036,5500,21.59,22.09,41706,38330,0.9191,INR/bbl,Dhan API v2 (Client 1112620458)
2026-07-14 23:00,2026-07-14,23,Crude,5478.71,5484.14,5.43,0.0992,13238,80344,5500,21.72,22.22,41473,38871,0.9373,INR/bbl,Dhan API v2 (Client 1112620458)
2026-07-15 09:00,2026-07-15,9,Crude,5487.56,5481.47,-6.09,-0.111,1556,79146,5500,21.4,21.9,41575,37571,0.9037,INR/bbl,Dhan API v2 (Client 1112620458)
2026-07-15 10:00,2026-07-15,10,Crude,5439.74,5444.05,4.3,0.0791,13113,79313,5400,21.54,22.04,41773,37540,0.8987,INR/bbl,Dhan API v2 (Client 1112620458)
2026-07-15 11:00,2026-07-15,11,Crude,5474.21,5484.27,10.06,0.1838,6836,80231,5500,21.57,22.07,41297,38934,0.9428,INR/bbl,Dhan API v2 (Client 1112620458)
2026-07-15 12:00,2026-07-15,12,Crude,5431.0,5446.57,15.57,0.2867,8836,79679,5400,20.77,21.27,41282,38397,0.9301,INR/bbl,Dhan API v2 (Client 1112620458)
2026-07-15 13:00,2026-07-15,13,Crude,5444.02,5456.61,12.59,0.2312,11422,78677,5400,21.81,22.31,40781,37896,0.9293,INR/bbl,Dhan API v2 (Client 1112620458)
2026-07-15 14:00,2026-07-15,14,Crude,5463.45,5461.41,-2.03,-0.0372,4450,79072,5500,21.55,22.05,41398,37674,0.91,INR/bbl,Dhan API v2 (Client 1112620458)
2026-07-15 15:00,2026-07-15,15,Crude,5429.64,5416.37,-13.28,-0.2445,4642,79366,5400,20.79,21.29,41581,37785,0.9087,INR/bbl,Dhan API v2 (Client 1112620458)
2026-07-15 16:00,2026-07-15,16,Crude,5440.55,5440.64,0.09,0.0017,4054,77788,5400,21.75,22.25,40514,37274,0.92,INR/bbl,Dhan API v2 (Client 1112620458)
2026-07-15 17:00,2026-07-15,17,Crude,5457.16,5450.35,-6.81,-0.1248,11270,80663,5500,21.4,21.9,41613,39050,0.9384,INR/bbl,Dhan API v2 (Client 1112620458)
2026-07-15 18:00,2026-07-15,18,Crude,5437.18,5446.92,9.74,0.1791,3313,79703,5400,21.5,22.0,41345,38358,0.9278,INR/bbl,Dhan API v2 (Client 1112620458)
2026-07-15 19:00,2026-07-15,19,Crude,5425.41,5425.35,-0.06,-0.0011,10969,78083,5400,21.87,22.37,40577,37506,0.9243,INR/bbl,Dhan API v2 (Client 1112620458)
2026-07-15 20:00,2026-07-15,20,Crude,5443.14,5437.32,-5.82,-0.1069,12741,80108,5400,21.89,22.39,40837,39271,0.9617,INR/bbl,Dhan API v2 (Client 1112620458)
2026-07-15 21:00,2026-07-15,21,Crude,5435.68,5441.42,5.74,0.1056,7800,81853,5400,21.95,22.45,42513,39340,0.9254,INR/bbl,Dhan API v2 (Client 1112620458)
2026-07-15 22:00,2026-07-15,22,Crude,5445.04,5447.76,2.71,0.0498,7565,80935,5400,21.6,22.1,41659,39276,0.9428,INR/bbl,Dhan API v2 (Client 1112620458)
2026-07-15 23:00,2026-07-15,23,Crude,5429.74,5428.51,-1.23,-0.0226,5343,79101,5400,21.79,22.29,41113,37988,0.924,INR/bbl,Dhan API v2 (Client 1112620458)
2026-07-16 09:00,2026-07-16,9,Crude,5422.15,5451.44,29.29,0.5402,6171,80736,5400,21.79,22.29,42194,38542,0.9134,INR/bbl,Dhan API v2 (Client 1112620458)
2026-07-16 10:00,2026-07-16,10,Crude,5397.18,5427.32,30.14,0.5584,874,78257,5400,21.71,22.21,41179,37078,0.9004,INR/bbl,Dhan API v2 (Client 1112620458)
2026-07-16 11:00,2026-07-16,11,Crude,5387.52,5423.12,35.6,0.6608,8741,81723,5400,21.79,22.29,42905,38818,0.9047,INR/bbl,Dhan API v2 (Client 1112620458)
2026-07-16 12:00,2026-07-16,12,Crude,5377.88,5396.99,19.1,0.3552,7081,78364,5400,21.86,22.36,41573,36791,0.885,INR/bbl,Dhan API v2 (Client 1112620458)
2026-07-16 13:00,2026-07-16,13,Crude,5351.5,5362.87,11.37,0.2124,10282,79471,5400,21.56,22.06,41708,37763,0.9054,INR/bbl,Dhan API v2 (Client 1112620458)
2026-07-16 14:00,2026-07-16,14,Crude,5338.95,5354.5,15.54,0.2911,13848,79224,5300,21.3,21.8,41622,37602,0.9034,INR/bbl,Dhan API v2 (Client 1112620458)
2026-07-16 15:00,2026-07-16,15,Crude,5342.33,5368.06,25.74,0.4817,1725,79918,5300,21.55,22.05,41242,38676,0.9378,INR/bbl,Dhan API v2 (Client 1112620458)
2026-07-16 16:00,2026-07-16,16,Crude,5325.39,5343.51,18.12,0.3402,12972,79789,5300,21.39,21.89,40634,39155,0.9636,INR/bbl,Dhan API v2 (Client 1112620458)
2026-07-16 17:00,2026-07-16,17,Crude,5329.64,5362.95,33.31,0.6249,13454,77779,5300,21.99,22.49,40521,37258,0.9195,INR/bbl,Dhan API v2 (Client 1112620458)
2026-07-16 18:00,2026-07-16,18,Crude,5319.66,5330.71,11.05,0.2078,6384,79344,5300,21.6,22.1,42013,37331,0.8886,INR/bbl,Dhan API v2 (Client 1112620458)
2026-07-16 19:00,2026-07-16,19,Crude,5331.66,5351.03,19.38,0.3634,11071,78871,5300,21.79,22.29,41433,37438,0.9036,INR/bbl,Dhan API v2 (Client 1112620458)
2026-07-16 20:00,2026-07-16,20,Crude,5347.02,5357.92,10.9,0.2039,8000,79827,5300,21.55,22.05,41463,38364,0.9253,INR/bbl,Dhan API v2 (Client 1112620458)
2026-07-16 21:00,2026-07-16,21,Crude,5321.33,5359.93,38.6,0.7253,13353,80556,5300,21.97,22.47,42499,38057,0.8955,INR/bbl,Dhan API v2 (Client 1112620458)
2026-07-16 22:00,2026-07-16,22,Crude,5350.38,5368.12,17.74,0.3316,4568,77753,5400,21.15,21.65,40692,37061,0.9108,INR/bbl,Dhan API v2 (Client 1112620458)
2026-07-16 23:00,2026-07-16,23,Crude,5313.85,5334.06,20.21,0.3803,5725,79729,5300,21.43,21.93,41786,37943,0.908,INR/bbl,Dhan API v2 (Client 1112620458)
2026-07-17 09:00,2026-07-17,9,Crude,5318.56,5340.89,22.33,0.4199,8934,79854,5300,21.76,22.26,41296,38558,0.9337,INR/bbl,Dhan API v2 (Client 1112620458)
2026-07-17 10:00,2026-07-17,10,Crude,5335.51,5368.61,33.11,0.6205,3215,79294,5300,21.51,22.01,41861,37433,0.8942,INR/bbl,Dhan API v2 (Client 1112620458)
2026-07-17 11:00,2026-07-17,11,Crude,5377.46,5390.74,13.28,0.247,12011,80497,5400,21.07,21.57,42174,38323,0.9087,INR/bbl,Dhan API v2 (Client 1112620458)
2026-07-17 12:00,2026-07-17,12,Crude,5352.1,5373.97,21.87,0.4087,1849,80760,5400,21.69,22.19,42024,38736,0.9218,INR/bbl,Dhan API v2 (Client 1112620458)
2026-07-17 13:00,2026-07-17,13,Crude,5368.74,5376.71,7.97,0.1484,4129,78468,5400,21.18,21.68,41331,37137,0.8985,INR/bbl,Dhan API v2 (Client 1112620458)
2026-07-17 14:00,2026-07-17,14,Crude,5346.25,5370.86,24.61,0.4603,2353,79431,5300,21.05,21.55,41362,38069,0.9204,INR/bbl,Dhan API v2 (Client 1112620458)
2026-07-17 15:00,2026-07-17,15,Crude,5305.28,5324.02,18.75,0.3533,7022,81098,5300,21.08,21.58,42109,38989,0.9259,INR/bbl,Dhan API v2 (Client 1112620458)
2026-07-17 16:00,2026-07-17,16,Crude,5309.58,5329.89,20.3,0.3824,4341,78893,5300,21.48,21.98,40894,37999,0.9292,INR/bbl,Dhan API v2 (Client 1112620458)
2026-07-17 17:00,2026-07-17,17,Crude,5300.77,5334.21,33.44,0.6309,9499,77971,5300,21.99,22.49,40662,37309,0.9175,INR/bbl,Dhan API v2 (Client 1112620458)
2026-07-17 18:00,2026-07-17,18,Crude,5296.24,5321.6,25.36,0.4788,9563,79645,5300,21.35,21.85,41484,38161,0.9199,INR/bbl,Dhan API v2 (Client 1112620458)
2026-07-17 19:00,2026-07-17,19,Crude,5289.94,5309.26,19.32,0.3652,8910,78589,5300,21.77,22.27,41442,37147,0.8964,INR/bbl,Dhan API v2 (Client 1112620458)
2026-07-17 20:00,2026-07-17,20,Crude,5299.77,5313.88,14.11,0.2662,10680,79772,5300,21.72,22.22,41535,38237,0.9206,INR/bbl,Dhan API v2 (Client 1112620458)
2026-07-17 21:00,2026-07-17,21,Crude,5292.68,5300.69,8.01,0.1514,12602,78393,5300,21.59,22.09,40755,37638,0.9235,INR/bbl,Dhan API v2 (Client 1112620458)
2026-07-17 22:00,2026-07-17,22,Crude,5286.06,5315.36,29.3,0.5543,14753,80458,5300,21.6,22.1,41853,38605,0.9224,INR/bbl,Dhan API v2 (Client 1112620458)
2026-07-17 23:00,2026-07-17,23,Crude,5279.0,5283.97,4.97,0.0942,1500,81420,5300,21.52,22.02,42009,39411,0.9382,INR/bbl,Dhan API v2 (Client 1112620458)
2026-07-20 09:00,2026-07-20,9,Crude,5280.76,5298.58,17.82,0.3374,11815,81097,5300,21.7,22.2,42603,38494,0.9036,INR/bbl,Dhan API v2 (Client 1112620458)
2026-07-20 10:00,2026-07-20,10,Crude,5301.45,5307.97,6.51,0.1229,7506,80415,5300,21.89,22.39,42606,37809,0.8874,INR/bbl,Dhan API v2 (Client 1112620458)
2026-07-20 11:00,2026-07-20,11,Crude,5295.61,5312.5,16.89,0.319,14258,81455,5300,22.01,22.51,41958,39497,0.9413,INR/bbl,Dhan API v2 (Client 1112620458)
2026-07-20 12:00,2026-07-20,12,Crude,5267.79,5270.14,2.35,0.0446,7105,80920,5300,21.43,21.93,43063,37857,0.8791,INR/bbl,Dhan API v2 (Client 1112620458)
2026-07-20 13:00,2026-07-20,13,Crude,5259.97,5299.64,39.67,0.7542,12334,80145,5300,21.46,21.96,41900,38245,0.9128,INR/bbl,Dhan API v2 (Client 1112620458)
2026-07-20 14:00,2026-07-20,14,Crude,5257.34,5265.0,7.66,0.1457,7170,81477,5300,21.21,21.71,42539,38938,0.9153,INR/bbl,Dhan API v2 (Client 1112620458)
2026-07-20 15:00,2026-07-20,15,Crude,5279.33,5289.35,10.03,0.1899,12846,79272,5300,21.65,22.15,41062,38210,0.9305,INR/bbl,Dhan API v2 (Client 1112620458)
2026-07-20 16:00,2026-07-20,16,Crude,5269.02,5305.45,36.43,0.6914,8638,79609,5300,21.93,22.43,42492,37117,0.8735,INR/bbl,Dhan API v2 (Client 1112620458)
2026-07-20 17:00,2026-07-20,17,Crude,5263.9,5284.03,20.13,0.3824,14209,78931,5300,21.47,21.97,41901,37030,0.8837,INR/bbl,Dhan API v2 (Client 1112620458)
2026-07-20 18:00,2026-07-20,18,Crude,5248.46,5274.21,25.74,0.4905,12333,80589,5200,21.87,22.37,42410,38179,0.9002,INR/bbl,Dhan API v2 (Client 1112620458)
2026-07-20 19:00,2026-07-20,19,Crude,5233.96,5244.83,10.87,0.2078,6964,78740,5200,21.94,22.44,40997,37743,0.9206,INR/bbl,Dhan API v2 (Client 1112620458)
2026-07-20 20:00,2026-07-20,20,Crude,5247.95,5272.38,24.43,0.4656,4111,77958,5200,21.72,22.22,40808,37150,0.9104,INR/bbl,Dhan API v2 (Client 1112620458)
2026-07-20 21:00,2026-07-20,21,Crude,5257.58,5278.67,21.1,0.4013,8621,79191,5300,21.8,22.3,41092,38099,0.9272,INR/bbl,Dhan API v2 (Client 1112620458)
2026-07-20 22:00,2026-07-20,22,Crude,5269.87,5283.54,13.68,0.2595,13974,78873,5300,21.38,21.88,41451,37422,0.9028,INR/bbl,Dhan API v2 (Client 1112620458)
2026-07-20 23:00,2026-07-20,23,Crude,5265.31,5286.35,21.04,0.3996,3533,79647,5300,21.61,22.11,41220,38427,0.9322,INR/bbl,Dhan API v2 (Client 1112620458)
2026-07-21 09:00,2026-07-21,9,Crude,5282.17,5323.12,40.94,0.7751,7280,80247,5300,21.91,22.41,41833,38414,0.9183,INR/bbl,Dhan API v2 (Client 1112620458)
2026-07-21 10:00,2026-07-21,10,Crude,5291.91,5312.92,21.01,0.397,1929,80213,5300,21.28,21.78,41529,38684,0.9315,INR/bbl,Dhan API v2 (Client 1112620458)
2026-07-21 11:00,2026-07-21,11,Crude,5268.78,5288.12,19.34,0.3671,4997,79308,5300,21.98,22.48,42018,37290,0.8875,INR/bbl,Dhan API v2 (Client 1112620458)
2026-07-21 12:00,2026-07-21,12,Crude,5281.12,5289.39,8.27,0.1566,2874,79840,5300,21.48,21.98,42139,37701,0.8947,INR/bbl,Dhan API v2 (Client 1112620458)
2026-07-21 13:00,2026-07-21,13,Crude,5287.39,5313.59,26.2,0.4956,1707,80522,5300,22.01,22.51,41813,38709,0.9258,INR/bbl,Dhan API v2 (Client 1112620458)
2026-07-21 14:00,2026-07-21,14,Crude,5321.89,5342.23,20.33,0.3821,10794,78568,5300,21.62,22.12,40162,38406,0.9563,INR/bbl,Dhan API v2 (Client 1112620458)
2026-07-21 15:00,2026-07-21,15,Crude,5324.37,5347.91,23.54,0.442,9459,79059,5300,21.67,22.17,41382,37677,0.9105,INR/bbl,Dhan API v2 (Client 1112620458)
2026-07-21 16:00,2026-07-21,16,Crude,5296.4,5312.25,15.85,0.2993,10277,80277,5300,21.47,21.97,42626,37651,0.8833,INR/bbl,Dhan API v2 (Client 1112620458)
2026-07-21 17:00,2026-07-21,17,Crude,5318.26,5336.68,18.42,0.3463,1671,79305,5300,21.76,22.26,41433,37872,0.9141,INR/bbl,Dhan API v2 (Client 1112620458)
2026-07-21 18:00,2026-07-21,18,Crude,5335.44,5357.8,22.36,0.419,2179,79756,5300,22.22,22.72,41309,38447,0.9307,INR/bbl,Dhan API v2 (Client 1112620458)
2026-07-21 19:00,2026-07-21,19,Crude,5315.56,5331.18,15.62,0.2939,6619,79528,5300,21.45,21.95,41260,38268,0.9275,INR/bbl,Dhan API v2 (Client 1112620458)
2026-07-21 20:00,2026-07-21,20,Crude,5290.91,5314.95,24.04,0.4544,9704,79883,5300,20.99,21.49,40769,39114,0.9594,INR/bbl,Dhan API v2 (Client 1112620458)
2026-07-21 21:00,2026-07-21,21,Crude,5295.54,5314.63,19.09,0.3604,4081,79415,5300,21.36,21.86,41351,38064,0.9205,INR/bbl,Dhan API v2 (Client 1112620458)
2026-07-21 22:00,2026-07-21,22,Crude,5320.66,5344.49,23.82,0.4478,6127,80193,5300,21.32,21.82,41372,38821,0.9383,INR/bbl,Dhan API v2 (Client 1112620458)
2026-07-21 23:00,2026-07-21,23,Crude,5323.56,5333.21,9.66,0.1814,1432,78737,5300,22.11,22.61,40993,37744,0.9207,INR/bbl,Dhan API v2 (Client 1112620458)
2026-07-22 09:00,2026-07-22,9,Crude,5325.28,5356.7,31.42,0.59,1372,80313,5300,21.48,21.98,41419,38894,0.939,INR/bbl,Dhan API v2 (Client 1112620458)
2026-07-22 10:00,2026-07-22,10,Crude,5348.94,5353.89,4.95,0.0926,4840,80115,5300,21.67,22.17,42321,37794,0.893,INR/bbl,Dhan API v2 (Client 1112620458)
2026-07-22 11:00,2026-07-22,11,Crude,5360.78,5372.64,11.87,0.2214,7137,80902,5400,21.71,22.21,42297,38605,0.9127,INR/bbl,Dhan API v2 (Client 1112620458)
2026-07-22 12:00,2026-07-22,12,Crude,5323.72,5351.12,27.4,0.5148,8410,77895,5300,21.05,21.55,41112,36783,0.8947,INR/bbl,Dhan API v2 (Client 1112620458)
2026-07-22 13:00,2026-07-22,13,Crude,5308.82,5329.31,20.49,0.3859,14532,79827,5300,20.93,21.43,41715,38112,0.9136,INR/bbl,Dhan API v2 (Client 1112620458)
2026-07-22 14:00,2026-07-22,14,Crude,5291.08,5318.12,27.04,0.511,10790,78368,5300,22.05,22.55,40691,37677,0.9259,INR/bbl,Dhan API v2 (Client 1112620458)
2026-07-22 15:00,2026-07-22,15,Crude,5290.64,5314.04,23.4,0.4422,2911,79593,5300,22.0,22.5,41133,38460,0.935,INR/bbl,Dhan API v2 (Client 1112620458)
2026-07-22 16:00,2026-07-22,16,Crude,5275.42,5298.58,23.16,0.4389,5684,80380,5300,21.54,22.04,42707,37673,0.8821,INR/bbl,Dhan API v2 (Client 1112620458)
2026-07-22 17:00,2026-07-22,17,Crude,5274.22,5294.72,20.5,0.3887,9859,79899,5300,21.8,22.3,41338,38561,0.9328,INR/bbl,Dhan API v2 (Client 1112620458)
2026-07-22 18:00,2026-07-22,18,Crude,5284.97,5319.77,34.8,0.6585,14570,79281,5300,21.99,22.49,41758,37523,0.8986,INR/bbl,Dhan API v2 (Client 1112620458)
2026-07-22 19:00,2026-07-22,19,Crude,5297.87,5318.36,20.49,0.3868,13193,78456,5300,21.69,22.19,41345,37111,0.8976,INR/bbl,Dhan API v2 (Client 1112620458)
2026-07-22 20:00,2026-07-22,20,Crude,5337.73,5355.47,17.74,0.3323,4744,80072,5300,21.16,21.66,41748,38324,0.918,INR/bbl,Dhan API v2 (Client 1112620458)
2026-07-22 21:00,2026-07-22,21,Crude,5335.6,5355.82,20.22,0.379,6309,80151,5300,21.5,22.0,41460,38691,0.9332,INR/bbl,Dhan API v2 (Client 1112620458)
2026-07-22 22:00,2026-07-22,22,Crude,5316.16,5339.05,22.89,0.4305,2152,80653,5300,21.35,21.85,42281,38372,0.9075,INR/bbl,Dhan API v2 (Client 1112620458)
2026-07-22 23:00,2026-07-22,23,Crude,5331.14,5348.04,16.9,0.317,3549,80208,5300,21.67,22.17,41764,38444,0.9205,INR/bbl,Dhan API v2 (Client 1112620458)
2026-07-23 09:00,2026-07-23,9,Crude,5322.32,5353.94,31.62,0.594,10329,80741,5300,21.35,21.85,42284,38457,0.9095,INR/bbl,Dhan API v2 (Client 1112620458)
2026-07-23 10:00,2026-07-23,10,Crude,5336.89,5351.51,14.62,0.274,14212,79056,5300,21.79,22.29,41048,38008,0.9259,INR/bbl,Dhan API v2 (Client 1112620458)
2026-07-23 11:00,2026-07-23,11,Crude,5356.63,5382.06,25.43,0.4747,5809,77969,5400,21.33,21.83,40915,37054,0.9056,INR/bbl,Dhan API v2 (Client 1112620458)
2026-07-23 12:00,2026-07-23,12,Crude,5346.12,5375.19,29.07,0.5437,5731,80330,5300,21.54,22.04,41395,38935,0.9406,INR/bbl,Dhan API v2 (Client 1112620458)
2026-07-23 13:00,2026-07-23,13,Crude,5312.88,5329.44,16.56,0.3116,4069,81072,5300,21.45,21.95,42081,38991,0.9266,INR/bbl,Dhan API v2 (Client 1112620458)
2026-07-23 14:00,2026-07-23,14,Crude,5289.02,5297.24,8.22,0.1555,1816,79748,5300,22.09,22.59,42433,37315,0.8794,INR/bbl,Dhan API v2 (Client 1112620458)
2026-07-23 15:00,2026-07-23,15,Crude,5309.33,5324.74,15.41,0.2902,526,79121,5300,21.03,21.53,41259,37862,0.9177,INR/bbl,Dhan API v2 (Client 1112620458)
2026-07-23 16:00,2026-07-23,16,Crude,5298.71,5320.96,22.25,0.4199,1342,78970,5300,21.66,22.16,42112,36858,0.8752,INR/bbl,Dhan API v2 (Client 1112620458)
2026-07-23 17:00,2026-07-23,17,Crude,5297.52,5321.85,24.33,0.4593,7857,78100,5300,21.45,21.95,41035,37065,0.9033,INR/bbl,Dhan API v2 (Client 1112620458)
2026-07-23 18:00,2026-07-23,18,Crude,5294.04,5308.52,14.48,0.2736,4158,80148,5300,21.58,22.08,42306,37842,0.8945,INR/bbl,Dhan API v2 (Client 1112620458)
2026-07-23 19:00,2026-07-23,19,Crude,5336.44,5349.96,13.52,0.2533,9093,79605,5300,22.05,22.55,41479,38126,0.9192,INR/bbl,Dhan API v2 (Client 1112620458)
2026-07-23 20:00,2026-07-23,20,Crude,5374.19,5386.89,12.7,0.2363,14288,79936,5400,21.2,21.7,41815,38121,0.9117,INR/bbl,Dhan API v2 (Client 1112620458)
2026-07-23 21:00,2026-07-23,21,Crude,5391.57,5404.43,12.85,0.2384,9169,81530,5400,21.85,22.35,42738,38792,0.9077,INR/bbl,Dhan API v2 (Client 1112620458)
2026-07-23 22:00,2026-07-23,22,Crude,5381.6,5413.26,31.66,0.5884,3819,80500,5400,21.92,22.42,42254,38246,0.9051,INR/bbl,Dhan API v2 (Client 1112620458)
2026-07-23 23:00,2026-07-23,23,Crude,5377.56,5405.08,27.51,0.5116,4729,79770,5400,21.58,22.08,40633,39137,0.9632,INR/bbl,Dhan API v2 (Client 1112620458)
2026-07-24 09:00,2026-07-24,9,Crude,5395.42,5420.79,25.37,0.4702,4268,80578,5400,21.37,21.87,41773,38805,0.9289,INR/bbl,Dhan API v2 (Client 1112620458)
2026-07-24 10:00,2026-07-24,10,Crude,5360.92,5365.74,4.82,0.09,5528,80849,5400,21.82,22.32,41982,38867,0.9258,INR/bbl,Dhan API v2 (Client 1112620458)
2026-07-24 11:00,2026-07-24,11,Crude,5359.6,5367.68,8.08,0.1508,10614,79915,5400,20.93,21.43,42379,37536,0.8857,INR/bbl,Dhan API v2 (Client 1112620458)
2026-07-24 12:00,2026-07-24,12,Crude,5342.49,5364.3,21.82,0.4084,7130,80030,5300,21.71,22.21,41288,38742,0.9383,INR/bbl,Dhan API v2 (Client 1112620458)
2026-07-24 13:00,2026-07-24,13,Crude,5312.5,5327.59,15.09,0.284,3065,78575,5300,21.41,21.91,40898,37677,0.9212,INR/bbl,Dhan API v2 (Client 1112620458)
2026-07-24 14:00,2026-07-24,14,Crude,5291.08,5317.29,26.22,0.4955,11722,78880,5300,21.8,22.3,41625,37255,0.895,INR/bbl,Dhan API v2 (Client 1112620458)
2026-07-24 15:00,2026-07-24,15,Crude,5306.0,5322.33,16.33,0.3077,5767,79662,5300,21.42,21.92,41364,38298,0.9259,INR/bbl,Dhan API v2 (Client 1112620458)
2026-07-24 16:00,2026-07-24,16,Crude,5320.26,5354.02,33.76,0.6346,13619,80300,5300,21.07,21.57,41691,38609,0.9261,INR/bbl,Dhan API v2 (Client 1112620458)
2026-07-24 17:00,2026-07-24,17,Crude,5279.89,5301.2,21.31,0.4037,7594,80014,5300,21.75,22.25,41880,38134,0.9106,INR/bbl,Dhan API v2 (Client 1112620458)
2026-07-24 18:00,2026-07-24,18,Crude,5275.71,5288.1,12.39,0.2349,6467,79511,5300,21.14,21.64,41548,37963,0.9137,INR/bbl,Dhan API v2 (Client 1112620458)
2026-07-24 19:00,2026-07-24,19,Crude,5272.27,5291.35,19.08,0.3619,6805,79239,5300,21.93,22.43,41625,37614,0.9036,INR/bbl,Dhan API v2 (Client 1112620458)
2026-07-24 20:00,2026-07-24,20,Crude,5265.87,5270.41,4.54,0.0862,10185,77146,5300,21.87,22.37,40376,36770,0.9107,INR/bbl,Dhan API v2 (Client 1112620458)
2026-07-24 21:00,2026-07-24,21,Crude,5217.96,5248.77,30.81,0.5905,4831,81506,5200,21.51,22.01,41935,39571,0.9436,INR/bbl,Dhan API v2 (Client 1112620458)
2026-07-24 22:00,2026-07-24,22,Crude,5203.86,5193.81,-10.05,-0.193,2626,78652,5200,22.17,22.67,40799,37853,0.9278,INR/bbl,Dhan API v2 (Client 1112620458)
2026-07-24 23:00,2026-07-24,23,Crude,5180.97,5230.93,49.96,0.9643,12003,77944,5200,21.87,22.37,40870,37074,0.9071,INR/bbl,Dhan API v2 (Client 1112620458)
2026-07-27 09:00,2026-07-27,9,Crude,5169.05,5162.92,-6.13,-0.1185,7638,78494,5200,21.29,21.79,41238,37256,0.9034,INR/bbl,Dhan API v2 (Client 1112620458)
2026-07-27 10:00,2026-07-27,10,Crude,5134.58,5145.07,10.49,0.2044,1302,78214,5100,21.71,22.21,41397,36817,0.8894,INR/bbl,Dhan API v2 (Client 1112620458)
2026-07-27 11:00,2026-07-27,11,Crude,5127.3,5149.28,21.99,0.4288,599,79858,5100,21.88,22.38,42082,37776,0.8977,INR/bbl,Dhan API v2 (Client 1112620458)
2026-07-27 12:00,2026-07-27,12,Crude,5129.7,5152.93,23.23,0.4529,5298,79648,5100,21.79,22.29,41773,37875,0.9067,INR/bbl,Dhan API v2 (Client 1112620458)
2026-07-27 13:00,2026-07-27,13,Crude,5138.26,5169.84,31.58,0.6146,5202,79429,5100,21.8,22.3,40933,38496,0.9405,INR/bbl,Dhan API v2 (Client 1112620458)
2026-07-27 14:00,2026-07-27,14,Crude,5146.76,5157.12,10.37,0.2014,6853,77945,5100,21.46,21.96,41249,36696,0.8896,INR/bbl,Dhan API v2 (Client 1112620458)
2026-07-27 15:00,2026-07-27,15,Crude,5139.12,5144.26,5.14,0.1,619,80012,5100,21.86,22.36,41367,38645,0.9342,INR/bbl,Dhan API v2 (Client 1112620458)
2026-07-27 16:00,2026-07-27,16,Crude,5095.37,5092.95,-2.43,-0.0476,2950,80928,5100,21.14,21.64,42019,38909,0.926,INR/bbl,Dhan API v2 (Client 1112620458)
2026-07-27 17:00,2026-07-27,17,Crude,5116.2,5130.71,14.51,0.2836,6046,80345,5100,21.56,22.06,41336,39009,0.9437,INR/bbl,Dhan API v2 (Client 1112620458)
2026-07-27 18:00,2026-07-27,18,Crude,5096.3,5132.89,36.59,0.718,8743,80666,5100,21.6,22.1,42191,38475,0.9119,INR/bbl,Dhan API v2 (Client 1112620458)
2026-07-27 19:00,2026-07-27,19,Crude,5099.72,5110.9,11.18,0.2192,6636,79578,5100,21.88,22.38,42018,37560,0.8939,INR/bbl,Dhan API v2 (Client 1112620458)
2026-07-27 20:00,2026-07-27,20,Crude,5103.28,5124.77,21.49,0.4212,9470,80875,5100,22.12,22.62,42637,38238,0.8968,INR/bbl,Dhan API v2 (Client 1112620458)
2026-07-27 21:00,2026-07-27,21,Crude,5064.27,5081.86,17.59,0.3473,6019,77812,5100,21.77,22.27,39911,37901,0.9496,INR/bbl,Dhan API v2 (Client 1112620458)
2026-07-27 22:00,2026-07-27,22,Crude,5055.03,5077.45,22.41,0.4434,4098,78815,5100,21.74,22.24,41510,37305,0.8987,INR/bbl,Dhan API v2 (Client 1112620458)
2026-07-27 23:00,2026-07-27,23,Crude,5042.55,5040.57,-1.98,-0.0393,7151,77871,5000,21.13,21.63,40236,37635,0.9354,INR/bbl,Dhan API v2 (Client 1112620458)
2026-07-28 09:00,2026-07-28,9,Crude,5050.28,5056.29,6.01,0.1191,2062,79825,5100,22.02,22.52,41697,38128,0.9144,INR/bbl,Dhan API v2 (Client 1112620458)
2026-07-28 10:00,2026-07-28,10,Crude,5038.68,5066.4,27.71,0.55,11653,80487,5000,21.75,22.25,42621,37866,0.8884,INR/bbl,Dhan API v2 (Client 1112620458)
2026-07-28 11:00,2026-07-28,11,Crude,5036.69,5045.7,9.02,0.179,11523,79635,5000,21.75,22.25,41442,38193,0.9216,INR/bbl,Dhan API v2 (Client 1112620458)
2026-07-28 12:00,2026-07-28,12,Crude,5039.03,5039.18,0.15,0.0029,3727,78495,5000,21.68,22.18,41198,37297,0.9053,INR/bbl,Dhan API v2 (Client 1112620458)
2026-07-28 13:00,2026-07-28,13,Crude,5032.15,5050.59,18.45,0.3666,851,79111,5000,21.08,21.58,41264,37847,0.9172,INR/bbl,Dhan API v2 (Client 1112620458)
2026-07-28 14:00,2026-07-28,14,Crude,5023.21,5045.95,22.74,0.4527,13903,80331,5000,21.59,22.09,42770,37561,0.8782,INR/bbl,Dhan API v2 (Client 1112620458)
2026-07-28 15:00,2026-07-28,15,Crude,5014.35,5031.01,16.67,0.3324,12575,79554,5000,21.82,22.32,42193,37361,0.8855,INR/bbl,Dhan API v2 (Client 1112620458)
2026-07-28 16:00,2026-07-28,16,Crude,5014.7,5033.7,19.0,0.3789,4373,79536,5000,21.53,22.03,42430,37106,0.8745,INR/bbl,Dhan API v2 (Client 1112620458)
2026-07-28 17:00,2026-07-28,17,Crude,4963.32,4963.77,0.45,0.0091,3361,79860,5000,21.75,22.25,41634,38226,0.9181,INR/bbl,Dhan API v2 (Client 1112620458)
2026-07-28 18:00,2026-07-28,18,Crude,4939.72,4967.33,27.61,0.5589,4068,80250,4900,22.1,22.6,41864,38386,0.9169,INR/bbl,Dhan API v2 (Client 1112620458)
2026-07-28 19:00,2026-07-28,19,Crude,4932.11,4945.19,13.08,0.2651,5141,78557,4900,21.22,21.72,40196,38361,0.9543,INR/bbl,Dhan API v2 (Client 1112620458)
2026-07-28 20:00,2026-07-28,20,Crude,4930.44,4952.33,21.89,0.4439,7712,80792,4900,21.31,21.81,42297,38495,0.9101,INR/bbl,Dhan API v2 (Client 1112620458)
2026-07-28 21:00,2026-07-28,21,Crude,4942.09,4958.55,16.46,0.3331,11394,80142,4900,21.61,22.11,41927,38215,0.9115,INR/bbl,Dhan API v2 (Client 1112620458)
2026-07-28 22:00,2026-07-28,22,Crude,4936.44,4960.37,23.93,0.4847,2458,78665,4900,21.2,21.7,41210,37455,0.9089,INR/bbl,Dhan API v2 (Client 1112620458)
2026-07-28 23:00,2026-07-28,23,Crude,4988.53,4995.53,7.01,0.1404,6968,79290,5000,21.66,22.16,41453,37837,0.9128,INR/bbl,Dhan API v2 (Client 1112620458)
2026-07-29 09:00,2026-07-29,9,Crude,5013.04,5035.89,22.85,0.4558,13868,79726,5000,21.88,22.38,42200,37526,0.8892,INR/bbl,Dhan API v2 (Client 1112620458)
2026-07-29 10:00,2026-07-29,10,Crude,5005.7,5031.94,26.24,0.5242,5627,79168,5000,21.81,22.31,40795,38373,0.9406,INR/bbl,Dhan API v2 (Client 1112620458)
2026-07-29 11:00,2026-07-29,11,Crude,4959.06,4960.32,1.26,0.0254,13993,80386,5000,20.74,21.24,42102,38284,0.9093,INR/bbl,Dhan API v2 (Client 1112620458)
2026-07-29 12:00,2026-07-29,12,Crude,4973.25,4970.68,-2.57,-0.0518,8857,78915,5000,21.67,22.17,40876,38039,0.9306,INR/bbl,Dhan API v2 (Client 1112620458)
2026-07-29 13:00,2026-07-29,13,Crude,4976.11,4976.63,0.52,0.0104,6228,79646,5000,21.9,22.4,41491,38155,0.9196,INR/bbl,Dhan API v2 (Client 1112620458)
2026-07-29 14:00,2026-07-29,14,Crude,4930.54,4945.84,15.3,0.3103,4626,78552,4900,21.51,22.01,41082,37470,0.9121,INR/bbl,Dhan API v2 (Client 1112620458)
2026-07-29 15:00,2026-07-29,15,Crude,4955.57,4980.83,25.26,0.5097,5810,79722,5000,21.64,22.14,40682,39040,0.9596,INR/bbl,Dhan API v2 (Client 1112620458)
2026-07-29 16:00,2026-07-29,16,Crude,4971.38,4978.22,6.85,0.1378,2949,79066,5000,21.87,22.37,41693,37373,0.8964,INR/bbl,Dhan API v2 (Client 1112620458)
2026-07-29 17:00,2026-07-29,17,Crude,4950.62,4955.26,4.63,0.0936,5983,79678,5000,21.51,22.01,41627,38051,0.9141,INR/bbl,Dhan API v2 (Client 1112620458)
2026-07-29 18:00,2026-07-29,18,Crude,4961.91,4966.61,4.7,0.0947,10094,79459,5000,21.56,22.06,41228,38231,0.9273,INR/bbl,Dhan API v2 (Client 1112620458)
2026-07-29 19:00,2026-07-29,19,Crude,4968.31,4977.18,8.87,0.1786,4878,78766,5000,21.14,21.64,41285,37481,0.9079,INR/bbl,Dhan API v2 (Client 1112620458)
2026-07-29 20:00,2026-07-29,20,Crude,4962.41,4965.64,3.24,0.0652,3341,80175,5000,21.05,21.55,41163,39012,0.9477,INR/bbl,Dhan API v2 (Client 1112620458)
2026-07-29 21:00,2026-07-29,21,Crude,4973.52,4972.7,-0.82,-0.0166,12171,79423,5000,20.83,21.33,41676,37747,0.9057,INR/bbl,Dhan API v2 (Client 1112620458)
2026-07-29 22:00,2026-07-29,22,Crude,4973.63,4987.38,13.76,0.2766,14708,78148,5000,21.38,21.88,41240,36908,0.895,INR/bbl,Dhan API v2 (Client 1112620458)
2026-07-29 23:00,2026-07-29,23,Crude,5003.18,5027.05,23.87,0.477,9206,79804,5000,21.55,22.05,40838,38966,0.9542,INR/bbl,Dhan API v2 (Client 1112620458)
2026-07-30 09:00,2026-07-30,9,Crude,5000.73,5020.41,19.69,0.3937,3170,79745,5000,21.72,22.22,41808,37937,0.9074,INR/bbl,Dhan API v2 (Client 1112620458)
2026-07-30 10:00,2026-07-30,10,Crude,4984.27,4998.81,14.54,0.2918,12530,79163,5000,21.27,21.77,41178,37985,0.9225,INR/bbl,Dhan API v2 (Client 1112620458)
2026-07-30 11:00,2026-07-30,11,Crude,4964.79,4996.39,31.6,0.6365,6980,80054,5000,21.3,21.8,41940,38114,0.9088,INR/bbl,Dhan API v2 (Client 1112620458)
2026-07-30 12:00,2026-07-30,12,Crude,4952.64,4966.0,13.37,0.2699,12040,79428,5000,21.75,22.25,40775,38653,0.948,INR/bbl,Dhan API v2 (Client 1112620458)
2026-07-30 13:00,2026-07-30,13,Crude,4973.71,4996.44,22.73,0.457,3277,78735,5000,22.19,22.69,41243,37492,0.9091,INR/bbl,Dhan API v2 (Client 1112620458)
2026-07-30 14:00,2026-07-30,14,Crude,4950.81,4969.67,18.86,0.3809,4898,78830,5000,21.72,22.22,41174,37656,0.9146,INR/bbl,Dhan API v2 (Client 1112620458)
2026-07-30 15:00,2026-07-30,15,Crude,4961.95,4962.62,0.67,0.0136,7664,79507,5000,21.12,21.62,41868,37639,0.899,INR/bbl,Dhan API v2 (Client 1112620458)
2026-07-30 16:00,2026-07-30,16,Crude,4976.08,4973.17,-2.91,-0.0584,10394,79345,5000,21.44,21.94,42049,37296,0.887,INR/bbl,Dhan API v2 (Client 1112620458)
2026-07-30 17:00,2026-07-30,17,Crude,4991.9,5017.74,25.84,0.5177,6767,79723,5000,21.94,22.44,42127,37596,0.8924,INR/bbl,Dhan API v2 (Client 1112620458)
2026-07-30 18:00,2026-07-30,18,Crude,4968.98,4982.22,13.24,0.2664,6843,80433,5000,21.75,22.25,41485,38948,0.9388,INR/bbl,Dhan API v2 (Client 1112620458)
2026-07-30 19:00,2026-07-30,19,Crude,4986.36,4996.65,10.29,0.2063,840,78893,5000,21.59,22.09,40316,38577,0.9569,INR/bbl,Dhan API v2 (Client 1112620458)
2026-07-30 20:00,2026-07-30,20,Crude,4966.53,4964.81,-1.72,-0.0347,7808,80080,5000,21.17,21.67,41847,38233,0.9136,INR/bbl,Dhan API v2 (Client 1112620458)
2026-07-30 21:00,2026-07-30,21,Crude,4955.91,4965.79,9.88,0.1993,2508,78905,5000,21.47,21.97,40828,38077,0.9326,INR/bbl,Dhan API v2 (Client 1112620458)
2026-07-30 22:00,2026-07-30,22,Crude,4950.24,4960.65,10.41,0.2102,9433,80383,5000,21.5,22.0,42212,38171,0.9043,INR/bbl,Dhan API v2 (Client 1112620458)
2026-07-30 23:00,2026-07-30,23,Crude,4917.88,4926.39,8.51,0.1731,5942,80681,4900,21.62,22.12,42069,38612,0.9178,INR/bbl,Dhan API v2 (Client 1112620458)
2026-07-31 09:00,2026-07-31,9,Crude,4911.56,4930.76,19.21,0.391,2534,79109,4900,21.73,22.23,41461,37648,0.908,INR/bbl,Dhan API v2 (Client 1112620458)
2026-07-31 10:00,2026-07-31,10,Crude,4906.64,4925.29,18.65,0.3801,14052,79888,4900,21.06,21.56,42491,37397,0.8801,INR/bbl,Dhan API v2 (Client 1112620458)
2026-07-31 11:00,2026-07-31,11,Crude,4911.19,4908.32,-2.87,-0.0585,4369,79620,4900,21.51,22.01,42166,37454,0.8883,INR/bbl,Dhan API v2 (Client 1112620458)
2026-07-31 12:00,2026-07-31,12,Crude,4937.28,4951.09,13.81,0.2797,4065,80227,4900,21.27,21.77,42490,37737,0.8881,INR/bbl,Dhan API v2 (Client 1112620458)
2026-07-31 13:00,2026-07-31,13,Crude,4929.46,4953.44,23.98,0.4865,8500,79576,4900,21.84,22.34,41590,37986,0.9133,INR/bbl,Dhan API v2 (Client 1112620458)
2026-07-31 14:00,2026-07-31,14,Crude,4907.89,4924.11,16.21,0.3303,4854,80994,4900,21.54,22.04,42320,38674,0.9138,INR/bbl,Dhan API v2 (Client 1112620458)
2026-07-31 15:00,2026-07-31,15,Crude,4916.41,4930.97,14.55,0.296,10087,79600,4900,21.73,22.23,42605,36995,0.8683,INR/bbl,Dhan API v2 (Client 1112620458)
2026-07-31 16:00,2026-07-31,16,Crude,4896.56,4914.87,18.31,0.374,1649,80267,4900,21.03,21.53,41109,39158,0.9525,INR/bbl,Dhan API v2 (Client 1112620458)
2026-07-31 17:00,2026-07-31,17,Crude,4909.87,4931.07,21.21,0.4319,5313,80178,4900,21.84,22.34,42232,37946,0.8985,INR/bbl,Dhan API v2 (Client 1112620458)
2026-07-31 18:00,2026-07-31,18,Crude,4908.93,4916.63,7.7,0.1569,3679,80439,4900,21.28,21.78,41211,39228,0.9519,INR/bbl,Dhan API v2 (Client 1112620458)
2026-07-31 19:00,2026-07-31,19,Crude,4909.7,4914.45,4.75,0.0968,2958,81185,4900,21.26,21.76,41827,39358,0.941,INR/bbl,Dhan API v2 (Client 1112620458)
2026-07-31 20:00,2026-07-31,20,Crude,4914.89,4922.45,7.56,0.1537,9527,80080,4900,21.26,21.76,42187,37893,0.8982,INR/bbl,Dhan API v2 (Client 1112620458)
2026-07-31 21:00,2026-07-31,21,Crude,4944.06,4944.86,0.8,0.0161,3786,78775,4900,21.43,21.93,41195,37580,0.9122,INR/bbl,Dhan API v2 (Client 1112620458)
2026-07-31 22:00,2026-07-31,22,Crude,4966.79,4966.18,-0.6,-0.0121,13165,81987,5000,20.89,21.39,42597,39390,0.9247,INR/bbl,Dhan API v2 (Client 1112620458)
2026-07-31 23:00,2026-07-31,23,Crude,4956.6,4963.51,6.92,0.1395,7081,79745,5000,21.34,21.84,42301,37444,0.8852,INR/bbl,Dhan API v2 (Client 1112620458)
2026-08-03 09:00,2026-08-03,9,Crude,4955.58,4953.31,-2.27,-0.0458,9331,78418,5000,21.91,22.41,40342,38076,0.9438,INR/bbl,Dhan API v2 (Client 1112620458)
2026-08-03 10:00,2026-08-03,10,Crude,4945.67,4944.84,-0.82,-0.0166,4492,79323,4900,21.65,22.15,41709,37614,0.9018,INR/bbl,Dhan API v2 (Client 1112620458)
2026-08-03 11:00,2026-08-03,11,Crude,4963.32,4974.87,11.55,0.2327,9431,79331,5000,21.25,21.75,41614,37717,0.9064,INR/bbl,Dhan API v2 (Client 1112620458)
2026-08-03 12:00,2026-08-03,12,Crude,4959.57,4983.67,24.1,0.4859,9041,80856,5000,20.95,21.45,42222,38634,0.915,INR/bbl,Dhan API v2 (Client 1112620458)
2026-08-03 13:00,2026-08-03,13,Crude,4968.61,4993.45,24.84,0.5,5474,79470,5000,21.41,21.91,42278,37192,0.8797,INR/bbl,Dhan API v2 (Client 1112620458)
2026-08-03 14:00,2026-08-03,14,Crude,4956.77,4973.83,17.06,0.3443,12768,80447,5000,21.91,22.41,42318,38129,0.901,INR/bbl,Dhan API v2 (Client 1112620458)
2026-08-03 15:00,2026-08-03,15,Crude,4984.7,5014.73,30.04,0.6026,5218,80536,5000,21.8,22.3,41608,38928,0.9356,INR/bbl,Dhan API v2 (Client 1112620458)
2026-08-03 16:00,2026-08-03,16,Crude,5007.46,5009.11,1.65,0.033,12986,78348,5000,21.91,22.41,41389,36959,0.893,INR/bbl,Dhan API v2 (Client 1112620458)
2026-08-03 17:00,2026-08-03,17,Crude,5015.69,5035.47,19.78,0.3944,2767,78709,5000,21.53,22.03,40786,37923,0.9298,INR/bbl,Dhan API v2 (Client 1112620458)
2026-08-03 18:00,2026-08-03,18,Crude,4998.64,5006.26,7.62,0.1523,3296,79075,5000,21.89,22.39,41717,37358,0.8955,INR/bbl,Dhan API v2 (Client 1112620458)
2026-08-03 19:00,2026-08-03,19,Crude,4987.17,4997.68,10.51,0.2108,14479,79273,5000,21.55,22.05,41234,38039,0.9225,INR/bbl,Dhan API v2 (Client 1112620458)
2026-08-03 20:00,2026-08-03,20,Crude,4942.18,4947.59,5.41,0.1095,14880,81423,4900,21.85,22.35,42904,38519,0.8978,INR/bbl,Dhan API v2 (Client 1112620458)
2026-08-03 21:00,2026-08-03,21,Crude,4947.87,4959.3,11.42,0.2309,8218,80838,4900,21.66,22.16,42449,38389,0.9044,INR/bbl,Dhan API v2 (Client 1112620458)
2026-08-03 22:00,2026-08-03,22,Crude,4951.99,4953.25,1.26,0.0254,14812,80311,5000,22.31,22.81,42015,38296,0.9115,INR/bbl,Dhan API v2 (Client 1112620458)
2026-08-03 23:00,2026-08-03,23,Crude,4961.12,4970.78,9.65,0.1946,8618,79568,5000,21.62,22.12,41592,37976,0.9131,INR/bbl,Dhan API v2 (Client 1112620458)
2026-08-04 09:00,2026-08-04,9,Crude,4987.77,5004.24,16.47,0.3302,14327,79053,5000,21.67,22.17,41921,37132,0.8858,INR/bbl,Dhan API v2 (Client 1112620458)
2026-08-04 10:00,2026-08-04,10,Crude,5022.86,5037.62,14.75,0.2937,13786,78737,5000,21.92,22.42,40968,37769,0.9219,INR/bbl,Dhan API v2 (Client 1112620458)
2026-08-04 11:00,2026-08-04,11,Crude,5011.11,5029.68,18.57,0.3705,3559,81335,5000,21.32,21.82,42424,38911,0.9172,INR/bbl,Dhan API v2 (Client 1112620458)
2026-08-04 12:00,2026-08-04,12,Crude,4980.89,4991.62,10.74,0.2155,1115,80282,5000,21.76,22.26,41787,38495,0.9212,INR/bbl,Dhan API v2 (Client 1112620458)
2026-08-04 13:00,2026-08-04,13,Crude,5006.23,5006.72,0.49,0.0097,3893,79817,5000,21.58,22.08,41873,37944,0.9062,INR/bbl,Dhan API v2 (Client 1112620458)
2026-08-04 14:00,2026-08-04,14,Crude,4993.76,4989.05,-4.71,-0.0942,3288,79871,5000,21.99,22.49,42045,37826,0.8997,INR/bbl,Dhan API v2 (Client 1112620458)
2026-08-04 15:00,2026-08-04,15,Crude,4996.21,5005.26,9.05,0.1812,7892,78480,5000,21.84,22.34,40370,38110,0.944,INR/bbl,Dhan API v2 (Client 1112620458)
2026-08-04 16:00,2026-08-04,16,Crude,4978.4,4989.17,10.78,0.2164,9970,80318,5000,22.02,22.52,41617,38701,0.9299,INR/bbl,Dhan API v2 (Client 1112620458)
2026-08-04 17:00,2026-08-04,17,Crude,4987.98,5022.72,34.74,0.6965,777,78446,5000,21.54,22.04,40958,37488,0.9153,INR/bbl,Dhan API v2 (Client 1112620458)
2026-08-04 18:00,2026-08-04,18,Crude,5011.21,5022.98,11.77,0.2349,8328,79716,5000,21.83,22.33,41627,38089,0.915,INR/bbl,Dhan API v2 (Client 1112620458)
2026-08-04 19:00,2026-08-04,19,Crude,5015.15,5010.05,-5.11,-0.1018,14347,81373,5000,21.61,22.11,42597,38776,0.9103,INR/bbl,Dhan API v2 (Client 1112620458)
2026-08-04 20:00,2026-08-04,20,Crude,5015.04,5019.88,4.84,0.0966,12892,79983,5000,21.12,21.62,40947,39036,0.9533,INR/bbl,Dhan API v2 (Client 1112620458)
2026-08-04 21:00,2026-08-04,21,Crude,5003.5,5013.0,9.5,0.1898,5184,80252,5000,21.57,22.07,41276,38976,0.9443,INR/bbl,Dhan API v2 (Client 1112620458)
2026-08-04 22:00,2026-08-04,22,Crude,4964.27,4970.33,6.06,0.1221,9611,80614,5000,21.27,21.77,41541,39073,0.9406,INR/bbl,Dhan API v2 (Client 1112620458)
2026-08-04 23:00,2026-08-04,23,Crude,5010.1,5032.71,22.61,0.4512,4249,78795,5000,21.52,22.02,42116,36679,0.8709,INR/bbl,Dhan API v2 (Client 1112620458)
2026-08-05 09:00,2026-08-05,9,Crude,5034.35,5047.92,13.57,0.2695,9998,79665,5000,21.93,22.43,40861,38804,0.9497,INR/bbl,Dhan API v2 (Client 1112620458)
2026-08-05 10:00,2026-08-05,10,Crude,4985.15,4988.36,3.22,0.0645,2343,77930,5000,22.05,22.55,40706,37224,0.9145,INR/bbl,Dhan API v2 (Client 1112620458)
2026-08-05 11:00,2026-08-05,11,Crude,4943.53,4969.09,25.56,0.517,2606,78497,4900,21.34,21.84,40903,37594,0.9191,INR/bbl,Dhan API v2 (Client 1112620458)
2026-08-05 12:00,2026-08-05,12,Crude,4974.09,4981.74,7.65,0.1538,14786,79177,5000,21.51,22.01,41178,37999,0.9228,INR/bbl,Dhan API v2 (Client 1112620458)
2026-08-05 13:00,2026-08-05,13,Crude,4986.4,4997.81,11.41,0.2287,13019,77873,5000,21.76,22.26,40663,37210,0.9151,INR/bbl,Dhan API v2 (Client 1112620458)
2026-08-05 14:00,2026-08-05,14,Crude,4987.78,5003.92,16.14,0.3235,9411,79863,5000,22.24,22.74,41780,38083,0.9115,INR/bbl,Dhan API v2 (Client 1112620458)
2026-08-05 15:00,2026-08-05,15,Crude,4983.95,5002.58,18.63,0.3737,1917,78743,5000,21.57,22.07,40479,38264,0.9453,INR/bbl,Dhan API v2 (Client 1112620458)
2026-08-05 16:00,2026-08-05,16,Crude,5003.42,5018.96,15.54,0.3105,3313,80399,5000,21.5,22.0,41657,38742,0.93,INR/bbl,Dhan API v2 (Client 1112620458)
2026-08-05 17:00,2026-08-05,17,Crude,5005.2,5015.46,10.27,0.2051,4360,78799,5000,21.19,21.69,40959,37840,0.9239,INR/bbl,Dhan API v2 (Client 1112620458)
2026-08-05 18:00,2026-08-05,18,Crude,5002.04,5020.9,18.86,0.377,10820,80052,5000,21.33,21.83,41667,38385,0.9212,INR/bbl,Dhan API v2 (Client 1112620458)
2026-08-05 19:00,2026-08-05,19,Crude,5012.9,5028.72,15.82,0.3156,9379,79308,5000,21.21,21.71,41153,38155,0.9271,INR/bbl,Dhan API v2 (Client 1112620458)
2026-08-05 20:00,2026-08-05,20,Crude,5037.73,5052.76,15.03,0.2983,13312,80419,5000,21.67,22.17,42449,37970,0.8945,INR/bbl,Dhan API v2 (Client 1112620458)
2026-08-05 21:00,2026-08-05,21,Crude,5069.03,5091.45,22.42,0.4423,1240,79760,5100,21.57,22.07,40666,39094,0.9613,INR/bbl,Dhan API v2 (Client 1112620458)
2026-08-05 22:00,2026-08-05,22,Crude,5076.5,5089.51,13.01,0.2563,12136,79661,5100,21.94,22.44,41291,38370,0.9293,INR/bbl,Dhan API v2 (Client 1112620458)
2026-08-05 23:00,2026-08-05,23,Crude,5091.45,5111.83,20.38,0.4003,939,78462,5100,22.05,22.55,41979,36483,0.8691,INR/bbl,Dhan API v2 (Client 1112620458)
2026-08-06 09:00,2026-08-06,9,Crude,5096.93,5103.7,6.77,0.1329,8499,78726,5100,22.05,22.55,40363,38363,0.9504,INR/bbl,Dhan API v2 (Client 1112620458)
2026-08-06 10:00,2026-08-06,10,Crude,5113.25,5110.89,-2.36,-0.0461,7154,77700,5100,21.44,21.94,40296,37404,0.9282,INR/bbl,Dhan API v2 (Client 1112620458)
2026-08-06 11:00,2026-08-06,11,Crude,5165.6,5164.24,-1.37,-0.0265,12281,78485,5200,21.65,22.15,41078,37407,0.9106,INR/bbl,Dhan API v2 (Client 1112620458)
2026-08-06 12:00,2026-08-06,12,Crude,5142.07,5158.47,16.4,0.3189,12293,80115,5100,22.04,22.54,42527,37588,0.8839,INR/bbl,Dhan API v2 (Client 1112620458)
2026-08-06 13:00,2026-08-06,13,Crude,5112.74,5129.74,17.0,0.3326,6562,78638,5100,21.61,22.11,40291,38347,0.9518,INR/bbl,Dhan API v2 (Client 1112620458)
2026-08-06 14:00,2026-08-06,14,Crude,5113.66,5122.62,8.96,0.1752,7369,80041,5100,21.09,21.59,42155,37886,0.8987,INR/bbl,Dhan API v2 (Client 1112620458)
2026-08-06 15:00,2026-08-06,15,Crude,5100.33,5117.12,16.79,0.3292,5257,78226,5100,21.81,22.31,39936,38290,0.9588,INR/bbl,Dhan API v2 (Client 1112620458)
2026-08-06 16:00,2026-08-06,16,Crude,5105.03,5118.2,13.17,0.258,14345,80458,5100,21.63,22.13,42927,37531,0.8743,INR/bbl,Dhan API v2 (Client 1112620458)
2026-08-06 17:00,2026-08-06,17,Crude,5099.29,5119.22,19.93,0.3908,8596,79444,5100,21.71,22.21,41372,38072,0.9202,INR/bbl,Dhan API v2 (Client 1112620458)
2026-08-06 18:00,2026-08-06,18,Crude,5079.16,5092.91,13.75,0.2708,2287,79552,5100,21.55,22.05,41852,37700,0.9008,INR/bbl,Dhan API v2 (Client 1112620458)
2026-08-06 19:00,2026-08-06,19,Crude,5114.75,5138.55,23.8,0.4653,1753,78952,5100,21.48,21.98,41041,37911,0.9237,INR/bbl,Dhan API v2 (Client 1112620458)
2026-08-06 20:00,2026-08-06,20,Crude,5103.7,5112.79,9.08,0.1779,5282,80458,5100,21.71,22.21,41463,38995,0.9405,INR/bbl,Dhan API v2 (Client 1112620458)
2026-08-06 21:00,2026-08-06,21,Crude,5107.24,5110.78,3.53,0.0692,6443,78820,5100,21.74,22.24,41097,37723,0.9179,INR/bbl,Dhan API v2 (Client 1112620458)
2026-08-06 22:00,2026-08-06,22,Crude,5124.72,5124.91,0.19,0.0038,1735,78969,5100,21.15,21.65,42188,36781,0.8718,INR/bbl,Dhan API v2 (Client 1112620458)
2026-08-06 23:00,2026-08-06,23,Crude,5091.62,5101.13,9.52,0.1869,5322,79355,5100,21.2,21.7,41247,38108,0.9239,INR/bbl,Dhan API v2 (Client 1112620458)
2026-08-07 09:00,2026-08-07,9,Crude,5090.08,5099.4,9.32,0.183,819,78722,5100,21.74,22.24,40638,38084,0.9372,INR/bbl,Dhan API v2 (Client 1112620458)
2026-08-07 10:00,2026-08-07,10,Crude,5056.05,5057.41,1.36,0.0269,7643,80399,5100,21.56,22.06,41711,38688,0.9275,INR/bbl,Dhan API v2 (Client 1112620458)
2026-08-07 11:00,2026-08-07,11,Crude,5059.44,5074.25,14.81,0.2927,2935,79858,5100,21.32,21.82,41508,38350,0.9239,INR/bbl,Dhan API v2 (Client 1112620458)
2026-08-07 12:00,2026-08-07,12,Crude,5061.29,5062.31,1.01,0.02,9559,78859,5100,21.35,21.85,41079,37780,0.9197,INR/bbl,Dhan API v2 (Client 1112620458)
2026-08-07 13:00,2026-08-07,13,Crude,5088.0,5095.77,7.77,0.1528,9767,80350,5100,21.89,22.39,42384,37966,0.8958,INR/bbl,Dhan API v2 (Client 1112620458)
2026-08-07 14:00,2026-08-07,14,Crude,5109.53,5123.42,13.88,0.2717,10173,80543,5100,21.69,22.19,42168,38375,0.9101,INR/bbl,Dhan API v2 (Client 1112620458)
2026-08-07 15:00,2026-08-07,15,Crude,5099.23,5114.97,15.74,0.3086,4448,79767,5100,21.5,22.0,41614,38153,0.9168,INR/bbl,Dhan API v2 (Client 1112620458)
2026-08-07 16:00,2026-08-07,16,Crude,5116.17,5131.87,15.7,0.3069,3799,80826,5100,22.34,22.84,41595,39231,0.9432,INR/bbl,Dhan API v2 (Client 1112620458)
2026-08-07 17:00,2026-08-07,17,Crude,5115.95,5104.58,-11.37,-0.2223,14672,79426,5100,21.41,21.91,41255,38171,0.9252,INR/bbl,Dhan API v2 (Client 1112620458)
2026-08-07 18:00,2026-08-07,18,Crude,5107.78,5126.15,18.36,0.3595,7314,80251,5100,21.74,22.24,41914,38337,0.9147,INR/bbl,Dhan API v2 (Client 1112620458)
2026-08-07 19:00,2026-08-07,19,Crude,5078.6,5105.28,26.67,0.5252,5414,79092,5100,21.66,22.16,40605,38487,0.9478,INR/bbl,Dhan API v2 (Client 1112620458)
2026-08-07 20:00,2026-08-07,20,Crude,5074.41,5083.4,8.99,0.1771,11771,78444,5100,20.89,21.39,41087,37357,0.9092,INR/bbl,Dhan API v2 (Client 1112620458)
2026-08-07 21:00,2026-08-07,21,Crude,5061.73,5065.51,3.78,0.0748,6061,80415,5100,21.85,22.35,42525,37890,0.891,INR/bbl,Dhan API v2 (Client 1112620458)
2026-08-07 22:00,2026-08-07,22,Crude,5102.39,5132.64,30.24,0.5927,6075,77904,5100,21.62,22.12,40765,37139,0.9111,INR/bbl,Dhan API v2 (Client 1112620458)
2026-08-07 23:00,2026-08-07,23,Crude,5082.81,5079.88,-2.94,-0.0578,6125,78418,5100,21.5,22.0,40429,37989,0.9396,INR/bbl,Dhan API v2 (Client 1112620458)
2026-08-10 09:00,2026-08-10,9,Crude,5091.51,5104.72,13.21,0.2594,518,79692,5100,21.9,22.4,41750,37942,0.9088,INR/bbl,Dhan API v2 (Client 1112620458)
2026-08-10 10:00,2026-08-10,10,Crude,5086.25,5085.94,-0.31,-0.0061,6375,81910,5100,21.84,22.34,43418,38492,0.8865,INR/bbl,Dhan API v2 (Client 1112620458)
2026-08-10 11:00,2026-08-10,11,Crude,5124.48,5123.6,-0.89,-0.0173,4672,79468,5100,21.42,21.92,41012,38456,0.9377,INR/bbl,Dhan API v2 (Client 1112620458)
2026-08-10 12:00,2026-08-10,12,Crude,5126.94,5145.1,18.16,0.3543,8093,79227,5100,22.15,22.65,41255,37972,0.9204,INR/bbl,Dhan API v2 (Client 1112620458)
2026-08-10 13:00,2026-08-10,13,Crude,5150.59,5152.2,1.61,0.0312,13390,79350,5200,21.68,22.18,41957,37393,0.8912,INR/bbl,Dhan API v2 (Client 1112620458)
2026-08-10 14:00,2026-08-10,14,Crude,5167.16,5184.06,16.9,0.3271,3963,78781,5200,21.24,21.74,41047,37734,0.9193,INR/bbl,Dhan API v2 (Client 1112620458)
2026-08-10 15:00,2026-08-10,15,Crude,5158.66,5148.04,-10.62,-0.2059,2855,79264,5200,21.29,21.79,41462,37802,0.9117,INR/bbl,Dhan API v2 (Client 1112620458)
2026-08-10 16:00,2026-08-10,16,Crude,5186.72,5196.4,9.69,0.1868,14525,79144,5200,21.33,21.83,41695,37449,0.8982,INR/bbl,Dhan API v2 (Client 1112620458)
2026-08-10 17:00,2026-08-10,17,Crude,5207.74,5199.91,-7.84,-0.1505,13498,79207,5200,21.75,22.25,40870,38337,0.938,INR/bbl,Dhan API v2 (Client 1112620458)
2026-08-10 18:00,2026-08-10,18,Crude,5193.8,5212.53,18.74,0.3607,11343,78649,5200,21.57,22.07,41794,36855,0.8818,INR/bbl,Dhan API v2 (Client 1112620458)
2026-08-10 19:00,2026-08-10,19,Crude,5219.32,5233.38,14.06,0.2694,6824,79588,5200,21.84,22.34,41545,38043,0.9157,INR/bbl,Dhan API v2 (Client 1112620458)
2026-08-10 20:00,2026-08-10,20,Crude,5240.33,5257.39,17.07,0.3257,10591,80497,5200,21.15,21.65,41753,38744,0.9279,INR/bbl,Dhan API v2 (Client 1112620458)
2026-08-10 21:00,2026-08-10,21,Crude,5219.93,5232.89,12.96,0.2483,9515,80420,5200,21.48,21.98,42209,38211,0.9053,INR/bbl,Dhan API v2 (Client 1112620458)
2026-08-10 22:00,2026-08-10,22,Crude,5206.37,5207.61,1.24,0.0238,9961,80143,5200,21.26,21.76,41789,38354,0.9178,INR/bbl,Dhan API v2 (Client 1112620458)
2026-08-10 23:00,2026-08-10,23,Crude,5224.55,5232.9,8.35,0.1599,4707,80027,5200,21.75,22.25,41642,38385,0.9218,INR/bbl,Dhan API v2 (Client 1112620458)
2026-08-11 09:00,2026-08-11,9,Crude,5243.64,5239.64,-4.0,-0.0763,10409,80805,5200,21.65,22.15,41213,39592,0.9607,INR/bbl,Dhan API v2 (Client 1112620458)
2026-08-11 10:00,2026-08-11,10,Crude,5263.92,5275.22,11.3,0.2147,7019,79997,5300,21.79,22.29,41354,38643,0.9344,INR/bbl,Dhan API v2 (Client 1112620458)
2026-08-11 11:00,2026-08-11,11,Crude,5294.75,5305.81,11.06,0.2089,5537,79740,5300,22.16,22.66,41481,38259,0.9223,INR/bbl,Dhan API v2 (Client 1112620458)
2026-08-11 12:00,2026-08-11,12,Crude,5282.19,5285.42,3.24,0.0613,5790,79082,5300,21.89,22.39,41548,37534,0.9034,INR/bbl,Dhan API v2 (Client 1112620458)
2026-08-11 13:00,2026-08-11,13,Crude,5271.34,5287.0,15.66,0.297,11015,78534,5300,21.29,21.79,41009,37525,0.915,INR/bbl,Dhan API v2 (Client 1112620458)
2026-08-11 14:00,2026-08-11,14,Crude,5240.33,5259.52,19.19,0.3662,2447,81259,5200,21.36,21.86,42281,38978,0.9219,INR/bbl,Dhan API v2 (Client 1112620458)
2026-08-11 15:00,2026-08-11,15,Crude,5243.55,5263.23,19.68,0.3754,4436,79304,5200,21.8,22.3,41529,37775,0.9096,INR/bbl,Dhan API v2 (Client 1112620458)
2026-08-11 16:00,2026-08-11,16,Crude,5236.27,5228.25,-8.02,-0.1532,11588,79866,5200,21.59,22.09,41504,38362,0.9243,INR/bbl,Dhan API v2 (Client 1112620458)
2026-08-11 17:00,2026-08-11,17,Crude,5201.5,5219.13,17.63,0.339,11065,79104,5200,21.59,22.09,41010,38094,0.9289,INR/bbl,Dhan API v2 (Client 1112620458)
2026-08-11 18:00,2026-08-11,18,Crude,5178.77,5195.79,17.02,0.3287,10448,81204,5200,21.85,22.35,42169,39035,0.9257,INR/bbl,Dhan API v2 (Client 1112620458)
2026-08-11 19:00,2026-08-11,19,Crude,5151.86,5162.85,10.99,0.2134,1715,79281,5200,21.83,22.33,41456,37825,0.9124,INR/bbl,Dhan API v2 (Client 1112620458)
2026-08-11 20:00,2026-08-11,20,Crude,5193.72,5195.63,1.9,0.0366,12462,79028,5200,21.66,22.16,41249,37779,0.9159,INR/bbl,Dhan API v2 (Client 1112620458)
2026-08-11 21:00,2026-08-11,21,Crude,5197.36,5207.96,10.61,0.2041,6135,79429,5200,21.8,22.3,41999,37430,0.8912,INR/bbl,Dhan API v2 (Client 1112620458)
2026-08-11 22:00,2026-08-11,22,Crude,5219.68,5236.6,16.92,0.3242,9679,80849,5200,21.14,21.64,42339,38510,0.9096,INR/bbl,Dhan API v2 (Client 1112620458)
2026-08-11 23:00,2026-08-11,23,Crude,5190.62,5206.72,16.09,0.31,3070,77987,5200,21.69,22.19,39977,38010,0.9508,INR/bbl,Dhan API v2 (Client 1112620458)
2026-08-12 09:00,2026-08-12,9,Crude,5146.07,5168.59,22.52,0.4376,1128,79134,5100,21.55,22.05,41147,37987,0.9232,INR/bbl,Dhan API v2 (Client 1112620458)
2026-08-12 10:00,2026-08-12,10,Crude,5168.85,5189.34,20.49,0.3964,9983,78739,5200,21.66,22.16,41688,37051,0.8888,INR/bbl,Dhan API v2 (Client 1112620458)
2026-08-12 11:00,2026-08-12,11,Crude,5143.7,5157.78,14.08,0.2738,2980,78019,5100,21.66,22.16,40387,37632,0.9318,INR/bbl,Dhan API v2 (Client 1112620458)
2026-08-12 12:00,2026-08-12,12,Crude,5144.1,5136.34,-7.77,-0.151,4652,80022,5100,21.48,21.98,41841,38181,0.9125,INR/bbl,Dhan API v2 (Client 1112620458)
2026-08-12 13:00,2026-08-12,13,Crude,5179.7,5195.91,16.22,0.3131,7117,80394,5200,21.28,21.78,42463,37931,0.8933,INR/bbl,Dhan API v2 (Client 1112620458)
2026-08-12 14:00,2026-08-12,14,Crude,5155.64,5159.43,3.79,0.0735,3728,80825,5200,21.74,22.24,42368,38457,0.9077,INR/bbl,Dhan API v2 (Client 1112620458)
2026-08-12 15:00,2026-08-12,15,Crude,5175.3,5189.76,14.46,0.2794,3410,79167,5200,21.55,22.05,41509,37658,0.9072,INR/bbl,Dhan API v2 (Client 1112620458)
2026-08-12 16:00,2026-08-12,16,Crude,5156.96,5158.71,1.75,0.0339,13935,79282,5200,21.27,21.77,41269,38013,0.9211,INR/bbl,Dhan API v2 (Client 1112620458)
2026-08-12 17:00,2026-08-12,17,Crude,5169.05,5170.87,1.82,0.0353,13782,79714,5200,21.83,22.33,40995,38719,0.9445,INR/bbl,Dhan API v2 (Client 1112620458)
2026-08-12 18:00,2026-08-12,18,Crude,5196.21,5200.57,4.36,0.0839,8025,79435,5200,21.39,21.89,41213,38222,0.9274,INR/bbl,Dhan API v2 (Client 1112620458)
2026-08-12 19:00,2026-08-12,19,Crude,5195.95,5189.39,-6.56,-0.1263,9519,80809,5200,21.59,22.09,42071,38738,0.9208,INR/bbl,Dhan API v2 (Client 1112620458)
2026-08-12 20:00,2026-08-12,20,Crude,5231.46,5244.78,13.31,0.2545,2377,77553,5200,21.15,21.65,40070,37483,0.9354,INR/bbl,Dhan API v2 (Client 1112620458)
2026-08-12 21:00,2026-08-12,21,Crude,5227.37,5221.32,-6.05,-0.1157,6817,77173,5200,21.17,21.67,39867,37306,0.9358,INR/bbl,Dhan API v2 (Client 1112620458)
2026-08-12 22:00,2026-08-12,22,Crude,5210.69,5218.72,8.04,0.1543,3868,78443,5200,21.45,21.95,41083,37360,0.9094,INR/bbl,Dhan API v2 (Client 1112620458)
2026-08-12 23:00,2026-08-12,23,Crude,5241.24,5265.14,23.9,0.4559,6980,79519,5200,21.4,21.9,41841,37678,0.9005,INR/bbl,Dhan API v2 (Client 1112620458)
2026-08-13 09:00,2026-08-13,9,Crude,5236.82,5239.47,2.65,0.0506,11532,77728,5200,21.62,22.12,40930,36798,0.899,INR/bbl,Dhan API v2 (Client 1112620458)
2026-08-13 10:00,2026-08-13,10,Crude,5260.5,5262.04,1.54,0.0292,14676,80184,5300,21.69,22.19,41557,38627,0.9295,INR/bbl,Dhan API v2 (Client 1112620458)
2026-08-13 11:00,2026-08-13,11,Crude,5248.93,5255.99,7.06,0.1344,9497,80265,5200,21.99,22.49,42294,37971,0.8978,INR/bbl,Dhan API v2 (Client 1112620458)
2026-08-13 12:00,2026-08-13,12,Crude,5249.7,5249.48,-0.22,-0.0042,1050,80661,5200,21.59,22.09,42054,38607,0.918,INR/bbl,Dhan API v2 (Client 1112620458)
2026-08-13 13:00,2026-08-13,13,Crude,5213.19,5234.24,21.06,0.4039,7924,78787,5200,21.16,21.66,40901,37886,0.9263,INR/bbl,Dhan API v2 (Client 1112620458)
2026-08-13 14:00,2026-08-13,14,Crude,5224.03,5240.73,16.7,0.3197,5652,80393,5200,21.95,22.45,42551,37842,0.8893,INR/bbl,Dhan API v2 (Client 1112620458)
2026-08-13 15:00,2026-08-13,15,Crude,5234.56,5251.71,17.16,0.3277,1984,78607,5200,21.48,21.98,40334,38273,0.9489,INR/bbl,Dhan API v2 (Client 1112620458)
2026-08-13 16:00,2026-08-13,16,Crude,5206.01,5202.04,-3.97,-0.0763,14463,77924,5200,21.59,22.09,41718,36206,0.8679,INR/bbl,Dhan API v2 (Client 1112620458)
2026-08-13 17:00,2026-08-13,17,Crude,5224.35,5243.46,19.12,0.3659,8587,79248,5200,21.7,22.2,41011,38237,0.9324,INR/bbl,Dhan API v2 (Client 1112620458)
2026-08-13 18:00,2026-08-13,18,Crude,5200.8,5201.38,0.59,0.0113,12970,81721,5200,21.89,22.39,42744,38977,0.9119,INR/bbl,Dhan API v2 (Client 1112620458)
2026-08-13 19:00,2026-08-13,19,Crude,5224.65,5230.21,5.55,0.1063,634,79787,5200,20.85,21.35,41404,38383,0.927,INR/bbl,Dhan API v2 (Client 1112620458)
2026-08-13 20:00,2026-08-13,20,Crude,5220.46,5237.46,17.0,0.3256,14044,78955,5200,21.82,22.32,41066,37889,0.9226,INR/bbl,Dhan API v2 (Client 1112620458)
2026-08-13 21:00,2026-08-13,21,Crude,5210.29,5226.32,16.03,0.3077,3821,81580,5200,21.58,22.08,41573,40007,0.9623,INR/bbl,Dhan API v2 (Client 1112620458)
2026-08-13 22:00,2026-08-13,22,Crude,5206.25,5214.53,8.28,0.159,14795,77619,5200,22.16,22.66,39530,38089,0.9635,INR/bbl,Dhan API v2 (Client 1112620458)
2026-08-13 23:00,2026-08-13,23,Crude,5188.84,5193.7,4.86,0.0937,6746,78862,5200,21.06,21.56,41651,37211,0.8934,INR/bbl,Dhan API v2 (Client 1112620458)
2026-08-14 09:00,2026-08-14,9,Crude,5216.98,5211.36,-5.61,-0.1076,10040,78579,5200,21.95,22.45,40891,37688,0.9217,INR/bbl,Dhan API v2 (Client 1112620458)
2026-08-14 10:00,2026-08-14,10,Crude,5214.01,5221.75,7.74,0.1484,14626,80590,5200,21.38,21.88,40704,39886,0.9799,INR/bbl,Dhan API v2 (Client 1112620458)
2026-08-14 11:00,2026-08-14,11,Crude,5217.18,5225.51,8.33,0.1597,1591,78978,5200,21.68,22.18,40486,38492,0.9507,INR/bbl,Dhan API v2 (Client 1112620458)
