Timestamp,Date,Hour,Open,High,Low,Close_Futures_LTP,Volume,Dhan_Source,Commodity,Security_ID,Unit,Futures_Basis_Proxy,Basis_Diff_d1
2026-04-22 23:00,2026-04-22,23,8005.0,8006.0,8005.0,8006.0,4.0,Dhan HQ Paid API v2 (Client 1112620458),CRUDEOIL,560977,INR/bbl,1.0,0.0
2026-04-23 22:00,2026-04-23,22,8163.0,8163.0,8163.0,8163.0,3.0,Dhan HQ Paid API v2 (Client 1112620458),CRUDEOIL,560977,INR/bbl,0.0,-1.0
2026-04-23 23:00,2026-04-23,23,8163.0,8163.0,8163.0,8163.0,0.0,Dhan HQ Paid API v2 (Client 1112620458),CRUDEOIL,560977,INR/bbl,0.0,0.0
2026-04-29 17:00,2026-04-29,17,8626.0,8626.0,8626.0,8626.0,2.0,Dhan HQ Paid API v2 (Client 1112620458),CRUDEOIL,560977,INR/bbl,0.0,0.0
2026-04-29 18:00,2026-04-29,18,8626.0,8626.0,8626.0,8626.0,0.0,Dhan HQ Paid API v2 (Client 1112620458),CRUDEOIL,560977,INR/bbl,0.0,0.0
2026-04-29 19:00,2026-04-29,19,8626.0,8783.0,8626.0,8783.0,1.0,Dhan HQ Paid API v2 (Client 1112620458),CRUDEOIL,560977,INR/bbl,157.0,157.0
2026-04-29 20:00,2026-04-29,20,8783.0,8783.0,8783.0,8783.0,0.0,Dhan HQ Paid API v2 (Client 1112620458),CRUDEOIL,560977,INR/bbl,0.0,-157.0
2026-04-29 21:00,2026-04-29,21,8783.0,8783.0,8783.0,8783.0,0.0,Dhan HQ Paid API v2 (Client 1112620458),CRUDEOIL,560977,INR/bbl,0.0,0.0
2026-04-29 22:00,2026-04-29,22,8783.0,8783.0,8783.0,8783.0,0.0,Dhan HQ Paid API v2 (Client 1112620458),CRUDEOIL,560977,INR/bbl,0.0,0.0
2026-04-29 23:00,2026-04-29,23,8783.0,8783.0,8783.0,8783.0,0.0,Dhan HQ Paid API v2 (Client 1112620458),CRUDEOIL,560977,INR/bbl,0.0,0.0
2026-04-30 09:00,2026-04-30,9,8957.0,8957.0,8957.0,8957.0,2.0,Dhan HQ Paid API v2 (Client 1112620458),CRUDEOIL,560977,INR/bbl,0.0,0.0
2026-04-30 10:00,2026-04-30,10,8957.0,8957.0,8957.0,8957.0,0.0,Dhan HQ Paid API v2 (Client 1112620458),CRUDEOIL,560977,INR/bbl,0.0,0.0
2026-04-30 11:00,2026-04-30,11,8957.0,9039.0,8957.0,9039.0,1.0,Dhan HQ Paid API v2 (Client 1112620458),CRUDEOIL,560977,INR/bbl,82.0,82.0
2026-04-30 12:00,2026-04-30,12,9039.0,9039.0,9039.0,9039.0,0.0,Dhan HQ Paid API v2 (Client 1112620458),CRUDEOIL,560977,INR/bbl,0.0,-82.0
2026-04-30 13:00,2026-04-30,13,9039.0,9039.0,9039.0,9039.0,0.0,Dhan HQ Paid API v2 (Client 1112620458),CRUDEOIL,560977,INR/bbl,0.0,0.0
2026-04-30 14:00,2026-04-30,14,9039.0,9039.0,9039.0,9039.0,0.0,Dhan HQ Paid API v2 (Client 1112620458),CRUDEOIL,560977,INR/bbl,0.0,0.0
2026-04-30 15:00,2026-04-30,15,9039.0,9039.0,8768.0,8768.0,1.0,Dhan HQ Paid API v2 (Client 1112620458),CRUDEOIL,560977,INR/bbl,-271.0,-271.0
2026-04-30 16:00,2026-04-30,16,8768.0,8768.0,8768.0,8768.0,0.0,Dhan HQ Paid API v2 (Client 1112620458),CRUDEOIL,560977,INR/bbl,0.0,271.0
2026-04-30 17:00,2026-04-30,17,8768.0,8768.0,8768.0,8768.0,0.0,Dhan HQ Paid API v2 (Client 1112620458),CRUDEOIL,560977,INR/bbl,0.0,0.0
2026-04-30 18:00,2026-04-30,18,8768.0,8768.0,8768.0,8768.0,0.0,Dhan HQ Paid API v2 (Client 1112620458),CRUDEOIL,560977,INR/bbl,0.0,0.0
2026-04-30 19:00,2026-04-30,19,8768.0,8768.0,8768.0,8768.0,0.0,Dhan HQ Paid API v2 (Client 1112620458),CRUDEOIL,560977,INR/bbl,0.0,0.0
2026-04-30 20:00,2026-04-30,20,8768.0,8768.0,8768.0,8768.0,0.0,Dhan HQ Paid API v2 (Client 1112620458),CRUDEOIL,560977,INR/bbl,0.0,0.0
2026-04-30 21:00,2026-04-30,21,8768.0,8768.0,8768.0,8768.0,0.0,Dhan HQ Paid API v2 (Client 1112620458),CRUDEOIL,560977,INR/bbl,0.0,0.0
2026-04-30 22:00,2026-04-30,22,8768.0,8768.0,8655.0,8655.0,1.0,Dhan HQ Paid API v2 (Client 1112620458),CRUDEOIL,560977,INR/bbl,-113.0,-113.0
2026-04-30 23:00,2026-04-30,23,8655.0,8655.0,8655.0,8655.0,0.0,Dhan HQ Paid API v2 (Client 1112620458),CRUDEOIL,560977,INR/bbl,0.0,113.0
2026-05-01 19:00,2026-05-01,19,8510.0,8510.0,8510.0,8510.0,2.0,Dhan HQ Paid API v2 (Client 1112620458),CRUDEOIL,560977,INR/bbl,0.0,0.0
2026-05-01 20:00,2026-05-01,20,8510.0,8541.0,8510.0,8541.0,1.0,Dhan HQ Paid API v2 (Client 1112620458),CRUDEOIL,560977,INR/bbl,31.0,31.0
2026-05-01 21:00,2026-05-01,21,8541.0,8541.0,8541.0,8541.0,0.0,Dhan HQ Paid API v2 (Client 1112620458),CRUDEOIL,560977,INR/bbl,0.0,-31.0
2026-05-01 22:00,2026-05-01,22,8541.0,8541.0,8541.0,8541.0,0.0,Dhan HQ Paid API v2 (Client 1112620458),CRUDEOIL,560977,INR/bbl,0.0,0.0
2026-05-01 23:00,2026-05-01,23,8541.0,8541.0,8541.0,8541.0,0.0,Dhan HQ Paid API v2 (Client 1112620458),CRUDEOIL,560977,INR/bbl,0.0,0.0
2026-05-04 12:00,2026-05-04,12,8577.0,8577.0,8577.0,8577.0,2.0,Dhan HQ Paid API v2 (Client 1112620458),CRUDEOIL,560977,INR/bbl,0.0,0.0
2026-05-04 13:00,2026-05-04,13,8577.0,8686.0,8577.0,8686.0,2.0,Dhan HQ Paid API v2 (Client 1112620458),CRUDEOIL,560977,INR/bbl,109.0,109.0
2026-05-04 14:00,2026-05-04,14,8686.0,8686.0,8686.0,8686.0,0.0,Dhan HQ Paid API v2 (Client 1112620458),CRUDEOIL,560977,INR/bbl,0.0,-109.0
2026-05-04 15:00,2026-05-04,15,8686.0,8867.0,8686.0,8867.0,1.0,Dhan HQ Paid API v2 (Client 1112620458),CRUDEOIL,560977,INR/bbl,181.0,181.0
2026-05-04 16:00,2026-05-04,16,8867.0,8867.0,8800.0,8800.0,1.0,Dhan HQ Paid API v2 (Client 1112620458),CRUDEOIL,560977,INR/bbl,-67.0,-248.0
2026-05-04 17:00,2026-05-04,17,8800.0,8800.0,8800.0,8800.0,0.0,Dhan HQ Paid API v2 (Client 1112620458),CRUDEOIL,560977,INR/bbl,0.0,67.0
2026-05-04 18:00,2026-05-04,18,8800.0,8800.0,8792.0,8792.0,1.0,Dhan HQ Paid API v2 (Client 1112620458),CRUDEOIL,560977,INR/bbl,-8.0,-8.0
2026-05-04 19:00,2026-05-04,19,8792.0,8792.0,8792.0,8792.0,0.0,Dhan HQ Paid API v2 (Client 1112620458),CRUDEOIL,560977,INR/bbl,0.0,8.0
2026-05-04 20:00,2026-05-04,20,8792.0,8860.0,8792.0,8860.0,1.0,Dhan HQ Paid API v2 (Client 1112620458),CRUDEOIL,560977,INR/bbl,68.0,68.0
2026-05-04 21:00,2026-05-04,21,8860.0,8860.0,8860.0,8860.0,0.0,Dhan HQ Paid API v2 (Client 1112620458),CRUDEOIL,560977,INR/bbl,0.0,-68.0
2026-05-04 22:00,2026-05-04,22,8860.0,8860.0,8860.0,8860.0,0.0,Dhan HQ Paid API v2 (Client 1112620458),CRUDEOIL,560977,INR/bbl,0.0,0.0
2026-05-04 23:00,2026-05-04,23,8860.0,8860.0,8860.0,8860.0,0.0,Dhan HQ Paid API v2 (Client 1112620458),CRUDEOIL,560977,INR/bbl,0.0,0.0
2026-05-06 14:00,2026-05-06,14,8582.0,8582.0,8582.0,8582.0,1.0,Dhan HQ Paid API v2 (Client 1112620458),CRUDEOIL,560977,INR/bbl,0.0,0.0
2026-05-06 15:00,2026-05-06,15,8582.0,8582.0,8582.0,8582.0,0.0,Dhan HQ Paid API v2 (Client 1112620458),CRUDEOIL,560977,INR/bbl,0.0,0.0
2026-05-06 16:00,2026-05-06,16,8582.0,8582.0,8582.0,8582.0,0.0,Dhan HQ Paid API v2 (Client 1112620458),CRUDEOIL,560977,INR/bbl,0.0,0.0
2026-05-06 17:00,2026-05-06,17,8582.0,8582.0,8582.0,8582.0,0.0,Dhan HQ Paid API v2 (Client 1112620458),CRUDEOIL,560977,INR/bbl,0.0,0.0
2026-05-06 18:00,2026-05-06,18,8582.0,8582.0,8582.0,8582.0,0.0,Dhan HQ Paid API v2 (Client 1112620458),CRUDEOIL,560977,INR/bbl,0.0,0.0
2026-05-06 19:00,2026-05-06,19,8582.0,8582.0,8582.0,8582.0,0.0,Dhan HQ Paid API v2 (Client 1112620458),CRUDEOIL,560977,INR/bbl,0.0,0.0
2026-05-06 20:00,2026-05-06,20,8582.0,8582.0,8582.0,8582.0,0.0,Dhan HQ Paid API v2 (Client 1112620458),CRUDEOIL,560977,INR/bbl,0.0,0.0
2026-05-06 21:00,2026-05-06,21,8582.0,8582.0,8582.0,8582.0,0.0,Dhan HQ Paid API v2 (Client 1112620458),CRUDEOIL,560977,INR/bbl,0.0,0.0
2026-05-06 22:00,2026-05-06,22,8582.0,8582.0,8582.0,8582.0,0.0,Dhan HQ Paid API v2 (Client 1112620458),CRUDEOIL,560977,INR/bbl,0.0,0.0
2026-05-06 23:00,2026-05-06,23,8582.0,8582.0,8582.0,8582.0,0.0,Dhan HQ Paid API v2 (Client 1112620458),CRUDEOIL,560977,INR/bbl,0.0,0.0
2026-05-07 22:00,2026-05-07,22,8239.0,8239.0,8239.0,8239.0,1.0,Dhan HQ Paid API v2 (Client 1112620458),CRUDEOIL,560977,INR/bbl,0.0,0.0
2026-05-07 23:00,2026-05-07,23,8239.0,8239.0,8239.0,8239.0,0.0,Dhan HQ Paid API v2 (Client 1112620458),CRUDEOIL,560977,INR/bbl,0.0,0.0
2026-05-08 10:00,2026-05-08,10,8300.0,8300.0,8300.0,8300.0,2.0,Dhan HQ Paid API v2 (Client 1112620458),CRUDEOIL,560977,INR/bbl,0.0,0.0
2026-05-08 11:00,2026-05-08,11,8300.0,8300.0,8300.0,8300.0,0.0,Dhan HQ Paid API v2 (Client 1112620458),CRUDEOIL,560977,INR/bbl,0.0,0.0
2026-05-08 12:00,2026-05-08,12,8300.0,8300.0,8300.0,8300.0,0.0,Dhan HQ Paid API v2 (Client 1112620458),CRUDEOIL,560977,INR/bbl,0.0,0.0
2026-05-08 13:00,2026-05-08,13,8300.0,8300.0,8300.0,8300.0,0.0,Dhan HQ Paid API v2 (Client 1112620458),CRUDEOIL,560977,INR/bbl,0.0,0.0
2026-05-08 14:00,2026-05-08,14,8300.0,8300.0,8184.0,8184.0,1.0,Dhan HQ Paid API v2 (Client 1112620458),CRUDEOIL,560977,INR/bbl,-116.0,-116.0
2026-05-08 15:00,2026-05-08,15,8184.0,8243.0,8184.0,8243.0,1.0,Dhan HQ Paid API v2 (Client 1112620458),CRUDEOIL,560977,INR/bbl,59.0,175.0
2026-05-08 16:00,2026-05-08,16,8243.0,8243.0,8243.0,8243.0,0.0,Dhan HQ Paid API v2 (Client 1112620458),CRUDEOIL,560977,INR/bbl,0.0,-59.0
2026-05-08 17:00,2026-05-08,17,8243.0,8243.0,8243.0,8243.0,0.0,Dhan HQ Paid API v2 (Client 1112620458),CRUDEOIL,560977,INR/bbl,0.0,0.0
2026-05-08 18:00,2026-05-08,18,8243.0,8243.0,8243.0,8243.0,0.0,Dhan HQ Paid API v2 (Client 1112620458),CRUDEOIL,560977,INR/bbl,0.0,0.0
2026-05-08 19:00,2026-05-08,19,8243.0,8243.0,8243.0,8243.0,0.0,Dhan HQ Paid API v2 (Client 1112620458),CRUDEOIL,560977,INR/bbl,0.0,0.0
2026-05-08 20:00,2026-05-08,20,8243.0,8243.0,8243.0,8243.0,0.0,Dhan HQ Paid API v2 (Client 1112620458),CRUDEOIL,560977,INR/bbl,0.0,0.0
2026-05-08 21:00,2026-05-08,21,8243.0,8243.0,8243.0,8243.0,0.0,Dhan HQ Paid API v2 (Client 1112620458),CRUDEOIL,560977,INR/bbl,0.0,0.0
2026-05-08 22:00,2026-05-08,22,8243.0,8243.0,8243.0,8243.0,0.0,Dhan HQ Paid API v2 (Client 1112620458),CRUDEOIL,560977,INR/bbl,0.0,0.0
2026-05-08 23:00,2026-05-08,23,8243.0,8243.0,8243.0,8243.0,0.0,Dhan HQ Paid API v2 (Client 1112620458),CRUDEOIL,560977,INR/bbl,0.0,0.0
2026-05-11 09:00,2026-05-11,9,8571.0,8643.0,8571.0,8643.0,3.0,Dhan HQ Paid API v2 (Client 1112620458),CRUDEOIL,560977,INR/bbl,72.0,72.0
2026-05-11 10:00,2026-05-11,10,8643.0,8659.0,8643.0,8659.0,1.0,Dhan HQ Paid API v2 (Client 1112620458),CRUDEOIL,560977,INR/bbl,16.0,-56.0
2026-05-11 11:00,2026-05-11,11,8659.0,8659.0,8659.0,8659.0,0.0,Dhan HQ Paid API v2 (Client 1112620458),CRUDEOIL,560977,INR/bbl,0.0,-16.0
2026-05-11 12:00,2026-05-11,12,8659.0,8659.0,8659.0,8659.0,0.0,Dhan HQ Paid API v2 (Client 1112620458),CRUDEOIL,560977,INR/bbl,0.0,0.0
2026-05-11 13:00,2026-05-11,13,8659.0,8659.0,8500.0,8500.0,3.0,Dhan HQ Paid API v2 (Client 1112620458),CRUDEOIL,560977,INR/bbl,-159.0,-159.0
2026-05-11 14:00,2026-05-11,14,8500.0,8500.0,8500.0,8500.0,0.0,Dhan HQ Paid API v2 (Client 1112620458),CRUDEOIL,560977,INR/bbl,0.0,159.0
2026-05-11 15:00,2026-05-11,15,8500.0,8546.0,8500.0,8546.0,1.0,Dhan HQ Paid API v2 (Client 1112620458),CRUDEOIL,560977,INR/bbl,46.0,46.0
2026-05-11 16:00,2026-05-11,16,8546.0,8546.0,8546.0,8546.0,0.0,Dhan HQ Paid API v2 (Client 1112620458),CRUDEOIL,560977,INR/bbl,0.0,-46.0
2026-05-11 17:00,2026-05-11,17,8546.0,8585.0,8546.0,8585.0,1.0,Dhan HQ Paid API v2 (Client 1112620458),CRUDEOIL,560977,INR/bbl,39.0,39.0
2026-05-11 18:00,2026-05-11,18,8585.0,8585.0,8521.0,8521.0,2.0,Dhan HQ Paid API v2 (Client 1112620458),CRUDEOIL,560977,INR/bbl,-64.0,-103.0
2026-05-11 19:00,2026-05-11,19,8521.0,8521.0,8491.0,8491.0,1.0,Dhan HQ Paid API v2 (Client 1112620458),CRUDEOIL,560977,INR/bbl,-30.0,34.0
2026-05-11 20:00,2026-05-11,20,8491.0,8509.0,8491.0,8509.0,1.0,Dhan HQ Paid API v2 (Client 1112620458),CRUDEOIL,560977,INR/bbl,18.0,48.0
2026-05-11 21:00,2026-05-11,21,8509.0,8581.0,8509.0,8581.0,2.0,Dhan HQ Paid API v2 (Client 1112620458),CRUDEOIL,560977,INR/bbl,72.0,54.0
2026-05-11 22:00,2026-05-11,22,8581.0,8675.0,8581.0,8675.0,3.0,Dhan HQ Paid API v2 (Client 1112620458),CRUDEOIL,560977,INR/bbl,94.0,22.0
2026-05-11 23:00,2026-05-11,23,8675.0,8675.0,8675.0,8675.0,0.0,Dhan HQ Paid API v2 (Client 1112620458),CRUDEOIL,560977,INR/bbl,0.0,-94.0
2026-05-12 11:00,2026-05-12,11,8693.0,8693.0,8693.0,8693.0,2.0,Dhan HQ Paid API v2 (Client 1112620458),CRUDEOIL,560977,INR/bbl,0.0,0.0
2026-05-12 12:00,2026-05-12,12,8693.0,8693.0,8693.0,8693.0,0.0,Dhan HQ Paid API v2 (Client 1112620458),CRUDEOIL,560977,INR/bbl,0.0,0.0
2026-05-12 13:00,2026-05-12,13,8693.0,8879.0,8693.0,8879.0,3.0,Dhan HQ Paid API v2 (Client 1112620458),CRUDEOIL,560977,INR/bbl,186.0,186.0
2026-05-12 14:00,2026-05-12,14,8879.0,8879.0,8770.0,8830.0,3.0,Dhan HQ Paid API v2 (Client 1112620458),CRUDEOIL,560977,INR/bbl,-49.0,-235.0
2026-05-12 15:00,2026-05-12,15,8830.0,8830.0,8830.0,8830.0,0.0,Dhan HQ Paid API v2 (Client 1112620458),CRUDEOIL,560977,INR/bbl,0.0,49.0
2026-05-12 16:00,2026-05-12,16,8830.0,8879.0,8830.0,8879.0,1.0,Dhan HQ Paid API v2 (Client 1112620458),CRUDEOIL,560977,INR/bbl,49.0,49.0
2026-05-12 17:00,2026-05-12,17,8879.0,8879.0,8872.0,8872.0,2.0,Dhan HQ Paid API v2 (Client 1112620458),CRUDEOIL,560977,INR/bbl,-7.0,-56.0
2026-05-12 18:00,2026-05-12,18,8872.0,8872.0,8864.0,8864.0,1.0,Dhan HQ Paid API v2 (Client 1112620458),CRUDEOIL,560977,INR/bbl,-8.0,-1.0
2026-05-12 19:00,2026-05-12,19,8864.0,8880.0,8864.0,8880.0,1.0,Dhan HQ Paid API v2 (Client 1112620458),CRUDEOIL,560977,INR/bbl,16.0,24.0
2026-05-12 20:00,2026-05-12,20,8880.0,8910.0,8880.0,8910.0,1.0,Dhan HQ Paid API v2 (Client 1112620458),CRUDEOIL,560977,INR/bbl,30.0,14.0
2026-05-12 21:00,2026-05-12,21,8910.0,8910.0,8910.0,8910.0,0.0,Dhan HQ Paid API v2 (Client 1112620458),CRUDEOIL,560977,INR/bbl,0.0,-30.0
2026-05-12 22:00,2026-05-12,22,8910.0,8910.0,8910.0,8910.0,0.0,Dhan HQ Paid API v2 (Client 1112620458),CRUDEOIL,560977,INR/bbl,0.0,0.0
2026-05-12 23:00,2026-05-12,23,8910.0,8910.0,8910.0,8910.0,0.0,Dhan HQ Paid API v2 (Client 1112620458),CRUDEOIL,560977,INR/bbl,0.0,0.0
2026-05-13 09:00,2026-05-13,9,8951.0,8951.0,8951.0,8951.0,1.0,Dhan HQ Paid API v2 (Client 1112620458),CRUDEOIL,560977,INR/bbl,0.0,0.0
2026-05-13 10:00,2026-05-13,10,8951.0,8951.0,8788.0,8788.0,1.0,Dhan HQ Paid API v2 (Client 1112620458),CRUDEOIL,560977,INR/bbl,-163.0,-163.0
2026-05-13 11:00,2026-05-13,11,8788.0,8788.0,8788.0,8788.0,0.0,Dhan HQ Paid API v2 (Client 1112620458),CRUDEOIL,560977,INR/bbl,0.0,163.0
2026-05-13 12:00,2026-05-13,12,8788.0,8788.0,8788.0,8788.0,0.0,Dhan HQ Paid API v2 (Client 1112620458),CRUDEOIL,560977,INR/bbl,0.0,0.0
2026-05-13 13:00,2026-05-13,13,8788.0,8788.0,8788.0,8788.0,0.0,Dhan HQ Paid API v2 (Client 1112620458),CRUDEOIL,560977,INR/bbl,0.0,0.0
2026-05-13 14:00,2026-05-13,14,8788.0,8840.0,8788.0,8830.0,4.0,Dhan HQ Paid API v2 (Client 1112620458),CRUDEOIL,560977,INR/bbl,42.0,42.0
2026-05-13 15:00,2026-05-13,15,8830.0,8830.0,8790.0,8790.0,4.0,Dhan HQ Paid API v2 (Client 1112620458),CRUDEOIL,560977,INR/bbl,-40.0,-82.0
2026-05-13 16:00,2026-05-13,16,8790.0,8880.0,8790.0,8880.0,2.0,Dhan HQ Paid API v2 (Client 1112620458),CRUDEOIL,560977,INR/bbl,90.0,130.0
2026-05-13 17:00,2026-05-13,17,8880.0,8880.0,8880.0,8880.0,0.0,Dhan HQ Paid API v2 (Client 1112620458),CRUDEOIL,560977,INR/bbl,0.0,-90.0
2026-05-13 18:00,2026-05-13,18,8880.0,8880.0,8880.0,8880.0,0.0,Dhan HQ Paid API v2 (Client 1112620458),CRUDEOIL,560977,INR/bbl,0.0,0.0
2026-05-13 19:00,2026-05-13,19,8880.0,8880.0,8840.0,8840.0,1.0,Dhan HQ Paid API v2 (Client 1112620458),CRUDEOIL,560977,INR/bbl,-40.0,-40.0
2026-05-13 20:00,2026-05-13,20,8840.0,8840.0,8821.0,8821.0,5.0,Dhan HQ Paid API v2 (Client 1112620458),CRUDEOIL,560977,INR/bbl,-19.0,21.0
2026-05-13 21:00,2026-05-13,21,8821.0,8821.0,8747.0,8747.0,2.0,Dhan HQ Paid API v2 (Client 1112620458),CRUDEOIL,560977,INR/bbl,-74.0,-55.0
2026-05-13 22:00,2026-05-13,22,8747.0,8747.0,8705.0,8705.0,3.0,Dhan HQ Paid API v2 (Client 1112620458),CRUDEOIL,560977,INR/bbl,-42.0,32.0
2026-05-13 23:00,2026-05-13,23,8705.0,8705.0,8705.0,8705.0,0.0,Dhan HQ Paid API v2 (Client 1112620458),CRUDEOIL,560977,INR/bbl,0.0,42.0
2026-05-14 09:00,2026-05-14,9,8700.0,8700.0,8700.0,8700.0,1.0,Dhan HQ Paid API v2 (Client 1112620458),CRUDEOIL,560977,INR/bbl,0.0,0.0
2026-05-14 10:00,2026-05-14,10,8700.0,8700.0,8700.0,8700.0,0.0,Dhan HQ Paid API v2 (Client 1112620458),CRUDEOIL,560977,INR/bbl,0.0,0.0
2026-05-14 11:00,2026-05-14,11,8730.0,8730.0,8700.0,8700.0,3.0,Dhan HQ Paid API v2 (Client 1112620458),CRUDEOIL,560977,INR/bbl,-30.0,-30.0
2026-05-14 12:00,2026-05-14,12,8700.0,8700.0,8524.0,8524.0,1.0,Dhan HQ Paid API v2 (Client 1112620458),CRUDEOIL,560977,INR/bbl,-176.0,-146.0
2026-05-14 13:00,2026-05-14,13,8524.0,8524.0,8524.0,8524.0,0.0,Dhan HQ Paid API v2 (Client 1112620458),CRUDEOIL,560977,INR/bbl,0.0,176.0
2026-05-14 14:00,2026-05-14,14,8524.0,8524.0,8524.0,8524.0,0.0,Dhan HQ Paid API v2 (Client 1112620458),CRUDEOIL,560977,INR/bbl,0.0,0.0
2026-05-14 15:00,2026-05-14,15,8524.0,8524.0,8524.0,8524.0,0.0,Dhan HQ Paid API v2 (Client 1112620458),CRUDEOIL,560977,INR/bbl,0.0,0.0
2026-05-14 16:00,2026-05-14,16,8524.0,8702.0,8524.0,8702.0,1.0,Dhan HQ Paid API v2 (Client 1112620458),CRUDEOIL,560977,INR/bbl,178.0,178.0
2026-05-14 17:00,2026-05-14,17,8702.0,8702.0,8550.0,8550.0,1.0,Dhan HQ Paid API v2 (Client 1112620458),CRUDEOIL,560977,INR/bbl,-152.0,-330.0
2026-05-14 18:00,2026-05-14,18,8550.0,8622.0,8550.0,8622.0,1.0,Dhan HQ Paid API v2 (Client 1112620458),CRUDEOIL,560977,INR/bbl,72.0,224.0
2026-05-14 19:00,2026-05-14,19,8622.0,8650.0,8622.0,8650.0,2.0,Dhan HQ Paid API v2 (Client 1112620458),CRUDEOIL,560977,INR/bbl,28.0,-44.0
2026-05-14 20:00,2026-05-14,20,8650.0,8650.0,8620.0,8620.0,1.0,Dhan HQ Paid API v2 (Client 1112620458),CRUDEOIL,560977,INR/bbl,-30.0,-58.0
2026-05-14 21:00,2026-05-14,21,8620.0,8620.0,8620.0,8620.0,0.0,Dhan HQ Paid API v2 (Client 1112620458),CRUDEOIL,560977,INR/bbl,0.0,30.0
2026-05-14 22:00,2026-05-14,22,8620.0,8620.0,8620.0,8620.0,0.0,Dhan HQ Paid API v2 (Client 1112620458),CRUDEOIL,560977,INR/bbl,0.0,0.0
2026-05-14 23:00,2026-05-14,23,8620.0,8620.0,8620.0,8620.0,0.0,Dhan HQ Paid API v2 (Client 1112620458),CRUDEOIL,560977,INR/bbl,0.0,0.0
2026-05-15 09:00,2026-05-15,9,8780.0,8780.0,8767.0,8767.0,21.0,Dhan HQ Paid API v2 (Client 1112620458),CRUDEOIL,560977,INR/bbl,-13.0,-13.0
2026-05-15 10:00,2026-05-15,10,8767.0,8767.0,8728.0,8746.0,8.0,Dhan HQ Paid API v2 (Client 1112620458),CRUDEOIL,560977,INR/bbl,-21.0,-8.0
2026-05-15 11:00,2026-05-15,11,8746.0,8800.0,8746.0,8785.0,2.0,Dhan HQ Paid API v2 (Client 1112620458),CRUDEOIL,560977,INR/bbl,39.0,60.0
2026-05-15 12:00,2026-05-15,12,8785.0,8833.0,8785.0,8833.0,1.0,Dhan HQ Paid API v2 (Client 1112620458),CRUDEOIL,560977,INR/bbl,48.0,9.0
2026-05-15 13:00,2026-05-15,13,8833.0,8897.0,8819.0,8885.0,5.0,Dhan HQ Paid API v2 (Client 1112620458),CRUDEOIL,560977,INR/bbl,52.0,4.0
2026-05-15 14:00,2026-05-15,14,8885.0,8908.0,8885.0,8908.0,2.0,Dhan HQ Paid API v2 (Client 1112620458),CRUDEOIL,560977,INR/bbl,23.0,-29.0
2026-05-15 15:00,2026-05-15,15,8908.0,8944.0,8908.0,8932.0,4.0,Dhan HQ Paid API v2 (Client 1112620458),CRUDEOIL,560977,INR/bbl,24.0,1.0
2026-05-15 16:00,2026-05-15,16,8932.0,8932.0,8751.0,8751.0,1.0,Dhan HQ Paid API v2 (Client 1112620458),CRUDEOIL,560977,INR/bbl,-181.0,-205.0
2026-05-15 17:00,2026-05-15,17,8751.0,8751.0,8751.0,8751.0,0.0,Dhan HQ Paid API v2 (Client 1112620458),CRUDEOIL,560977,INR/bbl,0.0,181.0
2026-05-15 18:00,2026-05-15,18,8751.0,8751.0,8751.0,8751.0,0.0,Dhan HQ Paid API v2 (Client 1112620458),CRUDEOIL,560977,INR/bbl,0.0,0.0
2026-05-15 19:00,2026-05-15,19,8751.0,8896.0,8751.0,8896.0,1.0,Dhan HQ Paid API v2 (Client 1112620458),CRUDEOIL,560977,INR/bbl,145.0,145.0
2026-05-15 20:00,2026-05-15,20,8896.0,8901.0,8850.0,8901.0,2.0,Dhan HQ Paid API v2 (Client 1112620458),CRUDEOIL,560977,INR/bbl,5.0,-140.0
2026-05-15 21:00,2026-05-15,21,8901.0,8901.0,8901.0,8901.0,0.0,Dhan HQ Paid API v2 (Client 1112620458),CRUDEOIL,560977,INR/bbl,0.0,-5.0
2026-05-15 22:00,2026-05-15,22,8901.0,8901.0,8900.0,8900.0,1.0,Dhan HQ Paid API v2 (Client 1112620458),CRUDEOIL,560977,INR/bbl,-1.0,-1.0
2026-05-15 23:00,2026-05-15,23,8900.0,8919.0,8900.0,8919.0,3.0,Dhan HQ Paid API v2 (Client 1112620458),CRUDEOIL,560977,INR/bbl,19.0,20.0
2026-05-18 09:00,2026-05-18,9,9131.0,9246.0,9131.0,9160.0,70.0,Dhan HQ Paid API v2 (Client 1112620458),CRUDEOIL,560977,INR/bbl,29.0,10.0
2026-05-18 10:00,2026-05-18,10,9160.0,9165.0,9146.0,9160.0,17.0,Dhan HQ Paid API v2 (Client 1112620458),CRUDEOIL,560977,INR/bbl,0.0,-29.0
2026-05-18 11:00,2026-05-18,11,9160.0,9187.0,9130.0,9187.0,6.0,Dhan HQ Paid API v2 (Client 1112620458),CRUDEOIL,560977,INR/bbl,27.0,27.0
2026-05-18 12:00,2026-05-18,12,9187.0,9188.0,9080.0,9080.0,16.0,Dhan HQ Paid API v2 (Client 1112620458),CRUDEOIL,560977,INR/bbl,-107.0,-134.0
2026-05-18 13:00,2026-05-18,13,9080.0,9099.0,9050.0,9075.0,32.0,Dhan HQ Paid API v2 (Client 1112620458),CRUDEOIL,560977,INR/bbl,-5.0,102.0
2026-05-18 14:00,2026-05-18,14,9075.0,9100.0,9052.0,9099.0,9.0,Dhan HQ Paid API v2 (Client 1112620458),CRUDEOIL,560977,INR/bbl,24.0,29.0
2026-05-18 15:00,2026-05-18,15,9051.0,9054.0,9044.0,9044.0,5.0,Dhan HQ Paid API v2 (Client 1112620458),CRUDEOIL,560977,INR/bbl,-7.0,-31.0
2026-05-18 16:00,2026-05-18,16,9044.0,9150.0,9044.0,9146.0,17.0,Dhan HQ Paid API v2 (Client 1112620458),CRUDEOIL,560977,INR/bbl,102.0,109.0
2026-05-18 17:00,2026-05-18,17,9146.0,9146.0,8950.0,9024.0,29.0,Dhan HQ Paid API v2 (Client 1112620458),CRUDEOIL,560977,INR/bbl,-122.0,-224.0
2026-05-18 18:00,2026-05-18,18,9000.0,9000.0,8801.0,8900.0,84.0,Dhan HQ Paid API v2 (Client 1112620458),CRUDEOIL,560977,INR/bbl,-100.0,22.0
2026-05-18 19:00,2026-05-18,19,8900.0,9000.0,8900.0,9000.0,10.0,Dhan HQ Paid API v2 (Client 1112620458),CRUDEOIL,560977,INR/bbl,100.0,200.0
2026-05-18 20:00,2026-05-18,20,9000.0,9108.0,9000.0,9108.0,13.0,Dhan HQ Paid API v2 (Client 1112620458),CRUDEOIL,560977,INR/bbl,108.0,8.0
2026-05-18 21:00,2026-05-18,21,9108.0,9190.0,9107.0,9190.0,35.0,Dhan HQ Paid API v2 (Client 1112620458),CRUDEOIL,560977,INR/bbl,82.0,-26.0
2026-05-18 22:00,2026-05-18,22,9190.0,9190.0,9108.0,9108.0,3.0,Dhan HQ Paid API v2 (Client 1112620458),CRUDEOIL,560977,INR/bbl,-82.0,-164.0
2026-05-18 23:00,2026-05-18,23,9108.0,9162.0,9108.0,9160.0,8.0,Dhan HQ Paid API v2 (Client 1112620458),CRUDEOIL,560977,INR/bbl,52.0,134.0
2026-05-19 09:00,2026-05-19,9,9107.0,9120.0,9080.0,9102.0,46.0,Dhan HQ Paid API v2 (Client 1112620458),CRUDEOIL,560977,INR/bbl,-5.0,-57.0
2026-05-19 10:00,2026-05-19,10,9102.0,9150.0,9088.0,9130.0,32.0,Dhan HQ Paid API v2 (Client 1112620458),CRUDEOIL,560977,INR/bbl,28.0,33.0
2026-05-19 11:00,2026-05-19,11,9130.0,9174.0,9100.0,9100.0,21.0,Dhan HQ Paid API v2 (Client 1112620458),CRUDEOIL,560977,INR/bbl,-30.0,-58.0
2026-05-19 12:00,2026-05-19,12,9100.0,9225.0,9100.0,9201.0,23.0,Dhan HQ Paid API v2 (Client 1112620458),CRUDEOIL,560977,INR/bbl,101.0,131.0
2026-05-19 13:00,2026-05-19,13,9201.0,9201.0,9135.0,9179.0,22.0,Dhan HQ Paid API v2 (Client 1112620458),CRUDEOIL,560977,INR/bbl,-22.0,-123.0
2026-05-19 14:00,2026-05-19,14,9179.0,9179.0,9145.0,9164.0,2.0,Dhan HQ Paid API v2 (Client 1112620458),CRUDEOIL,560977,INR/bbl,-15.0,7.0
2026-05-19 15:00,2026-05-19,15,9164.0,9197.0,9130.0,9130.0,7.0,Dhan HQ Paid API v2 (Client 1112620458),CRUDEOIL,560977,INR/bbl,-34.0,-19.0
2026-05-19 16:00,2026-05-19,16,9130.0,9250.0,9130.0,9215.0,59.0,Dhan HQ Paid API v2 (Client 1112620458),CRUDEOIL,560977,INR/bbl,85.0,119.0
2026-05-19 17:00,2026-05-19,17,9215.0,9231.0,9200.0,9200.0,11.0,Dhan HQ Paid API v2 (Client 1112620458),CRUDEOIL,560977,INR/bbl,-15.0,-100.0
2026-05-19 18:00,2026-05-19,18,9200.0,9307.0,9200.0,9273.0,40.0,Dhan HQ Paid API v2 (Client 1112620458),CRUDEOIL,560977,INR/bbl,73.0,88.0
2026-05-19 19:00,2026-05-19,19,9273.0,9324.0,9162.0,9218.0,37.0,Dhan HQ Paid API v2 (Client 1112620458),CRUDEOIL,560977,INR/bbl,-55.0,-128.0
2026-05-19 20:00,2026-05-19,20,9218.0,9254.0,9198.0,9254.0,11.0,Dhan HQ Paid API v2 (Client 1112620458),CRUDEOIL,560977,INR/bbl,36.0,91.0
2026-05-19 21:00,2026-05-19,21,9254.0,9260.0,9212.0,9227.0,28.0,Dhan HQ Paid API v2 (Client 1112620458),CRUDEOIL,560977,INR/bbl,-27.0,-63.0
2026-05-19 22:00,2026-05-19,22,9240.0,9245.0,9216.0,9239.0,4.0,Dhan HQ Paid API v2 (Client 1112620458),CRUDEOIL,560977,INR/bbl,-1.0,26.0
2026-05-19 23:00,2026-05-19,23,9239.0,9239.0,9208.0,9208.0,4.0,Dhan HQ Paid API v2 (Client 1112620458),CRUDEOIL,560977,INR/bbl,-31.0,-30.0
2026-05-20 09:00,2026-05-20,9,9291.0,9296.0,9212.0,9245.0,23.0,Dhan HQ Paid API v2 (Client 1112620458),CRUDEOIL,560977,INR/bbl,-46.0,-15.0
2026-05-20 10:00,2026-05-20,10,9245.0,9270.0,9239.0,9248.0,7.0,Dhan HQ Paid API v2 (Client 1112620458),CRUDEOIL,560977,INR/bbl,3.0,49.0
2026-05-20 11:00,2026-05-20,11,9248.0,9260.0,9185.0,9185.0,51.0,Dhan HQ Paid API v2 (Client 1112620458),CRUDEOIL,560977,INR/bbl,-63.0,-66.0
2026-05-20 12:00,2026-05-20,12,9185.0,9212.0,9162.0,9162.0,9.0,Dhan HQ Paid API v2 (Client 1112620458),CRUDEOIL,560977,INR/bbl,-23.0,40.0
2026-05-20 13:00,2026-05-20,13,9162.0,9208.0,9162.0,9192.0,8.0,Dhan HQ Paid API v2 (Client 1112620458),CRUDEOIL,560977,INR/bbl,30.0,53.0
2026-05-20 14:00,2026-05-20,14,9176.0,9176.0,9109.0,9153.0,19.0,Dhan HQ Paid API v2 (Client 1112620458),CRUDEOIL,560977,INR/bbl,-23.0,-53.0
2026-05-20 15:00,2026-05-20,15,9153.0,9155.0,9153.0,9154.0,8.0,Dhan HQ Paid API v2 (Client 1112620458),CRUDEOIL,560977,INR/bbl,1.0,24.0
2026-05-20 16:00,2026-05-20,16,9154.0,9154.0,9039.0,9137.0,17.0,Dhan HQ Paid API v2 (Client 1112620458),CRUDEOIL,560977,INR/bbl,-17.0,-18.0
2026-05-20 17:00,2026-05-20,17,9137.0,9183.0,9085.0,9085.0,20.0,Dhan HQ Paid API v2 (Client 1112620458),CRUDEOIL,560977,INR/bbl,-52.0,-35.0
2026-05-20 18:00,2026-05-20,18,9067.0,9139.0,9050.0,9133.0,29.0,Dhan HQ Paid API v2 (Client 1112620458),CRUDEOIL,560977,INR/bbl,66.0,118.0
2026-05-20 19:00,2026-05-20,19,9171.0,9227.0,8940.0,8971.0,45.0,Dhan HQ Paid API v2 (Client 1112620458),CRUDEOIL,560977,INR/bbl,-200.0,-266.0
2026-05-20 20:00,2026-05-20,20,8985.0,9030.0,8700.0,8930.0,76.0,Dhan HQ Paid API v2 (Client 1112620458),CRUDEOIL,560977,INR/bbl,-55.0,145.0
2026-05-20 21:00,2026-05-20,21,8930.0,8935.0,8858.0,8935.0,38.0,Dhan HQ Paid API v2 (Client 1112620458),CRUDEOIL,560977,INR/bbl,5.0,60.0
2026-05-20 22:00,2026-05-20,22,8935.0,8935.0,8740.0,8814.0,89.0,Dhan HQ Paid API v2 (Client 1112620458),CRUDEOIL,560977,INR/bbl,-121.0,-126.0
2026-05-20 23:00,2026-05-20,23,8770.0,8841.0,8770.0,8841.0,37.0,Dhan HQ Paid API v2 (Client 1112620458),CRUDEOIL,560977,INR/bbl,71.0,192.0
2026-05-21 09:00,2026-05-21,9,8900.0,8922.0,8900.0,8900.0,9.0,Dhan HQ Paid API v2 (Client 1112620458),CRUDEOIL,560977,INR/bbl,0.0,-71.0
2026-05-21 10:00,2026-05-21,10,8900.0,8900.0,8900.0,8900.0,0.0,Dhan HQ Paid API v2 (Client 1112620458),CRUDEOIL,560977,INR/bbl,0.0,0.0
2026-05-21 11:00,2026-05-21,11,8900.0,8955.0,8871.0,8871.0,39.0,Dhan HQ Paid API v2 (Client 1112620458),CRUDEOIL,560977,INR/bbl,-29.0,-29.0
2026-05-21 12:00,2026-05-21,12,8871.0,8970.0,8871.0,8970.0,8.0,Dhan HQ Paid API v2 (Client 1112620458),CRUDEOIL,560977,INR/bbl,99.0,128.0
2026-05-21 13:00,2026-05-21,13,8970.0,8970.0,8822.0,8870.0,33.0,Dhan HQ Paid API v2 (Client 1112620458),CRUDEOIL,560977,INR/bbl,-100.0,-199.0
2026-05-21 14:00,2026-05-21,14,8870.0,8935.0,8800.0,8808.0,34.0,Dhan HQ Paid API v2 (Client 1112620458),CRUDEOIL,560977,INR/bbl,-62.0,38.0
2026-05-21 15:00,2026-05-21,15,8783.0,8983.0,8783.0,8976.0,70.0,Dhan HQ Paid API v2 (Client 1112620458),CRUDEOIL,560977,INR/bbl,193.0,255.0
2026-05-21 16:00,2026-05-21,16,8981.0,9104.0,8980.0,9028.0,111.0,Dhan HQ Paid API v2 (Client 1112620458),CRUDEOIL,560977,INR/bbl,47.0,-146.0
2026-05-21 17:00,2026-05-21,17,9028.0,9086.0,9020.0,9086.0,19.0,Dhan HQ Paid API v2 (Client 1112620458),CRUDEOIL,560977,INR/bbl,58.0,11.0
2026-05-21 18:00,2026-05-21,18,9090.0,9156.0,9036.0,9156.0,34.0,Dhan HQ Paid API v2 (Client 1112620458),CRUDEOIL,560977,INR/bbl,66.0,8.0
2026-05-21 19:00,2026-05-21,19,9156.0,9191.0,9020.0,9027.0,34.0,Dhan HQ Paid API v2 (Client 1112620458),CRUDEOIL,560977,INR/bbl,-129.0,-195.0
2026-05-21 20:00,2026-05-21,20,9027.0,9160.0,9027.0,9160.0,12.0,Dhan HQ Paid API v2 (Client 1112620458),CRUDEOIL,560977,INR/bbl,133.0,262.0
2026-05-21 21:00,2026-05-21,21,9160.0,9160.0,8988.0,9040.0,34.0,Dhan HQ Paid API v2 (Client 1112620458),CRUDEOIL,560977,INR/bbl,-120.0,-253.0
2026-05-21 22:00,2026-05-21,22,9040.0,9040.0,8792.0,8860.0,89.0,Dhan HQ Paid API v2 (Client 1112620458),CRUDEOIL,560977,INR/bbl,-180.0,-60.0
2026-05-21 23:00,2026-05-21,23,8860.0,8860.0,8672.0,8707.0,113.0,Dhan HQ Paid API v2 (Client 1112620458),CRUDEOIL,560977,INR/bbl,-153.0,27.0
2026-05-22 09:00,2026-05-22,9,8828.0,8836.0,8790.0,8799.0,81.0,Dhan HQ Paid API v2 (Client 1112620458),CRUDEOIL,560977,INR/bbl,-29.0,124.0
2026-05-22 10:00,2026-05-22,10,8800.0,8835.0,8790.0,8835.0,45.0,Dhan HQ Paid API v2 (Client 1112620458),CRUDEOIL,560977,INR/bbl,35.0,64.0
2026-05-22 11:00,2026-05-22,11,8835.0,8900.0,8835.0,8869.0,21.0,Dhan HQ Paid API v2 (Client 1112620458),CRUDEOIL,560977,INR/bbl,34.0,-1.0
2026-05-22 12:00,2026-05-22,12,8869.0,8876.0,8836.0,8843.0,12.0,Dhan HQ Paid API v2 (Client 1112620458),CRUDEOIL,560977,INR/bbl,-26.0,-60.0
2026-05-22 13:00,2026-05-22,13,8843.0,8900.0,8843.0,8892.0,13.0,Dhan HQ Paid API v2 (Client 1112620458),CRUDEOIL,560977,INR/bbl,49.0,75.0
2026-05-22 14:00,2026-05-22,14,8892.0,8962.0,8892.0,8904.0,17.0,Dhan HQ Paid API v2 (Client 1112620458),CRUDEOIL,560977,INR/bbl,12.0,-37.0
2026-05-22 15:00,2026-05-22,15,8904.0,8904.0,8821.0,8883.0,23.0,Dhan HQ Paid API v2 (Client 1112620458),CRUDEOIL,560977,INR/bbl,-21.0,-33.0
2026-05-22 16:00,2026-05-22,16,8883.0,8911.0,8838.0,8880.0,9.0,Dhan HQ Paid API v2 (Client 1112620458),CRUDEOIL,560977,INR/bbl,-3.0,18.0
2026-05-22 17:00,2026-05-22,17,8880.0,8880.0,8675.0,8681.0,52.0,Dhan HQ Paid API v2 (Client 1112620458),CRUDEOIL,560977,INR/bbl,-199.0,-196.0
2026-05-22 18:00,2026-05-22,18,8681.0,8749.0,8650.0,8717.0,49.0,Dhan HQ Paid API v2 (Client 1112620458),CRUDEOIL,560977,INR/bbl,36.0,235.0
2026-05-22 19:00,2026-05-22,19,8717.0,8850.0,8717.0,8809.0,31.0,Dhan HQ Paid API v2 (Client 1112620458),CRUDEOIL,560977,INR/bbl,92.0,56.0
2026-05-22 20:00,2026-05-22,20,8809.0,8832.0,8792.0,8792.0,5.0,Dhan HQ Paid API v2 (Client 1112620458),CRUDEOIL,560977,INR/bbl,-17.0,-109.0
2026-05-22 21:00,2026-05-22,21,8775.0,8775.0,8731.0,8740.0,63.0,Dhan HQ Paid API v2 (Client 1112620458),CRUDEOIL,560977,INR/bbl,-35.0,-18.0
2026-05-22 22:00,2026-05-22,22,8740.0,8755.0,8572.0,8573.0,61.0,Dhan HQ Paid API v2 (Client 1112620458),CRUDEOIL,560977,INR/bbl,-167.0,-132.0
2026-05-22 23:00,2026-05-22,23,8573.0,8670.0,8573.0,8654.0,21.0,Dhan HQ Paid API v2 (Client 1112620458),CRUDEOIL,560977,INR/bbl,81.0,248.0
2026-05-25 09:00,2026-05-25,9,8297.0,8297.0,8186.0,8275.0,128.0,Dhan HQ Paid API v2 (Client 1112620458),CRUDEOIL,560977,INR/bbl,-22.0,-103.0
2026-05-25 10:00,2026-05-25,10,8275.0,8281.0,8219.0,8219.0,39.0,Dhan HQ Paid API v2 (Client 1112620458),CRUDEOIL,560977,INR/bbl,-56.0,-34.0
2026-05-25 11:00,2026-05-25,11,8229.0,8280.0,8229.0,8275.0,48.0,Dhan HQ Paid API v2 (Client 1112620458),CRUDEOIL,560977,INR/bbl,46.0,102.0
2026-05-25 12:00,2026-05-25,12,8285.0,8419.0,8285.0,8372.0,44.0,Dhan HQ Paid API v2 (Client 1112620458),CRUDEOIL,560977,INR/bbl,87.0,41.0
2026-05-25 13:00,2026-05-25,13,8400.0,8400.0,8326.0,8380.0,122.0,Dhan HQ Paid API v2 (Client 1112620458),CRUDEOIL,560977,INR/bbl,-20.0,-107.0
2026-05-25 14:00,2026-05-25,14,8400.0,8400.0,8319.0,8319.0,15.0,Dhan HQ Paid API v2 (Client 1112620458),CRUDEOIL,560977,INR/bbl,-81.0,-61.0
2026-05-25 15:00,2026-05-25,15,8319.0,8319.0,8235.0,8307.0,36.0,Dhan HQ Paid API v2 (Client 1112620458),CRUDEOIL,560977,INR/bbl,-12.0,69.0
2026-05-25 16:00,2026-05-25,16,8307.0,8307.0,8246.0,8280.0,25.0,Dhan HQ Paid API v2 (Client 1112620458),CRUDEOIL,560977,INR/bbl,-27.0,-15.0
2026-05-25 17:00,2026-05-25,17,8280.0,8280.0,8223.0,8246.0,24.0,Dhan HQ Paid API v2 (Client 1112620458),CRUDEOIL,560977,INR/bbl,-34.0,-7.0
2026-05-25 18:00,2026-05-25,18,8272.0,8325.0,8272.0,8325.0,7.0,Dhan HQ Paid API v2 (Client 1112620458),CRUDEOIL,560977,INR/bbl,53.0,87.0
2026-05-25 19:00,2026-05-25,19,8325.0,8350.0,8298.0,8326.0,16.0,Dhan HQ Paid API v2 (Client 1112620458),CRUDEOIL,560977,INR/bbl,1.0,-52.0
2026-05-25 20:00,2026-05-25,20,8326.0,8350.0,8275.0,8286.0,23.0,Dhan HQ Paid API v2 (Client 1112620458),CRUDEOIL,560977,INR/bbl,-40.0,-41.0
2026-05-25 21:00,2026-05-25,21,8286.0,8325.0,8280.0,8301.0,5.0,Dhan HQ Paid API v2 (Client 1112620458),CRUDEOIL,560977,INR/bbl,15.0,55.0
2026-05-25 22:00,2026-05-25,22,8301.0,8301.0,8175.0,8201.0,92.0,Dhan HQ Paid API v2 (Client 1112620458),CRUDEOIL,560977,INR/bbl,-100.0,-115.0
2026-05-25 23:00,2026-05-25,23,8201.0,8260.0,8201.0,8258.0,23.0,Dhan HQ Paid API v2 (Client 1112620458),CRUDEOIL,560977,INR/bbl,57.0,157.0
2026-05-26 09:00,2026-05-26,9,8340.0,8366.0,8335.0,8366.0,53.0,Dhan HQ Paid API v2 (Client 1112620458),CRUDEOIL,560977,INR/bbl,26.0,-31.0
2026-05-26 10:00,2026-05-26,10,8366.0,8421.0,8352.0,8391.0,39.0,Dhan HQ Paid API v2 (Client 1112620458),CRUDEOIL,560977,INR/bbl,25.0,-1.0
2026-05-26 11:00,2026-05-26,11,8375.0,8390.0,8350.0,8381.0,27.0,Dhan HQ Paid API v2 (Client 1112620458),CRUDEOIL,560977,INR/bbl,6.0,-19.0
2026-05-26 12:00,2026-05-26,12,8381.0,8438.0,8340.0,8409.0,25.0,Dhan HQ Paid API v2 (Client 1112620458),CRUDEOIL,560977,INR/bbl,28.0,22.0
2026-05-26 13:00,2026-05-26,13,8409.0,8454.0,8409.0,8439.0,18.0,Dhan HQ Paid API v2 (Client 1112620458),CRUDEOIL,560977,INR/bbl,30.0,2.0
2026-05-26 14:00,2026-05-26,14,8439.0,8520.0,8439.0,8480.0,37.0,Dhan HQ Paid API v2 (Client 1112620458),CRUDEOIL,560977,INR/bbl,41.0,11.0
2026-05-26 15:00,2026-05-26,15,8479.0,8479.0,8401.0,8401.0,11.0,Dhan HQ Paid API v2 (Client 1112620458),CRUDEOIL,560977,INR/bbl,-78.0,-119.0
2026-05-26 16:00,2026-05-26,16,8401.0,8425.0,8398.0,8425.0,19.0,Dhan HQ Paid API v2 (Client 1112620458),CRUDEOIL,560977,INR/bbl,24.0,102.0
2026-05-26 17:00,2026-05-26,17,8425.0,8500.0,8425.0,8450.0,19.0,Dhan HQ Paid API v2 (Client 1112620458),CRUDEOIL,560977,INR/bbl,25.0,1.0
2026-05-26 18:00,2026-05-26,18,8450.0,8465.0,8450.0,8465.0,3.0,Dhan HQ Paid API v2 (Client 1112620458),CRUDEOIL,560977,INR/bbl,15.0,-10.0
2026-05-26 19:00,2026-05-26,19,8465.0,8582.0,8465.0,8536.0,93.0,Dhan HQ Paid API v2 (Client 1112620458),CRUDEOIL,560977,INR/bbl,71.0,56.0
2026-05-26 20:00,2026-05-26,20,8536.0,8550.0,8466.0,8550.0,65.0,Dhan HQ Paid API v2 (Client 1112620458),CRUDEOIL,560977,INR/bbl,14.0,-57.0
2026-05-26 21:00,2026-05-26,21,8550.0,8550.0,8515.0,8515.0,40.0,Dhan HQ Paid API v2 (Client 1112620458),CRUDEOIL,560977,INR/bbl,-35.0,-49.0
2026-05-26 22:00,2026-05-26,22,8515.0,8535.0,8470.0,8502.0,104.0,Dhan HQ Paid API v2 (Client 1112620458),CRUDEOIL,560977,INR/bbl,-13.0,22.0
2026-05-26 23:00,2026-05-26,23,8506.0,8506.0,8468.0,8483.0,36.0,Dhan HQ Paid API v2 (Client 1112620458),CRUDEOIL,560977,INR/bbl,-23.0,-10.0
2026-05-27 09:00,2026-05-27,9,8306.0,8364.0,8306.0,8340.0,115.0,Dhan HQ Paid API v2 (Client 1112620458),CRUDEOIL,560977,INR/bbl,34.0,57.0
2026-05-27 10:00,2026-05-27,10,8340.0,8354.0,8314.0,8314.0,16.0,Dhan HQ Paid API v2 (Client 1112620458),CRUDEOIL,560977,INR/bbl,-26.0,-60.0
2026-05-27 11:00,2026-05-27,11,8314.0,8363.0,8314.0,8320.0,9.0,Dhan HQ Paid API v2 (Client 1112620458),CRUDEOIL,560977,INR/bbl,6.0,32.0
2026-05-27 12:00,2026-05-27,12,8320.0,8357.0,8265.0,8270.0,116.0,Dhan HQ Paid API v2 (Client 1112620458),CRUDEOIL,560977,INR/bbl,-50.0,-56.0
2026-05-27 13:00,2026-05-27,13,8270.0,8289.0,8231.0,8231.0,10.0,Dhan HQ Paid API v2 (Client 1112620458),CRUDEOIL,560977,INR/bbl,-39.0,11.0
2026-05-27 14:00,2026-05-27,14,8231.0,8248.0,8168.0,8248.0,48.0,Dhan HQ Paid API v2 (Client 1112620458),CRUDEOIL,560977,INR/bbl,17.0,56.0
2026-05-27 15:00,2026-05-27,15,8199.0,8220.0,8199.0,8220.0,5.0,Dhan HQ Paid API v2 (Client 1112620458),CRUDEOIL,560977,INR/bbl,21.0,4.0
2026-05-27 16:00,2026-05-27,16,8220.0,8300.0,8220.0,8275.0,54.0,Dhan HQ Paid API v2 (Client 1112620458),CRUDEOIL,560977,INR/bbl,55.0,34.0
2026-05-27 17:00,2026-05-27,17,8275.0,8286.0,8065.0,8085.0,65.0,Dhan HQ Paid API v2 (Client 1112620458),CRUDEOIL,560977,INR/bbl,-190.0,-245.0
2026-05-27 18:00,2026-05-27,18,8060.0,8203.0,8048.0,8192.0,102.0,Dhan HQ Paid API v2 (Client 1112620458),CRUDEOIL,560977,INR/bbl,132.0,322.0
2026-05-27 19:00,2026-05-27,19,8192.0,8249.0,8166.0,8203.0,53.0,Dhan HQ Paid API v2 (Client 1112620458),CRUDEOIL,560977,INR/bbl,11.0,-121.0
2026-05-27 20:00,2026-05-27,20,8203.0,8313.0,8203.0,8311.0,55.0,Dhan HQ Paid API v2 (Client 1112620458),CRUDEOIL,560977,INR/bbl,108.0,97.0
2026-05-27 21:00,2026-05-27,21,8311.0,8311.0,8229.0,8235.0,73.0,Dhan HQ Paid API v2 (Client 1112620458),CRUDEOIL,560977,INR/bbl,-76.0,-184.0
2026-05-27 22:00,2026-05-27,22,8235.0,8245.0,8196.0,8225.0,19.0,Dhan HQ Paid API v2 (Client 1112620458),CRUDEOIL,560977,INR/bbl,-10.0,66.0
2026-05-27 23:00,2026-05-27,23,8225.0,8225.0,8171.0,8214.0,47.0,Dhan HQ Paid API v2 (Client 1112620458),CRUDEOIL,560977,INR/bbl,-11.0,-1.0
2026-05-28 17:00,2026-05-28,17,8373.0,8432.0,8367.0,8376.0,91.0,Dhan HQ Paid API v2 (Client 1112620458),CRUDEOIL,560977,INR/bbl,3.0,14.0
2026-05-28 18:00,2026-05-28,18,8365.0,8365.0,8323.0,8365.0,47.0,Dhan HQ Paid API v2 (Client 1112620458),CRUDEOIL,560977,INR/bbl,0.0,-3.0
2026-05-28 19:00,2026-05-28,19,8368.0,8400.0,8001.0,8237.0,174.0,Dhan HQ Paid API v2 (Client 1112620458),CRUDEOIL,560977,INR/bbl,-131.0,-131.0
2026-05-28 20:00,2026-05-28,20,8215.0,8306.0,8215.0,8270.0,62.0,Dhan HQ Paid API v2 (Client 1112620458),CRUDEOIL,560977,INR/bbl,55.0,186.0
2026-05-28 21:00,2026-05-28,21,8270.0,8303.0,8205.0,8213.0,65.0,Dhan HQ Paid API v2 (Client 1112620458),CRUDEOIL,560977,INR/bbl,-57.0,-112.0
2026-05-28 22:00,2026-05-28,22,8213.0,8237.0,8141.0,8234.0,121.0,Dhan HQ Paid API v2 (Client 1112620458),CRUDEOIL,560977,INR/bbl,21.0,78.0
2026-05-28 23:00,2026-05-28,23,8234.0,8234.0,8208.0,8220.0,90.0,Dhan HQ Paid API v2 (Client 1112620458),CRUDEOIL,560977,INR/bbl,-14.0,-35.0
2026-05-29 09:00,2026-05-29,9,8150.0,8199.0,8131.0,8131.0,132.0,Dhan HQ Paid API v2 (Client 1112620458),CRUDEOIL,560977,INR/bbl,-19.0,-5.0
2026-05-29 10:00,2026-05-29,10,8131.0,8161.0,8131.0,8160.0,26.0,Dhan HQ Paid API v2 (Client 1112620458),CRUDEOIL,560977,INR/bbl,29.0,48.0
2026-05-29 11:00,2026-05-29,11,8160.0,8170.0,8100.0,8108.0,40.0,Dhan HQ Paid API v2 (Client 1112620458),CRUDEOIL,560977,INR/bbl,-52.0,-81.0
2026-05-29 12:00,2026-05-29,12,8107.0,8171.0,8091.0,8171.0,54.0,Dhan HQ Paid API v2 (Client 1112620458),CRUDEOIL,560977,INR/bbl,64.0,116.0
2026-05-29 13:00,2026-05-29,13,8171.0,8220.0,8169.0,8209.0,42.0,Dhan HQ Paid API v2 (Client 1112620458),CRUDEOIL,560977,INR/bbl,38.0,-26.0
2026-05-29 14:00,2026-05-29,14,8209.0,8209.0,8051.0,8051.0,92.0,Dhan HQ Paid API v2 (Client 1112620458),CRUDEOIL,560977,INR/bbl,-158.0,-196.0
2026-05-29 15:00,2026-05-29,15,8051.0,8101.0,8031.0,8101.0,112.0,Dhan HQ Paid API v2 (Client 1112620458),CRUDEOIL,560977,INR/bbl,50.0,208.0
2026-05-29 16:00,2026-05-29,16,8101.0,8101.0,8024.0,8058.0,22.0,Dhan HQ Paid API v2 (Client 1112620458),CRUDEOIL,560977,INR/bbl,-43.0,-93.0
2026-05-29 17:00,2026-05-29,17,8058.0,8111.0,8058.0,8070.0,25.0,Dhan HQ Paid API v2 (Client 1112620458),CRUDEOIL,560977,INR/bbl,12.0,55.0
2026-05-29 18:00,2026-05-29,18,8070.0,8115.0,8020.0,8075.0,53.0,Dhan HQ Paid API v2 (Client 1112620458),CRUDEOIL,560977,INR/bbl,5.0,-7.0
2026-05-29 19:00,2026-05-29,19,8075.0,8131.0,8050.0,8102.0,31.0,Dhan HQ Paid API v2 (Client 1112620458),CRUDEOIL,560977,INR/bbl,27.0,22.0
2026-05-29 20:00,2026-05-29,20,8102.0,8149.0,7938.0,8000.0,126.0,Dhan HQ Paid API v2 (Client 1112620458),CRUDEOIL,560977,INR/bbl,-102.0,-129.0
2026-05-29 21:00,2026-05-29,21,8000.0,8056.0,8000.0,8046.0,29.0,Dhan HQ Paid API v2 (Client 1112620458),CRUDEOIL,560977,INR/bbl,46.0,148.0
2026-05-29 22:00,2026-05-29,22,8046.0,8046.0,7974.0,8030.0,62.0,Dhan HQ Paid API v2 (Client 1112620458),CRUDEOIL,560977,INR/bbl,-16.0,-62.0
2026-05-29 23:00,2026-05-29,23,8030.0,8039.0,7996.0,8039.0,21.0,Dhan HQ Paid API v2 (Client 1112620458),CRUDEOIL,560977,INR/bbl,9.0,25.0
2026-06-01 09:00,2026-06-01,9,8225.0,8242.0,8199.0,8219.0,93.0,Dhan HQ Paid API v2 (Client 1112620458),CRUDEOIL,560977,INR/bbl,-6.0,-15.0
2026-06-01 10:00,2026-06-01,10,8219.0,8219.0,8190.0,8219.0,38.0,Dhan HQ Paid API v2 (Client 1112620458),CRUDEOIL,560977,INR/bbl,0.0,6.0
2026-06-01 11:00,2026-06-01,11,8214.0,8250.0,8214.0,8250.0,34.0,Dhan HQ Paid API v2 (Client 1112620458),CRUDEOIL,560977,INR/bbl,36.0,36.0
2026-06-01 12:00,2026-06-01,12,8243.0,8307.0,8243.0,8264.0,66.0,Dhan HQ Paid API v2 (Client 1112620458),CRUDEOIL,560977,INR/bbl,21.0,-15.0
2026-06-01 13:00,2026-06-01,13,8264.0,8307.0,8264.0,8305.0,69.0,Dhan HQ Paid API v2 (Client 1112620458),CRUDEOIL,560977,INR/bbl,41.0,20.0
2026-06-01 14:00,2026-06-01,14,8300.0,8324.0,8275.0,8324.0,33.0,Dhan HQ Paid API v2 (Client 1112620458),CRUDEOIL,560977,INR/bbl,24.0,-17.0
2026-06-01 15:00,2026-06-01,15,8324.0,8324.0,8257.0,8259.0,31.0,Dhan HQ Paid API v2 (Client 1112620458),CRUDEOIL,560977,INR/bbl,-65.0,-89.0
2026-06-01 16:00,2026-06-01,16,8259.0,8285.0,8259.0,8263.0,12.0,Dhan HQ Paid API v2 (Client 1112620458),CRUDEOIL,560977,INR/bbl,4.0,69.0
2026-06-01 17:00,2026-06-01,17,8263.0,8263.0,8212.0,8212.0,16.0,Dhan HQ Paid API v2 (Client 1112620458),CRUDEOIL,560977,INR/bbl,-51.0,-55.0
2026-06-01 18:00,2026-06-01,18,8212.0,8449.0,8174.0,8436.0,118.0,Dhan HQ Paid API v2 (Client 1112620458),CRUDEOIL,560977,INR/bbl,224.0,275.0
2026-06-01 19:00,2026-06-01,19,8436.0,8534.0,8390.0,8517.0,232.0,Dhan HQ Paid API v2 (Client 1112620458),CRUDEOIL,560977,INR/bbl,81.0,-143.0
2026-06-01 20:00,2026-06-01,20,8517.0,8558.0,8475.0,8475.0,110.0,Dhan HQ Paid API v2 (Client 1112620458),CRUDEOIL,560977,INR/bbl,-42.0,-123.0
2026-06-01 21:00,2026-06-01,21,8443.0,8550.0,8365.0,8522.0,224.0,Dhan HQ Paid API v2 (Client 1112620458),CRUDEOIL,560977,INR/bbl,79.0,121.0
2026-06-01 22:00,2026-06-01,22,8522.0,8540.0,8300.0,8324.0,459.0,Dhan HQ Paid API v2 (Client 1112620458),CRUDEOIL,560977,INR/bbl,-198.0,-277.0
2026-06-01 23:00,2026-06-01,23,8272.0,8352.0,8250.0,8304.0,180.0,Dhan HQ Paid API v2 (Client 1112620458),CRUDEOIL,560977,INR/bbl,32.0,230.0
2026-06-02 09:00,2026-06-02,9,8311.0,8349.0,8239.0,8259.0,308.0,Dhan HQ Paid API v2 (Client 1112620458),CRUDEOIL,560977,INR/bbl,-52.0,-84.0
2026-06-02 10:00,2026-06-02,10,8259.0,8267.0,8242.0,8247.0,18.0,Dhan HQ Paid API v2 (Client 1112620458),CRUDEOIL,560977,INR/bbl,-12.0,40.0
2026-06-02 11:00,2026-06-02,11,8242.0,8278.0,8205.0,8265.0,222.0,Dhan HQ Paid API v2 (Client 1112620458),CRUDEOIL,560977,INR/bbl,23.0,35.0
2026-06-02 12:00,2026-06-02,12,8265.0,8312.0,8254.0,8279.0,128.0,Dhan HQ Paid API v2 (Client 1112620458),CRUDEOIL,560977,INR/bbl,14.0,-9.0
2026-06-02 13:00,2026-06-02,13,8279.0,8286.0,8202.0,8259.0,247.0,Dhan HQ Paid API v2 (Client 1112620458),CRUDEOIL,560977,INR/bbl,-20.0,-34.0
2026-06-02 14:00,2026-06-02,14,8230.0,8236.0,8179.0,8204.0,32.0,Dhan HQ Paid API v2 (Client 1112620458),CRUDEOIL,560977,INR/bbl,-26.0,-6.0
2026-06-02 15:00,2026-06-02,15,8204.0,8295.0,8204.0,8275.0,56.0,Dhan HQ Paid API v2 (Client 1112620458),CRUDEOIL,560977,INR/bbl,71.0,97.0
2026-06-02 16:00,2026-06-02,16,8275.0,8280.0,8235.0,8274.0,25.0,Dhan HQ Paid API v2 (Client 1112620458),CRUDEOIL,560977,INR/bbl,-1.0,-72.0
2026-06-02 17:00,2026-06-02,17,8274.0,8274.0,8236.0,8236.0,12.0,Dhan HQ Paid API v2 (Client 1112620458),CRUDEOIL,560977,INR/bbl,-38.0,-37.0
2026-06-02 18:00,2026-06-02,18,8265.0,8350.0,8255.0,8350.0,57.0,Dhan HQ Paid API v2 (Client 1112620458),CRUDEOIL,560977,INR/bbl,85.0,123.0
2026-06-02 19:00,2026-06-02,19,8350.0,8390.0,8350.0,8390.0,29.0,Dhan HQ Paid API v2 (Client 1112620458),CRUDEOIL,560977,INR/bbl,40.0,-45.0
2026-06-02 20:00,2026-06-02,20,8363.0,8363.0,8326.0,8353.0,34.0,Dhan HQ Paid API v2 (Client 1112620458),CRUDEOIL,560977,INR/bbl,-10.0,-50.0
2026-06-02 21:00,2026-06-02,21,8353.0,8424.0,8353.0,8420.0,37.0,Dhan HQ Paid API v2 (Client 1112620458),CRUDEOIL,560977,INR/bbl,67.0,77.0
2026-06-02 22:00,2026-06-02,22,8420.0,8450.0,8387.0,8441.0,45.0,Dhan HQ Paid API v2 (Client 1112620458),CRUDEOIL,560977,INR/bbl,21.0,-46.0
2026-06-02 23:00,2026-06-02,23,8441.0,8458.0,8430.0,8454.0,33.0,Dhan HQ Paid API v2 (Client 1112620458),CRUDEOIL,560977,INR/bbl,13.0,-8.0
2026-06-03 09:00,2026-06-03,9,8514.0,8588.0,8504.0,8576.0,67.0,Dhan HQ Paid API v2 (Client 1112620458),CRUDEOIL,560977,INR/bbl,62.0,49.0
2026-06-03 10:00,2026-06-03,10,8576.0,8600.0,8565.0,8580.0,62.0,Dhan HQ Paid API v2 (Client 1112620458),CRUDEOIL,560977,INR/bbl,4.0,-58.0
2026-06-03 11:00,2026-06-03,11,8580.0,8630.0,8580.0,8602.0,28.0,Dhan HQ Paid API v2 (Client 1112620458),CRUDEOIL,560977,INR/bbl,22.0,18.0
2026-06-03 12:00,2026-06-03,12,8602.0,8649.0,8602.0,8649.0,47.0,Dhan HQ Paid API v2 (Client 1112620458),CRUDEOIL,560977,INR/bbl,47.0,25.0
2026-06-03 13:00,2026-06-03,13,8645.0,8691.0,8631.0,8680.0,86.0,Dhan HQ Paid API v2 (Client 1112620458),CRUDEOIL,560977,INR/bbl,35.0,-12.0
2026-06-03 14:00,2026-06-03,14,8680.0,8695.0,8640.0,8695.0,46.0,Dhan HQ Paid API v2 (Client 1112620458),CRUDEOIL,560977,INR/bbl,15.0,-20.0
2026-06-03 15:00,2026-06-03,15,8695.0,8714.0,8600.0,8660.0,84.0,Dhan HQ Paid API v2 (Client 1112620458),CRUDEOIL,560977,INR/bbl,-35.0,-50.0
2026-06-03 16:00,2026-06-03,16,8650.0,8650.0,8607.0,8620.0,33.0,Dhan HQ Paid API v2 (Client 1112620458),CRUDEOIL,560977,INR/bbl,-30.0,5.0
2026-06-03 17:00,2026-06-03,17,8620.0,8672.0,8600.0,8655.0,33.0,Dhan HQ Paid API v2 (Client 1112620458),CRUDEOIL,560977,INR/bbl,35.0,65.0
2026-06-03 18:00,2026-06-03,18,8655.0,8672.0,8582.0,8603.0,33.0,Dhan HQ Paid API v2 (Client 1112620458),CRUDEOIL,560977,INR/bbl,-52.0,-87.0
2026-06-03 19:00,2026-06-03,19,8603.0,8639.0,8566.0,8639.0,49.0,Dhan HQ Paid API v2 (Client 1112620458),CRUDEOIL,560977,INR/bbl,36.0,88.0
2026-06-03 20:00,2026-06-03,20,8639.0,8673.0,8609.0,8673.0,59.0,Dhan HQ Paid API v2 (Client 1112620458),CRUDEOIL,560977,INR/bbl,34.0,-2.0
2026-06-03 21:00,2026-06-03,21,8673.0,8698.0,8653.0,8698.0,45.0,Dhan HQ Paid API v2 (Client 1112620458),CRUDEOIL,560977,INR/bbl,25.0,-9.0
2026-06-03 22:00,2026-06-03,22,8690.0,8691.0,8640.0,8691.0,10.0,Dhan HQ Paid API v2 (Client 1112620458),CRUDEOIL,560977,INR/bbl,1.0,-24.0
2026-06-03 23:00,2026-06-03,23,8690.0,8700.0,8684.0,8697.0,36.0,Dhan HQ Paid API v2 (Client 1112620458),CRUDEOIL,560977,INR/bbl,7.0,6.0
2026-06-04 09:00,2026-06-04,9,8614.0,8630.0,8561.0,8600.0,70.0,Dhan HQ Paid API v2 (Client 1112620458),CRUDEOIL,560977,INR/bbl,-14.0,-21.0
2026-06-04 10:00,2026-06-04,10,8600.0,8608.0,8585.0,8608.0,7.0,Dhan HQ Paid API v2 (Client 1112620458),CRUDEOIL,560977,INR/bbl,8.0,22.0
2026-06-04 11:00,2026-06-04,11,8608.0,8615.0,8584.0,8600.0,6.0,Dhan HQ Paid API v2 (Client 1112620458),CRUDEOIL,560977,INR/bbl,-8.0,-16.0
2026-06-04 12:00,2026-06-04,12,8600.0,8618.0,8585.0,8618.0,16.0,Dhan HQ Paid API v2 (Client 1112620458),CRUDEOIL,560977,INR/bbl,18.0,26.0
2026-06-04 13:00,2026-06-04,13,8618.0,8629.0,8577.0,8577.0,21.0,Dhan HQ Paid API v2 (Client 1112620458),CRUDEOIL,560977,INR/bbl,-41.0,-59.0
2026-06-04 14:00,2026-06-04,14,8567.0,8596.0,8541.0,8560.0,25.0,Dhan HQ Paid API v2 (Client 1112620458),CRUDEOIL,560977,INR/bbl,-7.0,34.0
2026-06-04 15:00,2026-06-04,15,8560.0,8622.0,8515.0,8610.0,171.0,Dhan HQ Paid API v2 (Client 1112620458),CRUDEOIL,560977,INR/bbl,50.0,57.0
2026-06-04 16:00,2026-06-04,16,8610.0,8610.0,8488.0,8488.0,84.0,Dhan HQ Paid API v2 (Client 1112620458),CRUDEOIL,560977,INR/bbl,-122.0,-172.0
2026-06-04 17:00,2026-06-04,17,8502.0,8536.0,8375.0,8437.0,159.0,Dhan HQ Paid API v2 (Client 1112620458),CRUDEOIL,560977,INR/bbl,-65.0,57.0
2026-06-04 18:00,2026-06-04,18,8421.0,8451.0,8395.0,8451.0,44.0,Dhan HQ Paid API v2 (Client 1112620458),CRUDEOIL,560977,INR/bbl,30.0,95.0
2026-06-04 19:00,2026-06-04,19,8468.0,8468.0,8396.0,8439.0,41.0,Dhan HQ Paid API v2 (Client 1112620458),CRUDEOIL,560977,INR/bbl,-29.0,-59.0
2026-06-04 20:00,2026-06-04,20,8439.0,8480.0,8430.0,8430.0,19.0,Dhan HQ Paid API v2 (Client 1112620458),CRUDEOIL,560977,INR/bbl,-9.0,20.0
2026-06-04 21:00,2026-06-04,21,8425.0,8440.0,8425.0,8435.0,10.0,Dhan HQ Paid API v2 (Client 1112620458),CRUDEOIL,560977,INR/bbl,10.0,19.0
2026-06-04 22:00,2026-06-04,22,8435.0,8435.0,8395.0,8425.0,32.0,Dhan HQ Paid API v2 (Client 1112620458),CRUDEOIL,560977,INR/bbl,-10.0,-20.0
2026-06-04 23:00,2026-06-04,23,8396.0,8426.0,8391.0,8426.0,23.0,Dhan HQ Paid API v2 (Client 1112620458),CRUDEOIL,560977,INR/bbl,30.0,40.0
2026-06-05 09:00,2026-06-05,9,8517.0,8518.0,8447.0,8451.0,21.0,Dhan HQ Paid API v2 (Client 1112620458),CRUDEOIL,560977,INR/bbl,-66.0,-96.0
2026-06-05 10:00,2026-06-05,10,8451.0,8451.0,8429.0,8430.0,20.0,Dhan HQ Paid API v2 (Client 1112620458),CRUDEOIL,560977,INR/bbl,-21.0,45.0
2026-06-05 11:00,2026-06-05,11,8430.0,8432.0,8400.0,8417.0,31.0,Dhan HQ Paid API v2 (Client 1112620458),CRUDEOIL,560977,INR/bbl,-13.0,8.0
2026-06-05 12:00,2026-06-05,12,8417.0,8417.0,8348.0,8348.0,63.0,Dhan HQ Paid API v2 (Client 1112620458),CRUDEOIL,560977,INR/bbl,-69.0,-56.0
2026-06-05 13:00,2026-06-05,13,8348.0,8399.0,8293.0,8293.0,46.0,Dhan HQ Paid API v2 (Client 1112620458),CRUDEOIL,560977,INR/bbl,-55.0,14.0
2026-06-05 14:00,2026-06-05,14,8302.0,8389.0,8290.0,8350.0,50.0,Dhan HQ Paid API v2 (Client 1112620458),CRUDEOIL,560977,INR/bbl,48.0,103.0
2026-06-05 15:00,2026-06-05,15,8350.0,8376.0,8349.0,8349.0,21.0,Dhan HQ Paid API v2 (Client 1112620458),CRUDEOIL,560977,INR/bbl,-1.0,-49.0
2026-06-05 16:00,2026-06-05,16,8349.0,8420.0,8349.0,8390.0,36.0,Dhan HQ Paid API v2 (Client 1112620458),CRUDEOIL,560977,INR/bbl,41.0,42.0
2026-06-05 17:00,2026-06-05,17,8390.0,8390.0,8356.0,8365.0,19.0,Dhan HQ Paid API v2 (Client 1112620458),CRUDEOIL,560977,INR/bbl,-25.0,-66.0
2026-06-05 18:00,2026-06-05,18,8365.0,8365.0,8295.0,8335.0,65.0,Dhan HQ Paid API v2 (Client 1112620458),CRUDEOIL,560977,INR/bbl,-30.0,-5.0
2026-06-05 19:00,2026-06-05,19,8325.0,8325.0,8230.0,8271.0,183.0,Dhan HQ Paid API v2 (Client 1112620458),CRUDEOIL,560977,INR/bbl,-54.0,-24.0
2026-06-05 20:00,2026-06-05,20,8271.0,8305.0,8262.0,8285.0,33.0,Dhan HQ Paid API v2 (Client 1112620458),CRUDEOIL,560977,INR/bbl,14.0,68.0
2026-06-05 21:00,2026-06-05,21,8272.0,8275.0,8209.0,8218.0,139.0,Dhan HQ Paid API v2 (Client 1112620458),CRUDEOIL,560977,INR/bbl,-54.0,-68.0
2026-06-05 22:00,2026-06-05,22,8218.0,8228.0,8200.0,8228.0,57.0,Dhan HQ Paid API v2 (Client 1112620458),CRUDEOIL,560977,INR/bbl,10.0,64.0
2026-06-05 23:00,2026-06-05,23,8228.0,8242.0,8225.0,8241.0,14.0,Dhan HQ Paid API v2 (Client 1112620458),CRUDEOIL,560977,INR/bbl,13.0,3.0
2026-06-08 09:00,2026-06-08,9,8528.0,8538.0,8495.0,8538.0,344.0,Dhan HQ Paid API v2 (Client 1112620458),CRUDEOIL,560977,INR/bbl,10.0,-3.0
2026-06-08 10:00,2026-06-08,10,8538.0,8590.0,8538.0,8561.0,54.0,Dhan HQ Paid API v2 (Client 1112620458),CRUDEOIL,560977,INR/bbl,23.0,13.0
2026-06-08 11:00,2026-06-08,11,8580.0,8632.0,8575.0,8590.0,75.0,Dhan HQ Paid API v2 (Client 1112620458),CRUDEOIL,560977,INR/bbl,10.0,-13.0
2026-06-08 12:00,2026-06-08,12,8590.0,8642.0,8590.0,8613.0,52.0,Dhan HQ Paid API v2 (Client 1112620458),CRUDEOIL,560977,INR/bbl,23.0,13.0
2026-06-08 13:00,2026-06-08,13,8601.0,8660.0,8590.0,8659.0,70.0,Dhan HQ Paid API v2 (Client 1112620458),CRUDEOIL,560977,INR/bbl,58.0,35.0
2026-06-08 14:00,2026-06-08,14,8642.0,8661.0,8596.0,8641.0,45.0,Dhan HQ Paid API v2 (Client 1112620458),CRUDEOIL,560977,INR/bbl,-1.0,-59.0
2026-06-08 15:00,2026-06-08,15,8641.0,8681.0,8600.0,8635.0,79.0,Dhan HQ Paid API v2 (Client 1112620458),CRUDEOIL,560977,INR/bbl,-6.0,-5.0
2026-06-08 16:00,2026-06-08,16,8635.0,8635.0,8400.0,8422.0,121.0,Dhan HQ Paid API v2 (Client 1112620458),CRUDEOIL,560977,INR/bbl,-213.0,-207.0
2026-06-08 17:00,2026-06-08,17,8400.0,8425.0,8339.0,8392.0,129.0,Dhan HQ Paid API v2 (Client 1112620458),CRUDEOIL,560977,INR/bbl,-8.0,205.0
2026-06-08 18:00,2026-06-08,18,8392.0,8462.0,8360.0,8360.0,49.0,Dhan HQ Paid API v2 (Client 1112620458),CRUDEOIL,560977,INR/bbl,-32.0,-24.0
2026-06-08 19:00,2026-06-08,19,8361.0,8401.0,8320.0,8385.0,42.0,Dhan HQ Paid API v2 (Client 1112620458),CRUDEOIL,560977,INR/bbl,24.0,56.0
2026-06-08 20:00,2026-06-08,20,8382.0,8456.0,8382.0,8420.0,44.0,Dhan HQ Paid API v2 (Client 1112620458),CRUDEOIL,560977,INR/bbl,38.0,14.0
2026-06-08 21:00,2026-06-08,21,8427.0,8434.0,8394.0,8433.0,104.0,Dhan HQ Paid API v2 (Client 1112620458),CRUDEOIL,560977,INR/bbl,6.0,-32.0
2026-06-08 22:00,2026-06-08,22,8430.0,8430.0,8409.0,8409.0,46.0,Dhan HQ Paid API v2 (Client 1112620458),CRUDEOIL,560977,INR/bbl,-21.0,-27.0
2026-06-08 23:00,2026-06-08,23,8406.0,8445.0,8394.0,8440.0,36.0,Dhan HQ Paid API v2 (Client 1112620458),CRUDEOIL,560977,INR/bbl,34.0,55.0
2026-06-09 09:00,2026-06-09,9,8154.0,8359.0,8154.0,8333.0,68.0,Dhan HQ Paid API v2 (Client 1112620458),CRUDEOIL,560977,INR/bbl,179.0,145.0
2026-06-09 10:00,2026-06-09,10,8333.0,8355.0,8325.0,8330.0,22.0,Dhan HQ Paid API v2 (Client 1112620458),CRUDEOIL,560977,INR/bbl,-3.0,-182.0
2026-06-09 11:00,2026-06-09,11,8313.0,8329.0,8300.0,8300.0,45.0,Dhan HQ Paid API v2 (Client 1112620458),CRUDEOIL,560977,INR/bbl,-13.0,-10.0
2026-06-09 12:00,2026-06-09,12,8300.0,8320.0,8294.0,8319.0,13.0,Dhan HQ Paid API v2 (Client 1112620458),CRUDEOIL,560977,INR/bbl,19.0,32.0
2026-06-09 13:00,2026-06-09,13,8319.0,8319.0,8242.0,8246.0,64.0,Dhan HQ Paid API v2 (Client 1112620458),CRUDEOIL,560977,INR/bbl,-73.0,-92.0
2026-06-09 14:00,2026-06-09,14,8246.0,8248.0,8201.0,8204.0,81.0,Dhan HQ Paid API v2 (Client 1112620458),CRUDEOIL,560977,INR/bbl,-42.0,31.0
2026-06-09 15:00,2026-06-09,15,8204.0,8256.0,8204.0,8234.0,39.0,Dhan HQ Paid API v2 (Client 1112620458),CRUDEOIL,560977,INR/bbl,30.0,72.0
2026-06-09 16:00,2026-06-09,16,8234.0,8255.0,8204.0,8255.0,32.0,Dhan HQ Paid API v2 (Client 1112620458),CRUDEOIL,560977,INR/bbl,21.0,-9.0
2026-06-09 17:00,2026-06-09,17,8255.0,8284.0,8255.0,8284.0,38.0,Dhan HQ Paid API v2 (Client 1112620458),CRUDEOIL,560977,INR/bbl,29.0,8.0
2026-06-09 18:00,2026-06-09,18,8275.0,8275.0,8211.0,8211.0,42.0,Dhan HQ Paid API v2 (Client 1112620458),CRUDEOIL,560977,INR/bbl,-64.0,-93.0
2026-06-09 19:00,2026-06-09,19,8210.0,8217.0,8121.0,8130.0,206.0,Dhan HQ Paid API v2 (Client 1112620458),CRUDEOIL,560977,INR/bbl,-80.0,-16.0
2026-06-09 20:00,2026-06-09,20,8124.0,8172.0,8114.0,8150.0,88.0,Dhan HQ Paid API v2 (Client 1112620458),CRUDEOIL,560977,INR/bbl,26.0,106.0
2026-06-09 21:00,2026-06-09,21,8140.0,8140.0,8007.0,8050.0,180.0,Dhan HQ Paid API v2 (Client 1112620458),CRUDEOIL,560977,INR/bbl,-90.0,-116.0
2026-06-09 22:00,2026-06-09,22,8065.0,8275.0,8050.0,8153.0,217.0,Dhan HQ Paid API v2 (Client 1112620458),CRUDEOIL,560977,INR/bbl,88.0,178.0
2026-06-09 23:00,2026-06-09,23,8151.0,8206.0,8151.0,8200.0,27.0,Dhan HQ Paid API v2 (Client 1112620458),CRUDEOIL,560977,INR/bbl,49.0,-39.0
2026-06-10 09:00,2026-06-10,9,8295.0,8325.0,8222.0,8234.0,67.0,Dhan HQ Paid API v2 (Client 1112620458),CRUDEOIL,560977,INR/bbl,-61.0,-110.0
2026-06-10 10:00,2026-06-10,10,8244.0,8244.0,8160.0,8160.0,40.0,Dhan HQ Paid API v2 (Client 1112620458),CRUDEOIL,560977,INR/bbl,-84.0,-23.0
2026-06-10 11:00,2026-06-10,11,8160.0,8174.0,8120.0,8134.0,39.0,Dhan HQ Paid API v2 (Client 1112620458),CRUDEOIL,560977,INR/bbl,-26.0,58.0
2026-06-10 12:00,2026-06-10,12,8142.0,8160.0,8125.0,8128.0,29.0,Dhan HQ Paid API v2 (Client 1112620458),CRUDEOIL,560977,INR/bbl,-14.0,12.0
2026-06-10 13:00,2026-06-10,13,8128.0,8220.0,8128.0,8207.0,34.0,Dhan HQ Paid API v2 (Client 1112620458),CRUDEOIL,560977,INR/bbl,79.0,93.0
2026-06-10 14:00,2026-06-10,14,8207.0,8207.0,8115.0,8141.0,29.0,Dhan HQ Paid API v2 (Client 1112620458),CRUDEOIL,560977,INR/bbl,-66.0,-145.0
2026-06-10 15:00,2026-06-10,15,8141.0,8195.0,8138.0,8160.0,47.0,Dhan HQ Paid API v2 (Client 1112620458),CRUDEOIL,560977,INR/bbl,19.0,85.0
2026-06-10 16:00,2026-06-10,16,8151.0,8334.0,8135.0,8308.0,144.0,Dhan HQ Paid API v2 (Client 1112620458),CRUDEOIL,560977,INR/bbl,157.0,138.0
2026-06-10 17:00,2026-06-10,17,8308.0,8339.0,8277.0,8288.0,179.0,Dhan HQ Paid API v2 (Client 1112620458),CRUDEOIL,560977,INR/bbl,-20.0,-177.0
2026-06-10 18:00,2026-06-10,18,8288.0,8296.0,8221.0,8270.0,34.0,Dhan HQ Paid API v2 (Client 1112620458),CRUDEOIL,560977,INR/bbl,-18.0,2.0
2026-06-10 19:00,2026-06-10,19,8270.0,8300.0,8266.0,8295.0,38.0,Dhan HQ Paid API v2 (Client 1112620458),CRUDEOIL,560977,INR/bbl,25.0,43.0
2026-06-10 20:00,2026-06-10,20,8295.0,8344.0,8284.0,8290.0,140.0,Dhan HQ Paid API v2 (Client 1112620458),CRUDEOIL,560977,INR/bbl,-5.0,-30.0
2026-06-10 21:00,2026-06-10,21,8290.0,8420.0,8290.0,8410.0,168.0,Dhan HQ Paid API v2 (Client 1112620458),CRUDEOIL,560977,INR/bbl,120.0,125.0
2026-06-10 22:00,2026-06-10,22,8404.0,8442.0,8397.0,8426.0,73.0,Dhan HQ Paid API v2 (Client 1112620458),CRUDEOIL,560977,INR/bbl,22.0,-98.0
2026-06-10 23:00,2026-06-10,23,8442.0,8459.0,8414.0,8415.0,71.0,Dhan HQ Paid API v2 (Client 1112620458),CRUDEOIL,560977,INR/bbl,-27.0,-49.0
2026-06-11 09:00,2026-06-11,9,8484.0,8500.0,8460.0,8460.0,83.0,Dhan HQ Paid API v2 (Client 1112620458),CRUDEOIL,560977,INR/bbl,-24.0,3.0
2026-06-11 10:00,2026-06-11,10,8456.0,8456.0,8401.0,8421.0,52.0,Dhan HQ Paid API v2 (Client 1112620458),CRUDEOIL,560977,INR/bbl,-35.0,-11.0
2026-06-11 11:00,2026-06-11,11,8399.0,8419.0,8360.0,8388.0,57.0,Dhan HQ Paid API v2 (Client 1112620458),CRUDEOIL,560977,INR/bbl,-11.0,24.0
2026-06-11 12:00,2026-06-11,12,8388.0,8400.0,8331.0,8331.0,45.0,Dhan HQ Paid API v2 (Client 1112620458),CRUDEOIL,560977,INR/bbl,-57.0,-46.0
2026-06-11 13:00,2026-06-11,13,8331.0,8345.0,8288.0,8310.0,61.0,Dhan HQ Paid API v2 (Client 1112620458),CRUDEOIL,560977,INR/bbl,-21.0,36.0
2026-06-11 14:00,2026-06-11,14,8310.0,8337.0,8265.0,8318.0,26.0,Dhan HQ Paid API v2 (Client 1112620458),CRUDEOIL,560977,INR/bbl,8.0,29.0
2026-06-11 15:00,2026-06-11,15,8318.0,8340.0,8290.0,8290.0,23.0,Dhan HQ Paid API v2 (Client 1112620458),CRUDEOIL,560977,INR/bbl,-28.0,-36.0
2026-06-11 16:00,2026-06-11,16,8290.0,8314.0,8276.0,8303.0,32.0,Dhan HQ Paid API v2 (Client 1112620458),CRUDEOIL,560977,INR/bbl,13.0,41.0
2026-06-11 17:00,2026-06-11,17,8303.0,8470.0,8270.0,8440.0,74.0,Dhan HQ Paid API v2 (Client 1112620458),CRUDEOIL,560977,INR/bbl,137.0,124.0
2026-06-11 18:00,2026-06-11,18,8420.0,8470.0,8374.0,8398.0,121.0,Dhan HQ Paid API v2 (Client 1112620458),CRUDEOIL,560977,INR/bbl,-22.0,-159.0
2026-06-11 19:00,2026-06-11,19,8391.0,8391.0,8306.0,8380.0,56.0,Dhan HQ Paid API v2 (Client 1112620458),CRUDEOIL,560977,INR/bbl,-11.0,11.0
2026-06-11 20:00,2026-06-11,20,8390.0,8417.0,8390.0,8392.0,32.0,Dhan HQ Paid API v2 (Client 1112620458),CRUDEOIL,560977,INR/bbl,2.0,13.0
2026-06-11 21:00,2026-06-11,21,8410.0,8490.0,8410.0,8462.0,80.0,Dhan HQ Paid API v2 (Client 1112620458),CRUDEOIL,560977,INR/bbl,52.0,50.0
2026-06-11 22:00,2026-06-11,22,8467.0,8486.0,8265.0,8265.0,122.0,Dhan HQ Paid API v2 (Client 1112620458),CRUDEOIL,560977,INR/bbl,-202.0,-254.0
2026-06-11 23:00,2026-06-11,23,8250.0,8250.0,8080.0,8136.0,295.0,Dhan HQ Paid API v2 (Client 1112620458),CRUDEOIL,560977,INR/bbl,-114.0,88.0
2026-06-12 09:00,2026-06-12,9,7980.0,8124.0,7980.0,8023.0,187.0,Dhan HQ Paid API v2 (Client 1112620458),CRUDEOIL,560977,INR/bbl,43.0,157.0
2026-06-12 10:00,2026-06-12,10,8023.0,8034.0,8000.0,8008.0,67.0,Dhan HQ Paid API v2 (Client 1112620458),CRUDEOIL,560977,INR/bbl,-15.0,-58.0
2026-06-12 11:00,2026-06-12,11,8008.0,8022.0,7988.0,8022.0,68.0,Dhan HQ Paid API v2 (Client 1112620458),CRUDEOIL,560977,INR/bbl,14.0,29.0
2026-06-12 12:00,2026-06-12,12,8022.0,8022.0,7988.0,8004.0,49.0,Dhan HQ Paid API v2 (Client 1112620458),CRUDEOIL,560977,INR/bbl,-18.0,-32.0
2026-06-12 13:00,2026-06-12,13,8004.0,8021.0,7755.0,7758.0,278.0,Dhan HQ Paid API v2 (Client 1112620458),CRUDEOIL,560977,INR/bbl,-246.0,-228.0
2026-06-12 14:00,2026-06-12,14,7749.0,7813.0,7729.0,7780.0,163.0,Dhan HQ Paid API v2 (Client 1112620458),CRUDEOIL,560977,INR/bbl,31.0,277.0
2026-06-12 15:00,2026-06-12,15,7764.0,7882.0,7750.0,7882.0,88.0,Dhan HQ Paid API v2 (Client 1112620458),CRUDEOIL,560977,INR/bbl,118.0,87.0
2026-06-12 16:00,2026-06-12,16,7875.0,7900.0,7810.0,7822.0,52.0,Dhan HQ Paid API v2 (Client 1112620458),CRUDEOIL,560977,INR/bbl,-53.0,-171.0
2026-06-12 17:00,2026-06-12,17,7822.0,7914.0,7822.0,7914.0,60.0,Dhan HQ Paid API v2 (Client 1112620458),CRUDEOIL,560977,INR/bbl,92.0,145.0
2026-06-12 18:00,2026-06-12,18,7915.0,7940.0,7904.0,7926.0,67.0,Dhan HQ Paid API v2 (Client 1112620458),CRUDEOIL,560977,INR/bbl,11.0,-81.0
2026-06-12 19:00,2026-06-12,19,7926.0,8079.0,7925.0,8013.0,247.0,Dhan HQ Paid API v2 (Client 1112620458),CRUDEOIL,560977,INR/bbl,87.0,76.0
2026-06-12 20:00,2026-06-12,20,8013.0,8025.0,7823.0,7834.0,188.0,Dhan HQ Paid API v2 (Client 1112620458),CRUDEOIL,560977,INR/bbl,-179.0,-266.0
2026-06-12 21:00,2026-06-12,21,7830.0,7917.0,7820.0,7862.0,72.0,Dhan HQ Paid API v2 (Client 1112620458),CRUDEOIL,560977,INR/bbl,32.0,211.0
2026-06-12 22:00,2026-06-12,22,7862.0,7869.0,7835.0,7843.0,35.0,Dhan HQ Paid API v2 (Client 1112620458),CRUDEOIL,560977,INR/bbl,-19.0,-51.0
2026-06-12 23:00,2026-06-12,23,7843.0,7870.0,7843.0,7860.0,48.0,Dhan HQ Paid API v2 (Client 1112620458),CRUDEOIL,560977,INR/bbl,17.0,36.0
2026-06-15 09:00,2026-06-15,9,7543.0,7543.0,7386.0,7458.0,311.0,Dhan HQ Paid API v2 (Client 1112620458),CRUDEOIL,560977,INR/bbl,-85.0,-102.0
2026-06-15 10:00,2026-06-15,10,7466.0,7479.0,7458.0,7479.0,60.0,Dhan HQ Paid API v2 (Client 1112620458),CRUDEOIL,560977,INR/bbl,13.0,98.0
2026-06-15 11:00,2026-06-15,11,7479.0,7515.0,7455.0,7494.0,90.0,Dhan HQ Paid API v2 (Client 1112620458),CRUDEOIL,560977,INR/bbl,15.0,2.0
2026-06-15 12:00,2026-06-15,12,7494.0,7498.0,7414.0,7414.0,59.0,Dhan HQ Paid API v2 (Client 1112620458),CRUDEOIL,560977,INR/bbl,-80.0,-95.0
2026-06-15 13:00,2026-06-15,13,7412.0,7479.0,7402.0,7426.0,145.0,Dhan HQ Paid API v2 (Client 1112620458),CRUDEOIL,560977,INR/bbl,14.0,94.0
2026-06-15 14:00,2026-06-15,14,7426.0,7452.0,7421.0,7448.0,37.0,Dhan HQ Paid API v2 (Client 1112620458),CRUDEOIL,560977,INR/bbl,22.0,8.0
2026-06-15 15:00,2026-06-15,15,7436.0,7460.0,7430.0,7455.0,67.0,Dhan HQ Paid API v2 (Client 1112620458),CRUDEOIL,560977,INR/bbl,19.0,-3.0
2026-06-15 16:00,2026-06-15,16,7455.0,7470.0,7449.0,7450.0,21.0,Dhan HQ Paid API v2 (Client 1112620458),CRUDEOIL,560977,INR/bbl,-5.0,-24.0
2026-06-15 17:00,2026-06-15,17,7450.0,7470.0,7435.0,7455.0,37.0,Dhan HQ Paid API v2 (Client 1112620458),CRUDEOIL,560977,INR/bbl,5.0,10.0
2026-06-15 18:00,2026-06-15,18,7455.0,7461.0,7435.0,7449.0,25.0,Dhan HQ Paid API v2 (Client 1112620458),CRUDEOIL,560977,INR/bbl,-6.0,-11.0
2026-06-15 19:00,2026-06-15,19,7450.0,7454.0,7406.0,7406.0,53.0,Dhan HQ Paid API v2 (Client 1112620458),CRUDEOIL,560977,INR/bbl,-44.0,-38.0
2026-06-15 20:00,2026-06-15,20,7406.0,7466.0,7406.0,7445.0,77.0,Dhan HQ Paid API v2 (Client 1112620458),CRUDEOIL,560977,INR/bbl,39.0,83.0
2026-06-15 21:00,2026-06-15,21,7445.0,7456.0,7420.0,7425.0,38.0,Dhan HQ Paid API v2 (Client 1112620458),CRUDEOIL,560977,INR/bbl,-20.0,-59.0
2026-06-15 22:00,2026-06-15,22,7425.0,7450.0,7425.0,7449.0,26.0,Dhan HQ Paid API v2 (Client 1112620458),CRUDEOIL,560977,INR/bbl,24.0,44.0
2026-06-15 23:00,2026-06-15,23,7449.0,7457.0,7433.0,7452.0,37.0,Dhan HQ Paid API v2 (Client 1112620458),CRUDEOIL,560977,INR/bbl,3.0,-21.0
2026-06-16 09:00,2026-06-16,9,7453.0,7477.0,7453.0,7471.0,46.0,Dhan HQ Paid API v2 (Client 1112620458),CRUDEOIL,560977,INR/bbl,18.0,15.0
2026-06-16 10:00,2026-06-16,10,7471.0,7471.0,7425.0,7430.0,26.0,Dhan HQ Paid API v2 (Client 1112620458),CRUDEOIL,560977,INR/bbl,-41.0,-59.0
2026-06-16 11:00,2026-06-16,11,7430.0,7456.0,7430.0,7454.0,29.0,Dhan HQ Paid API v2 (Client 1112620458),CRUDEOIL,560977,INR/bbl,24.0,65.0
2026-06-16 12:00,2026-06-16,12,7454.0,7473.0,7410.0,7415.0,93.0,Dhan HQ Paid API v2 (Client 1112620458),CRUDEOIL,560977,INR/bbl,-39.0,-63.0
2026-06-16 13:00,2026-06-16,13,7415.0,7415.0,7285.0,7289.0,224.0,Dhan HQ Paid API v2 (Client 1112620458),CRUDEOIL,560977,INR/bbl,-126.0,-87.0
2026-06-16 14:00,2026-06-16,14,7290.0,7330.0,7277.0,7328.0,117.0,Dhan HQ Paid API v2 (Client 1112620458),CRUDEOIL,560977,INR/bbl,38.0,164.0
2026-06-16 15:00,2026-06-16,15,7325.0,7366.0,7285.0,7302.0,148.0,Dhan HQ Paid API v2 (Client 1112620458),CRUDEOIL,560977,INR/bbl,-23.0,-61.0
2026-06-16 16:00,2026-06-16,16,7310.0,7310.0,7280.0,7280.0,100.0,Dhan HQ Paid API v2 (Client 1112620458),CRUDEOIL,560977,INR/bbl,-30.0,-7.0
2026-06-16 17:00,2026-06-16,17,7285.0,7300.0,7221.0,7240.0,118.0,Dhan HQ Paid API v2 (Client 1112620458),CRUDEOIL,560977,INR/bbl,-45.0,-15.0
2026-06-16 18:00,2026-06-16,18,7220.0,7250.0,7182.0,7243.0,131.0,Dhan HQ Paid API v2 (Client 1112620458),CRUDEOIL,560977,INR/bbl,23.0,68.0
2026-06-16 19:00,2026-06-16,19,7255.0,7278.0,7225.0,7228.0,136.0,Dhan HQ Paid API v2 (Client 1112620458),CRUDEOIL,560977,INR/bbl,-27.0,-50.0
2026-06-16 20:00,2026-06-16,20,7232.0,7235.0,7193.0,7200.0,123.0,Dhan HQ Paid API v2 (Client 1112620458),CRUDEOIL,560977,INR/bbl,-32.0,-5.0
2026-06-16 21:00,2026-06-16,21,7200.0,7202.0,7090.0,7095.0,324.0,Dhan HQ Paid API v2 (Client 1112620458),CRUDEOIL,560977,INR/bbl,-105.0,-73.0
2026-06-16 22:00,2026-06-16,22,7101.0,7123.0,7065.0,7096.0,191.0,Dhan HQ Paid API v2 (Client 1112620458),CRUDEOIL,560977,INR/bbl,-5.0,100.0
2026-06-16 23:00,2026-06-16,23,7095.0,7121.0,7091.0,7121.0,109.0,Dhan HQ Paid API v2 (Client 1112620458),CRUDEOIL,560977,INR/bbl,26.0,31.0
2026-06-17 09:00,2026-06-17,9,7018.0,7125.0,7018.0,7074.0,189.0,Dhan HQ Paid API v2 (Client 1112620458),CRUDEOIL,560977,INR/bbl,56.0,30.0
2026-06-17 10:00,2026-06-17,10,7075.0,7085.0,7045.0,7050.0,100.0,Dhan HQ Paid API v2 (Client 1112620458),CRUDEOIL,560977,INR/bbl,-25.0,-81.0
2026-06-17 11:00,2026-06-17,11,7045.0,7149.0,7045.0,7115.0,89.0,Dhan HQ Paid API v2 (Client 1112620458),CRUDEOIL,560977,INR/bbl,70.0,95.0
2026-06-17 12:00,2026-06-17,12,7115.0,7115.0,7005.0,7092.0,164.0,Dhan HQ Paid API v2 (Client 1112620458),CRUDEOIL,560977,INR/bbl,-23.0,-93.0
2026-06-17 13:00,2026-06-17,13,7092.0,7134.0,7038.0,7125.0,371.0,Dhan HQ Paid API v2 (Client 1112620458),CRUDEOIL,560977,INR/bbl,33.0,56.0
2026-06-17 14:00,2026-06-17,14,7130.0,7200.0,7100.0,7105.0,205.0,Dhan HQ Paid API v2 (Client 1112620458),CRUDEOIL,560977,INR/bbl,-25.0,-58.0
2026-06-17 15:00,2026-06-17,15,7100.0,7160.0,7088.0,7141.0,66.0,Dhan HQ Paid API v2 (Client 1112620458),CRUDEOIL,560977,INR/bbl,41.0,66.0
2026-06-17 16:00,2026-06-17,16,7141.0,7182.0,7112.0,7156.0,121.0,Dhan HQ Paid API v2 (Client 1112620458),CRUDEOIL,560977,INR/bbl,15.0,-26.0
2026-06-17 17:00,2026-06-17,17,7156.0,7213.0,7156.0,7173.0,158.0,Dhan HQ Paid API v2 (Client 1112620458),CRUDEOIL,560977,INR/bbl,17.0,2.0
2026-06-17 18:00,2026-06-17,18,7173.0,7192.0,7158.0,7185.0,53.0,Dhan HQ Paid API v2 (Client 1112620458),CRUDEOIL,560977,INR/bbl,12.0,-5.0
2026-06-17 19:00,2026-06-17,19,7185.0,7250.0,7178.0,7215.0,258.0,Dhan HQ Paid API v2 (Client 1112620458),CRUDEOIL,560977,INR/bbl,30.0,18.0
2026-06-17 20:00,2026-06-17,20,7215.0,7386.0,7145.0,7173.0,647.0,Dhan HQ Paid API v2 (Client 1112620458),CRUDEOIL,560977,INR/bbl,-42.0,-72.0
2026-06-17 21:00,2026-06-17,21,7165.0,7182.0,7125.0,7167.0,88.0,Dhan HQ Paid API v2 (Client 1112620458),CRUDEOIL,560977,INR/bbl,2.0,44.0
2026-06-17 22:00,2026-06-17,22,7167.0,7185.0,7108.0,7108.0,164.0,Dhan HQ Paid API v2 (Client 1112620458),CRUDEOIL,560977,INR/bbl,-59.0,-61.0
2026-06-17 23:00,2026-06-17,23,7119.0,7137.0,7115.0,7134.0,111.0,Dhan HQ Paid API v2 (Client 1112620458),CRUDEOIL,560977,INR/bbl,15.0,74.0
2026-06-18 09:00,2026-06-18,9,7025.0,7062.0,7002.0,7002.0,179.0,Dhan HQ Paid API v2 (Client 1112620458),CRUDEOIL,560977,INR/bbl,-23.0,-38.0
2026-06-18 10:00,2026-06-18,10,7005.0,7011.0,6970.0,6975.0,137.0,Dhan HQ Paid API v2 (Client 1112620458),CRUDEOIL,560977,INR/bbl,-30.0,-7.0
2026-06-18 11:00,2026-06-18,11,6975.0,7004.0,6923.0,6942.0,209.0,Dhan HQ Paid API v2 (Client 1112620458),CRUDEOIL,560977,INR/bbl,-33.0,-3.0
2026-06-18 12:00,2026-06-18,12,6930.0,7049.0,6930.0,7013.0,159.0,Dhan HQ Paid API v2 (Client 1112620458),CRUDEOIL,560977,INR/bbl,83.0,116.0
2026-06-18 13:00,2026-06-18,13,7013.0,7019.0,6975.0,7007.0,88.0,Dhan HQ Paid API v2 (Client 1112620458),CRUDEOIL,560977,INR/bbl,-6.0,-89.0
2026-06-18 14:00,2026-06-18,14,7002.0,7007.0,6960.0,6998.0,69.0,Dhan HQ Paid API v2 (Client 1112620458),CRUDEOIL,560977,INR/bbl,-4.0,2.0
2026-06-18 15:00,2026-06-18,15,6998.0,7010.0,6958.0,7010.0,81.0,Dhan HQ Paid API v2 (Client 1112620458),CRUDEOIL,560977,INR/bbl,12.0,16.0
2026-06-18 16:00,2026-06-18,16,7003.0,7079.0,7003.0,7056.0,144.0,Dhan HQ Paid API v2 (Client 1112620458),CRUDEOIL,560977,INR/bbl,53.0,41.0
2026-06-18 17:00,2026-06-18,17,7062.0,7070.0,7009.0,7030.0,97.0,Dhan HQ Paid API v2 (Client 1112620458),CRUDEOIL,560977,INR/bbl,-32.0,-85.0
2026-06-18 18:00,2026-06-18,18,7031.0,7038.0,6962.0,6996.0,125.0,Dhan HQ Paid API v2 (Client 1112620458),CRUDEOIL,560977,INR/bbl,-35.0,-3.0
2026-06-18 19:00,2026-06-18,19,6996.0,6996.0,6884.0,6904.0,386.0,Dhan HQ Paid API v2 (Client 1112620458),CRUDEOIL,560977,INR/bbl,-92.0,-57.0
2026-06-18 20:00,2026-06-18,20,6911.0,6949.0,6880.0,6945.0,243.0,Dhan HQ Paid API v2 (Client 1112620458),CRUDEOIL,560977,INR/bbl,34.0,126.0
2026-06-18 21:00,2026-06-18,21,6945.0,6991.0,6936.0,6954.0,237.0,Dhan HQ Paid API v2 (Client 1112620458),CRUDEOIL,560977,INR/bbl,9.0,-25.0
2026-06-18 22:00,2026-06-18,22,6950.0,7002.0,6936.0,6990.0,193.0,Dhan HQ Paid API v2 (Client 1112620458),CRUDEOIL,560977,INR/bbl,40.0,31.0
2026-06-18 23:00,2026-06-18,23,7000.0,7020.0,6981.0,7020.0,153.0,Dhan HQ Paid API v2 (Client 1112620458),CRUDEOIL,560977,INR/bbl,20.0,-20.0
2026-06-19 09:00,2026-06-19,9,7094.0,7114.0,7068.0,7105.0,237.0,Dhan HQ Paid API v2 (Client 1112620458),CRUDEOIL,560977,INR/bbl,11.0,-9.0
2026-06-19 10:00,2026-06-19,10,7101.0,7175.0,7098.0,7147.0,255.0,Dhan HQ Paid API v2 (Client 1112620458),CRUDEOIL,560977,INR/bbl,46.0,35.0
2026-06-19 11:00,2026-06-19,11,7152.0,7209.0,7150.0,7173.0,215.0,Dhan HQ Paid API v2 (Client 1112620458),CRUDEOIL,560977,INR/bbl,21.0,-25.0
2026-06-19 12:00,2026-06-19,12,7173.0,7223.0,7145.0,7177.0,247.0,Dhan HQ Paid API v2 (Client 1112620458),CRUDEOIL,560977,INR/bbl,4.0,-17.0
2026-06-19 13:00,2026-06-19,13,7177.0,7205.0,7140.0,7140.0,175.0,Dhan HQ Paid API v2 (Client 1112620458),CRUDEOIL,560977,INR/bbl,-37.0,-41.0
2026-06-19 14:00,2026-06-19,14,7125.0,7158.0,7107.0,7119.0,150.0,Dhan HQ Paid API v2 (Client 1112620458),CRUDEOIL,560977,INR/bbl,-6.0,31.0
2026-06-19 15:00,2026-06-19,15,7115.0,7149.0,7099.0,7140.0,127.0,Dhan HQ Paid API v2 (Client 1112620458),CRUDEOIL,560977,INR/bbl,25.0,31.0
2026-06-19 16:00,2026-06-19,16,7126.0,7188.0,7126.0,7164.0,119.0,Dhan HQ Paid API v2 (Client 1112620458),CRUDEOIL,560977,INR/bbl,38.0,13.0
2026-06-19 17:00,2026-06-19,17,7160.0,7176.0,7135.0,7169.0,62.0,Dhan HQ Paid API v2 (Client 1112620458),CRUDEOIL,560977,INR/bbl,9.0,-29.0
2026-06-19 18:00,2026-06-19,18,7176.0,7205.0,7068.0,7111.0,401.0,Dhan HQ Paid API v2 (Client 1112620458),CRUDEOIL,560977,INR/bbl,-65.0,-74.0
2026-06-19 19:00,2026-06-19,19,7124.0,7161.0,7112.0,7147.0,127.0,Dhan HQ Paid API v2 (Client 1112620458),CRUDEOIL,560977,INR/bbl,23.0,88.0
2026-06-19 20:00,2026-06-19,20,7156.0,7194.0,7149.0,7190.0,93.0,Dhan HQ Paid API v2 (Client 1112620458),CRUDEOIL,560977,INR/bbl,34.0,11.0
2026-06-19 21:00,2026-06-19,21,7194.0,7221.0,7182.0,7194.0,229.0,Dhan HQ Paid API v2 (Client 1112620458),CRUDEOIL,560977,INR/bbl,0.0,-34.0
2026-06-19 22:00,2026-06-19,22,7194.0,7214.0,7171.0,7190.0,90.0,Dhan HQ Paid API v2 (Client 1112620458),CRUDEOIL,560977,INR/bbl,-4.0,-4.0
2026-06-19 23:00,2026-06-19,23,7196.0,7216.0,7177.0,7216.0,71.0,Dhan HQ Paid API v2 (Client 1112620458),CRUDEOIL,560977,INR/bbl,20.0,24.0
2026-06-22 09:00,2026-06-22,9,7126.0,7146.0,7105.0,7120.0,292.0,Dhan HQ Paid API v2 (Client 1112620458),CRUDEOIL,560977,INR/bbl,-6.0,-26.0
2026-06-22 10:00,2026-06-22,10,7118.0,7121.0,7067.0,7069.0,138.0,Dhan HQ Paid API v2 (Client 1112620458),CRUDEOIL,560977,INR/bbl,-49.0,-43.0
2026-06-22 11:00,2026-06-22,11,7068.0,7100.0,7067.0,7070.0,43.0,Dhan HQ Paid API v2 (Client 1112620458),CRUDEOIL,560977,INR/bbl,2.0,51.0
2026-06-22 12:00,2026-06-22,12,7090.0,7137.0,7090.0,7124.0,96.0,Dhan HQ Paid API v2 (Client 1112620458),CRUDEOIL,560977,INR/bbl,34.0,32.0
2026-06-22 13:00,2026-06-22,13,7135.0,7189.0,7118.0,7136.0,202.0,Dhan HQ Paid API v2 (Client 1112620458),CRUDEOIL,560977,INR/bbl,1.0,-33.0
2026-06-22 14:00,2026-06-22,14,7133.0,7151.0,7095.0,7119.0,143.0,Dhan HQ Paid API v2 (Client 1112620458),CRUDEOIL,560977,INR/bbl,-14.0,-15.0
2026-06-22 15:00,2026-06-22,15,7116.0,7129.0,7099.0,7119.0,48.0,Dhan HQ Paid API v2 (Client 1112620458),CRUDEOIL,560977,INR/bbl,3.0,17.0
2026-06-22 16:00,2026-06-22,16,7122.0,7133.0,7053.0,7116.0,150.0,Dhan HQ Paid API v2 (Client 1112620458),CRUDEOIL,560977,INR/bbl,-6.0,-9.0
2026-06-22 17:00,2026-06-22,17,7116.0,7116.0,7050.0,7050.0,174.0,Dhan HQ Paid API v2 (Client 1112620458),CRUDEOIL,560977,INR/bbl,-66.0,-60.0
2026-06-22 18:00,2026-06-22,18,7050.0,7095.0,7024.0,7030.0,186.0,Dhan HQ Paid API v2 (Client 1112620458),CRUDEOIL,560977,INR/bbl,-20.0,46.0
2026-06-22 19:00,2026-06-22,19,7028.0,7041.0,6957.0,6981.0,502.0,Dhan HQ Paid API v2 (Client 1112620458),CRUDEOIL,560977,INR/bbl,-47.0,-27.0
2026-06-22 20:00,2026-06-22,20,6996.0,7025.0,6940.0,6964.0,298.0,Dhan HQ Paid API v2 (Client 1112620458),CRUDEOIL,560977,INR/bbl,-32.0,15.0
2026-06-22 21:00,2026-06-22,21,6966.0,6978.0,6927.0,6966.0,198.0,Dhan HQ Paid API v2 (Client 1112620458),CRUDEOIL,560977,INR/bbl,0.0,32.0
2026-06-22 22:00,2026-06-22,22,6970.0,6980.0,6955.0,6957.0,128.0,Dhan HQ Paid API v2 (Client 1112620458),CRUDEOIL,560977,INR/bbl,-13.0,-13.0
2026-06-22 23:00,2026-06-22,23,6964.0,6980.0,6940.0,6950.0,140.0,Dhan HQ Paid API v2 (Client 1112620458),CRUDEOIL,560977,INR/bbl,-14.0,-1.0
2026-06-23 09:00,2026-06-23,9,6964.0,6979.0,6955.0,6958.0,128.0,Dhan HQ Paid API v2 (Client 1112620458),CRUDEOIL,560977,INR/bbl,-6.0,8.0
2026-06-23 10:00,2026-06-23,10,6958.0,6973.0,6955.0,6955.0,31.0,Dhan HQ Paid API v2 (Client 1112620458),CRUDEOIL,560977,INR/bbl,-3.0,3.0
2026-06-23 11:00,2026-06-23,11,6955.0,6955.0,6896.0,6898.0,198.0,Dhan HQ Paid API v2 (Client 1112620458),CRUDEOIL,560977,INR/bbl,-57.0,-54.0
2026-06-23 12:00,2026-06-23,12,6898.0,6920.0,6869.0,6880.0,160.0,Dhan HQ Paid API v2 (Client 1112620458),CRUDEOIL,560977,INR/bbl,-18.0,39.0
2026-06-23 13:00,2026-06-23,13,6878.0,6971.0,6878.0,6963.0,141.0,Dhan HQ Paid API v2 (Client 1112620458),CRUDEOIL,560977,INR/bbl,85.0,103.0
2026-06-23 14:00,2026-06-23,14,6960.0,6985.0,6935.0,6939.0,213.0,Dhan HQ Paid API v2 (Client 1112620458),CRUDEOIL,560977,INR/bbl,-21.0,-106.0
2026-06-23 15:00,2026-06-23,15,6935.0,6980.0,6935.0,6977.0,73.0,Dhan HQ Paid API v2 (Client 1112620458),CRUDEOIL,560977,INR/bbl,42.0,63.0
2026-06-23 16:00,2026-06-23,16,6978.0,6999.0,6962.0,6995.0,118.0,Dhan HQ Paid API v2 (Client 1112620458),CRUDEOIL,560977,INR/bbl,17.0,-25.0
2026-06-23 17:00,2026-06-23,17,6993.0,7000.0,6940.0,6950.0,153.0,Dhan HQ Paid API v2 (Client 1112620458),CRUDEOIL,560977,INR/bbl,-43.0,-60.0
2026-06-23 18:00,2026-06-23,18,6947.0,6975.0,6913.0,6916.0,133.0,Dhan HQ Paid API v2 (Client 1112620458),CRUDEOIL,560977,INR/bbl,-31.0,12.0
2026-06-23 19:00,2026-06-23,19,6912.0,6942.0,6888.0,6888.0,217.0,Dhan HQ Paid API v2 (Client 1112620458),CRUDEOIL,560977,INR/bbl,-24.0,7.0
2026-06-23 20:00,2026-06-23,20,6900.0,6961.0,6897.0,6932.0,205.0,Dhan HQ Paid API v2 (Client 1112620458),CRUDEOIL,560977,INR/bbl,32.0,56.0
2026-06-23 21:00,2026-06-23,21,6926.0,6942.0,6902.0,6934.0,77.0,Dhan HQ Paid API v2 (Client 1112620458),CRUDEOIL,560977,INR/bbl,8.0,-24.0
2026-06-23 22:00,2026-06-23,22,6934.0,6947.0,6912.0,6941.0,58.0,Dhan HQ Paid API v2 (Client 1112620458),CRUDEOIL,560977,INR/bbl,7.0,-1.0
2026-06-23 23:00,2026-06-23,23,6944.0,6947.0,6930.0,6930.0,58.0,Dhan HQ Paid API v2 (Client 1112620458),CRUDEOIL,560977,INR/bbl,-14.0,-21.0
2026-06-24 09:00,2026-06-24,9,6873.0,6913.0,6866.0,6910.0,140.0,Dhan HQ Paid API v2 (Client 1112620458),CRUDEOIL,560977,INR/bbl,37.0,51.0
2026-06-24 10:00,2026-06-24,10,6904.0,6907.0,6882.0,6888.0,57.0,Dhan HQ Paid API v2 (Client 1112620458),CRUDEOIL,560977,INR/bbl,-16.0,-53.0
2026-06-24 11:00,2026-06-24,11,6888.0,6926.0,6866.0,6883.0,118.0,Dhan HQ Paid API v2 (Client 1112620458),CRUDEOIL,560977,INR/bbl,-5.0,11.0
2026-06-24 12:00,2026-06-24,12,6883.0,6889.0,6840.0,6845.0,150.0,Dhan HQ Paid API v2 (Client 1112620458),CRUDEOIL,560977,INR/bbl,-38.0,-33.0
2026-06-24 13:00,2026-06-24,13,6845.0,6860.0,6808.0,6808.0,178.0,Dhan HQ Paid API v2 (Client 1112620458),CRUDEOIL,560977,INR/bbl,-37.0,1.0
2026-06-24 14:00,2026-06-24,14,6809.0,6835.0,6794.0,6797.0,271.0,Dhan HQ Paid API v2 (Client 1112620458),CRUDEOIL,560977,INR/bbl,-12.0,25.0
2026-06-24 15:00,2026-06-24,15,6812.0,6850.0,6812.0,6827.0,131.0,Dhan HQ Paid API v2 (Client 1112620458),CRUDEOIL,560977,INR/bbl,15.0,27.0
2026-06-24 16:00,2026-06-24,16,6827.0,6837.0,6772.0,6780.0,157.0,Dhan HQ Paid API v2 (Client 1112620458),CRUDEOIL,560977,INR/bbl,-47.0,-62.0
2026-06-24 17:00,2026-06-24,17,6776.0,6798.0,6710.0,6731.0,374.0,Dhan HQ Paid API v2 (Client 1112620458),CRUDEOIL,560977,INR/bbl,-45.0,2.0
2026-06-24 18:00,2026-06-24,18,6728.0,6744.0,6641.0,6641.0,340.0,Dhan HQ Paid API v2 (Client 1112620458),CRUDEOIL,560977,INR/bbl,-87.0,-42.0
2026-06-24 19:00,2026-06-24,19,6645.0,6667.0,6609.0,6644.0,335.0,Dhan HQ Paid API v2 (Client 1112620458),CRUDEOIL,560977,INR/bbl,-1.0,86.0
2026-06-24 20:00,2026-06-24,20,6635.0,6642.0,6605.0,6631.0,113.0,Dhan HQ Paid API v2 (Client 1112620458),CRUDEOIL,560977,INR/bbl,-4.0,-3.0
2026-06-24 21:00,2026-06-24,21,6626.0,6690.0,6626.0,6682.0,226.0,Dhan HQ Paid API v2 (Client 1112620458),CRUDEOIL,560977,INR/bbl,56.0,60.0
2026-06-24 22:00,2026-06-24,22,6682.0,6712.0,6650.0,6650.0,146.0,Dhan HQ Paid API v2 (Client 1112620458),CRUDEOIL,560977,INR/bbl,-32.0,-88.0
2026-06-24 23:00,2026-06-24,23,6653.0,6679.0,6640.0,6679.0,146.0,Dhan HQ Paid API v2 (Client 1112620458),CRUDEOIL,560977,INR/bbl,26.0,58.0
2026-06-25 09:00,2026-06-25,9,6526.0,6574.0,6526.0,6564.0,198.0,Dhan HQ Paid API v2 (Client 1112620458),CRUDEOIL,560977,INR/bbl,38.0,12.0
2026-06-25 10:00,2026-06-25,10,6558.0,6578.0,6554.0,6578.0,52.0,Dhan HQ Paid API v2 (Client 1112620458),CRUDEOIL,560977,INR/bbl,20.0,-18.0
2026-06-25 11:00,2026-06-25,11,6585.0,6610.0,6566.0,6610.0,188.0,Dhan HQ Paid API v2 (Client 1112620458),CRUDEOIL,560977,INR/bbl,25.0,5.0
2026-06-25 12:00,2026-06-25,12,6610.0,6625.0,6573.0,6600.0,142.0,Dhan HQ Paid API v2 (Client 1112620458),CRUDEOIL,560977,INR/bbl,-10.0,-35.0
2026-06-25 13:00,2026-06-25,13,6600.0,6635.0,6580.0,6580.0,95.0,Dhan HQ Paid API v2 (Client 1112620458),CRUDEOIL,560977,INR/bbl,-20.0,-10.0
2026-06-25 14:00,2026-06-25,14,6580.0,6603.0,6539.0,6573.0,161.0,Dhan HQ Paid API v2 (Client 1112620458),CRUDEOIL,560977,INR/bbl,-7.0,13.0
2026-06-25 15:00,2026-06-25,15,6580.0,6593.0,6570.0,6580.0,56.0,Dhan HQ Paid API v2 (Client 1112620458),CRUDEOIL,560977,INR/bbl,0.0,7.0
2026-06-25 16:00,2026-06-25,16,6580.0,6599.0,6568.0,6599.0,65.0,Dhan HQ Paid API v2 (Client 1112620458),CRUDEOIL,560977,INR/bbl,19.0,19.0
2026-06-25 17:00,2026-06-25,17,6599.0,6625.0,6597.0,6625.0,121.0,Dhan HQ Paid API v2 (Client 1112620458),CRUDEOIL,560977,INR/bbl,26.0,7.0
2026-06-25 18:00,2026-06-25,18,6625.0,6649.0,6570.0,6621.0,178.0,Dhan HQ Paid API v2 (Client 1112620458),CRUDEOIL,560977,INR/bbl,-4.0,-30.0
2026-06-25 19:00,2026-06-25,19,6621.0,6720.0,6618.0,6718.0,233.0,Dhan HQ Paid API v2 (Client 1112620458),CRUDEOIL,560977,INR/bbl,97.0,101.0
2026-06-25 20:00,2026-06-25,20,6718.0,6780.0,6684.0,6760.0,417.0,Dhan HQ Paid API v2 (Client 1112620458),CRUDEOIL,560977,INR/bbl,42.0,-55.0
2026-06-25 21:00,2026-06-25,21,6754.0,6779.0,6745.0,6771.0,117.0,Dhan HQ Paid API v2 (Client 1112620458),CRUDEOIL,560977,INR/bbl,17.0,-25.0
2026-06-25 22:00,2026-06-25,22,6774.0,6794.0,6746.0,6768.0,333.0,Dhan HQ Paid API v2 (Client 1112620458),CRUDEOIL,560977,INR/bbl,-6.0,-23.0
2026-06-25 23:00,2026-06-25,23,6768.0,6788.0,6760.0,6788.0,158.0,Dhan HQ Paid API v2 (Client 1112620458),CRUDEOIL,560977,INR/bbl,20.0,26.0
2026-06-26 17:00,2026-06-26,17,6577.0,6668.0,6577.0,6607.0,507.0,Dhan HQ Paid API v2 (Client 1112620458),CRUDEOIL,560977,INR/bbl,30.0,10.0
2026-06-26 18:00,2026-06-26,18,6606.0,6680.0,6575.0,6610.0,569.0,Dhan HQ Paid API v2 (Client 1112620458),CRUDEOIL,560977,INR/bbl,4.0,-26.0
2026-06-26 19:00,2026-06-26,19,6623.0,6625.0,6542.0,6552.0,519.0,Dhan HQ Paid API v2 (Client 1112620458),CRUDEOIL,560977,INR/bbl,-71.0,-75.0
2026-06-26 20:00,2026-06-26,20,6566.0,6570.0,6506.0,6519.0,513.0,Dhan HQ Paid API v2 (Client 1112620458),CRUDEOIL,560977,INR/bbl,-47.0,24.0
2026-06-26 21:00,2026-06-26,21,6519.0,6591.0,6515.0,6551.0,398.0,Dhan HQ Paid API v2 (Client 1112620458),CRUDEOIL,560977,INR/bbl,32.0,79.0
2026-06-26 22:00,2026-06-26,22,6545.0,6577.0,6537.0,6577.0,261.0,Dhan HQ Paid API v2 (Client 1112620458),CRUDEOIL,560977,INR/bbl,32.0,0.0
2026-06-26 23:00,2026-06-26,23,6579.0,6592.0,6566.0,6576.0,140.0,Dhan HQ Paid API v2 (Client 1112620458),CRUDEOIL,560977,INR/bbl,-3.0,-35.0
2026-06-29 09:00,2026-06-29,9,6637.0,6648.0,6621.0,6638.0,245.0,Dhan HQ Paid API v2 (Client 1112620458),CRUDEOIL,560977,INR/bbl,1.0,4.0
2026-06-29 10:00,2026-06-29,10,6637.0,6641.0,6606.0,6612.0,104.0,Dhan HQ Paid API v2 (Client 1112620458),CRUDEOIL,560977,INR/bbl,-25.0,-26.0
2026-06-29 11:00,2026-06-29,11,6608.0,6630.0,6575.0,6630.0,118.0,Dhan HQ Paid API v2 (Client 1112620458),CRUDEOIL,560977,INR/bbl,22.0,47.0
2026-06-29 12:00,2026-06-29,12,6634.0,6651.0,6614.0,6629.0,97.0,Dhan HQ Paid API v2 (Client 1112620458),CRUDEOIL,560977,INR/bbl,-5.0,-27.0
2026-06-29 13:00,2026-06-29,13,6635.0,6657.0,6591.0,6645.0,178.0,Dhan HQ Paid API v2 (Client 1112620458),CRUDEOIL,560977,INR/bbl,10.0,15.0
2026-06-29 14:00,2026-06-29,14,6655.0,6666.0,6630.0,6666.0,183.0,Dhan HQ Paid API v2 (Client 1112620458),CRUDEOIL,560977,INR/bbl,11.0,1.0
2026-06-29 15:00,2026-06-29,15,6663.0,6705.0,6630.0,6643.0,417.0,Dhan HQ Paid API v2 (Client 1112620458),CRUDEOIL,560977,INR/bbl,-20.0,-31.0
2026-06-29 16:00,2026-06-29,16,6643.0,6652.0,6620.0,6645.0,156.0,Dhan HQ Paid API v2 (Client 1112620458),CRUDEOIL,560977,INR/bbl,2.0,22.0
2026-06-29 17:00,2026-06-29,17,6649.0,6659.0,6613.0,6659.0,432.0,Dhan HQ Paid API v2 (Client 1112620458),CRUDEOIL,560977,INR/bbl,10.0,8.0
2026-06-29 18:00,2026-06-29,18,6658.0,6675.0,6636.0,6674.0,153.0,Dhan HQ Paid API v2 (Client 1112620458),CRUDEOIL,560977,INR/bbl,16.0,6.0
2026-06-29 19:00,2026-06-29,19,6672.0,6695.0,6653.0,6681.0,137.0,Dhan HQ Paid API v2 (Client 1112620458),CRUDEOIL,560977,INR/bbl,9.0,-7.0
2026-06-29 20:00,2026-06-29,20,6689.0,6698.0,6675.0,6690.0,151.0,Dhan HQ Paid API v2 (Client 1112620458),CRUDEOIL,560977,INR/bbl,1.0,-8.0
2026-06-29 21:00,2026-06-29,21,6694.0,6719.0,6684.0,6716.0,307.0,Dhan HQ Paid API v2 (Client 1112620458),CRUDEOIL,560977,INR/bbl,22.0,21.0
2026-06-29 22:00,2026-06-29,22,6716.0,6741.0,6699.0,6722.0,295.0,Dhan HQ Paid API v2 (Client 1112620458),CRUDEOIL,560977,INR/bbl,6.0,-16.0
2026-06-29 23:00,2026-06-29,23,6725.0,6730.0,6717.0,6730.0,168.0,Dhan HQ Paid API v2 (Client 1112620458),CRUDEOIL,560977,INR/bbl,5.0,-1.0
2026-06-30 09:00,2026-06-30,9,6723.0,6723.0,6650.0,6680.0,94.0,Dhan HQ Paid API v2 (Client 1112620458),CRUDEOIL,560977,INR/bbl,-43.0,-48.0
2026-06-30 10:00,2026-06-30,10,6678.0,6681.0,6654.0,6670.0,36.0,Dhan HQ Paid API v2 (Client 1112620458),CRUDEOIL,560977,INR/bbl,-8.0,35.0
2026-06-30 11:00,2026-06-30,11,6667.0,6678.0,6640.0,6643.0,125.0,Dhan HQ Paid API v2 (Client 1112620458),CRUDEOIL,560977,INR/bbl,-24.0,-16.0
2026-06-30 12:00,2026-06-30,12,6640.0,6691.0,6638.0,6687.0,69.0,Dhan HQ Paid API v2 (Client 1112620458),CRUDEOIL,560977,INR/bbl,47.0,71.0
2026-06-30 13:00,2026-06-30,13,6684.0,6726.0,6669.0,6714.0,167.0,Dhan HQ Paid API v2 (Client 1112620458),CRUDEOIL,560977,INR/bbl,30.0,-17.0
2026-06-30 14:00,2026-06-30,14,6714.0,6741.0,6700.0,6723.0,203.0,Dhan HQ Paid API v2 (Client 1112620458),CRUDEOIL,560977,INR/bbl,9.0,-21.0
2026-06-30 15:00,2026-06-30,15,6730.0,6756.0,6716.0,6718.0,158.0,Dhan HQ Paid API v2 (Client 1112620458),CRUDEOIL,560977,INR/bbl,-12.0,-21.0
2026-06-30 16:00,2026-06-30,16,6718.0,6730.0,6707.0,6725.0,66.0,Dhan HQ Paid API v2 (Client 1112620458),CRUDEOIL,560977,INR/bbl,7.0,19.0
2026-06-30 17:00,2026-06-30,17,6726.0,6788.0,6723.0,6762.0,317.0,Dhan HQ Paid API v2 (Client 1112620458),CRUDEOIL,560977,INR/bbl,36.0,29.0
2026-06-30 18:00,2026-06-30,18,6762.0,6795.0,6728.0,6768.0,225.0,Dhan HQ Paid API v2 (Client 1112620458),CRUDEOIL,560977,INR/bbl,6.0,-30.0
2026-06-30 19:00,2026-06-30,19,6762.0,6762.0,6706.0,6727.0,157.0,Dhan HQ Paid API v2 (Client 1112620458),CRUDEOIL,560977,INR/bbl,-35.0,-41.0
2026-06-30 20:00,2026-06-30,20,6730.0,6740.0,6662.0,6665.0,378.0,Dhan HQ Paid API v2 (Client 1112620458),CRUDEOIL,560977,INR/bbl,-65.0,-30.0
2026-06-30 21:00,2026-06-30,21,6661.0,6674.0,6636.0,6653.0,284.0,Dhan HQ Paid API v2 (Client 1112620458),CRUDEOIL,560977,INR/bbl,-8.0,57.0
2026-06-30 22:00,2026-06-30,22,6650.0,6652.0,6619.0,6623.0,251.0,Dhan HQ Paid API v2 (Client 1112620458),CRUDEOIL,560977,INR/bbl,-27.0,-19.0
2026-06-30 23:00,2026-06-30,23,6626.0,6638.0,6618.0,6632.0,115.0,Dhan HQ Paid API v2 (Client 1112620458),CRUDEOIL,560977,INR/bbl,6.0,33.0
2026-07-01 09:00,2026-07-01,9,6641.0,6655.0,6639.0,6643.0,59.0,Dhan HQ Paid API v2 (Client 1112620458),CRUDEOIL,560977,INR/bbl,2.0,-4.0
2026-07-01 10:00,2026-07-01,10,6642.0,6649.0,6633.0,6649.0,30.0,Dhan HQ Paid API v2 (Client 1112620458),CRUDEOIL,560977,INR/bbl,7.0,5.0
2026-07-01 11:00,2026-07-01,11,6649.0,6649.0,6620.0,6625.0,44.0,Dhan HQ Paid API v2 (Client 1112620458),CRUDEOIL,560977,INR/bbl,-24.0,-31.0
2026-07-01 12:00,2026-07-01,12,6626.0,6645.0,6617.0,6622.0,43.0,Dhan HQ Paid API v2 (Client 1112620458),CRUDEOIL,560977,INR/bbl,-4.0,20.0
2026-07-01 13:00,2026-07-01,13,6622.0,6634.0,6598.0,6598.0,122.0,Dhan HQ Paid API v2 (Client 1112620458),CRUDEOIL,560977,INR/bbl,-24.0,-20.0
2026-07-01 14:00,2026-07-01,14,6594.0,6597.0,6540.0,6567.0,329.0,Dhan HQ Paid API v2 (Client 1112620458),CRUDEOIL,560977,INR/bbl,-27.0,-3.0
2026-07-01 15:00,2026-07-01,15,6567.0,6615.0,6565.0,6600.0,117.0,Dhan HQ Paid API v2 (Client 1112620458),CRUDEOIL,560977,INR/bbl,33.0,60.0
2026-07-01 16:00,2026-07-01,16,6600.0,6614.0,6578.0,6613.0,91.0,Dhan HQ Paid API v2 (Client 1112620458),CRUDEOIL,560977,INR/bbl,13.0,-20.0
2026-07-01 17:00,2026-07-01,17,6608.0,6620.0,6593.0,6598.0,90.0,Dhan HQ Paid API v2 (Client 1112620458),CRUDEOIL,560977,INR/bbl,-10.0,-23.0
2026-07-01 18:00,2026-07-01,18,6600.0,6625.0,6577.0,6591.0,142.0,Dhan HQ Paid API v2 (Client 1112620458),CRUDEOIL,560977,INR/bbl,-9.0,1.0
2026-07-01 19:00,2026-07-01,19,6590.0,6618.0,6580.0,6595.0,140.0,Dhan HQ Paid API v2 (Client 1112620458),CRUDEOIL,560977,INR/bbl,5.0,14.0
2026-07-01 20:00,2026-07-01,20,6593.0,6593.0,6525.0,6537.0,409.0,Dhan HQ Paid API v2 (Client 1112620458),CRUDEOIL,560977,INR/bbl,-56.0,-61.0
2026-07-01 21:00,2026-07-01,21,6539.0,6558.0,6525.0,6539.0,192.0,Dhan HQ Paid API v2 (Client 1112620458),CRUDEOIL,560977,INR/bbl,0.0,56.0
2026-07-01 22:00,2026-07-01,22,6539.0,6560.0,6536.0,6560.0,77.0,Dhan HQ Paid API v2 (Client 1112620458),CRUDEOIL,560977,INR/bbl,21.0,21.0
2026-07-01 23:00,2026-07-01,23,6560.0,6560.0,6543.0,6553.0,162.0,Dhan HQ Paid API v2 (Client 1112620458),CRUDEOIL,560977,INR/bbl,-7.0,-28.0
2026-07-02 09:00,2026-07-02,9,6475.0,6498.0,6465.0,6494.0,283.0,Dhan HQ Paid API v2 (Client 1112620458),CRUDEOIL,560977,INR/bbl,19.0,26.0
2026-07-02 10:00,2026-07-02,10,6494.0,6506.0,6491.0,6492.0,64.0,Dhan HQ Paid API v2 (Client 1112620458),CRUDEOIL,560977,INR/bbl,-2.0,-21.0
2026-07-02 11:00,2026-07-02,11,6492.0,6527.0,6481.0,6527.0,123.0,Dhan HQ Paid API v2 (Client 1112620458),CRUDEOIL,560977,INR/bbl,35.0,37.0
2026-07-02 12:00,2026-07-02,12,6528.0,6535.0,6485.0,6521.0,170.0,Dhan HQ Paid API v2 (Client 1112620458),CRUDEOIL,560977,INR/bbl,-7.0,-42.0
2026-07-02 13:00,2026-07-02,13,6524.0,6545.0,6513.0,6541.0,165.0,Dhan HQ Paid API v2 (Client 1112620458),CRUDEOIL,560977,INR/bbl,17.0,24.0
2026-07-02 14:00,2026-07-02,14,6536.0,6536.0,6491.0,6492.0,117.0,Dhan HQ Paid API v2 (Client 1112620458),CRUDEOIL,560977,INR/bbl,-44.0,-61.0
2026-07-02 15:00,2026-07-02,15,6492.0,6515.0,6485.0,6514.0,107.0,Dhan HQ Paid API v2 (Client 1112620458),CRUDEOIL,560977,INR/bbl,22.0,66.0
2026-07-02 16:00,2026-07-02,16,6514.0,6514.0,6480.0,6486.0,86.0,Dhan HQ Paid API v2 (Client 1112620458),CRUDEOIL,560977,INR/bbl,-28.0,-50.0
2026-07-02 17:00,2026-07-02,17,6477.0,6489.0,6465.0,6489.0,152.0,Dhan HQ Paid API v2 (Client 1112620458),CRUDEOIL,560977,INR/bbl,12.0,40.0
2026-07-02 18:00,2026-07-02,18,6476.0,6508.0,6467.0,6504.0,205.0,Dhan HQ Paid API v2 (Client 1112620458),CRUDEOIL,560977,INR/bbl,28.0,16.0
2026-07-02 19:00,2026-07-02,19,6505.0,6534.0,6493.0,6495.0,160.0,Dhan HQ Paid API v2 (Client 1112620458),CRUDEOIL,560977,INR/bbl,-10.0,-38.0
2026-07-02 20:00,2026-07-02,20,6495.0,6517.0,6485.0,6500.0,95.0,Dhan HQ Paid API v2 (Client 1112620458),CRUDEOIL,560977,INR/bbl,5.0,15.0
2026-07-02 21:00,2026-07-02,21,6500.0,6539.0,6485.0,6527.0,250.0,Dhan HQ Paid API v2 (Client 1112620458),CRUDEOIL,560977,INR/bbl,27.0,22.0
2026-07-02 22:00,2026-07-02,22,6533.0,6559.0,6522.0,6556.0,254.0,Dhan HQ Paid API v2 (Client 1112620458),CRUDEOIL,560977,INR/bbl,23.0,-4.0
2026-07-02 23:00,2026-07-02,23,6558.0,6573.0,6555.0,6570.0,165.0,Dhan HQ Paid API v2 (Client 1112620458),CRUDEOIL,560977,INR/bbl,12.0,-11.0
2026-07-03 09:00,2026-07-03,9,6624.0,6632.0,6599.0,6623.0,310.0,Dhan HQ Paid API v2 (Client 1112620458),CRUDEOIL,560977,INR/bbl,-1.0,-13.0
2026-07-03 10:00,2026-07-03,10,6621.0,6629.0,6620.0,6623.0,62.0,Dhan HQ Paid API v2 (Client 1112620458),CRUDEOIL,560977,INR/bbl,2.0,3.0
2026-07-03 11:00,2026-07-03,11,6623.0,6649.0,6614.0,6614.0,169.0,Dhan HQ Paid API v2 (Client 1112620458),CRUDEOIL,560977,INR/bbl,-9.0,-11.0
2026-07-03 12:00,2026-07-03,12,6614.0,6627.0,6580.0,6585.0,114.0,Dhan HQ Paid API v2 (Client 1112620458),CRUDEOIL,560977,INR/bbl,-29.0,-20.0
2026-07-03 13:00,2026-07-03,13,6585.0,6601.0,6554.0,6570.0,127.0,Dhan HQ Paid API v2 (Client 1112620458),CRUDEOIL,560977,INR/bbl,-15.0,14.0
2026-07-03 14:00,2026-07-03,14,6562.0,6610.0,6555.0,6602.0,118.0,Dhan HQ Paid API v2 (Client 1112620458),CRUDEOIL,560977,INR/bbl,40.0,55.0
2026-07-03 15:00,2026-07-03,15,6602.0,6602.0,6581.0,6582.0,75.0,Dhan HQ Paid API v2 (Client 1112620458),CRUDEOIL,560977,INR/bbl,-20.0,-60.0
2026-07-03 16:00,2026-07-03,16,6582.0,6596.0,6568.0,6577.0,117.0,Dhan HQ Paid API v2 (Client 1112620458),CRUDEOIL,560977,INR/bbl,-5.0,15.0
2026-07-03 17:00,2026-07-03,17,6577.0,6577.0,6546.0,6550.0,187.0,Dhan HQ Paid API v2 (Client 1112620458),CRUDEOIL,560977,INR/bbl,-27.0,-22.0
2026-07-03 18:00,2026-07-03,18,6550.0,6585.0,6536.0,6585.0,284.0,Dhan HQ Paid API v2 (Client 1112620458),CRUDEOIL,560977,INR/bbl,35.0,62.0
2026-07-03 19:00,2026-07-03,19,6585.0,6606.0,6576.0,6590.0,165.0,Dhan HQ Paid API v2 (Client 1112620458),CRUDEOIL,560977,INR/bbl,5.0,-30.0
2026-07-03 20:00,2026-07-03,20,6590.0,6600.0,6566.0,6578.0,88.0,Dhan HQ Paid API v2 (Client 1112620458),CRUDEOIL,560977,INR/bbl,-12.0,-17.0
2026-07-03 21:00,2026-07-03,21,6578.0,6598.0,6573.0,6587.0,42.0,Dhan HQ Paid API v2 (Client 1112620458),CRUDEOIL,560977,INR/bbl,9.0,21.0
2026-07-03 22:00,2026-07-03,22,6586.0,6595.0,6576.0,6594.0,45.0,Dhan HQ Paid API v2 (Client 1112620458),CRUDEOIL,560977,INR/bbl,8.0,-1.0
2026-07-03 23:00,2026-07-03,23,6594.0,6601.0,6590.0,6600.0,77.0,Dhan HQ Paid API v2 (Client 1112620458),CRUDEOIL,560977,INR/bbl,6.0,-2.0
2026-07-06 09:00,2026-07-06,9,6576.0,6586.0,6564.0,6578.0,108.0,Dhan HQ Paid API v2 (Client 1112620458),CRUDEOIL,560977,INR/bbl,2.0,-4.0
2026-07-06 10:00,2026-07-06,10,6578.0,6608.0,6578.0,6604.0,72.0,Dhan HQ Paid API v2 (Client 1112620458),CRUDEOIL,560977,INR/bbl,26.0,24.0
2026-07-06 11:00,2026-07-06,11,6607.0,6645.0,6596.0,6623.0,217.0,Dhan HQ Paid API v2 (Client 1112620458),CRUDEOIL,560977,INR/bbl,16.0,-10.0
2026-07-06 12:00,2026-07-06,12,6625.0,6625.0,6583.0,6595.0,126.0,Dhan HQ Paid API v2 (Client 1112620458),CRUDEOIL,560977,INR/bbl,-30.0,-46.0
2026-07-06 13:00,2026-07-06,13,6591.0,6591.0,6527.0,6554.0,269.0,Dhan HQ Paid API v2 (Client 1112620458),CRUDEOIL,560977,INR/bbl,-37.0,-7.0
2026-07-06 14:00,2026-07-06,14,6547.0,6593.0,6547.0,6568.0,117.0,Dhan HQ Paid API v2 (Client 1112620458),CRUDEOIL,560977,INR/bbl,21.0,58.0
2026-07-06 15:00,2026-07-06,15,6568.0,6584.0,6554.0,6570.0,99.0,Dhan HQ Paid API v2 (Client 1112620458),CRUDEOIL,560977,INR/bbl,2.0,-19.0
2026-07-06 16:00,2026-07-06,16,6570.0,6605.0,6552.0,6587.0,149.0,Dhan HQ Paid API v2 (Client 1112620458),CRUDEOIL,560977,INR/bbl,17.0,15.0
2026-07-06 17:00,2026-07-06,17,6589.0,6604.0,6558.0,6559.0,99.0,Dhan HQ Paid API v2 (Client 1112620458),CRUDEOIL,560977,INR/bbl,-30.0,-47.0
2026-07-06 18:00,2026-07-06,18,6561.0,6612.0,6554.0,6611.0,197.0,Dhan HQ Paid API v2 (Client 1112620458),CRUDEOIL,560977,INR/bbl,50.0,80.0
2026-07-06 19:00,2026-07-06,19,6619.0,6625.0,6589.0,6623.0,170.0,Dhan HQ Paid API v2 (Client 1112620458),CRUDEOIL,560977,INR/bbl,4.0,-46.0
2026-07-06 20:00,2026-07-06,20,6619.0,6640.0,6598.0,6617.0,249.0,Dhan HQ Paid API v2 (Client 1112620458),CRUDEOIL,560977,INR/bbl,-2.0,-6.0
2026-07-06 21:00,2026-07-06,21,6625.0,6631.0,6575.0,6575.0,165.0,Dhan HQ Paid API v2 (Client 1112620458),CRUDEOIL,560977,INR/bbl,-50.0,-48.0
2026-07-06 22:00,2026-07-06,22,6572.0,6586.0,6563.0,6586.0,175.0,Dhan HQ Paid API v2 (Client 1112620458),CRUDEOIL,560977,INR/bbl,14.0,64.0
2026-07-06 23:00,2026-07-06,23,6580.0,6590.0,6575.0,6579.0,46.0,Dhan HQ Paid API v2 (Client 1112620458),CRUDEOIL,560977,INR/bbl,-1.0,-15.0
2026-07-07 09:00,2026-07-07,9,6621.0,6624.0,6609.0,6621.0,157.0,Dhan HQ Paid API v2 (Client 1112620458),CRUDEOIL,560977,INR/bbl,0.0,1.0
2026-07-07 10:00,2026-07-07,10,6620.0,6640.0,6613.0,6638.0,155.0,Dhan HQ Paid API v2 (Client 1112620458),CRUDEOIL,560977,INR/bbl,18.0,18.0
2026-07-07 11:00,2026-07-07,11,6638.0,6658.0,6634.0,6644.0,242.0,Dhan HQ Paid API v2 (Client 1112620458),CRUDEOIL,560977,INR/bbl,6.0,-12.0
2026-07-07 12:00,2026-07-07,12,6642.0,6670.0,6642.0,6657.0,253.0,Dhan HQ Paid API v2 (Client 1112620458),CRUDEOIL,560977,INR/bbl,15.0,9.0
2026-07-07 13:00,2026-07-07,13,6657.0,6675.0,6621.0,6621.0,200.0,Dhan HQ Paid API v2 (Client 1112620458),CRUDEOIL,560977,INR/bbl,-36.0,-51.0
2026-07-07 14:00,2026-07-07,14,6615.0,6666.0,6613.0,6625.0,121.0,Dhan HQ Paid API v2 (Client 1112620458),CRUDEOIL,560977,INR/bbl,10.0,46.0
2026-07-07 15:00,2026-07-07,15,6631.0,6632.0,6605.0,6614.0,323.0,Dhan HQ Paid API v2 (Client 1112620458),CRUDEOIL,560977,INR/bbl,-17.0,-27.0
2026-07-07 16:00,2026-07-07,16,6616.0,6630.0,6600.0,6603.0,322.0,Dhan HQ Paid API v2 (Client 1112620458),CRUDEOIL,560977,INR/bbl,-13.0,4.0
2026-07-07 17:00,2026-07-07,17,6599.0,6614.0,6588.0,6599.0,187.0,Dhan HQ Paid API v2 (Client 1112620458),CRUDEOIL,560977,INR/bbl,0.0,13.0
2026-07-07 18:00,2026-07-07,18,6599.0,6653.0,6590.0,6640.0,344.0,Dhan HQ Paid API v2 (Client 1112620458),CRUDEOIL,560977,INR/bbl,41.0,41.0
2026-07-07 19:00,2026-07-07,19,6637.0,6719.0,6628.0,6698.0,1036.0,Dhan HQ Paid API v2 (Client 1112620458),CRUDEOIL,560977,INR/bbl,61.0,20.0
2026-07-07 20:00,2026-07-07,20,6695.0,6716.0,6676.0,6694.0,279.0,Dhan HQ Paid API v2 (Client 1112620458),CRUDEOIL,560977,INR/bbl,-1.0,-62.0
2026-07-07 21:00,2026-07-07,21,6687.0,6723.0,6685.0,6716.0,205.0,Dhan HQ Paid API v2 (Client 1112620458),CRUDEOIL,560977,INR/bbl,29.0,30.0
2026-07-07 22:00,2026-07-07,22,6715.0,6732.0,6705.0,6729.0,295.0,Dhan HQ Paid API v2 (Client 1112620458),CRUDEOIL,560977,INR/bbl,14.0,-15.0
2026-07-07 23:00,2026-07-07,23,6726.0,6737.0,6709.0,6716.0,183.0,Dhan HQ Paid API v2 (Client 1112620458),CRUDEOIL,560977,INR/bbl,-10.0,-24.0
2026-07-08 09:00,2026-07-08,9,6946.0,6946.0,6882.0,6888.0,625.0,Dhan HQ Paid API v2 (Client 1112620458),CRUDEOIL,560977,INR/bbl,-58.0,-48.0
2026-07-08 10:00,2026-07-08,10,6886.0,6950.0,6879.0,6940.0,433.0,Dhan HQ Paid API v2 (Client 1112620458),CRUDEOIL,560977,INR/bbl,54.0,112.0
2026-07-08 11:00,2026-07-08,11,6935.0,6957.0,6902.0,6938.0,461.0,Dhan HQ Paid API v2 (Client 1112620458),CRUDEOIL,560977,INR/bbl,3.0,-51.0
2026-07-08 12:00,2026-07-08,12,6944.0,6957.0,6882.0,6882.0,334.0,Dhan HQ Paid API v2 (Client 1112620458),CRUDEOIL,560977,INR/bbl,-62.0,-65.0
2026-07-08 13:00,2026-07-08,13,6877.0,7100.0,6857.0,7081.0,1504.0,Dhan HQ Paid API v2 (Client 1112620458),CRUDEOIL,560977,INR/bbl,204.0,266.0
2026-07-08 14:00,2026-07-08,14,7074.0,7198.0,7073.0,7156.0,1784.0,Dhan HQ Paid API v2 (Client 1112620458),CRUDEOIL,560977,INR/bbl,82.0,-122.0
2026-07-08 15:00,2026-07-08,15,7160.0,7168.0,7095.0,7095.0,848.0,Dhan HQ Paid API v2 (Client 1112620458),CRUDEOIL,560977,INR/bbl,-65.0,-147.0
2026-07-08 16:00,2026-07-08,16,7088.0,7113.0,7058.0,7102.0,648.0,Dhan HQ Paid API v2 (Client 1112620458),CRUDEOIL,560977,INR/bbl,14.0,79.0
2026-07-08 17:00,2026-07-08,17,7103.0,7131.0,7020.0,7024.0,779.0,Dhan HQ Paid API v2 (Client 1112620458),CRUDEOIL,560977,INR/bbl,-79.0,-93.0
2026-07-08 18:00,2026-07-08,18,7029.0,7111.0,6998.0,7111.0,979.0,Dhan HQ Paid API v2 (Client 1112620458),CRUDEOIL,560977,INR/bbl,82.0,161.0
2026-07-08 19:00,2026-07-08,19,7103.0,7211.0,7022.0,7211.0,1049.0,Dhan HQ Paid API v2 (Client 1112620458),CRUDEOIL,560977,INR/bbl,108.0,26.0
2026-07-08 20:00,2026-07-08,20,7212.0,7248.0,7177.0,7212.0,1172.0,Dhan HQ Paid API v2 (Client 1112620458),CRUDEOIL,560977,INR/bbl,0.0,-108.0
2026-07-08 21:00,2026-07-08,21,7210.0,7278.0,7184.0,7188.0,1596.0,Dhan HQ Paid API v2 (Client 1112620458),CRUDEOIL,560977,INR/bbl,-22.0,-22.0
2026-07-08 22:00,2026-07-08,22,7189.0,7210.0,7080.0,7088.0,1466.0,Dhan HQ Paid API v2 (Client 1112620458),CRUDEOIL,560977,INR/bbl,-101.0,-79.0
2026-07-08 23:00,2026-07-08,23,7084.0,7099.0,7062.0,7086.0,495.0,Dhan HQ Paid API v2 (Client 1112620458),CRUDEOIL,560977,INR/bbl,2.0,103.0
2026-07-09 09:00,2026-07-09,9,7132.0,7146.0,7099.0,7127.0,425.0,Dhan HQ Paid API v2 (Client 1112620458),CRUDEOIL,560977,INR/bbl,-5.0,-7.0
2026-07-09 10:00,2026-07-09,10,7128.0,7128.0,7068.0,7104.0,321.0,Dhan HQ Paid API v2 (Client 1112620458),CRUDEOIL,560977,INR/bbl,-24.0,-19.0
2026-07-09 11:00,2026-07-09,11,7103.0,7103.0,6984.0,7010.0,1010.0,Dhan HQ Paid API v2 (Client 1112620458),CRUDEOIL,560977,INR/bbl,-93.0,-69.0
2026-07-09 12:00,2026-07-09,12,7010.0,7045.0,6993.0,7005.0,226.0,Dhan HQ Paid API v2 (Client 1112620458),CRUDEOIL,560977,INR/bbl,-5.0,88.0
2026-07-09 13:00,2026-07-09,13,7002.0,7007.0,6927.0,6935.0,786.0,Dhan HQ Paid API v2 (Client 1112620458),CRUDEOIL,560977,INR/bbl,-67.0,-62.0
2026-07-09 14:00,2026-07-09,14,6928.0,7012.0,6922.0,7005.0,431.0,Dhan HQ Paid API v2 (Client 1112620458),CRUDEOIL,560977,INR/bbl,77.0,144.0
2026-07-09 15:00,2026-07-09,15,7006.0,7060.0,6998.0,7060.0,407.0,Dhan HQ Paid API v2 (Client 1112620458),CRUDEOIL,560977,INR/bbl,54.0,-23.0
2026-07-09 16:00,2026-07-09,16,7060.0,7142.0,7045.0,7091.0,637.0,Dhan HQ Paid API v2 (Client 1112620458),CRUDEOIL,560977,INR/bbl,31.0,-23.0
2026-07-09 17:00,2026-07-09,17,7091.0,7103.0,7039.0,7071.0,355.0,Dhan HQ Paid API v2 (Client 1112620458),CRUDEOIL,560977,INR/bbl,-20.0,-51.0
2026-07-09 18:00,2026-07-09,18,7071.0,7088.0,6988.0,7004.0,572.0,Dhan HQ Paid API v2 (Client 1112620458),CRUDEOIL,560977,INR/bbl,-67.0,-47.0
2026-07-09 19:00,2026-07-09,19,7003.0,7012.0,6944.0,6965.0,802.0,Dhan HQ Paid API v2 (Client 1112620458),CRUDEOIL,560977,INR/bbl,-38.0,29.0
2026-07-09 20:00,2026-07-09,20,6958.0,7002.0,6910.0,6922.0,631.0,Dhan HQ Paid API v2 (Client 1112620458),CRUDEOIL,560977,INR/bbl,-36.0,2.0
2026-07-09 21:00,2026-07-09,21,6927.0,6943.0,6890.0,6899.0,530.0,Dhan HQ Paid API v2 (Client 1112620458),CRUDEOIL,560977,INR/bbl,-28.0,8.0
2026-07-09 22:00,2026-07-09,22,6899.0,6912.0,6869.0,6883.0,477.0,Dhan HQ Paid API v2 (Client 1112620458),CRUDEOIL,560977,INR/bbl,-16.0,12.0
2026-07-09 23:00,2026-07-09,23,6882.0,6889.0,6852.0,6863.0,410.0,Dhan HQ Paid API v2 (Client 1112620458),CRUDEOIL,560977,INR/bbl,-19.0,-3.0
2026-07-10 09:00,2026-07-10,9,6917.0,6944.0,6909.0,6935.0,429.0,Dhan HQ Paid API v2 (Client 1112620458),CRUDEOIL,560977,INR/bbl,18.0,37.0
2026-07-10 10:00,2026-07-10,10,6935.0,6939.0,6908.0,6925.0,397.0,Dhan HQ Paid API v2 (Client 1112620458),CRUDEOIL,560977,INR/bbl,-10.0,-28.0
2026-07-10 11:00,2026-07-10,11,6924.0,6934.0,6871.0,6891.0,323.0,Dhan HQ Paid API v2 (Client 1112620458),CRUDEOIL,560977,INR/bbl,-33.0,-23.0
2026-07-10 12:00,2026-07-10,12,6892.0,6928.0,6852.0,6866.0,397.0,Dhan HQ Paid API v2 (Client 1112620458),CRUDEOIL,560977,INR/bbl,-26.0,7.0
2026-07-10 13:00,2026-07-10,13,6865.0,6874.0,6820.0,6866.0,335.0,Dhan HQ Paid API v2 (Client 1112620458),CRUDEOIL,560977,INR/bbl,1.0,27.0
2026-07-10 14:00,2026-07-10,14,6870.0,6914.0,6852.0,6863.0,273.0,Dhan HQ Paid API v2 (Client 1112620458),CRUDEOIL,560977,INR/bbl,-7.0,-8.0
2026-07-10 15:00,2026-07-10,15,6863.0,6901.0,6858.0,6893.0,169.0,Dhan HQ Paid API v2 (Client 1112620458),CRUDEOIL,560977,INR/bbl,30.0,37.0
2026-07-10 16:00,2026-07-10,16,6893.0,6940.0,6885.0,6940.0,351.0,Dhan HQ Paid API v2 (Client 1112620458),CRUDEOIL,560977,INR/bbl,47.0,17.0
2026-07-10 17:00,2026-07-10,17,6941.0,6971.0,6855.0,6903.0,818.0,Dhan HQ Paid API v2 (Client 1112620458),CRUDEOIL,560977,INR/bbl,-38.0,-85.0
2026-07-10 18:00,2026-07-10,18,6902.0,6929.0,6890.0,6903.0,194.0,Dhan HQ Paid API v2 (Client 1112620458),CRUDEOIL,560977,INR/bbl,1.0,39.0
2026-07-10 19:00,2026-07-10,19,6900.0,6917.0,6859.0,6877.0,390.0,Dhan HQ Paid API v2 (Client 1112620458),CRUDEOIL,560977,INR/bbl,-23.0,-24.0
2026-07-10 20:00,2026-07-10,20,6874.0,6999.0,6828.0,6840.0,1539.0,Dhan HQ Paid API v2 (Client 1112620458),CRUDEOIL,560977,INR/bbl,-34.0,-11.0
2026-07-10 21:00,2026-07-10,21,6848.0,6855.0,6800.0,6838.0,626.0,Dhan HQ Paid API v2 (Client 1112620458),CRUDEOIL,560977,INR/bbl,-10.0,24.0
2026-07-10 22:00,2026-07-10,22,6838.0,6852.0,6818.0,6834.0,326.0,Dhan HQ Paid API v2 (Client 1112620458),CRUDEOIL,560977,INR/bbl,-4.0,6.0
2026-07-10 23:00,2026-07-10,23,6834.0,6849.0,6831.0,6844.0,168.0,Dhan HQ Paid API v2 (Client 1112620458),CRUDEOIL,560977,INR/bbl,10.0,14.0
2026-07-13 09:00,2026-07-13,9,7111.0,7153.0,7111.0,7148.0,1551.0,Dhan HQ Paid API v2 (Client 1112620458),CRUDEOIL,560977,INR/bbl,37.0,27.0
2026-07-13 10:00,2026-07-13,10,7149.0,7187.0,7147.0,7184.0,742.0,Dhan HQ Paid API v2 (Client 1112620458),CRUDEOIL,560977,INR/bbl,35.0,-2.0
2026-07-13 11:00,2026-07-13,11,7188.0,7222.0,7151.0,7160.0,637.0,Dhan HQ Paid API v2 (Client 1112620458),CRUDEOIL,560977,INR/bbl,-28.0,-63.0
2026-07-13 12:00,2026-07-13,12,7156.0,7160.0,7123.0,7132.0,594.0,Dhan HQ Paid API v2 (Client 1112620458),CRUDEOIL,560977,INR/bbl,-24.0,4.0
2026-07-13 13:00,2026-07-13,13,7141.0,7150.0,7031.0,7040.0,1239.0,Dhan HQ Paid API v2 (Client 1112620458),CRUDEOIL,560977,INR/bbl,-101.0,-77.0
2026-07-13 14:00,2026-07-13,14,7041.0,7071.0,6987.0,7005.0,876.0,Dhan HQ Paid API v2 (Client 1112620458),CRUDEOIL,560977,INR/bbl,-36.0,65.0
2026-07-13 15:00,2026-07-13,15,7009.0,7093.0,6979.0,7089.0,1288.0,Dhan HQ Paid API v2 (Client 1112620458),CRUDEOIL,560977,INR/bbl,80.0,116.0
2026-07-13 16:00,2026-07-13,16,7100.0,7120.0,7077.0,7095.0,1160.0,Dhan HQ Paid API v2 (Client 1112620458),CRUDEOIL,560977,INR/bbl,-5.0,-85.0
2026-07-13 17:00,2026-07-13,17,7099.0,7130.0,7084.0,7127.0,536.0,Dhan HQ Paid API v2 (Client 1112620458),CRUDEOIL,560977,INR/bbl,28.0,33.0
2026-07-13 18:00,2026-07-13,18,7127.0,7163.0,7071.0,7091.0,928.0,Dhan HQ Paid API v2 (Client 1112620458),CRUDEOIL,560977,INR/bbl,-36.0,-64.0
2026-07-13 19:00,2026-07-13,19,7089.0,7238.0,7082.0,7203.0,2975.0,Dhan HQ Paid API v2 (Client 1112620458),CRUDEOIL,560977,INR/bbl,114.0,150.0
2026-07-13 20:00,2026-07-13,20,7190.0,7213.0,7143.0,7175.0,1027.0,Dhan HQ Paid API v2 (Client 1112620458),CRUDEOIL,560977,INR/bbl,-15.0,-129.0
2026-07-13 21:00,2026-07-13,21,7177.0,7236.0,7170.0,7232.0,642.0,Dhan HQ Paid API v2 (Client 1112620458),CRUDEOIL,560977,INR/bbl,55.0,70.0
2026-07-13 22:00,2026-07-13,22,7235.0,7317.0,7223.0,7312.0,1619.0,Dhan HQ Paid API v2 (Client 1112620458),CRUDEOIL,560977,INR/bbl,77.0,22.0
2026-07-13 23:00,2026-07-13,23,7312.0,7453.0,7307.0,7452.0,1765.0,Dhan HQ Paid API v2 (Client 1112620458),CRUDEOIL,560977,INR/bbl,140.0,63.0
2026-07-14 09:00,2026-07-14,9,7575.0,7689.0,7575.0,7653.0,3559.0,Dhan HQ Paid API v2 (Client 1112620458),CRUDEOIL,560977,INR/bbl,78.0,-62.0
2026-07-14 10:00,2026-07-14,10,7653.0,7674.0,7647.0,7661.0,860.0,Dhan HQ Paid API v2 (Client 1112620458),CRUDEOIL,560977,INR/bbl,8.0,-70.0
2026-07-14 11:00,2026-07-14,11,7652.0,7710.0,7575.0,7697.0,2294.0,Dhan HQ Paid API v2 (Client 1112620458),CRUDEOIL,560977,INR/bbl,45.0,37.0
2026-07-14 12:00,2026-07-14,12,7702.0,7739.0,7678.0,7725.0,1691.0,Dhan HQ Paid API v2 (Client 1112620458),CRUDEOIL,560977,INR/bbl,23.0,-22.0
2026-07-14 13:00,2026-07-14,13,7727.0,7778.0,7689.0,7725.0,1924.0,Dhan HQ Paid API v2 (Client 1112620458),CRUDEOIL,560977,INR/bbl,-2.0,-25.0
2026-07-14 14:00,2026-07-14,14,7731.0,7799.0,7692.0,7748.0,1856.0,Dhan HQ Paid API v2 (Client 1112620458),CRUDEOIL,560977,INR/bbl,17.0,19.0
2026-07-14 15:00,2026-07-14,15,7740.0,7782.0,7707.0,7766.0,936.0,Dhan HQ Paid API v2 (Client 1112620458),CRUDEOIL,560977,INR/bbl,26.0,9.0
2026-07-14 16:00,2026-07-14,16,7770.0,7799.0,7692.0,7699.0,1108.0,Dhan HQ Paid API v2 (Client 1112620458),CRUDEOIL,560977,INR/bbl,-71.0,-97.0
2026-07-14 17:00,2026-07-14,17,7696.0,7703.0,7646.0,7691.0,1321.0,Dhan HQ Paid API v2 (Client 1112620458),CRUDEOIL,560977,INR/bbl,-5.0,66.0
2026-07-14 18:00,2026-07-14,18,7686.0,7750.0,7659.0,7673.0,1356.0,Dhan HQ Paid API v2 (Client 1112620458),CRUDEOIL,560977,INR/bbl,-13.0,-8.0
2026-07-14 19:00,2026-07-14,19,7675.0,7717.0,7625.0,7630.0,1335.0,Dhan HQ Paid API v2 (Client 1112620458),CRUDEOIL,560977,INR/bbl,-45.0,-32.0
2026-07-14 20:00,2026-07-14,20,7630.0,7639.0,7482.0,7545.0,3768.0,Dhan HQ Paid API v2 (Client 1112620458),CRUDEOIL,560977,INR/bbl,-85.0,-40.0
2026-07-14 21:00,2026-07-14,21,7554.0,7659.0,7554.0,7627.0,1862.0,Dhan HQ Paid API v2 (Client 1112620458),CRUDEOIL,560977,INR/bbl,73.0,158.0
2026-07-14 22:00,2026-07-14,22,7622.0,7624.0,7570.0,7588.0,537.0,Dhan HQ Paid API v2 (Client 1112620458),CRUDEOIL,560977,INR/bbl,-34.0,-107.0
2026-07-14 23:00,2026-07-14,23,7589.0,7596.0,7550.0,7565.0,576.0,Dhan HQ Paid API v2 (Client 1112620458),CRUDEOIL,560977,INR/bbl,-24.0,10.0
2026-07-15 09:00,2026-07-15,9,7658.0,7687.0,7636.0,7650.0,1152.0,Dhan HQ Paid API v2 (Client 1112620458),CRUDEOIL,560977,INR/bbl,-8.0,16.0
2026-07-15 10:00,2026-07-15,10,7654.0,7665.0,7637.0,7665.0,398.0,Dhan HQ Paid API v2 (Client 1112620458),CRUDEOIL,560977,INR/bbl,11.0,19.0
2026-07-15 11:00,2026-07-15,11,7661.0,7661.0,7622.0,7639.0,351.0,Dhan HQ Paid API v2 (Client 1112620458),CRUDEOIL,560977,INR/bbl,-22.0,-33.0
2026-07-15 12:00,2026-07-15,12,7639.0,7720.0,7633.0,7706.0,705.0,Dhan HQ Paid API v2 (Client 1112620458),CRUDEOIL,560977,INR/bbl,67.0,89.0
2026-07-15 13:00,2026-07-15,13,7704.0,7760.0,7664.0,7665.0,1257.0,Dhan HQ Paid API v2 (Client 1112620458),CRUDEOIL,560977,INR/bbl,-39.0,-106.0
2026-07-15 14:00,2026-07-15,14,7661.0,7686.0,7616.0,7667.0,1004.0,Dhan HQ Paid API v2 (Client 1112620458),CRUDEOIL,560977,INR/bbl,6.0,45.0
2026-07-15 15:00,2026-07-15,15,7667.0,7717.0,7650.0,7713.0,823.0,Dhan HQ Paid API v2 (Client 1112620458),CRUDEOIL,560977,INR/bbl,46.0,40.0
2026-07-15 16:00,2026-07-15,16,7712.0,7712.0,7665.0,7672.0,521.0,Dhan HQ Paid API v2 (Client 1112620458),CRUDEOIL,560977,INR/bbl,-40.0,-86.0
2026-07-15 17:00,2026-07-15,17,7676.0,7685.0,7645.0,7676.0,558.0,Dhan HQ Paid API v2 (Client 1112620458),CRUDEOIL,560977,INR/bbl,0.0,40.0
2026-07-15 18:00,2026-07-15,18,7676.0,7730.0,7655.0,7730.0,961.0,Dhan HQ Paid API v2 (Client 1112620458),CRUDEOIL,560977,INR/bbl,54.0,54.0
2026-07-15 19:00,2026-07-15,19,7731.0,7731.0,7630.0,7647.0,1295.0,Dhan HQ Paid API v2 (Client 1112620458),CRUDEOIL,560977,INR/bbl,-84.0,-138.0
2026-07-15 20:00,2026-07-15,20,7639.0,7640.0,7550.0,7554.0,1883.0,Dhan HQ Paid API v2 (Client 1112620458),CRUDEOIL,560977,INR/bbl,-85.0,-1.0
2026-07-15 21:00,2026-07-15,21,7556.0,7641.0,7537.0,7628.0,1335.0,Dhan HQ Paid API v2 (Client 1112620458),CRUDEOIL,560977,INR/bbl,72.0,157.0
2026-07-15 22:00,2026-07-15,22,7628.0,7665.0,7604.0,7612.0,1249.0,Dhan HQ Paid API v2 (Client 1112620458),CRUDEOIL,560977,INR/bbl,-16.0,-88.0
2026-07-15 23:00,2026-07-15,23,7605.0,7627.0,7592.0,7611.0,582.0,Dhan HQ Paid API v2 (Client 1112620458),CRUDEOIL,560977,INR/bbl,6.0,22.0
2026-07-16 09:00,2026-07-16,9,7668.0,7678.0,7595.0,7658.0,916.0,Dhan HQ Paid API v2 (Client 1112620458),CRUDEOIL,560977,INR/bbl,-10.0,-16.0
2026-07-16 10:00,2026-07-16,10,7654.0,7658.0,7635.0,7636.0,403.0,Dhan HQ Paid API v2 (Client 1112620458),CRUDEOIL,560977,INR/bbl,-18.0,-8.0
2026-07-16 11:00,2026-07-16,11,7636.0,7669.0,7626.0,7658.0,445.0,Dhan HQ Paid API v2 (Client 1112620458),CRUDEOIL,560977,INR/bbl,22.0,40.0
2026-07-16 12:00,2026-07-16,12,7661.0,7671.0,7630.0,7663.0,373.0,Dhan HQ Paid API v2 (Client 1112620458),CRUDEOIL,560977,INR/bbl,2.0,-20.0
2026-07-16 13:00,2026-07-16,13,7662.0,7668.0,7630.0,7642.0,532.0,Dhan HQ Paid API v2 (Client 1112620458),CRUDEOIL,560977,INR/bbl,-20.0,-22.0
2026-07-16 14:00,2026-07-16,14,7638.0,7657.0,7599.0,7614.0,684.0,Dhan HQ Paid API v2 (Client 1112620458),CRUDEOIL,560977,INR/bbl,-24.0,-4.0
2026-07-16 15:00,2026-07-16,15,7616.0,7657.0,7607.0,7651.0,835.0,Dhan HQ Paid API v2 (Client 1112620458),CRUDEOIL,560977,INR/bbl,35.0,59.0
2026-07-16 16:00,2026-07-16,16,7653.0,7662.0,7639.0,7648.0,479.0,Dhan HQ Paid API v2 (Client 1112620458),CRUDEOIL,560977,INR/bbl,-5.0,-40.0
2026-07-16 17:00,2026-07-16,17,7648.0,7768.0,7643.0,7735.0,2843.0,Dhan HQ Paid API v2 (Client 1112620458),CRUDEOIL,560977,INR/bbl,87.0,92.0
2026-07-16 18:00,2026-07-16,18,7734.0,7788.0,7717.0,7717.0,2029.0,Dhan HQ Paid API v2 (Client 1112620458),CRUDEOIL,560977,INR/bbl,-17.0,-104.0
2026-07-16 19:00,2026-07-16,19,7717.0,7742.0,7679.0,7700.0,1547.0,Dhan HQ Paid API v2 (Client 1112620458),CRUDEOIL,560977,INR/bbl,-17.0,0.0
2026-07-16 20:00,2026-07-16,20,7704.0,7704.0,7633.0,7650.0,1887.0,Dhan HQ Paid API v2 (Client 1112620458),CRUDEOIL,560977,INR/bbl,-54.0,-37.0
2026-07-16 21:00,2026-07-16,21,7652.0,7704.0,7623.0,7653.0,1457.0,Dhan HQ Paid API v2 (Client 1112620458),CRUDEOIL,560977,INR/bbl,1.0,55.0
2026-07-16 22:00,2026-07-16,22,7645.0,7651.0,7588.0,7601.0,1970.0,Dhan HQ Paid API v2 (Client 1112620458),CRUDEOIL,560977,INR/bbl,-44.0,-45.0
2026-07-16 23:00,2026-07-16,23,7601.0,7615.0,7578.0,7587.0,1305.0,Dhan HQ Paid API v2 (Client 1112620458),CRUDEOIL,560977,INR/bbl,-14.0,30.0
2026-07-17 09:00,2026-07-17,9,7657.0,7679.0,7647.0,7675.0,996.0,Dhan HQ Paid API v2 (Client 1112620458),CRUDEOIL,560977,INR/bbl,18.0,32.0
2026-07-17 10:00,2026-07-17,10,7677.0,7681.0,7644.0,7645.0,687.0,Dhan HQ Paid API v2 (Client 1112620458),CRUDEOIL,560977,INR/bbl,-32.0,-50.0
2026-07-17 11:00,2026-07-17,11,7652.0,7661.0,7552.0,7598.0,2054.0,Dhan HQ Paid API v2 (Client 1112620458),CRUDEOIL,560977,INR/bbl,-54.0,-22.0
2026-07-17 12:00,2026-07-17,12,7597.0,7665.0,7593.0,7652.0,1560.0,Dhan HQ Paid API v2 (Client 1112620458),CRUDEOIL,560977,INR/bbl,55.0,109.0
2026-07-17 13:00,2026-07-17,13,7652.0,7660.0,7603.0,7655.0,992.0,Dhan HQ Paid API v2 (Client 1112620458),CRUDEOIL,560977,INR/bbl,3.0,-52.0
2026-07-17 14:00,2026-07-17,14,7652.0,7722.0,7633.0,7720.0,2046.0,Dhan HQ Paid API v2 (Client 1112620458),CRUDEOIL,560977,INR/bbl,68.0,65.0
2026-07-17 15:00,2026-07-17,15,7721.0,7748.0,7693.0,7724.0,2671.0,Dhan HQ Paid API v2 (Client 1112620458),CRUDEOIL,560977,INR/bbl,3.0,-65.0
2026-07-17 16:00,2026-07-17,16,7726.0,7765.0,7708.0,7739.0,1648.0,Dhan HQ Paid API v2 (Client 1112620458),CRUDEOIL,560977,INR/bbl,13.0,10.0
2026-07-17 17:00,2026-07-17,17,7740.0,7768.0,7722.0,7758.0,1076.0,Dhan HQ Paid API v2 (Client 1112620458),CRUDEOIL,560977,INR/bbl,18.0,5.0
2026-07-17 18:00,2026-07-17,18,7763.0,7835.0,7742.0,7828.0,3627.0,Dhan HQ Paid API v2 (Client 1112620458),CRUDEOIL,560977,INR/bbl,65.0,47.0
2026-07-17 19:00,2026-07-17,19,7827.0,7854.0,7790.0,7822.0,2757.0,Dhan HQ Paid API v2 (Client 1112620458),CRUDEOIL,560977,INR/bbl,-5.0,-70.0
2026-07-17 20:00,2026-07-17,20,7821.0,7821.0,7723.0,7780.0,4394.0,Dhan HQ Paid API v2 (Client 1112620458),CRUDEOIL,560977,INR/bbl,-41.0,-36.0
2026-07-17 21:00,2026-07-17,21,7779.0,7890.0,7771.0,7872.0,6099.0,Dhan HQ Paid API v2 (Client 1112620458),CRUDEOIL,560977,INR/bbl,93.0,134.0
2026-07-17 22:00,2026-07-17,22,7871.0,7910.0,7852.0,7902.0,2848.0,Dhan HQ Paid API v2 (Client 1112620458),CRUDEOIL,560977,INR/bbl,31.0,-62.0
2026-07-17 23:00,2026-07-17,23,7900.0,7950.0,7886.0,7908.0,2720.0,Dhan HQ Paid API v2 (Client 1112620458),CRUDEOIL,560977,INR/bbl,8.0,-23.0
2026-07-20 09:00,2026-07-20,9,8049.0,8120.0,8049.0,8106.0,2513.0,Dhan HQ Paid API v2 (Client 1112620458),CRUDEOIL,560977,INR/bbl,57.0,49.0
2026-07-20 10:00,2026-07-20,10,8105.0,8106.0,8077.0,8104.0,1676.0,Dhan HQ Paid API v2 (Client 1112620458),CRUDEOIL,560977,INR/bbl,-1.0,-58.0
2026-07-20 11:00,2026-07-20,11,8106.0,8158.0,8083.0,8116.0,2192.0,Dhan HQ Paid API v2 (Client 1112620458),CRUDEOIL,560977,INR/bbl,10.0,11.0
2026-07-20 12:00,2026-07-20,12,8117.0,8155.0,8055.0,8062.0,4441.0,Dhan HQ Paid API v2 (Client 1112620458),CRUDEOIL,560977,INR/bbl,-55.0,-65.0
2026-07-20 13:00,2026-07-20,13,8060.0,8063.0,7876.0,7900.0,8154.0,Dhan HQ Paid API v2 (Client 1112620458),CRUDEOIL,560977,INR/bbl,-160.0,-105.0
2026-07-20 14:00,2026-07-20,14,7903.0,7914.0,7856.0,7877.0,4266.0,Dhan HQ Paid API v2 (Client 1112620458),CRUDEOIL,560977,INR/bbl,-26.0,134.0
2026-07-20 15:00,2026-07-20,15,7875.0,7895.0,7834.0,7887.0,2734.0,Dhan HQ Paid API v2 (Client 1112620458),CRUDEOIL,560977,INR/bbl,12.0,38.0
2026-07-20 16:00,2026-07-20,16,7888.0,7925.0,7881.0,7900.0,2559.0,Dhan HQ Paid API v2 (Client 1112620458),CRUDEOIL,560977,INR/bbl,12.0,0.0
2026-07-20 17:00,2026-07-20,17,7877.0,7935.0,7707.0,7920.0,18478.0,Dhan HQ Paid API v2 (Client 1112620458),CRUDEOIL,560977,INR/bbl,43.0,31.0
2026-07-20 18:00,2026-07-20,18,7919.0,7949.0,7859.0,7874.0,8342.0,Dhan HQ Paid API v2 (Client 1112620458),CRUDEOIL,560977,INR/bbl,-45.0,-88.0
2026-07-20 19:00,2026-07-20,19,7872.0,7942.0,7855.0,7895.0,4362.0,Dhan HQ Paid API v2 (Client 1112620458),CRUDEOIL,560977,INR/bbl,23.0,68.0
2026-07-20 20:00,2026-07-20,20,7896.0,7946.0,7855.0,7881.0,6790.0,Dhan HQ Paid API v2 (Client 1112620458),CRUDEOIL,560977,INR/bbl,-15.0,-38.0
2026-07-20 21:00,2026-07-20,21,7881.0,7907.0,7863.0,7901.0,2196.0,Dhan HQ Paid API v2 (Client 1112620458),CRUDEOIL,560977,INR/bbl,20.0,35.0
2026-07-20 22:00,2026-07-20,22,7903.0,7978.0,7901.0,7916.0,7843.0,Dhan HQ Paid API v2 (Client 1112620458),CRUDEOIL,560977,INR/bbl,13.0,-7.0
2026-07-20 23:00,2026-07-20,23,7918.0,7965.0,7915.0,7956.0,2130.0,Dhan HQ Paid API v2 (Client 1112620458),CRUDEOIL,560977,INR/bbl,38.0,25.0
2026-07-21 09:00,2026-07-21,9,7961.0,7962.0,7919.0,7941.0,2336.0,Dhan HQ Paid API v2 (Client 1112620458),CRUDEOIL,560977,INR/bbl,-20.0,-58.0
2026-07-21 10:00,2026-07-21,10,7941.0,7968.0,7933.0,7959.0,913.0,Dhan HQ Paid API v2 (Client 1112620458),CRUDEOIL,560977,INR/bbl,18.0,38.0
2026-07-21 11:00,2026-07-21,11,7960.0,7960.0,7911.0,7916.0,1442.0,Dhan HQ Paid API v2 (Client 1112620458),CRUDEOIL,560977,INR/bbl,-44.0,-62.0
2026-07-21 12:00,2026-07-21,12,7915.0,7999.0,7910.0,7999.0,2114.0,Dhan HQ Paid API v2 (Client 1112620458),CRUDEOIL,560977,INR/bbl,84.0,128.0
2026-07-21 13:00,2026-07-21,13,8003.0,8025.0,7858.0,7912.0,5871.0,Dhan HQ Paid API v2 (Client 1112620458),CRUDEOIL,560977,INR/bbl,-91.0,-175.0
2026-07-21 14:00,2026-07-21,14,7914.0,8008.0,7905.0,8006.0,2779.0,Dhan HQ Paid API v2 (Client 1112620458),CRUDEOIL,560977,INR/bbl,92.0,183.0
2026-07-21 15:00,2026-07-21,15,8006.0,8048.0,7945.0,7998.0,7720.0,Dhan HQ Paid API v2 (Client 1112620458),CRUDEOIL,560977,INR/bbl,-8.0,-100.0
2026-07-21 16:00,2026-07-21,16,8001.0,8081.0,7983.0,8076.0,5295.0,Dhan HQ Paid API v2 (Client 1112620458),CRUDEOIL,560977,INR/bbl,75.0,83.0
2026-07-21 17:00,2026-07-21,17,8078.0,8124.0,8045.0,8118.0,8596.0,Dhan HQ Paid API v2 (Client 1112620458),CRUDEOIL,560977,INR/bbl,40.0,-35.0
2026-07-21 18:00,2026-07-21,18,8121.0,8173.0,8102.0,8165.0,7069.0,Dhan HQ Paid API v2 (Client 1112620458),CRUDEOIL,560977,INR/bbl,44.0,4.0
2026-07-21 19:00,2026-07-21,19,8169.0,8200.0,8128.0,8169.0,5392.0,Dhan HQ Paid API v2 (Client 1112620458),CRUDEOIL,560977,INR/bbl,0.0,-44.0
2026-07-21 20:00,2026-07-21,20,8170.0,8218.0,8096.0,8164.0,17571.0,Dhan HQ Paid API v2 (Client 1112620458),CRUDEOIL,560977,INR/bbl,-6.0,-6.0
2026-07-21 21:00,2026-07-21,21,8166.0,8183.0,8122.0,8142.0,5575.0,Dhan HQ Paid API v2 (Client 1112620458),CRUDEOIL,560977,INR/bbl,-24.0,-18.0
2026-07-21 22:00,2026-07-21,22,8144.0,8169.0,8118.0,8133.0,2626.0,Dhan HQ Paid API v2 (Client 1112620458),CRUDEOIL,560977,INR/bbl,-11.0,13.0
2026-07-21 23:00,2026-07-21,23,8137.0,8163.0,8137.0,8149.0,1451.0,Dhan HQ Paid API v2 (Client 1112620458),CRUDEOIL,560977,INR/bbl,12.0,23.0
2026-07-22 09:00,2026-07-22,9,8231.0,8253.0,8222.0,8240.0,2255.0,Dhan HQ Paid API v2 (Client 1112620458),CRUDEOIL,560977,INR/bbl,9.0,-3.0
2026-07-22 10:00,2026-07-22,10,8240.0,8277.0,8237.0,8260.0,1894.0,Dhan HQ Paid API v2 (Client 1112620458),CRUDEOIL,560977,INR/bbl,20.0,11.0
2026-07-22 11:00,2026-07-22,11,8262.0,8336.0,8223.0,8325.0,4523.0,Dhan HQ Paid API v2 (Client 1112620458),CRUDEOIL,560977,INR/bbl,63.0,43.0
2026-07-22 12:00,2026-07-22,12,8323.0,8397.0,8307.0,8393.0,5136.0,Dhan HQ Paid API v2 (Client 1112620458),CRUDEOIL,560977,INR/bbl,70.0,7.0
2026-07-22 13:00,2026-07-22,13,8395.0,8510.0,8386.0,8463.0,7905.0,Dhan HQ Paid API v2 (Client 1112620458),CRUDEOIL,560977,INR/bbl,68.0,-2.0
2026-07-22 14:00,2026-07-22,14,8459.0,8525.0,8437.0,8517.0,4965.0,Dhan HQ Paid API v2 (Client 1112620458),CRUDEOIL,560977,INR/bbl,58.0,-10.0
2026-07-22 15:00,2026-07-22,15,8526.0,8577.0,8418.0,8423.0,9364.0,Dhan HQ Paid API v2 (Client 1112620458),CRUDEOIL,560977,INR/bbl,-103.0,-161.0
2026-07-22 16:00,2026-07-22,16,8424.0,8472.0,8416.0,8465.0,4797.0,Dhan HQ Paid API v2 (Client 1112620458),CRUDEOIL,560977,INR/bbl,41.0,144.0
2026-07-22 17:00,2026-07-22,17,8465.0,8505.0,8395.0,8400.0,6519.0,Dhan HQ Paid API v2 (Client 1112620458),CRUDEOIL,560977,INR/bbl,-65.0,-106.0
2026-07-22 18:00,2026-07-22,18,8397.0,8490.0,8343.0,8362.0,16334.0,Dhan HQ Paid API v2 (Client 1112620458),CRUDEOIL,560977,INR/bbl,-35.0,30.0
2026-07-22 19:00,2026-07-22,19,8362.0,8437.0,8342.0,8432.0,5691.0,Dhan HQ Paid API v2 (Client 1112620458),CRUDEOIL,560977,INR/bbl,70.0,105.0
2026-07-22 20:00,2026-07-22,20,8431.0,8448.0,8367.0,8401.0,5298.0,Dhan HQ Paid API v2 (Client 1112620458),CRUDEOIL,560977,INR/bbl,-30.0,-100.0
2026-07-22 21:00,2026-07-22,21,8399.0,8408.0,8305.0,8368.0,5670.0,Dhan HQ Paid API v2 (Client 1112620458),CRUDEOIL,560977,INR/bbl,-31.0,-1.0
2026-07-22 22:00,2026-07-22,22,8367.0,8416.0,8337.0,8395.0,4746.0,Dhan HQ Paid API v2 (Client 1112620458),CRUDEOIL,560977,INR/bbl,28.0,59.0
2026-07-22 23:00,2026-07-22,23,8397.0,8421.0,8391.0,8412.0,1808.0,Dhan HQ Paid API v2 (Client 1112620458),CRUDEOIL,560977,INR/bbl,15.0,-13.0
2026-07-23 09:00,2026-07-23,9,8562.0,8575.0,8524.0,8528.0,3287.0,Dhan HQ Paid API v2 (Client 1112620458),CRUDEOIL,560977,INR/bbl,-34.0,-49.0
2026-07-23 10:00,2026-07-23,10,8527.0,8555.0,8509.0,8517.0,1747.0,Dhan HQ Paid API v2 (Client 1112620458),CRUDEOIL,560977,INR/bbl,-10.0,24.0
2026-07-23 11:00,2026-07-23,11,8516.0,8555.0,8484.0,8544.0,3057.0,Dhan HQ Paid API v2 (Client 1112620458),CRUDEOIL,560977,INR/bbl,28.0,38.0
2026-07-23 12:00,2026-07-23,12,8544.0,8670.0,8538.0,8632.0,6200.0,Dhan HQ Paid API v2 (Client 1112620458),CRUDEOIL,560977,INR/bbl,88.0,60.0
2026-07-23 13:00,2026-07-23,13,8636.0,8698.0,8608.0,8642.0,5596.0,Dhan HQ Paid API v2 (Client 1112620458),CRUDEOIL,560977,INR/bbl,6.0,-82.0
2026-07-23 14:00,2026-07-23,14,8641.0,8745.0,8639.0,8728.0,4632.0,Dhan HQ Paid API v2 (Client 1112620458),CRUDEOIL,560977,INR/bbl,87.0,81.0
2026-07-23 15:00,2026-07-23,15,8735.0,8770.0,8695.0,8763.0,6977.0,Dhan HQ Paid API v2 (Client 1112620458),CRUDEOIL,560977,INR/bbl,28.0,-59.0
2026-07-23 16:00,2026-07-23,16,8766.0,8799.0,8724.0,8782.0,6204.0,Dhan HQ Paid API v2 (Client 1112620458),CRUDEOIL,560977,INR/bbl,16.0,-12.0
2026-07-23 17:00,2026-07-23,17,8786.0,8851.0,8750.0,8805.0,12753.0,Dhan HQ Paid API v2 (Client 1112620458),CRUDEOIL,560977,INR/bbl,19.0,3.0
2026-07-23 18:00,2026-07-23,18,8805.0,8887.0,8773.0,8828.0,9314.0,Dhan HQ Paid API v2 (Client 1112620458),CRUDEOIL,560977,INR/bbl,23.0,4.0
2026-07-23 19:00,2026-07-23,19,8825.0,8914.0,8802.0,8898.0,9935.0,Dhan HQ Paid API v2 (Client 1112620458),CRUDEOIL,560977,INR/bbl,73.0,50.0
2026-07-23 20:00,2026-07-23,20,8899.0,8999.0,8863.0,8975.0,9228.0,Dhan HQ Paid API v2 (Client 1112620458),CRUDEOIL,560977,INR/bbl,76.0,3.0
2026-07-23 21:00,2026-07-23,21,8975.0,9000.0,8887.0,8914.0,10106.0,Dhan HQ Paid API v2 (Client 1112620458),CRUDEOIL,560977,INR/bbl,-61.0,-137.0
2026-07-23 22:00,2026-07-23,22,8914.0,8999.0,8914.0,8984.0,6538.0,Dhan HQ Paid API v2 (Client 1112620458),CRUDEOIL,560977,INR/bbl,70.0,131.0
2026-07-23 23:00,2026-07-23,23,8984.0,9058.0,8983.0,9055.0,5013.0,Dhan HQ Paid API v2 (Client 1112620458),CRUDEOIL,560977,INR/bbl,71.0,1.0
2026-07-24 09:00,2026-07-24,9,8933.0,8950.0,8862.0,8863.0,4693.0,Dhan HQ Paid API v2 (Client 1112620458),CRUDEOIL,560977,INR/bbl,-70.0,-141.0
2026-07-24 10:00,2026-07-24,10,8864.0,8895.0,8851.0,8880.0,1833.0,Dhan HQ Paid API v2 (Client 1112620458),CRUDEOIL,560977,INR/bbl,16.0,86.0
2026-07-24 11:00,2026-07-24,11,8881.0,8889.0,8816.0,8836.0,3776.0,Dhan HQ Paid API v2 (Client 1112620458),CRUDEOIL,560977,INR/bbl,-45.0,-61.0
2026-07-24 12:00,2026-07-24,12,8839.0,8840.0,8716.0,8720.0,9018.0,Dhan HQ Paid API v2 (Client 1112620458),CRUDEOIL,560977,INR/bbl,-119.0,-74.0
2026-07-24 13:00,2026-07-24,13,8722.0,8781.0,8705.0,8710.0,5015.0,Dhan HQ Paid API v2 (Client 1112620458),CRUDEOIL,560977,INR/bbl,-12.0,107.0
2026-07-24 14:00,2026-07-24,14,8714.0,8727.0,8588.0,8617.0,8986.0,Dhan HQ Paid API v2 (Client 1112620458),CRUDEOIL,560977,INR/bbl,-97.0,-85.0
2026-07-24 15:00,2026-07-24,15,8616.0,8691.0,8587.0,8673.0,8838.0,Dhan HQ Paid API v2 (Client 1112620458),CRUDEOIL,560977,INR/bbl,57.0,154.0
2026-07-24 16:00,2026-07-24,16,8673.0,8728.0,8673.0,8693.0,4938.0,Dhan HQ Paid API v2 (Client 1112620458),CRUDEOIL,560977,INR/bbl,20.0,-37.0
2026-07-24 17:00,2026-07-24,17,8689.0,8724.0,8607.0,8657.0,9638.0,Dhan HQ Paid API v2 (Client 1112620458),CRUDEOIL,560977,INR/bbl,-32.0,-52.0
2026-07-24 18:00,2026-07-24,18,8657.0,8756.0,8604.0,8749.0,6634.0,Dhan HQ Paid API v2 (Client 1112620458),CRUDEOIL,560977,INR/bbl,92.0,124.0
2026-07-24 19:00,2026-07-24,19,8742.0,8752.0,8628.0,8648.0,7163.0,Dhan HQ Paid API v2 (Client 1112620458),CRUDEOIL,560977,INR/bbl,-94.0,-186.0
2026-07-24 20:00,2026-07-24,20,8644.0,8692.0,8486.0,8507.0,21517.0,Dhan HQ Paid API v2 (Client 1112620458),CRUDEOIL,560977,INR/bbl,-137.0,-43.0
2026-07-24 21:00,2026-07-24,21,8502.0,8568.0,8483.0,8528.0,10071.0,Dhan HQ Paid API v2 (Client 1112620458),CRUDEOIL,560977,INR/bbl,26.0,163.0
2026-07-24 22:00,2026-07-24,22,8528.0,8596.0,8511.0,8585.0,8014.0,Dhan HQ Paid API v2 (Client 1112620458),CRUDEOIL,560977,INR/bbl,57.0,31.0
2026-07-24 23:00,2026-07-24,23,8586.0,8622.0,8582.0,8613.0,3141.0,Dhan HQ Paid API v2 (Client 1112620458),CRUDEOIL,560977,INR/bbl,27.0,-30.0
2026-07-27 09:00,2026-07-27,9,8260.0,8260.0,8185.0,8192.0,6727.0,Dhan HQ Paid API v2 (Client 1112620458),CRUDEOIL,560977,INR/bbl,-68.0,-95.0
2026-07-27 10:00,2026-07-27,10,8189.0,8198.0,8155.0,8173.0,3573.0,Dhan HQ Paid API v2 (Client 1112620458),CRUDEOIL,560977,INR/bbl,-16.0,52.0
2026-07-27 11:00,2026-07-27,11,8165.0,8190.0,8071.0,8083.0,4719.0,Dhan HQ Paid API v2 (Client 1112620458),CRUDEOIL,560977,INR/bbl,-82.0,-66.0
2026-07-27 12:00,2026-07-27,12,8084.0,8100.0,8031.0,8081.0,6894.0,Dhan HQ Paid API v2 (Client 1112620458),CRUDEOIL,560977,INR/bbl,-3.0,79.0
2026-07-27 13:00,2026-07-27,13,8084.0,8158.0,8038.0,8040.0,8364.0,Dhan HQ Paid API v2 (Client 1112620458),CRUDEOIL,560977,INR/bbl,-44.0,-41.0
2026-07-27 14:00,2026-07-27,14,8046.0,8070.0,7935.0,7951.0,9039.0,Dhan HQ Paid API v2 (Client 1112620458),CRUDEOIL,560977,INR/bbl,-95.0,-51.0
2026-07-27 15:00,2026-07-27,15,7947.0,8031.0,7894.0,7982.0,13177.0,Dhan HQ Paid API v2 (Client 1112620458),CRUDEOIL,560977,INR/bbl,35.0,130.0
2026-07-27 16:00,2026-07-27,16,7979.0,8053.0,7976.0,8053.0,4703.0,Dhan HQ Paid API v2 (Client 1112620458),CRUDEOIL,560977,INR/bbl,74.0,39.0
2026-07-27 17:00,2026-07-27,17,8069.0,8105.0,7988.0,8094.0,7655.0,Dhan HQ Paid API v2 (Client 1112620458),CRUDEOIL,560977,INR/bbl,25.0,-49.0
2026-07-27 18:00,2026-07-27,18,8091.0,8132.0,8062.0,8128.0,7485.0,Dhan HQ Paid API v2 (Client 1112620458),CRUDEOIL,560977,INR/bbl,37.0,12.0
2026-07-27 19:00,2026-07-27,19,8129.0,8130.0,8031.0,8050.0,5331.0,Dhan HQ Paid API v2 (Client 1112620458),CRUDEOIL,560977,INR/bbl,-79.0,-116.0
2026-07-27 20:00,2026-07-27,20,8052.0,8066.0,7985.0,7997.0,7964.0,Dhan HQ Paid API v2 (Client 1112620458),CRUDEOIL,560977,INR/bbl,-55.0,24.0
2026-07-27 21:00,2026-07-27,21,7994.0,8053.0,7963.0,7985.0,10710.0,Dhan HQ Paid API v2 (Client 1112620458),CRUDEOIL,560977,INR/bbl,-9.0,46.0
2026-07-27 22:00,2026-07-27,22,7980.0,8004.0,7912.0,7950.0,7048.0,Dhan HQ Paid API v2 (Client 1112620458),CRUDEOIL,560977,INR/bbl,-30.0,-21.0
2026-07-27 23:00,2026-07-27,23,7950.0,7977.0,7941.0,7946.0,2814.0,Dhan HQ Paid API v2 (Client 1112620458),CRUDEOIL,560977,INR/bbl,-4.0,26.0
2026-07-28 09:00,2026-07-28,9,7900.0,7900.0,7805.0,7839.0,4094.0,Dhan HQ Paid API v2 (Client 1112620458),CRUDEOIL,560977,INR/bbl,-61.0,-57.0
2026-07-28 10:00,2026-07-28,10,7840.0,7851.0,7823.0,7843.0,1267.0,Dhan HQ Paid API v2 (Client 1112620458),CRUDEOIL,560977,INR/bbl,3.0,64.0
2026-07-28 11:00,2026-07-28,11,7844.0,7918.0,7844.0,7864.0,4287.0,Dhan HQ Paid API v2 (Client 1112620458),CRUDEOIL,560977,INR/bbl,20.0,17.0
2026-07-28 12:00,2026-07-28,12,7868.0,7869.0,7746.0,7804.0,7070.0,Dhan HQ Paid API v2 (Client 1112620458),CRUDEOIL,560977,INR/bbl,-64.0,-84.0
2026-07-28 13:00,2026-07-28,13,7804.0,7826.0,7723.0,7726.0,5435.0,Dhan HQ Paid API v2 (Client 1112620458),CRUDEOIL,560977,INR/bbl,-78.0,-14.0
2026-07-28 14:00,2026-07-28,14,7720.0,7800.0,7672.0,7728.0,8215.0,Dhan HQ Paid API v2 (Client 1112620458),CRUDEOIL,560977,INR/bbl,8.0,86.0
2026-07-28 15:00,2026-07-28,15,7730.0,7809.0,7725.0,7804.0,3149.0,Dhan HQ Paid API v2 (Client 1112620458),CRUDEOIL,560977,INR/bbl,74.0,66.0
2026-07-28 16:00,2026-07-28,16,7803.0,7830.0,7757.0,7821.0,7746.0,Dhan HQ Paid API v2 (Client 1112620458),CRUDEOIL,560977,INR/bbl,18.0,-56.0
2026-07-28 17:00,2026-07-28,17,7823.0,7871.0,7810.0,7832.0,6165.0,Dhan HQ Paid API v2 (Client 1112620458),CRUDEOIL,560977,INR/bbl,9.0,-9.0
2026-07-28 18:00,2026-07-28,18,7833.0,7836.0,7746.0,7801.0,8840.0,Dhan HQ Paid API v2 (Client 1112620458),CRUDEOIL,560977,INR/bbl,-32.0,-41.0
2026-07-28 19:00,2026-07-28,19,7798.0,7854.0,7757.0,7785.0,6385.0,Dhan HQ Paid API v2 (Client 1112620458),CRUDEOIL,560977,INR/bbl,-13.0,19.0
2026-07-28 20:00,2026-07-28,20,7790.0,7827.0,7602.0,7620.0,20776.0,Dhan HQ Paid API v2 (Client 1112620458),CRUDEOIL,560977,INR/bbl,-170.0,-157.0
2026-07-28 21:00,2026-07-28,21,7624.0,7637.0,7480.0,7502.0,15509.0,Dhan HQ Paid API v2 (Client 1112620458),CRUDEOIL,560977,INR/bbl,-122.0,48.0
2026-07-28 22:00,2026-07-28,22,7503.0,7594.0,7464.0,7589.0,18787.0,Dhan HQ Paid API v2 (Client 1112620458),CRUDEOIL,560977,INR/bbl,86.0,208.0
2026-07-28 23:00,2026-07-28,23,7589.0,7634.0,7574.0,7622.0,2813.0,Dhan HQ Paid API v2 (Client 1112620458),CRUDEOIL,560977,INR/bbl,33.0,-53.0
2026-07-29 09:00,2026-07-29,9,7899.0,7947.0,7897.0,7913.0,5084.0,Dhan HQ Paid API v2 (Client 1112620458),CRUDEOIL,560977,INR/bbl,14.0,-19.0
2026-07-29 10:00,2026-07-29,10,7914.0,7914.0,7841.0,7853.0,3739.0,Dhan HQ Paid API v2 (Client 1112620458),CRUDEOIL,560977,INR/bbl,-61.0,-75.0
2026-07-29 11:00,2026-07-29,11,7850.0,7906.0,7844.0,7896.0,3266.0,Dhan HQ Paid API v2 (Client 1112620458),CRUDEOIL,560977,INR/bbl,46.0,107.0
2026-07-29 12:00,2026-07-29,12,7895.0,7901.0,7836.0,7873.0,3398.0,Dhan HQ Paid API v2 (Client 1112620458),CRUDEOIL,560977,INR/bbl,-22.0,-68.0
2026-07-29 13:00,2026-07-29,13,7876.0,7888.0,7821.0,7874.0,3504.0,Dhan HQ Paid API v2 (Client 1112620458),CRUDEOIL,560977,INR/bbl,-2.0,20.0
2026-07-29 14:00,2026-07-29,14,7876.0,7890.0,7811.0,7855.0,2786.0,Dhan HQ Paid API v2 (Client 1112620458),CRUDEOIL,560977,INR/bbl,-21.0,-19.0
2026-07-29 15:00,2026-07-29,15,7855.0,7940.0,7848.0,7929.0,6409.0,Dhan HQ Paid API v2 (Client 1112620458),CRUDEOIL,560977,INR/bbl,74.0,95.0
2026-07-29 16:00,2026-07-29,16,7930.0,7990.0,7918.0,7947.0,4944.0,Dhan HQ Paid API v2 (Client 1112620458),CRUDEOIL,560977,INR/bbl,17.0,-57.0
2026-07-29 17:00,2026-07-29,17,7945.0,8059.0,7896.0,8059.0,10894.0,Dhan HQ Paid API v2 (Client 1112620458),CRUDEOIL,560977,INR/bbl,114.0,97.0
2026-07-29 18:00,2026-07-29,18,8059.0,8135.0,8059.0,8089.0,9977.0,Dhan HQ Paid API v2 (Client 1112620458),CRUDEOIL,560977,INR/bbl,30.0,-84.0
2026-07-29 19:00,2026-07-29,19,8087.0,8157.0,8083.0,8152.0,6109.0,Dhan HQ Paid API v2 (Client 1112620458),CRUDEOIL,560977,INR/bbl,65.0,35.0
2026-07-29 20:00,2026-07-29,20,8156.0,8214.0,8145.0,8150.0,7132.0,Dhan HQ Paid API v2 (Client 1112620458),CRUDEOIL,560977,INR/bbl,-6.0,-71.0
2026-07-29 21:00,2026-07-29,21,8148.0,8182.0,8086.0,8092.0,10927.0,Dhan HQ Paid API v2 (Client 1112620458),CRUDEOIL,560977,INR/bbl,-56.0,-50.0
2026-07-29 22:00,2026-07-29,22,8089.0,8141.0,8088.0,8109.0,4178.0,Dhan HQ Paid API v2 (Client 1112620458),CRUDEOIL,560977,INR/bbl,20.0,76.0
2026-07-29 23:00,2026-07-29,23,8108.0,8133.0,8096.0,8120.0,2360.0,Dhan HQ Paid API v2 (Client 1112620458),CRUDEOIL,560977,INR/bbl,12.0,-8.0
2026-07-30 09:00,2026-07-30,9,8006.0,8040.0,8000.0,8028.0,2492.0,Dhan HQ Paid API v2 (Client 1112620458),CRUDEOIL,560977,INR/bbl,22.0,10.0
2026-07-30 10:00,2026-07-30,10,8028.0,8133.0,8015.0,8105.0,3703.0,Dhan HQ Paid API v2 (Client 1112620458),CRUDEOIL,560977,INR/bbl,77.0,55.0
2026-07-30 11:00,2026-07-30,11,8106.0,8244.0,8106.0,8237.0,8191.0,Dhan HQ Paid API v2 (Client 1112620458),CRUDEOIL,560977,INR/bbl,131.0,54.0
2026-07-30 12:00,2026-07-30,12,8237.0,8244.0,8112.0,8185.0,6719.0,Dhan HQ Paid API v2 (Client 1112620458),CRUDEOIL,560977,INR/bbl,-52.0,-183.0
2026-07-30 13:00,2026-07-30,13,8185.0,8244.0,8118.0,8148.0,7793.0,Dhan HQ Paid API v2 (Client 1112620458),CRUDEOIL,560977,INR/bbl,-37.0,15.0
2026-07-30 14:00,2026-07-30,14,8149.0,8160.0,8036.0,8054.0,9591.0,Dhan HQ Paid API v2 (Client 1112620458),CRUDEOIL,560977,INR/bbl,-95.0,-58.0
2026-07-30 15:00,2026-07-30,15,8054.0,8115.0,8041.0,8070.0,5048.0,Dhan HQ Paid API v2 (Client 1112620458),CRUDEOIL,560977,INR/bbl,16.0,111.0
2026-07-30 16:00,2026-07-30,16,8073.0,8074.0,7970.0,8017.0,6797.0,Dhan HQ Paid API v2 (Client 1112620458),CRUDEOIL,560977,INR/bbl,-56.0,-72.0
2026-07-30 17:00,2026-07-30,17,8014.0,8080.0,7982.0,8070.0,3878.0,Dhan HQ Paid API v2 (Client 1112620458),CRUDEOIL,560977,INR/bbl,56.0,112.0
2026-07-30 18:00,2026-07-30,18,8070.0,8091.0,7939.0,7987.0,10278.0,Dhan HQ Paid API v2 (Client 1112620458),CRUDEOIL,560977,INR/bbl,-83.0,-139.0
2026-07-30 19:00,2026-07-30,19,7991.0,8055.0,7974.0,8028.0,7964.0,Dhan HQ Paid API v2 (Client 1112620458),CRUDEOIL,560977,INR/bbl,37.0,120.0
2026-07-30 20:00,2026-07-30,20,8028.0,8117.0,8027.0,8065.0,6918.0,Dhan HQ Paid API v2 (Client 1112620458),CRUDEOIL,560977,INR/bbl,37.0,0.0
2026-07-30 21:00,2026-07-30,21,8064.0,8085.0,7987.0,7997.0,5253.0,Dhan HQ Paid API v2 (Client 1112620458),CRUDEOIL,560977,INR/bbl,-67.0,-104.0
2026-07-30 22:00,2026-07-30,22,7997.0,8051.0,7990.0,8020.0,4861.0,Dhan HQ Paid API v2 (Client 1112620458),CRUDEOIL,560977,INR/bbl,23.0,90.0
2026-07-30 23:00,2026-07-30,23,8021.0,8068.0,8005.0,8039.0,3303.0,Dhan HQ Paid API v2 (Client 1112620458),CRUDEOIL,560977,INR/bbl,18.0,-5.0
2026-07-31 09:00,2026-07-31,9,7860.0,7885.0,7837.0,7855.0,4309.0,Dhan HQ Paid API v2 (Client 1112620458),CRUDEOIL,560977,INR/bbl,-5.0,-23.0
2026-07-31 10:00,2026-07-31,10,7855.0,7855.0,7791.0,7806.0,3880.0,Dhan HQ Paid API v2 (Client 1112620458),CRUDEOIL,560977,INR/bbl,-49.0,-44.0
2026-07-31 11:00,2026-07-31,11,7806.0,7855.0,7759.0,7831.0,4727.0,Dhan HQ Paid API v2 (Client 1112620458),CRUDEOIL,560977,INR/bbl,25.0,74.0
2026-07-31 12:00,2026-07-31,12,7832.0,7899.0,7812.0,7892.0,3486.0,Dhan HQ Paid API v2 (Client 1112620458),CRUDEOIL,560977,INR/bbl,60.0,35.0
2026-07-31 13:00,2026-07-31,13,7893.0,7919.0,7836.0,7909.0,4160.0,Dhan HQ Paid API v2 (Client 1112620458),CRUDEOIL,560977,INR/bbl,16.0,-44.0
2026-07-31 14:00,2026-07-31,14,7916.0,7956.0,7860.0,7924.0,6227.0,Dhan HQ Paid API v2 (Client 1112620458),CRUDEOIL,560977,INR/bbl,8.0,-8.0
2026-07-31 15:00,2026-07-31,15,7930.0,8049.0,7923.0,8035.0,5379.0,Dhan HQ Paid API v2 (Client 1112620458),CRUDEOIL,560977,INR/bbl,105.0,97.0
2026-07-31 16:00,2026-07-31,16,8036.0,8114.0,8023.0,8101.0,8620.0,Dhan HQ Paid API v2 (Client 1112620458),CRUDEOIL,560977,INR/bbl,65.0,-40.0
2026-07-31 17:00,2026-07-31,17,8105.0,8176.0,8088.0,8153.0,6169.0,Dhan HQ Paid API v2 (Client 1112620458),CRUDEOIL,560977,INR/bbl,48.0,-17.0
2026-07-31 18:00,2026-07-31,18,8160.0,8266.0,8131.0,8176.0,10900.0,Dhan HQ Paid API v2 (Client 1112620458),CRUDEOIL,560977,INR/bbl,16.0,-32.0
2026-07-31 19:00,2026-07-31,19,8179.0,8216.0,8114.0,8149.0,12920.0,Dhan HQ Paid API v2 (Client 1112620458),CRUDEOIL,560977,INR/bbl,-30.0,-46.0
2026-07-31 20:00,2026-07-31,20,8149.0,8216.0,8147.0,8176.0,7956.0,Dhan HQ Paid API v2 (Client 1112620458),CRUDEOIL,560977,INR/bbl,27.0,57.0
2026-07-31 21:00,2026-07-31,21,8176.0,8180.0,8032.0,8083.0,13031.0,Dhan HQ Paid API v2 (Client 1112620458),CRUDEOIL,560977,INR/bbl,-93.0,-120.0
2026-07-31 22:00,2026-07-31,22,8083.0,8132.0,8083.0,8105.0,3583.0,Dhan HQ Paid API v2 (Client 1112620458),CRUDEOIL,560977,INR/bbl,22.0,115.0
2026-07-31 23:00,2026-07-31,23,8104.0,8132.0,8090.0,8096.0,2718.0,Dhan HQ Paid API v2 (Client 1112620458),CRUDEOIL,560977,INR/bbl,-8.0,-30.0
2026-08-03 09:00,2026-08-03,9,7789.0,7789.0,7588.0,7596.0,6030.0,Dhan HQ Paid API v2 (Client 1112620458),CRUDEOIL,560977,INR/bbl,-193.0,-185.0
2026-08-03 10:00,2026-08-03,10,7596.0,7611.0,7570.0,7576.0,2404.0,Dhan HQ Paid API v2 (Client 1112620458),CRUDEOIL,560977,INR/bbl,-20.0,173.0
2026-08-03 11:00,2026-08-03,11,7575.0,7623.0,7558.0,7561.0,2283.0,Dhan HQ Paid API v2 (Client 1112620458),CRUDEOIL,560977,INR/bbl,-14.0,6.0
2026-08-03 12:00,2026-08-03,12,7561.0,7675.0,7530.0,7614.0,4963.0,Dhan HQ Paid API v2 (Client 1112620458),CRUDEOIL,560977,INR/bbl,53.0,67.0
2026-08-03 13:00,2026-08-03,13,7614.0,7647.0,7577.0,7618.0,2863.0,Dhan HQ Paid API v2 (Client 1112620458),CRUDEOIL,560977,INR/bbl,4.0,-49.0
2026-08-03 14:00,2026-08-03,14,7618.0,7695.0,7607.0,7623.0,3217.0,Dhan HQ Paid API v2 (Client 1112620458),CRUDEOIL,560977,INR/bbl,5.0,1.0
2026-08-03 15:00,2026-08-03,15,7623.0,7647.0,7591.0,7615.0,2873.0,Dhan HQ Paid API v2 (Client 1112620458),CRUDEOIL,560977,INR/bbl,-8.0,-13.0
2026-08-03 16:00,2026-08-03,16,7615.0,7629.0,7580.0,7629.0,2515.0,Dhan HQ Paid API v2 (Client 1112620458),CRUDEOIL,560977,INR/bbl,14.0,22.0
2026-08-03 17:00,2026-08-03,17,7629.0,7631.0,7532.0,7562.0,4607.0,Dhan HQ Paid API v2 (Client 1112620458),CRUDEOIL,560977,INR/bbl,-67.0,-81.0
2026-08-03 18:00,2026-08-03,18,7562.0,7582.0,7513.0,7568.0,5270.0,Dhan HQ Paid API v2 (Client 1112620458),CRUDEOIL,560977,INR/bbl,6.0,73.0
2026-08-03 19:00,2026-08-03,19,7568.0,7585.0,7496.0,7560.0,7429.0,Dhan HQ Paid API v2 (Client 1112620458),CRUDEOIL,560977,INR/bbl,-8.0,-14.0
2026-08-03 20:00,2026-08-03,20,7565.0,7650.0,7564.0,7637.0,8591.0,Dhan HQ Paid API v2 (Client 1112620458),CRUDEOIL,560977,INR/bbl,72.0,80.0
2026-08-03 21:00,2026-08-03,21,7637.0,7637.0,7579.0,7589.0,5047.0,Dhan HQ Paid API v2 (Client 1112620458),CRUDEOIL,560977,INR/bbl,-48.0,-120.0
2026-08-03 22:00,2026-08-03,22,7589.0,7656.0,7585.0,7638.0,4244.0,Dhan HQ Paid API v2 (Client 1112620458),CRUDEOIL,560977,INR/bbl,49.0,97.0
2026-08-03 23:00,2026-08-03,23,7638.0,7665.0,7625.0,7647.0,2090.0,Dhan HQ Paid API v2 (Client 1112620458),CRUDEOIL,560977,INR/bbl,9.0,-40.0
2026-08-04 09:00,2026-08-04,9,7677.0,7756.0,7677.0,7735.0,2670.0,Dhan HQ Paid API v2 (Client 1112620458),CRUDEOIL,560977,INR/bbl,58.0,49.0
2026-08-04 10:00,2026-08-04,10,7735.0,7769.0,7734.0,7761.0,1806.0,Dhan HQ Paid API v2 (Client 1112620458),CRUDEOIL,560977,INR/bbl,26.0,-32.0
2026-08-04 11:00,2026-08-04,11,7761.0,7770.0,7708.0,7720.0,1880.0,Dhan HQ Paid API v2 (Client 1112620458),CRUDEOIL,560977,INR/bbl,-41.0,-67.0
2026-08-04 12:00,2026-08-04,12,7720.0,7733.0,7658.0,7726.0,3341.0,Dhan HQ Paid API v2 (Client 1112620458),CRUDEOIL,560977,INR/bbl,6.0,47.0
2026-08-04 13:00,2026-08-04,13,7726.0,7733.0,7680.0,7711.0,1708.0,Dhan HQ Paid API v2 (Client 1112620458),CRUDEOIL,560977,INR/bbl,-15.0,-21.0
2026-08-04 14:00,2026-08-04,14,7711.0,7860.0,7711.0,7831.0,6115.0,Dhan HQ Paid API v2 (Client 1112620458),CRUDEOIL,560977,INR/bbl,120.0,135.0
2026-08-04 15:00,2026-08-04,15,7831.0,7855.0,7783.0,7826.0,6026.0,Dhan HQ Paid API v2 (Client 1112620458),CRUDEOIL,560977,INR/bbl,-5.0,-125.0
2026-08-04 16:00,2026-08-04,16,7824.0,7824.0,7604.0,7608.0,17112.0,Dhan HQ Paid API v2 (Client 1112620458),CRUDEOIL,560977,INR/bbl,-216.0,-211.0
2026-08-04 17:00,2026-08-04,17,7608.0,7638.0,7311.0,7429.0,28868.0,Dhan HQ Paid API v2 (Client 1112620458),CRUDEOIL,560977,INR/bbl,-179.0,37.0
2026-08-04 18:00,2026-08-04,18,7429.0,7445.0,7270.0,7288.0,22600.0,Dhan HQ Paid API v2 (Client 1112620458),CRUDEOIL,560977,INR/bbl,-141.0,38.0
2026-08-04 19:00,2026-08-04,19,7287.0,7301.0,7217.0,7286.0,17121.0,Dhan HQ Paid API v2 (Client 1112620458),CRUDEOIL,560977,INR/bbl,-1.0,140.0
2026-08-04 20:00,2026-08-04,20,7287.0,7343.0,7274.0,7275.0,13023.0,Dhan HQ Paid API v2 (Client 1112620458),CRUDEOIL,560977,INR/bbl,-12.0,-11.0
2026-08-04 21:00,2026-08-04,21,7273.0,7280.0,7187.0,7242.0,17972.0,Dhan HQ Paid API v2 (Client 1112620458),CRUDEOIL,560977,INR/bbl,-31.0,-19.0
2026-08-04 22:00,2026-08-04,22,7240.0,7269.0,7198.0,7230.0,5948.0,Dhan HQ Paid API v2 (Client 1112620458),CRUDEOIL,560977,INR/bbl,-10.0,21.0
2026-08-04 23:00,2026-08-04,23,7230.0,7237.0,7201.0,7222.0,3334.0,Dhan HQ Paid API v2 (Client 1112620458),CRUDEOIL,560977,INR/bbl,-8.0,2.0
2026-08-05 09:00,2026-08-05,9,7102.0,7146.0,7078.0,7132.0,5431.0,Dhan HQ Paid API v2 (Client 1112620458),CRUDEOIL,560977,INR/bbl,30.0,38.0
2026-08-05 10:00,2026-08-05,10,7132.0,7176.0,7122.0,7163.0,3038.0,Dhan HQ Paid API v2 (Client 1112620458),CRUDEOIL,560977,INR/bbl,31.0,1.0
2026-08-05 11:00,2026-08-05,11,7163.0,7184.0,7117.0,7165.0,3569.0,Dhan HQ Paid API v2 (Client 1112620458),CRUDEOIL,560977,INR/bbl,2.0,-29.0
2026-08-05 12:00,2026-08-05,12,7165.0,7260.0,7131.0,7258.0,6067.0,Dhan HQ Paid API v2 (Client 1112620458),CRUDEOIL,560977,INR/bbl,93.0,91.0
2026-08-05 13:00,2026-08-05,13,7258.0,7272.0,7221.0,7238.0,7477.0,Dhan HQ Paid API v2 (Client 1112620458),CRUDEOIL,560977,INR/bbl,-20.0,-113.0
2026-08-05 14:00,2026-08-05,14,7242.0,7285.0,7231.0,7268.0,4445.0,Dhan HQ Paid API v2 (Client 1112620458),CRUDEOIL,560977,INR/bbl,26.0,46.0
2026-08-05 15:00,2026-08-05,15,7268.0,7309.0,7254.0,7299.0,3490.0,Dhan HQ Paid API v2 (Client 1112620458),CRUDEOIL,560977,INR/bbl,31.0,5.0
2026-08-05 16:00,2026-08-05,16,7299.0,7304.0,7235.0,7250.0,3932.0,Dhan HQ Paid API v2 (Client 1112620458),CRUDEOIL,560977,INR/bbl,-49.0,-80.0
2026-08-05 17:00,2026-08-05,17,7250.0,7269.0,7214.0,7269.0,7720.0,Dhan HQ Paid API v2 (Client 1112620458),CRUDEOIL,560977,INR/bbl,19.0,68.0
2026-08-05 18:00,2026-08-05,18,7270.0,7295.0,7206.0,7222.0,5954.0,Dhan HQ Paid API v2 (Client 1112620458),CRUDEOIL,560977,INR/bbl,-48.0,-67.0
2026-08-05 19:00,2026-08-05,19,7222.0,7222.0,7110.0,7131.0,25615.0,Dhan HQ Paid API v2 (Client 1112620458),CRUDEOIL,560977,INR/bbl,-91.0,-43.0
2026-08-05 20:00,2026-08-05,20,7131.0,7218.0,7096.0,7154.0,12741.0,Dhan HQ Paid API v2 (Client 1112620458),CRUDEOIL,560977,INR/bbl,23.0,114.0
2026-08-05 21:00,2026-08-05,21,7154.0,7215.0,7146.0,7200.0,5806.0,Dhan HQ Paid API v2 (Client 1112620458),CRUDEOIL,560977,INR/bbl,46.0,23.0
2026-08-05 22:00,2026-08-05,22,7200.0,7205.0,7091.0,7099.0,8196.0,Dhan HQ Paid API v2 (Client 1112620458),CRUDEOIL,560977,INR/bbl,-101.0,-147.0
2026-08-05 23:00,2026-08-05,23,7099.0,7122.0,7092.0,7122.0,2377.0,Dhan HQ Paid API v2 (Client 1112620458),CRUDEOIL,560977,INR/bbl,23.0,124.0
2026-08-06 09:00,2026-08-06,9,7140.0,7174.0,7118.0,7123.0,2528.0,Dhan HQ Paid API v2 (Client 1112620458),CRUDEOIL,560977,INR/bbl,-17.0,-40.0
2026-08-06 10:00,2026-08-06,10,7123.0,7148.0,7112.0,7117.0,1196.0,Dhan HQ Paid API v2 (Client 1112620458),CRUDEOIL,560977,INR/bbl,-6.0,11.0
2026-08-06 11:00,2026-08-06,11,7117.0,7199.0,7110.0,7176.0,2401.0,Dhan HQ Paid API v2 (Client 1112620458),CRUDEOIL,560977,INR/bbl,59.0,65.0
2026-08-06 12:00,2026-08-06,12,7176.0,7219.0,7153.0,7168.0,3178.0,Dhan HQ Paid API v2 (Client 1112620458),CRUDEOIL,560977,INR/bbl,-8.0,-67.0
2026-08-06 13:00,2026-08-06,13,7168.0,7228.0,7161.0,7168.0,3612.0,Dhan HQ Paid API v2 (Client 1112620458),CRUDEOIL,560977,INR/bbl,0.0,8.0
2026-08-06 14:00,2026-08-06,14,7170.0,7196.0,7142.0,7169.0,3649.0,Dhan HQ Paid API v2 (Client 1112620458),CRUDEOIL,560977,INR/bbl,-1.0,-1.0
2026-08-06 15:00,2026-08-06,15,7169.0,7242.0,7157.0,7224.0,3239.0,Dhan HQ Paid API v2 (Client 1112620458),CRUDEOIL,560977,INR/bbl,55.0,56.0
2026-08-06 16:00,2026-08-06,16,7224.0,7252.0,7220.0,7233.0,2675.0,Dhan HQ Paid API v2 (Client 1112620458),CRUDEOIL,560977,INR/bbl,9.0,-46.0
2026-08-06 17:00,2026-08-06,17,7233.0,7274.0,7208.0,7265.0,5993.0,Dhan HQ Paid API v2 (Client 1112620458),CRUDEOIL,560977,INR/bbl,32.0,23.0
2026-08-06 18:00,2026-08-06,18,7262.0,7324.0,7256.0,7268.0,7185.0,Dhan HQ Paid API v2 (Client 1112620458),CRUDEOIL,560977,INR/bbl,6.0,-26.0
2026-08-06 19:00,2026-08-06,19,7268.0,7289.0,7239.0,7285.0,3962.0,Dhan HQ Paid API v2 (Client 1112620458),CRUDEOIL,560977,INR/bbl,17.0,11.0
2026-08-06 20:00,2026-08-06,20,7285.0,7361.0,7267.0,7331.0,7651.0,Dhan HQ Paid API v2 (Client 1112620458),CRUDEOIL,560977,INR/bbl,46.0,29.0
2026-08-06 21:00,2026-08-06,21,7331.0,7455.0,7323.0,7418.0,11041.0,Dhan HQ Paid API v2 (Client 1112620458),CRUDEOIL,560977,INR/bbl,87.0,41.0
2026-08-06 22:00,2026-08-06,22,7418.0,7450.0,7400.0,7406.0,3409.0,Dhan HQ Paid API v2 (Client 1112620458),CRUDEOIL,560977,INR/bbl,-12.0,-99.0
2026-08-06 23:00,2026-08-06,23,7406.0,7416.0,7360.0,7378.0,3836.0,Dhan HQ Paid API v2 (Client 1112620458),CRUDEOIL,560977,INR/bbl,-28.0,-16.0
2026-08-07 09:00,2026-08-07,9,7444.0,7503.0,7423.0,7497.0,3581.0,Dhan HQ Paid API v2 (Client 1112620458),CRUDEOIL,560977,INR/bbl,53.0,81.0
2026-08-07 10:00,2026-08-07,10,7498.0,7509.0,7457.0,7468.0,2702.0,Dhan HQ Paid API v2 (Client 1112620458),CRUDEOIL,560977,INR/bbl,-30.0,-83.0
2026-08-07 11:00,2026-08-07,11,7468.0,7476.0,7387.0,7391.0,3206.0,Dhan HQ Paid API v2 (Client 1112620458),CRUDEOIL,560977,INR/bbl,-77.0,-47.0
2026-08-07 12:00,2026-08-07,12,7391.0,7444.0,7387.0,7391.0,3293.0,Dhan HQ Paid API v2 (Client 1112620458),CRUDEOIL,560977,INR/bbl,0.0,77.0
2026-08-07 13:00,2026-08-07,13,7391.0,7432.0,7379.0,7422.0,2789.0,Dhan HQ Paid API v2 (Client 1112620458),CRUDEOIL,560977,INR/bbl,31.0,31.0
2026-08-07 14:00,2026-08-07,14,7422.0,7438.0,7388.0,7389.0,2073.0,Dhan HQ Paid API v2 (Client 1112620458),CRUDEOIL,560977,INR/bbl,-33.0,-64.0
2026-08-07 15:00,2026-08-07,15,7389.0,7392.0,7324.0,7345.0,5123.0,Dhan HQ Paid API v2 (Client 1112620458),CRUDEOIL,560977,INR/bbl,-44.0,-11.0
2026-08-07 16:00,2026-08-07,16,7345.0,7345.0,7302.0,7311.0,4211.0,Dhan HQ Paid API v2 (Client 1112620458),CRUDEOIL,560977,INR/bbl,-34.0,10.0
2026-08-07 17:00,2026-08-07,17,7311.0,7382.0,7290.0,7366.0,4781.0,Dhan HQ Paid API v2 (Client 1112620458),CRUDEOIL,560977,INR/bbl,55.0,89.0
2026-08-07 18:00,2026-08-07,18,7369.0,7369.0,7280.0,7315.0,6410.0,Dhan HQ Paid API v2 (Client 1112620458),CRUDEOIL,560977,INR/bbl,-54.0,-109.0
2026-08-07 19:00,2026-08-07,19,7317.0,7423.0,7310.0,7390.0,6314.0,Dhan HQ Paid API v2 (Client 1112620458),CRUDEOIL,560977,INR/bbl,73.0,127.0
2026-08-07 20:00,2026-08-07,20,7390.0,7470.0,7366.0,7444.0,6895.0,Dhan HQ Paid API v2 (Client 1112620458),CRUDEOIL,560977,INR/bbl,54.0,-19.0
2026-08-07 21:00,2026-08-07,21,7444.0,7473.0,7423.0,7464.0,6389.0,Dhan HQ Paid API v2 (Client 1112620458),CRUDEOIL,560977,INR/bbl,20.0,-34.0
2026-08-07 22:00,2026-08-07,22,7464.0,7470.0,7414.0,7427.0,3111.0,Dhan HQ Paid API v2 (Client 1112620458),CRUDEOIL,560977,INR/bbl,-37.0,-57.0
2026-08-07 23:00,2026-08-07,23,7427.0,7442.0,7403.0,7438.0,2831.0,Dhan HQ Paid API v2 (Client 1112620458),CRUDEOIL,560977,INR/bbl,11.0,48.0
2026-08-10 09:00,2026-08-10,9,7486.0,7518.0,7486.0,7504.0,1854.0,Dhan HQ Paid API v2 (Client 1112620458),CRUDEOIL,560977,INR/bbl,18.0,7.0
2026-08-10 10:00,2026-08-10,10,7504.0,7504.0,7462.0,7475.0,1703.0,Dhan HQ Paid API v2 (Client 1112620458),CRUDEOIL,560977,INR/bbl,-29.0,-47.0
2026-08-10 11:00,2026-08-10,11,7475.0,7480.0,7412.0,7434.0,2419.0,Dhan HQ Paid API v2 (Client 1112620458),CRUDEOIL,560977,INR/bbl,-41.0,-12.0
2026-08-10 12:00,2026-08-10,12,7434.0,7491.0,7415.0,7434.0,3418.0,Dhan HQ Paid API v2 (Client 1112620458),CRUDEOIL,560977,INR/bbl,0.0,41.0
2026-08-10 13:00,2026-08-10,13,7434.0,7488.0,7412.0,7480.0,3727.0,Dhan HQ Paid API v2 (Client 1112620458),CRUDEOIL,560977,INR/bbl,46.0,46.0
2026-08-10 14:00,2026-08-10,14,7480.0,7560.0,7468.0,7506.0,4472.0,Dhan HQ Paid API v2 (Client 1112620458),CRUDEOIL,560977,INR/bbl,26.0,-20.0
2026-08-10 15:00,2026-08-10,15,7506.0,7538.0,7477.0,7507.0,3150.0,Dhan HQ Paid API v2 (Client 1112620458),CRUDEOIL,560977,INR/bbl,1.0,-25.0
2026-08-10 16:00,2026-08-10,16,7507.0,7585.0,7505.0,7539.0,4908.0,Dhan HQ Paid API v2 (Client 1112620458),CRUDEOIL,560977,INR/bbl,32.0,31.0
2026-08-10 17:00,2026-08-10,17,7539.0,7586.0,7535.0,7558.0,4246.0,Dhan HQ Paid API v2 (Client 1112620458),CRUDEOIL,560977,INR/bbl,19.0,-13.0
2026-08-10 18:00,2026-08-10,18,7558.0,7617.0,7547.0,7590.0,9777.0,Dhan HQ Paid API v2 (Client 1112620458),CRUDEOIL,560977,INR/bbl,32.0,13.0
2026-08-10 19:00,2026-08-10,19,7590.0,7717.0,7587.0,7659.0,14678.0,Dhan HQ Paid API v2 (Client 1112620458),CRUDEOIL,560977,INR/bbl,69.0,37.0
2026-08-10 20:00,2026-08-10,20,7661.0,7750.0,7657.0,7740.0,10482.0,Dhan HQ Paid API v2 (Client 1112620458),CRUDEOIL,560977,INR/bbl,79.0,10.0
2026-08-10 21:00,2026-08-10,21,7740.0,7759.0,7710.0,7736.0,7885.0,Dhan HQ Paid API v2 (Client 1112620458),CRUDEOIL,560977,INR/bbl,-4.0,-83.0
2026-08-10 22:00,2026-08-10,22,7736.0,7790.0,7729.0,7784.0,11997.0,Dhan HQ Paid API v2 (Client 1112620458),CRUDEOIL,560977,INR/bbl,48.0,52.0
2026-08-10 23:00,2026-08-10,23,7784.0,7820.0,7774.0,7820.0,4863.0,Dhan HQ Paid API v2 (Client 1112620458),CRUDEOIL,560977,INR/bbl,36.0,-12.0
2026-08-11 09:00,2026-08-11,9,7851.0,7852.0,7817.0,7828.0,2232.0,Dhan HQ Paid API v2 (Client 1112620458),CRUDEOIL,560977,INR/bbl,-23.0,-59.0
2026-08-11 10:00,2026-08-11,10,7822.0,7879.0,7821.0,7866.0,2746.0,Dhan HQ Paid API v2 (Client 1112620458),CRUDEOIL,560977,INR/bbl,44.0,67.0
2026-08-11 11:00,2026-08-11,11,7866.0,7907.0,7840.0,7907.0,2731.0,Dhan HQ Paid API v2 (Client 1112620458),CRUDEOIL,560977,INR/bbl,41.0,-3.0
2026-08-11 12:00,2026-08-11,12,7907.0,8018.0,7899.0,7993.0,5912.0,Dhan HQ Paid API v2 (Client 1112620458),CRUDEOIL,560977,INR/bbl,86.0,45.0
2026-08-11 13:00,2026-08-11,13,7993.0,8062.0,7985.0,8054.0,4613.0,Dhan HQ Paid API v2 (Client 1112620458),CRUDEOIL,560977,INR/bbl,61.0,-25.0
2026-08-11 14:00,2026-08-11,14,8054.0,8075.0,8035.0,8038.0,3091.0,Dhan HQ Paid API v2 (Client 1112620458),CRUDEOIL,560977,INR/bbl,-16.0,-77.0
2026-08-11 15:00,2026-08-11,15,8038.0,8060.0,7950.0,7976.0,5928.0,Dhan HQ Paid API v2 (Client 1112620458),CRUDEOIL,560977,INR/bbl,-62.0,-46.0
2026-08-11 16:00,2026-08-11,16,7976.0,7995.0,7785.0,7850.0,23283.0,Dhan HQ Paid API v2 (Client 1112620458),CRUDEOIL,560977,INR/bbl,-126.0,-64.0
2026-08-11 17:00,2026-08-11,17,7850.0,7892.0,7803.0,7868.0,8765.0,Dhan HQ Paid API v2 (Client 1112620458),CRUDEOIL,560977,INR/bbl,18.0,144.0
2026-08-11 18:00,2026-08-11,18,7868.0,7880.0,7764.0,7777.0,10417.0,Dhan HQ Paid API v2 (Client 1112620458),CRUDEOIL,560977,INR/bbl,-91.0,-109.0
2026-08-11 19:00,2026-08-11,19,7777.0,7843.0,7746.0,7840.0,6979.0,Dhan HQ Paid API v2 (Client 1112620458),CRUDEOIL,560977,INR/bbl,63.0,154.0
2026-08-11 20:00,2026-08-11,20,7840.0,7888.0,7828.0,7876.0,5729.0,Dhan HQ Paid API v2 (Client 1112620458),CRUDEOIL,560977,INR/bbl,36.0,-27.0
2026-08-11 21:00,2026-08-11,21,7879.0,7951.0,7876.0,7898.0,8213.0,Dhan HQ Paid API v2 (Client 1112620458),CRUDEOIL,560977,INR/bbl,19.0,-17.0
2026-08-11 22:00,2026-08-11,22,7900.0,7949.0,7897.0,7943.0,2867.0,Dhan HQ Paid API v2 (Client 1112620458),CRUDEOIL,560977,INR/bbl,43.0,24.0
2026-08-11 23:00,2026-08-11,23,7943.0,7949.0,7916.0,7943.0,2571.0,Dhan HQ Paid API v2 (Client 1112620458),CRUDEOIL,560977,INR/bbl,0.0,-43.0
2026-08-12 09:00,2026-08-12,9,8014.0,8049.0,8000.0,8016.0,2402.0,Dhan HQ Paid API v2 (Client 1112620458),CRUDEOIL,560977,INR/bbl,2.0,2.0
2026-08-12 10:00,2026-08-12,10,8016.0,8025.0,7980.0,7997.0,2007.0,Dhan HQ Paid API v2 (Client 1112620458),CRUDEOIL,560977,INR/bbl,-19.0,-21.0
2026-08-12 11:00,2026-08-12,11,7997.0,8029.0,7968.0,8004.0,1675.0,Dhan HQ Paid API v2 (Client 1112620458),CRUDEOIL,560977,INR/bbl,7.0,26.0
2026-08-12 12:00,2026-08-12,12,8004.0,8018.0,7960.0,8000.0,3233.0,Dhan HQ Paid API v2 (Client 1112620458),CRUDEOIL,560977,INR/bbl,-4.0,-11.0
2026-08-12 13:00,2026-08-12,13,8000.0,8023.0,7955.0,7962.0,2666.0,Dhan HQ Paid API v2 (Client 1112620458),CRUDEOIL,560977,INR/bbl,-38.0,-34.0
2026-08-12 14:00,2026-08-12,14,7962.0,7991.0,7878.0,7883.0,9542.0,Dhan HQ Paid API v2 (Client 1112620458),CRUDEOIL,560977,INR/bbl,-79.0,-41.0
2026-08-12 15:00,2026-08-12,15,7883.0,7936.0,7858.0,7921.0,4354.0,Dhan HQ Paid API v2 (Client 1112620458),CRUDEOIL,560977,INR/bbl,38.0,117.0
2026-08-12 16:00,2026-08-12,16,7921.0,7980.0,7910.0,7952.0,6162.0,Dhan HQ Paid API v2 (Client 1112620458),CRUDEOIL,560977,INR/bbl,31.0,-7.0
2026-08-12 17:00,2026-08-12,17,7952.0,7992.0,7925.0,7981.0,2394.0,Dhan HQ Paid API v2 (Client 1112620458),CRUDEOIL,560977,INR/bbl,29.0,-2.0
2026-08-12 18:00,2026-08-12,18,7981.0,7998.0,7878.0,7902.0,6089.0,Dhan HQ Paid API v2 (Client 1112620458),CRUDEOIL,560977,INR/bbl,-79.0,-108.0
2026-08-12 19:00,2026-08-12,19,7902.0,7921.0,7866.0,7915.0,3321.0,Dhan HQ Paid API v2 (Client 1112620458),CRUDEOIL,560977,INR/bbl,13.0,92.0
2026-08-12 20:00,2026-08-12,20,7919.0,7949.0,7865.0,7932.0,8009.0,Dhan HQ Paid API v2 (Client 1112620458),CRUDEOIL,560977,INR/bbl,13.0,0.0
2026-08-12 21:00,2026-08-12,21,7937.0,7963.0,7913.0,7928.0,2626.0,Dhan HQ Paid API v2 (Client 1112620458),CRUDEOIL,560977,INR/bbl,-9.0,-22.0
2026-08-12 22:00,2026-08-12,22,7930.0,7954.0,7900.0,7920.0,2443.0,Dhan HQ Paid API v2 (Client 1112620458),CRUDEOIL,560977,INR/bbl,-10.0,-1.0
2026-08-12 23:00,2026-08-12,23,7920.0,7941.0,7911.0,7932.0,1615.0,Dhan HQ Paid API v2 (Client 1112620458),CRUDEOIL,560977,INR/bbl,12.0,22.0
2026-08-13 09:00,2026-08-13,9,7862.0,7914.0,7856.0,7913.0,2178.0,Dhan HQ Paid API v2 (Client 1112620458),CRUDEOIL,560977,INR/bbl,51.0,39.0
2026-08-13 10:00,2026-08-13,10,7913.0,7934.0,7900.0,7914.0,1342.0,Dhan HQ Paid API v2 (Client 1112620458),CRUDEOIL,560977,INR/bbl,1.0,-50.0
2026-08-13 11:00,2026-08-13,11,7912.0,7936.0,7903.0,7919.0,828.0,Dhan HQ Paid API v2 (Client 1112620458),CRUDEOIL,560977,INR/bbl,7.0,6.0
2026-08-13 12:00,2026-08-13,12,7919.0,7948.0,7880.0,7882.0,1697.0,Dhan HQ Paid API v2 (Client 1112620458),CRUDEOIL,560977,INR/bbl,-37.0,-44.0
2026-08-13 13:00,2026-08-13,13,7882.0,7882.0,7808.0,7834.0,3432.0,Dhan HQ Paid API v2 (Client 1112620458),CRUDEOIL,560977,INR/bbl,-48.0,-11.0
2026-08-13 14:00,2026-08-13,14,7834.0,7839.0,7757.0,7800.0,2754.0,Dhan HQ Paid API v2 (Client 1112620458),CRUDEOIL,560977,INR/bbl,-34.0,14.0
2026-08-13 15:00,2026-08-13,15,7800.0,7848.0,7782.0,7782.0,2307.0,Dhan HQ Paid API v2 (Client 1112620458),CRUDEOIL,560977,INR/bbl,-18.0,16.0
2026-08-13 16:00,2026-08-13,16,7782.0,7796.0,7759.0,7791.0,2007.0,Dhan HQ Paid API v2 (Client 1112620458),CRUDEOIL,560977,INR/bbl,9.0,27.0
2026-08-13 17:00,2026-08-13,17,7791.0,7801.0,7739.0,7778.0,2846.0,Dhan HQ Paid API v2 (Client 1112620458),CRUDEOIL,560977,INR/bbl,-13.0,-22.0
2026-08-13 18:00,2026-08-13,18,7778.0,7784.0,7710.0,7732.0,3983.0,Dhan HQ Paid API v2 (Client 1112620458),CRUDEOIL,560977,INR/bbl,-46.0,-33.0
2026-08-13 19:00,2026-08-13,19,7732.0,7761.0,7641.0,7708.0,7497.0,Dhan HQ Paid API v2 (Client 1112620458),CRUDEOIL,560977,INR/bbl,-24.0,22.0
2026-08-13 20:00,2026-08-13,20,7709.0,7895.0,7702.0,7891.0,9187.0,Dhan HQ Paid API v2 (Client 1112620458),CRUDEOIL,560977,INR/bbl,182.0,206.0
2026-08-13 21:00,2026-08-13,21,7886.0,7892.0,7828.0,7853.0,4600.0,Dhan HQ Paid API v2 (Client 1112620458),CRUDEOIL,560977,INR/bbl,-33.0,-215.0
2026-08-13 22:00,2026-08-13,22,7853.0,7858.0,7808.0,7813.0,2697.0,Dhan HQ Paid API v2 (Client 1112620458),CRUDEOIL,560977,INR/bbl,-40.0,-7.0
2026-08-13 23:00,2026-08-13,23,7813.0,7835.0,7808.0,7811.0,1492.0,Dhan HQ Paid API v2 (Client 1112620458),CRUDEOIL,560977,INR/bbl,-2.0,38.0
2026-08-14 09:00,2026-08-14,9,7760.0,7780.0,7747.0,7758.0,2052.0,Dhan HQ Paid API v2 (Client 1112620458),CRUDEOIL,560977,INR/bbl,-2.0,0.0
2026-08-14 10:00,2026-08-14,10,7758.0,7771.0,7750.0,7768.0,748.0,Dhan HQ Paid API v2 (Client 1112620458),CRUDEOIL,560977,INR/bbl,10.0,12.0
2026-08-14 11:00,2026-08-14,11,7768.0,7839.0,7768.0,7833.0,1835.0,Dhan HQ Paid API v2 (Client 1112620458),CRUDEOIL,560977,INR/bbl,65.0,55.0
