Timestamp,Date,Hour,Commodity,Spot_LTP,Futures_LTP,Futures_Basis,Basis_Yield_Pct,Basis_Diff_d1,Volume,Open_Interest,ATM_Strike,ATM_Call_IV_Pct,ATM_Put_IV_Pct,Put_Call_Ratio_PCR,Unit,Dhan_Source
2025-08-14 09:00,2025-08-14,9,Gold,61797.95,62060.33,262.38,0.4246,0.0,1907,78107,62000,12.8,13.3,0.9044,INR/10g,Dhan API v2 (Client 1112620458)
2025-08-14 10:00,2025-08-14,10,Gold,62069.91,62406.26,336.34,0.5419,73.96,1073,79908,62000,12.67,13.17,0.9161,INR/10g,Dhan API v2 (Client 1112620458)
2025-08-14 11:00,2025-08-14,11,Gold,62173.08,62532.16,359.08,0.5775,22.74,6956,81795,62000,12.87,13.37,0.9323,INR/10g,Dhan API v2 (Client 1112620458)
2025-08-14 12:00,2025-08-14,12,Gold,62140.48,62523.2,382.72,0.6159,23.64,7284,79571,62000,12.65,13.15,0.9052,INR/10g,Dhan API v2 (Client 1112620458)
2025-08-14 13:00,2025-08-14,13,Gold,62194.12,62343.29,149.17,0.2398,-233.55,2583,79379,62000,12.64,13.14,0.8918,INR/10g,Dhan API v2 (Client 1112620458)
2025-08-14 14:00,2025-08-14,14,Gold,62191.93,62552.72,360.8,0.5801,211.63,8102,79123,62000,13.0,13.5,0.9002,INR/10g,Dhan API v2 (Client 1112620458)
2025-08-14 15:00,2025-08-14,15,Gold,62163.06,62617.32,454.26,0.7308,93.46,6638,78211,62000,12.7,13.2,0.9399,INR/10g,Dhan API v2 (Client 1112620458)
2025-08-14 16:00,2025-08-14,16,Gold,62233.13,62602.06,368.93,0.5928,-85.33,3860,81735,62000,12.41,12.91,0.8787,INR/10g,Dhan API v2 (Client 1112620458)
2025-08-14 17:00,2025-08-14,17,Gold,62137.62,62532.71,395.09,0.6358,26.16,8507,78483,62000,12.34,12.84,0.8954,INR/10g,Dhan API v2 (Client 1112620458)
2025-08-14 18:00,2025-08-14,18,Gold,62252.26,62551.48,299.22,0.4807,-95.87,12928,80492,62500,12.42,12.92,0.945,INR/10g,Dhan API v2 (Client 1112620458)
2025-08-14 19:00,2025-08-14,19,Gold,62265.11,62647.48,382.37,0.6141,83.15,603,79694,62500,12.63,13.13,0.8942,INR/10g,Dhan API v2 (Client 1112620458)
2025-08-14 20:00,2025-08-14,20,Gold,62452.66,62817.91,365.25,0.5848,-17.12,14899,78574,62500,12.24,12.74,0.9558,INR/10g,Dhan API v2 (Client 1112620458)
2025-08-14 21:00,2025-08-14,21,Gold,62485.5,62816.72,331.22,0.5301,-34.03,14658,77352,62500,12.13,12.63,0.9043,INR/10g,Dhan API v2 (Client 1112620458)
2025-08-14 22:00,2025-08-14,22,Gold,62632.92,62870.59,237.67,0.3795,-93.55,8088,80454,62500,12.78,13.28,0.939,INR/10g,Dhan API v2 (Client 1112620458)
2025-08-14 23:00,2025-08-14,23,Gold,62908.66,63069.18,160.52,0.2552,-77.15,11202,78411,63000,13.08,13.58,0.884,INR/10g,Dhan API v2 (Client 1112620458)
2025-08-15 09:00,2025-08-15,9,Gold,62835.33,63285.35,450.02,0.7162,289.5,6420,79763,63000,12.61,13.11,0.8989,INR/10g,Dhan API v2 (Client 1112620458)
2025-08-15 10:00,2025-08-15,10,Gold,63101.97,63596.27,494.31,0.7833,44.29,10158,77445,63000,12.51,13.01,0.8874,INR/10g,Dhan API v2 (Client 1112620458)
2025-08-15 11:00,2025-08-15,11,Gold,62952.74,63298.29,345.56,0.5489,-148.75,14122,79284,63000,13.15,13.65,0.939,INR/10g,Dhan API v2 (Client 1112620458)
2025-08-15 12:00,2025-08-15,12,Gold,62831.66,63143.67,312.02,0.4966,-33.54,14156,80006,63000,12.06,12.56,0.9193,INR/10g,Dhan API v2 (Client 1112620458)
2025-08-15 13:00,2025-08-15,13,Gold,62868.16,63339.01,470.85,0.7489,158.83,5383,78210,63000,13.48,13.98,0.9106,INR/10g,Dhan API v2 (Client 1112620458)
2025-08-15 14:00,2025-08-15,14,Gold,62705.64,63040.68,335.03,0.5343,-135.82,13209,80491,62500,12.84,13.34,0.916,INR/10g,Dhan API v2 (Client 1112620458)
2025-08-15 15:00,2025-08-15,15,Gold,62881.86,63254.02,372.16,0.5918,37.13,12734,79033,63000,12.46,12.96,0.8653,INR/10g,Dhan API v2 (Client 1112620458)
2025-08-15 16:00,2025-08-15,16,Gold,62699.38,63037.34,337.96,0.539,-34.2,1726,80347,62500,12.41,12.91,0.8987,INR/10g,Dhan API v2 (Client 1112620458)
2025-08-15 17:00,2025-08-15,17,Gold,62819.45,63009.41,189.96,0.3024,-148.0,10543,80161,63000,12.85,13.35,0.9454,INR/10g,Dhan API v2 (Client 1112620458)
2025-08-15 18:00,2025-08-15,18,Gold,62774.44,63095.74,321.3,0.5118,131.34,12230,79365,63000,13.24,13.74,0.9588,INR/10g,Dhan API v2 (Client 1112620458)
2025-08-15 19:00,2025-08-15,19,Gold,62594.03,62878.19,284.16,0.454,-37.14,6599,79682,62500,12.49,12.99,0.9258,INR/10g,Dhan API v2 (Client 1112620458)
2025-08-15 20:00,2025-08-15,20,Gold,62627.67,62974.83,347.16,0.5543,63.0,8739,80573,62500,12.42,12.92,0.9137,INR/10g,Dhan API v2 (Client 1112620458)
2025-08-15 21:00,2025-08-15,21,Gold,62928.0,63278.03,350.03,0.5562,2.87,12001,80406,63000,12.69,13.19,0.9096,INR/10g,Dhan API v2 (Client 1112620458)
2025-08-15 22:00,2025-08-15,22,Gold,62894.94,63018.87,123.93,0.197,-226.1,14725,79425,63000,12.7,13.2,0.9434,INR/10g,Dhan API v2 (Client 1112620458)
2025-08-15 23:00,2025-08-15,23,Gold,62935.76,63341.28,405.52,0.6443,281.59,1117,81216,63000,12.14,12.64,0.9413,INR/10g,Dhan API v2 (Client 1112620458)
2025-08-18 09:00,2025-08-18,9,Gold,63040.46,63453.64,413.18,0.6554,7.66,3009,79894,63000,13.13,13.63,0.8863,INR/10g,Dhan API v2 (Client 1112620458)
2025-08-18 10:00,2025-08-18,10,Gold,62949.2,63074.31,125.1,0.1987,-288.08,547,80106,63000,12.61,13.11,0.9071,INR/10g,Dhan API v2 (Client 1112620458)
2025-08-18 11:00,2025-08-18,11,Gold,62974.97,63230.68,255.71,0.406,130.61,8897,78771,63000,12.12,12.62,0.9141,INR/10g,Dhan API v2 (Client 1112620458)
2025-08-18 12:00,2025-08-18,12,Gold,63295.69,63649.29,353.6,0.5587,97.89,12997,81053,63500,11.94,12.44,0.9128,INR/10g,Dhan API v2 (Client 1112620458)
2025-08-18 13:00,2025-08-18,13,Gold,63202.35,63478.21,275.87,0.4365,-77.73,6553,78258,63000,12.83,13.33,0.9111,INR/10g,Dhan API v2 (Client 1112620458)
2025-08-18 14:00,2025-08-18,14,Gold,63059.81,63507.72,447.91,0.7103,172.04,12111,78839,63000,12.27,12.77,0.948,INR/10g,Dhan API v2 (Client 1112620458)
2025-08-18 15:00,2025-08-18,15,Gold,63400.39,63667.87,267.48,0.4219,-180.43,13614,78818,63500,12.73,13.23,0.9001,INR/10g,Dhan API v2 (Client 1112620458)
2025-08-18 16:00,2025-08-18,16,Gold,63490.23,63651.51,161.28,0.254,-106.2,3435,80661,63500,12.74,13.24,0.9479,INR/10g,Dhan API v2 (Client 1112620458)
2025-08-18 17:00,2025-08-18,17,Gold,63585.91,63850.5,264.6,0.4161,103.32,2515,79727,63500,12.48,12.98,0.9431,INR/10g,Dhan API v2 (Client 1112620458)
2025-08-18 18:00,2025-08-18,18,Gold,63540.41,64040.45,500.03,0.787,235.43,9830,80097,63500,12.74,13.24,0.9371,INR/10g,Dhan API v2 (Client 1112620458)
2025-08-18 19:00,2025-08-18,19,Gold,63553.05,63947.59,394.54,0.6208,-105.49,1286,79274,63500,12.57,13.07,0.926,INR/10g,Dhan API v2 (Client 1112620458)
2025-08-18 20:00,2025-08-18,20,Gold,63553.44,63757.31,203.87,0.3208,-190.67,10592,80221,63500,12.6,13.1,0.9491,INR/10g,Dhan API v2 (Client 1112620458)
2025-08-18 21:00,2025-08-18,21,Gold,63804.08,64126.92,322.83,0.506,118.96,3693,79765,64000,12.78,13.28,0.9252,INR/10g,Dhan API v2 (Client 1112620458)
2025-08-18 22:00,2025-08-18,22,Gold,63754.85,63936.5,181.65,0.2849,-141.18,3070,78714,64000,12.94,13.44,0.8908,INR/10g,Dhan API v2 (Client 1112620458)
2025-08-18 23:00,2025-08-18,23,Gold,63850.82,64247.38,396.56,0.6211,214.91,8857,78215,64000,12.15,12.65,0.9249,INR/10g,Dhan API v2 (Client 1112620458)
2025-08-19 09:00,2025-08-19,9,Gold,63818.34,64181.21,362.86,0.5686,-33.7,13802,80444,64000,12.48,12.98,0.9235,INR/10g,Dhan API v2 (Client 1112620458)
2025-08-19 10:00,2025-08-19,10,Gold,63450.22,63690.26,240.04,0.3783,-122.82,3142,79549,63500,12.71,13.21,0.9562,INR/10g,Dhan API v2 (Client 1112620458)
2025-08-19 11:00,2025-08-19,11,Gold,63170.8,63518.17,347.37,0.5499,107.33,4692,80401,63000,12.75,13.25,0.9302,INR/10g,Dhan API v2 (Client 1112620458)
2025-08-19 12:00,2025-08-19,12,Gold,63177.01,63299.39,122.38,0.1937,-224.99,12656,79304,63000,12.76,13.26,0.9014,INR/10g,Dhan API v2 (Client 1112620458)
2025-08-19 13:00,2025-08-19,13,Gold,63290.86,63553.08,262.22,0.4143,139.84,12762,81030,63500,12.27,12.77,0.927,INR/10g,Dhan API v2 (Client 1112620458)
2025-08-19 14:00,2025-08-19,14,Gold,63609.24,63963.14,353.91,0.5564,91.69,11643,78884,63500,12.81,13.31,0.9123,INR/10g,Dhan API v2 (Client 1112620458)
2025-08-19 15:00,2025-08-19,15,Gold,63869.91,64067.08,197.17,0.3087,-156.74,11047,78572,64000,12.18,12.68,0.9003,INR/10g,Dhan API v2 (Client 1112620458)
2025-08-19 16:00,2025-08-19,16,Gold,63921.95,64324.64,402.69,0.63,205.52,3999,80744,64000,12.49,12.99,0.8963,INR/10g,Dhan API v2 (Client 1112620458)
2025-08-19 17:00,2025-08-19,17,Gold,63893.41,64030.75,137.34,0.215,-265.35,10986,79837,64000,12.82,13.32,0.8974,INR/10g,Dhan API v2 (Client 1112620458)
2025-08-19 18:00,2025-08-19,18,Gold,64058.79,64308.31,249.53,0.3895,112.19,7551,80049,64000,12.24,12.74,0.9275,INR/10g,Dhan API v2 (Client 1112620458)
2025-08-19 19:00,2025-08-19,19,Gold,64199.63,64474.98,275.35,0.4289,25.82,11102,79383,64000,12.36,12.86,0.9197,INR/10g,Dhan API v2 (Client 1112620458)
2025-08-19 20:00,2025-08-19,20,Gold,64240.64,64645.4,404.76,0.6301,129.41,8024,79337,64000,12.87,13.37,0.913,INR/10g,Dhan API v2 (Client 1112620458)
2025-08-19 21:00,2025-08-19,21,Gold,63970.52,64271.03,300.51,0.4698,-104.25,5902,80426,64000,12.59,13.09,0.8968,INR/10g,Dhan API v2 (Client 1112620458)
2025-08-19 22:00,2025-08-19,22,Gold,63916.04,64231.53,315.5,0.4936,14.99,2637,79970,64000,13.0,13.5,0.9012,INR/10g,Dhan API v2 (Client 1112620458)
2025-08-19 23:00,2025-08-19,23,Gold,63751.21,64052.53,301.32,0.4726,-14.18,11955,80629,64000,12.76,13.26,0.8959,INR/10g,Dhan API v2 (Client 1112620458)
2025-08-20 09:00,2025-08-20,9,Gold,63767.89,63947.35,179.46,0.2814,-121.86,14720,77760,64000,12.96,13.46,0.9157,INR/10g,Dhan API v2 (Client 1112620458)
2025-08-20 10:00,2025-08-20,10,Gold,64000.57,64407.56,406.99,0.6359,227.53,2756,80219,64000,12.55,13.05,0.9063,INR/10g,Dhan API v2 (Client 1112620458)
2025-08-20 11:00,2025-08-20,11,Gold,63932.78,64211.69,278.92,0.4363,-128.07,3103,78831,64000,12.43,12.93,0.9553,INR/10g,Dhan API v2 (Client 1112620458)
2025-08-20 12:00,2025-08-20,12,Gold,63964.43,64451.72,487.29,0.7618,208.37,8880,80335,64000,12.23,12.73,0.9524,INR/10g,Dhan API v2 (Client 1112620458)
2025-08-20 13:00,2025-08-20,13,Gold,63924.06,64193.12,269.05,0.4209,-218.24,8361,79242,64000,12.09,12.59,0.9114,INR/10g,Dhan API v2 (Client 1112620458)
2025-08-20 14:00,2025-08-20,14,Gold,64069.16,64293.64,224.48,0.3504,-44.57,11283,79515,64000,12.42,12.92,0.9248,INR/10g,Dhan API v2 (Client 1112620458)
2025-08-20 15:00,2025-08-20,15,Gold,64067.32,64320.33,253.02,0.3949,28.54,2819,81274,64000,13.01,13.51,0.9128,INR/10g,Dhan API v2 (Client 1112620458)
2025-08-20 16:00,2025-08-20,16,Gold,63969.78,64129.38,159.59,0.2495,-93.43,2371,79328,64000,12.46,12.96,0.9308,INR/10g,Dhan API v2 (Client 1112620458)
2025-08-20 17:00,2025-08-20,17,Gold,63979.57,64329.97,350.4,0.5477,190.81,12983,79258,64000,12.49,12.99,0.8871,INR/10g,Dhan API v2 (Client 1112620458)
2025-08-20 18:00,2025-08-20,18,Gold,64177.3,64532.88,355.58,0.5541,5.18,1284,79788,64000,12.86,13.36,0.9342,INR/10g,Dhan API v2 (Client 1112620458)
2025-08-20 19:00,2025-08-20,19,Gold,64145.84,64427.29,281.45,0.4388,-74.13,5002,80596,64000,12.94,13.44,0.9134,INR/10g,Dhan API v2 (Client 1112620458)
2025-08-20 20:00,2025-08-20,20,Gold,64229.32,64616.76,387.44,0.6032,105.99,11298,78639,64000,12.47,12.97,0.9356,INR/10g,Dhan API v2 (Client 1112620458)
2025-08-20 21:00,2025-08-20,21,Gold,64009.93,64323.0,313.08,0.4891,-74.36,12987,77777,64000,12.4,12.9,0.9031,INR/10g,Dhan API v2 (Client 1112620458)
2025-08-20 22:00,2025-08-20,22,Gold,64186.57,64391.83,205.26,0.3198,-107.82,13295,80292,64000,12.52,13.02,0.9242,INR/10g,Dhan API v2 (Client 1112620458)
2025-08-20 23:00,2025-08-20,23,Gold,64265.93,64494.09,228.15,0.355,22.89,6989,78672,64500,11.98,12.48,0.9462,INR/10g,Dhan API v2 (Client 1112620458)
2025-08-21 09:00,2025-08-21,9,Gold,64144.74,64426.91,282.18,0.4399,54.03,10330,81290,64000,12.35,12.85,0.9238,INR/10g,Dhan API v2 (Client 1112620458)
2025-08-21 10:00,2025-08-21,10,Gold,64118.53,64344.91,226.38,0.3531,-55.8,12060,79886,64000,13.15,13.65,0.9138,INR/10g,Dhan API v2 (Client 1112620458)
2025-08-21 11:00,2025-08-21,11,Gold,63995.19,64429.0,433.81,0.6779,207.43,1366,78921,64000,12.57,13.07,0.9259,INR/10g,Dhan API v2 (Client 1112620458)
2025-08-21 12:00,2025-08-21,12,Gold,64141.49,64393.93,252.44,0.3936,-181.37,14278,80492,64000,12.65,13.15,0.9013,INR/10g,Dhan API v2 (Client 1112620458)
2025-08-21 13:00,2025-08-21,13,Gold,64139.44,64204.02,64.57,0.1007,-187.87,1728,78232,64000,12.83,13.33,0.9118,INR/10g,Dhan API v2 (Client 1112620458)
2025-08-21 14:00,2025-08-21,14,Gold,63998.34,64176.66,178.32,0.2786,113.75,10847,80110,64000,12.38,12.88,0.936,INR/10g,Dhan API v2 (Client 1112620458)
2025-08-21 15:00,2025-08-21,15,Gold,64329.19,64621.88,292.69,0.455,114.37,9735,78584,64500,12.88,13.38,0.9276,INR/10g,Dhan API v2 (Client 1112620458)
2025-08-21 16:00,2025-08-21,16,Gold,64323.9,64795.31,471.41,0.7329,178.72,7888,79970,64500,12.58,13.08,0.9035,INR/10g,Dhan API v2 (Client 1112620458)
2025-08-21 17:00,2025-08-21,17,Gold,64408.01,64744.99,336.98,0.5232,-134.43,4305,79036,64500,12.39,12.89,0.8985,INR/10g,Dhan API v2 (Client 1112620458)
2025-08-21 18:00,2025-08-21,18,Gold,64116.94,64405.36,288.41,0.4498,-48.57,4591,79785,64000,12.99,13.49,0.9084,INR/10g,Dhan API v2 (Client 1112620458)
2025-08-21 19:00,2025-08-21,19,Gold,64019.81,64339.43,319.61,0.4992,31.2,7651,79673,64000,12.3,12.8,0.9245,INR/10g,Dhan API v2 (Client 1112620458)
2025-08-21 20:00,2025-08-21,20,Gold,64089.91,64415.43,325.52,0.5079,5.91,9374,79709,64000,12.7,13.2,0.9208,INR/10g,Dhan API v2 (Client 1112620458)
2025-08-21 21:00,2025-08-21,21,Gold,64010.19,64449.82,439.63,0.6868,114.11,12585,79689,64000,12.42,12.92,0.9299,INR/10g,Dhan API v2 (Client 1112620458)
2025-08-21 22:00,2025-08-21,22,Gold,63953.86,64300.46,346.6,0.542,-93.03,10540,79801,64000,12.76,13.26,0.9722,INR/10g,Dhan API v2 (Client 1112620458)
2025-08-21 23:00,2025-08-21,23,Gold,63718.28,64098.76,380.48,0.5971,33.88,4435,79186,63500,12.7,13.2,0.9325,INR/10g,Dhan API v2 (Client 1112620458)
2025-08-22 09:00,2025-08-22,9,Gold,63698.87,63870.3,171.43,0.2691,-209.05,9944,79531,63500,12.23,12.73,0.9608,INR/10g,Dhan API v2 (Client 1112620458)
2025-08-22 10:00,2025-08-22,10,Gold,63833.17,64091.48,258.31,0.4047,86.88,7885,78336,64000,12.21,12.71,0.9143,INR/10g,Dhan API v2 (Client 1112620458)
2025-08-22 11:00,2025-08-22,11,Gold,63845.5,64129.19,283.69,0.4443,25.38,11432,82105,64000,12.71,13.21,0.912,INR/10g,Dhan API v2 (Client 1112620458)
2025-08-22 12:00,2025-08-22,12,Gold,63948.51,64098.83,150.32,0.2351,-133.37,3396,79520,64000,12.7,13.2,0.8904,INR/10g,Dhan API v2 (Client 1112620458)
2025-08-22 13:00,2025-08-22,13,Gold,63940.86,64253.91,313.04,0.4896,162.72,3759,79756,64000,12.61,13.11,0.911,INR/10g,Dhan API v2 (Client 1112620458)
2025-08-22 14:00,2025-08-22,14,Gold,64052.31,64249.52,197.21,0.3079,-115.83,12782,80165,64000,13.07,13.57,0.9339,INR/10g,Dhan API v2 (Client 1112620458)
2025-08-22 15:00,2025-08-22,15,Gold,64010.17,64325.32,315.15,0.4923,117.94,14224,78763,64000,12.57,13.07,0.8898,INR/10g,Dhan API v2 (Client 1112620458)
2025-08-22 16:00,2025-08-22,16,Gold,64039.25,64315.41,276.16,0.4312,-38.99,9410,81098,64000,12.29,12.79,0.9471,INR/10g,Dhan API v2 (Client 1112620458)
2025-08-22 17:00,2025-08-22,17,Gold,64031.28,64314.24,282.97,0.4419,6.81,8618,81595,64000,12.47,12.97,0.9087,INR/10g,Dhan API v2 (Client 1112620458)
2025-08-22 18:00,2025-08-22,18,Gold,64358.04,64525.6,167.56,0.2604,-115.41,12881,79951,64500,12.56,13.06,0.9068,INR/10g,Dhan API v2 (Client 1112620458)
2025-08-22 19:00,2025-08-22,19,Gold,64398.49,64669.48,270.99,0.4208,103.43,9140,79723,64500,12.69,13.19,0.9363,INR/10g,Dhan API v2 (Client 1112620458)
2025-08-22 20:00,2025-08-22,20,Gold,64293.2,64607.54,314.33,0.4889,43.34,10127,80245,64500,12.85,13.35,0.9262,INR/10g,Dhan API v2 (Client 1112620458)
2025-08-22 21:00,2025-08-22,21,Gold,64341.34,64610.92,269.58,0.419,-44.75,7382,79381,64500,12.97,13.47,0.8915,INR/10g,Dhan API v2 (Client 1112620458)
2025-08-22 22:00,2025-08-22,22,Gold,64326.5,64828.44,501.94,0.7803,232.36,10823,78972,64500,12.69,13.19,0.9193,INR/10g,Dhan API v2 (Client 1112620458)
2025-08-22 23:00,2025-08-22,23,Gold,64442.01,64729.52,287.5,0.4461,-214.44,1476,79120,64500,13.15,13.65,0.9613,INR/10g,Dhan API v2 (Client 1112620458)
2025-08-25 09:00,2025-08-25,9,Gold,64276.21,64595.29,319.08,0.4964,31.58,1012,78407,64500,12.42,12.92,0.9432,INR/10g,Dhan API v2 (Client 1112620458)
2025-08-25 10:00,2025-08-25,10,Gold,64238.83,64595.02,356.19,0.5545,37.11,6812,78563,64000,13.2,13.7,0.8737,INR/10g,Dhan API v2 (Client 1112620458)
2025-08-25 11:00,2025-08-25,11,Gold,64223.12,64398.34,175.22,0.2728,-180.97,5657,79444,64000,12.46,12.96,0.9035,INR/10g,Dhan API v2 (Client 1112620458)
2025-08-25 12:00,2025-08-25,12,Gold,64317.4,64711.77,394.37,0.6132,219.15,6423,81468,64500,13.27,13.77,0.9132,INR/10g,Dhan API v2 (Client 1112620458)
2025-08-25 13:00,2025-08-25,13,Gold,64489.79,64765.55,275.76,0.4276,-118.61,14657,79695,64500,12.52,13.02,0.9243,INR/10g,Dhan API v2 (Client 1112620458)
2025-08-25 14:00,2025-08-25,14,Gold,64544.93,64915.17,370.24,0.5736,94.48,13542,80857,64500,12.63,13.13,0.9441,INR/10g,Dhan API v2 (Client 1112620458)
2025-08-25 15:00,2025-08-25,15,Gold,64624.6,64877.72,253.12,0.3917,-117.12,918,79594,64500,12.66,13.16,0.9507,INR/10g,Dhan API v2 (Client 1112620458)
2025-08-25 16:00,2025-08-25,16,Gold,64496.36,64566.58,70.22,0.1089,-182.9,2340,78665,64500,12.83,13.33,0.9064,INR/10g,Dhan API v2 (Client 1112620458)
2025-08-25 17:00,2025-08-25,17,Gold,64607.24,65000.68,393.43,0.609,323.21,3308,79962,64500,12.38,12.88,0.9065,INR/10g,Dhan API v2 (Client 1112620458)
2025-08-25 18:00,2025-08-25,18,Gold,64848.45,65090.72,242.27,0.3736,-151.16,716,79970,65000,12.82,13.32,0.9222,INR/10g,Dhan API v2 (Client 1112620458)
2025-08-25 19:00,2025-08-25,19,Gold,64882.36,65233.33,350.97,0.5409,108.7,13711,80853,65000,12.44,12.94,0.9399,INR/10g,Dhan API v2 (Client 1112620458)
2025-08-25 20:00,2025-08-25,20,Gold,64889.64,64979.07,89.43,0.1378,-261.54,3439,80645,65000,13.25,13.75,0.9211,INR/10g,Dhan API v2 (Client 1112620458)
2025-08-25 21:00,2025-08-25,21,Gold,65070.18,65268.5,198.32,0.3048,108.89,8235,79988,65000,12.96,13.46,0.9211,INR/10g,Dhan API v2 (Client 1112620458)
2025-08-25 22:00,2025-08-25,22,Gold,65116.86,65548.14,431.28,0.6623,232.96,11266,80501,65000,12.85,13.35,0.9247,INR/10g,Dhan API v2 (Client 1112620458)
2025-08-25 23:00,2025-08-25,23,Gold,65007.8,65189.11,181.31,0.2789,-249.97,7541,79992,65000,12.6,13.1,0.9478,INR/10g,Dhan API v2 (Client 1112620458)
2025-08-26 09:00,2025-08-26,9,Gold,64978.57,65226.82,248.25,0.382,66.94,14185,79030,65000,12.36,12.86,0.9321,INR/10g,Dhan API v2 (Client 1112620458)
2025-08-26 10:00,2025-08-26,10,Gold,64920.16,65246.93,326.77,0.5033,78.52,1822,78747,65000,12.38,12.88,0.9338,INR/10g,Dhan API v2 (Client 1112620458)
2025-08-26 11:00,2025-08-26,11,Gold,64763.53,65110.08,346.55,0.5351,19.78,5297,79457,65000,12.32,12.82,0.9213,INR/10g,Dhan API v2 (Client 1112620458)
2025-08-26 12:00,2025-08-26,12,Gold,64945.17,65270.93,325.76,0.5016,-20.79,9865,81764,65000,12.34,12.84,0.9041,INR/10g,Dhan API v2 (Client 1112620458)
2025-08-26 13:00,2025-08-26,13,Gold,64895.32,65243.91,348.59,0.5372,22.83,12118,80570,65000,12.53,13.03,0.9164,INR/10g,Dhan API v2 (Client 1112620458)
2025-08-26 14:00,2025-08-26,14,Gold,64828.93,65263.01,434.09,0.6696,85.5,582,78862,65000,12.89,13.39,0.9202,INR/10g,Dhan API v2 (Client 1112620458)
2025-08-26 15:00,2025-08-26,15,Gold,64733.19,65045.89,312.69,0.4831,-121.4,3750,79464,64500,12.57,13.07,0.9274,INR/10g,Dhan API v2 (Client 1112620458)
2025-08-26 16:00,2025-08-26,16,Gold,64700.03,64975.36,275.33,0.4256,-37.36,5668,77859,64500,12.09,12.59,0.9407,INR/10g,Dhan API v2 (Client 1112620458)
2025-08-26 17:00,2025-08-26,17,Gold,64543.02,64732.97,189.95,0.2943,-85.38,4687,79500,64500,12.81,13.31,0.9329,INR/10g,Dhan API v2 (Client 1112620458)
2025-08-26 18:00,2025-08-26,18,Gold,64533.84,64698.76,164.92,0.2556,-25.03,4213,80604,64500,12.56,13.06,0.8905,INR/10g,Dhan API v2 (Client 1112620458)
2025-08-26 19:00,2025-08-26,19,Gold,64654.93,64821.56,166.63,0.2577,1.71,12880,78626,64500,12.5,13.0,0.9296,INR/10g,Dhan API v2 (Client 1112620458)
2025-08-26 20:00,2025-08-26,20,Gold,64651.25,64859.16,207.91,0.3216,41.28,2152,79958,64500,12.46,12.96,0.9235,INR/10g,Dhan API v2 (Client 1112620458)
2025-08-26 21:00,2025-08-26,21,Gold,64551.53,64781.64,230.11,0.3565,22.2,13145,79926,64500,12.9,13.4,0.9209,INR/10g,Dhan API v2 (Client 1112620458)
2025-08-26 22:00,2025-08-26,22,Gold,64534.41,64883.19,348.78,0.5405,118.67,10891,78891,64500,12.91,13.41,0.9291,INR/10g,Dhan API v2 (Client 1112620458)
2025-08-26 23:00,2025-08-26,23,Gold,64251.0,64472.85,221.85,0.3453,-126.93,3900,79748,64500,12.45,12.95,0.937,INR/10g,Dhan API v2 (Client 1112620458)
2025-08-27 09:00,2025-08-27,9,Gold,64160.69,64383.18,222.48,0.3468,0.63,13399,80509,64000,12.29,12.79,0.93,INR/10g,Dhan API v2 (Client 1112620458)
2025-08-27 10:00,2025-08-27,10,Gold,64275.23,64493.96,218.73,0.3403,-3.75,8441,79391,64500,12.08,12.58,0.9091,INR/10g,Dhan API v2 (Client 1112620458)
2025-08-27 11:00,2025-08-27,11,Gold,64184.22,64407.2,222.98,0.3474,4.25,5489,78528,64000,12.6,13.1,0.9218,INR/10g,Dhan API v2 (Client 1112620458)
2025-08-27 12:00,2025-08-27,12,Gold,64097.84,64357.7,259.85,0.4054,36.87,7471,79092,64000,12.57,13.07,0.9294,INR/10g,Dhan API v2 (Client 1112620458)
2025-08-27 13:00,2025-08-27,13,Gold,64081.34,64413.87,332.53,0.5189,72.68,10297,80351,64000,12.41,12.91,0.9106,INR/10g,Dhan API v2 (Client 1112620458)
2025-08-27 14:00,2025-08-27,14,Gold,64121.45,64282.48,161.02,0.2511,-171.51,1512,79354,64000,12.18,12.68,0.9341,INR/10g,Dhan API v2 (Client 1112620458)
2025-08-27 15:00,2025-08-27,15,Gold,63852.33,64107.72,255.39,0.4,94.37,5009,78581,64000,12.15,12.65,0.9503,INR/10g,Dhan API v2 (Client 1112620458)
2025-08-27 16:00,2025-08-27,16,Gold,63926.18,64229.36,303.18,0.4743,47.79,14710,78225,64000,12.67,13.17,0.9238,INR/10g,Dhan API v2 (Client 1112620458)
2025-08-27 17:00,2025-08-27,17,Gold,63780.52,63862.3,81.78,0.1282,-221.4,11151,80268,64000,12.77,13.27,0.8997,INR/10g,Dhan API v2 (Client 1112620458)
2025-08-27 18:00,2025-08-27,18,Gold,63723.34,63877.65,154.31,0.2422,72.53,7991,80142,63500,12.73,13.23,0.8902,INR/10g,Dhan API v2 (Client 1112620458)
2025-08-27 19:00,2025-08-27,19,Gold,63756.94,64053.83,296.89,0.4657,142.58,5650,80695,64000,13.27,13.77,0.8824,INR/10g,Dhan API v2 (Client 1112620458)
2025-08-27 20:00,2025-08-27,20,Gold,63695.78,64013.24,317.46,0.4984,20.57,2172,79447,63500,12.89,13.39,0.9081,INR/10g,Dhan API v2 (Client 1112620458)
2025-08-27 21:00,2025-08-27,21,Gold,63599.87,63922.59,322.73,0.5074,5.27,10850,80473,63500,12.81,13.31,0.8949,INR/10g,Dhan API v2 (Client 1112620458)
2025-08-27 22:00,2025-08-27,22,Gold,63950.5,64219.0,268.5,0.4198,-54.23,3391,81243,64000,12.64,13.14,0.9407,INR/10g,Dhan API v2 (Client 1112620458)
2025-08-27 23:00,2025-08-27,23,Gold,64144.97,64413.11,268.14,0.418,-0.36,6699,80590,64000,12.71,13.21,0.9534,INR/10g,Dhan API v2 (Client 1112620458)
2025-08-28 09:00,2025-08-28,9,Gold,64095.01,64167.79,72.77,0.1135,-195.37,2924,80615,64000,12.33,12.83,0.9203,INR/10g,Dhan API v2 (Client 1112620458)
2025-08-28 10:00,2025-08-28,10,Gold,64077.79,64294.56,216.77,0.3383,144.0,1074,78756,64000,12.21,12.71,0.9208,INR/10g,Dhan API v2 (Client 1112620458)
2025-08-28 11:00,2025-08-28,11,Gold,64136.18,64335.27,199.09,0.3104,-17.68,11004,80008,64000,11.57,12.07,0.8921,INR/10g,Dhan API v2 (Client 1112620458)
2025-08-28 12:00,2025-08-28,12,Gold,64200.5,64550.45,349.94,0.5451,150.85,4820,80556,64000,12.37,12.87,0.8917,INR/10g,Dhan API v2 (Client 1112620458)
2025-08-28 13:00,2025-08-28,13,Gold,64406.02,64635.72,229.7,0.3566,-120.24,11869,80218,64500,12.75,13.25,0.9234,INR/10g,Dhan API v2 (Client 1112620458)
2025-08-28 14:00,2025-08-28,14,Gold,64555.41,64645.04,89.63,0.1388,-140.07,1566,79386,64500,12.59,13.09,0.9045,INR/10g,Dhan API v2 (Client 1112620458)
2025-08-28 15:00,2025-08-28,15,Gold,64677.88,64797.7,119.82,0.1853,30.19,14604,80373,64500,12.47,12.97,0.9043,INR/10g,Dhan API v2 (Client 1112620458)
2025-08-28 16:00,2025-08-28,16,Gold,64616.82,64826.0,209.17,0.3237,89.35,3736,80919,64500,13.05,13.55,0.8901,INR/10g,Dhan API v2 (Client 1112620458)
2025-08-28 17:00,2025-08-28,17,Gold,64805.29,64983.32,178.03,0.2747,-31.14,1936,77050,65000,12.7,13.2,0.9284,INR/10g,Dhan API v2 (Client 1112620458)
2025-08-28 18:00,2025-08-28,18,Gold,64960.92,65296.14,335.22,0.516,157.19,11173,78003,65000,12.7,13.2,0.9311,INR/10g,Dhan API v2 (Client 1112620458)
2025-08-28 19:00,2025-08-28,19,Gold,64976.64,65272.9,296.26,0.456,-38.96,7185,80143,65000,12.61,13.11,0.9158,INR/10g,Dhan API v2 (Client 1112620458)
2025-08-28 20:00,2025-08-28,20,Gold,64836.13,64864.58,28.45,0.0439,-267.81,10044,79357,65000,12.54,13.04,0.9214,INR/10g,Dhan API v2 (Client 1112620458)
2025-08-28 21:00,2025-08-28,21,Gold,64917.68,65265.88,348.2,0.5364,319.75,8718,79135,65000,12.73,13.23,0.9122,INR/10g,Dhan API v2 (Client 1112620458)
2025-08-28 22:00,2025-08-28,22,Gold,65018.79,65138.57,119.78,0.1842,-228.42,2979,79611,65000,12.35,12.85,0.9436,INR/10g,Dhan API v2 (Client 1112620458)
2025-08-28 23:00,2025-08-28,23,Gold,65095.42,65399.53,304.11,0.4672,184.33,12507,78770,65000,12.8,13.3,0.9325,INR/10g,Dhan API v2 (Client 1112620458)
2025-08-29 09:00,2025-08-29,9,Gold,65145.69,65331.9,186.21,0.2858,-117.9,13084,79728,65000,12.54,13.04,0.9098,INR/10g,Dhan API v2 (Client 1112620458)
2025-08-29 10:00,2025-08-29,10,Gold,65237.26,65529.85,292.58,0.4485,106.37,2253,79398,65000,12.41,12.91,0.9163,INR/10g,Dhan API v2 (Client 1112620458)
2025-08-29 11:00,2025-08-29,11,Gold,65195.91,65323.09,127.18,0.1951,-165.4,4487,80529,65000,12.66,13.16,0.8988,INR/10g,Dhan API v2 (Client 1112620458)
2025-08-29 12:00,2025-08-29,12,Gold,65381.25,65725.07,343.82,0.5259,216.64,11519,79922,65500,12.82,13.32,0.9027,INR/10g,Dhan API v2 (Client 1112620458)
2025-08-29 13:00,2025-08-29,13,Gold,65385.35,65682.81,297.47,0.4549,-46.35,6747,80048,65500,12.4,12.9,0.9216,INR/10g,Dhan API v2 (Client 1112620458)
2025-08-29 14:00,2025-08-29,14,Gold,65495.7,65602.57,106.86,0.1632,-190.61,8636,79766,65500,12.18,12.68,0.9418,INR/10g,Dhan API v2 (Client 1112620458)
2025-08-29 15:00,2025-08-29,15,Gold,65285.97,65655.69,369.72,0.5663,262.86,12246,81050,65500,12.49,12.99,0.9489,INR/10g,Dhan API v2 (Client 1112620458)
2025-08-29 16:00,2025-08-29,16,Gold,65293.46,65584.39,290.93,0.4456,-78.79,7689,79334,65500,12.37,12.87,0.9437,INR/10g,Dhan API v2 (Client 1112620458)
2025-08-29 17:00,2025-08-29,17,Gold,65167.17,65361.9,194.73,0.2988,-96.2,1015,78129,65000,12.69,13.19,0.9178,INR/10g,Dhan API v2 (Client 1112620458)
2025-08-29 18:00,2025-08-29,18,Gold,65273.23,65403.83,130.59,0.2001,-64.14,1771,79176,65500,12.83,13.33,0.9331,INR/10g,Dhan API v2 (Client 1112620458)
2025-08-29 19:00,2025-08-29,19,Gold,65258.21,65489.62,231.42,0.3546,100.83,11228,78551,65500,12.19,12.69,0.905,INR/10g,Dhan API v2 (Client 1112620458)
2025-08-29 20:00,2025-08-29,20,Gold,65002.09,65231.73,229.63,0.3533,-1.79,5696,78617,65000,12.81,13.31,0.9038,INR/10g,Dhan API v2 (Client 1112620458)
2025-08-29 21:00,2025-08-29,21,Gold,64773.96,65110.53,336.58,0.5196,106.95,11794,79587,65000,12.11,12.61,0.9123,INR/10g,Dhan API v2 (Client 1112620458)
2025-08-29 22:00,2025-08-29,22,Gold,64681.24,64911.63,230.39,0.3562,-106.19,6343,78039,64500,12.21,12.71,0.9228,INR/10g,Dhan API v2 (Client 1112620458)
2025-08-29 23:00,2025-08-29,23,Gold,64686.82,64977.03,290.21,0.4486,59.82,8502,80201,64500,12.49,12.99,0.9166,INR/10g,Dhan API v2 (Client 1112620458)
2025-09-01 09:00,2025-09-01,9,Gold,64754.79,64977.44,222.65,0.3438,-67.56,13397,78988,65000,12.2,12.7,0.9082,INR/10g,Dhan API v2 (Client 1112620458)
2025-09-01 10:00,2025-09-01,10,Gold,64973.74,65173.1,199.36,0.3068,-23.29,1118,79475,65000,12.77,13.27,0.9063,INR/10g,Dhan API v2 (Client 1112620458)
2025-09-01 11:00,2025-09-01,11,Gold,64810.89,65058.49,247.6,0.382,48.24,2410,79429,65000,12.36,12.86,0.9256,INR/10g,Dhan API v2 (Client 1112620458)
2025-09-01 12:00,2025-09-01,12,Gold,64890.32,65100.63,210.3,0.3241,-37.3,3833,79509,65000,12.32,12.82,0.8702,INR/10g,Dhan API v2 (Client 1112620458)
2025-09-01 13:00,2025-09-01,13,Gold,65004.23,65184.79,180.56,0.2778,-29.74,8926,81048,65000,12.56,13.06,0.917,INR/10g,Dhan API v2 (Client 1112620458)
2025-09-01 14:00,2025-09-01,14,Gold,64985.38,65098.88,113.5,0.1746,-67.06,9209,78655,65000,12.8,13.3,0.9118,INR/10g,Dhan API v2 (Client 1112620458)
2025-09-01 15:00,2025-09-01,15,Gold,64997.65,65137.6,139.96,0.2153,26.46,9261,77608,65000,12.58,13.08,0.9147,INR/10g,Dhan API v2 (Client 1112620458)
2025-09-01 16:00,2025-09-01,16,Gold,64875.37,65045.8,170.43,0.2627,30.47,6816,79315,65000,12.02,12.52,0.9039,INR/10g,Dhan API v2 (Client 1112620458)
2025-09-01 17:00,2025-09-01,17,Gold,64737.96,65012.14,274.19,0.4235,103.76,6580,78523,64500,12.66,13.16,0.9214,INR/10g,Dhan API v2 (Client 1112620458)
2025-09-01 18:00,2025-09-01,18,Gold,64600.38,64644.22,43.85,0.0679,-230.34,1403,81632,64500,12.39,12.89,0.9329,INR/10g,Dhan API v2 (Client 1112620458)
2025-09-01 19:00,2025-09-01,19,Gold,64574.3,64955.24,380.94,0.5899,337.09,9017,79591,64500,13.32,13.82,0.9075,INR/10g,Dhan API v2 (Client 1112620458)
2025-09-01 20:00,2025-09-01,20,Gold,64393.15,64523.77,130.62,0.2029,-250.32,11044,78954,64500,12.86,13.36,0.9024,INR/10g,Dhan API v2 (Client 1112620458)
2025-09-01 21:00,2025-09-01,21,Gold,64431.72,64568.93,137.21,0.213,6.59,9770,79496,64500,12.73,13.23,0.9183,INR/10g,Dhan API v2 (Client 1112620458)
2025-09-01 22:00,2025-09-01,22,Gold,64277.48,64324.4,46.92,0.073,-90.29,5086,78650,64500,12.19,12.69,0.9374,INR/10g,Dhan API v2 (Client 1112620458)
2025-09-01 23:00,2025-09-01,23,Gold,64242.48,64531.02,288.55,0.4492,241.63,10823,80352,64000,12.62,13.12,0.8755,INR/10g,Dhan API v2 (Client 1112620458)
2025-09-02 09:00,2025-09-02,9,Gold,64238.2,64471.16,232.95,0.3626,-55.6,11543,80229,64000,12.53,13.03,0.8814,INR/10g,Dhan API v2 (Client 1112620458)
2025-09-02 10:00,2025-09-02,10,Gold,64522.63,64792.44,269.8,0.4182,36.85,3662,78297,64500,12.63,13.13,0.9447,INR/10g,Dhan API v2 (Client 1112620458)
2025-09-02 11:00,2025-09-02,11,Gold,64266.39,64772.61,506.22,0.7877,236.42,4120,78745,64500,12.13,12.63,0.8799,INR/10g,Dhan API v2 (Client 1112620458)
2025-09-02 12:00,2025-09-02,12,Gold,64355.65,64501.56,145.91,0.2267,-360.31,2006,80500,64500,12.79,13.29,0.9103,INR/10g,Dhan API v2 (Client 1112620458)
2025-09-02 13:00,2025-09-02,13,Gold,64638.1,64874.77,236.67,0.3661,90.76,3103,79083,64500,12.8,13.3,0.928,INR/10g,Dhan API v2 (Client 1112620458)
2025-09-02 14:00,2025-09-02,14,Gold,64670.5,64878.75,208.26,0.322,-28.41,5315,80476,64500,12.96,13.46,0.9086,INR/10g,Dhan API v2 (Client 1112620458)
2025-09-02 15:00,2025-09-02,15,Gold,64569.56,64704.11,134.55,0.2084,-73.71,11686,79726,64500,12.76,13.26,0.8835,INR/10g,Dhan API v2 (Client 1112620458)
2025-09-02 16:00,2025-09-02,16,Gold,64472.16,64515.18,43.02,0.0667,-91.53,9888,79570,64500,12.94,13.44,0.9209,INR/10g,Dhan API v2 (Client 1112620458)
2025-09-02 17:00,2025-09-02,17,Gold,64600.6,64887.33,286.73,0.4438,243.71,8421,80243,64500,11.91,12.41,0.9402,INR/10g,Dhan API v2 (Client 1112620458)
2025-09-02 18:00,2025-09-02,18,Gold,64816.3,64938.61,122.31,0.1887,-164.42,8778,79586,65000,12.31,12.81,0.9366,INR/10g,Dhan API v2 (Client 1112620458)
2025-09-02 19:00,2025-09-02,19,Gold,64597.89,64683.0,85.11,0.1318,-37.2,13587,79538,64500,12.45,12.95,0.8999,INR/10g,Dhan API v2 (Client 1112620458)
2025-09-02 20:00,2025-09-02,20,Gold,64712.22,65019.31,307.09,0.4745,221.98,4541,79498,64500,12.81,13.31,0.8927,INR/10g,Dhan API v2 (Client 1112620458)
2025-09-02 21:00,2025-09-02,21,Gold,64866.79,64977.11,110.32,0.1701,-196.77,5999,80201,65000,12.56,13.06,0.8855,INR/10g,Dhan API v2 (Client 1112620458)
2025-09-02 22:00,2025-09-02,22,Gold,64967.75,65135.9,168.16,0.2588,57.84,5653,80120,65000,12.57,13.07,0.9708,INR/10g,Dhan API v2 (Client 1112620458)
2025-09-02 23:00,2025-09-02,23,Gold,64848.2,64864.98,16.78,0.0259,-151.38,2133,80486,65000,12.7,13.2,0.9066,INR/10g,Dhan API v2 (Client 1112620458)
2025-09-03 09:00,2025-09-03,9,Gold,64962.93,65195.09,232.16,0.3574,215.38,9052,79367,65000,12.34,12.84,0.8624,INR/10g,Dhan API v2 (Client 1112620458)
2025-09-03 10:00,2025-09-03,10,Gold,65421.37,65653.16,231.79,0.3543,-0.37,9970,79114,65500,12.56,13.06,0.9056,INR/10g,Dhan API v2 (Client 1112620458)
2025-09-03 11:00,2025-09-03,11,Gold,65548.0,65821.77,273.77,0.4177,41.98,8254,79679,65500,12.66,13.16,0.9021,INR/10g,Dhan API v2 (Client 1112620458)
2025-09-03 12:00,2025-09-03,12,Gold,65757.93,65850.83,92.9,0.1413,-180.87,11863,80209,66000,12.75,13.25,0.9486,INR/10g,Dhan API v2 (Client 1112620458)
2025-09-03 13:00,2025-09-03,13,Gold,65905.9,66021.13,115.24,0.1748,22.34,9768,78124,66000,12.53,13.03,0.9077,INR/10g,Dhan API v2 (Client 1112620458)
2025-09-03 14:00,2025-09-03,14,Gold,65785.18,65902.82,117.65,0.1788,2.41,990,79621,66000,12.41,12.91,0.9374,INR/10g,Dhan API v2 (Client 1112620458)
2025-09-03 15:00,2025-09-03,15,Gold,65978.08,66138.47,160.38,0.2431,42.73,14200,79185,66000,12.91,13.41,0.8998,INR/10g,Dhan API v2 (Client 1112620458)
2025-09-03 16:00,2025-09-03,16,Gold,65917.91,66114.19,196.28,0.2978,35.9,11978,79733,66000,12.9,13.4,0.9172,INR/10g,Dhan API v2 (Client 1112620458)
2025-09-03 17:00,2025-09-03,17,Gold,65840.53,65991.7,151.17,0.2296,-45.11,8668,82082,66000,12.63,13.13,0.9139,INR/10g,Dhan API v2 (Client 1112620458)
2025-09-03 18:00,2025-09-03,18,Gold,65687.01,65955.69,268.68,0.409,117.51,11577,81243,65500,12.41,12.91,0.8891,INR/10g,Dhan API v2 (Client 1112620458)
2025-09-03 19:00,2025-09-03,19,Gold,65958.29,66003.09,44.8,0.0679,-223.88,6782,79156,66000,12.77,13.27,0.9048,INR/10g,Dhan API v2 (Client 1112620458)
2025-09-03 20:00,2025-09-03,20,Gold,65928.61,66129.24,200.64,0.3043,155.84,1742,80123,66000,13.2,13.7,0.9218,INR/10g,Dhan API v2 (Client 1112620458)
2025-09-03 21:00,2025-09-03,21,Gold,66303.18,66459.5,156.32,0.2358,-44.32,12725,79616,66500,11.85,12.35,0.948,INR/10g,Dhan API v2 (Client 1112620458)
2025-09-03 22:00,2025-09-03,22,Gold,66075.35,66231.3,155.95,0.236,-0.37,5861,79208,66000,12.9,13.4,0.9191,INR/10g,Dhan API v2 (Client 1112620458)
2025-09-03 23:00,2025-09-03,23,Gold,65887.67,66032.5,144.82,0.2198,-11.13,14138,80186,66000,12.38,12.88,0.9361,INR/10g,Dhan API v2 (Client 1112620458)
2025-09-04 09:00,2025-09-04,9,Gold,65866.21,66072.18,205.97,0.3127,61.15,10052,80560,66000,12.23,12.73,0.9231,INR/10g,Dhan API v2 (Client 1112620458)
2025-09-04 10:00,2025-09-04,10,Gold,66166.15,66321.39,155.24,0.2346,-50.73,7755,79192,66000,12.48,12.98,0.9133,INR/10g,Dhan API v2 (Client 1112620458)
2025-09-04 11:00,2025-09-04,11,Gold,66032.95,66142.88,109.93,0.1665,-45.31,4130,79371,66000,12.11,12.61,0.9463,INR/10g,Dhan API v2 (Client 1112620458)
2025-09-04 12:00,2025-09-04,12,Gold,65962.36,66069.58,107.21,0.1625,-2.72,9857,79927,66000,13.06,13.56,0.9334,INR/10g,Dhan API v2 (Client 1112620458)
2025-09-04 13:00,2025-09-04,13,Gold,66015.78,66258.81,243.03,0.3681,135.82,745,78326,66000,12.21,12.71,0.8967,INR/10g,Dhan API v2 (Client 1112620458)
2025-09-04 14:00,2025-09-04,14,Gold,66229.47,66349.85,120.38,0.1818,-122.65,14123,79048,66000,12.83,13.33,0.9116,INR/10g,Dhan API v2 (Client 1112620458)
2025-09-04 15:00,2025-09-04,15,Gold,66469.34,66654.26,184.92,0.2782,64.54,4112,78260,66500,12.69,13.19,0.8753,INR/10g,Dhan API v2 (Client 1112620458)
2025-09-04 16:00,2025-09-04,16,Gold,66547.96,66871.86,323.89,0.4867,138.97,2503,78214,66500,12.19,12.69,0.9277,INR/10g,Dhan API v2 (Client 1112620458)
2025-09-04 17:00,2025-09-04,17,Gold,66827.45,66894.35,66.9,0.1001,-256.99,13397,80984,67000,12.28,12.78,0.9205,INR/10g,Dhan API v2 (Client 1112620458)
2025-09-04 18:00,2025-09-04,18,Gold,66870.68,67056.73,186.05,0.2782,119.15,7831,79470,67000,13.45,13.95,0.8928,INR/10g,Dhan API v2 (Client 1112620458)
2025-09-04 19:00,2025-09-04,19,Gold,66793.27,66911.92,118.64,0.1776,-67.41,10961,79009,67000,11.99,12.49,0.9221,INR/10g,Dhan API v2 (Client 1112620458)
2025-09-04 20:00,2025-09-04,20,Gold,66793.0,67075.03,282.03,0.4223,163.39,6676,80120,67000,12.77,13.27,0.878,INR/10g,Dhan API v2 (Client 1112620458)
2025-09-04 21:00,2025-09-04,21,Gold,66896.88,67045.62,148.74,0.2223,-133.29,13572,81224,67000,12.35,12.85,0.9091,INR/10g,Dhan API v2 (Client 1112620458)
2025-09-04 22:00,2025-09-04,22,Gold,66785.93,67045.27,259.34,0.3883,110.6,540,80216,67000,12.17,12.67,0.9167,INR/10g,Dhan API v2 (Client 1112620458)
2025-09-04 23:00,2025-09-04,23,Gold,66849.92,67246.77,396.84,0.5936,137.5,5891,78765,67000,12.66,13.16,0.9044,INR/10g,Dhan API v2 (Client 1112620458)
2025-09-05 09:00,2025-09-05,9,Gold,66714.25,67028.88,314.63,0.4716,-82.21,12570,80027,66500,12.1,12.6,0.8879,INR/10g,Dhan API v2 (Client 1112620458)
2025-09-05 10:00,2025-09-05,10,Gold,66622.59,66799.37,176.78,0.2653,-137.85,5785,78071,66500,12.72,13.22,0.9316,INR/10g,Dhan API v2 (Client 1112620458)
2025-09-05 11:00,2025-09-05,11,Gold,66412.93,66524.99,112.06,0.1687,-64.72,4890,79577,66500,12.91,13.41,0.9211,INR/10g,Dhan API v2 (Client 1112620458)
2025-09-05 12:00,2025-09-05,12,Gold,66301.03,66547.23,246.2,0.3713,134.14,14908,79484,66500,12.74,13.24,0.9181,INR/10g,Dhan API v2 (Client 1112620458)
2025-09-05 13:00,2025-09-05,13,Gold,66437.34,66691.26,253.92,0.3822,7.72,9982,78948,66500,12.12,12.62,0.8834,INR/10g,Dhan API v2 (Client 1112620458)
2025-09-05 14:00,2025-09-05,14,Gold,66694.26,66931.1,236.84,0.3551,-17.08,9286,79821,66500,12.45,12.95,0.9308,INR/10g,Dhan API v2 (Client 1112620458)
2025-09-05 15:00,2025-09-05,15,Gold,66857.25,67141.19,283.94,0.4247,47.1,12956,79389,67000,12.87,13.37,0.9599,INR/10g,Dhan API v2 (Client 1112620458)
2025-09-05 16:00,2025-09-05,16,Gold,66802.78,67117.08,314.3,0.4705,30.36,11752,81070,67000,12.82,13.32,0.9106,INR/10g,Dhan API v2 (Client 1112620458)
2025-09-05 17:00,2025-09-05,17,Gold,66927.91,67107.86,179.96,0.2689,-134.34,14811,79283,67000,12.61,13.11,0.8984,INR/10g,Dhan API v2 (Client 1112620458)
2025-09-05 18:00,2025-09-05,18,Gold,67047.91,67151.54,103.63,0.1546,-76.33,2508,80124,67000,12.6,13.1,0.907,INR/10g,Dhan API v2 (Client 1112620458)
2025-09-05 19:00,2025-09-05,19,Gold,67099.12,67202.2,103.08,0.1536,-0.55,14905,78887,67000,12.64,13.14,0.9229,INR/10g,Dhan API v2 (Client 1112620458)
2025-09-05 20:00,2025-09-05,20,Gold,67079.64,67060.88,-18.77,-0.028,-121.85,5030,78123,67000,12.54,13.04,0.894,INR/10g,Dhan API v2 (Client 1112620458)
2025-09-05 21:00,2025-09-05,21,Gold,66918.37,67027.94,109.56,0.1637,128.33,14081,78303,67000,12.49,12.99,0.9302,INR/10g,Dhan API v2 (Client 1112620458)
2025-09-05 22:00,2025-09-05,22,Gold,67011.57,67240.39,228.81,0.3415,119.25,6513,81010,67000,12.27,12.77,0.879,INR/10g,Dhan API v2 (Client 1112620458)
2025-09-05 23:00,2025-09-05,23,Gold,66950.84,67178.24,227.41,0.3397,-1.4,10720,79154,67000,12.46,12.96,0.9166,INR/10g,Dhan API v2 (Client 1112620458)
2025-09-08 09:00,2025-09-08,9,Gold,66632.17,66864.81,232.64,0.3491,5.23,13353,78495,66500,12.3,12.8,0.8944,INR/10g,Dhan API v2 (Client 1112620458)
2025-09-08 10:00,2025-09-08,10,Gold,66538.51,66706.05,167.54,0.2518,-65.1,9913,77722,66500,12.27,12.77,0.8995,INR/10g,Dhan API v2 (Client 1112620458)
2025-09-08 11:00,2025-09-08,11,Gold,66879.71,66964.93,85.22,0.1274,-82.32,2426,77952,67000,12.45,12.95,0.9152,INR/10g,Dhan API v2 (Client 1112620458)
2025-09-08 12:00,2025-09-08,12,Gold,66730.77,66766.14,35.37,0.053,-49.85,14129,80914,66500,12.53,13.03,0.9144,INR/10g,Dhan API v2 (Client 1112620458)
2025-09-08 13:00,2025-09-08,13,Gold,66857.25,67011.39,154.14,0.2305,118.77,11739,79409,67000,12.73,13.23,0.9445,INR/10g,Dhan API v2 (Client 1112620458)
2025-09-08 14:00,2025-09-08,14,Gold,66891.83,67021.69,129.85,0.1941,-24.29,1084,79069,67000,12.37,12.87,0.9338,INR/10g,Dhan API v2 (Client 1112620458)
2025-09-08 15:00,2025-09-08,15,Gold,66802.94,66867.48,64.54,0.0966,-65.31,14177,81634,67000,12.33,12.83,0.9374,INR/10g,Dhan API v2 (Client 1112620458)
2025-09-08 16:00,2025-09-08,16,Gold,66929.91,67102.37,172.46,0.2577,107.92,5222,79601,67000,12.99,13.49,0.9499,INR/10g,Dhan API v2 (Client 1112620458)
2025-09-08 17:00,2025-09-08,17,Gold,66792.63,66776.78,-15.85,-0.0237,-188.31,3336,77890,67000,12.04,12.54,0.9195,INR/10g,Dhan API v2 (Client 1112620458)
2025-09-08 18:00,2025-09-08,18,Gold,66546.64,66614.37,67.74,0.1018,83.59,7214,80383,66500,12.29,12.79,0.9097,INR/10g,Dhan API v2 (Client 1112620458)
2025-09-08 19:00,2025-09-08,19,Gold,66666.11,66996.7,330.59,0.4959,262.85,11911,79121,66500,12.14,12.64,0.9132,INR/10g,Dhan API v2 (Client 1112620458)
2025-09-08 20:00,2025-09-08,20,Gold,66449.8,66510.44,60.64,0.0912,-269.95,6602,78923,66500,12.82,13.32,0.9165,INR/10g,Dhan API v2 (Client 1112620458)
2025-09-08 21:00,2025-09-08,21,Gold,66276.84,66377.93,101.1,0.1525,40.46,14455,79058,66500,12.6,13.1,0.9342,INR/10g,Dhan API v2 (Client 1112620458)
2025-09-08 22:00,2025-09-08,22,Gold,66475.37,66720.17,244.8,0.3683,143.7,1963,79346,66500,12.35,12.85,0.9282,INR/10g,Dhan API v2 (Client 1112620458)
2025-09-08 23:00,2025-09-08,23,Gold,66602.15,66745.2,143.05,0.2148,-101.75,7613,78218,66500,12.66,13.16,0.9063,INR/10g,Dhan API v2 (Client 1112620458)
2025-09-09 09:00,2025-09-09,9,Gold,66335.96,66508.34,172.38,0.2599,29.33,2080,79656,66500,11.89,12.39,0.8904,INR/10g,Dhan API v2 (Client 1112620458)
2025-09-09 10:00,2025-09-09,10,Gold,66356.28,66555.56,199.28,0.3003,26.9,13471,78282,66500,12.16,12.66,0.9112,INR/10g,Dhan API v2 (Client 1112620458)
2025-09-09 11:00,2025-09-09,11,Gold,66314.73,66422.5,107.77,0.1625,-91.51,8854,78147,66500,12.56,13.06,0.9652,INR/10g,Dhan API v2 (Client 1112620458)
2025-09-09 12:00,2025-09-09,12,Gold,66235.72,66372.79,137.07,0.2069,29.3,9886,80970,66000,12.93,13.43,0.8956,INR/10g,Dhan API v2 (Client 1112620458)
2025-09-09 13:00,2025-09-09,13,Gold,65857.07,66038.59,181.52,0.2756,44.45,2284,77959,66000,12.97,13.47,0.9099,INR/10g,Dhan API v2 (Client 1112620458)
2025-09-09 14:00,2025-09-09,14,Gold,65634.63,65961.59,326.96,0.4982,145.44,3672,79104,65500,12.33,12.83,0.8905,INR/10g,Dhan API v2 (Client 1112620458)
2025-09-09 15:00,2025-09-09,15,Gold,65562.15,65641.56,79.41,0.1211,-247.55,4166,80216,65500,12.3,12.8,0.9311,INR/10g,Dhan API v2 (Client 1112620458)
2025-09-09 16:00,2025-09-09,16,Gold,65676.93,65665.95,-10.98,-0.0167,-90.39,8378,79531,65500,12.88,13.38,0.9324,INR/10g,Dhan API v2 (Client 1112620458)
2025-09-09 17:00,2025-09-09,17,Gold,65584.43,65815.18,230.74,0.3518,241.72,5164,80025,65500,12.64,13.14,0.9303,INR/10g,Dhan API v2 (Client 1112620458)
2025-09-09 18:00,2025-09-09,18,Gold,65651.36,65689.65,38.3,0.0583,-192.44,11342,78856,65500,12.28,12.78,0.9006,INR/10g,Dhan API v2 (Client 1112620458)
2025-09-09 19:00,2025-09-09,19,Gold,65546.59,65578.46,31.88,0.0486,-6.42,14368,79672,65500,12.9,13.4,0.938,INR/10g,Dhan API v2 (Client 1112620458)
2025-09-09 20:00,2025-09-09,20,Gold,65782.78,65936.76,153.98,0.2341,122.1,14247,79709,66000,12.12,12.62,0.9194,INR/10g,Dhan API v2 (Client 1112620458)
2025-09-09 21:00,2025-09-09,21,Gold,65498.17,65696.03,197.87,0.3021,43.89,13792,79553,65500,12.54,13.04,0.917,INR/10g,Dhan API v2 (Client 1112620458)
2025-09-09 22:00,2025-09-09,22,Gold,65566.03,65743.95,177.91,0.2714,-19.96,12255,79821,65500,13.02,13.52,0.9033,INR/10g,Dhan API v2 (Client 1112620458)
2025-09-09 23:00,2025-09-09,23,Gold,65303.5,65520.37,216.87,0.3321,38.96,14729,80607,65500,12.72,13.22,0.9493,INR/10g,Dhan API v2 (Client 1112620458)
2025-09-10 09:00,2025-09-10,9,Gold,65289.82,65464.42,174.61,0.2674,-42.26,14604,79425,65500,13.22,13.72,0.9182,INR/10g,Dhan API v2 (Client 1112620458)
2025-09-10 10:00,2025-09-10,10,Gold,65021.14,65243.17,222.02,0.3415,47.41,14012,79246,65000,12.99,13.49,0.9316,INR/10g,Dhan API v2 (Client 1112620458)
2025-09-10 11:00,2025-09-10,11,Gold,65129.72,65247.58,117.86,0.181,-104.16,6664,78708,65000,12.62,13.12,0.9321,INR/10g,Dhan API v2 (Client 1112620458)
2025-09-10 12:00,2025-09-10,12,Gold,65210.99,65363.39,152.4,0.2337,34.54,5592,79703,65000,12.86,13.36,0.9129,INR/10g,Dhan API v2 (Client 1112620458)
2025-09-10 13:00,2025-09-10,13,Gold,65394.75,65638.27,243.52,0.3724,91.12,8761,79910,65500,12.45,12.95,0.9312,INR/10g,Dhan API v2 (Client 1112620458)
2025-09-10 14:00,2025-09-10,14,Gold,65336.2,65439.01,102.81,0.1574,-140.71,1742,79145,65500,12.59,13.09,0.926,INR/10g,Dhan API v2 (Client 1112620458)
2025-09-10 15:00,2025-09-10,15,Gold,65177.58,65304.2,126.62,0.1943,23.81,3442,80606,65000,12.43,12.93,0.9457,INR/10g,Dhan API v2 (Client 1112620458)
2025-09-10 16:00,2025-09-10,16,Gold,65305.72,65385.25,79.54,0.1218,-47.08,8313,79026,65500,12.54,13.04,0.9174,INR/10g,Dhan API v2 (Client 1112620458)
2025-09-10 17:00,2025-09-10,17,Gold,65236.05,65311.77,75.72,0.1161,-3.82,2613,79008,65000,12.47,12.97,0.9039,INR/10g,Dhan API v2 (Client 1112620458)
2025-09-10 18:00,2025-09-10,18,Gold,65354.11,65377.07,22.96,0.0351,-52.76,6790,78878,65500,12.57,13.07,0.888,INR/10g,Dhan API v2 (Client 1112620458)
2025-09-10 19:00,2025-09-10,19,Gold,65337.84,65299.19,-38.65,-0.0592,-61.61,12480,79726,65500,12.81,13.31,0.9081,INR/10g,Dhan API v2 (Client 1112620458)
2025-09-10 20:00,2025-09-10,20,Gold,65422.09,65562.68,140.59,0.2149,179.24,13303,79290,65500,13.04,13.54,0.964,INR/10g,Dhan API v2 (Client 1112620458)
2025-09-10 21:00,2025-09-10,21,Gold,65266.48,65505.49,239.02,0.3662,98.43,4492,79769,65500,12.65,13.15,0.9358,INR/10g,Dhan API v2 (Client 1112620458)
2025-09-10 22:00,2025-09-10,22,Gold,65168.24,65205.69,37.45,0.0575,-201.57,12298,77946,65000,12.99,13.49,0.8959,INR/10g,Dhan API v2 (Client 1112620458)
2025-09-10 23:00,2025-09-10,23,Gold,65092.53,65224.43,131.9,0.2026,94.45,7000,79034,65000,12.84,13.34,0.9391,INR/10g,Dhan API v2 (Client 1112620458)
2025-09-11 09:00,2025-09-11,9,Gold,65166.82,65196.98,30.15,0.0463,-101.75,3664,78884,65000,12.83,13.33,0.9345,INR/10g,Dhan API v2 (Client 1112620458)
2025-09-11 10:00,2025-09-11,10,Gold,65161.0,65250.19,89.18,0.1369,59.03,6535,78630,65000,12.3,12.8,0.8832,INR/10g,Dhan API v2 (Client 1112620458)
2025-09-11 11:00,2025-09-11,11,Gold,65038.48,65184.49,146.01,0.2245,56.83,5269,81791,65000,12.48,12.98,0.9415,INR/10g,Dhan API v2 (Client 1112620458)
2025-09-11 12:00,2025-09-11,12,Gold,65072.29,65181.88,109.59,0.1684,-36.42,3052,79919,65000,12.57,13.07,0.8991,INR/10g,Dhan API v2 (Client 1112620458)
2025-09-11 13:00,2025-09-11,13,Gold,65140.43,65428.27,287.85,0.4419,178.26,10968,79435,65000,12.29,12.79,0.9283,INR/10g,Dhan API v2 (Client 1112620458)
2025-09-11 14:00,2025-09-11,14,Gold,65264.77,65274.09,9.32,0.0143,-278.53,11640,77737,65500,12.59,13.09,0.946,INR/10g,Dhan API v2 (Client 1112620458)
2025-09-11 15:00,2025-09-11,15,Gold,65291.02,65349.43,58.41,0.0895,49.09,10354,78849,65500,12.32,12.82,0.9258,INR/10g,Dhan API v2 (Client 1112620458)
2025-09-11 16:00,2025-09-11,16,Gold,65120.83,65371.25,250.41,0.3845,192.0,2042,79445,65000,12.74,13.24,0.9136,INR/10g,Dhan API v2 (Client 1112620458)
2025-09-11 17:00,2025-09-11,17,Gold,65119.93,65361.93,242.01,0.3716,-8.4,13296,80733,65000,12.92,13.42,0.9131,INR/10g,Dhan API v2 (Client 1112620458)
2025-09-11 18:00,2025-09-11,18,Gold,65420.66,65426.22,5.56,0.0085,-236.45,14799,79160,65500,12.68,13.18,0.9142,INR/10g,Dhan API v2 (Client 1112620458)
2025-09-11 19:00,2025-09-11,19,Gold,65602.13,65847.38,245.25,0.3738,239.69,6035,80545,65500,12.56,13.06,0.9301,INR/10g,Dhan API v2 (Client 1112620458)
2025-09-11 20:00,2025-09-11,20,Gold,65710.81,65701.81,-8.99,-0.0137,-254.24,5929,80806,65500,12.36,12.86,0.8969,INR/10g,Dhan API v2 (Client 1112620458)
2025-09-11 21:00,2025-09-11,21,Gold,65779.64,66007.22,227.58,0.346,236.57,5244,78749,66000,13.08,13.58,0.9172,INR/10g,Dhan API v2 (Client 1112620458)
2025-09-11 22:00,2025-09-11,22,Gold,65992.24,66178.3,186.05,0.2819,-41.53,4601,79801,66000,12.16,12.66,0.9248,INR/10g,Dhan API v2 (Client 1112620458)
2025-09-11 23:00,2025-09-11,23,Gold,66089.86,66252.37,162.51,0.2459,-23.54,14672,79864,66000,12.53,13.03,0.9209,INR/10g,Dhan API v2 (Client 1112620458)
2025-09-12 09:00,2025-09-12,9,Gold,66103.25,66053.74,-49.51,-0.0749,-212.02,3067,79015,66000,13.08,13.58,0.8998,INR/10g,Dhan API v2 (Client 1112620458)
2025-09-12 10:00,2025-09-12,10,Gold,66157.73,66225.85,68.11,0.103,117.62,9601,79085,66000,12.78,13.28,0.8694,INR/10g,Dhan API v2 (Client 1112620458)
2025-09-12 11:00,2025-09-12,11,Gold,66127.09,66325.33,198.24,0.2998,130.13,14607,79061,66000,12.59,13.09,0.9179,INR/10g,Dhan API v2 (Client 1112620458)
2025-09-12 12:00,2025-09-12,12,Gold,66125.04,66182.52,57.48,0.0869,-140.76,2352,78174,66000,12.85,13.35,0.9149,INR/10g,Dhan API v2 (Client 1112620458)
2025-09-12 13:00,2025-09-12,13,Gold,66268.39,66353.14,84.75,0.1279,27.27,6341,80978,66500,12.6,13.1,0.9151,INR/10g,Dhan API v2 (Client 1112620458)
2025-09-12 14:00,2025-09-12,14,Gold,66146.96,66100.84,-46.13,-0.0697,-130.88,1071,79733,66000,12.89,13.39,0.9508,INR/10g,Dhan API v2 (Client 1112620458)
2025-09-12 15:00,2025-09-12,15,Gold,66246.36,66300.25,53.89,0.0813,100.02,11846,78613,66000,12.85,13.35,0.9159,INR/10g,Dhan API v2 (Client 1112620458)
2025-09-12 16:00,2025-09-12,16,Gold,66221.43,66356.86,135.43,0.2045,81.54,14648,78065,66000,12.41,12.91,0.9037,INR/10g,Dhan API v2 (Client 1112620458)
2025-09-12 17:00,2025-09-12,17,Gold,66273.71,66370.93,97.22,0.1467,-38.21,8485,78283,66500,12.75,13.25,0.9545,INR/10g,Dhan API v2 (Client 1112620458)
2025-09-12 18:00,2025-09-12,18,Gold,66277.21,66505.43,228.23,0.3443,131.01,4096,79456,66500,12.91,13.41,0.9113,INR/10g,Dhan API v2 (Client 1112620458)
2025-09-12 19:00,2025-09-12,19,Gold,66331.93,66437.15,105.22,0.1586,-123.01,3619,80441,66500,12.51,13.01,0.9252,INR/10g,Dhan API v2 (Client 1112620458)
2025-09-12 20:00,2025-09-12,20,Gold,66255.29,66591.4,336.11,0.5073,230.89,10628,80675,66500,12.83,13.33,0.9449,INR/10g,Dhan API v2 (Client 1112620458)
2025-09-12 21:00,2025-09-12,21,Gold,66215.67,66373.32,157.65,0.2381,-178.46,11381,78958,66000,12.7,13.2,0.8747,INR/10g,Dhan API v2 (Client 1112620458)
2025-09-12 22:00,2025-09-12,22,Gold,66310.71,66342.01,31.3,0.0472,-126.35,6062,79267,66500,13.02,13.52,0.9199,INR/10g,Dhan API v2 (Client 1112620458)
2025-09-12 23:00,2025-09-12,23,Gold,66103.15,66289.15,186.0,0.2814,154.7,9550,78514,66000,12.63,13.13,0.9361,INR/10g,Dhan API v2 (Client 1112620458)
2025-09-15 09:00,2025-09-15,9,Gold,66228.4,66477.75,249.34,0.3765,63.34,6962,78016,66000,13.17,13.67,0.9397,INR/10g,Dhan API v2 (Client 1112620458)
2025-09-15 10:00,2025-09-15,10,Gold,65969.93,66064.82,94.88,0.1438,-154.46,4662,78357,66000,12.96,13.46,0.9097,INR/10g,Dhan API v2 (Client 1112620458)
2025-09-15 11:00,2025-09-15,11,Gold,65813.14,65868.06,54.92,0.0835,-39.96,5701,79299,66000,12.75,13.25,0.884,INR/10g,Dhan API v2 (Client 1112620458)
2025-09-15 12:00,2025-09-15,12,Gold,65729.73,65673.34,-56.39,-0.0858,-111.31,6443,80338,65500,12.82,13.32,0.8996,INR/10g,Dhan API v2 (Client 1112620458)
2025-09-15 13:00,2025-09-15,13,Gold,65628.59,65883.85,255.26,0.3889,311.65,2104,79329,65500,12.27,12.77,0.9093,INR/10g,Dhan API v2 (Client 1112620458)
2025-09-15 14:00,2025-09-15,14,Gold,65620.94,65624.32,3.38,0.0051,-251.88,13557,79059,65500,12.58,13.08,0.8839,INR/10g,Dhan API v2 (Client 1112620458)
2025-09-15 15:00,2025-09-15,15,Gold,65579.39,65753.9,174.52,0.2661,171.14,13037,78473,65500,13.16,13.66,0.9176,INR/10g,Dhan API v2 (Client 1112620458)
2025-09-15 16:00,2025-09-15,16,Gold,65652.22,65735.88,83.66,0.1274,-90.86,10366,78280,65500,12.52,13.02,0.9107,INR/10g,Dhan API v2 (Client 1112620458)
2025-09-15 17:00,2025-09-15,17,Gold,65537.69,65573.6,35.91,0.0548,-47.75,753,79196,65500,12.46,12.96,0.8931,INR/10g,Dhan API v2 (Client 1112620458)
2025-09-15 18:00,2025-09-15,18,Gold,65605.19,65642.0,36.81,0.0561,0.9,10761,80168,65500,12.27,12.77,0.9149,INR/10g,Dhan API v2 (Client 1112620458)
2025-09-15 19:00,2025-09-15,19,Gold,65565.27,65623.77,58.5,0.0892,21.69,14504,78185,65500,12.41,12.91,0.9293,INR/10g,Dhan API v2 (Client 1112620458)
2025-09-15 20:00,2025-09-15,20,Gold,65639.67,65577.98,-61.69,-0.094,-120.19,13286,80770,65500,12.87,13.37,0.912,INR/10g,Dhan API v2 (Client 1112620458)
2025-09-15 21:00,2025-09-15,21,Gold,65724.62,65733.98,9.36,0.0142,71.05,13464,79709,65500,12.53,13.03,0.8946,INR/10g,Dhan API v2 (Client 1112620458)
2025-09-15 22:00,2025-09-15,22,Gold,65479.04,65578.54,99.5,0.152,90.14,5156,79538,65500,12.76,13.26,0.9638,INR/10g,Dhan API v2 (Client 1112620458)
2025-09-15 23:00,2025-09-15,23,Gold,65493.78,65680.19,186.42,0.2846,86.92,7824,79044,65500,12.63,13.13,0.9274,INR/10g,Dhan API v2 (Client 1112620458)
2025-09-16 09:00,2025-09-16,9,Gold,65515.04,65521.72,6.68,0.0102,-179.74,4562,79331,65500,12.38,12.88,0.9484,INR/10g,Dhan API v2 (Client 1112620458)
2025-09-16 10:00,2025-09-16,10,Gold,65576.54,65643.89,67.35,0.1027,60.67,9945,80629,65500,12.84,13.34,0.9402,INR/10g,Dhan API v2 (Client 1112620458)
2025-09-16 11:00,2025-09-16,11,Gold,65647.56,65826.24,178.68,0.2722,111.33,5735,79193,65500,11.74,12.24,0.905,INR/10g,Dhan API v2 (Client 1112620458)
2025-09-16 12:00,2025-09-16,12,Gold,65613.48,65578.43,-35.05,-0.0534,-213.73,11447,80828,65500,12.33,12.83,0.8927,INR/10g,Dhan API v2 (Client 1112620458)
2025-09-16 13:00,2025-09-16,13,Gold,65664.05,65701.28,37.23,0.0567,72.28,9691,79096,65500,12.11,12.61,0.9284,INR/10g,Dhan API v2 (Client 1112620458)
2025-09-16 14:00,2025-09-16,14,Gold,65815.29,65935.06,119.77,0.182,82.54,4943,77317,66000,12.4,12.9,0.9262,INR/10g,Dhan API v2 (Client 1112620458)
2025-09-16 15:00,2025-09-16,15,Gold,65658.92,65774.89,115.97,0.1766,-3.8,913,80314,65500,11.95,12.45,0.9171,INR/10g,Dhan API v2 (Client 1112620458)
2025-09-16 16:00,2025-09-16,16,Gold,65467.49,65528.63,61.14,0.0934,-54.83,1495,80268,65500,13.39,13.89,0.9559,INR/10g,Dhan API v2 (Client 1112620458)
2025-09-16 17:00,2025-09-16,17,Gold,65423.04,65406.16,-16.88,-0.0258,-78.02,12055,81362,65500,12.3,12.8,0.9213,INR/10g,Dhan API v2 (Client 1112620458)
2025-09-16 18:00,2025-09-16,18,Gold,65434.48,65490.71,56.23,0.0859,73.11,8526,79348,65500,13.03,13.53,0.9176,INR/10g,Dhan API v2 (Client 1112620458)
2025-09-16 19:00,2025-09-16,19,Gold,65566.97,65655.72,88.75,0.1354,32.52,5246,79424,65500,12.55,13.05,0.9377,INR/10g,Dhan API v2 (Client 1112620458)
2025-09-16 20:00,2025-09-16,20,Gold,65234.45,65285.74,51.29,0.0786,-37.46,1648,79673,65000,12.04,12.54,0.9227,INR/10g,Dhan API v2 (Client 1112620458)
2025-09-16 21:00,2025-09-16,21,Gold,65443.77,65546.63,102.85,0.1572,51.56,5864,79534,65500,12.96,13.46,0.9212,INR/10g,Dhan API v2 (Client 1112620458)
2025-09-16 22:00,2025-09-16,22,Gold,65495.2,65523.15,27.95,0.0427,-74.9,567,79176,65500,12.73,13.23,0.9186,INR/10g,Dhan API v2 (Client 1112620458)
2025-09-16 23:00,2025-09-16,23,Gold,65650.48,65707.85,57.37,0.0874,29.42,10078,80063,65500,12.65,13.15,0.8974,INR/10g,Dhan API v2 (Client 1112620458)
2025-09-17 09:00,2025-09-17,9,Gold,65410.28,65459.01,48.73,0.0745,-8.64,703,80270,65500,12.63,13.13,0.926,INR/10g,Dhan API v2 (Client 1112620458)
2025-09-17 10:00,2025-09-17,10,Gold,65439.76,65431.48,-8.28,-0.0127,-57.01,2269,79095,65500,12.64,13.14,0.8998,INR/10g,Dhan API v2 (Client 1112620458)
2025-09-17 11:00,2025-09-17,11,Gold,65593.3,65626.44,33.14,0.0505,41.42,2702,80183,65500,12.62,13.12,0.9083,INR/10g,Dhan API v2 (Client 1112620458)
2025-09-17 12:00,2025-09-17,12,Gold,65764.57,65729.25,-35.32,-0.0537,-68.46,4575,78976,66000,12.52,13.02,0.9264,INR/10g,Dhan API v2 (Client 1112620458)
2025-09-17 13:00,2025-09-17,13,Gold,65956.9,66081.34,124.44,0.1887,159.76,14837,79174,66000,12.22,12.72,0.9159,INR/10g,Dhan API v2 (Client 1112620458)
2025-09-17 14:00,2025-09-17,14,Gold,65997.16,66115.86,118.7,0.1799,-5.74,14650,78763,66000,12.87,13.37,0.9076,INR/10g,Dhan API v2 (Client 1112620458)
2025-09-17 15:00,2025-09-17,15,Gold,65991.48,65877.8,-113.69,-0.1723,-232.39,6002,78468,66000,12.47,12.97,0.9211,INR/10g,Dhan API v2 (Client 1112620458)
2025-09-17 16:00,2025-09-17,16,Gold,66292.87,66446.01,153.14,0.231,266.83,2805,79776,66500,12.6,13.1,0.9394,INR/10g,Dhan API v2 (Client 1112620458)
2025-09-17 17:00,2025-09-17,17,Gold,66488.21,66577.84,89.63,0.1348,-63.51,3152,80804,66500,12.22,12.72,0.9295,INR/10g,Dhan API v2 (Client 1112620458)
2025-09-17 18:00,2025-09-17,18,Gold,66528.68,66411.1,-117.58,-0.1767,-207.21,14077,78889,66500,12.24,12.74,0.9117,INR/10g,Dhan API v2 (Client 1112620458)
2025-09-17 19:00,2025-09-17,19,Gold,66506.86,66584.75,77.89,0.1171,195.47,10884,80184,66500,12.55,13.05,0.9459,INR/10g,Dhan API v2 (Client 1112620458)
2025-09-17 20:00,2025-09-17,20,Gold,66408.1,66453.97,45.87,0.0691,-32.02,13173,81077,66500,12.82,13.32,0.9035,INR/10g,Dhan API v2 (Client 1112620458)
2025-09-17 21:00,2025-09-17,21,Gold,66409.83,66433.71,23.89,0.036,-21.98,14018,79520,66500,12.45,12.95,0.9323,INR/10g,Dhan API v2 (Client 1112620458)
2025-09-17 22:00,2025-09-17,22,Gold,66248.08,66290.7,42.62,0.0643,18.73,4568,80020,66000,12.38,12.88,0.9515,INR/10g,Dhan API v2 (Client 1112620458)
2025-09-17 23:00,2025-09-17,23,Gold,66287.95,66337.48,49.53,0.0747,6.91,8012,78101,66500,13.12,13.62,0.9152,INR/10g,Dhan API v2 (Client 1112620458)
2025-09-18 09:00,2025-09-18,9,Gold,66214.6,66174.61,-39.98,-0.0604,-89.51,14348,81051,66000,12.4,12.9,0.9047,INR/10g,Dhan API v2 (Client 1112620458)
2025-09-18 10:00,2025-09-18,10,Gold,66317.46,66297.13,-20.33,-0.0307,19.65,2193,79324,66500,12.48,12.98,0.9728,INR/10g,Dhan API v2 (Client 1112620458)
2025-09-18 11:00,2025-09-18,11,Gold,66371.34,66370.19,-1.16,-0.0017,19.17,3404,80724,66500,12.51,13.01,0.9359,INR/10g,Dhan API v2 (Client 1112620458)
2025-09-18 12:00,2025-09-18,12,Gold,66246.17,66385.89,139.72,0.2109,140.88,5734,77739,66000,12.72,13.22,0.9492,INR/10g,Dhan API v2 (Client 1112620458)
2025-09-18 13:00,2025-09-18,13,Gold,66032.03,66166.55,134.52,0.2037,-5.2,12900,77131,66000,12.65,13.15,0.8958,INR/10g,Dhan API v2 (Client 1112620458)
2025-09-18 14:00,2025-09-18,14,Gold,66085.2,66236.95,151.75,0.2296,17.23,10555,79433,66000,12.91,13.41,0.9154,INR/10g,Dhan API v2 (Client 1112620458)
2025-09-18 15:00,2025-09-18,15,Gold,66149.1,65988.83,-160.26,-0.2423,-312.01,3046,79153,66000,12.89,13.39,0.9151,INR/10g,Dhan API v2 (Client 1112620458)
2025-09-18 16:00,2025-09-18,16,Gold,66257.94,66295.57,37.63,0.0568,197.89,14362,78051,66500,12.61,13.11,0.9052,INR/10g,Dhan API v2 (Client 1112620458)
2025-09-18 17:00,2025-09-18,17,Gold,66201.91,66387.06,185.14,0.2797,147.51,14310,80324,66000,12.18,12.68,0.9193,INR/10g,Dhan API v2 (Client 1112620458)
2025-09-18 18:00,2025-09-18,18,Gold,66151.51,66296.07,144.56,0.2185,-40.58,4605,77858,66000,12.51,13.01,0.8878,INR/10g,Dhan API v2 (Client 1112620458)
2025-09-18 19:00,2025-09-18,19,Gold,65884.33,65762.2,-122.13,-0.1854,-266.69,7272,80972,66000,12.13,12.63,0.9135,INR/10g,Dhan API v2 (Client 1112620458)
2025-09-18 20:00,2025-09-18,20,Gold,65495.14,65472.23,-22.91,-0.035,99.22,9002,78631,65500,12.67,13.17,0.9491,INR/10g,Dhan API v2 (Client 1112620458)
2025-09-18 21:00,2025-09-18,21,Gold,65542.89,65718.76,175.87,0.2683,198.78,8001,79969,65500,12.74,13.24,0.9022,INR/10g,Dhan API v2 (Client 1112620458)
2025-09-18 22:00,2025-09-18,22,Gold,65780.67,65794.77,14.1,0.0214,-161.77,8452,79486,66000,12.75,13.25,0.9265,INR/10g,Dhan API v2 (Client 1112620458)
2025-09-18 23:00,2025-09-18,23,Gold,65675.79,65703.59,27.8,0.0423,13.7,8154,80768,65500,12.94,13.44,0.9263,INR/10g,Dhan API v2 (Client 1112620458)
2025-09-19 09:00,2025-09-19,9,Gold,65514.41,65663.73,149.32,0.2279,121.52,12739,78494,65500,12.85,13.35,0.9066,INR/10g,Dhan API v2 (Client 1112620458)
2025-09-19 10:00,2025-09-19,10,Gold,65280.67,65286.11,5.44,0.0083,-143.88,9555,78975,65500,12.73,13.23,0.8917,INR/10g,Dhan API v2 (Client 1112620458)
2025-09-19 11:00,2025-09-19,11,Gold,65231.6,65181.13,-50.48,-0.0774,-55.92,1793,78931,65000,13.0,13.5,0.9414,INR/10g,Dhan API v2 (Client 1112620458)
2025-09-19 12:00,2025-09-19,12,Gold,65114.39,65232.44,118.05,0.1813,168.53,4004,78114,65000,12.36,12.86,0.9092,INR/10g,Dhan API v2 (Client 1112620458)
2025-09-19 13:00,2025-09-19,13,Gold,65041.97,65046.02,4.05,0.0062,-114.0,14167,80376,65000,12.27,12.77,0.91,INR/10g,Dhan API v2 (Client 1112620458)
2025-09-19 14:00,2025-09-19,14,Gold,65255.85,65363.9,108.05,0.1656,104.0,7381,79420,65500,12.55,13.05,0.9126,INR/10g,Dhan API v2 (Client 1112620458)
2025-09-19 15:00,2025-09-19,15,Gold,65211.63,65147.12,-64.51,-0.0989,-172.56,6825,80344,65000,12.76,13.26,0.9064,INR/10g,Dhan API v2 (Client 1112620458)
2025-09-19 16:00,2025-09-19,16,Gold,65089.86,65209.26,119.4,0.1834,183.91,12914,79808,65000,11.91,12.41,0.9221,INR/10g,Dhan API v2 (Client 1112620458)
2025-09-19 17:00,2025-09-19,17,Gold,65159.82,65238.46,78.65,0.1207,-40.75,12182,79910,65000,12.24,12.74,0.9277,INR/10g,Dhan API v2 (Client 1112620458)
2025-09-19 18:00,2025-09-19,18,Gold,65212.4,65364.11,151.7,0.2326,73.05,2205,79220,65000,13.56,14.06,0.9124,INR/10g,Dhan API v2 (Client 1112620458)
2025-09-19 19:00,2025-09-19,19,Gold,65160.66,65279.97,119.31,0.1831,-32.39,12456,78401,65000,12.37,12.87,0.9204,INR/10g,Dhan API v2 (Client 1112620458)
2025-09-19 20:00,2025-09-19,20,Gold,65224.05,65300.24,76.2,0.1168,-43.11,9582,79424,65000,12.79,13.29,0.8824,INR/10g,Dhan API v2 (Client 1112620458)
2025-09-19 21:00,2025-09-19,21,Gold,65250.27,65333.72,83.45,0.1279,7.25,4650,80996,65500,12.54,13.04,0.9318,INR/10g,Dhan API v2 (Client 1112620458)
2025-09-19 22:00,2025-09-19,22,Gold,65378.39,65411.24,32.85,0.0502,-50.6,7215,79992,65500,13.46,13.96,0.9432,INR/10g,Dhan API v2 (Client 1112620458)
2025-09-19 23:00,2025-09-19,23,Gold,65430.4,65402.26,-28.14,-0.043,-60.99,8153,79538,65500,12.44,12.94,0.9233,INR/10g,Dhan API v2 (Client 1112620458)
2025-09-22 09:00,2025-09-22,9,Gold,65443.79,65530.45,86.66,0.1324,114.8,4393,79493,65500,12.53,13.03,0.9096,INR/10g,Dhan API v2 (Client 1112620458)
2025-09-22 10:00,2025-09-22,10,Gold,65298.11,65287.07,-11.04,-0.0169,-97.7,2225,78781,65500,12.52,13.02,0.8928,INR/10g,Dhan API v2 (Client 1112620458)
2025-09-22 11:00,2025-09-22,11,Gold,65162.76,65139.58,-23.18,-0.0356,-12.14,4079,80411,65000,12.18,12.68,0.9441,INR/10g,Dhan API v2 (Client 1112620458)
2025-09-22 12:00,2025-09-22,12,Gold,65158.02,65256.95,98.93,0.1518,122.11,9948,79629,65000,12.78,13.28,0.9061,INR/10g,Dhan API v2 (Client 1112620458)
2025-09-22 13:00,2025-09-22,13,Gold,65133.98,65045.11,-88.88,-0.1364,-187.81,10794,79924,65000,12.38,12.88,0.9081,INR/10g,Dhan API v2 (Client 1112620458)
2025-09-22 14:00,2025-09-22,14,Gold,65320.7,65368.53,47.83,0.0732,136.71,7619,79426,65500,12.61,13.11,0.8947,INR/10g,Dhan API v2 (Client 1112620458)
2025-09-22 15:00,2025-09-22,15,Gold,65132.97,65310.95,177.98,0.2733,130.15,13941,79978,65000,12.42,12.92,0.9266,INR/10g,Dhan API v2 (Client 1112620458)
2025-09-22 16:00,2025-09-22,16,Gold,65171.5,65220.89,49.39,0.0758,-128.59,5484,79259,65000,12.22,12.72,0.938,INR/10g,Dhan API v2 (Client 1112620458)
2025-09-22 17:00,2025-09-22,17,Gold,64998.08,64957.11,-40.96,-0.063,-90.35,10935,81331,65000,12.45,12.95,0.9092,INR/10g,Dhan API v2 (Client 1112620458)
2025-09-22 18:00,2025-09-22,18,Gold,65128.01,64978.72,-149.29,-0.2292,-108.33,3178,80647,65000,12.64,13.14,0.9377,INR/10g,Dhan API v2 (Client 1112620458)
2025-09-22 19:00,2025-09-22,19,Gold,65039.1,64981.12,-57.98,-0.0891,91.31,11012,80065,65000,13.05,13.55,0.921,INR/10g,Dhan API v2 (Client 1112620458)
2025-09-22 20:00,2025-09-22,20,Gold,65023.89,64948.26,-75.62,-0.1163,-17.64,4512,80746,65000,12.35,12.85,0.9173,INR/10g,Dhan API v2 (Client 1112620458)
2025-09-22 21:00,2025-09-22,21,Gold,65091.86,65199.08,107.22,0.1647,182.84,8277,81400,65000,12.84,13.34,0.9078,INR/10g,Dhan API v2 (Client 1112620458)
2025-09-22 22:00,2025-09-22,22,Gold,64770.6,64829.73,59.14,0.0913,-48.08,9719,78125,65000,12.62,13.12,0.8869,INR/10g,Dhan API v2 (Client 1112620458)
2025-09-22 23:00,2025-09-22,23,Gold,65013.75,64949.34,-64.41,-0.0991,-123.55,11227,79993,65000,12.36,12.86,0.8902,INR/10g,Dhan API v2 (Client 1112620458)
2025-09-23 09:00,2025-09-23,9,Gold,64851.35,64800.63,-50.73,-0.0782,13.68,3081,79704,65000,12.11,12.61,0.9059,INR/10g,Dhan API v2 (Client 1112620458)
2025-09-23 10:00,2025-09-23,10,Gold,64919.42,64918.74,-0.68,-0.001,50.05,14830,80272,65000,12.3,12.8,0.9062,INR/10g,Dhan API v2 (Client 1112620458)
2025-09-23 11:00,2025-09-23,11,Gold,64740.68,64855.36,114.69,0.1771,115.37,8065,79590,64500,12.77,13.27,0.9187,INR/10g,Dhan API v2 (Client 1112620458)
2025-09-23 12:00,2025-09-23,12,Gold,64759.38,64798.25,38.87,0.06,-75.82,11180,79918,65000,13.05,13.55,0.928,INR/10g,Dhan API v2 (Client 1112620458)
2025-09-23 13:00,2025-09-23,13,Gold,64765.83,64796.27,30.44,0.047,-8.43,12539,79423,65000,12.79,13.29,0.908,INR/10g,Dhan API v2 (Client 1112620458)
2025-09-23 14:00,2025-09-23,14,Gold,64963.54,64856.78,-106.76,-0.1643,-137.2,4367,79082,65000,12.97,13.47,0.9305,INR/10g,Dhan API v2 (Client 1112620458)
2025-09-23 15:00,2025-09-23,15,Gold,64783.97,64928.76,144.79,0.2235,251.55,6535,79438,65000,12.82,13.32,0.9197,INR/10g,Dhan API v2 (Client 1112620458)
2025-09-23 16:00,2025-09-23,16,Gold,64414.36,64469.3,54.94,0.0853,-89.85,1442,79167,64500,12.27,12.77,0.9338,INR/10g,Dhan API v2 (Client 1112620458)
2025-09-23 17:00,2025-09-23,17,Gold,64351.65,64350.0,-1.65,-0.0026,-56.59,10786,79534,64500,13.21,13.71,0.9016,INR/10g,Dhan API v2 (Client 1112620458)
2025-09-23 18:00,2025-09-23,18,Gold,64643.9,64770.51,126.61,0.1959,128.26,10457,81896,64500,12.49,12.99,0.9454,INR/10g,Dhan API v2 (Client 1112620458)
2025-09-23 19:00,2025-09-23,19,Gold,64640.98,64699.08,58.11,0.0899,-68.5,9493,79168,64500,12.56,13.06,0.9138,INR/10g,Dhan API v2 (Client 1112620458)
2025-09-23 20:00,2025-09-23,20,Gold,64464.95,64391.36,-73.58,-0.1141,-131.69,3072,79563,64500,12.44,12.94,0.9561,INR/10g,Dhan API v2 (Client 1112620458)
2025-09-23 21:00,2025-09-23,21,Gold,64423.45,64540.64,117.2,0.1819,190.78,14312,79392,64500,12.5,13.0,0.8899,INR/10g,Dhan API v2 (Client 1112620458)
2025-09-23 22:00,2025-09-23,22,Gold,64533.96,64641.32,107.37,0.1664,-9.83,12245,80537,64500,12.49,12.99,0.8902,INR/10g,Dhan API v2 (Client 1112620458)
2025-09-23 23:00,2025-09-23,23,Gold,64428.82,64586.92,158.1,0.2454,50.73,8198,79248,64500,12.31,12.81,0.9204,INR/10g,Dhan API v2 (Client 1112620458)
2025-09-24 09:00,2025-09-24,9,Gold,64436.14,64406.65,-29.49,-0.0458,-187.59,6097,80314,64500,12.85,13.35,0.9433,INR/10g,Dhan API v2 (Client 1112620458)
2025-09-24 10:00,2025-09-24,10,Gold,64636.41,64623.43,-12.98,-0.0201,16.51,5475,79626,64500,12.14,12.64,0.9186,INR/10g,Dhan API v2 (Client 1112620458)
2025-09-24 11:00,2025-09-24,11,Gold,64686.16,64663.75,-22.42,-0.0347,-9.44,10881,78623,64500,12.7,13.2,0.919,INR/10g,Dhan API v2 (Client 1112620458)
2025-09-24 12:00,2025-09-24,12,Gold,64732.51,64810.21,77.7,0.12,100.12,12569,79976,64500,12.78,13.28,0.858,INR/10g,Dhan API v2 (Client 1112620458)
2025-09-24 13:00,2025-09-24,13,Gold,64798.64,65018.61,219.97,0.3395,142.27,3785,81395,65000,12.75,13.25,0.9094,INR/10g,Dhan API v2 (Client 1112620458)
2025-09-24 14:00,2025-09-24,14,Gold,64872.35,64856.67,-15.68,-0.0242,-235.65,8533,81053,65000,12.19,12.69,0.9101,INR/10g,Dhan API v2 (Client 1112620458)
2025-09-24 15:00,2025-09-24,15,Gold,64936.53,64924.93,-11.6,-0.0179,4.08,1619,79104,65000,12.42,12.92,0.9476,INR/10g,Dhan API v2 (Client 1112620458)
2025-09-24 16:00,2025-09-24,16,Gold,64590.32,64582.65,-7.67,-0.0119,3.93,3500,79189,64500,12.72,13.22,0.9074,INR/10g,Dhan API v2 (Client 1112620458)
2025-09-24 17:00,2025-09-24,17,Gold,64659.05,64689.64,30.59,0.0473,38.26,730,78880,64500,12.12,12.62,0.892,INR/10g,Dhan API v2 (Client 1112620458)
2025-09-24 18:00,2025-09-24,18,Gold,64651.38,64639.27,-12.12,-0.0187,-42.71,9468,80253,64500,12.71,13.21,0.8924,INR/10g,Dhan API v2 (Client 1112620458)
2025-09-24 19:00,2025-09-24,19,Gold,64463.46,64409.88,-53.59,-0.0831,-41.47,5069,80101,64500,12.52,13.02,0.9025,INR/10g,Dhan API v2 (Client 1112620458)
2025-09-24 20:00,2025-09-24,20,Gold,64560.77,64728.17,167.4,0.2593,220.99,11008,79581,64500,12.46,12.96,0.9549,INR/10g,Dhan API v2 (Client 1112620458)
2025-09-24 21:00,2025-09-24,21,Gold,64739.15,64693.46,-45.69,-0.0706,-213.09,14389,78560,64500,13.16,13.66,0.8904,INR/10g,Dhan API v2 (Client 1112620458)
2025-09-24 22:00,2025-09-24,22,Gold,64330.28,64299.59,-30.68,-0.0477,15.01,7184,79815,64500,13.05,13.55,0.9335,INR/10g,Dhan API v2 (Client 1112620458)
2025-09-24 23:00,2025-09-24,23,Gold,64461.9,64631.58,169.68,0.2632,200.36,7155,79039,64500,12.56,13.06,0.9072,INR/10g,Dhan API v2 (Client 1112620458)
2025-09-25 09:00,2025-09-25,9,Gold,64463.18,65067.82,604.64,0.938,434.96,10070,79650,64500,12.7,13.2,0.9187,INR/10g,Dhan API v2 (Client 1112620458)
2025-09-25 10:00,2025-09-25,10,Gold,64453.32,64822.23,368.91,0.5724,-235.73,13584,79621,64500,12.62,13.12,0.9669,INR/10g,Dhan API v2 (Client 1112620458)
2025-09-25 11:00,2025-09-25,11,Gold,64283.58,64572.07,288.49,0.4488,-80.42,4071,78029,64500,12.54,13.04,0.9168,INR/10g,Dhan API v2 (Client 1112620458)
2025-09-25 12:00,2025-09-25,12,Gold,64210.68,64450.12,239.45,0.3729,-49.04,1204,78429,64000,12.49,12.99,0.9165,INR/10g,Dhan API v2 (Client 1112620458)
2025-09-25 13:00,2025-09-25,13,Gold,64407.39,64608.32,200.93,0.312,-38.52,14002,79224,64500,12.61,13.11,0.9186,INR/10g,Dhan API v2 (Client 1112620458)
2025-09-25 14:00,2025-09-25,14,Gold,64714.02,65095.25,381.23,0.5891,180.3,10916,79690,64500,12.79,13.29,0.9427,INR/10g,Dhan API v2 (Client 1112620458)
2025-09-25 15:00,2025-09-25,15,Gold,64640.55,64989.67,349.12,0.5401,-32.11,1839,79466,64500,12.59,13.09,0.9124,INR/10g,Dhan API v2 (Client 1112620458)
2025-09-25 16:00,2025-09-25,16,Gold,64824.22,65145.29,321.07,0.4953,-28.05,14891,79160,65000,12.35,12.85,0.9112,INR/10g,Dhan API v2 (Client 1112620458)
2025-09-25 17:00,2025-09-25,17,Gold,64631.55,64958.72,327.16,0.5062,6.09,14766,80130,64500,12.74,13.24,0.9052,INR/10g,Dhan API v2 (Client 1112620458)
2025-09-25 18:00,2025-09-25,18,Gold,64485.34,64890.3,404.96,0.628,77.8,12442,81652,64500,12.52,13.02,0.9143,INR/10g,Dhan API v2 (Client 1112620458)
2025-09-25 19:00,2025-09-25,19,Gold,64819.58,65272.56,452.99,0.6988,48.03,10304,79916,65000,12.48,12.98,0.8602,INR/10g,Dhan API v2 (Client 1112620458)
2025-09-25 20:00,2025-09-25,20,Gold,64987.06,65330.49,343.43,0.5285,-109.56,6996,80554,65000,11.88,12.38,0.894,INR/10g,Dhan API v2 (Client 1112620458)
2025-09-25 21:00,2025-09-25,21,Gold,64930.6,65458.1,527.5,0.8124,184.07,10881,77865,65000,12.51,13.01,0.9029,INR/10g,Dhan API v2 (Client 1112620458)
2025-09-25 22:00,2025-09-25,22,Gold,64837.76,65028.27,190.51,0.2938,-336.99,6917,79161,65000,12.48,12.98,0.9385,INR/10g,Dhan API v2 (Client 1112620458)
2025-09-25 23:00,2025-09-25,23,Gold,64801.48,65309.61,508.13,0.7841,317.62,13016,79510,65000,12.89,13.39,0.9798,INR/10g,Dhan API v2 (Client 1112620458)
2025-09-26 09:00,2025-09-26,9,Gold,64853.21,65264.66,411.45,0.6344,-96.68,8733,78353,65000,12.79,13.29,0.8912,INR/10g,Dhan API v2 (Client 1112620458)
2025-09-26 10:00,2025-09-26,10,Gold,64825.57,65114.37,288.79,0.4455,-122.66,6828,79274,65000,11.97,12.47,0.9134,INR/10g,Dhan API v2 (Client 1112620458)
2025-09-26 11:00,2025-09-26,11,Gold,64764.99,65061.83,296.84,0.4583,8.05,8864,79815,65000,12.53,13.03,0.9135,INR/10g,Dhan API v2 (Client 1112620458)
2025-09-26 12:00,2025-09-26,12,Gold,64830.15,65230.04,399.89,0.6168,103.05,4308,79716,65000,12.8,13.3,0.9182,INR/10g,Dhan API v2 (Client 1112620458)
2025-09-26 13:00,2025-09-26,13,Gold,64778.84,65193.22,414.38,0.6397,14.49,3488,79551,65000,12.35,12.85,0.9246,INR/10g,Dhan API v2 (Client 1112620458)
2025-09-26 14:00,2025-09-26,14,Gold,64913.19,65266.93,353.74,0.5449,-60.64,618,79969,65000,12.8,13.3,0.9186,INR/10g,Dhan API v2 (Client 1112620458)
2025-09-26 15:00,2025-09-26,15,Gold,64716.94,64929.88,212.94,0.329,-140.8,1819,79572,64500,12.62,13.12,0.929,INR/10g,Dhan API v2 (Client 1112620458)
2025-09-26 16:00,2025-09-26,16,Gold,64430.52,64748.78,318.25,0.4939,105.31,9512,79664,64500,12.83,13.33,0.9781,INR/10g,Dhan API v2 (Client 1112620458)
2025-09-26 17:00,2025-09-26,17,Gold,64332.44,64630.93,298.49,0.464,-19.76,4092,79768,64500,12.7,13.2,0.9092,INR/10g,Dhan API v2 (Client 1112620458)
2025-09-26 18:00,2025-09-26,18,Gold,64124.56,64432.39,307.82,0.48,9.33,1431,80713,64000,12.82,13.32,0.8643,INR/10g,Dhan API v2 (Client 1112620458)
2025-09-26 19:00,2025-09-26,19,Gold,64083.16,64476.06,392.91,0.6131,85.09,14785,81246,64000,12.38,12.88,0.9339,INR/10g,Dhan API v2 (Client 1112620458)
2025-09-26 20:00,2025-09-26,20,Gold,64044.69,64416.57,371.88,0.5807,-21.03,2153,79343,64000,12.88,13.38,0.9427,INR/10g,Dhan API v2 (Client 1112620458)
2025-09-26 21:00,2025-09-26,21,Gold,64343.21,64736.7,393.48,0.6115,21.6,1343,80846,64500,12.58,13.08,0.9089,INR/10g,Dhan API v2 (Client 1112620458)
2025-09-26 22:00,2025-09-26,22,Gold,64422.26,64799.18,376.92,0.5851,-16.56,11038,80542,64500,12.8,13.3,0.9163,INR/10g,Dhan API v2 (Client 1112620458)
2025-09-26 23:00,2025-09-26,23,Gold,64319.99,64546.48,226.49,0.3521,-150.43,3922,79911,64500,12.06,12.56,0.9156,INR/10g,Dhan API v2 (Client 1112620458)
2025-09-29 09:00,2025-09-29,9,Gold,64377.78,64563.43,185.65,0.2884,-40.84,552,79486,64500,12.87,13.37,0.891,INR/10g,Dhan API v2 (Client 1112620458)
2025-09-29 10:00,2025-09-29,10,Gold,64490.16,64740.83,250.67,0.3887,65.02,11248,79153,64500,12.3,12.8,0.8651,INR/10g,Dhan API v2 (Client 1112620458)
2025-09-29 11:00,2025-09-29,11,Gold,64461.06,64730.83,269.77,0.4185,19.1,7938,78639,64500,13.06,13.56,0.9454,INR/10g,Dhan API v2 (Client 1112620458)
2025-09-29 12:00,2025-09-29,12,Gold,64578.57,64694.71,116.14,0.1798,-153.63,7753,80288,64500,12.31,12.81,0.9201,INR/10g,Dhan API v2 (Client 1112620458)
2025-09-29 13:00,2025-09-29,13,Gold,64558.95,64938.62,379.68,0.5881,263.54,7676,80214,64500,12.8,13.3,0.9056,INR/10g,Dhan API v2 (Client 1112620458)
2025-09-29 14:00,2025-09-29,14,Gold,64582.27,65051.01,468.74,0.7258,89.06,9606,77907,64500,12.56,13.06,0.9061,INR/10g,Dhan API v2 (Client 1112620458)
2025-09-29 15:00,2025-09-29,15,Gold,64557.82,64818.98,261.16,0.4045,-207.58,11526,79140,64500,12.97,13.47,0.9255,INR/10g,Dhan API v2 (Client 1112620458)
2025-09-29 16:00,2025-09-29,16,Gold,64604.05,64920.68,316.62,0.4901,55.46,14809,80795,64500,12.1,12.6,0.8987,INR/10g,Dhan API v2 (Client 1112620458)
2025-09-29 17:00,2025-09-29,17,Gold,64915.44,65326.06,410.61,0.6325,93.99,12349,79731,65000,12.92,13.42,0.9264,INR/10g,Dhan API v2 (Client 1112620458)
2025-09-29 18:00,2025-09-29,18,Gold,64990.56,65507.63,517.07,0.7956,106.46,692,80339,65000,12.52,13.02,0.8946,INR/10g,Dhan API v2 (Client 1112620458)
2025-09-29 19:00,2025-09-29,19,Gold,64880.81,65139.28,258.47,0.3984,-258.6,3333,80659,65000,12.51,13.01,0.9182,INR/10g,Dhan API v2 (Client 1112620458)
2025-09-29 20:00,2025-09-29,20,Gold,65134.01,65389.36,255.35,0.392,-3.12,1580,78187,65000,12.27,12.77,0.9202,INR/10g,Dhan API v2 (Client 1112620458)
2025-09-29 21:00,2025-09-29,21,Gold,65193.93,65427.76,233.83,0.3587,-21.52,6362,78871,65000,12.67,13.17,0.9527,INR/10g,Dhan API v2 (Client 1112620458)
2025-09-29 22:00,2025-09-29,22,Gold,65099.58,65403.7,304.12,0.4672,70.29,9809,80528,65000,12.44,12.94,0.9275,INR/10g,Dhan API v2 (Client 1112620458)
2025-09-29 23:00,2025-09-29,23,Gold,65155.04,65495.1,340.06,0.5219,35.94,6489,77902,65000,12.35,12.85,0.9107,INR/10g,Dhan API v2 (Client 1112620458)
2025-09-30 09:00,2025-09-30,9,Gold,65224.62,65463.52,238.89,0.3663,-101.17,6212,80753,65000,12.91,13.41,0.8999,INR/10g,Dhan API v2 (Client 1112620458)
2025-09-30 10:00,2025-09-30,10,Gold,65439.45,65634.37,194.91,0.2979,-43.98,1115,80560,65500,12.64,13.14,0.9009,INR/10g,Dhan API v2 (Client 1112620458)
2025-09-30 11:00,2025-09-30,11,Gold,65392.88,65689.55,296.68,0.4537,101.77,2428,79368,65500,12.39,12.89,0.9336,INR/10g,Dhan API v2 (Client 1112620458)
2025-09-30 12:00,2025-09-30,12,Gold,65266.48,65654.63,388.15,0.5947,91.47,2683,80182,65500,12.63,13.13,0.8961,INR/10g,Dhan API v2 (Client 1112620458)
2025-09-30 13:00,2025-09-30,13,Gold,65322.35,65538.54,216.19,0.331,-171.96,1350,80818,65500,12.39,12.89,0.9267,INR/10g,Dhan API v2 (Client 1112620458)
2025-09-30 14:00,2025-09-30,14,Gold,65330.73,65552.21,221.48,0.339,5.29,13162,79644,65500,12.39,12.89,0.9143,INR/10g,Dhan API v2 (Client 1112620458)
2025-09-30 15:00,2025-09-30,15,Gold,65326.52,65636.98,310.45,0.4752,88.97,8605,79112,65500,12.32,12.82,0.9305,INR/10g,Dhan API v2 (Client 1112620458)
2025-09-30 16:00,2025-09-30,16,Gold,65556.12,65886.02,329.9,0.5032,19.45,8770,80076,65500,12.84,13.34,0.9242,INR/10g,Dhan API v2 (Client 1112620458)
2025-09-30 17:00,2025-09-30,17,Gold,65283.75,65563.49,279.75,0.4285,-50.15,10724,79610,65500,12.04,12.54,0.9124,INR/10g,Dhan API v2 (Client 1112620458)
2025-09-30 18:00,2025-09-30,18,Gold,65570.4,65916.74,346.33,0.5282,66.58,5514,80846,65500,13.02,13.52,0.8753,INR/10g,Dhan API v2 (Client 1112620458)
2025-09-30 19:00,2025-09-30,19,Gold,65623.95,65981.04,357.09,0.5441,10.76,5636,80214,65500,12.8,13.3,0.897,INR/10g,Dhan API v2 (Client 1112620458)
2025-09-30 20:00,2025-09-30,20,Gold,65549.04,65946.23,397.19,0.6059,40.1,9988,80573,65500,12.69,13.19,0.9389,INR/10g,Dhan API v2 (Client 1112620458)
2025-09-30 21:00,2025-09-30,21,Gold,65788.82,66133.64,344.82,0.5241,-52.37,14576,80381,66000,12.83,13.33,0.9489,INR/10g,Dhan API v2 (Client 1112620458)
2025-09-30 22:00,2025-09-30,22,Gold,66066.92,66475.02,408.1,0.6177,63.28,7561,78957,66000,12.28,12.78,0.906,INR/10g,Dhan API v2 (Client 1112620458)
2025-09-30 23:00,2025-09-30,23,Gold,65893.03,66205.8,312.77,0.4747,-95.33,14481,81161,66000,12.62,13.12,0.9238,INR/10g,Dhan API v2 (Client 1112620458)
2025-10-01 09:00,2025-10-01,9,Gold,65909.06,66102.58,193.53,0.2936,-119.24,13982,80627,66000,12.91,13.41,0.9483,INR/10g,Dhan API v2 (Client 1112620458)
2025-10-01 10:00,2025-10-01,10,Gold,65858.06,66259.12,401.06,0.609,207.53,1000,79418,66000,12.74,13.24,0.9355,INR/10g,Dhan API v2 (Client 1112620458)
2025-10-01 11:00,2025-10-01,11,Gold,65961.13,66291.43,330.3,0.5008,-70.76,10286,80470,66000,12.9,13.4,0.9079,INR/10g,Dhan API v2 (Client 1112620458)
2025-10-01 12:00,2025-10-01,12,Gold,65878.1,66167.99,289.88,0.44,-40.42,3895,80332,66000,12.65,13.15,0.939,INR/10g,Dhan API v2 (Client 1112620458)
2025-10-01 13:00,2025-10-01,13,Gold,65977.15,66419.68,442.53,0.6707,152.65,8766,79283,66000,12.54,13.04,0.935,INR/10g,Dhan API v2 (Client 1112620458)
2025-10-01 14:00,2025-10-01,14,Gold,66041.24,66456.32,415.08,0.6285,-27.45,9716,77858,66000,12.52,13.02,0.9206,INR/10g,Dhan API v2 (Client 1112620458)
2025-10-01 15:00,2025-10-01,15,Gold,65993.59,66161.73,168.14,0.2548,-246.94,13036,80439,66000,12.57,13.07,0.9079,INR/10g,Dhan API v2 (Client 1112620458)
2025-10-01 16:00,2025-10-01,16,Gold,65701.69,65863.01,161.31,0.2455,-6.83,11522,79936,65500,12.85,13.35,0.9048,INR/10g,Dhan API v2 (Client 1112620458)
2025-10-01 17:00,2025-10-01,17,Gold,65685.86,65949.93,264.07,0.402,102.76,12390,78590,65500,12.93,13.43,0.932,INR/10g,Dhan API v2 (Client 1112620458)
2025-10-01 18:00,2025-10-01,18,Gold,65772.37,66082.24,309.87,0.4711,45.8,8202,81046,66000,12.83,13.33,0.9307,INR/10g,Dhan API v2 (Client 1112620458)
2025-10-01 19:00,2025-10-01,19,Gold,65863.44,66185.26,321.82,0.4886,11.95,1296,78473,66000,12.39,12.89,0.92,INR/10g,Dhan API v2 (Client 1112620458)
2025-10-01 20:00,2025-10-01,20,Gold,66050.51,66380.8,330.29,0.5001,8.47,10120,78380,66000,13.35,13.85,0.9209,INR/10g,Dhan API v2 (Client 1112620458)
2025-10-01 21:00,2025-10-01,21,Gold,66055.09,66393.71,338.63,0.5126,8.34,13354,79083,66000,12.34,12.84,0.9333,INR/10g,Dhan API v2 (Client 1112620458)
2025-10-01 22:00,2025-10-01,22,Gold,66017.58,66216.97,199.39,0.302,-139.24,3257,78522,66000,12.51,13.01,0.9133,INR/10g,Dhan API v2 (Client 1112620458)
2025-10-01 23:00,2025-10-01,23,Gold,66128.94,66444.77,315.84,0.4776,116.45,9176,80808,66000,12.42,12.92,0.9525,INR/10g,Dhan API v2 (Client 1112620458)
2025-10-02 09:00,2025-10-02,9,Gold,66094.86,66356.08,261.22,0.3952,-54.62,5708,78383,66000,12.28,12.78,0.9281,INR/10g,Dhan API v2 (Client 1112620458)
2025-10-02 10:00,2025-10-02,10,Gold,65925.36,66276.24,350.87,0.5322,89.65,7387,79021,66000,13.09,13.59,0.8701,INR/10g,Dhan API v2 (Client 1112620458)
2025-10-02 11:00,2025-10-02,11,Gold,65987.59,66243.35,255.76,0.3876,-95.11,13457,79828,66000,12.45,12.95,0.9559,INR/10g,Dhan API v2 (Client 1112620458)
2025-10-02 12:00,2025-10-02,12,Gold,65738.09,66128.46,390.37,0.5938,134.61,6814,80170,65500,12.86,13.36,0.9429,INR/10g,Dhan API v2 (Client 1112620458)
2025-10-02 13:00,2025-10-02,13,Gold,65844.63,66143.85,299.22,0.4544,-91.15,4894,79769,66000,12.43,12.93,0.9384,INR/10g,Dhan API v2 (Client 1112620458)
2025-10-02 14:00,2025-10-02,14,Gold,65973.57,66078.11,104.53,0.1584,-194.69,12031,80028,66000,13.0,13.5,0.9063,INR/10g,Dhan API v2 (Client 1112620458)
2025-10-02 15:00,2025-10-02,15,Gold,66125.99,66558.58,432.59,0.6542,328.06,9583,78484,66000,12.43,12.93,0.9012,INR/10g,Dhan API v2 (Client 1112620458)
2025-10-02 16:00,2025-10-02,16,Gold,66263.67,66458.88,195.2,0.2946,-237.39,10714,80874,66500,12.6,13.1,0.9411,INR/10g,Dhan API v2 (Client 1112620458)
2025-10-02 17:00,2025-10-02,17,Gold,66249.28,66570.25,320.97,0.4845,125.77,3495,78735,66000,12.79,13.29,0.9255,INR/10g,Dhan API v2 (Client 1112620458)
2025-10-02 18:00,2025-10-02,18,Gold,66208.76,66496.73,287.97,0.4349,-33.0,6947,79875,66000,12.89,13.39,0.9113,INR/10g,Dhan API v2 (Client 1112620458)
2025-10-02 19:00,2025-10-02,19,Gold,66195.63,66455.15,259.52,0.392,-28.45,11405,81171,66000,12.95,13.45,0.9216,INR/10g,Dhan API v2 (Client 1112620458)
2025-10-02 20:00,2025-10-02,20,Gold,66149.01,66595.56,446.55,0.6751,187.03,3619,80555,66000,12.5,13.0,0.8981,INR/10g,Dhan API v2 (Client 1112620458)
2025-10-02 21:00,2025-10-02,21,Gold,66214.2,66400.42,186.22,0.2812,-260.33,4082,80276,66000,13.05,13.55,0.903,INR/10g,Dhan API v2 (Client 1112620458)
2025-10-02 22:00,2025-10-02,22,Gold,66378.59,66647.75,269.16,0.4055,82.94,2915,81357,66500,12.77,13.27,0.9169,INR/10g,Dhan API v2 (Client 1112620458)
2025-10-02 23:00,2025-10-02,23,Gold,66325.5,66720.71,395.21,0.5959,126.05,3603,78175,66500,13.08,13.58,0.9508,INR/10g,Dhan API v2 (Client 1112620458)
2025-10-03 09:00,2025-10-03,9,Gold,66339.1,66596.3,257.2,0.3877,-138.01,13878,81458,66500,12.57,13.07,0.9373,INR/10g,Dhan API v2 (Client 1112620458)
2025-10-03 10:00,2025-10-03,10,Gold,66084.62,66304.9,220.28,0.3333,-36.92,5669,78373,66000,12.67,13.17,0.9123,INR/10g,Dhan API v2 (Client 1112620458)
2025-10-03 11:00,2025-10-03,11,Gold,65938.29,66238.98,300.7,0.456,80.42,12555,78716,66000,12.11,12.61,0.9082,INR/10g,Dhan API v2 (Client 1112620458)
2025-10-03 12:00,2025-10-03,12,Gold,65889.84,66046.61,156.76,0.2379,-143.94,12867,79391,66000,12.39,12.89,0.9224,INR/10g,Dhan API v2 (Client 1112620458)
2025-10-03 13:00,2025-10-03,13,Gold,65945.69,66156.18,210.49,0.3192,53.73,2114,79194,66000,12.39,12.89,0.9001,INR/10g,Dhan API v2 (Client 1112620458)
2025-10-03 14:00,2025-10-03,14,Gold,65871.76,66227.23,355.47,0.5396,144.98,9021,78642,66000,12.68,13.18,0.8975,INR/10g,Dhan API v2 (Client 1112620458)
2025-10-03 15:00,2025-10-03,15,Gold,66103.26,66404.39,301.14,0.4556,-54.33,14018,80018,66000,12.89,13.39,0.9545,INR/10g,Dhan API v2 (Client 1112620458)
2025-10-03 16:00,2025-10-03,16,Gold,66260.09,66688.69,428.6,0.6468,127.46,4181,80665,66500,12.81,13.31,0.9062,INR/10g,Dhan API v2 (Client 1112620458)
2025-10-03 17:00,2025-10-03,17,Gold,65950.75,66301.13,350.38,0.5313,-78.22,2462,81003,66000,12.13,12.63,0.9384,INR/10g,Dhan API v2 (Client 1112620458)
2025-10-03 18:00,2025-10-03,18,Gold,65658.55,66002.91,344.36,0.5245,-6.02,1961,79949,65500,12.25,12.75,0.9182,INR/10g,Dhan API v2 (Client 1112620458)
2025-10-03 19:00,2025-10-03,19,Gold,65627.59,65882.9,255.32,0.389,-89.04,9916,79703,65500,12.52,13.02,0.886,INR/10g,Dhan API v2 (Client 1112620458)
2025-10-03 20:00,2025-10-03,20,Gold,65204.08,65602.46,398.38,0.611,143.06,7620,78556,65000,12.48,12.98,0.9272,INR/10g,Dhan API v2 (Client 1112620458)
2025-10-03 21:00,2025-10-03,21,Gold,65043.65,65335.89,292.24,0.4493,-106.14,3620,80180,65000,12.02,12.52,0.8991,INR/10g,Dhan API v2 (Client 1112620458)
2025-10-03 22:00,2025-10-03,22,Gold,65169.53,65465.93,296.4,0.4548,4.16,11972,79631,65000,12.75,13.25,0.9198,INR/10g,Dhan API v2 (Client 1112620458)
2025-10-03 23:00,2025-10-03,23,Gold,65065.9,65228.95,163.05,0.2506,-133.35,6683,79500,65000,12.92,13.42,0.888,INR/10g,Dhan API v2 (Client 1112620458)
2025-10-06 09:00,2025-10-06,9,Gold,64965.19,65317.56,352.36,0.5424,189.31,7864,80564,65000,13.02,13.52,0.9436,INR/10g,Dhan API v2 (Client 1112620458)
2025-10-06 10:00,2025-10-06,10,Gold,64890.09,65148.97,258.88,0.3989,-93.48,9587,78499,65000,12.55,13.05,0.9147,INR/10g,Dhan API v2 (Client 1112620458)
2025-10-06 11:00,2025-10-06,11,Gold,64887.29,65253.27,365.98,0.564,107.1,5681,81422,65000,13.09,13.59,0.9378,INR/10g,Dhan API v2 (Client 1112620458)
2025-10-06 12:00,2025-10-06,12,Gold,64822.9,65134.58,311.69,0.4808,-54.29,5831,80822,65000,12.07,12.57,0.9219,INR/10g,Dhan API v2 (Client 1112620458)
2025-10-06 13:00,2025-10-06,13,Gold,64823.93,64942.95,119.01,0.1836,-192.68,3286,79415,65000,12.04,12.54,0.9405,INR/10g,Dhan API v2 (Client 1112620458)
2025-10-06 14:00,2025-10-06,14,Gold,65047.59,65372.42,324.83,0.4994,205.82,13085,80688,65000,12.52,13.02,0.9279,INR/10g,Dhan API v2 (Client 1112620458)
2025-10-06 15:00,2025-10-06,15,Gold,65119.71,65346.36,226.65,0.3481,-98.18,8724,78499,65000,12.71,13.21,0.9077,INR/10g,Dhan API v2 (Client 1112620458)
2025-10-06 16:00,2025-10-06,16,Gold,65095.91,65407.14,311.24,0.4781,84.59,12684,80780,65000,13.27,13.77,0.9249,INR/10g,Dhan API v2 (Client 1112620458)
2025-10-06 17:00,2025-10-06,17,Gold,65279.65,65581.37,301.72,0.4622,-9.52,6737,78298,65500,12.79,13.29,0.9147,INR/10g,Dhan API v2 (Client 1112620458)
2025-10-06 18:00,2025-10-06,18,Gold,65153.2,65378.14,224.93,0.3452,-76.79,13845,78798,65000,12.79,13.29,0.9272,INR/10g,Dhan API v2 (Client 1112620458)
2025-10-06 19:00,2025-10-06,19,Gold,65155.59,65467.36,311.77,0.4785,86.84,13978,78909,65000,12.37,12.87,0.9151,INR/10g,Dhan API v2 (Client 1112620458)
2025-10-06 20:00,2025-10-06,20,Gold,65336.17,65551.03,214.85,0.3288,-96.92,4068,78014,65500,12.53,13.03,0.9183,INR/10g,Dhan API v2 (Client 1112620458)
2025-10-06 21:00,2025-10-06,21,Gold,65281.99,65565.75,283.76,0.4347,68.91,4289,79545,65500,12.84,13.34,0.8904,INR/10g,Dhan API v2 (Client 1112620458)
2025-10-06 22:00,2025-10-06,22,Gold,65289.92,65657.81,367.88,0.5635,84.12,10164,78708,65500,13.12,13.62,0.9347,INR/10g,Dhan API v2 (Client 1112620458)
2025-10-06 23:00,2025-10-06,23,Gold,65301.96,65518.95,216.98,0.3323,-150.9,10747,79847,65500,12.59,13.09,0.8979,INR/10g,Dhan API v2 (Client 1112620458)
2025-10-07 09:00,2025-10-07,9,Gold,65550.52,65712.74,162.22,0.2475,-54.76,14258,79539,65500,12.8,13.3,0.9425,INR/10g,Dhan API v2 (Client 1112620458)
2025-10-07 10:00,2025-10-07,10,Gold,65267.0,65496.19,229.19,0.3512,66.97,10145,79891,65500,12.01,12.51,0.8813,INR/10g,Dhan API v2 (Client 1112620458)
2025-10-07 11:00,2025-10-07,11,Gold,65231.74,65560.26,328.53,0.5036,99.34,4081,80020,65000,12.41,12.91,0.9196,INR/10g,Dhan API v2 (Client 1112620458)
2025-10-07 12:00,2025-10-07,12,Gold,65082.66,65326.28,243.62,0.3743,-84.91,8264,79180,65000,12.25,12.75,0.8983,INR/10g,Dhan API v2 (Client 1112620458)
2025-10-07 13:00,2025-10-07,13,Gold,65169.53,65429.97,260.44,0.3996,16.82,10972,79913,65000,12.35,12.85,0.9457,INR/10g,Dhan API v2 (Client 1112620458)
2025-10-07 14:00,2025-10-07,14,Gold,64933.66,65138.72,205.06,0.3158,-55.38,11175,79737,65000,12.5,13.0,0.9192,INR/10g,Dhan API v2 (Client 1112620458)
2025-10-07 15:00,2025-10-07,15,Gold,65142.0,65487.37,345.37,0.5302,140.31,824,79340,65000,12.73,13.23,0.9182,INR/10g,Dhan API v2 (Client 1112620458)
2025-10-07 16:00,2025-10-07,16,Gold,64986.77,65137.66,150.89,0.2322,-194.48,12827,79750,65000,13.01,13.51,0.9271,INR/10g,Dhan API v2 (Client 1112620458)
2025-10-07 17:00,2025-10-07,17,Gold,65088.89,65298.82,209.93,0.3225,59.04,8282,79552,65000,12.55,13.05,0.9002,INR/10g,Dhan API v2 (Client 1112620458)
2025-10-07 18:00,2025-10-07,18,Gold,65288.21,65676.25,388.04,0.5943,178.11,7781,81084,65500,12.68,13.18,0.9294,INR/10g,Dhan API v2 (Client 1112620458)
2025-10-07 19:00,2025-10-07,19,Gold,65214.88,65574.54,359.66,0.5515,-28.38,10356,79733,65000,12.8,13.3,0.9421,INR/10g,Dhan API v2 (Client 1112620458)
2025-10-07 20:00,2025-10-07,20,Gold,65280.33,65365.34,85.01,0.1302,-274.65,2733,79691,65500,12.61,13.11,0.8636,INR/10g,Dhan API v2 (Client 1112620458)
2025-10-07 21:00,2025-10-07,21,Gold,65411.76,65646.12,234.36,0.3583,149.35,5657,80011,65500,12.75,13.25,0.9215,INR/10g,Dhan API v2 (Client 1112620458)
2025-10-07 22:00,2025-10-07,22,Gold,65353.72,65523.9,170.18,0.2604,-64.18,14457,79970,65500,12.44,12.94,0.9499,INR/10g,Dhan API v2 (Client 1112620458)
2025-10-07 23:00,2025-10-07,23,Gold,65371.52,65682.15,310.63,0.4752,140.45,6790,78995,65500,12.64,13.14,0.9503,INR/10g,Dhan API v2 (Client 1112620458)
2025-10-08 09:00,2025-10-08,9,Gold,65242.04,65638.65,396.62,0.6079,85.99,10482,78265,65000,12.65,13.15,0.899,INR/10g,Dhan API v2 (Client 1112620458)
2025-10-08 10:00,2025-10-08,10,Gold,65030.16,65308.51,278.36,0.428,-118.26,3766,80538,65000,12.52,13.02,0.9572,INR/10g,Dhan API v2 (Client 1112620458)
2025-10-08 11:00,2025-10-08,11,Gold,64935.78,65304.45,368.68,0.5678,90.32,6549,79036,65000,12.26,12.76,0.9393,INR/10g,Dhan API v2 (Client 1112620458)
2025-10-08 12:00,2025-10-08,12,Gold,65051.87,65151.96,100.1,0.1539,-268.58,2401,79205,65000,12.29,12.79,0.8972,INR/10g,Dhan API v2 (Client 1112620458)
2025-10-08 13:00,2025-10-08,13,Gold,65073.15,65456.75,383.6,0.5895,283.5,7466,78448,65000,12.38,12.88,0.9177,INR/10g,Dhan API v2 (Client 1112620458)
2025-10-08 14:00,2025-10-08,14,Gold,64965.43,65182.79,217.36,0.3346,-166.24,10199,80585,65000,12.62,13.12,0.8996,INR/10g,Dhan API v2 (Client 1112620458)
2025-10-08 15:00,2025-10-08,15,Gold,65004.22,65239.3,235.08,0.3616,17.72,9701,79382,65000,12.58,13.08,0.9375,INR/10g,Dhan API v2 (Client 1112620458)
2025-10-08 16:00,2025-10-08,16,Gold,64734.82,64857.94,123.13,0.1902,-111.95,1200,79216,64500,12.62,13.12,0.9082,INR/10g,Dhan API v2 (Client 1112620458)
2025-10-08 17:00,2025-10-08,17,Gold,64525.35,64776.48,251.13,0.3892,128.0,3386,78832,64500,12.68,13.18,0.935,INR/10g,Dhan API v2 (Client 1112620458)
2025-10-08 18:00,2025-10-08,18,Gold,64499.7,64794.07,294.37,0.4564,43.24,4166,78863,64500,12.61,13.11,0.8928,INR/10g,Dhan API v2 (Client 1112620458)
2025-10-08 19:00,2025-10-08,19,Gold,64636.37,64802.09,165.72,0.2564,-128.65,710,81129,64500,12.91,13.41,0.9428,INR/10g,Dhan API v2 (Client 1112620458)
2025-10-08 20:00,2025-10-08,20,Gold,64701.8,64775.98,74.18,0.1147,-91.54,2520,79477,64500,12.72,13.22,0.907,INR/10g,Dhan API v2 (Client 1112620458)
2025-10-08 21:00,2025-10-08,21,Gold,64803.38,64954.87,151.48,0.2338,77.3,4180,80176,65000,12.85,13.35,0.9002,INR/10g,Dhan API v2 (Client 1112620458)
2025-10-08 22:00,2025-10-08,22,Gold,64704.02,64827.91,123.88,0.1915,-27.6,14519,80386,64500,12.96,13.46,0.9167,INR/10g,Dhan API v2 (Client 1112620458)
2025-10-08 23:00,2025-10-08,23,Gold,64724.08,64862.45,138.37,0.2138,14.49,529,79370,64500,12.86,13.36,0.9236,INR/10g,Dhan API v2 (Client 1112620458)
2025-10-09 09:00,2025-10-09,9,Gold,64877.93,65209.54,331.61,0.5111,193.24,9689,81817,65000,12.23,12.73,0.9014,INR/10g,Dhan API v2 (Client 1112620458)
2025-10-09 10:00,2025-10-09,10,Gold,64660.43,64816.98,156.55,0.2421,-175.06,3691,79464,64500,12.72,13.22,0.9163,INR/10g,Dhan API v2 (Client 1112620458)
2025-10-09 11:00,2025-10-09,11,Gold,64786.57,65089.02,302.45,0.4668,145.9,1976,79124,65000,12.43,12.93,0.9644,INR/10g,Dhan API v2 (Client 1112620458)
2025-10-09 12:00,2025-10-09,12,Gold,64669.15,65005.95,336.8,0.5208,34.35,9819,79614,64500,12.93,13.43,0.8986,INR/10g,Dhan API v2 (Client 1112620458)
2025-10-09 13:00,2025-10-09,13,Gold,64724.73,64916.91,192.18,0.2969,-144.62,12226,78551,64500,12.66,13.16,0.8977,INR/10g,Dhan API v2 (Client 1112620458)
2025-10-09 14:00,2025-10-09,14,Gold,64696.11,64861.71,165.6,0.256,-26.58,2104,79893,64500,12.53,13.03,0.9275,INR/10g,Dhan API v2 (Client 1112620458)
2025-10-09 15:00,2025-10-09,15,Gold,64832.59,65038.79,206.2,0.3181,40.6,7437,78216,65000,12.67,13.17,0.9124,INR/10g,Dhan API v2 (Client 1112620458)
2025-10-09 16:00,2025-10-09,16,Gold,64963.59,65230.54,266.95,0.4109,60.75,9988,79515,65000,12.51,13.01,0.9106,INR/10g,Dhan API v2 (Client 1112620458)
2025-10-09 17:00,2025-10-09,17,Gold,64997.84,65150.72,152.88,0.2352,-114.07,6409,79491,65000,12.85,13.35,0.9426,INR/10g,Dhan API v2 (Client 1112620458)
2025-10-09 18:00,2025-10-09,18,Gold,65045.57,65292.52,246.95,0.3797,94.07,6560,77830,65000,12.75,13.25,0.8621,INR/10g,Dhan API v2 (Client 1112620458)
2025-10-09 19:00,2025-10-09,19,Gold,64759.01,64954.95,195.94,0.3026,-51.01,13717,80413,65000,12.8,13.3,0.9233,INR/10g,Dhan API v2 (Client 1112620458)
2025-10-09 20:00,2025-10-09,20,Gold,64594.95,64887.03,292.08,0.4522,96.14,8105,77215,64500,12.67,13.17,0.8919,INR/10g,Dhan API v2 (Client 1112620458)
2025-10-09 21:00,2025-10-09,21,Gold,64724.27,64994.97,270.7,0.4182,-21.38,14258,79373,64500,12.98,13.48,0.9114,INR/10g,Dhan API v2 (Client 1112620458)
2025-10-09 22:00,2025-10-09,22,Gold,64653.05,64756.7,103.65,0.1603,-167.05,9316,80712,64500,13.09,13.59,0.8932,INR/10g,Dhan API v2 (Client 1112620458)
2025-10-09 23:00,2025-10-09,23,Gold,64675.38,64932.73,257.35,0.3979,153.7,2953,77783,64500,12.48,12.98,0.9165,INR/10g,Dhan API v2 (Client 1112620458)
2025-10-10 09:00,2025-10-10,9,Gold,64675.22,64792.76,117.53,0.1817,-139.82,1871,80898,64500,12.93,13.43,0.9203,INR/10g,Dhan API v2 (Client 1112620458)
2025-10-10 10:00,2025-10-10,10,Gold,64646.56,64840.59,194.04,0.3002,76.51,2937,77167,64500,12.87,13.37,0.9419,INR/10g,Dhan API v2 (Client 1112620458)
2025-10-10 11:00,2025-10-10,11,Gold,64826.61,65048.73,222.12,0.3426,28.08,5533,79745,65000,12.19,12.69,0.9057,INR/10g,Dhan API v2 (Client 1112620458)
2025-10-10 12:00,2025-10-10,12,Gold,64978.93,65359.03,380.11,0.585,157.99,5290,80317,65000,12.95,13.45,0.8865,INR/10g,Dhan API v2 (Client 1112620458)
2025-10-10 13:00,2025-10-10,13,Gold,65085.09,65172.28,87.19,0.134,-292.92,8814,80457,65000,12.54,13.04,0.9083,INR/10g,Dhan API v2 (Client 1112620458)
2025-10-10 14:00,2025-10-10,14,Gold,65009.86,65211.21,201.35,0.3097,114.16,5686,80165,65000,12.26,12.76,0.9042,INR/10g,Dhan API v2 (Client 1112620458)
2025-10-10 15:00,2025-10-10,15,Gold,64771.27,64962.86,191.59,0.2958,-9.76,13876,80117,65000,13.15,13.65,0.9147,INR/10g,Dhan API v2 (Client 1112620458)
2025-10-10 16:00,2025-10-10,16,Gold,64772.8,64774.59,1.79,0.0028,-189.8,1500,80413,65000,12.59,13.09,0.9108,INR/10g,Dhan API v2 (Client 1112620458)
2025-10-10 17:00,2025-10-10,17,Gold,64846.28,65012.13,165.86,0.2558,164.07,2357,79754,65000,12.88,13.38,0.9359,INR/10g,Dhan API v2 (Client 1112620458)
2025-10-10 18:00,2025-10-10,18,Gold,64789.81,65062.2,272.39,0.4204,106.53,11862,78611,65000,12.91,13.41,0.929,INR/10g,Dhan API v2 (Client 1112620458)
2025-10-10 19:00,2025-10-10,19,Gold,64662.2,64859.56,197.35,0.3052,-75.04,10879,80532,64500,12.83,13.33,0.9395,INR/10g,Dhan API v2 (Client 1112620458)
2025-10-10 20:00,2025-10-10,20,Gold,64723.81,64938.07,214.26,0.331,16.91,12445,81377,64500,13.09,13.59,0.9046,INR/10g,Dhan API v2 (Client 1112620458)
2025-10-10 21:00,2025-10-10,21,Gold,64754.39,64923.35,168.96,0.2609,-45.3,3499,78967,65000,12.16,12.66,0.9591,INR/10g,Dhan API v2 (Client 1112620458)
2025-10-10 22:00,2025-10-10,22,Gold,65042.34,65348.58,306.24,0.4708,137.28,4554,78771,65000,12.37,12.87,0.9828,INR/10g,Dhan API v2 (Client 1112620458)
2025-10-10 23:00,2025-10-10,23,Gold,64983.93,65156.14,172.21,0.265,-134.03,3663,77672,65000,12.88,13.38,0.8576,INR/10g,Dhan API v2 (Client 1112620458)
2025-10-13 09:00,2025-10-13,9,Gold,65015.94,65192.41,176.47,0.2714,4.26,8703,78633,65000,13.03,13.53,0.8686,INR/10g,Dhan API v2 (Client 1112620458)
2025-10-13 10:00,2025-10-13,10,Gold,64970.81,65387.61,416.79,0.6415,240.32,9314,79912,65000,12.29,12.79,0.9235,INR/10g,Dhan API v2 (Client 1112620458)
2025-10-13 11:00,2025-10-13,11,Gold,65018.53,65121.47,102.94,0.1583,-313.85,5081,79787,65000,12.54,13.04,0.871,INR/10g,Dhan API v2 (Client 1112620458)
2025-10-13 12:00,2025-10-13,12,Gold,64806.07,65075.55,269.48,0.4158,166.54,10229,79250,65000,12.59,13.09,0.9765,INR/10g,Dhan API v2 (Client 1112620458)
2025-10-13 13:00,2025-10-13,13,Gold,64674.56,64870.36,195.8,0.3027,-73.68,1822,79872,64500,13.02,13.52,0.9371,INR/10g,Dhan API v2 (Client 1112620458)
2025-10-13 14:00,2025-10-13,14,Gold,64750.48,64764.05,13.57,0.021,-182.23,10657,81189,65000,12.63,13.13,0.8887,INR/10g,Dhan API v2 (Client 1112620458)
2025-10-13 15:00,2025-10-13,15,Gold,64487.82,64729.21,241.39,0.3743,227.82,6165,78510,64500,12.41,12.91,0.8696,INR/10g,Dhan API v2 (Client 1112620458)
2025-10-13 16:00,2025-10-13,16,Gold,64379.09,64524.3,145.21,0.2256,-96.18,2258,79160,64500,12.17,12.67,0.9411,INR/10g,Dhan API v2 (Client 1112620458)
2025-10-13 17:00,2025-10-13,17,Gold,64312.44,64461.48,149.04,0.2317,3.83,946,80051,64500,12.69,13.19,0.8905,INR/10g,Dhan API v2 (Client 1112620458)
2025-10-13 18:00,2025-10-13,18,Gold,64515.09,64995.97,480.88,0.7454,331.84,1800,79064,64500,12.33,12.83,0.8638,INR/10g,Dhan API v2 (Client 1112620458)
2025-10-13 19:00,2025-10-13,19,Gold,64321.83,64449.54,127.71,0.1985,-353.17,12612,79712,64500,12.87,13.37,0.9144,INR/10g,Dhan API v2 (Client 1112620458)
2025-10-13 20:00,2025-10-13,20,Gold,64405.43,64617.89,212.46,0.3299,84.75,11256,78330,64500,12.55,13.05,0.9059,INR/10g,Dhan API v2 (Client 1112620458)
2025-10-13 21:00,2025-10-13,21,Gold,64399.0,64635.98,236.98,0.368,24.52,4745,80670,64500,12.94,13.44,0.9405,INR/10g,Dhan API v2 (Client 1112620458)
2025-10-13 22:00,2025-10-13,22,Gold,64133.57,64491.1,357.52,0.5575,120.54,5906,78279,64000,12.56,13.06,0.9046,INR/10g,Dhan API v2 (Client 1112620458)
2025-10-13 23:00,2025-10-13,23,Gold,64079.48,64172.31,92.83,0.1449,-264.69,5433,79274,64000,12.39,12.89,0.9262,INR/10g,Dhan API v2 (Client 1112620458)
2025-10-14 09:00,2025-10-14,9,Gold,64183.01,64359.1,176.09,0.2744,83.26,6882,80497,64000,13.17,13.67,0.9223,INR/10g,Dhan API v2 (Client 1112620458)
2025-10-14 10:00,2025-10-14,10,Gold,64345.02,64573.74,228.72,0.3555,52.63,5933,82261,64500,12.8,13.3,0.9219,INR/10g,Dhan API v2 (Client 1112620458)
2025-10-14 11:00,2025-10-14,11,Gold,64420.32,64705.6,285.28,0.4428,56.56,1236,78436,64500,12.75,13.25,0.9248,INR/10g,Dhan API v2 (Client 1112620458)
2025-10-14 12:00,2025-10-14,12,Gold,64440.02,64689.91,249.89,0.3878,-35.39,11997,78976,64500,12.68,13.18,0.8764,INR/10g,Dhan API v2 (Client 1112620458)
2025-10-14 13:00,2025-10-14,13,Gold,64362.27,64432.21,69.94,0.1087,-179.95,13950,80087,64500,12.77,13.27,0.9576,INR/10g,Dhan API v2 (Client 1112620458)
2025-10-14 14:00,2025-10-14,14,Gold,64431.35,64627.75,196.4,0.3048,126.46,1922,81169,64500,12.63,13.13,0.9288,INR/10g,Dhan API v2 (Client 1112620458)
2025-10-14 15:00,2025-10-14,15,Gold,64439.59,64512.47,72.88,0.1131,-123.52,3415,81356,64500,12.89,13.39,0.9106,INR/10g,Dhan API v2 (Client 1112620458)
2025-10-14 16:00,2025-10-14,16,Gold,64363.9,64518.96,155.06,0.2409,82.18,12729,79931,64500,12.94,13.44,0.9282,INR/10g,Dhan API v2 (Client 1112620458)
2025-10-14 17:00,2025-10-14,17,Gold,64407.92,64589.3,181.38,0.2816,26.32,3095,80280,64500,12.14,12.64,0.9077,INR/10g,Dhan API v2 (Client 1112620458)
2025-10-14 18:00,2025-10-14,18,Gold,64190.11,64373.64,183.53,0.2859,2.15,6561,80292,64000,12.63,13.13,0.9272,INR/10g,Dhan API v2 (Client 1112620458)
2025-10-14 19:00,2025-10-14,19,Gold,64416.44,64614.9,198.46,0.3081,14.93,5820,80267,64500,12.93,13.43,0.9399,INR/10g,Dhan API v2 (Client 1112620458)
2025-10-14 20:00,2025-10-14,20,Gold,64324.0,64550.54,226.53,0.3522,28.07,3300,78302,64500,12.82,13.32,0.8906,INR/10g,Dhan API v2 (Client 1112620458)
2025-10-14 21:00,2025-10-14,21,Gold,64361.06,64464.19,103.14,0.1602,-123.39,2869,80052,64500,12.81,13.31,0.9197,INR/10g,Dhan API v2 (Client 1112620458)
2025-10-14 22:00,2025-10-14,22,Gold,64291.42,64461.31,169.89,0.2642,66.75,1180,79916,64500,12.51,13.01,0.8913,INR/10g,Dhan API v2 (Client 1112620458)
2025-10-14 23:00,2025-10-14,23,Gold,64293.24,64541.67,248.43,0.3864,78.54,13143,79350,64500,12.98,13.48,0.9179,INR/10g,Dhan API v2 (Client 1112620458)
2025-10-15 09:00,2025-10-15,9,Gold,64184.72,64360.18,175.46,0.2734,-72.97,5041,79288,64000,12.43,12.93,0.9122,INR/10g,Dhan API v2 (Client 1112620458)
2025-10-15 10:00,2025-10-15,10,Gold,63955.44,64012.09,56.64,0.0886,-118.82,898,81871,64000,12.33,12.83,0.9169,INR/10g,Dhan API v2 (Client 1112620458)
2025-10-15 11:00,2025-10-15,11,Gold,63878.49,63966.07,87.58,0.1371,30.94,7215,79967,64000,12.26,12.76,0.8885,INR/10g,Dhan API v2 (Client 1112620458)
2025-10-15 12:00,2025-10-15,12,Gold,63696.47,63859.91,163.44,0.2566,75.86,8408,80246,63500,12.93,13.43,0.9118,INR/10g,Dhan API v2 (Client 1112620458)
2025-10-15 13:00,2025-10-15,13,Gold,63630.17,63764.14,133.97,0.2105,-29.47,3840,77757,63500,12.48,12.98,0.9011,INR/10g,Dhan API v2 (Client 1112620458)
2025-10-15 14:00,2025-10-15,14,Gold,63579.95,63963.15,383.19,0.6027,249.22,5845,79099,63500,12.37,12.87,0.9143,INR/10g,Dhan API v2 (Client 1112620458)
2025-10-15 15:00,2025-10-15,15,Gold,63700.96,63798.65,97.69,0.1534,-285.5,6230,81541,63500,12.28,12.78,0.9192,INR/10g,Dhan API v2 (Client 1112620458)
2025-10-15 16:00,2025-10-15,16,Gold,63546.91,63623.03,76.13,0.1198,-21.56,5704,80892,63500,12.82,13.32,0.9285,INR/10g,Dhan API v2 (Client 1112620458)
2025-10-15 17:00,2025-10-15,17,Gold,63482.96,63675.13,192.17,0.3027,116.04,14118,80681,63500,12.16,12.66,0.9229,INR/10g,Dhan API v2 (Client 1112620458)
2025-10-15 18:00,2025-10-15,18,Gold,63681.57,63684.33,2.76,0.0043,-189.41,8806,79110,63500,12.61,13.11,0.8948,INR/10g,Dhan API v2 (Client 1112620458)
2025-10-15 19:00,2025-10-15,19,Gold,63642.78,63737.9,95.12,0.1495,92.36,5645,78569,63500,12.96,13.46,0.9152,INR/10g,Dhan API v2 (Client 1112620458)
2025-10-15 20:00,2025-10-15,20,Gold,63819.25,64079.66,260.4,0.408,165.28,14545,78881,64000,12.64,13.14,0.9176,INR/10g,Dhan API v2 (Client 1112620458)
2025-10-15 21:00,2025-10-15,21,Gold,63721.52,63958.72,237.2,0.3722,-23.2,9877,79471,63500,12.64,13.14,0.9325,INR/10g,Dhan API v2 (Client 1112620458)
2025-10-15 22:00,2025-10-15,22,Gold,63673.87,63899.34,225.47,0.3541,-11.73,8808,78300,63500,12.21,12.71,0.9233,INR/10g,Dhan API v2 (Client 1112620458)
2025-10-15 23:00,2025-10-15,23,Gold,63779.72,64077.35,297.63,0.4666,72.16,10236,79788,64000,12.36,12.86,0.9334,INR/10g,Dhan API v2 (Client 1112620458)
2025-10-16 09:00,2025-10-16,9,Gold,63955.32,64074.75,119.44,0.1867,-178.19,11389,79786,64000,12.4,12.9,0.9042,INR/10g,Dhan API v2 (Client 1112620458)
2025-10-16 10:00,2025-10-16,10,Gold,63870.41,64103.04,232.63,0.3642,113.19,12033,79532,64000,12.86,13.36,0.9526,INR/10g,Dhan API v2 (Client 1112620458)
2025-10-16 11:00,2025-10-16,11,Gold,64084.1,64010.61,-73.49,-0.1147,-306.12,11111,79047,64000,12.43,12.93,0.9543,INR/10g,Dhan API v2 (Client 1112620458)
2025-10-16 12:00,2025-10-16,12,Gold,64019.45,64093.93,74.48,0.1163,147.97,10004,79880,64000,13.19,13.69,0.9456,INR/10g,Dhan API v2 (Client 1112620458)
2025-10-16 13:00,2025-10-16,13,Gold,63544.73,63806.77,262.05,0.4124,187.57,14767,79121,63500,12.75,13.25,0.8984,INR/10g,Dhan API v2 (Client 1112620458)
2025-10-16 14:00,2025-10-16,14,Gold,63398.21,63503.52,105.31,0.1661,-156.74,10861,81658,63500,12.6,13.1,0.9392,INR/10g,Dhan API v2 (Client 1112620458)
2025-10-16 15:00,2025-10-16,15,Gold,63326.56,63534.15,207.59,0.3278,102.28,14625,80070,63500,13.04,13.54,0.8965,INR/10g,Dhan API v2 (Client 1112620458)
2025-10-16 16:00,2025-10-16,16,Gold,63186.41,63481.02,294.61,0.4663,87.02,5708,78610,63000,12.68,13.18,0.9123,INR/10g,Dhan API v2 (Client 1112620458)
2025-10-16 17:00,2025-10-16,17,Gold,63164.12,63303.72,139.6,0.221,-155.01,6139,80773,63000,12.19,12.69,0.9261,INR/10g,Dhan API v2 (Client 1112620458)
2025-10-16 18:00,2025-10-16,18,Gold,63023.45,63251.6,228.15,0.362,88.55,812,78164,63000,12.72,13.22,0.8923,INR/10g,Dhan API v2 (Client 1112620458)
2025-10-16 19:00,2025-10-16,19,Gold,63125.75,63293.79,168.04,0.2662,-60.11,7765,79107,63000,12.83,13.33,0.9234,INR/10g,Dhan API v2 (Client 1112620458)
2025-10-16 20:00,2025-10-16,20,Gold,63270.75,63280.95,10.2,0.0161,-157.84,5205,79399,63500,12.88,13.38,0.9056,INR/10g,Dhan API v2 (Client 1112620458)
2025-10-16 21:00,2025-10-16,21,Gold,63204.89,63282.78,77.89,0.1232,67.69,14407,78688,63000,12.91,13.41,0.919,INR/10g,Dhan API v2 (Client 1112620458)
2025-10-16 22:00,2025-10-16,22,Gold,63071.08,63161.32,90.24,0.1431,12.35,2890,79975,63000,12.51,13.01,0.8984,INR/10g,Dhan API v2 (Client 1112620458)
2025-10-16 23:00,2025-10-16,23,Gold,63140.13,63285.28,145.15,0.2299,54.91,14019,79112,63000,11.96,12.46,0.9142,INR/10g,Dhan API v2 (Client 1112620458)
2025-10-17 09:00,2025-10-17,9,Gold,63103.6,63344.67,241.07,0.382,95.92,14266,78851,63000,12.09,12.59,0.9077,INR/10g,Dhan API v2 (Client 1112620458)
2025-10-17 10:00,2025-10-17,10,Gold,63040.74,63406.88,366.14,0.5808,125.07,3084,80201,63000,12.51,13.01,0.9374,INR/10g,Dhan API v2 (Client 1112620458)
2025-10-17 11:00,2025-10-17,11,Gold,62897.77,62991.26,93.49,0.1486,-272.65,12537,78900,63000,12.73,13.23,0.9486,INR/10g,Dhan API v2 (Client 1112620458)
2025-10-17 12:00,2025-10-17,12,Gold,62707.63,62856.67,149.04,0.2377,55.55,2087,80270,62500,12.51,13.01,0.9327,INR/10g,Dhan API v2 (Client 1112620458)
2025-10-17 13:00,2025-10-17,13,Gold,62528.28,62589.81,61.53,0.0984,-87.51,11733,79517,62500,12.46,12.96,0.9112,INR/10g,Dhan API v2 (Client 1112620458)
2025-10-17 14:00,2025-10-17,14,Gold,62564.81,62679.79,114.99,0.1838,53.46,3075,79250,62500,12.86,13.36,0.9035,INR/10g,Dhan API v2 (Client 1112620458)
2025-10-17 15:00,2025-10-17,15,Gold,62854.09,62945.76,91.67,0.1458,-23.32,6611,79472,63000,13.35,13.85,0.9189,INR/10g,Dhan API v2 (Client 1112620458)
2025-10-17 16:00,2025-10-17,16,Gold,62668.56,62802.62,134.06,0.2139,42.39,13114,80377,62500,12.41,12.91,0.8918,INR/10g,Dhan API v2 (Client 1112620458)
2025-10-17 17:00,2025-10-17,17,Gold,62685.87,62773.69,87.82,0.1401,-46.24,10140,79275,62500,12.4,12.9,0.979,INR/10g,Dhan API v2 (Client 1112620458)
2025-10-17 18:00,2025-10-17,18,Gold,62769.49,63100.85,331.35,0.5279,243.53,8111,80316,63000,13.01,13.51,0.9523,INR/10g,Dhan API v2 (Client 1112620458)
2025-10-17 19:00,2025-10-17,19,Gold,62767.75,62967.24,199.5,0.3178,-131.85,10619,79948,63000,12.18,12.68,0.9371,INR/10g,Dhan API v2 (Client 1112620458)
2025-10-17 20:00,2025-10-17,20,Gold,62965.04,63014.07,49.04,0.0779,-150.46,3993,79464,63000,12.78,13.28,0.8807,INR/10g,Dhan API v2 (Client 1112620458)
2025-10-17 21:00,2025-10-17,21,Gold,62892.63,63065.75,173.12,0.2753,124.08,1004,79956,63000,12.95,13.45,0.9099,INR/10g,Dhan API v2 (Client 1112620458)
2025-10-17 22:00,2025-10-17,22,Gold,62832.7,63029.88,197.17,0.3138,24.05,11214,78990,63000,12.36,12.86,0.9005,INR/10g,Dhan API v2 (Client 1112620458)
2025-10-17 23:00,2025-10-17,23,Gold,62966.71,63026.22,59.51,0.0945,-137.66,9221,80570,63000,12.33,12.83,0.8864,INR/10g,Dhan API v2 (Client 1112620458)
2025-10-20 09:00,2025-10-20,9,Gold,62835.06,62905.23,70.17,0.1117,10.66,7024,78680,63000,11.88,12.38,0.9153,INR/10g,Dhan API v2 (Client 1112620458)
2025-10-20 10:00,2025-10-20,10,Gold,62868.66,63003.35,134.69,0.2142,64.52,1260,80411,63000,12.58,13.08,0.8775,INR/10g,Dhan API v2 (Client 1112620458)
2025-10-20 11:00,2025-10-20,11,Gold,62607.52,62737.22,129.7,0.2072,-4.99,7902,79140,62500,12.93,13.43,0.9062,INR/10g,Dhan API v2 (Client 1112620458)
2025-10-20 12:00,2025-10-20,12,Gold,62727.97,62740.8,12.83,0.0205,-116.87,10188,80351,62500,12.67,13.17,0.8933,INR/10g,Dhan API v2 (Client 1112620458)
2025-10-20 13:00,2025-10-20,13,Gold,62743.59,62965.09,221.5,0.353,208.67,8534,81134,62500,12.82,13.32,0.9158,INR/10g,Dhan API v2 (Client 1112620458)
2025-10-20 14:00,2025-10-20,14,Gold,62741.08,62960.62,219.54,0.3499,-1.96,2285,78912,62500,12.9,13.4,0.9277,INR/10g,Dhan API v2 (Client 1112620458)
2025-10-20 15:00,2025-10-20,15,Gold,62781.99,63041.77,259.78,0.4138,40.24,7230,79936,63000,12.18,12.68,0.9332,INR/10g,Dhan API v2 (Client 1112620458)
2025-10-20 16:00,2025-10-20,16,Gold,62973.36,63075.38,102.02,0.162,-157.76,14115,80966,63000,12.88,13.38,0.9309,INR/10g,Dhan API v2 (Client 1112620458)
2025-10-20 17:00,2025-10-20,17,Gold,63063.56,63247.43,183.88,0.2916,81.86,12811,78417,63000,13.01,13.51,0.9171,INR/10g,Dhan API v2 (Client 1112620458)
2025-10-20 18:00,2025-10-20,18,Gold,62997.83,62970.77,-27.06,-0.043,-210.94,5612,78831,63000,12.38,12.88,0.9333,INR/10g,Dhan API v2 (Client 1112620458)
2025-10-20 19:00,2025-10-20,19,Gold,63142.47,63234.74,92.27,0.1461,119.33,2369,79914,63000,12.35,12.85,0.9446,INR/10g,Dhan API v2 (Client 1112620458)
2025-10-20 20:00,2025-10-20,20,Gold,63075.17,63195.71,120.53,0.1911,28.26,2761,78735,63000,12.25,12.75,0.9001,INR/10g,Dhan API v2 (Client 1112620458)
2025-10-20 21:00,2025-10-20,21,Gold,62864.52,63057.22,192.7,0.3065,72.17,11994,79660,63000,12.38,12.88,0.9273,INR/10g,Dhan API v2 (Client 1112620458)
2025-10-20 22:00,2025-10-20,22,Gold,62693.98,62906.02,212.04,0.3382,19.34,2910,77699,62500,13.0,13.5,0.9465,INR/10g,Dhan API v2 (Client 1112620458)
2025-10-20 23:00,2025-10-20,23,Gold,62554.84,62575.91,21.06,0.0337,-190.98,1420,78824,62500,12.73,13.23,0.9191,INR/10g,Dhan API v2 (Client 1112620458)
2025-10-21 09:00,2025-10-21,9,Gold,62614.56,63015.16,400.61,0.6398,379.55,13228,80591,62500,12.51,13.01,0.9253,INR/10g,Dhan API v2 (Client 1112620458)
2025-10-21 10:00,2025-10-21,10,Gold,62535.88,62759.32,223.44,0.3573,-177.17,7924,78925,62500,12.43,12.93,0.9113,INR/10g,Dhan API v2 (Client 1112620458)
2025-10-21 11:00,2025-10-21,11,Gold,62394.79,62360.79,-34.0,-0.0545,-257.44,8627,78326,62500,12.7,13.2,0.9105,INR/10g,Dhan API v2 (Client 1112620458)
2025-10-21 12:00,2025-10-21,12,Gold,62571.5,62577.52,6.01,0.0096,40.01,10546,80012,62500,12.96,13.46,0.91,INR/10g,Dhan API v2 (Client 1112620458)
2025-10-21 13:00,2025-10-21,13,Gold,62715.52,62749.37,33.85,0.054,27.84,4211,78801,62500,12.47,12.97,0.9146,INR/10g,Dhan API v2 (Client 1112620458)
2025-10-21 14:00,2025-10-21,14,Gold,62796.23,63070.75,274.53,0.4372,240.68,4318,79201,63000,12.72,13.22,0.9295,INR/10g,Dhan API v2 (Client 1112620458)
2025-10-21 15:00,2025-10-21,15,Gold,62903.75,63001.74,97.99,0.1558,-176.54,6918,79767,63000,12.2,12.7,0.8853,INR/10g,Dhan API v2 (Client 1112620458)
2025-10-21 16:00,2025-10-21,16,Gold,62708.6,62758.82,50.22,0.0801,-47.77,1260,79750,62500,12.66,13.16,0.8954,INR/10g,Dhan API v2 (Client 1112620458)
2025-10-21 17:00,2025-10-21,17,Gold,62455.05,62596.2,141.15,0.226,90.93,2633,80256,62500,12.79,13.29,0.8963,INR/10g,Dhan API v2 (Client 1112620458)
2025-10-21 18:00,2025-10-21,18,Gold,62354.42,62475.46,121.04,0.1941,-20.11,11657,80461,62500,13.31,13.81,0.9289,INR/10g,Dhan API v2 (Client 1112620458)
2025-10-21 19:00,2025-10-21,19,Gold,62362.55,62509.65,147.09,0.2359,26.05,1811,79829,62500,12.47,12.97,0.942,INR/10g,Dhan API v2 (Client 1112620458)
2025-10-21 20:00,2025-10-21,20,Gold,62228.58,62388.19,159.62,0.2565,12.53,4412,78116,62000,12.88,13.38,0.913,INR/10g,Dhan API v2 (Client 1112620458)
2025-10-21 21:00,2025-10-21,21,Gold,61930.69,62041.47,110.78,0.1789,-48.84,9917,80582,62000,12.6,13.1,0.9336,INR/10g,Dhan API v2 (Client 1112620458)
2025-10-21 22:00,2025-10-21,22,Gold,61980.21,62176.11,195.89,0.3161,85.11,3000,78775,62000,12.76,13.26,0.9386,INR/10g,Dhan API v2 (Client 1112620458)
2025-10-21 23:00,2025-10-21,23,Gold,62059.35,62264.98,205.63,0.3313,9.74,9402,78781,62000,12.35,12.85,0.9223,INR/10g,Dhan API v2 (Client 1112620458)
2025-10-22 09:00,2025-10-22,9,Gold,62133.11,62150.66,17.56,0.0283,-188.07,3186,77956,62000,12.32,12.82,0.8992,INR/10g,Dhan API v2 (Client 1112620458)
2025-10-22 10:00,2025-10-22,10,Gold,62004.86,62109.81,104.95,0.1693,87.39,10706,78019,62000,12.59,13.09,0.9199,INR/10g,Dhan API v2 (Client 1112620458)
2025-10-22 11:00,2025-10-22,11,Gold,62038.03,62049.09,11.06,0.0178,-93.89,6913,80248,62000,12.44,12.94,0.8738,INR/10g,Dhan API v2 (Client 1112620458)
2025-10-22 12:00,2025-10-22,12,Gold,61962.64,62012.79,50.15,0.0809,39.09,9456,80462,62000,12.33,12.83,0.9117,INR/10g,Dhan API v2 (Client 1112620458)
2025-10-22 13:00,2025-10-22,13,Gold,61823.71,61970.97,147.25,0.2382,97.1,2724,79005,62000,12.0,12.5,0.9018,INR/10g,Dhan API v2 (Client 1112620458)
2025-10-22 14:00,2025-10-22,14,Gold,61640.68,61941.5,300.82,0.488,153.57,8733,80486,61500,12.39,12.89,0.8881,INR/10g,Dhan API v2 (Client 1112620458)
2025-10-22 15:00,2025-10-22,15,Gold,61643.08,61770.61,127.53,0.2069,-173.29,7111,79455,61500,12.94,13.44,0.8957,INR/10g,Dhan API v2 (Client 1112620458)
2025-10-22 16:00,2025-10-22,16,Gold,61424.4,61346.82,-77.57,-0.1263,-205.1,551,79349,61500,12.44,12.94,0.9184,INR/10g,Dhan API v2 (Client 1112620458)
2025-10-22 17:00,2025-10-22,17,Gold,61262.13,61563.06,300.93,0.4912,378.5,7688,79215,61500,12.8,13.3,0.9258,INR/10g,Dhan API v2 (Client 1112620458)
2025-10-22 18:00,2025-10-22,18,Gold,61322.98,61444.04,121.06,0.1974,-179.87,11559,80021,61500,12.46,12.96,0.8858,INR/10g,Dhan API v2 (Client 1112620458)
2025-10-22 19:00,2025-10-22,19,Gold,61467.71,61594.72,127.01,0.2066,5.95,11250,79968,61500,12.56,13.06,0.9167,INR/10g,Dhan API v2 (Client 1112620458)
2025-10-22 20:00,2025-10-22,20,Gold,61501.3,61614.4,113.1,0.1839,-13.91,13265,78578,61500,12.71,13.21,0.9179,INR/10g,Dhan API v2 (Client 1112620458)
2025-10-22 21:00,2025-10-22,21,Gold,61505.3,61662.07,156.77,0.2549,43.67,8576,79073,61500,12.21,12.71,0.9106,INR/10g,Dhan API v2 (Client 1112620458)
2025-10-22 22:00,2025-10-22,22,Gold,61619.96,61727.64,107.68,0.1747,-49.09,10788,78313,61500,12.91,13.41,0.9073,INR/10g,Dhan API v2 (Client 1112620458)
2025-10-22 23:00,2025-10-22,23,Gold,61520.19,61737.79,217.6,0.3537,109.92,13651,77929,61500,12.44,12.94,0.9308,INR/10g,Dhan API v2 (Client 1112620458)
2025-10-23 09:00,2025-10-23,9,Gold,61584.48,61664.18,79.71,0.1294,-137.89,14190,80613,61500,13.02,13.52,0.9562,INR/10g,Dhan API v2 (Client 1112620458)
2025-10-23 10:00,2025-10-23,10,Gold,61400.15,61624.45,224.3,0.3653,144.59,1009,80775,61500,12.87,13.37,0.9237,INR/10g,Dhan API v2 (Client 1112620458)
2025-10-23 11:00,2025-10-23,11,Gold,61185.81,61433.65,247.85,0.4051,23.55,6888,79517,61000,13.0,13.5,0.8985,INR/10g,Dhan API v2 (Client 1112620458)
2025-10-23 12:00,2025-10-23,12,Gold,61364.37,61285.01,-79.35,-0.1293,-327.2,14196,80319,61500,12.56,13.06,0.9187,INR/10g,Dhan API v2 (Client 1112620458)
2025-10-23 13:00,2025-10-23,13,Gold,61412.54,61531.46,118.92,0.1936,198.27,1250,78496,61500,13.08,13.58,0.866,INR/10g,Dhan API v2 (Client 1112620458)
2025-10-23 14:00,2025-10-23,14,Gold,61430.21,61717.55,287.34,0.4677,168.42,7183,79488,61500,12.53,13.03,0.9171,INR/10g,Dhan API v2 (Client 1112620458)
2025-10-23 15:00,2025-10-23,15,Gold,61342.75,61378.11,35.36,0.0576,-251.98,2177,79901,61500,12.82,13.32,0.9113,INR/10g,Dhan API v2 (Client 1112620458)
2025-10-23 16:00,2025-10-23,16,Gold,61351.11,61498.47,147.36,0.2402,112.0,12834,80386,61500,12.87,13.37,0.9171,INR/10g,Dhan API v2 (Client 1112620458)
2025-10-23 17:00,2025-10-23,17,Gold,61419.09,61498.83,79.74,0.1298,-67.62,3126,80395,61500,12.74,13.24,0.9122,INR/10g,Dhan API v2 (Client 1112620458)
2025-10-23 18:00,2025-10-23,18,Gold,61280.2,61560.79,280.59,0.4579,200.85,9670,80424,61500,12.67,13.17,0.8959,INR/10g,Dhan API v2 (Client 1112620458)
2025-10-23 19:00,2025-10-23,19,Gold,61249.16,61249.39,0.22,0.0004,-280.37,11370,79670,61000,12.28,12.78,0.908,INR/10g,Dhan API v2 (Client 1112620458)
2025-10-23 20:00,2025-10-23,20,Gold,61021.29,61200.29,178.99,0.2933,178.77,6988,80047,61000,12.85,13.35,0.8892,INR/10g,Dhan API v2 (Client 1112620458)
2025-10-23 21:00,2025-10-23,21,Gold,61178.53,61321.18,142.65,0.2332,-36.34,1976,79603,61000,12.39,12.89,0.9327,INR/10g,Dhan API v2 (Client 1112620458)
2025-10-23 22:00,2025-10-23,22,Gold,61163.27,61292.12,128.85,0.2107,-13.8,4067,79735,61000,12.41,12.91,0.9053,INR/10g,Dhan API v2 (Client 1112620458)
2025-10-23 23:00,2025-10-23,23,Gold,61143.33,61216.44,73.11,0.1196,-55.74,7539,79090,61000,12.21,12.71,0.9106,INR/10g,Dhan API v2 (Client 1112620458)
2025-10-24 09:00,2025-10-24,9,Gold,61143.57,61234.59,91.03,0.1489,17.92,5918,80601,61000,12.58,13.08,0.9301,INR/10g,Dhan API v2 (Client 1112620458)
2025-10-24 10:00,2025-10-24,10,Gold,61141.67,61330.87,189.2,0.3094,98.17,14102,80396,61000,11.74,12.24,0.9515,INR/10g,Dhan API v2 (Client 1112620458)
2025-10-24 11:00,2025-10-24,11,Gold,61206.25,61161.66,-44.59,-0.0728,-233.79,6652,80019,61000,12.58,13.08,0.9269,INR/10g,Dhan API v2 (Client 1112620458)
2025-10-24 12:00,2025-10-24,12,Gold,61326.87,61341.99,15.13,0.0247,59.72,12536,79121,61500,13.1,13.6,0.9239,INR/10g,Dhan API v2 (Client 1112620458)
2025-10-24 13:00,2025-10-24,13,Gold,61098.83,61274.5,175.67,0.2875,160.54,10520,79006,61000,12.71,13.21,0.9133,INR/10g,Dhan API v2 (Client 1112620458)
2025-10-24 14:00,2025-10-24,14,Gold,61084.12,61330.16,246.04,0.4028,70.37,12338,79764,61000,12.42,12.92,0.9145,INR/10g,Dhan API v2 (Client 1112620458)
2025-10-24 15:00,2025-10-24,15,Gold,60974.78,61140.29,165.51,0.2714,-80.53,10931,80050,61000,12.82,13.32,0.8909,INR/10g,Dhan API v2 (Client 1112620458)
2025-10-24 16:00,2025-10-24,16,Gold,61113.33,61326.71,213.38,0.3492,47.87,4082,79183,61000,12.72,13.22,0.9288,INR/10g,Dhan API v2 (Client 1112620458)
2025-10-24 17:00,2025-10-24,17,Gold,61098.24,61158.02,59.77,0.0978,-153.61,10776,77734,61000,12.98,13.48,0.8987,INR/10g,Dhan API v2 (Client 1112620458)
2025-10-24 18:00,2025-10-24,18,Gold,60859.32,61048.87,189.55,0.3115,129.78,14868,80394,61000,12.76,13.26,0.8782,INR/10g,Dhan API v2 (Client 1112620458)
2025-10-24 19:00,2025-10-24,19,Gold,60844.23,61021.27,177.04,0.291,-12.51,1955,79635,61000,12.05,12.55,0.869,INR/10g,Dhan API v2 (Client 1112620458)
2025-10-24 20:00,2025-10-24,20,Gold,60915.33,61091.51,176.18,0.2892,-0.86,4077,78356,61000,12.53,13.03,0.9156,INR/10g,Dhan API v2 (Client 1112620458)
2025-10-24 21:00,2025-10-24,21,Gold,60942.51,60890.08,-52.43,-0.086,-228.61,12913,79967,61000,12.39,12.89,0.935,INR/10g,Dhan API v2 (Client 1112620458)
2025-10-24 22:00,2025-10-24,22,Gold,60910.86,61150.79,239.93,0.3939,292.36,781,78762,61000,12.45,12.95,0.9311,INR/10g,Dhan API v2 (Client 1112620458)
2025-10-24 23:00,2025-10-24,23,Gold,60928.26,60984.36,56.1,0.0921,-183.83,14127,78500,61000,12.36,12.86,0.9069,INR/10g,Dhan API v2 (Client 1112620458)
2025-10-27 09:00,2025-10-27,9,Gold,60809.47,60776.66,-32.81,-0.0539,-88.91,12126,81135,61000,12.2,12.7,0.9146,INR/10g,Dhan API v2 (Client 1112620458)
2025-10-27 10:00,2025-10-27,10,Gold,60670.32,60855.53,185.2,0.3053,218.01,4472,80159,60500,13.01,13.51,0.9583,INR/10g,Dhan API v2 (Client 1112620458)
2025-10-27 11:00,2025-10-27,11,Gold,60645.2,61033.03,387.83,0.6395,202.63,1837,78507,60500,13.05,13.55,0.8901,INR/10g,Dhan API v2 (Client 1112620458)
2025-10-27 12:00,2025-10-27,12,Gold,60585.09,60536.9,-48.19,-0.0795,-436.02,4860,78882,60500,12.26,12.76,0.9321,INR/10g,Dhan API v2 (Client 1112620458)
2025-10-27 13:00,2025-10-27,13,Gold,60696.12,60755.31,59.18,0.0975,107.37,8504,78291,60500,12.76,13.26,0.9504,INR/10g,Dhan API v2 (Client 1112620458)
2025-10-27 14:00,2025-10-27,14,Gold,60310.16,60445.52,135.36,0.2244,76.18,845,79503,60500,12.63,13.13,0.9428,INR/10g,Dhan API v2 (Client 1112620458)
2025-10-27 15:00,2025-10-27,15,Gold,60394.86,60457.12,62.27,0.1031,-73.09,1773,80113,60500,12.64,13.14,0.916,INR/10g,Dhan API v2 (Client 1112620458)
2025-10-27 16:00,2025-10-27,16,Gold,60290.15,60324.8,34.65,0.0575,-27.62,11613,79466,60500,12.43,12.93,0.903,INR/10g,Dhan API v2 (Client 1112620458)
2025-10-27 17:00,2025-10-27,17,Gold,60297.13,60473.09,175.96,0.2918,141.31,8385,78210,60500,12.5,13.0,0.9077,INR/10g,Dhan API v2 (Client 1112620458)
2025-10-27 18:00,2025-10-27,18,Gold,59992.28,60050.12,57.83,0.0964,-118.13,11036,80169,60000,12.74,13.24,0.9126,INR/10g,Dhan API v2 (Client 1112620458)
2025-10-27 19:00,2025-10-27,19,Gold,60024.08,60060.41,36.33,0.0605,-21.5,5658,80898,60000,12.67,13.17,0.9199,INR/10g,Dhan API v2 (Client 1112620458)
2025-10-27 20:00,2025-10-27,20,Gold,59983.86,60135.49,151.63,0.2528,115.3,9950,79993,60000,13.07,13.57,0.9393,INR/10g,Dhan API v2 (Client 1112620458)
2025-10-27 21:00,2025-10-27,21,Gold,60098.04,60193.42,95.38,0.1587,-56.25,2063,78481,60000,12.57,13.07,0.9252,INR/10g,Dhan API v2 (Client 1112620458)
2025-10-27 22:00,2025-10-27,22,Gold,60436.99,60345.36,-91.64,-0.1516,-187.02,7047,79346,60500,12.41,12.91,0.9233,INR/10g,Dhan API v2 (Client 1112620458)
2025-10-27 23:00,2025-10-27,23,Gold,60305.81,60435.31,129.49,0.2147,221.13,8313,78851,60500,12.82,13.32,0.9483,INR/10g,Dhan API v2 (Client 1112620458)
2025-10-28 09:00,2025-10-28,9,Gold,60525.4,60422.91,-102.49,-0.1693,-231.98,13707,78039,60500,12.82,13.32,0.9352,INR/10g,Dhan API v2 (Client 1112620458)
2025-10-28 10:00,2025-10-28,10,Gold,60712.94,60656.27,-56.67,-0.0933,45.82,4712,80487,60500,12.9,13.4,0.935,INR/10g,Dhan API v2 (Client 1112620458)
2025-10-28 11:00,2025-10-28,11,Gold,60868.92,60805.82,-63.1,-0.1037,-6.43,5151,79469,61000,12.41,12.91,0.9314,INR/10g,Dhan API v2 (Client 1112620458)
2025-10-28 12:00,2025-10-28,12,Gold,60927.55,61086.64,159.09,0.2611,222.19,12763,80386,61000,12.59,13.09,0.9232,INR/10g,Dhan API v2 (Client 1112620458)
2025-10-28 13:00,2025-10-28,13,Gold,61014.02,61105.92,91.9,0.1506,-67.19,2087,79311,61000,12.97,13.47,0.8939,INR/10g,Dhan API v2 (Client 1112620458)
2025-10-28 14:00,2025-10-28,14,Gold,61043.7,61095.25,51.55,0.0845,-40.35,8868,78340,61000,12.48,12.98,0.9299,INR/10g,Dhan API v2 (Client 1112620458)
2025-10-28 15:00,2025-10-28,15,Gold,61129.04,61245.48,116.44,0.1905,64.89,11431,79120,61000,12.21,12.71,0.9457,INR/10g,Dhan API v2 (Client 1112620458)
2025-10-28 16:00,2025-10-28,16,Gold,61182.09,61286.04,103.95,0.1699,-12.49,11444,78497,61000,12.61,13.11,0.9209,INR/10g,Dhan API v2 (Client 1112620458)
2025-10-28 17:00,2025-10-28,17,Gold,61102.8,61208.27,105.47,0.1726,1.52,6756,78663,61000,12.77,13.27,0.9404,INR/10g,Dhan API v2 (Client 1112620458)
2025-10-28 18:00,2025-10-28,18,Gold,61033.8,61093.66,59.86,0.0981,-45.61,5848,79017,61000,13.22,13.72,0.9137,INR/10g,Dhan API v2 (Client 1112620458)
2025-10-28 19:00,2025-10-28,19,Gold,60823.89,60849.73,25.84,0.0425,-34.02,3426,78152,61000,12.92,13.42,0.9564,INR/10g,Dhan API v2 (Client 1112620458)
2025-10-28 20:00,2025-10-28,20,Gold,61116.94,61300.76,183.82,0.3008,157.98,6440,80536,61000,12.86,13.36,0.8929,INR/10g,Dhan API v2 (Client 1112620458)
2025-10-28 21:00,2025-10-28,21,Gold,61147.71,61230.73,83.03,0.1358,-100.79,12869,79246,61000,12.91,13.41,0.9514,INR/10g,Dhan API v2 (Client 1112620458)
2025-10-28 22:00,2025-10-28,22,Gold,61121.44,61272.19,150.76,0.2467,67.73,1762,80347,61000,12.81,13.31,0.9425,INR/10g,Dhan API v2 (Client 1112620458)
2025-10-28 23:00,2025-10-28,23,Gold,61330.97,61379.41,48.44,0.079,-102.32,10730,80471,61500,12.57,13.07,0.9066,INR/10g,Dhan API v2 (Client 1112620458)
2025-10-29 09:00,2025-10-29,9,Gold,61386.7,61412.79,26.1,0.0425,-22.34,12904,79688,61500,12.77,13.27,0.8952,INR/10g,Dhan API v2 (Client 1112620458)
2025-10-29 10:00,2025-10-29,10,Gold,61553.51,61638.42,84.92,0.138,58.82,3345,80187,61500,12.75,13.25,0.8706,INR/10g,Dhan API v2 (Client 1112620458)
2025-10-29 11:00,2025-10-29,11,Gold,61472.76,61551.29,78.53,0.1277,-6.39,8578,78967,61500,12.58,13.08,0.9372,INR/10g,Dhan API v2 (Client 1112620458)
2025-10-29 12:00,2025-10-29,12,Gold,61651.09,61691.73,40.64,0.0659,-37.89,6383,80826,61500,12.97,13.47,0.8884,INR/10g,Dhan API v2 (Client 1112620458)
2025-10-29 13:00,2025-10-29,13,Gold,61473.34,61628.32,154.98,0.2521,114.34,2408,79580,61500,12.24,12.74,0.8809,INR/10g,Dhan API v2 (Client 1112620458)
2025-10-29 14:00,2025-10-29,14,Gold,61445.11,61504.61,59.5,0.0968,-95.48,12758,79233,61500,12.26,12.76,0.8946,INR/10g,Dhan API v2 (Client 1112620458)
2025-10-29 15:00,2025-10-29,15,Gold,61391.04,61288.78,-102.27,-0.1666,-161.77,7868,79584,61500,11.71,12.21,0.9052,INR/10g,Dhan API v2 (Client 1112620458)
2025-10-29 16:00,2025-10-29,16,Gold,61300.44,61289.86,-10.58,-0.0173,91.69,731,78286,61500,12.29,12.79,0.93,INR/10g,Dhan API v2 (Client 1112620458)
2025-10-29 17:00,2025-10-29,17,Gold,61246.59,61400.24,153.64,0.2509,164.22,5455,80862,61000,12.52,13.02,0.909,INR/10g,Dhan API v2 (Client 1112620458)
2025-10-29 18:00,2025-10-29,18,Gold,61252.86,61310.75,57.89,0.0945,-95.75,10877,79575,61500,12.68,13.18,0.8773,INR/10g,Dhan API v2 (Client 1112620458)
2025-10-29 19:00,2025-10-29,19,Gold,61265.63,61437.42,171.78,0.2804,113.89,9530,80416,61500,12.85,13.35,0.9235,INR/10g,Dhan API v2 (Client 1112620458)
2025-10-29 20:00,2025-10-29,20,Gold,61377.43,61558.62,181.19,0.2952,9.41,11154,80868,61500,12.63,13.13,0.9345,INR/10g,Dhan API v2 (Client 1112620458)
2025-10-29 21:00,2025-10-29,21,Gold,61491.64,61583.11,91.47,0.1488,-89.72,6375,79757,61500,12.35,12.85,0.898,INR/10g,Dhan API v2 (Client 1112620458)
2025-10-29 22:00,2025-10-29,22,Gold,61386.73,61477.71,90.98,0.1482,-0.49,11053,78995,61500,12.4,12.9,0.9457,INR/10g,Dhan API v2 (Client 1112620458)
2025-10-29 23:00,2025-10-29,23,Gold,61415.48,61311.97,-103.51,-0.1685,-194.49,9642,79078,61500,12.63,13.13,0.9411,INR/10g,Dhan API v2 (Client 1112620458)
2025-10-30 09:00,2025-10-30,9,Gold,61303.5,61556.61,253.11,0.4129,356.62,7451,80103,61500,12.49,12.99,0.9328,INR/10g,Dhan API v2 (Client 1112620458)
2025-10-30 10:00,2025-10-30,10,Gold,61251.89,61520.83,268.94,0.4391,15.83,3654,79859,61500,12.9,13.4,0.9439,INR/10g,Dhan API v2 (Client 1112620458)
2025-10-30 11:00,2025-10-30,11,Gold,61293.43,61212.51,-80.92,-0.132,-349.86,12804,79341,61500,12.73,13.23,0.9122,INR/10g,Dhan API v2 (Client 1112620458)
2025-10-30 12:00,2025-10-30,12,Gold,61284.14,61300.07,15.94,0.026,96.86,3069,79529,61500,13.28,13.78,0.8993,INR/10g,Dhan API v2 (Client 1112620458)
2025-10-30 13:00,2025-10-30,13,Gold,61381.68,61419.45,37.77,0.0615,21.83,6719,79579,61500,12.53,13.03,0.9055,INR/10g,Dhan API v2 (Client 1112620458)
2025-10-30 14:00,2025-10-30,14,Gold,61510.23,61720.6,210.36,0.342,172.59,3453,77756,61500,12.43,12.93,0.9403,INR/10g,Dhan API v2 (Client 1112620458)
2025-10-30 15:00,2025-10-30,15,Gold,61724.08,61730.72,6.64,0.0108,-203.72,1939,80200,61500,12.62,13.12,0.9457,INR/10g,Dhan API v2 (Client 1112620458)
2025-10-30 16:00,2025-10-30,16,Gold,61891.12,61818.07,-73.05,-0.118,-79.69,10824,80777,62000,12.78,13.28,0.9091,INR/10g,Dhan API v2 (Client 1112620458)
2025-10-30 17:00,2025-10-30,17,Gold,61823.24,61824.89,1.66,0.0027,74.71,1226,79669,62000,12.05,12.55,0.892,INR/10g,Dhan API v2 (Client 1112620458)
2025-10-30 18:00,2025-10-30,18,Gold,62010.61,61917.03,-93.59,-0.1509,-95.25,9894,79292,62000,12.64,13.14,0.9494,INR/10g,Dhan API v2 (Client 1112620458)
2025-10-30 19:00,2025-10-30,19,Gold,62065.48,62074.43,8.95,0.0144,102.54,6278,79240,62000,12.57,13.07,0.9099,INR/10g,Dhan API v2 (Client 1112620458)
2025-10-30 20:00,2025-10-30,20,Gold,62240.68,62360.57,119.89,0.1926,110.94,4805,79716,62000,12.69,13.19,0.9398,INR/10g,Dhan API v2 (Client 1112620458)
2025-10-30 21:00,2025-10-30,21,Gold,62156.07,62223.55,67.48,0.1086,-52.41,2903,79605,62000,12.9,13.4,0.8805,INR/10g,Dhan API v2 (Client 1112620458)
2025-10-30 22:00,2025-10-30,22,Gold,62315.48,62425.01,109.54,0.1758,42.06,12882,78793,62500,12.32,12.82,0.9189,INR/10g,Dhan API v2 (Client 1112620458)
2025-10-30 23:00,2025-10-30,23,Gold,62230.55,62247.3,16.75,0.0269,-92.79,941,78924,62000,12.83,13.33,0.8706,INR/10g,Dhan API v2 (Client 1112620458)
2025-10-31 09:00,2025-10-31,9,Gold,62063.46,62163.6,100.14,0.1613,83.39,6815,78132,62000,12.88,13.38,0.897,INR/10g,Dhan API v2 (Client 1112620458)
2025-10-31 10:00,2025-10-31,10,Gold,62053.17,62104.72,51.56,0.0831,-48.58,13151,79208,62000,12.17,12.67,0.9485,INR/10g,Dhan API v2 (Client 1112620458)
2025-10-31 11:00,2025-10-31,11,Gold,61985.46,61983.16,-2.3,-0.0037,-53.86,10536,80405,62000,12.9,13.4,0.933,INR/10g,Dhan API v2 (Client 1112620458)
2025-10-31 12:00,2025-10-31,12,Gold,61796.71,61953.0,156.29,0.2529,158.59,7418,78349,62000,12.42,12.92,0.9353,INR/10g,Dhan API v2 (Client 1112620458)
2025-10-31 13:00,2025-10-31,13,Gold,61791.12,61793.49,2.38,0.0038,-153.91,2783,80523,62000,12.64,13.14,0.9463,INR/10g,Dhan API v2 (Client 1112620458)
2025-10-31 14:00,2025-10-31,14,Gold,61879.19,61954.71,75.52,0.122,73.14,1429,81024,62000,12.7,13.2,0.8754,INR/10g,Dhan API v2 (Client 1112620458)
2025-10-31 15:00,2025-10-31,15,Gold,61820.37,61822.86,2.49,0.004,-73.03,7668,78343,62000,12.92,13.42,0.8856,INR/10g,Dhan API v2 (Client 1112620458)
2025-10-31 16:00,2025-10-31,16,Gold,61650.8,61742.19,91.39,0.1482,88.9,12941,77105,61500,12.63,13.13,0.9148,INR/10g,Dhan API v2 (Client 1112620458)
2025-10-31 17:00,2025-10-31,17,Gold,61657.26,61689.96,32.7,0.053,-58.69,1390,80600,61500,12.67,13.17,0.9076,INR/10g,Dhan API v2 (Client 1112620458)
2025-10-31 18:00,2025-10-31,18,Gold,61558.39,61567.74,9.35,0.0152,-23.35,800,79871,61500,12.57,13.07,0.8992,INR/10g,Dhan API v2 (Client 1112620458)
2025-10-31 19:00,2025-10-31,19,Gold,61304.97,61330.9,25.93,0.0423,16.58,12106,82006,61500,12.74,13.24,0.9106,INR/10g,Dhan API v2 (Client 1112620458)
2025-10-31 20:00,2025-10-31,20,Gold,61240.06,61151.64,-88.43,-0.1444,-114.36,12423,79838,61000,12.54,13.04,0.9311,INR/10g,Dhan API v2 (Client 1112620458)
2025-10-31 21:00,2025-10-31,21,Gold,61378.35,61603.0,224.65,0.366,313.08,4753,81644,61500,13.32,13.82,0.9233,INR/10g,Dhan API v2 (Client 1112620458)
2025-10-31 22:00,2025-10-31,22,Gold,61423.62,61517.95,94.33,0.1536,-130.32,4858,80290,61500,12.68,13.18,0.9019,INR/10g,Dhan API v2 (Client 1112620458)
2025-10-31 23:00,2025-10-31,23,Gold,61456.59,61500.51,43.92,0.0715,-50.41,3849,79711,61500,12.76,13.26,0.8974,INR/10g,Dhan API v2 (Client 1112620458)
2025-11-03 09:00,2025-11-03,9,Gold,61605.06,61770.8,165.74,0.269,121.82,3335,81695,61500,13.19,13.69,0.9086,INR/10g,Dhan API v2 (Client 1112620458)
2025-11-03 10:00,2025-11-03,10,Gold,61470.42,61476.96,6.54,0.0106,-159.2,6325,80464,61500,12.74,13.24,0.9462,INR/10g,Dhan API v2 (Client 1112620458)
2025-11-03 11:00,2025-11-03,11,Gold,61529.0,61516.76,-12.24,-0.0199,-18.78,8488,80321,61500,12.67,13.17,0.9402,INR/10g,Dhan API v2 (Client 1112620458)
2025-11-03 12:00,2025-11-03,12,Gold,61508.09,61463.59,-44.5,-0.0723,-32.26,1319,78885,61500,13.01,13.51,0.9374,INR/10g,Dhan API v2 (Client 1112620458)
2025-11-03 13:00,2025-11-03,13,Gold,61478.75,61508.76,30.01,0.0488,74.51,889,79916,61500,11.97,12.47,0.9219,INR/10g,Dhan API v2 (Client 1112620458)
2025-11-03 14:00,2025-11-03,14,Gold,61407.33,61388.73,-18.6,-0.0303,-48.61,13019,81649,61500,12.6,13.1,0.9015,INR/10g,Dhan API v2 (Client 1112620458)
2025-11-03 15:00,2025-11-03,15,Gold,61380.39,61440.09,59.7,0.0973,78.3,3488,79522,61500,12.69,13.19,0.9124,INR/10g,Dhan API v2 (Client 1112620458)
2025-11-03 16:00,2025-11-03,16,Gold,61117.93,61083.77,-34.16,-0.0559,-93.86,7065,78171,61000,12.58,13.08,0.9332,INR/10g,Dhan API v2 (Client 1112620458)
2025-11-03 17:00,2025-11-03,17,Gold,61136.23,61306.68,170.45,0.2788,204.61,10697,79787,61000,12.98,13.48,0.9381,INR/10g,Dhan API v2 (Client 1112620458)
2025-11-03 18:00,2025-11-03,18,Gold,60922.55,60951.74,29.19,0.0479,-141.26,537,78214,61000,12.34,12.84,0.9354,INR/10g,Dhan API v2 (Client 1112620458)
2025-11-03 19:00,2025-11-03,19,Gold,61181.42,61196.17,14.75,0.0241,-14.44,2207,79688,61000,12.17,12.67,0.9236,INR/10g,Dhan API v2 (Client 1112620458)
2025-11-03 20:00,2025-11-03,20,Gold,61137.08,61225.61,88.52,0.1448,73.77,1391,79030,61000,12.78,13.28,0.9239,INR/10g,Dhan API v2 (Client 1112620458)
2025-11-03 21:00,2025-11-03,21,Gold,61371.5,61376.46,4.96,0.0081,-83.56,2200,79219,61500,12.65,13.15,0.9264,INR/10g,Dhan API v2 (Client 1112620458)
2025-11-03 22:00,2025-11-03,22,Gold,61356.4,61194.25,-162.14,-0.2643,-167.1,1007,79213,61500,12.61,13.11,0.9074,INR/10g,Dhan API v2 (Client 1112620458)
2025-11-03 23:00,2025-11-03,23,Gold,61346.57,61375.57,29.0,0.0473,191.14,6971,81853,61500,12.82,13.32,0.9244,INR/10g,Dhan API v2 (Client 1112620458)
2025-11-04 09:00,2025-11-04,9,Gold,61499.11,61364.37,-134.74,-0.2191,-163.74,12520,78855,61500,12.48,12.98,0.9096,INR/10g,Dhan API v2 (Client 1112620458)
2025-11-04 10:00,2025-11-04,10,Gold,61477.52,61564.09,86.56,0.1408,221.3,4521,80390,61500,12.16,12.66,0.9356,INR/10g,Dhan API v2 (Client 1112620458)
2025-11-04 11:00,2025-11-04,11,Gold,61775.64,61928.74,153.1,0.2478,66.54,6056,78414,62000,12.26,12.76,0.9197,INR/10g,Dhan API v2 (Client 1112620458)
2025-11-04 12:00,2025-11-04,12,Gold,61735.12,61684.85,-50.27,-0.0814,-203.37,712,77633,61500,12.34,12.84,0.9238,INR/10g,Dhan API v2 (Client 1112620458)
2025-11-04 13:00,2025-11-04,13,Gold,61791.32,61757.11,-34.21,-0.0554,16.06,12568,80304,62000,12.89,13.39,0.9141,INR/10g,Dhan API v2 (Client 1112620458)
2025-11-04 14:00,2025-11-04,14,Gold,61883.24,61898.89,15.65,0.0253,49.86,1459,80145,62000,12.46,12.96,0.9274,INR/10g,Dhan API v2 (Client 1112620458)
2025-11-04 15:00,2025-11-04,15,Gold,61884.95,61938.75,53.8,0.0869,38.15,6481,79623,62000,12.68,13.18,0.8978,INR/10g,Dhan API v2 (Client 1112620458)
2025-11-04 16:00,2025-11-04,16,Gold,61656.94,61718.25,61.31,0.0994,7.51,11563,79063,61500,12.37,12.87,0.9283,INR/10g,Dhan API v2 (Client 1112620458)
2025-11-04 17:00,2025-11-04,17,Gold,61436.91,61392.01,-44.9,-0.0731,-106.21,10523,79434,61500,12.69,13.19,0.8959,INR/10g,Dhan API v2 (Client 1112620458)
2025-11-04 18:00,2025-11-04,18,Gold,61325.35,61357.29,31.94,0.0521,76.84,1743,78213,61500,12.48,12.98,0.9137,INR/10g,Dhan API v2 (Client 1112620458)
2025-11-04 19:00,2025-11-04,19,Gold,61199.13,61339.04,139.91,0.2286,107.97,2035,79304,61000,12.67,13.17,0.9013,INR/10g,Dhan API v2 (Client 1112620458)
2025-11-04 20:00,2025-11-04,20,Gold,61133.74,60991.09,-142.64,-0.2333,-282.55,4969,78664,61000,12.62,13.12,0.917,INR/10g,Dhan API v2 (Client 1112620458)
2025-11-04 21:00,2025-11-04,21,Gold,61096.93,61039.32,-57.6,-0.0943,85.04,5392,79313,61000,12.38,12.88,0.9049,INR/10g,Dhan API v2 (Client 1112620458)
2025-11-04 22:00,2025-11-04,22,Gold,61063.37,61010.86,-52.52,-0.086,5.08,8585,78069,61000,12.08,12.58,0.8956,INR/10g,Dhan API v2 (Client 1112620458)
2025-11-04 23:00,2025-11-04,23,Gold,61024.0,61102.18,78.17,0.1281,130.69,5193,77082,61000,12.32,12.82,0.9235,INR/10g,Dhan API v2 (Client 1112620458)
2025-11-05 09:00,2025-11-05,9,Gold,60940.78,60976.95,36.18,0.0594,-41.99,13083,80944,61000,12.45,12.95,0.8711,INR/10g,Dhan API v2 (Client 1112620458)
2025-11-05 10:00,2025-11-05,10,Gold,60922.23,60829.88,-92.35,-0.1516,-128.53,8889,78018,61000,12.43,12.93,0.8957,INR/10g,Dhan API v2 (Client 1112620458)
2025-11-05 11:00,2025-11-05,11,Gold,61012.7,61044.66,31.96,0.0524,124.31,12286,81712,61000,12.82,13.32,0.9074,INR/10g,Dhan API v2 (Client 1112620458)
2025-11-05 12:00,2025-11-05,12,Gold,61017.15,61122.63,105.47,0.1729,73.51,510,79676,61000,12.8,13.3,0.9108,INR/10g,Dhan API v2 (Client 1112620458)
2025-11-05 13:00,2025-11-05,13,Gold,61095.02,60969.45,-125.58,-0.2055,-231.05,3633,80271,61000,12.59,13.09,0.9449,INR/10g,Dhan API v2 (Client 1112620458)
2025-11-05 14:00,2025-11-05,14,Gold,61272.26,61310.37,38.11,0.0622,163.69,12272,79712,61500,12.43,12.93,0.863,INR/10g,Dhan API v2 (Client 1112620458)
2025-11-05 15:00,2025-11-05,15,Gold,61054.38,61071.52,17.14,0.0281,-20.97,3458,78070,61000,12.8,13.3,0.8953,INR/10g,Dhan API v2 (Client 1112620458)
2025-11-05 16:00,2025-11-05,16,Gold,61211.16,61221.35,10.19,0.0166,-6.95,880,79775,61000,12.56,13.06,0.9055,INR/10g,Dhan API v2 (Client 1112620458)
2025-11-05 17:00,2025-11-05,17,Gold,61025.0,61121.7,96.7,0.1585,86.51,2315,79466,61000,12.81,13.31,0.9122,INR/10g,Dhan API v2 (Client 1112620458)
2025-11-05 18:00,2025-11-05,18,Gold,60931.86,61075.4,143.54,0.2356,46.84,12783,79948,61000,12.12,12.62,0.9085,INR/10g,Dhan API v2 (Client 1112620458)
2025-11-05 19:00,2025-11-05,19,Gold,60970.79,60896.31,-74.48,-0.1222,-218.02,10106,79054,61000,12.8,13.3,0.9475,INR/10g,Dhan API v2 (Client 1112620458)
2025-11-05 20:00,2025-11-05,20,Gold,60630.92,60660.65,29.73,0.049,104.21,7994,80668,60500,12.74,13.24,0.931,INR/10g,Dhan API v2 (Client 1112620458)
2025-11-05 21:00,2025-11-05,21,Gold,60662.79,60683.75,20.96,0.0346,-8.77,512,78115,60500,12.82,13.32,0.9454,INR/10g,Dhan API v2 (Client 1112620458)
2025-11-05 22:00,2025-11-05,22,Gold,60729.0,60877.51,148.5,0.2445,127.54,7486,81779,60500,12.6,13.1,0.9287,INR/10g,Dhan API v2 (Client 1112620458)
2025-11-05 23:00,2025-11-05,23,Gold,60703.6,60711.98,8.39,0.0138,-140.11,14429,78979,60500,12.95,13.45,0.9089,INR/10g,Dhan API v2 (Client 1112620458)
2025-11-06 09:00,2025-11-06,9,Gold,60882.25,61409.27,527.02,0.8656,518.63,7447,78636,61000,12.52,13.02,0.9127,INR/10g,Dhan API v2 (Client 1112620458)
2025-11-06 10:00,2025-11-06,10,Gold,60783.44,61117.23,333.79,0.5491,-193.23,1147,80935,61000,13.25,13.75,0.9158,INR/10g,Dhan API v2 (Client 1112620458)
2025-11-06 11:00,2025-11-06,11,Gold,60915.6,61364.86,449.26,0.7375,115.47,8137,78730,61000,12.53,13.03,0.8876,INR/10g,Dhan API v2 (Client 1112620458)
2025-11-06 12:00,2025-11-06,12,Gold,60928.41,61231.16,302.75,0.4969,-146.51,4988,79859,61000,12.31,12.81,0.9614,INR/10g,Dhan API v2 (Client 1112620458)
2025-11-06 13:00,2025-11-06,13,Gold,60996.66,61454.01,457.35,0.7498,154.6,11902,79156,61000,12.39,12.89,0.9246,INR/10g,Dhan API v2 (Client 1112620458)
2025-11-06 14:00,2025-11-06,14,Gold,61064.69,61439.34,374.65,0.6135,-82.7,1307,78842,61000,12.32,12.82,0.923,INR/10g,Dhan API v2 (Client 1112620458)
2025-11-06 15:00,2025-11-06,15,Gold,60910.49,61195.63,285.14,0.4681,-89.51,8029,78471,61000,12.9,13.4,0.9316,INR/10g,Dhan API v2 (Client 1112620458)
2025-11-06 16:00,2025-11-06,16,Gold,61034.74,61326.91,292.16,0.4787,7.02,11637,80039,61000,12.37,12.87,0.926,INR/10g,Dhan API v2 (Client 1112620458)
2025-11-06 17:00,2025-11-06,17,Gold,61116.5,61202.54,86.04,0.1408,-206.12,5698,81661,61000,12.26,12.76,0.9431,INR/10g,Dhan API v2 (Client 1112620458)
2025-11-06 18:00,2025-11-06,18,Gold,61039.75,61265.41,225.66,0.3697,139.62,8293,79228,61000,12.31,12.81,0.9018,INR/10g,Dhan API v2 (Client 1112620458)
2025-11-06 19:00,2025-11-06,19,Gold,60901.58,61103.95,202.37,0.3323,-23.29,9870,80425,61000,12.08,12.58,0.9086,INR/10g,Dhan API v2 (Client 1112620458)
2025-11-06 20:00,2025-11-06,20,Gold,60951.15,61206.38,255.22,0.4187,52.85,4407,77905,61000,12.89,13.39,0.9202,INR/10g,Dhan API v2 (Client 1112620458)
2025-11-06 21:00,2025-11-06,21,Gold,60731.82,61010.7,278.88,0.4592,23.66,13815,80883,60500,13.03,13.53,0.9298,INR/10g,Dhan API v2 (Client 1112620458)
2025-11-06 22:00,2025-11-06,22,Gold,60880.1,61285.89,405.79,0.6665,126.91,5859,80110,61000,12.28,12.78,0.9436,INR/10g,Dhan API v2 (Client 1112620458)
2025-11-06 23:00,2025-11-06,23,Gold,60973.5,61408.45,434.95,0.7133,29.16,2606,79398,61000,12.85,13.35,0.9264,INR/10g,Dhan API v2 (Client 1112620458)
2025-11-07 09:00,2025-11-07,9,Gold,60966.5,61125.98,159.48,0.2616,-275.47,875,79488,61000,12.47,12.97,0.9553,INR/10g,Dhan API v2 (Client 1112620458)
2025-11-07 10:00,2025-11-07,10,Gold,60874.91,61311.13,436.21,0.7166,276.73,13524,78400,61000,12.81,13.31,0.8995,INR/10g,Dhan API v2 (Client 1112620458)
2025-11-07 11:00,2025-11-07,11,Gold,60701.18,60984.22,283.03,0.4663,-153.18,14122,78303,60500,12.26,12.76,0.9098,INR/10g,Dhan API v2 (Client 1112620458)
2025-11-07 12:00,2025-11-07,12,Gold,60725.62,60935.55,209.93,0.3457,-73.1,11976,79234,60500,12.4,12.9,0.9054,INR/10g,Dhan API v2 (Client 1112620458)
2025-11-07 13:00,2025-11-07,13,Gold,60558.53,60885.42,326.89,0.5398,116.96,13304,79599,60500,12.59,13.09,0.8988,INR/10g,Dhan API v2 (Client 1112620458)
2025-11-07 14:00,2025-11-07,14,Gold,60445.12,60817.24,372.13,0.6156,45.24,11325,81555,60500,12.84,13.34,0.9261,INR/10g,Dhan API v2 (Client 1112620458)
2025-11-07 15:00,2025-11-07,15,Gold,60535.22,60958.23,423.01,0.6988,50.88,4808,79022,60500,12.36,12.86,0.9435,INR/10g,Dhan API v2 (Client 1112620458)
2025-11-07 16:00,2025-11-07,16,Gold,60747.75,61054.83,307.08,0.5055,-115.93,10454,78774,60500,12.83,13.33,0.9074,INR/10g,Dhan API v2 (Client 1112620458)
2025-11-07 17:00,2025-11-07,17,Gold,60629.23,60927.03,297.8,0.4912,-9.28,4131,80538,60500,12.42,12.92,0.9526,INR/10g,Dhan API v2 (Client 1112620458)
2025-11-07 18:00,2025-11-07,18,Gold,60566.56,60863.31,296.75,0.49,-1.05,2376,77636,60500,12.05,12.55,0.9233,INR/10g,Dhan API v2 (Client 1112620458)
2025-11-07 19:00,2025-11-07,19,Gold,60670.41,60936.23,265.82,0.4381,-30.93,3247,78619,60500,12.62,13.12,0.8884,INR/10g,Dhan API v2 (Client 1112620458)
2025-11-07 20:00,2025-11-07,20,Gold,60800.06,60944.4,144.34,0.2374,-121.48,8742,80107,61000,12.44,12.94,0.9076,INR/10g,Dhan API v2 (Client 1112620458)
2025-11-07 21:00,2025-11-07,21,Gold,60870.47,61011.51,141.04,0.2317,-3.3,13762,79100,61000,12.6,13.1,0.9278,INR/10g,Dhan API v2 (Client 1112620458)
2025-11-07 22:00,2025-11-07,22,Gold,61076.22,61339.31,263.09,0.4308,122.05,11000,78319,61000,12.36,12.86,0.9234,INR/10g,Dhan API v2 (Client 1112620458)
2025-11-07 23:00,2025-11-07,23,Gold,61077.59,61402.48,324.88,0.5319,61.79,2829,80449,61000,12.61,13.11,0.9304,INR/10g,Dhan API v2 (Client 1112620458)
2025-11-10 09:00,2025-11-10,9,Gold,61012.15,61115.64,103.48,0.1696,-221.4,9662,79288,61000,12.64,13.14,0.891,INR/10g,Dhan API v2 (Client 1112620458)
2025-11-10 10:00,2025-11-10,10,Gold,61047.86,61429.79,381.94,0.6256,278.46,1118,78849,61000,12.75,13.25,0.9012,INR/10g,Dhan API v2 (Client 1112620458)
2025-11-10 11:00,2025-11-10,11,Gold,61264.79,61601.85,337.06,0.5502,-44.88,8318,79063,61500,12.92,13.42,0.9201,INR/10g,Dhan API v2 (Client 1112620458)
2025-11-10 12:00,2025-11-10,12,Gold,61147.44,61367.01,219.57,0.3591,-117.49,5924,80383,61000,13.05,13.55,0.917,INR/10g,Dhan API v2 (Client 1112620458)
2025-11-10 13:00,2025-11-10,13,Gold,61377.46,61597.94,220.48,0.3592,0.91,14660,78264,61500,12.67,13.17,0.9397,INR/10g,Dhan API v2 (Client 1112620458)
2025-11-10 14:00,2025-11-10,14,Gold,61548.03,61966.83,418.8,0.6804,198.32,1082,77422,61500,12.99,13.49,0.9219,INR/10g,Dhan API v2 (Client 1112620458)
2025-11-10 15:00,2025-11-10,15,Gold,61546.98,61882.26,335.28,0.5448,-83.52,892,80037,61500,12.38,12.88,0.9254,INR/10g,Dhan API v2 (Client 1112620458)
2025-11-10 16:00,2025-11-10,16,Gold,61497.85,61721.35,223.5,0.3634,-111.78,7380,78908,61500,13.02,13.52,0.9172,INR/10g,Dhan API v2 (Client 1112620458)
2025-11-10 17:00,2025-11-10,17,Gold,61544.96,61996.79,451.83,0.7341,228.33,767,77884,61500,12.6,13.1,0.8669,INR/10g,Dhan API v2 (Client 1112620458)
2025-11-10 18:00,2025-11-10,18,Gold,61364.91,61434.28,69.38,0.1131,-382.45,2621,79657,61500,13.05,13.55,0.8668,INR/10g,Dhan API v2 (Client 1112620458)
2025-11-10 19:00,2025-11-10,19,Gold,61012.69,61325.09,312.39,0.512,243.01,2024,78056,61000,12.28,12.78,0.8882,INR/10g,Dhan API v2 (Client 1112620458)
2025-11-10 20:00,2025-11-10,20,Gold,60964.75,61253.25,288.51,0.4732,-23.88,8863,79502,61000,11.81,12.31,0.9108,INR/10g,Dhan API v2 (Client 1112620458)
2025-11-10 21:00,2025-11-10,21,Gold,61142.87,61406.3,263.43,0.4308,-25.08,12918,80324,61000,12.66,13.16,0.9229,INR/10g,Dhan API v2 (Client 1112620458)
2025-11-10 22:00,2025-11-10,22,Gold,60938.94,61345.51,406.57,0.6672,143.14,13649,79760,61000,12.69,13.19,0.8802,INR/10g,Dhan API v2 (Client 1112620458)
2025-11-10 23:00,2025-11-10,23,Gold,60973.95,61135.62,161.67,0.2651,-244.9,3080,78798,61000,12.74,13.24,0.9818,INR/10g,Dhan API v2 (Client 1112620458)
2025-11-11 09:00,2025-11-11,9,Gold,60913.27,61220.84,307.57,0.5049,145.9,13091,78266,61000,12.17,12.67,0.91,INR/10g,Dhan API v2 (Client 1112620458)
2025-11-11 10:00,2025-11-11,10,Gold,60824.29,61011.92,187.63,0.3085,-119.94,14026,79878,61000,13.41,13.91,0.9478,INR/10g,Dhan API v2 (Client 1112620458)
2025-11-11 11:00,2025-11-11,11,Gold,60648.1,60738.61,90.52,0.1492,-97.11,14016,78889,60500,12.57,13.07,0.9285,INR/10g,Dhan API v2 (Client 1112620458)
2025-11-11 12:00,2025-11-11,12,Gold,60420.2,60719.6,299.4,0.4955,208.88,1706,79435,60500,12.6,13.1,0.9257,INR/10g,Dhan API v2 (Client 1112620458)
2025-11-11 13:00,2025-11-11,13,Gold,60491.81,60835.55,343.74,0.5682,44.34,5230,79049,60500,12.36,12.86,0.9368,INR/10g,Dhan API v2 (Client 1112620458)
2025-11-11 14:00,2025-11-11,14,Gold,60590.87,60904.09,313.21,0.5169,-30.53,7306,78976,60500,12.57,13.07,0.9332,INR/10g,Dhan API v2 (Client 1112620458)
2025-11-11 15:00,2025-11-11,15,Gold,60437.1,60582.39,145.29,0.2404,-167.92,6774,79577,60500,12.08,12.58,0.9317,INR/10g,Dhan API v2 (Client 1112620458)
2025-11-11 16:00,2025-11-11,16,Gold,60521.96,60853.95,331.99,0.5486,186.7,9253,79376,60500,12.88,13.38,0.9134,INR/10g,Dhan API v2 (Client 1112620458)
2025-11-11 17:00,2025-11-11,17,Gold,60599.43,60829.72,230.29,0.38,-101.7,7298,81193,60500,12.78,13.28,0.9188,INR/10g,Dhan API v2 (Client 1112620458)
2025-11-11 18:00,2025-11-11,18,Gold,60527.18,60791.51,264.33,0.4367,34.04,6143,79558,60500,12.6,13.1,0.9205,INR/10g,Dhan API v2 (Client 1112620458)
2025-11-11 19:00,2025-11-11,19,Gold,60541.88,60984.78,442.9,0.7316,178.57,6094,78949,60500,12.44,12.94,0.8989,INR/10g,Dhan API v2 (Client 1112620458)
2025-11-11 20:00,2025-11-11,20,Gold,60575.67,60693.11,117.44,0.1939,-325.46,2136,80878,60500,13.2,13.7,0.8996,INR/10g,Dhan API v2 (Client 1112620458)
2025-11-11 21:00,2025-11-11,21,Gold,60359.12,60616.72,257.6,0.4268,140.16,14504,78810,60500,12.3,12.8,0.9068,INR/10g,Dhan API v2 (Client 1112620458)
2025-11-11 22:00,2025-11-11,22,Gold,60189.42,60317.39,127.97,0.2126,-129.63,9121,79028,60000,12.42,12.92,0.9119,INR/10g,Dhan API v2 (Client 1112620458)
2025-11-11 23:00,2025-11-11,23,Gold,60211.09,60499.29,288.2,0.4786,160.23,14228,80003,60000,12.59,13.09,0.915,INR/10g,Dhan API v2 (Client 1112620458)
2025-11-12 09:00,2025-11-12,9,Gold,60408.37,60727.45,319.09,0.5282,30.89,8968,79230,60500,12.41,12.91,0.9005,INR/10g,Dhan API v2 (Client 1112620458)
2025-11-12 10:00,2025-11-12,10,Gold,60456.7,60866.21,409.51,0.6774,90.42,1500,79361,60500,13.02,13.52,0.8797,INR/10g,Dhan API v2 (Client 1112620458)
2025-11-12 11:00,2025-11-12,11,Gold,60491.17,60845.55,354.38,0.5858,-55.13,9022,78799,60500,12.73,13.23,0.889,INR/10g,Dhan API v2 (Client 1112620458)
2025-11-12 12:00,2025-11-12,12,Gold,60424.76,60639.21,214.44,0.3549,-139.94,10530,79436,60500,12.85,13.35,0.9051,INR/10g,Dhan API v2 (Client 1112620458)
2025-11-12 13:00,2025-11-12,13,Gold,60346.82,60607.48,260.66,0.4319,46.22,3864,79204,60500,12.69,13.19,0.9354,INR/10g,Dhan API v2 (Client 1112620458)
2025-11-12 14:00,2025-11-12,14,Gold,60301.36,60706.43,405.07,0.6717,144.41,3527,79887,60500,12.48,12.98,0.8628,INR/10g,Dhan API v2 (Client 1112620458)
2025-11-12 15:00,2025-11-12,15,Gold,60201.04,60482.82,281.78,0.4681,-123.29,5855,80506,60000,12.41,12.91,0.9635,INR/10g,Dhan API v2 (Client 1112620458)
2025-11-12 16:00,2025-11-12,16,Gold,60178.1,60334.01,155.91,0.2591,-125.87,10914,77757,60000,12.47,12.97,0.9162,INR/10g,Dhan API v2 (Client 1112620458)
2025-11-12 17:00,2025-11-12,17,Gold,60002.2,60191.66,189.46,0.3158,33.55,11942,79165,60000,12.2,12.7,0.8688,INR/10g,Dhan API v2 (Client 1112620458)
2025-11-12 18:00,2025-11-12,18,Gold,59935.85,60085.5,149.66,0.2497,-39.8,6027,79546,60000,12.59,13.09,0.9419,INR/10g,Dhan API v2 (Client 1112620458)
2025-11-12 19:00,2025-11-12,19,Gold,59919.89,60246.37,326.48,0.5449,176.82,4550,79972,60000,12.75,13.25,0.8953,INR/10g,Dhan API v2 (Client 1112620458)
2025-11-12 20:00,2025-11-12,20,Gold,59922.25,60315.38,393.14,0.6561,66.66,1436,79497,60000,12.76,13.26,0.9063,INR/10g,Dhan API v2 (Client 1112620458)
2025-11-12 21:00,2025-11-12,21,Gold,59785.25,60063.39,278.14,0.4652,-115.0,11434,81746,60000,12.78,13.28,0.9348,INR/10g,Dhan API v2 (Client 1112620458)
2025-11-12 22:00,2025-11-12,22,Gold,59906.02,60174.82,268.8,0.4487,-9.34,8167,78856,60000,12.93,13.43,0.8819,INR/10g,Dhan API v2 (Client 1112620458)
2025-11-12 23:00,2025-11-12,23,Gold,59846.6,60235.91,389.31,0.6505,120.51,10893,81167,60000,12.73,13.23,0.9007,INR/10g,Dhan API v2 (Client 1112620458)
2025-11-13 09:00,2025-11-13,9,Gold,59925.14,60188.33,263.19,0.4392,-126.12,10275,78505,60000,12.49,12.99,0.956,INR/10g,Dhan API v2 (Client 1112620458)
2025-11-13 10:00,2025-11-13,10,Gold,59813.51,60166.92,353.41,0.5909,90.22,8154,80845,60000,12.91,13.41,0.9173,INR/10g,Dhan API v2 (Client 1112620458)
2025-11-13 11:00,2025-11-13,11,Gold,59922.39,60256.37,333.98,0.5574,-19.43,4503,78184,60000,11.92,12.42,0.9076,INR/10g,Dhan API v2 (Client 1112620458)
2025-11-13 12:00,2025-11-13,12,Gold,59855.99,60237.8,381.81,0.6379,47.83,14636,79281,60000,12.82,13.32,0.8989,INR/10g,Dhan API v2 (Client 1112620458)
2025-11-13 13:00,2025-11-13,13,Gold,59882.67,60329.49,446.82,0.7462,65.01,5506,78607,60000,12.64,13.14,0.9177,INR/10g,Dhan API v2 (Client 1112620458)
2025-11-13 14:00,2025-11-13,14,Gold,59907.9,60159.83,251.93,0.4205,-194.89,862,79264,60000,12.74,13.24,0.8805,INR/10g,Dhan API v2 (Client 1112620458)
2025-11-13 15:00,2025-11-13,15,Gold,60001.05,60171.61,170.57,0.2843,-81.36,6424,77698,60000,12.37,12.87,0.9016,INR/10g,Dhan API v2 (Client 1112620458)
2025-11-13 16:00,2025-11-13,16,Gold,60225.04,60485.42,260.37,0.4323,89.8,11045,77774,60000,12.65,13.15,0.9247,INR/10g,Dhan API v2 (Client 1112620458)
2025-11-13 17:00,2025-11-13,17,Gold,60236.02,60553.13,317.11,0.5264,56.74,10164,82235,60000,12.68,13.18,0.918,INR/10g,Dhan API v2 (Client 1112620458)
2025-11-13 18:00,2025-11-13,18,Gold,60255.66,60491.14,235.48,0.3908,-81.63,14530,81699,60500,12.9,13.4,0.9141,INR/10g,Dhan API v2 (Client 1112620458)
2025-11-13 19:00,2025-11-13,19,Gold,60200.16,60391.81,191.65,0.3183,-43.83,6670,78031,60000,12.32,12.82,0.949,INR/10g,Dhan API v2 (Client 1112620458)
2025-11-13 20:00,2025-11-13,20,Gold,60296.5,60552.8,256.3,0.4251,64.65,10522,80537,60500,12.24,12.74,0.8968,INR/10g,Dhan API v2 (Client 1112620458)
2025-11-13 21:00,2025-11-13,21,Gold,60303.21,60478.24,175.03,0.2903,-81.27,6914,80297,60500,11.97,12.47,0.8815,INR/10g,Dhan API v2 (Client 1112620458)
2025-11-13 22:00,2025-11-13,22,Gold,60199.73,60356.7,156.97,0.2607,-18.06,9716,79875,60000,13.04,13.54,0.9551,INR/10g,Dhan API v2 (Client 1112620458)
2025-11-13 23:00,2025-11-13,23,Gold,59927.5,60270.43,342.93,0.5722,185.96,4577,79101,60000,12.53,13.03,0.9281,INR/10g,Dhan API v2 (Client 1112620458)
2025-11-14 09:00,2025-11-14,9,Gold,59869.24,60253.49,384.25,0.6418,41.32,8255,80544,60000,12.44,12.94,0.9389,INR/10g,Dhan API v2 (Client 1112620458)
2025-11-14 10:00,2025-11-14,10,Gold,60176.33,60356.08,179.75,0.2987,-204.5,13300,80113,60000,12.93,13.43,0.9014,INR/10g,Dhan API v2 (Client 1112620458)
2025-11-14 11:00,2025-11-14,11,Gold,60244.76,60540.05,295.29,0.4901,115.54,11365,78688,60000,13.03,13.53,0.9181,INR/10g,Dhan API v2 (Client 1112620458)
2025-11-14 12:00,2025-11-14,12,Gold,60350.08,60741.14,391.06,0.648,95.77,9553,78423,60500,12.66,13.16,0.9394,INR/10g,Dhan API v2 (Client 1112620458)
2025-11-14 13:00,2025-11-14,13,Gold,60265.23,60489.75,224.53,0.3726,-166.53,14949,78312,60500,12.81,13.31,0.9025,INR/10g,Dhan API v2 (Client 1112620458)
2025-11-14 14:00,2025-11-14,14,Gold,60351.68,60518.42,166.74,0.2763,-57.79,8945,78704,60500,12.79,13.29,0.9065,INR/10g,Dhan API v2 (Client 1112620458)
2025-11-14 15:00,2025-11-14,15,Gold,60192.36,60413.56,221.19,0.3675,54.45,12261,78574,60000,12.28,12.78,0.9221,INR/10g,Dhan API v2 (Client 1112620458)
2025-11-14 16:00,2025-11-14,16,Gold,60288.06,60537.83,249.78,0.4143,28.59,12740,81182,60500,12.69,13.19,0.9007,INR/10g,Dhan API v2 (Client 1112620458)
2025-11-14 17:00,2025-11-14,17,Gold,60285.97,60563.81,277.85,0.4609,28.07,2951,79630,60500,12.18,12.68,0.9289,INR/10g,Dhan API v2 (Client 1112620458)
2025-11-14 18:00,2025-11-14,18,Gold,60418.66,60651.25,232.59,0.385,-45.26,3724,78633,60500,12.32,12.82,0.8887,INR/10g,Dhan API v2 (Client 1112620458)
2025-11-14 19:00,2025-11-14,19,Gold,60462.53,60651.94,189.4,0.3133,-43.19,12046,80625,60500,12.11,12.61,0.9292,INR/10g,Dhan API v2 (Client 1112620458)
2025-11-14 20:00,2025-11-14,20,Gold,60571.32,60776.91,205.58,0.3394,16.18,1109,80144,60500,12.3,12.8,0.9476,INR/10g,Dhan API v2 (Client 1112620458)
2025-11-14 21:00,2025-11-14,21,Gold,60707.99,61078.91,370.92,0.611,165.34,7311,80917,60500,12.78,13.28,0.9679,INR/10g,Dhan API v2 (Client 1112620458)
2025-11-14 22:00,2025-11-14,22,Gold,60928.8,61178.64,249.84,0.41,-121.08,5521,79080,61000,12.89,13.39,0.9189,INR/10g,Dhan API v2 (Client 1112620458)
2025-11-14 23:00,2025-11-14,23,Gold,60819.18,61039.47,220.29,0.3622,-29.55,14752,78047,61000,12.96,13.46,0.952,INR/10g,Dhan API v2 (Client 1112620458)
2025-11-17 09:00,2025-11-17,9,Gold,60835.75,61039.31,203.55,0.3346,-16.74,9414,79562,61000,12.52,13.02,0.8821,INR/10g,Dhan API v2 (Client 1112620458)
2025-11-17 10:00,2025-11-17,10,Gold,60780.95,61302.98,522.02,0.8589,318.47,5645,79271,61000,12.46,12.96,0.9426,INR/10g,Dhan API v2 (Client 1112620458)
2025-11-17 11:00,2025-11-17,11,Gold,60927.38,61115.28,187.9,0.3084,-334.12,7005,78670,61000,12.25,12.75,0.9138,INR/10g,Dhan API v2 (Client 1112620458)
2025-11-17 12:00,2025-11-17,12,Gold,60754.62,61029.51,274.89,0.4525,86.99,14101,80258,61000,12.09,12.59,0.9156,INR/10g,Dhan API v2 (Client 1112620458)
2025-11-17 13:00,2025-11-17,13,Gold,60795.82,61174.74,378.92,0.6233,104.03,14422,79331,61000,12.24,12.74,0.9095,INR/10g,Dhan API v2 (Client 1112620458)
2025-11-17 14:00,2025-11-17,14,Gold,60748.24,60858.48,110.23,0.1815,-268.69,10141,79711,60500,12.32,12.82,0.9566,INR/10g,Dhan API v2 (Client 1112620458)
2025-11-17 15:00,2025-11-17,15,Gold,60925.02,61167.41,242.39,0.3979,132.16,6190,78177,61000,12.13,12.63,0.934,INR/10g,Dhan API v2 (Client 1112620458)
2025-11-17 16:00,2025-11-17,16,Gold,60853.09,61060.6,207.51,0.341,-34.88,4955,78814,61000,12.51,13.01,0.9073,INR/10g,Dhan API v2 (Client 1112620458)
2025-11-17 17:00,2025-11-17,17,Gold,61003.54,61239.05,235.52,0.3861,28.01,13147,78987,61000,12.37,12.87,0.9017,INR/10g,Dhan API v2 (Client 1112620458)
2025-11-17 18:00,2025-11-17,18,Gold,61099.0,61285.58,186.58,0.3054,-48.94,4380,78733,61000,12.34,12.84,0.8609,INR/10g,Dhan API v2 (Client 1112620458)
2025-11-17 19:00,2025-11-17,19,Gold,61124.26,61479.27,355.02,0.5808,168.44,4041,79559,61000,12.31,12.81,0.9252,INR/10g,Dhan API v2 (Client 1112620458)
2025-11-17 20:00,2025-11-17,20,Gold,61295.4,61649.17,353.77,0.5772,-1.25,10477,79371,61500,12.84,13.34,0.8687,INR/10g,Dhan API v2 (Client 1112620458)
2025-11-17 21:00,2025-11-17,21,Gold,61399.93,61579.43,179.51,0.2924,-174.26,2394,79572,61500,12.46,12.96,0.9206,INR/10g,Dhan API v2 (Client 1112620458)
2025-11-17 22:00,2025-11-17,22,Gold,61366.16,61497.61,131.45,0.2142,-48.06,7197,80187,61500,12.84,13.34,0.8716,INR/10g,Dhan API v2 (Client 1112620458)
2025-11-17 23:00,2025-11-17,23,Gold,61350.12,61611.81,261.7,0.4266,130.25,6824,80113,61500,12.57,13.07,0.9411,INR/10g,Dhan API v2 (Client 1112620458)
2025-11-18 09:00,2025-11-18,9,Gold,61325.31,61539.05,213.74,0.3485,-47.96,9123,79117,61500,12.55,13.05,0.8913,INR/10g,Dhan API v2 (Client 1112620458)
2025-11-18 10:00,2025-11-18,10,Gold,61476.16,61656.24,180.08,0.2929,-33.66,13019,79425,61500,12.69,13.19,0.9484,INR/10g,Dhan API v2 (Client 1112620458)
2025-11-18 11:00,2025-11-18,11,Gold,61575.35,61746.15,170.8,0.2774,-9.28,1249,79689,61500,12.27,12.77,0.8817,INR/10g,Dhan API v2 (Client 1112620458)
2025-11-18 12:00,2025-11-18,12,Gold,61703.32,62005.45,302.13,0.4896,131.33,2433,78967,61500,12.23,12.73,0.8877,INR/10g,Dhan API v2 (Client 1112620458)
2025-11-18 13:00,2025-11-18,13,Gold,61614.67,61753.92,139.25,0.226,-162.88,7331,77487,61500,13.01,13.51,0.9103,INR/10g,Dhan API v2 (Client 1112620458)
2025-11-18 14:00,2025-11-18,14,Gold,61447.45,61644.49,197.04,0.3207,57.79,13497,79808,61500,12.29,12.79,0.9185,INR/10g,Dhan API v2 (Client 1112620458)
2025-11-18 15:00,2025-11-18,15,Gold,61566.97,61796.51,229.54,0.3728,32.5,14688,80320,61500,12.76,13.26,0.932,INR/10g,Dhan API v2 (Client 1112620458)
2025-11-18 16:00,2025-11-18,16,Gold,61625.04,61898.6,273.56,0.4439,44.02,3038,79500,61500,12.17,12.67,0.947,INR/10g,Dhan API v2 (Client 1112620458)
2025-11-18 17:00,2025-11-18,17,Gold,61761.49,62035.36,273.88,0.4434,0.32,11070,79416,62000,12.45,12.95,0.9094,INR/10g,Dhan API v2 (Client 1112620458)
2025-11-18 18:00,2025-11-18,18,Gold,62004.54,62363.24,358.7,0.5785,84.82,11371,79550,62000,12.68,13.18,0.9106,INR/10g,Dhan API v2 (Client 1112620458)
2025-11-18 19:00,2025-11-18,19,Gold,62060.56,62227.03,166.47,0.2682,-192.23,3668,79734,62000,12.51,13.01,0.8749,INR/10g,Dhan API v2 (Client 1112620458)
2025-11-18 20:00,2025-11-18,20,Gold,62061.15,62242.32,181.17,0.2919,14.7,1463,79166,62000,12.07,12.57,0.9207,INR/10g,Dhan API v2 (Client 1112620458)
2025-11-18 21:00,2025-11-18,21,Gold,62134.74,62458.86,324.12,0.5216,142.95,2664,80019,62000,12.66,13.16,0.9231,INR/10g,Dhan API v2 (Client 1112620458)
2025-11-18 22:00,2025-11-18,22,Gold,62348.55,62610.61,262.06,0.4203,-62.06,6650,79586,62500,13.02,13.52,0.9529,INR/10g,Dhan API v2 (Client 1112620458)
2025-11-18 23:00,2025-11-18,23,Gold,62465.07,62761.06,295.99,0.4738,33.93,14897,79797,62500,12.15,12.65,0.9246,INR/10g,Dhan API v2 (Client 1112620458)
2025-11-19 09:00,2025-11-19,9,Gold,62581.04,62737.39,156.35,0.2498,-139.64,4422,78920,62500,12.75,13.25,0.8914,INR/10g,Dhan API v2 (Client 1112620458)
2025-11-19 10:00,2025-11-19,10,Gold,62551.43,62652.47,101.04,0.1615,-55.31,4264,79768,62500,12.64,13.14,0.9142,INR/10g,Dhan API v2 (Client 1112620458)
2025-11-19 11:00,2025-11-19,11,Gold,62660.02,62958.85,298.83,0.4769,197.79,14054,77887,62500,12.39,12.89,0.9541,INR/10g,Dhan API v2 (Client 1112620458)
2025-11-19 12:00,2025-11-19,12,Gold,62896.62,63089.6,192.97,0.3068,-105.86,3762,80215,63000,12.32,12.82,0.9372,INR/10g,Dhan API v2 (Client 1112620458)
2025-11-19 13:00,2025-11-19,13,Gold,62799.69,63112.38,312.69,0.4979,119.72,8703,78066,63000,13.14,13.64,0.915,INR/10g,Dhan API v2 (Client 1112620458)
2025-11-19 14:00,2025-11-19,14,Gold,62708.9,62895.91,187.0,0.2982,-125.69,4854,80237,62500,12.48,12.98,0.9086,INR/10g,Dhan API v2 (Client 1112620458)
2025-11-19 15:00,2025-11-19,15,Gold,62476.16,62670.59,194.43,0.3112,7.43,4938,80735,62500,12.47,12.97,0.9465,INR/10g,Dhan API v2 (Client 1112620458)
2025-11-19 16:00,2025-11-19,16,Gold,62590.67,62736.17,145.5,0.2325,-48.93,8017,79408,62500,12.48,12.98,0.9717,INR/10g,Dhan API v2 (Client 1112620458)
2025-11-19 17:00,2025-11-19,17,Gold,62568.29,62655.35,87.06,0.1391,-58.44,4355,79830,62500,12.6,13.1,0.9163,INR/10g,Dhan API v2 (Client 1112620458)
2025-11-19 18:00,2025-11-19,18,Gold,62484.82,62827.71,342.88,0.5487,255.82,8290,80438,62500,12.87,13.37,0.9028,INR/10g,Dhan API v2 (Client 1112620458)
2025-11-19 19:00,2025-11-19,19,Gold,62453.38,62793.66,340.28,0.5448,-2.6,5297,78938,62500,13.07,13.57,0.9466,INR/10g,Dhan API v2 (Client 1112620458)
2025-11-19 20:00,2025-11-19,20,Gold,62447.07,62461.17,14.1,0.0226,-326.18,12709,78881,62500,12.78,13.28,0.9111,INR/10g,Dhan API v2 (Client 1112620458)
2025-11-19 21:00,2025-11-19,21,Gold,62499.25,62858.14,358.9,0.5742,344.8,2678,79755,62500,12.66,13.16,0.9019,INR/10g,Dhan API v2 (Client 1112620458)
2025-11-19 22:00,2025-11-19,22,Gold,62757.58,63089.71,332.12,0.5292,-26.78,577,80918,63000,12.59,13.09,0.9194,INR/10g,Dhan API v2 (Client 1112620458)
2025-11-19 23:00,2025-11-19,23,Gold,62644.82,62970.96,326.13,0.5206,-5.99,3633,80554,62500,13.09,13.59,0.8908,INR/10g,Dhan API v2 (Client 1112620458)
2025-11-20 09:00,2025-11-20,9,Gold,62727.24,63040.59,313.35,0.4995,-12.78,11278,80822,62500,12.45,12.95,0.9276,INR/10g,Dhan API v2 (Client 1112620458)
2025-11-20 10:00,2025-11-20,10,Gold,62641.34,62821.87,180.53,0.2882,-132.82,1546,78821,62500,12.63,13.13,0.8876,INR/10g,Dhan API v2 (Client 1112620458)
2025-11-20 11:00,2025-11-20,11,Gold,62652.73,62767.91,115.18,0.1838,-65.35,776,77328,62500,12.52,13.02,0.943,INR/10g,Dhan API v2 (Client 1112620458)
2025-11-20 12:00,2025-11-20,12,Gold,62990.59,63373.49,382.9,0.6079,267.72,10949,79809,63000,13.51,14.01,0.8863,INR/10g,Dhan API v2 (Client 1112620458)
2025-11-20 13:00,2025-11-20,13,Gold,62703.18,62960.35,257.17,0.4101,-125.73,13267,79314,62500,12.38,12.88,0.9301,INR/10g,Dhan API v2 (Client 1112620458)
2025-11-20 14:00,2025-11-20,14,Gold,62529.84,62760.35,230.51,0.3686,-26.66,7453,80975,62500,12.61,13.11,0.9385,INR/10g,Dhan API v2 (Client 1112620458)
2025-11-20 15:00,2025-11-20,15,Gold,62451.15,62730.29,279.14,0.447,48.63,11308,79449,62500,12.7,13.2,0.9155,INR/10g,Dhan API v2 (Client 1112620458)
2025-11-20 16:00,2025-11-20,16,Gold,62509.25,62701.8,192.55,0.308,-86.59,544,81487,62500,12.74,13.24,0.9492,INR/10g,Dhan API v2 (Client 1112620458)
2025-11-20 17:00,2025-11-20,17,Gold,62422.36,62549.06,126.7,0.203,-65.85,10313,80510,62500,12.16,12.66,0.9147,INR/10g,Dhan API v2 (Client 1112620458)
2025-11-20 18:00,2025-11-20,18,Gold,62585.97,62780.31,194.33,0.3105,67.63,4080,78035,62500,12.59,13.09,0.9237,INR/10g,Dhan API v2 (Client 1112620458)
2025-11-20 19:00,2025-11-20,19,Gold,62638.51,62903.92,265.41,0.4237,71.08,9749,79789,62500,12.5,13.0,0.8998,INR/10g,Dhan API v2 (Client 1112620458)
2025-11-20 20:00,2025-11-20,20,Gold,62723.61,62909.28,185.67,0.296,-79.74,9295,80866,62500,12.29,12.79,0.914,INR/10g,Dhan API v2 (Client 1112620458)
2025-11-20 21:00,2025-11-20,21,Gold,62845.07,63140.03,294.97,0.4694,109.3,3278,78178,63000,12.75,13.25,0.9073,INR/10g,Dhan API v2 (Client 1112620458)
2025-11-20 22:00,2025-11-20,22,Gold,62998.95,63181.61,182.67,0.29,-112.3,11658,78225,63000,12.45,12.95,0.9096,INR/10g,Dhan API v2 (Client 1112620458)
2025-11-20 23:00,2025-11-20,23,Gold,62891.84,62957.4,65.56,0.1042,-117.11,14276,80519,63000,12.38,12.88,0.8687,INR/10g,Dhan API v2 (Client 1112620458)
2025-11-21 09:00,2025-11-21,9,Gold,63244.99,63552.28,307.28,0.4859,241.72,10262,78549,63000,12.8,13.3,0.92,INR/10g,Dhan API v2 (Client 1112620458)
2025-11-21 10:00,2025-11-21,10,Gold,63103.29,63292.52,189.24,0.2999,-118.04,11166,79806,63000,12.38,12.88,0.9567,INR/10g,Dhan API v2 (Client 1112620458)
2025-11-21 11:00,2025-11-21,11,Gold,62967.46,63153.51,186.05,0.2955,-3.19,10049,79290,63000,12.89,13.39,0.9141,INR/10g,Dhan API v2 (Client 1112620458)
2025-11-21 12:00,2025-11-21,12,Gold,63010.32,63110.43,100.11,0.1589,-85.94,1530,79648,63000,12.39,12.89,0.8911,INR/10g,Dhan API v2 (Client 1112620458)
2025-11-21 13:00,2025-11-21,13,Gold,62837.69,63072.38,234.7,0.3735,134.59,9580,79682,63000,12.63,13.13,0.94,INR/10g,Dhan API v2 (Client 1112620458)
2025-11-21 14:00,2025-11-21,14,Gold,62849.65,63010.5,160.85,0.2559,-73.85,2699,82055,63000,12.96,13.46,0.9328,INR/10g,Dhan API v2 (Client 1112620458)
2025-11-21 15:00,2025-11-21,15,Gold,62988.95,63106.75,117.8,0.187,-43.05,12084,81051,63000,12.34,12.84,0.9434,INR/10g,Dhan API v2 (Client 1112620458)
2025-11-21 16:00,2025-11-21,16,Gold,62591.44,62792.24,200.8,0.3208,83.0,7161,78976,62500,12.52,13.02,0.9355,INR/10g,Dhan API v2 (Client 1112620458)
2025-11-21 17:00,2025-11-21,17,Gold,62806.94,63160.78,353.84,0.5634,153.04,10665,78793,63000,12.46,12.96,0.9214,INR/10g,Dhan API v2 (Client 1112620458)
2025-11-21 18:00,2025-11-21,18,Gold,62809.69,62936.99,127.3,0.2027,-226.54,6148,80122,63000,12.1,12.6,0.9064,INR/10g,Dhan API v2 (Client 1112620458)
2025-11-21 19:00,2025-11-21,19,Gold,62817.89,63068.49,250.61,0.3989,123.31,13357,78840,63000,12.99,13.49,0.9233,INR/10g,Dhan API v2 (Client 1112620458)
2025-11-21 20:00,2025-11-21,20,Gold,62982.4,63351.99,369.59,0.5868,118.98,4348,78999,63000,12.89,13.39,0.9221,INR/10g,Dhan API v2 (Client 1112620458)
2025-11-21 21:00,2025-11-21,21,Gold,63038.34,63144.93,106.59,0.1691,-263.0,3275,80718,63000,12.29,12.79,0.9053,INR/10g,Dhan API v2 (Client 1112620458)
2025-11-21 22:00,2025-11-21,22,Gold,63214.78,63412.45,197.67,0.3127,91.08,12558,79526,63000,12.69,13.19,0.9239,INR/10g,Dhan API v2 (Client 1112620458)
2025-11-21 23:00,2025-11-21,23,Gold,63558.06,63670.03,111.97,0.1762,-85.7,4679,81072,63500,12.12,12.62,0.9234,INR/10g,Dhan API v2 (Client 1112620458)
2025-11-24 09:00,2025-11-24,9,Gold,63424.11,63594.32,170.21,0.2684,58.24,7136,78299,63500,12.43,12.93,0.9125,INR/10g,Dhan API v2 (Client 1112620458)
2025-11-24 10:00,2025-11-24,10,Gold,63625.68,63768.05,142.36,0.2238,-27.85,1446,79133,63500,12.62,13.12,0.8766,INR/10g,Dhan API v2 (Client 1112620458)
2025-11-24 11:00,2025-11-24,11,Gold,63831.62,64229.21,397.6,0.6229,255.24,11615,80017,64000,12.6,13.1,0.9272,INR/10g,Dhan API v2 (Client 1112620458)
2025-11-24 12:00,2025-11-24,12,Gold,63933.95,64141.48,207.53,0.3246,-190.07,13319,80583,64000,12.84,13.34,0.9225,INR/10g,Dhan API v2 (Client 1112620458)
2025-11-24 13:00,2025-11-24,13,Gold,63921.51,63886.32,-35.19,-0.0551,-242.72,14742,80846,64000,12.26,12.76,0.923,INR/10g,Dhan API v2 (Client 1112620458)
2025-11-24 14:00,2025-11-24,14,Gold,63840.27,63956.52,116.25,0.1821,151.44,6777,78528,64000,12.92,13.42,0.9173,INR/10g,Dhan API v2 (Client 1112620458)
2025-11-24 15:00,2025-11-24,15,Gold,63910.83,64071.37,160.54,0.2512,44.29,14583,77526,64000,12.68,13.18,0.9143,INR/10g,Dhan API v2 (Client 1112620458)
2025-11-24 16:00,2025-11-24,16,Gold,63965.41,64169.26,203.85,0.3187,43.31,3056,81115,64000,12.84,13.34,0.9225,INR/10g,Dhan API v2 (Client 1112620458)
2025-11-24 17:00,2025-11-24,17,Gold,63878.43,64102.3,223.87,0.3505,20.02,5342,80487,64000,12.77,13.27,0.9229,INR/10g,Dhan API v2 (Client 1112620458)
2025-11-24 18:00,2025-11-24,18,Gold,63718.58,63895.47,176.89,0.2776,-46.98,8513,79204,63500,12.87,13.37,0.9299,INR/10g,Dhan API v2 (Client 1112620458)
2025-11-24 19:00,2025-11-24,19,Gold,63658.72,63740.91,82.2,0.1291,-94.69,4358,79164,63500,12.69,13.19,0.9076,INR/10g,Dhan API v2 (Client 1112620458)
2025-11-24 20:00,2025-11-24,20,Gold,63737.96,63997.72,259.77,0.4076,177.57,11311,80300,63500,12.53,13.03,0.8977,INR/10g,Dhan API v2 (Client 1112620458)
2025-11-24 21:00,2025-11-24,21,Gold,63657.39,64029.73,372.34,0.5849,112.57,2634,79971,63500,12.53,13.03,0.9067,INR/10g,Dhan API v2 (Client 1112620458)
2025-11-24 22:00,2025-11-24,22,Gold,63915.27,64126.32,211.04,0.3302,-161.3,7724,79828,64000,12.95,13.45,0.9522,INR/10g,Dhan API v2 (Client 1112620458)
2025-11-24 23:00,2025-11-24,23,Gold,63725.22,63826.26,101.04,0.1586,-110.0,10239,79437,63500,12.56,13.06,0.9169,INR/10g,Dhan API v2 (Client 1112620458)
2025-11-25 09:00,2025-11-25,9,Gold,63547.65,63753.19,205.54,0.3234,104.5,10784,78851,63500,12.64,13.14,0.8877,INR/10g,Dhan API v2 (Client 1112620458)
2025-11-25 10:00,2025-11-25,10,Gold,63360.72,63611.38,250.66,0.3956,45.12,14650,79108,63500,13.2,13.7,0.8767,INR/10g,Dhan API v2 (Client 1112620458)
2025-11-25 11:00,2025-11-25,11,Gold,63434.53,63622.49,187.96,0.2963,-62.7,7443,77944,63500,12.05,12.55,0.9325,INR/10g,Dhan API v2 (Client 1112620458)
2025-11-25 12:00,2025-11-25,12,Gold,63563.97,63817.41,253.44,0.3987,65.48,7727,79492,63500,12.68,13.18,0.9316,INR/10g,Dhan API v2 (Client 1112620458)
2025-11-25 13:00,2025-11-25,13,Gold,63561.2,63620.28,59.08,0.0929,-194.36,12172,80146,63500,12.76,13.26,0.9118,INR/10g,Dhan API v2 (Client 1112620458)
2025-11-25 14:00,2025-11-25,14,Gold,63503.19,63724.64,221.45,0.3487,162.37,1379,79307,63500,12.59,13.09,0.9509,INR/10g,Dhan API v2 (Client 1112620458)
2025-11-25 15:00,2025-11-25,15,Gold,63430.04,63545.74,115.7,0.1824,-105.75,8635,80561,63500,12.43,12.93,0.9261,INR/10g,Dhan API v2 (Client 1112620458)
2025-11-25 16:00,2025-11-25,16,Gold,63527.92,63719.95,192.03,0.3023,76.33,10771,79645,63500,12.39,12.89,0.9046,INR/10g,Dhan API v2 (Client 1112620458)
2025-11-25 17:00,2025-11-25,17,Gold,63488.64,63817.27,328.63,0.5176,136.6,7957,79702,63500,12.47,12.97,0.9248,INR/10g,Dhan API v2 (Client 1112620458)
2025-11-25 18:00,2025-11-25,18,Gold,63390.61,63506.68,116.07,0.1831,-212.56,5390,78964,63500,13.07,13.57,0.9238,INR/10g,Dhan API v2 (Client 1112620458)
2025-11-25 19:00,2025-11-25,19,Gold,63461.66,63672.85,211.19,0.3328,95.12,10305,79858,63500,12.88,13.38,0.9288,INR/10g,Dhan API v2 (Client 1112620458)
2025-11-25 20:00,2025-11-25,20,Gold,63391.49,63564.53,173.05,0.273,-38.14,14501,79254,63500,12.87,13.37,0.9142,INR/10g,Dhan API v2 (Client 1112620458)
2025-11-25 21:00,2025-11-25,21,Gold,63384.4,63701.97,317.56,0.501,144.51,11517,80183,63500,12.1,12.6,0.9033,INR/10g,Dhan API v2 (Client 1112620458)
2025-11-25 22:00,2025-11-25,22,Gold,63190.17,63350.8,160.63,0.2542,-156.93,5096,80438,63000,12.61,13.11,0.8933,INR/10g,Dhan API v2 (Client 1112620458)
2025-11-25 23:00,2025-11-25,23,Gold,63223.87,63513.49,289.62,0.4581,128.99,5145,79769,63000,12.93,13.43,0.8927,INR/10g,Dhan API v2 (Client 1112620458)
2025-11-26 09:00,2025-11-26,9,Gold,63242.44,63485.9,243.46,0.385,-46.16,10943,77596,63000,12.39,12.89,0.8983,INR/10g,Dhan API v2 (Client 1112620458)
2025-11-26 10:00,2025-11-26,10,Gold,63173.23,63315.85,142.62,0.2258,-100.84,2548,80680,63000,12.83,13.33,0.9454,INR/10g,Dhan API v2 (Client 1112620458)
2025-11-26 11:00,2025-11-26,11,Gold,63083.37,63213.66,130.29,0.2065,-12.33,7446,79595,63000,12.39,12.89,0.9313,INR/10g,Dhan API v2 (Client 1112620458)
2025-11-26 12:00,2025-11-26,12,Gold,62930.57,63105.52,174.96,0.278,44.67,14382,78826,63000,12.25,12.75,0.9346,INR/10g,Dhan API v2 (Client 1112620458)
2025-11-26 13:00,2025-11-26,13,Gold,62805.54,63073.02,267.49,0.4259,92.53,2883,79327,63000,12.77,13.27,0.9397,INR/10g,Dhan API v2 (Client 1112620458)
2025-11-26 14:00,2025-11-26,14,Gold,62879.23,63117.44,238.21,0.3788,-29.28,1835,79939,63000,12.05,12.55,0.9079,INR/10g,Dhan API v2 (Client 1112620458)
2025-11-26 15:00,2025-11-26,15,Gold,62968.21,63226.51,258.31,0.4102,20.1,6126,79122,63000,12.41,12.91,0.8752,INR/10g,Dhan API v2 (Client 1112620458)
2025-11-26 16:00,2025-11-26,16,Gold,63086.56,63338.16,251.6,0.3988,-6.71,3327,79666,63000,12.48,12.98,0.9341,INR/10g,Dhan API v2 (Client 1112620458)
2025-11-26 17:00,2025-11-26,17,Gold,63046.19,63185.25,139.06,0.2206,-112.54,973,78975,63000,12.14,12.64,0.8804,INR/10g,Dhan API v2 (Client 1112620458)
2025-11-26 18:00,2025-11-26,18,Gold,63048.56,63241.72,193.16,0.3064,54.1,12789,81282,63000,12.52,13.02,0.9248,INR/10g,Dhan API v2 (Client 1112620458)
2025-11-26 19:00,2025-11-26,19,Gold,62893.98,63283.77,389.79,0.6198,196.63,6306,80446,63000,12.75,13.25,0.9054,INR/10g,Dhan API v2 (Client 1112620458)
2025-11-26 20:00,2025-11-26,20,Gold,62956.17,63205.92,249.76,0.3967,-140.03,5313,80038,63000,13.01,13.51,0.922,INR/10g,Dhan API v2 (Client 1112620458)
2025-11-26 21:00,2025-11-26,21,Gold,62805.23,63114.73,309.5,0.4928,59.74,10775,79539,63000,12.46,12.96,0.9389,INR/10g,Dhan API v2 (Client 1112620458)
2025-11-26 22:00,2025-11-26,22,Gold,62934.18,63011.58,77.4,0.123,-232.1,13292,81029,63000,12.55,13.05,0.8946,INR/10g,Dhan API v2 (Client 1112620458)
2025-11-26 23:00,2025-11-26,23,Gold,63024.35,63200.22,175.88,0.2791,98.48,11348,78018,63000,12.24,12.74,0.8972,INR/10g,Dhan API v2 (Client 1112620458)
2025-11-27 09:00,2025-11-27,9,Gold,62906.66,62975.61,68.95,0.1096,-106.93,7827,78964,63000,12.55,13.05,0.8969,INR/10g,Dhan API v2 (Client 1112620458)
2025-11-27 10:00,2025-11-27,10,Gold,63098.75,63241.24,142.48,0.2258,73.53,8733,79006,63000,12.87,13.37,0.9165,INR/10g,Dhan API v2 (Client 1112620458)
2025-11-27 11:00,2025-11-27,11,Gold,63209.83,63258.29,48.46,0.0767,-94.02,5279,80513,63000,13.15,13.65,0.9193,INR/10g,Dhan API v2 (Client 1112620458)
2025-11-27 12:00,2025-11-27,12,Gold,63279.08,63549.35,270.27,0.4271,221.81,2539,80418,63500,13.24,13.74,0.9372,INR/10g,Dhan API v2 (Client 1112620458)
2025-11-27 13:00,2025-11-27,13,Gold,63258.08,63382.2,124.13,0.1962,-146.14,9624,78451,63500,12.61,13.11,0.9328,INR/10g,Dhan API v2 (Client 1112620458)
2025-11-27 14:00,2025-11-27,14,Gold,63134.8,63343.13,208.33,0.33,84.2,12633,77769,63000,12.38,12.88,0.9687,INR/10g,Dhan API v2 (Client 1112620458)
2025-11-27 15:00,2025-11-27,15,Gold,63135.03,63203.64,68.61,0.1087,-139.72,13647,82058,63000,12.39,12.89,0.935,INR/10g,Dhan API v2 (Client 1112620458)
2025-11-27 16:00,2025-11-27,16,Gold,63279.05,63300.15,21.11,0.0334,-47.5,5012,81016,63500,12.42,12.92,0.9302,INR/10g,Dhan API v2 (Client 1112620458)
2025-11-27 17:00,2025-11-27,17,Gold,63481.49,63641.22,159.73,0.2516,138.62,11214,79169,63500,12.07,12.57,0.9635,INR/10g,Dhan API v2 (Client 1112620458)
2025-11-27 18:00,2025-11-27,18,Gold,63439.57,63634.23,194.66,0.3068,34.93,1565,80518,63500,12.65,13.15,0.9656,INR/10g,Dhan API v2 (Client 1112620458)
2025-11-27 19:00,2025-11-27,19,Gold,63410.28,63705.38,295.1,0.4654,100.44,14240,79896,63500,12.73,13.23,0.9134,INR/10g,Dhan API v2 (Client 1112620458)
2025-11-27 20:00,2025-11-27,20,Gold,63420.97,63496.67,75.69,0.1194,-219.41,14100,80803,63500,12.39,12.89,0.9332,INR/10g,Dhan API v2 (Client 1112620458)
2025-11-27 21:00,2025-11-27,21,Gold,63521.67,63536.71,15.04,0.0237,-60.65,1389,78493,63500,13.04,13.54,0.8924,INR/10g,Dhan API v2 (Client 1112620458)
2025-11-27 22:00,2025-11-27,22,Gold,63578.79,63667.35,88.56,0.1393,73.52,8662,78957,63500,12.28,12.78,0.9333,INR/10g,Dhan API v2 (Client 1112620458)
2025-11-27 23:00,2025-11-27,23,Gold,63341.75,63407.14,65.38,0.1032,-23.18,14322,77317,63500,12.19,12.69,0.9463,INR/10g,Dhan API v2 (Client 1112620458)
2025-11-28 09:00,2025-11-28,9,Gold,63274.15,63378.94,104.79,0.1656,39.41,12166,80946,63500,13.07,13.57,0.8822,INR/10g,Dhan API v2 (Client 1112620458)
2025-11-28 10:00,2025-11-28,10,Gold,63142.58,63394.92,252.35,0.3996,147.56,7493,80517,63000,12.37,12.87,0.9304,INR/10g,Dhan API v2 (Client 1112620458)
2025-11-28 11:00,2025-11-28,11,Gold,63355.14,63555.37,200.23,0.3161,-52.12,14016,79456,63500,12.58,13.08,0.9214,INR/10g,Dhan API v2 (Client 1112620458)
2025-11-28 12:00,2025-11-28,12,Gold,63347.47,63459.67,112.19,0.1771,-88.04,11083,79632,63500,12.73,13.23,0.8876,INR/10g,Dhan API v2 (Client 1112620458)
2025-11-28 13:00,2025-11-28,13,Gold,63441.96,63717.84,275.88,0.4349,163.69,8600,79696,63500,12.22,12.72,0.8974,INR/10g,Dhan API v2 (Client 1112620458)
2025-11-28 14:00,2025-11-28,14,Gold,63482.8,63767.37,284.57,0.4483,8.69,12738,80088,63500,12.51,13.01,0.8857,INR/10g,Dhan API v2 (Client 1112620458)
2025-11-28 15:00,2025-11-28,15,Gold,63390.54,63513.09,122.55,0.1933,-162.02,10494,79388,63500,12.61,13.11,0.9195,INR/10g,Dhan API v2 (Client 1112620458)
2025-11-28 16:00,2025-11-28,16,Gold,63457.05,63535.1,78.05,0.123,-44.5,12183,76969,63500,12.58,13.08,0.9215,INR/10g,Dhan API v2 (Client 1112620458)
2025-11-28 17:00,2025-11-28,17,Gold,63210.81,63501.56,290.75,0.46,212.7,4073,79436,63000,12.79,13.29,0.922,INR/10g,Dhan API v2 (Client 1112620458)
2025-11-28 18:00,2025-11-28,18,Gold,63287.03,63356.23,69.2,0.1093,-221.55,8184,78939,63500,12.28,12.78,0.9211,INR/10g,Dhan API v2 (Client 1112620458)
2025-11-28 19:00,2025-11-28,19,Gold,63314.54,63625.62,311.08,0.4913,241.88,13264,79141,63500,12.2,12.7,0.9185,INR/10g,Dhan API v2 (Client 1112620458)
2025-11-28 20:00,2025-11-28,20,Gold,63338.1,63618.91,280.81,0.4434,-30.27,12573,80097,63500,12.76,13.26,0.9602,INR/10g,Dhan API v2 (Client 1112620458)
2025-11-28 21:00,2025-11-28,21,Gold,63582.48,63845.62,263.14,0.4139,-17.67,1580,79316,63500,12.73,13.23,0.8793,INR/10g,Dhan API v2 (Client 1112620458)
2025-11-28 22:00,2025-11-28,22,Gold,63505.27,63617.72,112.45,0.1771,-150.69,12867,80511,63500,12.92,13.42,0.8858,INR/10g,Dhan API v2 (Client 1112620458)
2025-11-28 23:00,2025-11-28,23,Gold,63808.42,63800.19,-8.23,-0.0129,-120.68,10278,79465,64000,12.05,12.55,0.9095,INR/10g,Dhan API v2 (Client 1112620458)
2025-12-01 09:00,2025-12-01,9,Gold,63779.94,63952.67,172.73,0.2708,180.96,8454,78454,64000,12.41,12.91,0.9128,INR/10g,Dhan API v2 (Client 1112620458)
2025-12-01 10:00,2025-12-01,10,Gold,63907.86,64153.72,245.86,0.3847,73.13,14470,78956,64000,12.66,13.16,0.9043,INR/10g,Dhan API v2 (Client 1112620458)
2025-12-01 11:00,2025-12-01,11,Gold,63617.52,63761.5,143.98,0.2263,-101.88,8920,79260,63500,13.07,13.57,0.9058,INR/10g,Dhan API v2 (Client 1112620458)
2025-12-01 12:00,2025-12-01,12,Gold,63602.67,63844.19,241.52,0.3797,97.54,10936,81031,63500,12.87,13.37,0.8977,INR/10g,Dhan API v2 (Client 1112620458)
2025-12-01 13:00,2025-12-01,13,Gold,63718.37,63845.83,127.45,0.2,-114.07,12777,79199,63500,12.21,12.71,0.9498,INR/10g,Dhan API v2 (Client 1112620458)
2025-12-01 14:00,2025-12-01,14,Gold,63800.75,64011.47,210.71,0.3303,83.26,12496,81918,64000,12.21,12.71,0.9345,INR/10g,Dhan API v2 (Client 1112620458)
2025-12-01 15:00,2025-12-01,15,Gold,63862.41,64009.72,147.31,0.2307,-63.4,5894,78439,64000,13.28,13.78,0.9055,INR/10g,Dhan API v2 (Client 1112620458)
2025-12-01 16:00,2025-12-01,16,Gold,64238.09,64358.36,120.27,0.1872,-27.04,9968,79136,64000,12.41,12.91,0.9109,INR/10g,Dhan API v2 (Client 1112620458)
2025-12-01 17:00,2025-12-01,17,Gold,64126.06,64142.9,16.84,0.0263,-103.43,13492,80732,64000,12.88,13.38,0.8783,INR/10g,Dhan API v2 (Client 1112620458)
2025-12-01 18:00,2025-12-01,18,Gold,64174.9,64256.69,81.79,0.1274,64.95,7190,79944,64000,12.15,12.65,0.8757,INR/10g,Dhan API v2 (Client 1112620458)
2025-12-01 19:00,2025-12-01,19,Gold,64181.98,64179.32,-2.66,-0.0041,-84.45,6487,78601,64000,12.64,13.14,0.9162,INR/10g,Dhan API v2 (Client 1112620458)
2025-12-01 20:00,2025-12-01,20,Gold,64162.5,64296.77,134.27,0.2093,136.93,3633,80068,64000,12.86,13.36,0.9295,INR/10g,Dhan API v2 (Client 1112620458)
2025-12-01 21:00,2025-12-01,21,Gold,64217.63,64407.49,189.86,0.2957,55.59,4192,79519,64000,12.86,13.36,0.8795,INR/10g,Dhan API v2 (Client 1112620458)
2025-12-01 22:00,2025-12-01,22,Gold,64523.8,64554.22,30.42,0.0471,-159.44,4279,78033,64500,13.05,13.55,0.8946,INR/10g,Dhan API v2 (Client 1112620458)
2025-12-01 23:00,2025-12-01,23,Gold,64688.22,64817.53,129.31,0.1999,98.89,14495,79513,64500,12.21,12.71,0.8907,INR/10g,Dhan API v2 (Client 1112620458)
2025-12-02 09:00,2025-12-02,9,Gold,64836.91,64891.61,54.7,0.0844,-74.61,7272,81451,65000,13.0,13.5,0.9126,INR/10g,Dhan API v2 (Client 1112620458)
2025-12-02 10:00,2025-12-02,10,Gold,64841.62,65040.62,199.0,0.3069,144.3,11952,78793,65000,12.83,13.33,0.9011,INR/10g,Dhan API v2 (Client 1112620458)
2025-12-02 11:00,2025-12-02,11,Gold,64968.0,65101.46,133.45,0.2054,-65.55,4581,79561,65000,12.54,13.04,0.9197,INR/10g,Dhan API v2 (Client 1112620458)
2025-12-02 12:00,2025-12-02,12,Gold,65026.55,65076.1,49.55,0.0762,-83.9,9603,79588,65000,12.92,13.42,0.9444,INR/10g,Dhan API v2 (Client 1112620458)
2025-12-02 13:00,2025-12-02,13,Gold,64989.72,65214.21,224.48,0.3454,174.93,6241,79305,65000,12.58,13.08,0.9173,INR/10g,Dhan API v2 (Client 1112620458)
2025-12-02 14:00,2025-12-02,14,Gold,65209.77,65379.37,169.6,0.2601,-54.88,3303,78821,65000,12.48,12.98,0.8944,INR/10g,Dhan API v2 (Client 1112620458)
2025-12-02 15:00,2025-12-02,15,Gold,65314.72,65417.38,102.66,0.1572,-66.94,11142,80087,65500,12.49,12.99,0.9333,INR/10g,Dhan API v2 (Client 1112620458)
2025-12-02 16:00,2025-12-02,16,Gold,65404.96,65485.03,80.07,0.1224,-22.59,2814,79138,65500,12.31,12.81,0.9125,INR/10g,Dhan API v2 (Client 1112620458)
2025-12-02 17:00,2025-12-02,17,Gold,65405.74,65409.12,3.38,0.0052,-76.69,10130,80678,65500,12.59,13.09,0.9616,INR/10g,Dhan API v2 (Client 1112620458)
2025-12-02 18:00,2025-12-02,18,Gold,65367.74,65336.41,-31.33,-0.0479,-34.71,8203,81124,65500,12.64,13.14,0.95,INR/10g,Dhan API v2 (Client 1112620458)
2025-12-02 19:00,2025-12-02,19,Gold,65223.19,65334.12,110.93,0.1701,142.26,7523,79778,65000,12.76,13.26,0.9558,INR/10g,Dhan API v2 (Client 1112620458)
2025-12-02 20:00,2025-12-02,20,Gold,65233.91,65353.24,119.33,0.1829,8.4,11641,81184,65000,12.35,12.85,0.921,INR/10g,Dhan API v2 (Client 1112620458)
2025-12-02 21:00,2025-12-02,21,Gold,65347.44,65409.34,61.9,0.0947,-57.43,12284,78159,65500,12.49,12.99,0.9292,INR/10g,Dhan API v2 (Client 1112620458)
2025-12-02 22:00,2025-12-02,22,Gold,65287.72,65639.75,352.04,0.5392,290.14,10680,79286,65500,12.8,13.3,0.9003,INR/10g,Dhan API v2 (Client 1112620458)
2025-12-02 23:00,2025-12-02,23,Gold,65101.51,65145.94,44.43,0.0682,-307.61,5181,79944,65000,12.47,12.97,0.9035,INR/10g,Dhan API v2 (Client 1112620458)
2025-12-03 09:00,2025-12-03,9,Gold,65052.05,64941.19,-110.86,-0.1704,-155.29,12101,80011,65000,12.27,12.77,0.9242,INR/10g,Dhan API v2 (Client 1112620458)
2025-12-03 10:00,2025-12-03,10,Gold,64805.31,65058.57,253.25,0.3908,364.11,10943,78899,65000,13.09,13.59,0.9067,INR/10g,Dhan API v2 (Client 1112620458)
2025-12-03 11:00,2025-12-03,11,Gold,64883.09,64996.52,113.43,0.1748,-139.82,1254,79491,65000,12.3,12.8,0.9516,INR/10g,Dhan API v2 (Client 1112620458)
2025-12-03 12:00,2025-12-03,12,Gold,64954.28,65193.25,238.97,0.3679,125.54,7084,78443,65000,12.06,12.56,0.9063,INR/10g,Dhan API v2 (Client 1112620458)
2025-12-03 13:00,2025-12-03,13,Gold,65214.57,65236.68,22.12,0.0339,-216.85,1621,79677,65000,12.18,12.68,0.9118,INR/10g,Dhan API v2 (Client 1112620458)
2025-12-03 14:00,2025-12-03,14,Gold,65217.74,65282.82,65.08,0.0998,42.96,7900,79103,65000,12.18,12.68,0.8938,INR/10g,Dhan API v2 (Client 1112620458)
2025-12-03 15:00,2025-12-03,15,Gold,65159.93,65383.22,223.29,0.3427,158.21,10922,80265,65000,12.63,13.13,0.9208,INR/10g,Dhan API v2 (Client 1112620458)
2025-12-03 16:00,2025-12-03,16,Gold,65369.13,65560.45,191.32,0.2927,-31.97,7773,78567,65500,12.64,13.14,0.9451,INR/10g,Dhan API v2 (Client 1112620458)
2025-12-03 17:00,2025-12-03,17,Gold,65238.06,65335.73,97.68,0.1497,-93.64,10513,80394,65000,12.59,13.09,0.9181,INR/10g,Dhan API v2 (Client 1112620458)
2025-12-03 18:00,2025-12-03,18,Gold,65315.05,65353.8,38.75,0.0593,-58.93,10823,80690,65500,12.7,13.2,0.9169,INR/10g,Dhan API v2 (Client 1112620458)
2025-12-03 19:00,2025-12-03,19,Gold,65474.98,65493.56,18.59,0.0284,-20.16,11797,79132,65500,12.46,12.96,0.8927,INR/10g,Dhan API v2 (Client 1112620458)
2025-12-03 20:00,2025-12-03,20,Gold,65435.14,65649.97,214.83,0.3283,196.24,9886,81501,65500,12.57,13.07,0.9083,INR/10g,Dhan API v2 (Client 1112620458)
2025-12-03 21:00,2025-12-03,21,Gold,65376.12,65446.22,70.1,0.1072,-144.73,3310,79319,65500,12.45,12.95,0.9338,INR/10g,Dhan API v2 (Client 1112620458)
2025-12-03 22:00,2025-12-03,22,Gold,65471.35,65550.28,78.93,0.1206,8.83,1099,80077,65500,12.87,13.37,0.8808,INR/10g,Dhan API v2 (Client 1112620458)
2025-12-03 23:00,2025-12-03,23,Gold,65913.89,66092.57,178.68,0.2711,99.75,7290,79040,66000,12.04,12.54,0.8682,INR/10g,Dhan API v2 (Client 1112620458)
2025-12-04 09:00,2025-12-04,9,Gold,66091.96,66233.62,141.66,0.2143,-37.02,12128,78502,66000,12.68,13.18,0.907,INR/10g,Dhan API v2 (Client 1112620458)
2025-12-04 10:00,2025-12-04,10,Gold,66026.29,66282.02,255.73,0.3873,114.07,11863,79404,66000,12.56,13.06,0.9384,INR/10g,Dhan API v2 (Client 1112620458)
2025-12-04 11:00,2025-12-04,11,Gold,66037.87,66208.02,170.16,0.2577,-85.57,8208,80841,66000,12.39,12.89,0.9246,INR/10g,Dhan API v2 (Client 1112620458)
2025-12-04 12:00,2025-12-04,12,Gold,65872.73,65992.06,119.34,0.1812,-50.82,6527,79371,66000,12.0,12.5,0.8815,INR/10g,Dhan API v2 (Client 1112620458)
2025-12-04 13:00,2025-12-04,13,Gold,65903.41,65757.17,-146.25,-0.2219,-265.59,12204,79659,66000,12.73,13.23,0.8644,INR/10g,Dhan API v2 (Client 1112620458)
2025-12-04 14:00,2025-12-04,14,Gold,65858.65,66088.67,230.02,0.3493,376.27,5724,80419,66000,12.84,13.34,0.9126,INR/10g,Dhan API v2 (Client 1112620458)
2025-12-04 15:00,2025-12-04,15,Gold,66087.06,66231.41,144.35,0.2184,-85.67,1385,81077,66000,12.48,12.98,0.9328,INR/10g,Dhan API v2 (Client 1112620458)
2025-12-04 16:00,2025-12-04,16,Gold,65830.07,66033.69,203.63,0.3093,59.28,4229,80546,66000,12.53,13.03,0.8976,INR/10g,Dhan API v2 (Client 1112620458)
2025-12-04 17:00,2025-12-04,17,Gold,65929.26,66060.79,131.54,0.1995,-72.09,12796,79353,66000,12.83,13.33,0.9404,INR/10g,Dhan API v2 (Client 1112620458)
2025-12-04 18:00,2025-12-04,18,Gold,66000.36,65988.33,-12.03,-0.0182,-143.57,1330,79511,66000,12.7,13.2,0.944,INR/10g,Dhan API v2 (Client 1112620458)
2025-12-04 19:00,2025-12-04,19,Gold,65951.52,66049.04,97.52,0.1479,109.55,1701,78670,66000,12.69,13.19,0.9321,INR/10g,Dhan API v2 (Client 1112620458)
2025-12-04 20:00,2025-12-04,20,Gold,65784.92,65931.98,147.06,0.2235,49.54,1956,81000,66000,12.59,13.09,0.9043,INR/10g,Dhan API v2 (Client 1112620458)
2025-12-04 21:00,2025-12-04,21,Gold,65788.85,65908.96,120.11,0.1826,-26.95,12504,79483,66000,12.91,13.41,0.9121,INR/10g,Dhan API v2 (Client 1112620458)
2025-12-04 22:00,2025-12-04,22,Gold,65989.18,66146.06,156.87,0.2377,36.76,8317,79607,66000,12.34,12.84,0.9034,INR/10g,Dhan API v2 (Client 1112620458)
2025-12-04 23:00,2025-12-04,23,Gold,66397.0,66441.7,44.7,0.0673,-112.17,4983,79146,66500,12.48,12.98,0.9031,INR/10g,Dhan API v2 (Client 1112620458)
2025-12-05 09:00,2025-12-05,9,Gold,66424.85,66534.02,109.17,0.1643,64.47,11848,80070,66500,12.77,13.27,0.8749,INR/10g,Dhan API v2 (Client 1112620458)
2025-12-05 10:00,2025-12-05,10,Gold,66463.16,66469.53,6.37,0.0096,-102.8,5709,80115,66500,12.55,13.05,0.929,INR/10g,Dhan API v2 (Client 1112620458)
2025-12-05 11:00,2025-12-05,11,Gold,66596.53,66677.11,80.58,0.121,74.21,6281,78208,66500,12.8,13.3,0.9109,INR/10g,Dhan API v2 (Client 1112620458)
2025-12-05 12:00,2025-12-05,12,Gold,66421.26,66425.88,4.62,0.007,-75.96,3249,79188,66500,12.58,13.08,0.8926,INR/10g,Dhan API v2 (Client 1112620458)
2025-12-05 13:00,2025-12-05,13,Gold,66608.11,66812.09,203.98,0.3062,199.36,6135,79495,66500,12.62,13.12,0.9087,INR/10g,Dhan API v2 (Client 1112620458)
2025-12-05 14:00,2025-12-05,14,Gold,66537.95,66714.71,176.77,0.2657,-27.21,8711,79980,66500,12.53,13.03,0.914,INR/10g,Dhan API v2 (Client 1112620458)
2025-12-05 15:00,2025-12-05,15,Gold,66791.19,66709.42,-81.77,-0.1224,-258.54,10579,78391,67000,12.5,13.0,0.9128,INR/10g,Dhan API v2 (Client 1112620458)
2025-12-05 16:00,2025-12-05,16,Gold,66762.35,66885.16,122.82,0.184,204.59,12703,79686,67000,12.53,13.03,0.8889,INR/10g,Dhan API v2 (Client 1112620458)
2025-12-05 17:00,2025-12-05,17,Gold,66684.19,66804.32,120.13,0.1801,-2.69,3220,79074,66500,12.28,12.78,0.8778,INR/10g,Dhan API v2 (Client 1112620458)
2025-12-05 18:00,2025-12-05,18,Gold,66522.46,66704.66,182.2,0.2739,62.07,12558,78351,66500,12.88,13.38,0.9148,INR/10g,Dhan API v2 (Client 1112620458)
2025-12-05 19:00,2025-12-05,19,Gold,66626.51,66724.9,98.39,0.1477,-83.81,14905,77739,66500,12.01,12.51,0.9322,INR/10g,Dhan API v2 (Client 1112620458)
2025-12-05 20:00,2025-12-05,20,Gold,66657.25,66636.8,-20.45,-0.0307,-118.84,8400,78878,66500,12.53,13.03,0.9319,INR/10g,Dhan API v2 (Client 1112620458)
2025-12-05 21:00,2025-12-05,21,Gold,66710.22,66656.35,-53.87,-0.0808,-33.42,10464,79294,66500,12.84,13.34,0.8893,INR/10g,Dhan API v2 (Client 1112620458)
2025-12-05 22:00,2025-12-05,22,Gold,66583.13,66558.39,-24.74,-0.0372,29.13,6027,79231,66500,12.54,13.04,0.9073,INR/10g,Dhan API v2 (Client 1112620458)
2025-12-05 23:00,2025-12-05,23,Gold,66408.91,66400.58,-8.32,-0.0125,16.42,4265,80444,66500,12.7,13.2,0.9056,INR/10g,Dhan API v2 (Client 1112620458)
2025-12-08 09:00,2025-12-08,9,Gold,66227.65,66342.32,114.67,0.1731,122.99,12491,78334,66000,13.06,13.56,0.9423,INR/10g,Dhan API v2 (Client 1112620458)
2025-12-08 10:00,2025-12-08,10,Gold,66180.92,66307.04,126.12,0.1906,11.45,6320,80286,66000,12.29,12.79,0.8976,INR/10g,Dhan API v2 (Client 1112620458)
2025-12-08 11:00,2025-12-08,11,Gold,66305.09,66291.0,-14.09,-0.0212,-140.21,2322,78987,66500,12.58,13.08,0.959,INR/10g,Dhan API v2 (Client 1112620458)
2025-12-08 12:00,2025-12-08,12,Gold,66450.28,66741.59,291.31,0.4384,305.4,11770,78929,66500,12.53,13.03,0.8995,INR/10g,Dhan API v2 (Client 1112620458)
2025-12-08 13:00,2025-12-08,13,Gold,66472.58,66629.53,156.95,0.2361,-134.36,13905,80637,66500,12.37,12.87,0.9252,INR/10g,Dhan API v2 (Client 1112620458)
2025-12-08 14:00,2025-12-08,14,Gold,66091.78,66049.29,-42.49,-0.0643,-199.44,3999,79131,66000,12.77,13.27,0.8968,INR/10g,Dhan API v2 (Client 1112620458)
2025-12-08 15:00,2025-12-08,15,Gold,66167.87,66279.57,111.7,0.1688,154.19,1835,77696,66000,12.56,13.06,0.9093,INR/10g,Dhan API v2 (Client 1112620458)
2025-12-08 16:00,2025-12-08,16,Gold,66066.6,66209.49,142.9,0.2163,31.2,3844,77827,66000,12.74,13.24,0.9044,INR/10g,Dhan API v2 (Client 1112620458)
2025-12-08 17:00,2025-12-08,17,Gold,66056.51,66266.58,210.07,0.318,67.17,2067,79609,66000,12.1,12.6,0.8853,INR/10g,Dhan API v2 (Client 1112620458)
2025-12-08 18:00,2025-12-08,18,Gold,66216.09,66395.05,178.96,0.2703,-31.11,12299,80026,66000,13.03,13.53,0.9423,INR/10g,Dhan API v2 (Client 1112620458)
2025-12-08 19:00,2025-12-08,19,Gold,66173.03,66136.24,-36.79,-0.0556,-215.75,1965,79610,66000,12.43,12.93,0.8852,INR/10g,Dhan API v2 (Client 1112620458)
2025-12-08 20:00,2025-12-08,20,Gold,66220.21,66226.82,6.61,0.01,43.4,10173,78787,66000,12.6,13.1,0.8607,INR/10g,Dhan API v2 (Client 1112620458)
2025-12-08 21:00,2025-12-08,21,Gold,66077.97,66314.72,236.75,0.3583,230.14,4058,79544,66000,11.83,12.33,0.8788,INR/10g,Dhan API v2 (Client 1112620458)
2025-12-08 22:00,2025-12-08,22,Gold,66068.1,66111.22,43.12,0.0653,-193.63,8621,79324,66000,12.25,12.75,0.9074,INR/10g,Dhan API v2 (Client 1112620458)
2025-12-08 23:00,2025-12-08,23,Gold,66296.01,66278.92,-17.09,-0.0258,-60.21,959,80281,66500,12.88,13.38,0.9346,INR/10g,Dhan API v2 (Client 1112620458)
2025-12-09 09:00,2025-12-09,9,Gold,66631.46,66702.98,71.52,0.1073,88.61,3339,79329,66500,13.12,13.62,0.8877,INR/10g,Dhan API v2 (Client 1112620458)
2025-12-09 10:00,2025-12-09,10,Gold,66619.36,66767.87,148.51,0.2229,76.99,12101,78898,66500,12.52,13.02,0.9217,INR/10g,Dhan API v2 (Client 1112620458)
2025-12-09 11:00,2025-12-09,11,Gold,66902.93,66958.02,55.09,0.0823,-93.42,12284,80167,67000,12.73,13.23,0.8868,INR/10g,Dhan API v2 (Client 1112620458)
2025-12-09 12:00,2025-12-09,12,Gold,66708.56,66752.49,43.93,0.0659,-11.16,9961,80924,66500,12.37,12.87,0.9448,INR/10g,Dhan API v2 (Client 1112620458)
2025-12-09 13:00,2025-12-09,13,Gold,66937.64,67063.85,126.21,0.1885,82.28,10275,79474,67000,12.14,12.64,0.9332,INR/10g,Dhan API v2 (Client 1112620458)
2025-12-09 14:00,2025-12-09,14,Gold,66848.0,66882.23,34.23,0.0512,-91.98,2353,80106,67000,13.1,13.6,0.9192,INR/10g,Dhan API v2 (Client 1112620458)
2025-12-09 15:00,2025-12-09,15,Gold,67015.41,66861.39,-154.03,-0.2298,-188.26,12797,79048,67000,12.99,13.49,0.9276,INR/10g,Dhan API v2 (Client 1112620458)
2025-12-09 16:00,2025-12-09,16,Gold,66995.89,67088.25,92.37,0.1379,246.4,13098,77902,67000,12.46,12.96,0.9333,INR/10g,Dhan API v2 (Client 1112620458)
2025-12-09 17:00,2025-12-09,17,Gold,67031.41,67279.73,248.32,0.3705,155.95,3599,80635,67000,12.03,12.53,0.9302,INR/10g,Dhan API v2 (Client 1112620458)
2025-12-09 18:00,2025-12-09,18,Gold,67065.62,67038.3,-27.32,-0.0407,-275.64,12936,78949,67000,12.91,13.41,0.9152,INR/10g,Dhan API v2 (Client 1112620458)
2025-12-09 19:00,2025-12-09,19,Gold,67255.92,67314.5,58.57,0.0871,85.89,10268,80101,67500,12.82,13.32,0.9346,INR/10g,Dhan API v2 (Client 1112620458)
2025-12-09 20:00,2025-12-09,20,Gold,66857.85,67018.01,160.15,0.2395,101.58,2416,79475,67000,13.04,13.54,0.8801,INR/10g,Dhan API v2 (Client 1112620458)
2025-12-09 21:00,2025-12-09,21,Gold,66876.58,66982.55,105.97,0.1585,-54.18,1498,80319,67000,12.68,13.18,0.8971,INR/10g,Dhan API v2 (Client 1112620458)
2025-12-09 22:00,2025-12-09,22,Gold,66768.68,66923.65,154.97,0.2321,49.0,14558,78754,67000,12.51,13.01,0.9466,INR/10g,Dhan API v2 (Client 1112620458)
2025-12-09 23:00,2025-12-09,23,Gold,66810.34,66964.6,154.26,0.2309,-0.71,2777,80706,67000,12.75,13.25,0.9192,INR/10g,Dhan API v2 (Client 1112620458)
2025-12-10 09:00,2025-12-10,9,Gold,66914.12,66947.63,33.51,0.0501,-120.75,1362,79820,67000,12.29,12.79,0.9223,INR/10g,Dhan API v2 (Client 1112620458)
2025-12-10 10:00,2025-12-10,10,Gold,66899.32,67084.74,185.42,0.2772,151.91,4618,78307,67000,12.51,13.01,0.8897,INR/10g,Dhan API v2 (Client 1112620458)
2025-12-10 11:00,2025-12-10,11,Gold,67007.68,67130.24,122.55,0.1829,-62.87,4917,78131,67000,12.89,13.39,0.9322,INR/10g,Dhan API v2 (Client 1112620458)
2025-12-10 12:00,2025-12-10,12,Gold,66952.94,67075.82,122.89,0.1835,0.34,5423,80316,67000,12.52,13.02,0.9174,INR/10g,Dhan API v2 (Client 1112620458)
2025-12-10 13:00,2025-12-10,13,Gold,67015.09,67108.61,93.52,0.1395,-29.37,949,79910,67000,12.75,13.25,0.9224,INR/10g,Dhan API v2 (Client 1112620458)
2025-12-10 14:00,2025-12-10,14,Gold,66969.56,67183.89,214.32,0.32,120.8,10632,78672,67000,11.73,12.23,0.9635,INR/10g,Dhan API v2 (Client 1112620458)
2025-12-10 15:00,2025-12-10,15,Gold,66860.9,66797.8,-63.1,-0.0944,-277.42,1596,80215,67000,12.81,13.31,0.9136,INR/10g,Dhan API v2 (Client 1112620458)
2025-12-10 16:00,2025-12-10,16,Gold,66865.21,66946.26,81.05,0.1212,144.15,11695,79679,67000,12.29,12.79,0.8927,INR/10g,Dhan API v2 (Client 1112620458)
2025-12-10 17:00,2025-12-10,17,Gold,66733.76,66760.78,27.02,0.0405,-54.03,7113,78572,66500,12.34,12.84,0.8883,INR/10g,Dhan API v2 (Client 1112620458)
2025-12-10 18:00,2025-12-10,18,Gold,66661.8,66681.41,19.61,0.0294,-7.41,14616,79598,66500,11.94,12.44,0.8974,INR/10g,Dhan API v2 (Client 1112620458)
2025-12-10 19:00,2025-12-10,19,Gold,66521.69,66507.21,-14.47,-0.0218,-34.08,7272,80676,66500,12.88,13.38,0.9169,INR/10g,Dhan API v2 (Client 1112620458)
2025-12-10 20:00,2025-12-10,20,Gold,66733.88,66795.26,61.37,0.092,75.84,3583,78998,66500,12.82,13.32,0.9295,INR/10g,Dhan API v2 (Client 1112620458)
2025-12-10 21:00,2025-12-10,21,Gold,66689.2,66713.91,24.71,0.037,-36.66,2355,80845,66500,12.78,13.28,0.9399,INR/10g,Dhan API v2 (Client 1112620458)
2025-12-10 22:00,2025-12-10,22,Gold,66629.26,66758.81,129.55,0.1944,104.84,12683,78345,66500,12.2,12.7,0.9086,INR/10g,Dhan API v2 (Client 1112620458)
2025-12-10 23:00,2025-12-10,23,Gold,66792.39,66638.87,-153.51,-0.2298,-283.06,7581,80264,67000,12.58,13.08,0.8922,INR/10g,Dhan API v2 (Client 1112620458)
2025-12-11 09:00,2025-12-11,9,Gold,67012.74,66959.29,-53.45,-0.0798,100.06,3955,79666,67000,12.84,13.34,0.9194,INR/10g,Dhan API v2 (Client 1112620458)
2025-12-11 10:00,2025-12-11,10,Gold,67055.35,67153.16,97.81,0.1459,151.26,12065,77234,67000,12.57,13.07,0.8955,INR/10g,Dhan API v2 (Client 1112620458)
2025-12-11 11:00,2025-12-11,11,Gold,67073.17,67264.91,191.73,0.2859,93.92,12986,78741,67000,12.31,12.81,0.8714,INR/10g,Dhan API v2 (Client 1112620458)
2025-12-11 12:00,2025-12-11,12,Gold,67196.59,67247.79,51.2,0.0762,-140.53,9520,78369,67000,12.83,13.33,0.9399,INR/10g,Dhan API v2 (Client 1112620458)
2025-12-11 13:00,2025-12-11,13,Gold,67223.52,67356.59,133.07,0.198,81.87,10707,79490,67000,12.9,13.4,0.9338,INR/10g,Dhan API v2 (Client 1112620458)
2025-12-11 14:00,2025-12-11,14,Gold,67043.15,67306.39,263.23,0.3926,130.16,7948,78172,67000,12.43,12.93,0.9314,INR/10g,Dhan API v2 (Client 1112620458)
2025-12-11 15:00,2025-12-11,15,Gold,67069.3,67043.22,-26.08,-0.0389,-289.31,11754,79638,67000,12.82,13.32,0.8955,INR/10g,Dhan API v2 (Client 1112620458)
2025-12-11 16:00,2025-12-11,16,Gold,66901.02,66993.34,92.31,0.138,118.39,1408,80488,67000,12.88,13.38,0.9047,INR/10g,Dhan API v2 (Client 1112620458)
2025-12-11 17:00,2025-12-11,17,Gold,66552.86,66566.0,13.14,0.0197,-79.17,5009,79450,66500,12.7,13.2,0.8802,INR/10g,Dhan API v2 (Client 1112620458)
2025-12-11 18:00,2025-12-11,18,Gold,66722.15,66689.27,-32.88,-0.0493,-46.02,2416,79728,66500,12.64,13.14,0.9052,INR/10g,Dhan API v2 (Client 1112620458)
2025-12-11 19:00,2025-12-11,19,Gold,66755.3,66901.04,145.73,0.2183,178.61,10720,78652,67000,12.59,13.09,0.8628,INR/10g,Dhan API v2 (Client 1112620458)
2025-12-11 20:00,2025-12-11,20,Gold,66713.94,66663.19,-50.75,-0.0761,-196.48,12339,80633,66500,12.66,13.16,0.9292,INR/10g,Dhan API v2 (Client 1112620458)
2025-12-11 21:00,2025-12-11,21,Gold,66703.84,66906.18,202.34,0.3033,253.09,14037,79207,66500,12.87,13.37,0.9244,INR/10g,Dhan API v2 (Client 1112620458)
2025-12-11 22:00,2025-12-11,22,Gold,66834.46,66760.3,-74.16,-0.111,-276.5,12863,78643,67000,12.47,12.97,0.8818,INR/10g,Dhan API v2 (Client 1112620458)
2025-12-11 23:00,2025-12-11,23,Gold,66812.17,66963.92,151.75,0.2271,225.91,14147,79877,67000,12.44,12.94,0.8995,INR/10g,Dhan API v2 (Client 1112620458)
2025-12-12 09:00,2025-12-12,9,Gold,67007.76,67074.54,66.78,0.0997,-84.97,685,79538,67000,12.6,13.1,0.9206,INR/10g,Dhan API v2 (Client 1112620458)
2025-12-12 10:00,2025-12-12,10,Gold,66959.98,66946.54,-13.43,-0.0201,-80.21,2177,78501,67000,12.16,12.66,0.9393,INR/10g,Dhan API v2 (Client 1112620458)
2025-12-12 11:00,2025-12-12,11,Gold,66868.38,66813.4,-54.98,-0.0822,-41.55,4457,80023,67000,12.4,12.9,0.9001,INR/10g,Dhan API v2 (Client 1112620458)
2025-12-12 12:00,2025-12-12,12,Gold,67110.44,67231.14,120.71,0.1799,175.69,11363,79133,67000,11.98,12.48,0.9168,INR/10g,Dhan API v2 (Client 1112620458)
2025-12-12 13:00,2025-12-12,13,Gold,67222.46,67300.22,77.76,0.1157,-42.95,5198,80458,67000,12.46,12.96,0.914,INR/10g,Dhan API v2 (Client 1112620458)
2025-12-12 14:00,2025-12-12,14,Gold,67385.62,67470.41,84.8,0.1258,7.04,8075,80637,67500,12.81,13.31,0.9458,INR/10g,Dhan API v2 (Client 1112620458)
2025-12-12 15:00,2025-12-12,15,Gold,67230.52,67317.48,86.96,0.1294,2.16,2973,78923,67000,12.77,13.27,0.9007,INR/10g,Dhan API v2 (Client 1112620458)
2025-12-12 16:00,2025-12-12,16,Gold,67393.16,67412.25,19.08,0.0283,-67.88,12614,80115,67500,12.4,12.9,0.9112,INR/10g,Dhan API v2 (Client 1112620458)
2025-12-12 17:00,2025-12-12,17,Gold,67527.63,67551.2,23.57,0.0349,4.49,4669,78927,67500,13.2,13.7,0.8985,INR/10g,Dhan API v2 (Client 1112620458)
2025-12-12 18:00,2025-12-12,18,Gold,67319.53,67282.47,-37.05,-0.055,-60.62,3406,80159,67500,12.31,12.81,0.9123,INR/10g,Dhan API v2 (Client 1112620458)
2025-12-12 19:00,2025-12-12,19,Gold,67256.59,67264.89,8.3,0.0123,45.35,11540,80019,67500,12.06,12.56,0.9604,INR/10g,Dhan API v2 (Client 1112620458)
2025-12-12 20:00,2025-12-12,20,Gold,67382.11,67408.68,26.57,0.0394,18.27,6052,80919,67500,12.82,13.32,0.9016,INR/10g,Dhan API v2 (Client 1112620458)
2025-12-12 21:00,2025-12-12,21,Gold,67423.27,67530.7,107.43,0.1593,80.86,1703,79512,67500,12.36,12.86,0.9676,INR/10g,Dhan API v2 (Client 1112620458)
2025-12-12 22:00,2025-12-12,22,Gold,67461.21,67606.46,145.25,0.2153,37.82,533,79376,67500,12.6,13.1,0.9181,INR/10g,Dhan API v2 (Client 1112620458)
2025-12-12 23:00,2025-12-12,23,Gold,67514.76,67602.33,87.57,0.1297,-57.68,5001,79370,67500,12.4,12.9,0.9423,INR/10g,Dhan API v2 (Client 1112620458)
2025-12-15 09:00,2025-12-15,9,Gold,67716.47,67814.14,97.67,0.1442,10.1,10732,78434,67500,12.25,12.75,0.8985,INR/10g,Dhan API v2 (Client 1112620458)
2025-12-15 10:00,2025-12-15,10,Gold,67918.75,67887.91,-30.84,-0.0454,-128.51,4055,79977,68000,12.89,13.39,0.9269,INR/10g,Dhan API v2 (Client 1112620458)
2025-12-15 11:00,2025-12-15,11,Gold,68054.73,68223.12,168.39,0.2474,199.23,8816,79952,68000,12.42,12.92,0.9186,INR/10g,Dhan API v2 (Client 1112620458)
2025-12-15 12:00,2025-12-15,12,Gold,68082.73,68007.94,-74.79,-0.1098,-243.18,6973,79723,68000,12.14,12.64,0.9199,INR/10g,Dhan API v2 (Client 1112620458)
2025-12-15 13:00,2025-12-15,13,Gold,68259.19,68239.95,-19.23,-0.0282,55.56,7818,79230,68500,12.53,13.03,0.9472,INR/10g,Dhan API v2 (Client 1112620458)
2025-12-15 14:00,2025-12-15,14,Gold,68289.21,68396.21,107.0,0.1567,126.23,8557,78920,68500,12.95,13.45,0.9073,INR/10g,Dhan API v2 (Client 1112620458)
2025-12-15 15:00,2025-12-15,15,Gold,68109.59,68040.9,-68.69,-0.1009,-175.69,7294,80151,68000,12.8,13.3,0.9411,INR/10g,Dhan API v2 (Client 1112620458)
2025-12-15 16:00,2025-12-15,16,Gold,67984.55,67998.17,13.63,0.02,82.32,6550,78070,68000,13.36,13.86,0.9095,INR/10g,Dhan API v2 (Client 1112620458)
2025-12-15 17:00,2025-12-15,17,Gold,68137.68,68190.8,53.12,0.078,39.49,4032,79370,68000,12.23,12.73,0.9307,INR/10g,Dhan API v2 (Client 1112620458)
2025-12-15 18:00,2025-12-15,18,Gold,68135.59,68167.04,31.46,0.0462,-21.66,13213,79203,68000,12.07,12.57,0.9226,INR/10g,Dhan API v2 (Client 1112620458)
2025-12-15 19:00,2025-12-15,19,Gold,68096.42,68151.12,54.7,0.0803,23.24,5594,78689,68000,12.42,12.92,0.8971,INR/10g,Dhan API v2 (Client 1112620458)
2025-12-15 20:00,2025-12-15,20,Gold,68072.92,68266.88,193.95,0.2849,139.25,8294,78999,68000,12.68,13.18,0.9039,INR/10g,Dhan API v2 (Client 1112620458)
2025-12-15 21:00,2025-12-15,21,Gold,67610.96,67594.21,-16.75,-0.0248,-210.7,8260,78646,67500,12.62,13.12,0.8765,INR/10g,Dhan API v2 (Client 1112620458)
2025-12-15 22:00,2025-12-15,22,Gold,67805.48,67817.18,11.7,0.0173,28.45,6171,79586,68000,12.56,13.06,0.9087,INR/10g,Dhan API v2 (Client 1112620458)
2025-12-15 23:00,2025-12-15,23,Gold,67651.88,67695.78,43.9,0.0649,32.2,10144,80499,67500,12.85,13.35,0.9158,INR/10g,Dhan API v2 (Client 1112620458)
2025-12-16 09:00,2025-12-16,9,Gold,67628.08,67490.81,-137.28,-0.203,-181.18,1664,80306,67500,12.32,12.82,0.9314,INR/10g,Dhan API v2 (Client 1112620458)
2025-12-16 10:00,2025-12-16,10,Gold,67590.83,67600.61,9.78,0.0145,147.06,13070,78974,67500,12.58,13.08,0.9277,INR/10g,Dhan API v2 (Client 1112620458)
2025-12-16 11:00,2025-12-16,11,Gold,67646.88,67352.99,-293.89,-0.4345,-303.67,2516,78756,67500,12.61,13.11,0.9269,INR/10g,Dhan API v2 (Client 1112620458)
2025-12-16 12:00,2025-12-16,12,Gold,67523.16,67590.46,67.3,0.0997,361.19,632,78802,67500,12.88,13.38,0.9173,INR/10g,Dhan API v2 (Client 1112620458)
2025-12-16 13:00,2025-12-16,13,Gold,67572.19,67593.35,21.16,0.0313,-46.14,14362,79906,67500,12.55,13.05,0.9132,INR/10g,Dhan API v2 (Client 1112620458)
2025-12-16 14:00,2025-12-16,14,Gold,67493.42,67612.89,119.47,0.177,98.31,6921,79873,67500,12.67,13.17,0.9086,INR/10g,Dhan API v2 (Client 1112620458)
2025-12-16 15:00,2025-12-16,15,Gold,67626.33,67575.76,-50.58,-0.0748,-170.05,12382,80031,67500,12.81,13.31,0.9305,INR/10g,Dhan API v2 (Client 1112620458)
2025-12-16 16:00,2025-12-16,16,Gold,67573.48,67475.1,-98.38,-0.1456,-47.8,8278,80661,67500,12.76,13.26,0.9446,INR/10g,Dhan API v2 (Client 1112620458)
2025-12-16 17:00,2025-12-16,17,Gold,67540.84,67533.0,-7.83,-0.0116,90.55,13265,80826,67500,12.24,12.74,0.9322,INR/10g,Dhan API v2 (Client 1112620458)
2025-12-16 18:00,2025-12-16,18,Gold,67529.88,67644.82,114.94,0.1702,122.77,3716,80740,67500,12.81,13.31,0.901,INR/10g,Dhan API v2 (Client 1112620458)
2025-12-16 19:00,2025-12-16,19,Gold,67787.1,67873.92,86.82,0.1281,-28.12,12832,79565,68000,12.36,12.86,0.9302,INR/10g,Dhan API v2 (Client 1112620458)
2025-12-16 20:00,2025-12-16,20,Gold,67531.89,67465.58,-66.3,-0.0982,-153.12,13458,79580,67500,12.45,12.95,0.9202,INR/10g,Dhan API v2 (Client 1112620458)
2025-12-16 21:00,2025-12-16,21,Gold,67339.3,67399.75,60.45,0.0898,126.75,11149,79630,67500,11.96,12.46,0.9349,INR/10g,Dhan API v2 (Client 1112620458)
2025-12-16 22:00,2025-12-16,22,Gold,67424.05,67256.55,-167.5,-0.2484,-227.95,3979,80440,67500,12.75,13.25,0.8881,INR/10g,Dhan API v2 (Client 1112620458)
2025-12-16 23:00,2025-12-16,23,Gold,67573.77,67772.59,198.83,0.2942,366.33,12432,79594,67500,12.91,13.41,0.9138,INR/10g,Dhan API v2 (Client 1112620458)
2025-12-17 09:00,2025-12-17,9,Gold,67555.36,67569.33,13.97,0.0207,-184.86,13438,79084,67500,12.82,13.32,0.9484,INR/10g,Dhan API v2 (Client 1112620458)
2025-12-17 10:00,2025-12-17,10,Gold,67355.8,67330.67,-25.12,-0.0373,-39.09,3664,79860,67500,12.29,12.79,0.9223,INR/10g,Dhan API v2 (Client 1112620458)
2025-12-17 11:00,2025-12-17,11,Gold,67266.66,67331.19,64.54,0.0959,89.66,5182,79033,67500,12.0,12.5,0.934,INR/10g,Dhan API v2 (Client 1112620458)
2025-12-17 12:00,2025-12-17,12,Gold,67062.28,66983.24,-79.04,-0.1179,-143.58,6817,79411,67000,12.11,12.61,0.8842,INR/10g,Dhan API v2 (Client 1112620458)
2025-12-17 13:00,2025-12-17,13,Gold,67401.63,67259.86,-141.77,-0.2103,-62.73,10389,77923,67500,12.7,13.2,0.8993,INR/10g,Dhan API v2 (Client 1112620458)
2025-12-17 14:00,2025-12-17,14,Gold,67632.31,67695.07,62.76,0.0928,204.53,11234,79800,67500,12.72,13.22,0.9394,INR/10g,Dhan API v2 (Client 1112620458)
2025-12-17 15:00,2025-12-17,15,Gold,67698.01,67809.14,111.14,0.1642,48.38,1213,81805,67500,12.79,13.29,0.9469,INR/10g,Dhan API v2 (Client 1112620458)
2025-12-17 16:00,2025-12-17,16,Gold,67639.79,67684.29,44.49,0.0658,-66.65,6308,80115,67500,11.95,12.45,0.9293,INR/10g,Dhan API v2 (Client 1112620458)
2025-12-17 17:00,2025-12-17,17,Gold,67680.31,67696.97,16.66,0.0246,-27.83,1974,79467,67500,12.29,12.79,0.8793,INR/10g,Dhan API v2 (Client 1112620458)
2025-12-17 18:00,2025-12-17,18,Gold,67700.9,67757.45,56.55,0.0835,39.89,6006,79395,67500,12.43,12.93,0.8638,INR/10g,Dhan API v2 (Client 1112620458)
2025-12-17 19:00,2025-12-17,19,Gold,67651.38,67726.91,75.54,0.1117,18.99,1076,78528,67500,12.24,12.74,0.918,INR/10g,Dhan API v2 (Client 1112620458)
2025-12-17 20:00,2025-12-17,20,Gold,67630.86,67567.62,-63.24,-0.0935,-138.78,5819,79868,67500,12.9,13.4,0.9005,INR/10g,Dhan API v2 (Client 1112620458)
2025-12-17 21:00,2025-12-17,21,Gold,67678.65,67584.85,-93.81,-0.1386,-30.57,12902,79134,67500,12.46,12.96,0.9458,INR/10g,Dhan API v2 (Client 1112620458)
2025-12-17 22:00,2025-12-17,22,Gold,67651.81,67558.13,-93.68,-0.1385,0.13,12814,79857,67500,12.75,13.25,0.913,INR/10g,Dhan API v2 (Client 1112620458)
2025-12-17 23:00,2025-12-17,23,Gold,67634.16,67603.98,-30.18,-0.0446,63.5,4033,79886,67500,12.8,13.3,0.9253,INR/10g,Dhan API v2 (Client 1112620458)
2025-12-18 09:00,2025-12-18,9,Gold,67492.26,67867.59,375.33,0.5561,405.51,5149,80239,67500,12.51,13.01,0.9179,INR/10g,Dhan API v2 (Client 1112620458)
2025-12-18 10:00,2025-12-18,10,Gold,67416.76,67719.03,302.27,0.4484,-73.06,4647,79047,67500,12.16,12.66,0.9375,INR/10g,Dhan API v2 (Client 1112620458)
2025-12-18 11:00,2025-12-18,11,Gold,67642.92,68052.92,410.0,0.6061,107.73,6792,80238,67500,12.35,12.85,0.9057,INR/10g,Dhan API v2 (Client 1112620458)
2025-12-18 12:00,2025-12-18,12,Gold,67427.2,67825.26,398.06,0.5904,-11.94,6054,78838,67500,12.85,13.35,0.8962,INR/10g,Dhan API v2 (Client 1112620458)
2025-12-18 13:00,2025-12-18,13,Gold,67623.38,67922.78,299.4,0.4428,-98.66,7161,78481,67500,12.35,12.85,0.9152,INR/10g,Dhan API v2 (Client 1112620458)
2025-12-18 14:00,2025-12-18,14,Gold,67543.43,67808.31,264.88,0.3922,-34.52,5657,80791,67500,12.5,13.0,0.9078,INR/10g,Dhan API v2 (Client 1112620458)
2025-12-18 15:00,2025-12-18,15,Gold,67677.46,68150.84,473.38,0.6995,208.5,5828,79248,67500,12.44,12.94,0.9123,INR/10g,Dhan API v2 (Client 1112620458)
2025-12-18 16:00,2025-12-18,16,Gold,67771.64,68108.77,337.13,0.4975,-136.25,13588,79651,68000,12.57,13.07,0.9212,INR/10g,Dhan API v2 (Client 1112620458)
2025-12-18 17:00,2025-12-18,17,Gold,67679.4,67967.38,287.98,0.4255,-49.15,9416,79029,67500,12.93,13.43,0.9265,INR/10g,Dhan API v2 (Client 1112620458)
2025-12-18 18:00,2025-12-18,18,Gold,67684.39,67951.44,267.06,0.3946,-20.92,4303,78762,67500,12.78,13.28,0.9078,INR/10g,Dhan API v2 (Client 1112620458)
2025-12-18 19:00,2025-12-18,19,Gold,67876.24,68185.18,308.94,0.4551,41.88,3715,78630,68000,13.46,13.96,0.9132,INR/10g,Dhan API v2 (Client 1112620458)
2025-12-18 20:00,2025-12-18,20,Gold,67954.16,68362.69,408.52,0.6012,99.58,14516,78607,68000,12.32,12.82,0.9595,INR/10g,Dhan API v2 (Client 1112620458)
2025-12-18 21:00,2025-12-18,21,Gold,67888.87,68288.65,399.78,0.5889,-8.74,6640,80235,68000,12.71,13.21,0.9255,INR/10g,Dhan API v2 (Client 1112620458)
2025-12-18 22:00,2025-12-18,22,Gold,68031.43,68416.65,385.22,0.5662,-14.56,1698,82248,68000,12.59,13.09,0.9189,INR/10g,Dhan API v2 (Client 1112620458)
2025-12-18 23:00,2025-12-18,23,Gold,67871.07,68034.97,163.9,0.2415,-221.32,14717,78202,68000,12.83,13.33,0.9227,INR/10g,Dhan API v2 (Client 1112620458)
2025-12-19 09:00,2025-12-19,9,Gold,67909.01,68312.89,403.88,0.5947,239.98,8298,79199,68000,12.3,12.8,0.935,INR/10g,Dhan API v2 (Client 1112620458)
2025-12-19 10:00,2025-12-19,10,Gold,67695.42,68068.0,372.59,0.5504,-31.29,5769,80202,67500,12.73,13.23,0.9129,INR/10g,Dhan API v2 (Client 1112620458)
2025-12-19 11:00,2025-12-19,11,Gold,67706.12,67816.38,110.27,0.1629,-262.32,3314,81043,67500,12.84,13.34,0.8943,INR/10g,Dhan API v2 (Client 1112620458)
2025-12-19 12:00,2025-12-19,12,Gold,67600.03,67999.56,399.52,0.591,289.25,9537,80040,67500,12.95,13.45,0.9105,INR/10g,Dhan API v2 (Client 1112620458)
2025-12-19 13:00,2025-12-19,13,Gold,67474.42,67759.04,284.62,0.4218,-114.9,8004,79908,67500,12.07,12.57,0.9144,INR/10g,Dhan API v2 (Client 1112620458)
2025-12-19 14:00,2025-12-19,14,Gold,67358.3,67673.41,315.11,0.4678,30.49,7769,79632,67500,12.23,12.73,0.8944,INR/10g,Dhan API v2 (Client 1112620458)
2025-12-19 15:00,2025-12-19,15,Gold,67427.69,67833.14,405.45,0.6013,90.34,13421,80297,67500,11.86,12.36,0.9327,INR/10g,Dhan API v2 (Client 1112620458)
2025-12-19 16:00,2025-12-19,16,Gold,67697.56,68021.71,324.14,0.4788,-81.31,3132,79588,67500,12.45,12.95,0.9302,INR/10g,Dhan API v2 (Client 1112620458)
2025-12-19 17:00,2025-12-19,17,Gold,67701.55,68027.42,325.87,0.4813,1.73,9593,79985,67500,12.92,13.42,0.9091,INR/10g,Dhan API v2 (Client 1112620458)
2025-12-19 18:00,2025-12-19,18,Gold,67771.0,67972.92,201.92,0.2979,-123.95,10738,80174,68000,12.7,13.2,0.8994,INR/10g,Dhan API v2 (Client 1112620458)
2025-12-19 19:00,2025-12-19,19,Gold,67711.13,68082.48,371.34,0.5484,169.42,4279,79366,67500,12.65,13.15,0.9135,INR/10g,Dhan API v2 (Client 1112620458)
2025-12-19 20:00,2025-12-19,20,Gold,67733.88,68122.41,388.54,0.5736,17.2,10609,79344,67500,12.79,13.29,0.8919,INR/10g,Dhan API v2 (Client 1112620458)
2025-12-19 21:00,2025-12-19,21,Gold,67894.83,68111.33,216.5,0.3189,-172.04,7510,78682,68000,12.48,12.98,0.9289,INR/10g,Dhan API v2 (Client 1112620458)
2025-12-19 22:00,2025-12-19,22,Gold,67695.56,68019.36,323.8,0.4783,107.3,11713,77420,67500,12.61,13.11,0.8854,INR/10g,Dhan API v2 (Client 1112620458)
2025-12-19 23:00,2025-12-19,23,Gold,67683.49,67997.79,314.3,0.4644,-9.5,6303,78803,67500,12.5,13.0,0.9139,INR/10g,Dhan API v2 (Client 1112620458)
2025-12-22 09:00,2025-12-22,9,Gold,67842.5,68038.73,196.23,0.2892,-118.07,3151,79072,68000,12.62,13.12,0.8957,INR/10g,Dhan API v2 (Client 1112620458)
2025-12-22 10:00,2025-12-22,10,Gold,67657.62,68103.16,445.54,0.6585,249.31,9677,80992,67500,12.54,13.04,0.9214,INR/10g,Dhan API v2 (Client 1112620458)
2025-12-22 11:00,2025-12-22,11,Gold,67532.26,67680.04,147.77,0.2188,-297.77,2395,78677,67500,12.79,13.29,0.903,INR/10g,Dhan API v2 (Client 1112620458)
2025-12-22 12:00,2025-12-22,12,Gold,67515.45,67941.4,425.95,0.6309,278.18,11481,78515,67500,12.23,12.73,0.8933,INR/10g,Dhan API v2 (Client 1112620458)
2025-12-22 13:00,2025-12-22,13,Gold,67522.33,67942.32,419.99,0.622,-5.96,11893,78635,67500,12.42,12.92,0.9017,INR/10g,Dhan API v2 (Client 1112620458)
2025-12-22 14:00,2025-12-22,14,Gold,67616.45,67875.59,259.15,0.3833,-160.84,10525,78878,67500,12.88,13.38,0.9304,INR/10g,Dhan API v2 (Client 1112620458)
2025-12-22 15:00,2025-12-22,15,Gold,67464.06,67773.97,309.91,0.4594,50.76,896,78706,67500,12.97,13.47,0.8856,INR/10g,Dhan API v2 (Client 1112620458)
2025-12-22 16:00,2025-12-22,16,Gold,67247.62,67678.08,430.45,0.6401,120.54,5447,80656,67000,12.55,13.05,0.9186,INR/10g,Dhan API v2 (Client 1112620458)
2025-12-22 17:00,2025-12-22,17,Gold,67055.23,67342.34,287.11,0.4282,-143.34,7522,76926,67000,12.37,12.87,0.9133,INR/10g,Dhan API v2 (Client 1112620458)
2025-12-22 18:00,2025-12-22,18,Gold,66923.1,67279.46,356.35,0.5325,69.24,7799,80265,67000,13.38,13.88,0.9221,INR/10g,Dhan API v2 (Client 1112620458)
2025-12-22 19:00,2025-12-22,19,Gold,66952.15,67344.44,392.28,0.5859,35.93,10968,78975,67000,13.01,13.51,0.9044,INR/10g,Dhan API v2 (Client 1112620458)
2025-12-22 20:00,2025-12-22,20,Gold,66918.48,67261.77,343.29,0.513,-48.99,9393,80374,67000,13.3,13.8,0.8869,INR/10g,Dhan API v2 (Client 1112620458)
2025-12-22 21:00,2025-12-22,21,Gold,66851.3,67120.34,269.03,0.4024,-74.26,8939,80714,67000,12.23,12.73,0.9296,INR/10g,Dhan API v2 (Client 1112620458)
2025-12-22 22:00,2025-12-22,22,Gold,66937.31,67212.68,275.36,0.4114,6.33,2805,79302,67000,12.57,13.07,0.9085,INR/10g,Dhan API v2 (Client 1112620458)
2025-12-22 23:00,2025-12-22,23,Gold,67045.13,67223.69,178.56,0.2663,-96.8,11015,80069,67000,13.21,13.71,0.9438,INR/10g,Dhan API v2 (Client 1112620458)
2025-12-23 09:00,2025-12-23,9,Gold,67294.89,67628.66,333.77,0.496,155.21,1172,79399,67500,13.35,13.85,0.9135,INR/10g,Dhan API v2 (Client 1112620458)
2025-12-23 10:00,2025-12-23,10,Gold,67229.6,67563.19,333.59,0.4962,-0.18,13229,79549,67000,12.74,13.24,0.9221,INR/10g,Dhan API v2 (Client 1112620458)
2025-12-23 11:00,2025-12-23,11,Gold,67036.42,67360.27,323.85,0.4831,-9.74,2733,80038,67000,12.4,12.9,0.8891,INR/10g,Dhan API v2 (Client 1112620458)
2025-12-23 12:00,2025-12-23,12,Gold,66748.38,67187.09,438.71,0.6573,114.86,11376,78406,66500,12.38,12.88,0.9465,INR/10g,Dhan API v2 (Client 1112620458)
2025-12-23 13:00,2025-12-23,13,Gold,66464.59,66885.77,421.18,0.6337,-17.53,14698,79803,66500,12.51,13.01,0.923,INR/10g,Dhan API v2 (Client 1112620458)
2025-12-23 14:00,2025-12-23,14,Gold,66634.28,66903.6,269.32,0.4042,-151.86,2294,79567,66500,12.36,12.86,0.9351,INR/10g,Dhan API v2 (Client 1112620458)
2025-12-23 15:00,2025-12-23,15,Gold,66438.78,66857.04,418.26,0.6295,148.94,1906,79052,66500,12.64,13.14,0.9152,INR/10g,Dhan API v2 (Client 1112620458)
2025-12-23 16:00,2025-12-23,16,Gold,66669.16,67043.69,374.54,0.5618,-43.72,4908,79660,66500,12.62,13.12,0.9655,INR/10g,Dhan API v2 (Client 1112620458)
2025-12-23 17:00,2025-12-23,17,Gold,66543.56,66985.12,441.56,0.6636,67.02,1820,78974,66500,12.42,12.92,0.9126,INR/10g,Dhan API v2 (Client 1112620458)
2025-12-23 18:00,2025-12-23,18,Gold,66641.95,66946.66,304.72,0.4572,-136.84,3124,81424,66500,12.54,13.04,0.9393,INR/10g,Dhan API v2 (Client 1112620458)
2025-12-23 19:00,2025-12-23,19,Gold,66482.24,66857.29,375.04,0.5641,70.32,8602,78553,66500,12.21,12.71,0.9408,INR/10g,Dhan API v2 (Client 1112620458)
2025-12-23 20:00,2025-12-23,20,Gold,66320.48,66520.04,199.56,0.3009,-175.48,6087,78144,66500,12.65,13.15,0.9369,INR/10g,Dhan API v2 (Client 1112620458)
2025-12-23 21:00,2025-12-23,21,Gold,66291.05,66581.33,290.28,0.4379,90.72,8110,78933,66500,12.41,12.91,0.9246,INR/10g,Dhan API v2 (Client 1112620458)
2025-12-23 22:00,2025-12-23,22,Gold,66108.25,66405.0,296.76,0.4489,6.48,10811,80803,66000,12.74,13.24,0.9148,INR/10g,Dhan API v2 (Client 1112620458)
2025-12-23 23:00,2025-12-23,23,Gold,65981.97,66182.01,200.05,0.3032,-96.71,1036,80604,66000,12.47,12.97,0.9103,INR/10g,Dhan API v2 (Client 1112620458)
2025-12-24 09:00,2025-12-24,9,Gold,66107.1,66545.54,438.44,0.6632,238.39,9230,78235,66000,12.8,13.3,0.9631,INR/10g,Dhan API v2 (Client 1112620458)
2025-12-24 10:00,2025-12-24,10,Gold,66115.89,66363.09,247.2,0.3739,-191.24,2104,78272,66000,12.24,12.74,0.9126,INR/10g,Dhan API v2 (Client 1112620458)
2025-12-24 11:00,2025-12-24,11,Gold,66200.66,66581.87,381.22,0.5758,134.02,14376,79363,66000,12.54,13.04,0.9354,INR/10g,Dhan API v2 (Client 1112620458)
2025-12-24 12:00,2025-12-24,12,Gold,66309.5,66682.31,372.82,0.5622,-8.4,4898,79898,66500,12.18,12.68,0.9352,INR/10g,Dhan API v2 (Client 1112620458)
2025-12-24 13:00,2025-12-24,13,Gold,66363.52,66689.64,326.12,0.4914,-46.7,3374,79123,66500,12.7,13.2,0.9318,INR/10g,Dhan API v2 (Client 1112620458)
2025-12-24 14:00,2025-12-24,14,Gold,66430.5,66742.18,311.69,0.4692,-14.43,3044,79578,66500,12.49,12.99,0.9322,INR/10g,Dhan API v2 (Client 1112620458)
2025-12-24 15:00,2025-12-24,15,Gold,66108.21,66300.03,191.82,0.2902,-119.87,924,79884,66000,12.6,13.1,0.9045,INR/10g,Dhan API v2 (Client 1112620458)
2025-12-24 16:00,2025-12-24,16,Gold,66115.28,66436.68,321.4,0.4861,129.58,9391,79435,66000,12.72,13.22,0.9562,INR/10g,Dhan API v2 (Client 1112620458)
2025-12-24 17:00,2025-12-24,17,Gold,66100.82,66179.56,78.74,0.1191,-242.66,2747,79480,66000,12.82,13.32,0.9496,INR/10g,Dhan API v2 (Client 1112620458)
2025-12-24 18:00,2025-12-24,18,Gold,65804.29,65912.55,108.26,0.1645,29.52,4827,81896,66000,12.92,13.42,0.9415,INR/10g,Dhan API v2 (Client 1112620458)
2025-12-24 19:00,2025-12-24,19,Gold,65845.32,66129.8,284.48,0.432,176.22,6075,79907,66000,12.68,13.18,0.9203,INR/10g,Dhan API v2 (Client 1112620458)
2025-12-24 20:00,2025-12-24,20,Gold,65868.75,66160.41,291.65,0.4428,7.17,6447,79924,66000,12.53,13.03,0.9563,INR/10g,Dhan API v2 (Client 1112620458)
2025-12-24 21:00,2025-12-24,21,Gold,65925.13,66427.56,502.43,0.7621,210.78,2519,78462,66000,12.46,12.96,0.9126,INR/10g,Dhan API v2 (Client 1112620458)
2025-12-24 22:00,2025-12-24,22,Gold,65974.74,66252.91,278.17,0.4216,-224.26,11455,81219,66000,12.79,13.29,0.9261,INR/10g,Dhan API v2 (Client 1112620458)
2025-12-24 23:00,2025-12-24,23,Gold,66191.93,66484.88,292.95,0.4426,14.78,2258,79312,66000,13.1,13.6,0.8963,INR/10g,Dhan API v2 (Client 1112620458)
2025-12-25 09:00,2025-12-25,9,Gold,66183.41,66404.9,221.49,0.3347,-71.46,5623,78841,66000,12.55,13.05,0.8903,INR/10g,Dhan API v2 (Client 1112620458)
2025-12-25 10:00,2025-12-25,10,Gold,66204.38,66457.46,253.08,0.3823,31.59,9882,79662,66000,12.99,13.49,0.9016,INR/10g,Dhan API v2 (Client 1112620458)
2025-12-25 11:00,2025-12-25,11,Gold,66263.56,66420.14,156.58,0.2363,-96.5,969,78711,66500,12.43,12.93,0.8995,INR/10g,Dhan API v2 (Client 1112620458)
2025-12-25 12:00,2025-12-25,12,Gold,66465.25,66975.52,510.27,0.7677,353.69,9616,79257,66500,12.64,13.14,0.9384,INR/10g,Dhan API v2 (Client 1112620458)
2025-12-25 13:00,2025-12-25,13,Gold,66508.92,66840.71,331.79,0.4989,-178.48,8060,80590,66500,12.1,12.6,0.9213,INR/10g,Dhan API v2 (Client 1112620458)
2025-12-25 14:00,2025-12-25,14,Gold,66334.24,66568.23,233.99,0.3528,-97.8,12628,78902,66500,13.0,13.5,0.9015,INR/10g,Dhan API v2 (Client 1112620458)
2025-12-25 15:00,2025-12-25,15,Gold,66660.12,66912.73,252.61,0.379,18.62,2581,79713,66500,12.06,12.56,0.9261,INR/10g,Dhan API v2 (Client 1112620458)
2025-12-25 16:00,2025-12-25,16,Gold,66520.87,66898.06,377.19,0.567,124.58,3389,80269,66500,12.8,13.3,0.941,INR/10g,Dhan API v2 (Client 1112620458)
2025-12-25 17:00,2025-12-25,17,Gold,66511.68,66693.67,181.99,0.2736,-195.2,14433,79684,66500,12.81,13.31,0.9388,INR/10g,Dhan API v2 (Client 1112620458)
2025-12-25 18:00,2025-12-25,18,Gold,66635.74,66933.9,298.16,0.4475,116.17,4228,79974,66500,13.21,13.71,0.9523,INR/10g,Dhan API v2 (Client 1112620458)
2025-12-25 19:00,2025-12-25,19,Gold,66539.82,66818.79,278.97,0.4193,-19.19,12410,78532,66500,12.32,12.82,0.8655,INR/10g,Dhan API v2 (Client 1112620458)
2025-12-25 20:00,2025-12-25,20,Gold,66539.39,66915.71,376.32,0.5656,97.35,9099,78471,66500,12.49,12.99,0.8789,INR/10g,Dhan API v2 (Client 1112620458)
2025-12-25 21:00,2025-12-25,21,Gold,66554.83,67032.51,477.68,0.7177,101.36,2502,79013,66500,12.17,12.67,0.9027,INR/10g,Dhan API v2 (Client 1112620458)
2025-12-25 22:00,2025-12-25,22,Gold,66298.78,66681.76,382.98,0.5777,-94.7,13285,80262,66500,11.97,12.47,0.9174,INR/10g,Dhan API v2 (Client 1112620458)
2025-12-25 23:00,2025-12-25,23,Gold,65964.19,66178.27,214.09,0.3246,-168.89,13615,77758,66000,13.24,13.74,0.9538,INR/10g,Dhan API v2 (Client 1112620458)
2025-12-26 09:00,2025-12-26,9,Gold,66030.74,66405.12,374.38,0.567,160.29,11667,81029,66000,12.63,13.13,0.8795,INR/10g,Dhan API v2 (Client 1112620458)
2025-12-26 10:00,2025-12-26,10,Gold,66130.3,66345.09,214.79,0.3248,-159.59,13716,79594,66000,12.38,12.88,0.9401,INR/10g,Dhan API v2 (Client 1112620458)
2025-12-26 11:00,2025-12-26,11,Gold,66162.13,66453.06,290.94,0.4397,76.15,6868,79384,66000,12.57,13.07,0.9308,INR/10g,Dhan API v2 (Client 1112620458)
2025-12-26 12:00,2025-12-26,12,Gold,66159.95,66604.38,444.43,0.6717,153.49,9433,78349,66000,12.82,13.32,0.9117,INR/10g,Dhan API v2 (Client 1112620458)
2025-12-26 13:00,2025-12-26,13,Gold,66529.91,66973.94,444.03,0.6674,-0.4,8350,79081,66500,12.96,13.46,0.9333,INR/10g,Dhan API v2 (Client 1112620458)
2025-12-26 14:00,2025-12-26,14,Gold,66417.5,66613.98,196.48,0.2958,-247.55,8719,79951,66500,12.53,13.03,0.9016,INR/10g,Dhan API v2 (Client 1112620458)
2025-12-26 15:00,2025-12-26,15,Gold,66327.89,66538.08,210.19,0.3169,13.71,12542,78033,66500,12.33,12.83,0.8952,INR/10g,Dhan API v2 (Client 1112620458)
2025-12-26 16:00,2025-12-26,16,Gold,66577.37,66778.7,201.33,0.3024,-8.86,1768,80784,66500,12.37,12.87,0.9237,INR/10g,Dhan API v2 (Client 1112620458)
2025-12-26 17:00,2025-12-26,17,Gold,66819.15,67097.24,278.09,0.4162,76.76,1720,78690,67000,12.69,13.19,0.9615,INR/10g,Dhan API v2 (Client 1112620458)
2025-12-26 18:00,2025-12-26,18,Gold,66947.37,67218.62,271.25,0.4052,-6.84,11102,79986,67000,12.6,13.1,0.9162,INR/10g,Dhan API v2 (Client 1112620458)
2025-12-26 19:00,2025-12-26,19,Gold,66736.6,67139.2,402.6,0.6033,131.35,13520,80555,66500,12.02,12.52,0.8841,INR/10g,Dhan API v2 (Client 1112620458)
2025-12-26 20:00,2025-12-26,20,Gold,66594.95,66937.0,342.05,0.5136,-60.55,11394,79823,66500,12.41,12.91,0.9117,INR/10g,Dhan API v2 (Client 1112620458)
2025-12-26 21:00,2025-12-26,21,Gold,66725.82,67047.03,321.22,0.4814,-20.83,4988,80019,66500,12.79,13.29,0.9114,INR/10g,Dhan API v2 (Client 1112620458)
2025-12-26 22:00,2025-12-26,22,Gold,66613.64,66933.44,319.81,0.4801,-1.41,1398,80526,66500,12.26,12.76,0.8765,INR/10g,Dhan API v2 (Client 1112620458)
2025-12-26 23:00,2025-12-26,23,Gold,66604.45,66868.87,264.42,0.397,-55.39,1412,79563,66500,12.55,13.05,0.9212,INR/10g,Dhan API v2 (Client 1112620458)
2025-12-29 09:00,2025-12-29,9,Gold,66880.94,67118.29,237.36,0.3549,-27.06,9172,79238,67000,12.6,13.1,0.909,INR/10g,Dhan API v2 (Client 1112620458)
2025-12-29 10:00,2025-12-29,10,Gold,66988.84,67153.96,165.12,0.2465,-72.24,5556,79022,67000,12.56,13.06,0.9078,INR/10g,Dhan API v2 (Client 1112620458)
2025-12-29 11:00,2025-12-29,11,Gold,66834.97,67031.12,196.15,0.2935,31.03,7481,81664,67000,12.68,13.18,0.9511,INR/10g,Dhan API v2 (Client 1112620458)
2025-12-29 12:00,2025-12-29,12,Gold,67042.81,67522.75,479.93,0.7159,283.78,11274,79792,67000,12.62,13.12,0.9245,INR/10g,Dhan API v2 (Client 1112620458)
2025-12-29 13:00,2025-12-29,13,Gold,67193.83,67488.29,294.46,0.4382,-185.47,10774,79754,67000,13.19,13.69,0.9502,INR/10g,Dhan API v2 (Client 1112620458)
2025-12-29 14:00,2025-12-29,14,Gold,67214.85,67534.11,319.27,0.475,24.81,5952,79794,67000,12.71,13.21,0.8907,INR/10g,Dhan API v2 (Client 1112620458)
2025-12-29 15:00,2025-12-29,15,Gold,66968.77,67311.52,342.74,0.5118,23.47,12081,79851,67000,12.71,13.21,0.9457,INR/10g,Dhan API v2 (Client 1112620458)
2025-12-29 16:00,2025-12-29,16,Gold,66841.54,67236.48,394.94,0.5909,52.2,6575,79978,67000,12.68,13.18,0.8955,INR/10g,Dhan API v2 (Client 1112620458)
2025-12-29 17:00,2025-12-29,17,Gold,66850.09,67158.26,308.18,0.461,-86.76,14776,79675,67000,12.63,13.13,0.9178,INR/10g,Dhan API v2 (Client 1112620458)
2025-12-29 18:00,2025-12-29,18,Gold,66666.46,67001.5,335.04,0.5026,26.86,10461,80064,66500,12.3,12.8,0.9119,INR/10g,Dhan API v2 (Client 1112620458)
2025-12-29 19:00,2025-12-29,19,Gold,66468.86,66734.09,265.23,0.399,-69.81,1839,80121,66500,12.37,12.87,0.9086,INR/10g,Dhan API v2 (Client 1112620458)
2025-12-29 20:00,2025-12-29,20,Gold,66512.27,66776.4,264.13,0.3971,-1.1,5350,78297,66500,12.4,12.9,0.8858,INR/10g,Dhan API v2 (Client 1112620458)
2025-12-29 21:00,2025-12-29,21,Gold,66647.02,66989.09,342.07,0.5132,77.94,6960,79848,66500,12.46,12.96,0.9301,INR/10g,Dhan API v2 (Client 1112620458)
2025-12-29 22:00,2025-12-29,22,Gold,66510.77,66732.42,221.65,0.3332,-120.42,14577,79647,66500,12.97,13.47,0.9385,INR/10g,Dhan API v2 (Client 1112620458)
2025-12-29 23:00,2025-12-29,23,Gold,66482.63,66821.21,338.58,0.5093,116.93,2216,79528,66500,12.75,13.25,0.9185,INR/10g,Dhan API v2 (Client 1112620458)
2025-12-30 09:00,2025-12-30,9,Gold,66375.16,66677.27,302.11,0.4552,-36.47,6276,79044,66500,12.46,12.96,0.9039,INR/10g,Dhan API v2 (Client 1112620458)
2025-12-30 10:00,2025-12-30,10,Gold,66556.9,66758.97,202.07,0.3036,-100.04,2794,80152,66500,12.82,13.32,0.9143,INR/10g,Dhan API v2 (Client 1112620458)
2025-12-30 11:00,2025-12-30,11,Gold,66651.76,66857.74,205.99,0.309,3.92,9012,78973,66500,12.96,13.46,0.9182,INR/10g,Dhan API v2 (Client 1112620458)
2025-12-30 12:00,2025-12-30,12,Gold,66940.14,67338.31,398.17,0.5948,192.18,12729,79147,67000,12.53,13.03,0.9125,INR/10g,Dhan API v2 (Client 1112620458)
2025-12-30 13:00,2025-12-30,13,Gold,66805.71,67048.3,242.59,0.3631,-155.58,14800,80655,67000,12.33,12.83,0.8921,INR/10g,Dhan API v2 (Client 1112620458)
2025-12-30 14:00,2025-12-30,14,Gold,67022.34,67321.93,299.59,0.447,57.0,6305,78014,67000,12.44,12.94,0.9346,INR/10g,Dhan API v2 (Client 1112620458)
2025-12-30 15:00,2025-12-30,15,Gold,66903.66,67235.01,331.36,0.4953,31.77,14465,81152,67000,12.58,13.08,0.9441,INR/10g,Dhan API v2 (Client 1112620458)
2025-12-30 16:00,2025-12-30,16,Gold,67063.0,67358.21,295.21,0.4402,-36.15,5014,78643,67000,12.8,13.3,0.9149,INR/10g,Dhan API v2 (Client 1112620458)
2025-12-30 17:00,2025-12-30,17,Gold,66978.33,67246.21,267.88,0.4,-27.33,813,80379,67000,12.29,12.79,0.9058,INR/10g,Dhan API v2 (Client 1112620458)
2025-12-30 18:00,2025-12-30,18,Gold,66843.45,67070.85,227.4,0.3402,-40.48,12995,79221,67000,12.4,12.9,0.9081,INR/10g,Dhan API v2 (Client 1112620458)
2025-12-30 19:00,2025-12-30,19,Gold,67003.12,67328.97,325.85,0.4863,98.45,11102,79941,67000,12.85,13.35,0.9243,INR/10g,Dhan API v2 (Client 1112620458)
2025-12-30 20:00,2025-12-30,20,Gold,67197.28,67542.39,345.12,0.5136,19.27,1139,78901,67000,12.44,12.94,0.912,INR/10g,Dhan API v2 (Client 1112620458)
2025-12-30 21:00,2025-12-30,21,Gold,67134.08,67436.06,301.98,0.4498,-43.14,2490,78398,67000,12.31,12.81,0.9556,INR/10g,Dhan API v2 (Client 1112620458)
2025-12-30 22:00,2025-12-30,22,Gold,67125.93,67203.55,77.62,0.1156,-224.36,11942,80913,67000,12.72,13.22,0.9274,INR/10g,Dhan API v2 (Client 1112620458)
2025-12-30 23:00,2025-12-30,23,Gold,66951.94,67210.37,258.43,0.386,180.81,3884,80512,67000,12.4,12.9,0.9282,INR/10g,Dhan API v2 (Client 1112620458)
2025-12-31 09:00,2025-12-31,9,Gold,66833.33,67127.83,294.5,0.4407,36.07,6645,78968,67000,12.63,13.13,0.9146,INR/10g,Dhan API v2 (Client 1112620458)
2025-12-31 10:00,2025-12-31,10,Gold,66878.91,67159.5,280.6,0.4196,-13.9,14699,79097,67000,12.96,13.46,0.8786,INR/10g,Dhan API v2 (Client 1112620458)
2025-12-31 11:00,2025-12-31,11,Gold,67302.6,67671.93,369.33,0.5488,88.73,640,80635,67500,12.96,13.46,0.8987,INR/10g,Dhan API v2 (Client 1112620458)
2025-12-31 12:00,2025-12-31,12,Gold,67082.39,67358.07,275.68,0.411,-93.65,6367,79291,67000,12.5,13.0,0.9459,INR/10g,Dhan API v2 (Client 1112620458)
2025-12-31 13:00,2025-12-31,13,Gold,67258.29,67262.57,4.28,0.0064,-271.4,6647,79849,67500,12.25,12.75,0.9218,INR/10g,Dhan API v2 (Client 1112620458)
2025-12-31 14:00,2025-12-31,14,Gold,67286.75,67551.7,264.94,0.3938,260.66,6586,79825,67500,12.95,13.45,0.9511,INR/10g,Dhan API v2 (Client 1112620458)
2025-12-31 15:00,2025-12-31,15,Gold,66962.42,67239.1,276.68,0.4132,11.74,4395,81132,67000,12.82,13.32,0.9519,INR/10g,Dhan API v2 (Client 1112620458)
2025-12-31 16:00,2025-12-31,16,Gold,67070.29,67297.3,227.01,0.3385,-49.67,2172,78670,67000,11.91,12.41,0.929,INR/10g,Dhan API v2 (Client 1112620458)
2025-12-31 17:00,2025-12-31,17,Gold,66992.44,67160.31,167.87,0.2506,-59.14,2302,79594,67000,12.18,12.68,0.9183,INR/10g,Dhan API v2 (Client 1112620458)
2025-12-31 18:00,2025-12-31,18,Gold,66928.04,67405.99,477.96,0.7141,310.09,2232,78278,67000,12.57,13.07,0.9007,INR/10g,Dhan API v2 (Client 1112620458)
2025-12-31 19:00,2025-12-31,19,Gold,67157.42,67608.29,450.87,0.6714,-27.09,13306,79795,67000,12.45,12.95,0.9311,INR/10g,Dhan API v2 (Client 1112620458)
2025-12-31 20:00,2025-12-31,20,Gold,67188.39,67400.52,212.14,0.3157,-238.73,4410,79576,67000,12.63,13.13,0.9546,INR/10g,Dhan API v2 (Client 1112620458)
2025-12-31 21:00,2025-12-31,21,Gold,67269.15,67425.27,156.12,0.2321,-56.02,13195,80035,67500,13.23,13.73,0.8999,INR/10g,Dhan API v2 (Client 1112620458)
2025-12-31 22:00,2025-12-31,22,Gold,67216.99,67358.05,141.06,0.2099,-15.06,10139,78853,67000,12.49,12.99,0.9359,INR/10g,Dhan API v2 (Client 1112620458)
2025-12-31 23:00,2025-12-31,23,Gold,66968.43,67296.32,327.89,0.4896,186.83,7183,80468,67000,12.93,13.43,0.9085,INR/10g,Dhan API v2 (Client 1112620458)
2026-01-01 09:00,2026-01-01,9,Gold,66921.71,67074.39,152.68,0.2281,-175.21,6112,78407,67000,12.48,12.98,0.9129,INR/10g,Dhan API v2 (Client 1112620458)
2026-01-01 10:00,2026-01-01,10,Gold,67047.37,67264.79,217.42,0.3243,64.74,11200,80371,67000,13.1,13.6,0.931,INR/10g,Dhan API v2 (Client 1112620458)
2026-01-01 11:00,2026-01-01,11,Gold,67163.63,67398.51,234.87,0.3497,17.45,8340,80722,67000,12.37,12.87,0.8736,INR/10g,Dhan API v2 (Client 1112620458)
2026-01-01 12:00,2026-01-01,12,Gold,67347.74,67589.62,241.88,0.3592,7.01,7973,80802,67500,12.68,13.18,0.9005,INR/10g,Dhan API v2 (Client 1112620458)
2026-01-01 13:00,2026-01-01,13,Gold,67699.34,67882.06,182.73,0.2699,-59.15,6377,79991,67500,11.99,12.49,0.9162,INR/10g,Dhan API v2 (Client 1112620458)
2026-01-01 14:00,2026-01-01,14,Gold,67888.7,68282.58,393.87,0.5802,211.14,9404,78530,68000,12.82,13.32,0.9062,INR/10g,Dhan API v2 (Client 1112620458)
2026-01-01 15:00,2026-01-01,15,Gold,67919.0,68335.1,416.1,0.6126,22.23,10955,79902,68000,12.53,13.03,0.9599,INR/10g,Dhan API v2 (Client 1112620458)
2026-01-01 16:00,2026-01-01,16,Gold,68124.43,68416.81,292.38,0.4292,-123.72,14502,81131,68000,12.69,13.19,0.9381,INR/10g,Dhan API v2 (Client 1112620458)
2026-01-01 17:00,2026-01-01,17,Gold,67963.24,68307.0,343.76,0.5058,51.38,8662,80123,68000,12.78,13.28,0.9125,INR/10g,Dhan API v2 (Client 1112620458)
2026-01-01 18:00,2026-01-01,18,Gold,67869.79,68063.03,193.25,0.2847,-150.51,774,81498,68000,12.4,12.9,0.9182,INR/10g,Dhan API v2 (Client 1112620458)
2026-01-01 19:00,2026-01-01,19,Gold,67705.5,67986.54,281.04,0.4151,87.79,4123,79715,67500,12.42,12.92,0.9111,INR/10g,Dhan API v2 (Client 1112620458)
2026-01-01 20:00,2026-01-01,20,Gold,67722.95,67958.78,235.83,0.3482,-45.21,12122,80247,67500,12.06,12.56,0.9288,INR/10g,Dhan API v2 (Client 1112620458)
2026-01-01 21:00,2026-01-01,21,Gold,67625.21,67831.78,206.56,0.3055,-29.27,4164,79390,67500,12.9,13.4,0.8889,INR/10g,Dhan API v2 (Client 1112620458)
2026-01-01 22:00,2026-01-01,22,Gold,67594.15,67925.33,331.18,0.49,124.62,1101,78726,67500,12.52,13.02,0.9038,INR/10g,Dhan API v2 (Client 1112620458)
2026-01-01 23:00,2026-01-01,23,Gold,67635.31,67974.91,339.6,0.5021,8.42,13771,79906,67500,12.67,13.17,0.9446,INR/10g,Dhan API v2 (Client 1112620458)
2026-01-02 09:00,2026-01-02,9,Gold,67779.22,68047.63,268.41,0.396,-71.19,8786,78903,68000,12.01,12.51,0.9143,INR/10g,Dhan API v2 (Client 1112620458)
2026-01-02 10:00,2026-01-02,10,Gold,67946.24,68115.4,169.16,0.249,-99.25,12870,79251,68000,11.99,12.49,0.9027,INR/10g,Dhan API v2 (Client 1112620458)
2026-01-02 11:00,2026-01-02,11,Gold,68284.0,68526.44,242.44,0.355,73.28,5504,80393,68500,12.92,13.42,0.8938,INR/10g,Dhan API v2 (Client 1112620458)
2026-01-02 12:00,2026-01-02,12,Gold,68357.59,68535.93,178.34,0.2609,-64.1,9528,79488,68500,13.16,13.66,0.9055,INR/10g,Dhan API v2 (Client 1112620458)
2026-01-02 13:00,2026-01-02,13,Gold,68581.46,68937.46,356.0,0.5191,177.66,14095,80436,68500,12.29,12.79,0.9263,INR/10g,Dhan API v2 (Client 1112620458)
2026-01-02 14:00,2026-01-02,14,Gold,68409.57,68796.77,387.2,0.566,31.2,11223,80628,68500,12.46,12.96,0.9253,INR/10g,Dhan API v2 (Client 1112620458)
2026-01-02 15:00,2026-01-02,15,Gold,68340.89,68466.72,125.84,0.1841,-261.36,10851,78538,68500,12.82,13.32,0.927,INR/10g,Dhan API v2 (Client 1112620458)
2026-01-02 16:00,2026-01-02,16,Gold,68162.3,68411.33,249.03,0.3653,123.19,14527,78744,68000,12.65,13.15,0.9263,INR/10g,Dhan API v2 (Client 1112620458)
2026-01-02 17:00,2026-01-02,17,Gold,68088.46,68336.68,248.22,0.3646,-0.81,6691,80766,68000,12.04,12.54,0.9446,INR/10g,Dhan API v2 (Client 1112620458)
2026-01-02 18:00,2026-01-02,18,Gold,67823.1,68191.59,368.49,0.5433,120.27,7879,80148,68000,12.96,13.46,0.9462,INR/10g,Dhan API v2 (Client 1112620458)
2026-01-02 19:00,2026-01-02,19,Gold,67786.5,68136.14,349.65,0.5158,-18.84,4828,77620,68000,12.26,12.76,0.8871,INR/10g,Dhan API v2 (Client 1112620458)
2026-01-02 20:00,2026-01-02,20,Gold,67806.82,67956.5,149.68,0.2208,-199.97,3550,79805,68000,12.67,13.17,0.891,INR/10g,Dhan API v2 (Client 1112620458)
2026-01-02 21:00,2026-01-02,21,Gold,67729.9,67948.0,218.1,0.322,68.42,12466,79090,67500,12.15,12.65,0.9107,INR/10g,Dhan API v2 (Client 1112620458)
2026-01-02 22:00,2026-01-02,22,Gold,67665.8,67732.45,66.65,0.0985,-151.45,11439,82149,67500,12.63,13.13,0.9105,INR/10g,Dhan API v2 (Client 1112620458)
2026-01-02 23:00,2026-01-02,23,Gold,67689.45,67940.78,251.32,0.3713,184.67,2348,79715,67500,12.67,13.17,0.9558,INR/10g,Dhan API v2 (Client 1112620458)
2026-01-05 09:00,2026-01-05,9,Gold,67651.6,67886.62,235.02,0.3474,-16.3,12300,78802,67500,12.85,13.35,0.921,INR/10g,Dhan API v2 (Client 1112620458)
2026-01-05 10:00,2026-01-05,10,Gold,67368.85,67685.27,316.42,0.4697,81.4,2345,80057,67500,12.92,13.42,0.9507,INR/10g,Dhan API v2 (Client 1112620458)
2026-01-05 11:00,2026-01-05,11,Gold,67327.05,67468.15,141.09,0.2096,-175.33,14332,81069,67500,12.7,13.2,0.9623,INR/10g,Dhan API v2 (Client 1112620458)
2026-01-05 12:00,2026-01-05,12,Gold,67312.92,67585.04,272.12,0.4043,131.03,7613,80375,67500,12.11,12.61,0.93,INR/10g,Dhan API v2 (Client 1112620458)
2026-01-05 13:00,2026-01-05,13,Gold,67618.26,67785.4,167.14,0.2472,-104.98,7196,78644,67500,12.65,13.15,0.9235,INR/10g,Dhan API v2 (Client 1112620458)
2026-01-05 14:00,2026-01-05,14,Gold,67654.41,67956.05,301.64,0.4458,134.5,6995,79557,67500,12.63,13.13,0.8985,INR/10g,Dhan API v2 (Client 1112620458)
2026-01-05 15:00,2026-01-05,15,Gold,67673.55,67578.41,-95.15,-0.1406,-396.79,2218,78773,67500,12.94,13.44,0.893,INR/10g,Dhan API v2 (Client 1112620458)
2026-01-05 16:00,2026-01-05,16,Gold,67936.53,68089.07,152.54,0.2245,247.69,4199,81768,68000,12.31,12.81,0.9189,INR/10g,Dhan API v2 (Client 1112620458)
2026-01-05 17:00,2026-01-05,17,Gold,67625.27,67859.37,234.1,0.3462,81.56,2403,78951,67500,12.56,13.06,0.8989,INR/10g,Dhan API v2 (Client 1112620458)
2026-01-05 18:00,2026-01-05,18,Gold,67625.85,67791.78,165.93,0.2454,-68.17,12978,79821,67500,12.41,12.91,0.903,INR/10g,Dhan API v2 (Client 1112620458)
2026-01-05 19:00,2026-01-05,19,Gold,67636.31,67665.09,28.78,0.0425,-137.15,5382,79762,67500,12.95,13.45,0.9408,INR/10g,Dhan API v2 (Client 1112620458)
2026-01-05 20:00,2026-01-05,20,Gold,67557.29,67801.67,244.38,0.3617,215.6,13494,80231,67500,13.12,13.62,0.9265,INR/10g,Dhan API v2 (Client 1112620458)
2026-01-05 21:00,2026-01-05,21,Gold,67544.82,67878.67,333.85,0.4943,89.47,1409,79119,67500,12.46,12.96,0.9115,INR/10g,Dhan API v2 (Client 1112620458)
2026-01-05 22:00,2026-01-05,22,Gold,67632.94,67879.78,246.84,0.365,-87.01,3109,78918,67500,12.08,12.58,0.9054,INR/10g,Dhan API v2 (Client 1112620458)
2026-01-05 23:00,2026-01-05,23,Gold,67464.12,67683.74,219.62,0.3255,-27.22,8604,80923,67500,12.33,12.83,0.9139,INR/10g,Dhan API v2 (Client 1112620458)
2026-01-06 09:00,2026-01-06,9,Gold,67609.0,67576.31,-32.69,-0.0483,-252.31,12529,77104,67500,12.34,12.84,0.9296,INR/10g,Dhan API v2 (Client 1112620458)
2026-01-06 10:00,2026-01-06,10,Gold,67623.28,67824.57,201.28,0.2977,233.97,10964,80846,67500,13.16,13.66,0.9664,INR/10g,Dhan API v2 (Client 1112620458)
2026-01-06 11:00,2026-01-06,11,Gold,67730.45,67970.43,239.98,0.3543,38.7,6864,78907,67500,12.4,12.9,0.9245,INR/10g,Dhan API v2 (Client 1112620458)
2026-01-06 12:00,2026-01-06,12,Gold,67983.47,68098.58,115.12,0.1693,-124.86,8800,80733,68000,12.95,13.45,0.8896,INR/10g,Dhan API v2 (Client 1112620458)
2026-01-06 13:00,2026-01-06,13,Gold,67983.8,68226.26,242.45,0.3566,127.33,12319,78447,68000,12.16,12.66,0.9034,INR/10g,Dhan API v2 (Client 1112620458)
2026-01-06 14:00,2026-01-06,14,Gold,67957.5,68225.71,268.21,0.3947,25.76,4702,78770,68000,12.82,13.32,0.9252,INR/10g,Dhan API v2 (Client 1112620458)
2026-01-06 15:00,2026-01-06,15,Gold,68088.31,68320.81,232.5,0.3415,-35.71,14665,79501,68000,13.01,13.51,0.9337,INR/10g,Dhan API v2 (Client 1112620458)
2026-01-06 16:00,2026-01-06,16,Gold,68169.2,68105.48,-63.72,-0.0935,-296.22,12896,80250,68000,12.53,13.03,0.9163,INR/10g,Dhan API v2 (Client 1112620458)
2026-01-06 17:00,2026-01-06,17,Gold,68265.33,68517.9,252.57,0.37,316.29,4205,80761,68500,12.55,13.05,0.9511,INR/10g,Dhan API v2 (Client 1112620458)
2026-01-06 18:00,2026-01-06,18,Gold,68144.88,68354.03,209.14,0.3069,-43.43,5525,78892,68000,12.79,13.29,0.9389,INR/10g,Dhan API v2 (Client 1112620458)
2026-01-06 19:00,2026-01-06,19,Gold,68112.93,68416.2,303.27,0.4453,94.13,11193,79366,68000,13.22,13.72,0.9127,INR/10g,Dhan API v2 (Client 1112620458)
2026-01-06 20:00,2026-01-06,20,Gold,68073.56,68376.12,302.56,0.4445,-0.71,2215,79003,68000,13.32,13.82,0.9146,INR/10g,Dhan API v2 (Client 1112620458)
2026-01-06 21:00,2026-01-06,21,Gold,67949.95,68075.19,125.24,0.1843,-177.32,8897,79370,68000,12.86,13.36,0.8978,INR/10g,Dhan API v2 (Client 1112620458)
2026-01-06 22:00,2026-01-06,22,Gold,68294.17,68595.5,301.33,0.4412,176.09,11766,80600,68500,12.89,13.39,0.9145,INR/10g,Dhan API v2 (Client 1112620458)
2026-01-06 23:00,2026-01-06,23,Gold,68379.11,68628.53,249.42,0.3648,-51.91,2334,78854,68500,13.02,13.52,0.9007,INR/10g,Dhan API v2 (Client 1112620458)
2026-01-07 09:00,2026-01-07,9,Gold,68615.2,68861.55,246.34,0.359,-3.08,10925,80718,68500,12.51,13.01,0.8807,INR/10g,Dhan API v2 (Client 1112620458)
2026-01-07 10:00,2026-01-07,10,Gold,68536.13,68703.84,167.71,0.2447,-78.63,9026,79224,68500,12.47,12.97,0.8916,INR/10g,Dhan API v2 (Client 1112620458)
2026-01-07 11:00,2026-01-07,11,Gold,68559.8,68709.77,149.98,0.2188,-17.73,10972,79940,68500,12.83,13.33,0.9172,INR/10g,Dhan API v2 (Client 1112620458)
2026-01-07 12:00,2026-01-07,12,Gold,68412.1,68721.26,309.17,0.4519,159.19,8402,79594,68500,12.34,12.84,0.9382,INR/10g,Dhan API v2 (Client 1112620458)
2026-01-07 13:00,2026-01-07,13,Gold,68231.54,68263.32,31.78,0.0466,-277.39,14183,80355,68000,12.66,13.16,0.9161,INR/10g,Dhan API v2 (Client 1112620458)
2026-01-07 14:00,2026-01-07,14,Gold,68425.7,68603.65,177.95,0.2601,146.17,14258,78431,68500,12.38,12.88,0.896,INR/10g,Dhan API v2 (Client 1112620458)
2026-01-07 15:00,2026-01-07,15,Gold,68385.5,68532.8,147.3,0.2154,-30.65,2651,80368,68500,12.46,12.96,0.9081,INR/10g,Dhan API v2 (Client 1112620458)
2026-01-07 16:00,2026-01-07,16,Gold,68171.34,68428.91,257.57,0.3778,110.27,13675,79323,68000,12.57,13.07,0.952,INR/10g,Dhan API v2 (Client 1112620458)
2026-01-07 17:00,2026-01-07,17,Gold,68163.52,68369.55,206.03,0.3023,-51.54,4919,78916,68000,12.55,13.05,0.9044,INR/10g,Dhan API v2 (Client 1112620458)
2026-01-07 18:00,2026-01-07,18,Gold,68169.78,68341.48,171.71,0.2519,-34.32,7859,80637,68000,12.89,13.39,0.9282,INR/10g,Dhan API v2 (Client 1112620458)
2026-01-07 19:00,2026-01-07,19,Gold,68133.69,68276.41,142.71,0.2095,-29.0,11863,79604,68000,12.57,13.07,0.9371,INR/10g,Dhan API v2 (Client 1112620458)
2026-01-07 20:00,2026-01-07,20,Gold,67987.3,68213.43,226.13,0.3326,83.42,2688,79204,68000,12.68,13.18,0.9259,INR/10g,Dhan API v2 (Client 1112620458)
2026-01-07 21:00,2026-01-07,21,Gold,67850.37,68035.01,184.64,0.2721,-41.49,8242,80329,68000,12.49,12.99,0.9197,INR/10g,Dhan API v2 (Client 1112620458)
2026-01-07 22:00,2026-01-07,22,Gold,67679.33,67860.11,180.78,0.2671,-3.86,13233,79031,67500,13.27,13.77,0.9226,INR/10g,Dhan API v2 (Client 1112620458)
2026-01-07 23:00,2026-01-07,23,Gold,67641.62,67954.24,312.63,0.4622,131.85,6508,79661,67500,12.62,13.12,0.9075,INR/10g,Dhan API v2 (Client 1112620458)
2026-01-08 09:00,2026-01-08,9,Gold,67458.31,67640.76,182.45,0.2705,-130.18,5308,81029,67500,12.41,12.91,0.9599,INR/10g,Dhan API v2 (Client 1112620458)
2026-01-08 10:00,2026-01-08,10,Gold,67524.67,67685.2,160.53,0.2377,-21.92,4388,80194,67500,12.39,12.89,0.9254,INR/10g,Dhan API v2 (Client 1112620458)
2026-01-08 11:00,2026-01-08,11,Gold,67438.61,67773.06,334.44,0.4959,173.91,1529,79790,67500,12.91,13.41,0.9032,INR/10g,Dhan API v2 (Client 1112620458)
2026-01-08 12:00,2026-01-08,12,Gold,67395.58,67469.06,73.48,0.109,-260.96,4229,79192,67500,12.38,12.88,0.9181,INR/10g,Dhan API v2 (Client 1112620458)
2026-01-08 13:00,2026-01-08,13,Gold,67601.71,67644.98,43.28,0.064,-30.2,8185,79136,67500,13.02,13.52,0.9079,INR/10g,Dhan API v2 (Client 1112620458)
2026-01-08 14:00,2026-01-08,14,Gold,67562.49,67825.37,262.88,0.3891,219.6,11430,78972,67500,12.96,13.46,0.8891,INR/10g,Dhan API v2 (Client 1112620458)
2026-01-08 15:00,2026-01-08,15,Gold,67360.05,67553.6,193.55,0.2873,-69.33,8993,79744,67500,12.56,13.06,0.9029,INR/10g,Dhan API v2 (Client 1112620458)
2026-01-08 16:00,2026-01-08,16,Gold,67162.63,67325.07,162.44,0.2419,-31.11,12860,80179,67000,12.18,12.68,0.9038,INR/10g,Dhan API v2 (Client 1112620458)
2026-01-08 17:00,2026-01-08,17,Gold,67348.83,67533.58,184.74,0.2743,22.3,8431,80283,67500,12.21,12.71,0.9272,INR/10g,Dhan API v2 (Client 1112620458)
2026-01-08 18:00,2026-01-08,18,Gold,67499.38,67620.38,121.0,0.1793,-63.74,13349,80658,67500,13.07,13.57,0.9153,INR/10g,Dhan API v2 (Client 1112620458)
2026-01-08 19:00,2026-01-08,19,Gold,67479.97,67706.27,226.3,0.3354,105.3,1792,79915,67500,12.34,12.84,0.9325,INR/10g,Dhan API v2 (Client 1112620458)
2026-01-08 20:00,2026-01-08,20,Gold,67343.44,67447.43,103.99,0.1544,-122.31,8053,78898,67500,12.89,13.39,0.8903,INR/10g,Dhan API v2 (Client 1112620458)
2026-01-08 21:00,2026-01-08,21,Gold,67397.26,67494.09,96.83,0.1437,-7.16,851,78988,67500,12.59,13.09,0.9629,INR/10g,Dhan API v2 (Client 1112620458)
2026-01-08 22:00,2026-01-08,22,Gold,67271.97,67360.62,88.65,0.1318,-8.18,2167,79624,67500,12.7,13.2,0.9459,INR/10g,Dhan API v2 (Client 1112620458)
2026-01-08 23:00,2026-01-08,23,Gold,67303.0,67493.2,190.21,0.2826,101.56,7811,79975,67500,12.38,12.88,0.9301,INR/10g,Dhan API v2 (Client 1112620458)
2026-01-09 09:00,2026-01-09,9,Gold,67618.86,67773.63,154.77,0.2289,-35.44,8241,81167,67500,12.48,12.98,0.9204,INR/10g,Dhan API v2 (Client 1112620458)
2026-01-09 10:00,2026-01-09,10,Gold,67383.06,67540.68,157.61,0.2339,2.84,6162,79837,67500,12.51,13.01,0.928,INR/10g,Dhan API v2 (Client 1112620458)
2026-01-09 11:00,2026-01-09,11,Gold,67369.83,67578.07,208.24,0.3091,50.63,8531,78833,67500,12.3,12.8,0.9687,INR/10g,Dhan API v2 (Client 1112620458)
2026-01-09 12:00,2026-01-09,12,Gold,67239.61,67471.94,232.32,0.3455,24.08,2559,79794,67000,12.52,13.02,0.9046,INR/10g,Dhan API v2 (Client 1112620458)
2026-01-09 13:00,2026-01-09,13,Gold,67177.9,67230.85,52.96,0.0788,-179.36,3396,79839,67000,12.65,13.15,0.895,INR/10g,Dhan API v2 (Client 1112620458)
2026-01-09 14:00,2026-01-09,14,Gold,67265.5,67467.37,201.86,0.3001,148.9,14493,78449,67500,12.67,13.17,0.9326,INR/10g,Dhan API v2 (Client 1112620458)
2026-01-09 15:00,2026-01-09,15,Gold,67376.07,67722.21,346.14,0.5138,144.28,12890,80567,67500,12.63,13.13,0.9268,INR/10g,Dhan API v2 (Client 1112620458)
2026-01-09 16:00,2026-01-09,16,Gold,67419.21,67496.31,77.09,0.1144,-269.05,1900,78325,67500,12.53,13.03,0.8965,INR/10g,Dhan API v2 (Client 1112620458)
2026-01-09 17:00,2026-01-09,17,Gold,67423.11,67487.19,64.09,0.095,-13.0,10818,79114,67500,12.84,13.34,0.9284,INR/10g,Dhan API v2 (Client 1112620458)
2026-01-09 18:00,2026-01-09,18,Gold,67520.56,67660.76,140.21,0.2077,76.12,9381,79767,67500,12.41,12.91,0.9139,INR/10g,Dhan API v2 (Client 1112620458)
2026-01-09 19:00,2026-01-09,19,Gold,67669.51,67859.73,190.22,0.2811,50.01,4497,79910,67500,12.45,12.95,0.8735,INR/10g,Dhan API v2 (Client 1112620458)
2026-01-09 20:00,2026-01-09,20,Gold,67469.68,67758.44,288.76,0.428,98.54,13276,80269,67500,12.37,12.87,0.8962,INR/10g,Dhan API v2 (Client 1112620458)
2026-01-09 21:00,2026-01-09,21,Gold,67601.1,67844.13,243.03,0.3595,-45.73,13086,78842,67500,13.05,13.55,0.9026,INR/10g,Dhan API v2 (Client 1112620458)
2026-01-09 22:00,2026-01-09,22,Gold,67555.35,67728.36,173.01,0.2561,-70.02,12099,79070,67500,12.43,12.93,0.9209,INR/10g,Dhan API v2 (Client 1112620458)
2026-01-09 23:00,2026-01-09,23,Gold,67653.39,67758.98,105.59,0.1561,-67.42,8824,80889,67500,12.49,12.99,0.9078,INR/10g,Dhan API v2 (Client 1112620458)
2026-01-12 09:00,2026-01-12,9,Gold,67518.22,67748.48,230.26,0.341,124.67,602,81126,67500,12.71,13.21,0.9316,INR/10g,Dhan API v2 (Client 1112620458)
2026-01-12 10:00,2026-01-12,10,Gold,67502.34,67735.61,233.27,0.3456,3.01,729,79683,67500,12.75,13.25,0.8716,INR/10g,Dhan API v2 (Client 1112620458)
2026-01-12 11:00,2026-01-12,11,Gold,67604.89,67725.77,120.89,0.1788,-112.38,7526,79883,67500,12.14,12.64,0.9549,INR/10g,Dhan API v2 (Client 1112620458)
2026-01-12 12:00,2026-01-12,12,Gold,67450.83,67592.59,141.76,0.2102,20.87,3939,78835,67500,12.53,13.03,0.9185,INR/10g,Dhan API v2 (Client 1112620458)
2026-01-12 13:00,2026-01-12,13,Gold,67348.27,67557.82,209.55,0.3112,67.79,3881,79196,67500,12.97,13.47,0.9242,INR/10g,Dhan API v2 (Client 1112620458)
2026-01-12 14:00,2026-01-12,14,Gold,67371.32,67550.87,179.55,0.2665,-30.0,9369,80370,67500,12.66,13.16,0.9397,INR/10g,Dhan API v2 (Client 1112620458)
2026-01-12 15:00,2026-01-12,15,Gold,67407.05,67528.36,121.32,0.18,-58.23,8294,79972,67500,12.43,12.93,0.8939,INR/10g,Dhan API v2 (Client 1112620458)
2026-01-12 16:00,2026-01-12,16,Gold,67274.97,67446.87,171.9,0.2555,50.58,12214,80658,67500,13.15,13.65,0.8672,INR/10g,Dhan API v2 (Client 1112620458)
2026-01-12 17:00,2026-01-12,17,Gold,67219.83,67319.99,100.16,0.149,-71.74,3015,82952,67000,12.58,13.08,0.9188,INR/10g,Dhan API v2 (Client 1112620458)
2026-01-12 18:00,2026-01-12,18,Gold,67160.33,67495.48,335.15,0.499,234.99,2198,80560,67000,12.08,12.58,0.9097,INR/10g,Dhan API v2 (Client 1112620458)
2026-01-12 19:00,2026-01-12,19,Gold,67279.24,67571.46,292.22,0.4343,-42.93,12667,77730,67500,12.34,12.84,0.908,INR/10g,Dhan API v2 (Client 1112620458)
2026-01-12 20:00,2026-01-12,20,Gold,67336.66,67487.43,150.77,0.2239,-141.45,4009,79542,67500,12.18,12.68,0.9483,INR/10g,Dhan API v2 (Client 1112620458)
2026-01-12 21:00,2026-01-12,21,Gold,67308.87,67317.56,8.68,0.0129,-142.09,3606,79737,67500,12.55,13.05,0.8865,INR/10g,Dhan API v2 (Client 1112620458)
2026-01-12 22:00,2026-01-12,22,Gold,67099.46,67159.03,59.56,0.0888,50.88,5958,78589,67000,13.05,13.55,0.9062,INR/10g,Dhan API v2 (Client 1112620458)
2026-01-12 23:00,2026-01-12,23,Gold,67407.58,67582.81,175.23,0.26,115.67,13587,79368,67500,12.38,12.88,0.9266,INR/10g,Dhan API v2 (Client 1112620458)
2026-01-13 09:00,2026-01-13,9,Gold,67620.21,67851.58,231.37,0.3422,56.14,7726,80475,67500,12.41,12.91,0.9026,INR/10g,Dhan API v2 (Client 1112620458)
2026-01-13 10:00,2026-01-13,10,Gold,67808.45,67901.35,92.9,0.137,-138.47,9438,79305,68000,12.38,12.88,0.8993,INR/10g,Dhan API v2 (Client 1112620458)
2026-01-13 11:00,2026-01-13,11,Gold,67649.67,67781.66,131.99,0.1951,39.09,8337,79889,67500,12.71,13.21,0.9214,INR/10g,Dhan API v2 (Client 1112620458)
2026-01-13 12:00,2026-01-13,12,Gold,67595.48,67728.18,132.69,0.1963,0.7,1487,77978,67500,12.5,13.0,0.8938,INR/10g,Dhan API v2 (Client 1112620458)
2026-01-13 13:00,2026-01-13,13,Gold,67614.49,67790.16,175.67,0.2598,42.98,14471,78562,67500,12.91,13.41,0.9503,INR/10g,Dhan API v2 (Client 1112620458)
2026-01-13 14:00,2026-01-13,14,Gold,67323.82,67555.84,232.02,0.3446,56.35,10516,78363,67500,12.55,13.05,0.9271,INR/10g,Dhan API v2 (Client 1112620458)
2026-01-13 15:00,2026-01-13,15,Gold,67335.05,67458.22,123.17,0.1829,-108.85,8855,79542,67500,12.52,13.02,0.9443,INR/10g,Dhan API v2 (Client 1112620458)
2026-01-13 16:00,2026-01-13,16,Gold,67398.38,67522.93,124.55,0.1848,1.38,5371,79718,67500,12.68,13.18,0.9353,INR/10g,Dhan API v2 (Client 1112620458)
2026-01-13 17:00,2026-01-13,17,Gold,67820.55,68058.84,238.3,0.3514,113.75,13900,79414,68000,12.09,12.59,0.916,INR/10g,Dhan API v2 (Client 1112620458)
2026-01-13 18:00,2026-01-13,18,Gold,67716.04,67889.02,172.98,0.2554,-65.32,7451,80056,67500,11.96,12.46,0.9347,INR/10g,Dhan API v2 (Client 1112620458)
2026-01-13 19:00,2026-01-13,19,Gold,67978.27,68142.62,164.35,0.2418,-8.63,9921,80500,68000,12.93,13.43,0.9277,INR/10g,Dhan API v2 (Client 1112620458)
2026-01-13 20:00,2026-01-13,20,Gold,67960.74,68203.2,242.46,0.3568,78.11,7267,80415,68000,12.7,13.2,0.9401,INR/10g,Dhan API v2 (Client 1112620458)
2026-01-13 21:00,2026-01-13,21,Gold,68173.2,68561.93,388.73,0.5702,146.27,11112,79276,68000,12.98,13.48,0.8783,INR/10g,Dhan API v2 (Client 1112620458)
2026-01-13 22:00,2026-01-13,22,Gold,68082.84,68348.64,265.8,0.3904,-122.93,12327,79316,68000,13.22,13.72,0.9034,INR/10g,Dhan API v2 (Client 1112620458)
2026-01-13 23:00,2026-01-13,23,Gold,67834.4,68093.65,259.25,0.3822,-6.55,8803,81036,68000,12.28,12.78,0.9231,INR/10g,Dhan API v2 (Client 1112620458)
2026-01-14 09:00,2026-01-14,9,Gold,67922.5,68074.11,151.61,0.2232,-107.64,4152,79836,68000,12.69,13.19,0.9324,INR/10g,Dhan API v2 (Client 1112620458)
2026-01-14 10:00,2026-01-14,10,Gold,67799.91,67897.98,98.08,0.1447,-53.53,12776,79205,68000,12.3,12.8,0.9174,INR/10g,Dhan API v2 (Client 1112620458)
2026-01-14 11:00,2026-01-14,11,Gold,67844.88,68163.15,318.26,0.4691,220.18,10301,78697,68000,12.76,13.26,0.9155,INR/10g,Dhan API v2 (Client 1112620458)
2026-01-14 12:00,2026-01-14,12,Gold,67833.38,68041.06,207.67,0.3061,-110.59,8145,80220,68000,12.57,13.07,0.9409,INR/10g,Dhan API v2 (Client 1112620458)
2026-01-14 13:00,2026-01-14,13,Gold,67739.22,67809.54,70.31,0.1038,-137.36,5085,78120,67500,11.99,12.49,0.9263,INR/10g,Dhan API v2 (Client 1112620458)
2026-01-14 14:00,2026-01-14,14,Gold,67477.99,67724.67,246.68,0.3656,176.37,7687,78747,67500,12.54,13.04,0.8939,INR/10g,Dhan API v2 (Client 1112620458)
2026-01-14 15:00,2026-01-14,15,Gold,67755.46,67763.57,8.11,0.012,-238.57,4141,77793,68000,12.24,12.74,0.9369,INR/10g,Dhan API v2 (Client 1112620458)
2026-01-14 16:00,2026-01-14,16,Gold,67820.27,67966.97,146.7,0.2163,138.59,3972,81402,68000,12.88,13.38,0.9337,INR/10g,Dhan API v2 (Client 1112620458)
2026-01-14 17:00,2026-01-14,17,Gold,67766.96,67885.98,119.01,0.1756,-27.69,8700,81043,68000,12.72,13.22,0.9324,INR/10g,Dhan API v2 (Client 1112620458)
2026-01-14 18:00,2026-01-14,18,Gold,67758.57,67949.93,191.35,0.2824,72.34,5659,79823,68000,12.9,13.4,0.9453,INR/10g,Dhan API v2 (Client 1112620458)
2026-01-14 19:00,2026-01-14,19,Gold,67958.67,67996.08,37.41,0.0551,-153.94,6163,80149,68000,12.13,12.63,0.9243,INR/10g,Dhan API v2 (Client 1112620458)
2026-01-14 20:00,2026-01-14,20,Gold,67832.4,67974.24,141.84,0.2091,104.43,14693,80458,68000,12.2,12.7,0.9165,INR/10g,Dhan API v2 (Client 1112620458)
2026-01-14 21:00,2026-01-14,21,Gold,67991.59,68226.86,235.27,0.346,93.43,8368,78899,68000,12.42,12.92,0.9033,INR/10g,Dhan API v2 (Client 1112620458)
2026-01-14 22:00,2026-01-14,22,Gold,67806.04,67774.14,-31.9,-0.0471,-267.17,7605,81627,68000,12.75,13.25,0.8905,INR/10g,Dhan API v2 (Client 1112620458)
2026-01-14 23:00,2026-01-14,23,Gold,67832.19,68008.31,176.12,0.2596,208.02,13750,79335,68000,12.26,12.76,0.9288,INR/10g,Dhan API v2 (Client 1112620458)
2026-01-15 09:00,2026-01-15,9,Gold,67692.15,67853.87,161.71,0.2389,-14.41,7043,80659,67500,12.73,13.23,0.9323,INR/10g,Dhan API v2 (Client 1112620458)
2026-01-15 10:00,2026-01-15,10,Gold,68041.1,68109.7,68.6,0.1008,-93.11,10407,80894,68000,12.19,12.69,0.9074,INR/10g,Dhan API v2 (Client 1112620458)
2026-01-15 11:00,2026-01-15,11,Gold,68131.3,68179.48,48.17,0.0707,-20.43,8730,78386,68000,12.04,12.54,0.9481,INR/10g,Dhan API v2 (Client 1112620458)
2026-01-15 12:00,2026-01-15,12,Gold,68218.97,68431.67,212.7,0.3118,164.53,2996,79356,68000,12.62,13.12,0.8988,INR/10g,Dhan API v2 (Client 1112620458)
2026-01-15 13:00,2026-01-15,13,Gold,68121.05,68248.06,127.01,0.1864,-85.69,10576,79781,68000,11.92,12.42,0.9155,INR/10g,Dhan API v2 (Client 1112620458)
2026-01-15 14:00,2026-01-15,14,Gold,67964.87,68157.77,192.9,0.2838,65.89,10565,79037,68000,12.48,12.98,0.9153,INR/10g,Dhan API v2 (Client 1112620458)
2026-01-15 15:00,2026-01-15,15,Gold,67868.82,67940.08,71.27,0.105,-121.63,7463,81070,68000,13.46,13.96,0.9004,INR/10g,Dhan API v2 (Client 1112620458)
2026-01-15 16:00,2026-01-15,16,Gold,68259.93,68343.32,83.39,0.1222,12.12,1508,80173,68500,12.66,13.16,0.901,INR/10g,Dhan API v2 (Client 1112620458)
2026-01-15 17:00,2026-01-15,17,Gold,68217.95,68413.94,195.99,0.2873,112.6,11749,78922,68000,12.51,13.01,0.9063,INR/10g,Dhan API v2 (Client 1112620458)
2026-01-15 18:00,2026-01-15,18,Gold,68385.55,68446.95,61.4,0.0898,-134.59,1599,80564,68500,12.59,13.09,0.9126,INR/10g,Dhan API v2 (Client 1112620458)
2026-01-15 19:00,2026-01-15,19,Gold,68386.37,68542.79,156.41,0.2287,95.01,9477,79187,68500,12.41,12.91,0.9222,INR/10g,Dhan API v2 (Client 1112620458)
2026-01-15 20:00,2026-01-15,20,Gold,68403.08,68445.48,42.41,0.062,-114.0,8593,78478,68500,12.61,13.11,0.92,INR/10g,Dhan API v2 (Client 1112620458)
2026-01-15 21:00,2026-01-15,21,Gold,68345.9,68535.51,189.61,0.2774,147.2,12295,78794,68500,12.4,12.9,0.9133,INR/10g,Dhan API v2 (Client 1112620458)
2026-01-15 22:00,2026-01-15,22,Gold,68365.71,68533.71,167.99,0.2457,-21.62,14299,81209,68500,12.2,12.7,0.9252,INR/10g,Dhan API v2 (Client 1112620458)
2026-01-15 23:00,2026-01-15,23,Gold,68068.57,68192.99,124.42,0.1828,-43.57,11700,79734,68000,12.54,13.04,0.8919,INR/10g,Dhan API v2 (Client 1112620458)
2026-01-16 09:00,2026-01-16,9,Gold,67944.05,68151.37,207.31,0.3051,82.89,14005,78854,68000,12.55,13.05,0.926,INR/10g,Dhan API v2 (Client 1112620458)
2026-01-16 10:00,2026-01-16,10,Gold,68136.65,68262.11,125.46,0.1841,-81.85,5005,81004,68000,12.76,13.26,0.9278,INR/10g,Dhan API v2 (Client 1112620458)
2026-01-16 11:00,2026-01-16,11,Gold,68102.23,68233.44,131.21,0.1927,5.75,4990,78561,68000,12.05,12.55,0.9187,INR/10g,Dhan API v2 (Client 1112620458)
2026-01-16 12:00,2026-01-16,12,Gold,68125.54,68162.52,36.98,0.0543,-94.23,7849,79708,68000,12.18,12.68,0.9026,INR/10g,Dhan API v2 (Client 1112620458)
2026-01-16 13:00,2026-01-16,13,Gold,68190.93,68314.36,123.43,0.181,86.45,2081,78848,68000,12.14,12.64,0.902,INR/10g,Dhan API v2 (Client 1112620458)
2026-01-16 14:00,2026-01-16,14,Gold,67912.71,67724.12,-188.59,-0.2777,-312.02,4348,80201,68000,12.24,12.74,0.961,INR/10g,Dhan API v2 (Client 1112620458)
2026-01-16 15:00,2026-01-16,15,Gold,68239.54,68422.08,182.54,0.2675,371.13,13320,78992,68000,12.16,12.66,0.9295,INR/10g,Dhan API v2 (Client 1112620458)
2026-01-16 16:00,2026-01-16,16,Gold,68368.43,68612.75,244.32,0.3574,61.78,8473,81297,68500,12.86,13.36,0.9076,INR/10g,Dhan API v2 (Client 1112620458)
2026-01-16 17:00,2026-01-16,17,Gold,68464.92,68356.05,-108.87,-0.159,-353.19,8708,79162,68500,12.48,12.98,0.8776,INR/10g,Dhan API v2 (Client 1112620458)
2026-01-16 18:00,2026-01-16,18,Gold,68651.36,68696.75,45.38,0.0661,154.25,13202,79086,68500,12.48,12.98,0.8834,INR/10g,Dhan API v2 (Client 1112620458)
2026-01-16 19:00,2026-01-16,19,Gold,68795.38,68813.57,18.19,0.0264,-27.19,5214,79245,69000,12.8,13.3,0.8936,INR/10g,Dhan API v2 (Client 1112620458)
2026-01-16 20:00,2026-01-16,20,Gold,68620.76,68801.77,181.01,0.2638,162.82,11715,79359,68500,12.96,13.46,0.9168,INR/10g,Dhan API v2 (Client 1112620458)
2026-01-16 21:00,2026-01-16,21,Gold,69055.32,69076.07,20.75,0.0301,-160.26,1179,80605,69000,12.08,12.58,0.9183,INR/10g,Dhan API v2 (Client 1112620458)
2026-01-16 22:00,2026-01-16,22,Gold,69195.9,69358.64,162.75,0.2352,142.0,10318,79257,69000,12.01,12.51,0.8905,INR/10g,Dhan API v2 (Client 1112620458)
2026-01-16 23:00,2026-01-16,23,Gold,69145.27,69334.67,189.41,0.2739,26.66,1230,79305,69000,12.92,13.42,0.9265,INR/10g,Dhan API v2 (Client 1112620458)
2026-01-19 09:00,2026-01-19,9,Gold,69048.07,69074.55,26.48,0.0383,-162.93,10100,80101,69000,12.31,12.81,0.8831,INR/10g,Dhan API v2 (Client 1112620458)
2026-01-19 10:00,2026-01-19,10,Gold,69300.54,69365.77,65.23,0.0941,38.75,2184,78855,69500,12.51,13.01,0.9229,INR/10g,Dhan API v2 (Client 1112620458)
2026-01-19 11:00,2026-01-19,11,Gold,69235.97,69247.24,11.27,0.0163,-53.96,6430,81344,69000,13.15,13.65,0.9095,INR/10g,Dhan API v2 (Client 1112620458)
2026-01-19 12:00,2026-01-19,12,Gold,69228.62,69196.59,-32.03,-0.0463,-43.3,7903,79250,69000,12.53,13.03,0.9174,INR/10g,Dhan API v2 (Client 1112620458)
2026-01-19 13:00,2026-01-19,13,Gold,69066.55,69271.28,204.74,0.2964,236.77,7818,79095,69000,12.49,12.99,0.926,INR/10g,Dhan API v2 (Client 1112620458)
2026-01-19 14:00,2026-01-19,14,Gold,68965.73,69267.71,301.98,0.4379,97.24,6774,80333,69000,12.64,13.14,0.9253,INR/10g,Dhan API v2 (Client 1112620458)
2026-01-19 15:00,2026-01-19,15,Gold,69134.59,69143.32,8.73,0.0126,-293.25,8964,80372,69000,12.72,13.22,0.8976,INR/10g,Dhan API v2 (Client 1112620458)
2026-01-19 16:00,2026-01-19,16,Gold,69039.27,69355.66,316.39,0.4583,307.66,13913,79665,69000,12.84,13.34,0.93,INR/10g,Dhan API v2 (Client 1112620458)
2026-01-19 17:00,2026-01-19,17,Gold,69013.21,69135.07,121.86,0.1766,-194.53,5707,81666,69000,12.35,12.85,0.9259,INR/10g,Dhan API v2 (Client 1112620458)
2026-01-19 18:00,2026-01-19,18,Gold,68919.82,68896.59,-23.23,-0.0337,-145.09,5261,79775,69000,12.21,12.71,0.9096,INR/10g,Dhan API v2 (Client 1112620458)
2026-01-19 19:00,2026-01-19,19,Gold,68693.92,68804.29,110.37,0.1607,133.6,13565,79299,68500,12.92,13.42,0.9388,INR/10g,Dhan API v2 (Client 1112620458)
2026-01-19 20:00,2026-01-19,20,Gold,68426.62,68512.27,85.65,0.1252,-24.72,5081,80039,68500,12.74,13.24,0.935,INR/10g,Dhan API v2 (Client 1112620458)
2026-01-19 21:00,2026-01-19,21,Gold,68457.68,68454.59,-3.09,-0.0045,-88.74,14703,81024,68500,12.42,12.92,0.9023,INR/10g,Dhan API v2 (Client 1112620458)
2026-01-19 22:00,2026-01-19,22,Gold,68604.12,68687.76,83.63,0.1219,86.72,7525,77838,68500,12.75,13.25,0.9075,INR/10g,Dhan API v2 (Client 1112620458)
2026-01-19 23:00,2026-01-19,23,Gold,68462.31,68592.92,130.6,0.1908,46.97,3143,79315,68500,12.12,12.62,0.9258,INR/10g,Dhan API v2 (Client 1112620458)
2026-01-20 09:00,2026-01-20,9,Gold,68381.39,68433.85,52.46,0.0767,-78.14,10150,78120,68500,12.77,13.27,0.9264,INR/10g,Dhan API v2 (Client 1112620458)
2026-01-20 10:00,2026-01-20,10,Gold,68201.87,68415.91,214.04,0.3138,161.58,1137,80906,68000,12.46,12.96,0.9154,INR/10g,Dhan API v2 (Client 1112620458)
2026-01-20 11:00,2026-01-20,11,Gold,68129.23,68155.77,26.54,0.039,-187.5,12116,79419,68000,13.25,13.75,0.8606,INR/10g,Dhan API v2 (Client 1112620458)
2026-01-20 12:00,2026-01-20,12,Gold,68175.61,68321.7,146.08,0.2143,119.54,3306,79565,68000,13.19,13.69,0.9217,INR/10g,Dhan API v2 (Client 1112620458)
2026-01-20 13:00,2026-01-20,13,Gold,67860.87,67849.37,-11.5,-0.0169,-157.58,11979,79358,68000,12.24,12.74,0.9198,INR/10g,Dhan API v2 (Client 1112620458)
2026-01-20 14:00,2026-01-20,14,Gold,67883.78,68001.92,118.13,0.174,129.63,7732,79223,68000,13.12,13.62,0.9111,INR/10g,Dhan API v2 (Client 1112620458)
2026-01-20 15:00,2026-01-20,15,Gold,67744.99,67810.81,65.81,0.0971,-52.32,9944,79080,67500,12.4,12.9,0.867,INR/10g,Dhan API v2 (Client 1112620458)
2026-01-20 16:00,2026-01-20,16,Gold,67919.9,68095.83,175.93,0.259,110.12,1099,79926,68000,12.65,13.15,0.9241,INR/10g,Dhan API v2 (Client 1112620458)
2026-01-20 17:00,2026-01-20,17,Gold,67783.17,67789.53,6.36,0.0094,-169.57,2373,78442,68000,12.49,12.99,0.8944,INR/10g,Dhan API v2 (Client 1112620458)
2026-01-20 18:00,2026-01-20,18,Gold,68135.34,68209.18,73.85,0.1084,67.49,5608,80365,68000,13.12,13.62,0.9329,INR/10g,Dhan API v2 (Client 1112620458)
2026-01-20 19:00,2026-01-20,19,Gold,67921.54,67866.47,-55.07,-0.0811,-128.92,14363,80545,68000,12.36,12.86,0.9092,INR/10g,Dhan API v2 (Client 1112620458)
2026-01-20 20:00,2026-01-20,20,Gold,67886.81,68081.16,194.35,0.2863,249.42,10441,79712,68000,12.12,12.62,0.9194,INR/10g,Dhan API v2 (Client 1112620458)
2026-01-20 21:00,2026-01-20,21,Gold,67919.99,67932.72,12.73,0.0187,-181.62,9644,77624,68000,12.98,13.48,0.9217,INR/10g,Dhan API v2 (Client 1112620458)
2026-01-20 22:00,2026-01-20,22,Gold,67813.98,67892.62,78.64,0.116,65.91,8911,78922,68000,12.67,13.17,0.9072,INR/10g,Dhan API v2 (Client 1112620458)
2026-01-20 23:00,2026-01-20,23,Gold,67969.25,67936.1,-33.15,-0.0488,-111.79,2422,79855,68000,12.37,12.87,0.8927,INR/10g,Dhan API v2 (Client 1112620458)
2026-01-21 09:00,2026-01-21,9,Gold,67953.94,68238.62,284.69,0.4189,317.84,2885,79523,68000,12.52,13.02,0.946,INR/10g,Dhan API v2 (Client 1112620458)
2026-01-21 10:00,2026-01-21,10,Gold,67747.33,67813.36,66.03,0.0975,-218.66,10870,80928,67500,13.12,13.62,0.9046,INR/10g,Dhan API v2 (Client 1112620458)
2026-01-21 11:00,2026-01-21,11,Gold,67914.57,67886.76,-27.81,-0.041,-93.84,9809,79843,68000,13.34,13.84,0.9317,INR/10g,Dhan API v2 (Client 1112620458)
2026-01-21 12:00,2026-01-21,12,Gold,68043.9,68044.17,0.27,0.0004,28.08,5403,79595,68000,12.74,13.24,0.9547,INR/10g,Dhan API v2 (Client 1112620458)
2026-01-21 13:00,2026-01-21,13,Gold,67875.81,68019.29,143.48,0.2114,143.21,13526,79619,68000,13.24,13.74,0.909,INR/10g,Dhan API v2 (Client 1112620458)
2026-01-21 14:00,2026-01-21,14,Gold,67836.26,67841.3,5.04,0.0074,-138.44,10400,79926,68000,12.2,12.7,0.9083,INR/10g,Dhan API v2 (Client 1112620458)
2026-01-21 15:00,2026-01-21,15,Gold,68005.74,68121.96,116.22,0.1709,111.18,2382,78532,68000,12.69,13.19,0.8663,INR/10g,Dhan API v2 (Client 1112620458)
2026-01-21 16:00,2026-01-21,16,Gold,68206.74,68236.12,29.38,0.0431,-86.84,7824,78641,68000,12.46,12.96,0.9456,INR/10g,Dhan API v2 (Client 1112620458)
2026-01-21 17:00,2026-01-21,17,Gold,68229.01,68176.59,-52.42,-0.0768,-81.8,5018,80747,68000,12.23,12.73,0.9406,INR/10g,Dhan API v2 (Client 1112620458)
2026-01-21 18:00,2026-01-21,18,Gold,68149.22,68136.0,-13.22,-0.0194,39.2,6947,78363,68000,12.59,13.09,0.9159,INR/10g,Dhan API v2 (Client 1112620458)
2026-01-21 19:00,2026-01-21,19,Gold,68176.33,68241.4,65.07,0.0954,78.29,1469,80126,68000,12.48,12.98,0.9544,INR/10g,Dhan API v2 (Client 1112620458)
2026-01-21 20:00,2026-01-21,20,Gold,68066.53,68152.96,86.44,0.127,21.37,9665,78823,68000,12.7,13.2,0.9463,INR/10g,Dhan API v2 (Client 1112620458)
2026-01-21 21:00,2026-01-21,21,Gold,67910.16,68175.73,265.58,0.3911,179.14,1227,79600,68000,12.34,12.84,0.9241,INR/10g,Dhan API v2 (Client 1112620458)
2026-01-21 22:00,2026-01-21,22,Gold,68016.44,68027.45,11.01,0.0162,-254.57,2399,79401,68000,12.63,13.13,0.9319,INR/10g,Dhan API v2 (Client 1112620458)
2026-01-21 23:00,2026-01-21,23,Gold,68081.95,68137.67,55.72,0.0818,44.71,5683,79748,68000,12.47,12.97,0.8847,INR/10g,Dhan API v2 (Client 1112620458)
2026-01-22 09:00,2026-01-22,9,Gold,68135.31,68098.44,-36.87,-0.0541,-92.59,3632,80302,68000,12.34,12.84,0.8988,INR/10g,Dhan API v2 (Client 1112620458)
2026-01-22 10:00,2026-01-22,10,Gold,68083.72,68264.2,180.48,0.2651,217.35,5091,79150,68000,13.01,13.51,0.9405,INR/10g,Dhan API v2 (Client 1112620458)
2026-01-22 11:00,2026-01-22,11,Gold,67812.46,67701.63,-110.83,-0.1634,-291.31,14284,80033,68000,12.89,13.39,0.8705,INR/10g,Dhan API v2 (Client 1112620458)
2026-01-22 12:00,2026-01-22,12,Gold,67985.05,67989.79,4.74,0.007,115.57,8030,81075,68000,12.7,13.2,0.9161,INR/10g,Dhan API v2 (Client 1112620458)
2026-01-22 13:00,2026-01-22,13,Gold,68057.6,68272.44,214.83,0.3157,210.09,5321,80485,68000,12.79,13.29,0.9581,INR/10g,Dhan API v2 (Client 1112620458)
2026-01-22 14:00,2026-01-22,14,Gold,68190.09,68354.83,164.74,0.2416,-50.09,12613,78773,68000,12.09,12.59,0.9156,INR/10g,Dhan API v2 (Client 1112620458)
2026-01-22 15:00,2026-01-22,15,Gold,68025.87,68145.49,119.61,0.1758,-45.13,636,79732,68000,13.14,13.64,0.8741,INR/10g,Dhan API v2 (Client 1112620458)
2026-01-22 16:00,2026-01-22,16,Gold,67972.74,67987.27,14.53,0.0214,-105.08,3473,78678,68000,13.07,13.57,0.9014,INR/10g,Dhan API v2 (Client 1112620458)
2026-01-22 17:00,2026-01-22,17,Gold,68064.78,68008.92,-55.86,-0.0821,-70.39,6132,79502,68000,12.69,13.19,0.9368,INR/10g,Dhan API v2 (Client 1112620458)
2026-01-22 18:00,2026-01-22,18,Gold,68204.06,68259.63,55.57,0.0815,111.43,5773,79957,68000,12.63,13.13,0.9393,INR/10g,Dhan API v2 (Client 1112620458)
2026-01-22 19:00,2026-01-22,19,Gold,68076.85,67968.28,-108.57,-0.1595,-164.14,12462,79286,68000,12.74,13.24,0.9247,INR/10g,Dhan API v2 (Client 1112620458)
2026-01-22 20:00,2026-01-22,20,Gold,68165.81,68405.83,240.02,0.3521,348.59,4038,79459,68000,12.11,12.61,0.9274,INR/10g,Dhan API v2 (Client 1112620458)
2026-01-22 21:00,2026-01-22,21,Gold,68107.2,68100.18,-7.02,-0.0103,-247.04,14929,78709,68000,12.51,13.01,0.8959,INR/10g,Dhan API v2 (Client 1112620458)
2026-01-22 22:00,2026-01-22,22,Gold,67886.99,68151.09,264.1,0.389,271.12,10786,79604,68000,12.57,13.07,0.8828,INR/10g,Dhan API v2 (Client 1112620458)
2026-01-22 23:00,2026-01-22,23,Gold,67836.27,67849.36,13.09,0.0193,-251.01,1103,79942,68000,12.73,13.23,0.8944,INR/10g,Dhan API v2 (Client 1112620458)
2026-01-23 09:00,2026-01-23,9,Gold,67771.03,67888.73,117.7,0.1737,104.61,2371,79977,68000,12.56,13.06,0.91,INR/10g,Dhan API v2 (Client 1112620458)
2026-01-23 10:00,2026-01-23,10,Gold,67810.63,67877.38,66.74,0.0984,-50.96,5880,80135,68000,12.57,13.07,0.9532,INR/10g,Dhan API v2 (Client 1112620458)
2026-01-23 11:00,2026-01-23,11,Gold,67864.4,67976.35,111.95,0.165,45.21,4289,79955,68000,12.84,13.34,0.9118,INR/10g,Dhan API v2 (Client 1112620458)
2026-01-23 12:00,2026-01-23,12,Gold,67695.44,67774.62,79.18,0.117,-32.77,10184,79550,67500,12.32,12.82,0.9242,INR/10g,Dhan API v2 (Client 1112620458)
2026-01-23 13:00,2026-01-23,13,Gold,67922.96,68046.93,123.97,0.1825,44.79,12515,79206,68000,13.03,13.53,0.9033,INR/10g,Dhan API v2 (Client 1112620458)
2026-01-23 14:00,2026-01-23,14,Gold,67949.39,67949.99,0.6,0.0009,-123.37,10078,79939,68000,12.34,12.84,0.9325,INR/10g,Dhan API v2 (Client 1112620458)
2026-01-23 15:00,2026-01-23,15,Gold,68146.54,68158.92,12.38,0.0182,11.78,12737,80088,68000,12.83,13.33,0.9229,INR/10g,Dhan API v2 (Client 1112620458)
2026-01-23 16:00,2026-01-23,16,Gold,67854.25,67954.73,100.49,0.1481,88.11,12325,80215,68000,12.22,12.72,0.9061,INR/10g,Dhan API v2 (Client 1112620458)
2026-01-23 17:00,2026-01-23,17,Gold,68025.71,68048.73,23.02,0.0338,-77.47,3014,78270,68000,12.94,13.44,0.9283,INR/10g,Dhan API v2 (Client 1112620458)
2026-01-23 18:00,2026-01-23,18,Gold,67898.79,67828.88,-69.91,-0.103,-92.93,10623,78681,68000,13.18,13.68,0.9262,INR/10g,Dhan API v2 (Client 1112620458)
2026-01-23 19:00,2026-01-23,19,Gold,68150.11,68289.68,139.57,0.2048,209.48,730,79374,68000,12.47,12.97,0.9228,INR/10g,Dhan API v2 (Client 1112620458)
2026-01-23 20:00,2026-01-23,20,Gold,68182.21,68346.81,164.6,0.2414,25.03,1478,80494,68000,12.3,12.8,0.9105,INR/10g,Dhan API v2 (Client 1112620458)
2026-01-23 21:00,2026-01-23,21,Gold,68453.63,68424.51,-29.12,-0.0425,-193.72,8556,81254,68500,12.94,13.44,0.9602,INR/10g,Dhan API v2 (Client 1112620458)
2026-01-23 22:00,2026-01-23,22,Gold,68070.49,67969.47,-101.02,-0.1484,-71.9,9002,78963,68000,12.31,12.81,0.9179,INR/10g,Dhan API v2 (Client 1112620458)
2026-01-23 23:00,2026-01-23,23,Gold,68110.59,67993.02,-117.57,-0.1726,-16.55,13348,79927,68000,12.59,13.09,0.9678,INR/10g,Dhan API v2 (Client 1112620458)
2026-01-26 09:00,2026-01-26,9,Gold,68014.76,68000.88,-13.88,-0.0204,103.69,10574,79607,68000,12.45,12.95,0.8762,INR/10g,Dhan API v2 (Client 1112620458)
2026-01-26 10:00,2026-01-26,10,Gold,67941.89,67914.78,-27.11,-0.0399,-13.23,10756,80428,68000,12.62,13.12,0.9542,INR/10g,Dhan API v2 (Client 1112620458)
2026-01-26 11:00,2026-01-26,11,Gold,68060.09,67929.75,-130.34,-0.1915,-103.23,568,79947,68000,12.68,13.18,0.8928,INR/10g,Dhan API v2 (Client 1112620458)
2026-01-26 12:00,2026-01-26,12,Gold,68193.44,68151.28,-42.16,-0.0618,88.18,11643,78730,68000,12.84,13.34,0.9665,INR/10g,Dhan API v2 (Client 1112620458)
2026-01-26 13:00,2026-01-26,13,Gold,68249.58,68242.65,-6.93,-0.0101,35.23,14011,81091,68000,12.66,13.16,0.9414,INR/10g,Dhan API v2 (Client 1112620458)
2026-01-26 14:00,2026-01-26,14,Gold,68269.42,68190.79,-78.64,-0.1152,-71.71,569,80115,68500,12.15,12.65,0.9243,INR/10g,Dhan API v2 (Client 1112620458)
2026-01-26 15:00,2026-01-26,15,Gold,68063.53,67940.09,-123.44,-0.1814,-44.8,10620,79972,68000,12.6,13.1,0.9256,INR/10g,Dhan API v2 (Client 1112620458)
2026-01-26 16:00,2026-01-26,16,Gold,68003.33,68049.1,45.77,0.0673,169.21,4603,78653,68000,12.63,13.13,0.9811,INR/10g,Dhan API v2 (Client 1112620458)
2026-01-26 17:00,2026-01-26,17,Gold,67718.36,67891.08,172.73,0.2551,126.96,5151,79566,67500,12.88,13.38,0.9231,INR/10g,Dhan API v2 (Client 1112620458)
2026-01-26 18:00,2026-01-26,18,Gold,67728.37,67835.58,107.21,0.1583,-65.52,12232,80014,67500,12.68,13.18,0.9068,INR/10g,Dhan API v2 (Client 1112620458)
2026-01-26 19:00,2026-01-26,19,Gold,67721.33,67846.1,124.77,0.1842,17.56,6650,79326,67500,12.95,13.45,0.9259,INR/10g,Dhan API v2 (Client 1112620458)
2026-01-26 20:00,2026-01-26,20,Gold,67586.59,67723.81,137.22,0.203,12.45,11524,78009,67500,12.49,12.99,0.9293,INR/10g,Dhan API v2 (Client 1112620458)
2026-01-26 21:00,2026-01-26,21,Gold,67773.07,67778.18,5.11,0.0075,-132.11,5453,81612,68000,12.93,13.43,0.9279,INR/10g,Dhan API v2 (Client 1112620458)
2026-01-26 22:00,2026-01-26,22,Gold,67700.6,67753.85,53.24,0.0786,48.13,11400,78749,67500,12.81,13.31,0.925,INR/10g,Dhan API v2 (Client 1112620458)
2026-01-26 23:00,2026-01-26,23,Gold,67578.89,67717.96,139.07,0.2058,85.83,10609,79117,67500,12.09,12.59,0.9011,INR/10g,Dhan API v2 (Client 1112620458)
2026-01-27 09:00,2026-01-27,9,Gold,67783.14,67891.8,108.67,0.1603,-30.4,9757,81111,68000,12.72,13.22,0.9439,INR/10g,Dhan API v2 (Client 1112620458)
2026-01-27 10:00,2026-01-27,10,Gold,67724.17,67936.96,212.78,0.3142,104.11,13672,81630,67500,12.85,13.35,0.924,INR/10g,Dhan API v2 (Client 1112620458)
2026-01-27 11:00,2026-01-27,11,Gold,67526.95,67423.22,-103.73,-0.1536,-316.51,10612,80209,67500,12.15,12.65,0.9511,INR/10g,Dhan API v2 (Client 1112620458)
2026-01-27 12:00,2026-01-27,12,Gold,67494.4,67509.53,15.13,0.0224,118.86,13483,80258,67500,12.69,13.19,0.928,INR/10g,Dhan API v2 (Client 1112620458)
2026-01-27 13:00,2026-01-27,13,Gold,67479.03,67646.36,167.33,0.248,152.2,4210,81456,67500,12.27,12.77,0.9022,INR/10g,Dhan API v2 (Client 1112620458)
2026-01-27 14:00,2026-01-27,14,Gold,67715.09,67795.9,80.81,0.1193,-86.52,7175,78825,67500,12.41,12.91,0.8871,INR/10g,Dhan API v2 (Client 1112620458)
2026-01-27 15:00,2026-01-27,15,Gold,67676.54,67942.79,266.25,0.3934,185.44,5738,78277,67500,12.97,13.47,0.9298,INR/10g,Dhan API v2 (Client 1112620458)
2026-01-27 16:00,2026-01-27,16,Gold,67667.81,67624.86,-42.95,-0.0635,-309.2,9958,78022,67500,12.49,12.99,0.9323,INR/10g,Dhan API v2 (Client 1112620458)
2026-01-27 17:00,2026-01-27,17,Gold,67898.93,67915.88,16.94,0.025,59.89,10171,79597,68000,12.18,12.68,0.9138,INR/10g,Dhan API v2 (Client 1112620458)
2026-01-27 18:00,2026-01-27,18,Gold,67791.58,67807.04,15.46,0.0228,-1.48,7682,78788,68000,12.97,13.47,0.9541,INR/10g,Dhan API v2 (Client 1112620458)
2026-01-27 19:00,2026-01-27,19,Gold,67815.82,67829.41,13.59,0.02,-1.87,14368,80672,68000,12.05,12.55,0.9063,INR/10g,Dhan API v2 (Client 1112620458)
2026-01-27 20:00,2026-01-27,20,Gold,68092.49,68001.98,-90.5,-0.1329,-104.09,8450,78829,68000,12.18,12.68,0.8956,INR/10g,Dhan API v2 (Client 1112620458)
2026-01-27 21:00,2026-01-27,21,Gold,68113.26,68240.78,127.52,0.1872,218.02,9007,81137,68000,12.13,12.63,0.9206,INR/10g,Dhan API v2 (Client 1112620458)
2026-01-27 22:00,2026-01-27,22,Gold,68409.69,68402.02,-7.68,-0.0112,-135.2,13467,81684,68500,12.61,13.11,0.9065,INR/10g,Dhan API v2 (Client 1112620458)
2026-01-27 23:00,2026-01-27,23,Gold,68274.99,68367.74,92.75,0.1358,100.43,7259,80170,68500,12.44,12.94,0.93,INR/10g,Dhan API v2 (Client 1112620458)
2026-01-28 09:00,2026-01-28,9,Gold,68278.21,68437.71,159.5,0.2336,66.75,2591,78449,68500,12.21,12.71,0.9055,INR/10g,Dhan API v2 (Client 1112620458)
2026-01-28 10:00,2026-01-28,10,Gold,68356.95,68353.21,-3.75,-0.0055,-163.25,9178,79860,68500,12.76,13.26,0.9428,INR/10g,Dhan API v2 (Client 1112620458)
2026-01-28 11:00,2026-01-28,11,Gold,68348.17,68448.42,100.25,0.1467,104.0,14235,78836,68500,12.53,13.03,0.9233,INR/10g,Dhan API v2 (Client 1112620458)
2026-01-28 12:00,2026-01-28,12,Gold,68340.45,68366.72,26.28,0.0384,-73.97,12266,79529,68500,12.1,12.6,0.9356,INR/10g,Dhan API v2 (Client 1112620458)
2026-01-28 13:00,2026-01-28,13,Gold,68255.83,68327.45,71.62,0.1049,45.34,9698,80515,68500,12.18,12.68,0.9164,INR/10g,Dhan API v2 (Client 1112620458)
2026-01-28 14:00,2026-01-28,14,Gold,68168.27,68049.28,-118.99,-0.1746,-190.61,10789,78864,68000,13.0,13.5,0.8985,INR/10g,Dhan API v2 (Client 1112620458)
2026-01-28 15:00,2026-01-28,15,Gold,68320.12,68275.33,-44.78,-0.0656,74.21,2603,81044,68500,12.87,13.37,0.946,INR/10g,Dhan API v2 (Client 1112620458)
2026-01-28 16:00,2026-01-28,16,Gold,68482.01,68682.95,200.95,0.2934,245.73,12277,80603,68500,12.96,13.46,0.9427,INR/10g,Dhan API v2 (Client 1112620458)
2026-01-28 17:00,2026-01-28,17,Gold,68529.3,68529.19,-0.11,-0.0002,-201.06,9394,80539,68500,12.48,12.98,0.9292,INR/10g,Dhan API v2 (Client 1112620458)
2026-01-28 18:00,2026-01-28,18,Gold,68539.6,68535.83,-3.77,-0.0055,-3.66,8729,79503,68500,12.48,12.98,0.9695,INR/10g,Dhan API v2 (Client 1112620458)
2026-01-28 19:00,2026-01-28,19,Gold,68275.9,68388.48,112.58,0.1649,116.35,14275,79023,68500,12.67,13.17,0.9103,INR/10g,Dhan API v2 (Client 1112620458)
2026-01-28 20:00,2026-01-28,20,Gold,68138.28,68347.07,208.8,0.3064,96.22,9196,79473,68000,12.48,12.98,0.9202,INR/10g,Dhan API v2 (Client 1112620458)
2026-01-28 21:00,2026-01-28,21,Gold,67969.82,67938.54,-31.28,-0.046,-240.08,2219,78516,68000,12.67,13.17,0.8971,INR/10g,Dhan API v2 (Client 1112620458)
2026-01-28 22:00,2026-01-28,22,Gold,67726.33,67799.9,73.56,0.1086,104.84,8063,80228,67500,12.55,13.05,0.8737,INR/10g,Dhan API v2 (Client 1112620458)
2026-01-28 23:00,2026-01-28,23,Gold,67720.89,67853.71,132.82,0.1961,59.26,9868,78899,67500,12.27,12.77,0.9023,INR/10g,Dhan API v2 (Client 1112620458)
2026-01-29 09:00,2026-01-29,9,Gold,67608.07,67905.71,297.64,0.4402,164.82,9588,80947,67500,13.06,13.56,0.9086,INR/10g,Dhan API v2 (Client 1112620458)
2026-01-29 10:00,2026-01-29,10,Gold,67480.87,67744.43,263.56,0.3906,-34.08,556,81001,67500,12.33,12.83,0.9075,INR/10g,Dhan API v2 (Client 1112620458)
2026-01-29 11:00,2026-01-29,11,Gold,67521.16,67954.87,433.71,0.6423,170.15,7650,81569,67500,12.67,13.17,0.8983,INR/10g,Dhan API v2 (Client 1112620458)
2026-01-29 12:00,2026-01-29,12,Gold,67528.61,67858.43,329.82,0.4884,-103.89,4685,78371,67500,12.44,12.94,0.9316,INR/10g,Dhan API v2 (Client 1112620458)
2026-01-29 13:00,2026-01-29,13,Gold,67286.1,67704.6,418.5,0.622,88.68,7256,79255,67500,12.83,13.33,0.9347,INR/10g,Dhan API v2 (Client 1112620458)
2026-01-29 14:00,2026-01-29,14,Gold,67447.73,67746.2,298.47,0.4425,-120.03,5295,78656,67500,12.43,12.93,0.9123,INR/10g,Dhan API v2 (Client 1112620458)
2026-01-29 15:00,2026-01-29,15,Gold,67388.68,67704.88,316.21,0.4692,17.74,6097,79461,67500,12.27,12.77,0.9071,INR/10g,Dhan API v2 (Client 1112620458)
2026-01-29 16:00,2026-01-29,16,Gold,67271.82,67731.41,459.59,0.6832,143.38,9559,78588,67500,12.91,13.41,0.9127,INR/10g,Dhan API v2 (Client 1112620458)
2026-01-29 17:00,2026-01-29,17,Gold,66964.61,67047.48,82.87,0.1238,-376.72,4764,80408,67000,12.54,13.04,0.8999,INR/10g,Dhan API v2 (Client 1112620458)
2026-01-29 18:00,2026-01-29,18,Gold,66799.19,67036.93,237.73,0.3559,154.86,7583,78260,67000,12.69,13.19,0.9059,INR/10g,Dhan API v2 (Client 1112620458)
2026-01-29 19:00,2026-01-29,19,Gold,66713.46,67054.76,341.31,0.5116,103.58,3429,81638,66500,12.79,13.29,0.934,INR/10g,Dhan API v2 (Client 1112620458)
2026-01-29 20:00,2026-01-29,20,Gold,67033.46,67386.53,353.07,0.5267,11.76,3812,78838,67000,12.86,13.36,0.9041,INR/10g,Dhan API v2 (Client 1112620458)
2026-01-29 21:00,2026-01-29,21,Gold,67061.47,67315.5,254.03,0.3788,-99.04,12240,80034,67000,12.27,12.77,0.9182,INR/10g,Dhan API v2 (Client 1112620458)
2026-01-29 22:00,2026-01-29,22,Gold,66987.91,67264.11,276.2,0.4123,22.17,14846,81063,67000,12.58,13.08,0.94,INR/10g,Dhan API v2 (Client 1112620458)
2026-01-29 23:00,2026-01-29,23,Gold,67006.25,67380.26,374.01,0.5582,97.81,11069,80113,67000,12.63,13.13,0.9253,INR/10g,Dhan API v2 (Client 1112620458)
2026-01-30 09:00,2026-01-30,9,Gold,67090.24,67575.45,485.21,0.7232,111.2,7416,78775,67000,12.94,13.44,0.9303,INR/10g,Dhan API v2 (Client 1112620458)
2026-01-30 10:00,2026-01-30,10,Gold,66940.38,67313.45,373.07,0.5573,-112.14,2500,79902,67000,12.51,13.01,0.9064,INR/10g,Dhan API v2 (Client 1112620458)
2026-01-30 11:00,2026-01-30,11,Gold,66671.63,67038.65,367.01,0.5505,-6.06,818,80286,66500,12.91,13.41,0.929,INR/10g,Dhan API v2 (Client 1112620458)
2026-01-30 12:00,2026-01-30,12,Gold,67034.99,67362.58,327.6,0.4887,-39.41,13928,80932,67000,12.39,12.89,0.9493,INR/10g,Dhan API v2 (Client 1112620458)
2026-01-30 13:00,2026-01-30,13,Gold,67377.64,67731.33,353.68,0.5249,26.08,6417,79899,67500,12.53,13.03,0.9032,INR/10g,Dhan API v2 (Client 1112620458)
2026-01-30 14:00,2026-01-30,14,Gold,67295.14,67516.21,221.07,0.3285,-132.61,5937,79948,67500,12.34,12.84,0.8998,INR/10g,Dhan API v2 (Client 1112620458)
2026-01-30 15:00,2026-01-30,15,Gold,67333.96,67637.1,303.14,0.4502,82.07,2901,80970,67500,13.02,13.52,0.8885,INR/10g,Dhan API v2 (Client 1112620458)
2026-01-30 16:00,2026-01-30,16,Gold,67234.52,67557.49,322.97,0.4804,19.83,8893,80017,67000,12.51,13.01,0.9257,INR/10g,Dhan API v2 (Client 1112620458)
2026-01-30 17:00,2026-01-30,17,Gold,67534.88,67874.46,339.58,0.5028,16.61,2063,78400,67500,12.78,13.28,0.9002,INR/10g,Dhan API v2 (Client 1112620458)
2026-01-30 18:00,2026-01-30,18,Gold,67245.54,67635.07,389.54,0.5793,49.96,14390,78703,67000,12.75,13.25,0.9326,INR/10g,Dhan API v2 (Client 1112620458)
2026-01-30 19:00,2026-01-30,19,Gold,67317.81,67872.57,554.76,0.8241,165.22,5544,80096,67500,13.2,13.7,0.8991,INR/10g,Dhan API v2 (Client 1112620458)
2026-01-30 20:00,2026-01-30,20,Gold,67220.25,67561.21,340.96,0.5072,-213.8,10923,78598,67000,12.63,13.13,0.9238,INR/10g,Dhan API v2 (Client 1112620458)
2026-01-30 21:00,2026-01-30,21,Gold,67127.2,67520.74,393.54,0.5863,52.58,3214,80642,67000,12.92,13.42,0.9164,INR/10g,Dhan API v2 (Client 1112620458)
2026-01-30 22:00,2026-01-30,22,Gold,67576.69,68026.64,449.94,0.6658,56.4,6037,77437,67500,11.89,12.39,0.9108,INR/10g,Dhan API v2 (Client 1112620458)
2026-01-30 23:00,2026-01-30,23,Gold,67884.06,68199.08,315.01,0.464,-134.93,12364,79132,68000,13.09,13.59,0.8944,INR/10g,Dhan API v2 (Client 1112620458)
2026-02-02 09:00,2026-02-02,9,Gold,67785.21,68135.05,349.85,0.5161,34.84,2724,78745,68000,11.93,12.43,0.9471,INR/10g,Dhan API v2 (Client 1112620458)
2026-02-02 10:00,2026-02-02,10,Gold,67612.33,67928.03,315.69,0.4669,-34.16,3645,78571,67500,13.12,13.62,0.8899,INR/10g,Dhan API v2 (Client 1112620458)
2026-02-02 11:00,2026-02-02,11,Gold,67673.58,68045.38,371.8,0.5494,56.11,5181,79243,67500,12.55,13.05,0.9535,INR/10g,Dhan API v2 (Client 1112620458)
2026-02-02 12:00,2026-02-02,12,Gold,67635.55,67960.98,325.43,0.4812,-46.37,12951,79715,67500,12.89,13.39,0.9183,INR/10g,Dhan API v2 (Client 1112620458)
2026-02-02 13:00,2026-02-02,13,Gold,67695.14,68029.79,334.66,0.4944,9.23,12355,79363,67500,12.59,13.09,0.8997,INR/10g,Dhan API v2 (Client 1112620458)
2026-02-02 14:00,2026-02-02,14,Gold,67921.81,68353.76,431.96,0.636,97.3,668,80403,68000,12.38,12.88,0.9304,INR/10g,Dhan API v2 (Client 1112620458)
2026-02-02 15:00,2026-02-02,15,Gold,67614.0,68047.26,433.26,0.6408,1.3,13398,80729,67500,12.78,13.28,0.9281,INR/10g,Dhan API v2 (Client 1112620458)
2026-02-02 16:00,2026-02-02,16,Gold,67436.93,67714.98,278.05,0.4123,-155.21,549,79140,67500,11.76,12.26,0.908,INR/10g,Dhan API v2 (Client 1112620458)
2026-02-02 17:00,2026-02-02,17,Gold,67195.18,67863.64,668.46,0.9948,390.41,7324,79829,67000,12.55,13.05,0.9112,INR/10g,Dhan API v2 (Client 1112620458)
2026-02-02 18:00,2026-02-02,18,Gold,67250.8,67666.25,415.45,0.6178,-253.01,1431,77935,67500,12.74,13.24,0.8986,INR/10g,Dhan API v2 (Client 1112620458)
2026-02-02 19:00,2026-02-02,19,Gold,67402.22,67804.22,402.0,0.5964,-13.45,1130,79778,67500,12.21,12.71,0.9031,INR/10g,Dhan API v2 (Client 1112620458)
2026-02-02 20:00,2026-02-02,20,Gold,67138.93,67443.92,304.98,0.4543,-97.02,5165,80971,67000,12.72,13.22,0.9349,INR/10g,Dhan API v2 (Client 1112620458)
2026-02-02 21:00,2026-02-02,21,Gold,67007.46,67416.04,408.58,0.6098,103.6,14835,80037,67000,12.84,13.34,0.8969,INR/10g,Dhan API v2 (Client 1112620458)
2026-02-02 22:00,2026-02-02,22,Gold,67057.99,67502.72,444.73,0.6632,36.15,14678,79395,67000,12.15,12.65,0.9263,INR/10g,Dhan API v2 (Client 1112620458)
2026-02-02 23:00,2026-02-02,23,Gold,67016.55,67313.89,297.33,0.4437,-147.4,6240,80402,67000,12.83,13.33,0.9121,INR/10g,Dhan API v2 (Client 1112620458)
2026-02-03 09:00,2026-02-03,9,Gold,67223.52,67528.1,304.58,0.4531,7.25,11864,79154,67000,12.29,12.79,0.9245,INR/10g,Dhan API v2 (Client 1112620458)
2026-02-03 10:00,2026-02-03,10,Gold,67323.24,67571.79,248.55,0.3692,-56.03,1232,79279,67500,13.16,13.66,0.9563,INR/10g,Dhan API v2 (Client 1112620458)
2026-02-03 11:00,2026-02-03,11,Gold,67459.97,67832.31,372.33,0.5519,123.78,5545,79725,67500,12.9,13.4,0.9005,INR/10g,Dhan API v2 (Client 1112620458)
2026-02-03 12:00,2026-02-03,12,Gold,67396.96,67719.1,322.14,0.478,-50.19,1140,78471,67500,12.45,12.95,0.9039,INR/10g,Dhan API v2 (Client 1112620458)
2026-02-03 13:00,2026-02-03,13,Gold,67300.63,67534.42,233.79,0.3474,-88.35,7258,80882,67500,12.44,12.94,0.9517,INR/10g,Dhan API v2 (Client 1112620458)
2026-02-03 14:00,2026-02-03,14,Gold,67216.92,67633.79,416.87,0.6202,183.08,9050,79381,67000,12.96,13.46,0.9054,INR/10g,Dhan API v2 (Client 1112620458)
2026-02-03 15:00,2026-02-03,15,Gold,67237.83,67339.4,101.56,0.151,-315.31,14311,78180,67000,12.8,13.3,0.9151,INR/10g,Dhan API v2 (Client 1112620458)
2026-02-03 16:00,2026-02-03,16,Gold,67529.32,67766.16,236.84,0.3507,135.28,12502,79133,67500,12.45,12.95,0.9211,INR/10g,Dhan API v2 (Client 1112620458)
2026-02-03 17:00,2026-02-03,17,Gold,67576.93,68042.58,465.65,0.6891,228.81,10676,79979,67500,12.63,13.13,0.9243,INR/10g,Dhan API v2 (Client 1112620458)
2026-02-03 18:00,2026-02-03,18,Gold,67569.63,67931.76,362.13,0.5359,-103.52,14651,81042,67500,12.3,12.8,0.9646,INR/10g,Dhan API v2 (Client 1112620458)
2026-02-03 19:00,2026-02-03,19,Gold,67657.92,68133.49,475.57,0.7029,113.44,11590,78398,67500,12.64,13.14,0.9481,INR/10g,Dhan API v2 (Client 1112620458)
2026-02-03 20:00,2026-02-03,20,Gold,67691.33,67890.28,198.95,0.2939,-276.62,3073,79393,67500,12.26,12.76,0.9567,INR/10g,Dhan API v2 (Client 1112620458)
2026-02-03 21:00,2026-02-03,21,Gold,67640.28,68172.21,531.92,0.7864,332.97,1118,79341,67500,12.35,12.85,0.9231,INR/10g,Dhan API v2 (Client 1112620458)
2026-02-03 22:00,2026-02-03,22,Gold,67623.56,67812.44,188.88,0.2793,-343.04,13944,81771,67500,12.58,13.08,0.9521,INR/10g,Dhan API v2 (Client 1112620458)
2026-02-03 23:00,2026-02-03,23,Gold,67585.55,68018.55,433.0,0.6407,244.12,1819,78600,67500,12.15,12.65,0.9356,INR/10g,Dhan API v2 (Client 1112620458)
2026-02-04 09:00,2026-02-04,9,Gold,67411.57,67848.3,436.73,0.6479,3.73,4654,79686,67500,12.61,13.11,0.9048,INR/10g,Dhan API v2 (Client 1112620458)
2026-02-04 10:00,2026-02-04,10,Gold,67511.7,67808.08,296.38,0.439,-140.35,10984,79770,67500,12.74,13.24,0.9636,INR/10g,Dhan API v2 (Client 1112620458)
2026-02-04 11:00,2026-02-04,11,Gold,67467.89,67599.53,131.64,0.1951,-164.74,10069,78528,67500,12.91,13.41,0.9091,INR/10g,Dhan API v2 (Client 1112620458)
2026-02-04 12:00,2026-02-04,12,Gold,67405.65,67699.05,293.4,0.4353,161.76,6304,80256,67500,12.83,13.33,0.9153,INR/10g,Dhan API v2 (Client 1112620458)
2026-02-04 13:00,2026-02-04,13,Gold,67413.51,67582.7,169.2,0.251,-124.2,5688,79291,67500,12.72,13.22,0.9209,INR/10g,Dhan API v2 (Client 1112620458)
2026-02-04 14:00,2026-02-04,14,Gold,67633.0,67841.73,208.73,0.3086,39.53,14457,79885,67500,12.7,13.2,0.9069,INR/10g,Dhan API v2 (Client 1112620458)
2026-02-04 15:00,2026-02-04,15,Gold,67630.56,67936.32,305.75,0.4521,97.02,11146,79323,67500,12.85,13.35,0.9386,INR/10g,Dhan API v2 (Client 1112620458)
2026-02-04 16:00,2026-02-04,16,Gold,67603.65,68010.87,407.23,0.6024,101.48,14944,80722,67500,13.1,13.6,0.9434,INR/10g,Dhan API v2 (Client 1112620458)
2026-02-04 17:00,2026-02-04,17,Gold,67569.11,68014.76,445.65,0.6595,38.42,6758,79961,67500,12.71,13.21,0.8924,INR/10g,Dhan API v2 (Client 1112620458)
2026-02-04 18:00,2026-02-04,18,Gold,67612.59,67981.61,369.03,0.5458,-76.62,3030,80158,67500,12.86,13.36,0.8718,INR/10g,Dhan API v2 (Client 1112620458)
2026-02-04 19:00,2026-02-04,19,Gold,67405.45,67723.74,318.29,0.4722,-50.74,1149,79410,67500,12.14,12.64,0.9125,INR/10g,Dhan API v2 (Client 1112620458)
2026-02-04 20:00,2026-02-04,20,Gold,67408.17,67694.72,286.55,0.4251,-31.74,10793,78093,67500,12.42,12.92,0.8945,INR/10g,Dhan API v2 (Client 1112620458)
2026-02-04 21:00,2026-02-04,21,Gold,67451.9,67679.98,228.08,0.3381,-58.47,11578,79748,67500,12.45,12.95,0.9137,INR/10g,Dhan API v2 (Client 1112620458)
2026-02-04 22:00,2026-02-04,22,Gold,67479.95,67827.35,347.4,0.5148,119.32,3161,79621,67500,12.64,13.14,0.9155,INR/10g,Dhan API v2 (Client 1112620458)
2026-02-04 23:00,2026-02-04,23,Gold,67554.41,67725.92,171.5,0.2539,-175.9,10319,79395,67500,12.19,12.69,0.9239,INR/10g,Dhan API v2 (Client 1112620458)
2026-02-05 09:00,2026-02-05,9,Gold,67437.0,67738.76,301.76,0.4475,130.26,9852,78694,67500,12.61,13.11,0.9465,INR/10g,Dhan API v2 (Client 1112620458)
2026-02-05 10:00,2026-02-05,10,Gold,67207.59,67471.23,263.64,0.3923,-38.12,1602,78624,67000,12.16,12.66,0.8751,INR/10g,Dhan API v2 (Client 1112620458)
2026-02-05 11:00,2026-02-05,11,Gold,67015.8,67175.35,159.54,0.2381,-104.1,1457,80644,67000,12.51,13.01,0.9327,INR/10g,Dhan API v2 (Client 1112620458)
2026-02-05 12:00,2026-02-05,12,Gold,67010.73,67328.42,317.7,0.4741,158.16,13553,78046,67000,12.56,13.06,0.9103,INR/10g,Dhan API v2 (Client 1112620458)
2026-02-05 13:00,2026-02-05,13,Gold,66998.99,67381.91,382.92,0.5715,65.22,11427,78229,67000,12.85,13.35,0.9474,INR/10g,Dhan API v2 (Client 1112620458)
2026-02-05 14:00,2026-02-05,14,Gold,67051.11,67419.16,368.05,0.5489,-14.87,11539,79844,67000,12.64,13.14,0.9262,INR/10g,Dhan API v2 (Client 1112620458)
2026-02-05 15:00,2026-02-05,15,Gold,67190.93,67473.51,282.58,0.4206,-85.47,14000,80769,67000,12.6,13.1,0.9202,INR/10g,Dhan API v2 (Client 1112620458)
2026-02-05 16:00,2026-02-05,16,Gold,67142.64,67430.31,287.67,0.4284,5.09,3251,79149,67000,12.23,12.73,0.9156,INR/10g,Dhan API v2 (Client 1112620458)
2026-02-05 17:00,2026-02-05,17,Gold,67119.39,67447.0,327.61,0.4881,39.94,14661,79936,67000,12.58,13.08,0.9031,INR/10g,Dhan API v2 (Client 1112620458)
2026-02-05 18:00,2026-02-05,18,Gold,66909.53,67156.87,247.34,0.3697,-80.27,4271,78891,67000,12.65,13.15,0.9146,INR/10g,Dhan API v2 (Client 1112620458)
2026-02-05 19:00,2026-02-05,19,Gold,67088.11,67255.86,167.75,0.25,-79.59,10567,76712,67000,13.09,13.59,0.9026,INR/10g,Dhan API v2 (Client 1112620458)
2026-02-05 20:00,2026-02-05,20,Gold,67213.71,67573.91,360.2,0.5359,192.45,1594,79321,67000,12.94,13.44,0.8993,INR/10g,Dhan API v2 (Client 1112620458)
2026-02-05 21:00,2026-02-05,21,Gold,67205.48,67546.98,341.5,0.5081,-18.7,13559,79089,67000,12.9,13.4,0.9431,INR/10g,Dhan API v2 (Client 1112620458)
2026-02-05 22:00,2026-02-05,22,Gold,67376.46,67688.78,312.32,0.4635,-29.18,6148,80460,67500,12.59,13.09,0.9521,INR/10g,Dhan API v2 (Client 1112620458)
2026-02-05 23:00,2026-02-05,23,Gold,67335.97,67717.48,381.51,0.5666,69.19,8080,79626,67500,12.17,12.67,0.9423,INR/10g,Dhan API v2 (Client 1112620458)
2026-02-06 09:00,2026-02-06,9,Gold,67344.47,67444.32,99.85,0.1483,-281.66,10917,80064,67500,12.39,12.89,0.9147,INR/10g,Dhan API v2 (Client 1112620458)
2026-02-06 10:00,2026-02-06,10,Gold,67309.94,67627.46,317.52,0.4717,217.67,10953,81071,67500,12.67,13.17,0.942,INR/10g,Dhan API v2 (Client 1112620458)
2026-02-06 11:00,2026-02-06,11,Gold,67358.39,67519.39,161.0,0.239,-156.52,10746,78272,67500,12.31,12.81,0.9312,INR/10g,Dhan API v2 (Client 1112620458)
2026-02-06 12:00,2026-02-06,12,Gold,67162.47,67397.12,234.65,0.3494,73.65,7992,79096,67000,12.41,12.91,0.8909,INR/10g,Dhan API v2 (Client 1112620458)
2026-02-06 13:00,2026-02-06,13,Gold,67078.75,67357.56,278.81,0.4157,44.16,7745,78632,67000,12.41,12.91,0.9094,INR/10g,Dhan API v2 (Client 1112620458)
2026-02-06 14:00,2026-02-06,14,Gold,67263.31,67489.79,226.47,0.3367,-52.34,14442,78766,67500,12.5,13.0,0.9323,INR/10g,Dhan API v2 (Client 1112620458)
2026-02-06 15:00,2026-02-06,15,Gold,67457.49,67958.78,501.29,0.7431,274.82,2985,80151,67500,12.4,12.9,0.9291,INR/10g,Dhan API v2 (Client 1112620458)
2026-02-06 16:00,2026-02-06,16,Gold,67535.69,67911.21,375.52,0.556,-125.77,5896,79818,67500,12.84,13.34,0.8896,INR/10g,Dhan API v2 (Client 1112620458)
2026-02-06 17:00,2026-02-06,17,Gold,67560.71,67826.73,266.02,0.3938,-109.5,5994,80323,67500,12.74,13.24,0.8879,INR/10g,Dhan API v2 (Client 1112620458)
2026-02-06 18:00,2026-02-06,18,Gold,67677.87,67851.76,173.89,0.2569,-92.13,10511,80399,67500,12.49,12.99,0.9089,INR/10g,Dhan API v2 (Client 1112620458)
2026-02-06 19:00,2026-02-06,19,Gold,67691.7,67992.92,301.23,0.445,127.34,13777,78043,67500,12.79,13.29,0.9357,INR/10g,Dhan API v2 (Client 1112620458)
2026-02-06 20:00,2026-02-06,20,Gold,67537.19,67823.78,286.59,0.4243,-14.64,10276,79498,67500,12.85,13.35,0.9241,INR/10g,Dhan API v2 (Client 1112620458)
2026-02-06 21:00,2026-02-06,21,Gold,67359.79,67517.77,157.99,0.2345,-128.6,3220,80392,67500,12.69,13.19,0.9459,INR/10g,Dhan API v2 (Client 1112620458)
2026-02-06 22:00,2026-02-06,22,Gold,67428.83,67735.72,306.89,0.4551,148.9,11418,78480,67500,13.13,13.63,0.8766,INR/10g,Dhan API v2 (Client 1112620458)
2026-02-06 23:00,2026-02-06,23,Gold,67400.59,67762.66,362.08,0.5372,55.19,9998,77823,67500,12.78,13.28,0.9266,INR/10g,Dhan API v2 (Client 1112620458)
2026-02-09 09:00,2026-02-09,9,Gold,67471.46,67804.06,332.6,0.493,-29.48,7245,80817,67500,12.29,12.79,0.9276,INR/10g,Dhan API v2 (Client 1112620458)
2026-02-09 10:00,2026-02-09,10,Gold,67564.81,67863.36,298.55,0.4419,-34.05,5689,77705,67500,13.06,13.56,0.8963,INR/10g,Dhan API v2 (Client 1112620458)
2026-02-09 11:00,2026-02-09,11,Gold,67270.64,67834.73,564.09,0.8385,265.54,10580,78987,67500,12.83,13.33,0.9267,INR/10g,Dhan API v2 (Client 1112620458)
2026-02-09 12:00,2026-02-09,12,Gold,67115.71,67425.15,309.44,0.4611,-254.65,9769,78488,67000,12.66,13.16,0.9354,INR/10g,Dhan API v2 (Client 1112620458)
2026-02-09 13:00,2026-02-09,13,Gold,67250.22,67691.53,441.31,0.6562,131.87,3880,79184,67500,12.53,13.03,0.9203,INR/10g,Dhan API v2 (Client 1112620458)
2026-02-09 14:00,2026-02-09,14,Gold,67084.7,67308.27,223.57,0.3333,-217.74,7996,79031,67000,12.48,12.98,0.9151,INR/10g,Dhan API v2 (Client 1112620458)
2026-02-09 15:00,2026-02-09,15,Gold,67118.46,67463.63,345.17,0.5143,121.6,9915,79384,67000,12.15,12.65,0.9271,INR/10g,Dhan API v2 (Client 1112620458)
2026-02-09 16:00,2026-02-09,16,Gold,67156.29,67340.34,184.06,0.2741,-161.11,6714,81073,67000,11.82,12.32,0.9044,INR/10g,Dhan API v2 (Client 1112620458)
2026-02-09 17:00,2026-02-09,17,Gold,67305.26,67578.55,273.28,0.406,89.22,11711,78633,67500,12.54,13.04,0.8637,INR/10g,Dhan API v2 (Client 1112620458)
2026-02-09 18:00,2026-02-09,18,Gold,67362.01,67651.24,289.23,0.4294,15.95,12977,79635,67500,13.02,13.52,0.9387,INR/10g,Dhan API v2 (Client 1112620458)
2026-02-09 19:00,2026-02-09,19,Gold,67247.72,67642.77,395.05,0.5875,105.82,10617,78566,67000,12.35,12.85,0.9296,INR/10g,Dhan API v2 (Client 1112620458)
2026-02-09 20:00,2026-02-09,20,Gold,67247.68,67450.9,203.22,0.3022,-191.83,3039,78827,67000,11.8,12.3,0.9287,INR/10g,Dhan API v2 (Client 1112620458)
2026-02-09 21:00,2026-02-09,21,Gold,67369.67,67523.88,154.21,0.2289,-49.01,8171,79413,67500,13.02,13.52,0.9113,INR/10g,Dhan API v2 (Client 1112620458)
2026-02-09 22:00,2026-02-09,22,Gold,67627.49,67909.11,281.62,0.4164,127.41,10743,79356,67500,12.29,12.79,0.8809,INR/10g,Dhan API v2 (Client 1112620458)
2026-02-09 23:00,2026-02-09,23,Gold,67490.83,67827.7,336.87,0.4991,55.25,913,80933,67500,12.97,13.47,0.9057,INR/10g,Dhan API v2 (Client 1112620458)
2026-02-10 09:00,2026-02-10,9,Gold,67439.28,67742.62,303.34,0.4498,-33.53,10368,80497,67500,12.61,13.11,0.9301,INR/10g,Dhan API v2 (Client 1112620458)
2026-02-10 10:00,2026-02-10,10,Gold,67879.4,68142.89,263.49,0.3882,-39.85,11039,79285,68000,12.23,12.73,0.9163,INR/10g,Dhan API v2 (Client 1112620458)
2026-02-10 11:00,2026-02-10,11,Gold,67987.89,68424.1,436.2,0.6416,172.71,13337,78895,68000,12.39,12.89,0.916,INR/10g,Dhan API v2 (Client 1112620458)
2026-02-10 12:00,2026-02-10,12,Gold,68039.59,68286.78,247.19,0.3633,-189.01,7850,78282,68000,13.2,13.7,0.9103,INR/10g,Dhan API v2 (Client 1112620458)
2026-02-10 13:00,2026-02-10,13,Gold,68080.79,68178.96,98.18,0.1442,-149.01,4718,78942,68000,13.22,13.72,0.9208,INR/10g,Dhan API v2 (Client 1112620458)
2026-02-10 14:00,2026-02-10,14,Gold,67949.92,68155.61,205.68,0.3027,107.5,9317,79978,68000,12.43,12.93,0.9154,INR/10g,Dhan API v2 (Client 1112620458)
2026-02-10 15:00,2026-02-10,15,Gold,68010.52,68267.09,256.57,0.3772,50.89,12179,78911,68000,12.55,13.05,0.9039,INR/10g,Dhan API v2 (Client 1112620458)
2026-02-10 16:00,2026-02-10,16,Gold,67949.11,68264.35,315.24,0.4639,58.67,13175,79642,68000,12.66,13.16,0.8974,INR/10g,Dhan API v2 (Client 1112620458)
2026-02-10 17:00,2026-02-10,17,Gold,67996.77,68185.33,188.56,0.2773,-126.68,5174,80577,68000,12.29,12.79,0.8892,INR/10g,Dhan API v2 (Client 1112620458)
2026-02-10 18:00,2026-02-10,18,Gold,67786.01,68026.68,240.67,0.355,52.11,13749,77788,68000,12.92,13.42,0.9219,INR/10g,Dhan API v2 (Client 1112620458)
2026-02-10 19:00,2026-02-10,19,Gold,67732.62,68111.48,378.86,0.5593,138.19,14001,79544,67500,12.59,13.09,0.925,INR/10g,Dhan API v2 (Client 1112620458)
2026-02-10 20:00,2026-02-10,20,Gold,67710.65,67999.73,289.08,0.4269,-89.78,1748,81077,67500,12.17,12.67,0.915,INR/10g,Dhan API v2 (Client 1112620458)
2026-02-10 21:00,2026-02-10,21,Gold,67600.99,67933.81,332.82,0.4923,43.74,13967,78405,67500,12.7,13.2,0.9194,INR/10g,Dhan API v2 (Client 1112620458)
2026-02-10 22:00,2026-02-10,22,Gold,67572.78,67890.12,317.34,0.4696,-15.48,9368,79633,67500,12.85,13.35,0.945,INR/10g,Dhan API v2 (Client 1112620458)
2026-02-10 23:00,2026-02-10,23,Gold,67840.88,68189.96,349.09,0.5146,31.75,12951,78653,68000,12.7,13.2,0.936,INR/10g,Dhan API v2 (Client 1112620458)
2026-02-11 09:00,2026-02-11,9,Gold,67905.83,68017.73,111.9,0.1648,-237.19,8278,78969,68000,12.9,13.4,0.8942,INR/10g,Dhan API v2 (Client 1112620458)
2026-02-11 10:00,2026-02-11,10,Gold,67834.63,67943.55,108.92,0.1606,-2.98,13711,79427,68000,12.65,13.15,0.9144,INR/10g,Dhan API v2 (Client 1112620458)
2026-02-11 11:00,2026-02-11,11,Gold,67726.45,67915.3,188.85,0.2788,79.93,6163,80111,67500,12.61,13.11,0.9337,INR/10g,Dhan API v2 (Client 1112620458)
2026-02-11 12:00,2026-02-11,12,Gold,67722.0,68031.19,309.2,0.4566,120.35,6308,81367,67500,12.88,13.38,0.9018,INR/10g,Dhan API v2 (Client 1112620458)
2026-02-11 13:00,2026-02-11,13,Gold,67709.7,67950.51,240.81,0.3557,-68.39,10857,79289,67500,12.3,12.8,0.9527,INR/10g,Dhan API v2 (Client 1112620458)
2026-02-11 14:00,2026-02-11,14,Gold,67730.64,67967.56,236.93,0.3498,-3.88,14304,78640,67500,12.18,12.68,0.9277,INR/10g,Dhan API v2 (Client 1112620458)
2026-02-11 15:00,2026-02-11,15,Gold,67827.31,68234.83,407.52,0.6008,170.59,7138,80705,68000,12.69,13.19,0.9337,INR/10g,Dhan API v2 (Client 1112620458)
2026-02-11 16:00,2026-02-11,16,Gold,67748.9,67959.03,210.13,0.3102,-197.39,10472,81214,67500,13.03,13.53,0.9025,INR/10g,Dhan API v2 (Client 1112620458)
2026-02-11 17:00,2026-02-11,17,Gold,67834.1,68086.94,252.84,0.3727,42.71,4387,78706,68000,12.44,12.94,0.9162,INR/10g,Dhan API v2 (Client 1112620458)
2026-02-11 18:00,2026-02-11,18,Gold,67427.3,67709.53,282.23,0.4186,29.39,802,80948,67500,12.83,13.33,0.8991,INR/10g,Dhan API v2 (Client 1112620458)
2026-02-11 19:00,2026-02-11,19,Gold,67448.6,67723.26,274.67,0.4072,-7.56,13529,79738,67500,12.67,13.17,0.9214,INR/10g,Dhan API v2 (Client 1112620458)
2026-02-11 20:00,2026-02-11,20,Gold,67509.81,67930.06,420.25,0.6225,145.58,8134,77440,67500,12.96,13.46,0.9028,INR/10g,Dhan API v2 (Client 1112620458)
2026-02-11 21:00,2026-02-11,21,Gold,67352.13,67643.43,291.29,0.4325,-128.96,10670,77494,67500,12.8,13.3,0.918,INR/10g,Dhan API v2 (Client 1112620458)
2026-02-11 22:00,2026-02-11,22,Gold,67405.06,67580.58,175.52,0.2604,-115.77,10323,78537,67500,12.72,13.22,0.9166,INR/10g,Dhan API v2 (Client 1112620458)
2026-02-11 23:00,2026-02-11,23,Gold,67184.88,67339.25,154.37,0.2298,-21.15,10797,79833,67000,12.71,13.21,0.9298,INR/10g,Dhan API v2 (Client 1112620458)
2026-02-12 09:00,2026-02-12,9,Gold,67239.0,67457.25,218.25,0.3246,63.88,5049,80209,67000,12.51,13.01,0.9346,INR/10g,Dhan API v2 (Client 1112620458)
2026-02-12 10:00,2026-02-12,10,Gold,67047.44,67293.22,245.77,0.3666,27.52,2063,80138,67000,12.81,13.31,0.9049,INR/10g,Dhan API v2 (Client 1112620458)
2026-02-12 11:00,2026-02-12,11,Gold,66667.05,66944.42,277.36,0.416,31.59,12552,80868,66500,12.64,13.14,0.9243,INR/10g,Dhan API v2 (Client 1112620458)
2026-02-12 12:00,2026-02-12,12,Gold,66833.72,66959.79,126.07,0.1886,-151.29,13162,79338,67000,12.77,13.27,0.9409,INR/10g,Dhan API v2 (Client 1112620458)
2026-02-12 13:00,2026-02-12,13,Gold,66873.4,67069.87,196.48,0.2938,70.41,6051,80345,67000,12.89,13.39,0.9234,INR/10g,Dhan API v2 (Client 1112620458)
2026-02-12 14:00,2026-02-12,14,Gold,66723.66,66882.03,158.36,0.2373,-38.12,8488,79493,66500,12.84,13.34,0.9496,INR/10g,Dhan API v2 (Client 1112620458)
2026-02-12 15:00,2026-02-12,15,Gold,66976.44,67036.49,60.05,0.0897,-98.31,13084,79484,67000,12.39,12.89,0.9048,INR/10g,Dhan API v2 (Client 1112620458)
2026-02-12 16:00,2026-02-12,16,Gold,67083.16,67401.55,318.38,0.4746,258.33,7148,79963,67000,12.47,12.97,0.908,INR/10g,Dhan API v2 (Client 1112620458)
2026-02-12 17:00,2026-02-12,17,Gold,67072.06,67304.21,232.15,0.3461,-86.23,1127,79074,67000,12.39,12.89,0.9127,INR/10g,Dhan API v2 (Client 1112620458)
2026-02-12 18:00,2026-02-12,18,Gold,67133.24,67349.73,216.49,0.3225,-15.66,2180,79422,67000,11.79,12.29,0.9496,INR/10g,Dhan API v2 (Client 1112620458)
2026-02-12 19:00,2026-02-12,19,Gold,67234.83,67553.19,318.36,0.4735,101.87,7977,78743,67000,12.76,13.26,0.8925,INR/10g,Dhan API v2 (Client 1112620458)
2026-02-12 20:00,2026-02-12,20,Gold,67047.92,67170.84,122.93,0.1833,-195.43,12578,80107,67000,12.67,13.17,0.9023,INR/10g,Dhan API v2 (Client 1112620458)
2026-02-12 21:00,2026-02-12,21,Gold,67067.15,67280.1,212.95,0.3175,90.02,13830,77216,67000,12.84,13.34,0.9459,INR/10g,Dhan API v2 (Client 1112620458)
2026-02-12 22:00,2026-02-12,22,Gold,67306.61,67438.58,131.97,0.1961,-80.98,4935,78296,67500,12.94,13.44,0.9315,INR/10g,Dhan API v2 (Client 1112620458)
2026-02-12 23:00,2026-02-12,23,Gold,67281.78,67502.45,220.66,0.328,88.69,1989,79186,67500,13.18,13.68,0.9065,INR/10g,Dhan API v2 (Client 1112620458)
2026-02-13 09:00,2026-02-13,9,Gold,67196.08,67508.61,312.53,0.4651,91.87,12856,79260,67000,12.16,12.66,0.9268,INR/10g,Dhan API v2 (Client 1112620458)
2026-02-13 10:00,2026-02-13,10,Gold,66980.66,67155.78,175.12,0.2614,-137.41,3304,79973,67000,11.75,12.25,0.922,INR/10g,Dhan API v2 (Client 1112620458)
2026-02-13 11:00,2026-02-13,11,Gold,67281.57,67594.75,313.18,0.4655,138.06,4634,79496,67500,12.49,12.99,0.9112,INR/10g,Dhan API v2 (Client 1112620458)
2026-02-13 12:00,2026-02-13,12,Gold,67330.36,67458.93,128.57,0.191,-184.61,8943,79387,67500,12.51,13.01,0.8895,INR/10g,Dhan API v2 (Client 1112620458)
2026-02-13 13:00,2026-02-13,13,Gold,67169.92,67308.5,138.58,0.2063,10.01,9757,78855,67000,12.89,13.39,0.9288,INR/10g,Dhan API v2 (Client 1112620458)
2026-02-13 14:00,2026-02-13,14,Gold,67338.32,67650.9,312.58,0.4642,174.0,625,80716,67500,12.0,12.5,0.8892,INR/10g,Dhan API v2 (Client 1112620458)
2026-02-13 15:00,2026-02-13,15,Gold,67271.81,67448.55,176.73,0.2627,-135.85,7431,79643,67500,12.48,12.98,0.9525,INR/10g,Dhan API v2 (Client 1112620458)
2026-02-13 16:00,2026-02-13,16,Gold,67111.84,67404.85,293.0,0.4366,116.27,12665,77763,67000,13.13,13.63,0.9376,INR/10g,Dhan API v2 (Client 1112620458)
2026-02-13 17:00,2026-02-13,17,Gold,66985.62,67174.57,188.95,0.2821,-104.05,9677,79377,67000,12.79,13.29,0.9256,INR/10g,Dhan API v2 (Client 1112620458)
2026-02-13 18:00,2026-02-13,18,Gold,66809.46,66982.1,172.64,0.2584,-16.31,669,80072,67000,12.65,13.15,0.9085,INR/10g,Dhan API v2 (Client 1112620458)
2026-02-13 19:00,2026-02-13,19,Gold,66916.82,67309.46,392.63,0.5868,219.99,8102,79044,67000,12.46,12.96,0.9018,INR/10g,Dhan API v2 (Client 1112620458)
2026-02-13 20:00,2026-02-13,20,Gold,67003.61,67137.64,134.03,0.2,-258.6,7418,79549,67000,12.3,12.8,0.9233,INR/10g,Dhan API v2 (Client 1112620458)
2026-02-13 21:00,2026-02-13,21,Gold,67234.38,67489.24,254.86,0.3791,120.83,1255,79453,67000,12.42,12.92,0.876,INR/10g,Dhan API v2 (Client 1112620458)
2026-02-13 22:00,2026-02-13,22,Gold,67156.04,67538.96,382.93,0.5702,128.07,11571,80150,67000,11.97,12.47,0.9532,INR/10g,Dhan API v2 (Client 1112620458)
2026-02-13 23:00,2026-02-13,23,Gold,67085.87,67535.33,449.46,0.67,66.53,12076,81559,67000,12.54,13.04,0.9253,INR/10g,Dhan API v2 (Client 1112620458)
2026-02-16 09:00,2026-02-16,9,Gold,67045.02,67226.54,181.52,0.2707,-267.94,2320,78537,67000,12.37,12.87,0.9083,INR/10g,Dhan API v2 (Client 1112620458)
2026-02-16 10:00,2026-02-16,10,Gold,67214.46,67461.04,246.58,0.3669,65.06,7524,78396,67000,12.57,13.07,0.9359,INR/10g,Dhan API v2 (Client 1112620458)
2026-02-16 11:00,2026-02-16,11,Gold,66861.85,66886.43,24.58,0.0368,-222.0,11627,78954,67000,12.23,12.73,0.9187,INR/10g,Dhan API v2 (Client 1112620458)
2026-02-16 12:00,2026-02-16,12,Gold,66811.45,67067.53,256.09,0.3833,231.51,5950,79815,67000,13.21,13.71,0.9578,INR/10g,Dhan API v2 (Client 1112620458)
2026-02-16 13:00,2026-02-16,13,Gold,66678.13,66825.69,147.55,0.2213,-108.54,2639,79912,66500,12.29,12.79,0.8988,INR/10g,Dhan API v2 (Client 1112620458)
2026-02-16 14:00,2026-02-16,14,Gold,66996.67,67030.95,34.28,0.0512,-113.27,13071,80309,67000,12.61,13.11,0.8996,INR/10g,Dhan API v2 (Client 1112620458)
2026-02-16 15:00,2026-02-16,15,Gold,66978.83,66910.2,-68.63,-0.1025,-102.91,4141,79623,67000,12.61,13.11,0.9191,INR/10g,Dhan API v2 (Client 1112620458)
2026-02-16 16:00,2026-02-16,16,Gold,66851.92,66909.45,57.54,0.0861,126.17,13247,79876,67000,12.85,13.35,0.942,INR/10g,Dhan API v2 (Client 1112620458)
2026-02-16 17:00,2026-02-16,17,Gold,66853.21,67087.33,234.13,0.3502,176.59,1645,77912,67000,12.69,13.19,0.9337,INR/10g,Dhan API v2 (Client 1112620458)
2026-02-16 18:00,2026-02-16,18,Gold,66756.68,66983.84,227.17,0.3403,-6.96,5931,79558,67000,12.35,12.85,0.9232,INR/10g,Dhan API v2 (Client 1112620458)
2026-02-16 19:00,2026-02-16,19,Gold,66856.61,67083.34,226.73,0.3391,-0.44,5958,79595,67000,12.74,13.24,0.9364,INR/10g,Dhan API v2 (Client 1112620458)
2026-02-16 20:00,2026-02-16,20,Gold,66883.24,67098.59,215.35,0.322,-11.38,13165,78973,67000,12.55,13.05,0.8894,INR/10g,Dhan API v2 (Client 1112620458)
2026-02-16 21:00,2026-02-16,21,Gold,66788.16,67101.85,313.69,0.4697,98.34,14122,78315,67000,12.77,13.27,0.9389,INR/10g,Dhan API v2 (Client 1112620458)
2026-02-16 22:00,2026-02-16,22,Gold,66812.13,66952.31,140.18,0.2098,-173.51,8390,80301,67000,13.06,13.56,0.9012,INR/10g,Dhan API v2 (Client 1112620458)
2026-02-16 23:00,2026-02-16,23,Gold,66894.52,67019.0,124.48,0.1861,-15.7,8404,80171,67000,12.59,13.09,0.9021,INR/10g,Dhan API v2 (Client 1112620458)
2026-02-17 09:00,2026-02-17,9,Gold,66983.41,67146.52,163.11,0.2435,38.63,7547,79519,67000,12.21,12.71,0.8976,INR/10g,Dhan API v2 (Client 1112620458)
2026-02-17 10:00,2026-02-17,10,Gold,66823.17,67072.34,249.17,0.3729,86.06,7025,79303,67000,12.31,12.81,0.9006,INR/10g,Dhan API v2 (Client 1112620458)
2026-02-17 11:00,2026-02-17,11,Gold,66828.3,66987.86,159.56,0.2388,-89.61,547,78537,67000,12.49,12.99,0.9065,INR/10g,Dhan API v2 (Client 1112620458)
2026-02-17 12:00,2026-02-17,12,Gold,66687.85,66791.99,104.15,0.1562,-55.41,14995,81129,66500,13.0,13.5,0.8973,INR/10g,Dhan API v2 (Client 1112620458)
2026-02-17 13:00,2026-02-17,13,Gold,66722.21,66959.29,237.09,0.3553,132.94,894,78749,66500,12.61,13.11,0.9293,INR/10g,Dhan API v2 (Client 1112620458)
2026-02-17 14:00,2026-02-17,14,Gold,66978.38,67218.7,240.33,0.3588,3.24,7071,79370,67000,12.1,12.6,0.9522,INR/10g,Dhan API v2 (Client 1112620458)
2026-02-17 15:00,2026-02-17,15,Gold,66827.92,67107.63,279.71,0.4186,39.38,3346,78829,67000,12.31,12.81,0.9356,INR/10g,Dhan API v2 (Client 1112620458)
2026-02-17 16:00,2026-02-17,16,Gold,66711.84,66836.47,124.63,0.1868,-155.08,1308,78429,66500,12.97,13.47,0.9291,INR/10g,Dhan API v2 (Client 1112620458)
2026-02-17 17:00,2026-02-17,17,Gold,66581.24,66696.23,114.99,0.1727,-9.64,12534,80611,66500,12.21,12.71,0.9207,INR/10g,Dhan API v2 (Client 1112620458)
2026-02-17 18:00,2026-02-17,18,Gold,66407.8,66560.8,153.0,0.2304,38.01,5684,79155,66500,12.34,12.84,0.8926,INR/10g,Dhan API v2 (Client 1112620458)
2026-02-17 19:00,2026-02-17,19,Gold,66409.74,66571.9,162.15,0.2442,9.15,14304,79789,66500,12.54,13.04,0.8946,INR/10g,Dhan API v2 (Client 1112620458)
2026-02-17 20:00,2026-02-17,20,Gold,66293.59,66551.33,257.74,0.3888,95.59,14913,79332,66500,12.57,13.07,0.922,INR/10g,Dhan API v2 (Client 1112620458)
2026-02-17 21:00,2026-02-17,21,Gold,66198.87,66339.67,140.8,0.2127,-116.94,2251,79637,66000,13.11,13.61,0.8953,INR/10g,Dhan API v2 (Client 1112620458)
2026-02-17 22:00,2026-02-17,22,Gold,66251.58,66547.77,296.19,0.4471,155.39,6840,79931,66500,12.81,13.31,0.8687,INR/10g,Dhan API v2 (Client 1112620458)
2026-02-17 23:00,2026-02-17,23,Gold,66404.01,66597.7,193.69,0.2917,-102.5,12488,78137,66500,12.35,12.85,0.8956,INR/10g,Dhan API v2 (Client 1112620458)
2026-02-18 09:00,2026-02-18,9,Gold,66461.7,66763.21,301.5,0.4537,107.81,6100,80315,66500,12.64,13.14,0.9305,INR/10g,Dhan API v2 (Client 1112620458)
2026-02-18 10:00,2026-02-18,10,Gold,66480.95,66663.95,183.0,0.2753,-118.5,757,80580,66500,12.77,13.27,0.934,INR/10g,Dhan API v2 (Client 1112620458)
2026-02-18 11:00,2026-02-18,11,Gold,66420.23,66498.08,77.86,0.1172,-105.14,13641,80714,66500,12.4,12.9,0.9212,INR/10g,Dhan API v2 (Client 1112620458)
2026-02-18 12:00,2026-02-18,12,Gold,66697.49,66849.56,152.07,0.228,74.21,11628,78397,66500,13.27,13.77,0.9639,INR/10g,Dhan API v2 (Client 1112620458)
2026-02-18 13:00,2026-02-18,13,Gold,66590.23,66833.65,243.42,0.3656,91.35,1507,78019,66500,12.5,13.0,0.9662,INR/10g,Dhan API v2 (Client 1112620458)
2026-02-18 14:00,2026-02-18,14,Gold,66780.48,66927.28,146.8,0.2198,-96.62,5255,79368,67000,12.74,13.24,0.93,INR/10g,Dhan API v2 (Client 1112620458)
2026-02-18 15:00,2026-02-18,15,Gold,66651.41,66956.12,304.72,0.4572,157.92,1151,80680,66500,12.38,12.88,0.9263,INR/10g,Dhan API v2 (Client 1112620458)
2026-02-18 16:00,2026-02-18,16,Gold,66759.85,66897.82,137.97,0.2067,-166.75,14468,79868,67000,12.58,13.08,0.8913,INR/10g,Dhan API v2 (Client 1112620458)
2026-02-18 17:00,2026-02-18,17,Gold,66852.52,67068.21,215.7,0.3226,77.73,3648,79451,67000,12.38,12.88,0.9035,INR/10g,Dhan API v2 (Client 1112620458)
2026-02-18 18:00,2026-02-18,18,Gold,66786.14,66888.05,101.91,0.1526,-113.79,9045,79021,67000,12.79,13.29,0.9174,INR/10g,Dhan API v2 (Client 1112620458)
2026-02-18 19:00,2026-02-18,19,Gold,66718.52,67005.42,286.9,0.43,184.99,9086,79755,66500,12.89,13.39,0.9037,INR/10g,Dhan API v2 (Client 1112620458)
2026-02-18 20:00,2026-02-18,20,Gold,66682.53,66917.57,235.04,0.3525,-51.86,1724,79738,66500,13.09,13.59,0.8749,INR/10g,Dhan API v2 (Client 1112620458)
2026-02-18 21:00,2026-02-18,21,Gold,66179.77,66247.81,68.04,0.1028,-167.0,2210,78941,66000,12.6,13.1,0.9438,INR/10g,Dhan API v2 (Client 1112620458)
2026-02-18 22:00,2026-02-18,22,Gold,66215.06,66446.86,231.8,0.3501,163.76,4081,77184,66000,12.35,12.85,0.906,INR/10g,Dhan API v2 (Client 1112620458)
2026-02-18 23:00,2026-02-18,23,Gold,66301.31,66545.8,244.49,0.3688,12.69,11989,79937,66500,12.24,12.74,0.8843,INR/10g,Dhan API v2 (Client 1112620458)
2026-02-19 09:00,2026-02-19,9,Gold,66553.93,66754.31,200.38,0.3011,-44.11,2812,79761,66500,12.09,12.59,0.9176,INR/10g,Dhan API v2 (Client 1112620458)
2026-02-19 10:00,2026-02-19,10,Gold,66557.34,66638.86,81.53,0.1225,-118.85,11460,79705,66500,12.62,13.12,0.9474,INR/10g,Dhan API v2 (Client 1112620458)
2026-02-19 11:00,2026-02-19,11,Gold,66620.61,66890.27,269.66,0.4048,188.13,10369,80744,66500,12.74,13.24,0.9337,INR/10g,Dhan API v2 (Client 1112620458)
2026-02-19 12:00,2026-02-19,12,Gold,66597.3,66658.31,61.01,0.0916,-208.65,6051,79544,66500,12.73,13.23,0.9391,INR/10g,Dhan API v2 (Client 1112620458)
2026-02-19 13:00,2026-02-19,13,Gold,66281.89,66542.7,260.81,0.3935,199.8,7097,79527,66500,12.61,13.11,0.9087,INR/10g,Dhan API v2 (Client 1112620458)
2026-02-19 14:00,2026-02-19,14,Gold,66280.03,66518.72,238.69,0.3601,-22.12,13990,78173,66500,12.48,12.98,0.9144,INR/10g,Dhan API v2 (Client 1112620458)
2026-02-19 15:00,2026-02-19,15,Gold,66173.09,66259.21,86.12,0.1301,-152.57,10020,78547,66000,12.91,13.41,0.9215,INR/10g,Dhan API v2 (Client 1112620458)
2026-02-19 16:00,2026-02-19,16,Gold,66379.04,66549.53,170.49,0.2568,84.37,2856,79693,66500,12.89,13.39,0.9178,INR/10g,Dhan API v2 (Client 1112620458)
2026-02-19 17:00,2026-02-19,17,Gold,66425.46,66567.04,141.58,0.2131,-28.91,9902,79727,66500,12.87,13.37,0.923,INR/10g,Dhan API v2 (Client 1112620458)
2026-02-19 18:00,2026-02-19,18,Gold,66341.27,66550.91,209.64,0.316,68.06,1157,78575,66500,12.77,13.27,0.9174,INR/10g,Dhan API v2 (Client 1112620458)
2026-02-19 19:00,2026-02-19,19,Gold,66191.03,66294.75,103.73,0.1567,-105.91,14011,79500,66000,12.19,12.69,0.8778,INR/10g,Dhan API v2 (Client 1112620458)
2026-02-19 20:00,2026-02-19,20,Gold,66322.71,66577.5,254.79,0.3842,151.06,12048,78299,66500,12.79,13.29,0.974,INR/10g,Dhan API v2 (Client 1112620458)
2026-02-19 21:00,2026-02-19,21,Gold,66248.29,66344.92,96.63,0.1459,-158.16,6708,79116,66000,12.71,13.21,0.9044,INR/10g,Dhan API v2 (Client 1112620458)
2026-02-19 22:00,2026-02-19,22,Gold,66101.77,66207.96,106.18,0.1606,9.55,7186,79408,66000,12.21,12.71,0.9098,INR/10g,Dhan API v2 (Client 1112620458)
2026-02-19 23:00,2026-02-19,23,Gold,65989.78,66298.57,308.79,0.4679,202.61,6919,79164,66000,12.7,13.2,0.9136,INR/10g,Dhan API v2 (Client 1112620458)
2026-02-20 09:00,2026-02-20,9,Gold,66092.97,66192.08,99.1,0.1499,-209.69,1656,80052,66000,12.62,13.12,0.9346,INR/10g,Dhan API v2 (Client 1112620458)
2026-02-20 10:00,2026-02-20,10,Gold,66016.2,66266.25,250.04,0.3788,150.94,12565,79167,66000,12.87,13.37,0.9439,INR/10g,Dhan API v2 (Client 1112620458)
2026-02-20 11:00,2026-02-20,11,Gold,65903.5,66018.27,114.77,0.1742,-135.27,1057,79899,66000,12.51,13.01,0.9824,INR/10g,Dhan API v2 (Client 1112620458)
2026-02-20 12:00,2026-02-20,12,Gold,65833.86,65892.15,58.29,0.0885,-56.48,11011,79581,66000,12.25,12.75,0.8926,INR/10g,Dhan API v2 (Client 1112620458)
2026-02-20 13:00,2026-02-20,13,Gold,65873.3,65941.06,67.76,0.1029,9.47,4938,79730,66000,12.35,12.85,0.9329,INR/10g,Dhan API v2 (Client 1112620458)
2026-02-20 14:00,2026-02-20,14,Gold,65748.57,65933.72,185.14,0.2816,117.38,2435,80117,65500,12.67,13.17,0.9308,INR/10g,Dhan API v2 (Client 1112620458)
2026-02-20 15:00,2026-02-20,15,Gold,65355.67,65547.95,192.27,0.2942,7.13,11580,79606,65500,12.6,13.1,0.9362,INR/10g,Dhan API v2 (Client 1112620458)
2026-02-20 16:00,2026-02-20,16,Gold,65512.73,65713.65,200.92,0.3067,8.65,14620,79056,65500,12.54,13.04,0.9193,INR/10g,Dhan API v2 (Client 1112620458)
2026-02-20 17:00,2026-02-20,17,Gold,65398.71,65719.37,320.66,0.4903,119.74,1587,79952,65500,12.89,13.39,0.904,INR/10g,Dhan API v2 (Client 1112620458)
2026-02-20 18:00,2026-02-20,18,Gold,65501.81,65703.83,202.01,0.3084,-118.65,8674,80361,65500,12.54,13.04,0.8979,INR/10g,Dhan API v2 (Client 1112620458)
2026-02-20 19:00,2026-02-20,19,Gold,65398.42,65604.23,205.81,0.3147,3.8,9977,79025,65500,12.45,12.95,0.9264,INR/10g,Dhan API v2 (Client 1112620458)
2026-02-20 20:00,2026-02-20,20,Gold,65322.85,65507.08,184.22,0.282,-21.59,12115,77360,65500,12.77,13.27,0.9194,INR/10g,Dhan API v2 (Client 1112620458)
2026-02-20 21:00,2026-02-20,21,Gold,65539.09,65503.57,-35.53,-0.0542,-219.75,7137,79289,65500,12.78,13.28,0.9181,INR/10g,Dhan API v2 (Client 1112620458)
2026-02-20 22:00,2026-02-20,22,Gold,65461.3,65539.67,78.37,0.1197,113.9,8984,79565,65500,12.49,12.99,0.9409,INR/10g,Dhan API v2 (Client 1112620458)
2026-02-20 23:00,2026-02-20,23,Gold,65441.47,65411.54,-29.93,-0.0457,-108.3,3619,77653,65500,12.76,13.26,0.9355,INR/10g,Dhan API v2 (Client 1112620458)
2026-02-23 09:00,2026-02-23,9,Gold,65584.28,65835.71,251.43,0.3834,281.36,5966,80446,65500,12.86,13.36,0.9434,INR/10g,Dhan API v2 (Client 1112620458)
2026-02-23 10:00,2026-02-23,10,Gold,65719.6,65793.19,73.59,0.112,-177.84,7324,78851,65500,12.89,13.39,0.9186,INR/10g,Dhan API v2 (Client 1112620458)
2026-02-23 11:00,2026-02-23,11,Gold,65839.07,65911.02,71.95,0.1093,-1.64,4020,80284,66000,13.03,13.53,0.9653,INR/10g,Dhan API v2 (Client 1112620458)
2026-02-23 12:00,2026-02-23,12,Gold,65767.4,65850.68,83.28,0.1266,11.33,8037,80485,66000,12.46,12.96,0.9362,INR/10g,Dhan API v2 (Client 1112620458)
2026-02-23 13:00,2026-02-23,13,Gold,65558.82,65694.21,135.39,0.2065,52.11,806,79337,65500,12.64,13.14,0.8897,INR/10g,Dhan API v2 (Client 1112620458)
2026-02-23 14:00,2026-02-23,14,Gold,65493.25,65559.0,65.75,0.1004,-69.64,6848,81028,65500,12.68,13.18,0.8904,INR/10g,Dhan API v2 (Client 1112620458)
2026-02-23 15:00,2026-02-23,15,Gold,65630.64,65688.37,57.73,0.088,-8.02,14562,80258,65500,12.75,13.25,0.9329,INR/10g,Dhan API v2 (Client 1112620458)
2026-02-23 16:00,2026-02-23,16,Gold,65685.05,65704.97,19.92,0.0303,-37.81,8160,80231,65500,12.63,13.13,0.9173,INR/10g,Dhan API v2 (Client 1112620458)
2026-02-23 17:00,2026-02-23,17,Gold,65759.1,65986.61,227.51,0.346,207.59,925,77696,66000,13.03,13.53,0.8899,INR/10g,Dhan API v2 (Client 1112620458)
2026-02-23 18:00,2026-02-23,18,Gold,65726.7,65780.05,53.35,0.0812,-174.16,3246,79757,65500,12.72,13.22,0.9092,INR/10g,Dhan API v2 (Client 1112620458)
2026-02-23 19:00,2026-02-23,19,Gold,66040.75,66203.32,162.57,0.2462,109.22,6677,81499,66000,12.61,13.11,0.8925,INR/10g,Dhan API v2 (Client 1112620458)
2026-02-23 20:00,2026-02-23,20,Gold,66046.05,66067.41,21.37,0.0324,-141.2,11214,79678,66000,12.96,13.46,0.9482,INR/10g,Dhan API v2 (Client 1112620458)
2026-02-23 21:00,2026-02-23,21,Gold,66022.03,66027.87,5.84,0.0089,-15.53,7371,79228,66000,12.27,12.77,0.9152,INR/10g,Dhan API v2 (Client 1112620458)
2026-02-23 22:00,2026-02-23,22,Gold,66160.99,66341.55,180.56,0.2729,174.72,13810,80944,66000,12.83,13.33,0.9,INR/10g,Dhan API v2 (Client 1112620458)
2026-02-23 23:00,2026-02-23,23,Gold,66126.26,66357.33,231.08,0.3494,50.52,10069,80415,66000,12.85,13.35,0.932,INR/10g,Dhan API v2 (Client 1112620458)
2026-02-24 09:00,2026-02-24,9,Gold,65897.01,65961.51,64.5,0.0979,-166.58,10150,78524,66000,12.9,13.4,0.8961,INR/10g,Dhan API v2 (Client 1112620458)
2026-02-24 10:00,2026-02-24,10,Gold,66105.67,66325.74,220.07,0.3329,155.57,11544,80179,66000,12.38,12.88,0.9033,INR/10g,Dhan API v2 (Client 1112620458)
2026-02-24 11:00,2026-02-24,11,Gold,66184.86,66372.6,187.74,0.2837,-32.33,3029,79462,66000,12.24,12.74,0.9261,INR/10g,Dhan API v2 (Client 1112620458)
2026-02-24 12:00,2026-02-24,12,Gold,65963.58,66009.85,46.27,0.0701,-141.47,14517,80721,66000,13.09,13.59,0.9095,INR/10g,Dhan API v2 (Client 1112620458)
2026-02-24 13:00,2026-02-24,13,Gold,65937.83,66067.8,129.97,0.1971,83.7,549,81864,66000,12.76,13.26,0.9291,INR/10g,Dhan API v2 (Client 1112620458)
2026-02-24 14:00,2026-02-24,14,Gold,66129.78,66439.07,309.28,0.4677,179.31,2881,79835,66000,12.77,13.27,0.9151,INR/10g,Dhan API v2 (Client 1112620458)
2026-02-24 15:00,2026-02-24,15,Gold,66144.81,66556.34,411.53,0.6222,102.25,14749,80217,66000,13.52,14.02,0.913,INR/10g,Dhan API v2 (Client 1112620458)
2026-02-24 16:00,2026-02-24,16,Gold,66183.31,66335.65,152.33,0.2302,-259.2,14889,80056,66000,12.94,13.44,0.9085,INR/10g,Dhan API v2 (Client 1112620458)
2026-02-24 17:00,2026-02-24,17,Gold,66215.5,66431.67,216.17,0.3265,63.84,1221,80358,66000,12.19,12.69,0.9114,INR/10g,Dhan API v2 (Client 1112620458)
2026-02-24 18:00,2026-02-24,18,Gold,65991.65,66112.15,120.5,0.1826,-95.67,8468,78310,66000,12.12,12.62,0.9138,INR/10g,Dhan API v2 (Client 1112620458)
2026-02-24 19:00,2026-02-24,19,Gold,65728.36,65832.04,103.68,0.1577,-16.82,14911,77966,65500,12.45,12.95,0.9281,INR/10g,Dhan API v2 (Client 1112620458)
2026-02-24 20:00,2026-02-24,20,Gold,65968.21,66031.01,62.8,0.0952,-40.88,2383,80719,66000,12.04,12.54,0.9025,INR/10g,Dhan API v2 (Client 1112620458)
2026-02-24 21:00,2026-02-24,21,Gold,65844.67,66011.48,166.81,0.2533,104.01,10397,79371,66000,12.84,13.34,0.8625,INR/10g,Dhan API v2 (Client 1112620458)
2026-02-24 22:00,2026-02-24,22,Gold,66076.08,66286.92,210.83,0.3191,44.02,8941,80413,66000,12.64,13.14,0.9449,INR/10g,Dhan API v2 (Client 1112620458)
2026-02-24 23:00,2026-02-24,23,Gold,66062.49,66371.98,309.49,0.4685,98.66,14342,80922,66000,12.37,12.87,0.9009,INR/10g,Dhan API v2 (Client 1112620458)
2026-02-25 09:00,2026-02-25,9,Gold,66081.75,66254.02,172.27,0.2607,-137.22,4055,81422,66000,12.84,13.34,0.9192,INR/10g,Dhan API v2 (Client 1112620458)
2026-02-25 10:00,2026-02-25,10,Gold,66059.7,66323.14,263.45,0.3988,91.18,4617,78612,66000,12.61,13.11,0.9101,INR/10g,Dhan API v2 (Client 1112620458)
2026-02-25 11:00,2026-02-25,11,Gold,65821.27,66017.24,195.97,0.2977,-67.48,4992,78343,66000,12.58,13.08,0.9005,INR/10g,Dhan API v2 (Client 1112620458)
2026-02-25 12:00,2026-02-25,12,Gold,65674.99,65860.86,185.87,0.283,-10.1,11467,79200,65500,12.53,13.03,0.9387,INR/10g,Dhan API v2 (Client 1112620458)
2026-02-25 13:00,2026-02-25,13,Gold,65585.16,65888.75,303.59,0.4629,117.72,7966,78736,65500,12.93,13.43,0.9251,INR/10g,Dhan API v2 (Client 1112620458)
2026-02-25 14:00,2026-02-25,14,Gold,65589.85,65746.39,156.54,0.2387,-147.05,7403,80243,65500,12.4,12.9,0.9515,INR/10g,Dhan API v2 (Client 1112620458)
2026-02-25 15:00,2026-02-25,15,Gold,65685.01,65809.0,123.99,0.1888,-32.55,1135,79024,65500,12.05,12.55,0.931,INR/10g,Dhan API v2 (Client 1112620458)
2026-02-25 16:00,2026-02-25,16,Gold,65866.68,66067.05,200.37,0.3042,76.38,10836,80140,66000,12.3,12.8,0.9063,INR/10g,Dhan API v2 (Client 1112620458)
2026-02-25 17:00,2026-02-25,17,Gold,66094.32,66186.77,92.46,0.1399,-107.91,6963,80001,66000,12.3,12.8,0.9294,INR/10g,Dhan API v2 (Client 1112620458)
2026-02-25 18:00,2026-02-25,18,Gold,65734.23,65784.84,50.62,0.077,-41.84,8052,78859,65500,12.64,13.14,0.9513,INR/10g,Dhan API v2 (Client 1112620458)
2026-02-25 19:00,2026-02-25,19,Gold,65789.51,65970.75,181.24,0.2755,130.62,10262,79252,66000,12.5,13.0,0.9389,INR/10g,Dhan API v2 (Client 1112620458)
2026-02-25 20:00,2026-02-25,20,Gold,65801.93,65975.64,173.71,0.264,-7.53,8804,78813,66000,12.48,12.98,0.9184,INR/10g,Dhan API v2 (Client 1112620458)
2026-02-25 21:00,2026-02-25,21,Gold,65702.53,65620.11,-82.42,-0.1254,-256.13,3599,79603,65500,12.71,13.21,0.912,INR/10g,Dhan API v2 (Client 1112620458)
2026-02-25 22:00,2026-02-25,22,Gold,65577.43,65768.71,191.27,0.2917,273.69,13990,79275,65500,12.74,13.24,0.8823,INR/10g,Dhan API v2 (Client 1112620458)
2026-02-25 23:00,2026-02-25,23,Gold,65438.92,65531.84,92.92,0.142,-98.35,13746,78490,65500,12.66,13.16,0.9246,INR/10g,Dhan API v2 (Client 1112620458)
2026-02-26 09:00,2026-02-26,9,Gold,65580.12,65816.88,236.76,0.361,143.84,4564,78954,65500,12.09,12.59,0.8856,INR/10g,Dhan API v2 (Client 1112620458)
2026-02-26 10:00,2026-02-26,10,Gold,65604.04,65774.33,170.29,0.2596,-66.47,1228,79548,65500,11.96,12.46,0.9584,INR/10g,Dhan API v2 (Client 1112620458)
2026-02-26 11:00,2026-02-26,11,Gold,65378.54,65566.8,188.26,0.288,17.97,10805,80137,65500,12.59,13.09,0.9317,INR/10g,Dhan API v2 (Client 1112620458)
2026-02-26 12:00,2026-02-26,12,Gold,65363.4,65530.48,167.08,0.2556,-21.18,11417,80041,65500,12.88,13.38,0.9294,INR/10g,Dhan API v2 (Client 1112620458)
2026-02-26 13:00,2026-02-26,13,Gold,65450.28,65609.57,159.29,0.2434,-7.79,10974,79746,65500,12.67,13.17,0.9103,INR/10g,Dhan API v2 (Client 1112620458)
2026-02-26 14:00,2026-02-26,14,Gold,65526.13,65634.41,108.28,0.1652,-51.01,9860,81050,65500,12.56,13.06,0.907,INR/10g,Dhan API v2 (Client 1112620458)
2026-02-26 15:00,2026-02-26,15,Gold,65605.82,65735.28,129.47,0.1973,21.19,11948,78859,65500,12.59,13.09,0.9413,INR/10g,Dhan API v2 (Client 1112620458)
2026-02-26 16:00,2026-02-26,16,Gold,65704.97,65685.66,-19.31,-0.0294,-148.78,5421,80720,65500,12.01,12.51,0.9176,INR/10g,Dhan API v2 (Client 1112620458)
2026-02-26 17:00,2026-02-26,17,Gold,65840.63,66019.3,178.67,0.2714,197.98,14530,79241,66000,12.68,13.18,0.92,INR/10g,Dhan API v2 (Client 1112620458)
2026-02-26 18:00,2026-02-26,18,Gold,66187.82,66253.91,66.09,0.0998,-112.58,8035,80522,66000,12.82,13.32,0.9547,INR/10g,Dhan API v2 (Client 1112620458)
2026-02-26 19:00,2026-02-26,19,Gold,66045.8,65996.22,-49.58,-0.0751,-115.67,7151,81501,66000,12.22,12.72,0.9337,INR/10g,Dhan API v2 (Client 1112620458)
2026-02-26 20:00,2026-02-26,20,Gold,66177.48,66376.36,198.88,0.3005,248.46,3910,80670,66000,12.43,12.93,0.9167,INR/10g,Dhan API v2 (Client 1112620458)
2026-02-26 21:00,2026-02-26,21,Gold,66186.52,66345.77,159.26,0.2406,-39.62,14427,78056,66000,12.29,12.79,0.9144,INR/10g,Dhan API v2 (Client 1112620458)
2026-02-26 22:00,2026-02-26,22,Gold,66449.61,66576.03,126.43,0.1903,-32.83,4315,80749,66500,12.5,13.0,0.908,INR/10g,Dhan API v2 (Client 1112620458)
2026-02-26 23:00,2026-02-26,23,Gold,66455.03,66515.11,60.07,0.0904,-66.36,13572,81491,66500,12.68,13.18,0.9434,INR/10g,Dhan API v2 (Client 1112620458)
2026-02-27 09:00,2026-02-27,9,Gold,66655.12,66724.85,69.73,0.1046,9.66,13448,79949,66500,12.89,13.39,0.9166,INR/10g,Dhan API v2 (Client 1112620458)
2026-02-27 10:00,2026-02-27,10,Gold,66701.11,66896.96,195.86,0.2936,126.13,11879,78380,66500,13.03,13.53,0.9095,INR/10g,Dhan API v2 (Client 1112620458)
2026-02-27 11:00,2026-02-27,11,Gold,66498.72,66684.9,186.18,0.28,-9.68,1620,80172,66500,12.75,13.25,0.9258,INR/10g,Dhan API v2 (Client 1112620458)
2026-02-27 12:00,2026-02-27,12,Gold,66582.35,66809.12,226.77,0.3406,40.59,14417,79226,66500,12.36,12.86,0.9245,INR/10g,Dhan API v2 (Client 1112620458)
2026-02-27 13:00,2026-02-27,13,Gold,66523.14,66535.82,12.68,0.0191,-214.09,14796,79435,66500,12.45,12.95,0.9181,INR/10g,Dhan API v2 (Client 1112620458)
2026-02-27 14:00,2026-02-27,14,Gold,66773.49,66846.06,72.57,0.1087,59.89,1659,80206,67000,12.89,13.39,0.9074,INR/10g,Dhan API v2 (Client 1112620458)
2026-02-27 15:00,2026-02-27,15,Gold,66529.38,66621.34,91.96,0.1382,19.39,3476,79457,66500,12.67,13.17,0.879,INR/10g,Dhan API v2 (Client 1112620458)
2026-02-27 16:00,2026-02-27,16,Gold,66698.89,66803.08,104.19,0.1562,12.23,3052,80192,66500,12.95,13.45,0.9614,INR/10g,Dhan API v2 (Client 1112620458)
2026-02-27 17:00,2026-02-27,17,Gold,66931.24,67130.0,198.76,0.297,94.57,7242,79010,67000,13.02,13.52,0.9043,INR/10g,Dhan API v2 (Client 1112620458)
2026-02-27 18:00,2026-02-27,18,Gold,67161.94,67269.97,108.03,0.1608,-90.73,1363,78824,67000,12.3,12.8,0.9725,INR/10g,Dhan API v2 (Client 1112620458)
2026-02-27 19:00,2026-02-27,19,Gold,67252.57,67420.37,167.81,0.2495,59.78,5071,77596,67500,12.56,13.06,0.9348,INR/10g,Dhan API v2 (Client 1112620458)
2026-02-27 20:00,2026-02-27,20,Gold,67162.31,67394.5,232.18,0.3457,64.37,6121,77920,67000,12.85,13.35,0.8881,INR/10g,Dhan API v2 (Client 1112620458)
2026-02-27 21:00,2026-02-27,21,Gold,67153.32,67332.46,179.14,0.2668,-53.04,5937,80678,67000,12.36,12.86,0.9057,INR/10g,Dhan API v2 (Client 1112620458)
2026-02-27 22:00,2026-02-27,22,Gold,67085.62,67290.62,205.0,0.3056,25.86,2762,80334,67000,12.68,13.18,0.9185,INR/10g,Dhan API v2 (Client 1112620458)
2026-02-27 23:00,2026-02-27,23,Gold,67135.88,67411.47,275.59,0.4105,70.59,6644,81368,67000,12.68,13.18,0.9049,INR/10g,Dhan API v2 (Client 1112620458)
2026-03-02 09:00,2026-03-02,9,Gold,67110.75,67166.77,56.02,0.0835,-219.57,6262,79476,67000,12.27,12.77,0.9639,INR/10g,Dhan API v2 (Client 1112620458)
2026-03-02 10:00,2026-03-02,10,Gold,67217.43,67409.09,191.67,0.2851,135.65,705,78605,67000,12.84,13.34,0.8968,INR/10g,Dhan API v2 (Client 1112620458)
2026-03-02 11:00,2026-03-02,11,Gold,67123.04,67267.68,144.64,0.2155,-47.03,4260,79710,67000,12.44,12.94,0.9404,INR/10g,Dhan API v2 (Client 1112620458)
2026-03-02 12:00,2026-03-02,12,Gold,67073.29,67256.57,183.28,0.2733,38.64,12977,79292,67000,12.82,13.32,0.9127,INR/10g,Dhan API v2 (Client 1112620458)
2026-03-02 13:00,2026-03-02,13,Gold,66891.32,67069.55,178.23,0.2665,-5.05,1990,79329,67000,12.49,12.99,0.9088,INR/10g,Dhan API v2 (Client 1112620458)
2026-03-02 14:00,2026-03-02,14,Gold,67016.52,67127.99,111.46,0.1663,-66.77,11400,79937,67000,11.69,12.19,0.9401,INR/10g,Dhan API v2 (Client 1112620458)
2026-03-02 15:00,2026-03-02,15,Gold,67170.7,67289.39,118.69,0.1767,7.23,14808,78046,67000,13.27,13.77,0.9059,INR/10g,Dhan API v2 (Client 1112620458)
2026-03-02 16:00,2026-03-02,16,Gold,67187.62,67206.53,18.92,0.0282,-99.77,9643,78924,67000,12.9,13.4,0.8963,INR/10g,Dhan API v2 (Client 1112620458)
2026-03-02 17:00,2026-03-02,17,Gold,67255.23,67328.08,72.85,0.1083,53.93,5518,78280,67500,12.44,12.94,0.8848,INR/10g,Dhan API v2 (Client 1112620458)
2026-03-02 18:00,2026-03-02,18,Gold,67228.71,67338.68,109.96,0.1636,37.11,11276,79860,67000,12.2,12.7,0.8903,INR/10g,Dhan API v2 (Client 1112620458)
2026-03-02 19:00,2026-03-02,19,Gold,67197.0,67254.1,57.1,0.085,-52.86,12052,79980,67000,12.62,13.12,0.9025,INR/10g,Dhan API v2 (Client 1112620458)
2026-03-02 20:00,2026-03-02,20,Gold,67422.43,67614.76,192.33,0.2853,135.23,14005,79495,67500,13.05,13.55,0.8944,INR/10g,Dhan API v2 (Client 1112620458)
2026-03-02 21:00,2026-03-02,21,Gold,67548.64,67655.67,107.03,0.1585,-85.3,7555,79294,67500,12.57,13.07,0.888,INR/10g,Dhan API v2 (Client 1112620458)
2026-03-02 22:00,2026-03-02,22,Gold,67511.58,67746.24,234.66,0.3476,127.63,11640,79949,67500,12.24,12.74,0.9314,INR/10g,Dhan API v2 (Client 1112620458)
2026-03-02 23:00,2026-03-02,23,Gold,67707.37,67796.94,89.57,0.1323,-145.09,11151,80148,67500,12.18,12.68,0.9145,INR/10g,Dhan API v2 (Client 1112620458)
2026-03-03 09:00,2026-03-03,9,Gold,67777.44,67956.78,179.35,0.2646,89.78,12485,80318,68000,12.54,13.04,0.923,INR/10g,Dhan API v2 (Client 1112620458)
2026-03-03 10:00,2026-03-03,10,Gold,67866.7,68011.04,144.34,0.2127,-35.01,11358,79525,68000,13.45,13.95,0.8915,INR/10g,Dhan API v2 (Client 1112620458)
2026-03-03 11:00,2026-03-03,11,Gold,67899.47,68151.42,251.96,0.3711,107.62,5571,79113,68000,12.82,13.32,0.9082,INR/10g,Dhan API v2 (Client 1112620458)
2026-03-03 12:00,2026-03-03,12,Gold,68094.32,68323.33,229.01,0.3363,-22.95,10711,80448,68000,12.38,12.88,0.9157,INR/10g,Dhan API v2 (Client 1112620458)
2026-03-03 13:00,2026-03-03,13,Gold,68111.67,68205.69,94.01,0.138,-135.0,14524,80921,68000,12.51,13.01,0.9205,INR/10g,Dhan API v2 (Client 1112620458)
2026-03-03 14:00,2026-03-03,14,Gold,67884.68,67916.21,31.53,0.0464,-62.48,9875,80670,68000,12.37,12.87,0.9357,INR/10g,Dhan API v2 (Client 1112620458)
2026-03-03 15:00,2026-03-03,15,Gold,68066.95,68175.85,108.9,0.16,77.37,7008,79915,68000,12.65,13.15,0.9375,INR/10g,Dhan API v2 (Client 1112620458)
2026-03-03 16:00,2026-03-03,16,Gold,68269.16,68439.73,170.57,0.2499,61.67,3408,78626,68500,12.62,13.12,0.9157,INR/10g,Dhan API v2 (Client 1112620458)
2026-03-03 17:00,2026-03-03,17,Gold,68137.89,68100.15,-37.74,-0.0554,-208.31,13108,80345,68000,12.43,12.93,0.9499,INR/10g,Dhan API v2 (Client 1112620458)
2026-03-03 18:00,2026-03-03,18,Gold,68203.96,68287.67,83.71,0.1227,121.45,12180,80654,68000,11.62,12.12,0.908,INR/10g,Dhan API v2 (Client 1112620458)
2026-03-03 19:00,2026-03-03,19,Gold,68100.66,68237.26,136.59,0.2006,52.88,13911,80598,68000,12.02,12.52,0.9266,INR/10g,Dhan API v2 (Client 1112620458)
2026-03-03 20:00,2026-03-03,20,Gold,67878.94,67857.43,-21.51,-0.0317,-158.1,1308,78185,68000,12.59,13.09,0.9446,INR/10g,Dhan API v2 (Client 1112620458)
2026-03-03 21:00,2026-03-03,21,Gold,68088.68,68244.54,155.85,0.2289,177.36,11730,80742,68000,13.06,13.56,0.9097,INR/10g,Dhan API v2 (Client 1112620458)
2026-03-03 22:00,2026-03-03,22,Gold,68115.59,68186.67,71.08,0.1044,-84.77,7227,80782,68000,12.51,13.01,0.9381,INR/10g,Dhan API v2 (Client 1112620458)
2026-03-03 23:00,2026-03-03,23,Gold,68239.35,68246.33,6.98,0.0102,-64.1,13205,80037,68000,12.44,12.94,0.9099,INR/10g,Dhan API v2 (Client 1112620458)
2026-03-04 09:00,2026-03-04,9,Gold,68344.94,68363.3,18.36,0.0269,11.38,5315,80159,68500,12.38,12.88,0.953,INR/10g,Dhan API v2 (Client 1112620458)
2026-03-04 10:00,2026-03-04,10,Gold,68523.05,68523.63,0.59,0.0009,-17.77,3994,80285,68500,13.09,13.59,0.8528,INR/10g,Dhan API v2 (Client 1112620458)
2026-03-04 11:00,2026-03-04,11,Gold,68790.48,68988.08,197.61,0.2873,197.02,3045,80911,69000,12.38,12.88,0.9031,INR/10g,Dhan API v2 (Client 1112620458)
2026-03-04 12:00,2026-03-04,12,Gold,69038.95,69003.9,-35.05,-0.0508,-232.66,581,80011,69000,13.18,13.68,0.9323,INR/10g,Dhan API v2 (Client 1112620458)
2026-03-04 13:00,2026-03-04,13,Gold,69043.55,69143.41,99.85,0.1446,134.9,8743,79082,69000,12.62,13.12,0.9206,INR/10g,Dhan API v2 (Client 1112620458)
2026-03-04 14:00,2026-03-04,14,Gold,69049.89,69115.11,65.22,0.0945,-34.63,10723,80213,69000,13.23,13.73,0.9304,INR/10g,Dhan API v2 (Client 1112620458)
2026-03-04 15:00,2026-03-04,15,Gold,69203.15,69160.18,-42.97,-0.0621,-108.19,13310,79773,69000,12.8,13.3,0.9389,INR/10g,Dhan API v2 (Client 1112620458)
2026-03-04 16:00,2026-03-04,16,Gold,69155.15,69211.46,56.31,0.0814,99.28,5719,79968,69000,13.12,13.62,0.9168,INR/10g,Dhan API v2 (Client 1112620458)
2026-03-04 17:00,2026-03-04,17,Gold,69158.0,69178.54,20.53,0.0297,-35.78,2013,80945,69000,12.56,13.06,0.9,INR/10g,Dhan API v2 (Client 1112620458)
2026-03-04 18:00,2026-03-04,18,Gold,69325.58,69315.71,-9.87,-0.0142,-30.4,12746,79615,69500,13.43,13.93,0.9085,INR/10g,Dhan API v2 (Client 1112620458)
2026-03-04 19:00,2026-03-04,19,Gold,69242.68,69430.19,187.51,0.2708,197.38,10427,78786,69000,12.57,13.07,0.9387,INR/10g,Dhan API v2 (Client 1112620458)
2026-03-04 20:00,2026-03-04,20,Gold,69179.28,69392.56,213.27,0.3083,25.76,14732,77769,69000,12.64,13.14,0.8875,INR/10g,Dhan API v2 (Client 1112620458)
2026-03-04 21:00,2026-03-04,21,Gold,69066.51,69135.54,69.04,0.1,-144.23,2998,79980,69000,12.97,13.47,0.9507,INR/10g,Dhan API v2 (Client 1112620458)
2026-03-04 22:00,2026-03-04,22,Gold,68876.05,68835.65,-40.41,-0.0587,-109.45,12341,79089,69000,12.4,12.9,0.9202,INR/10g,Dhan API v2 (Client 1112620458)
2026-03-04 23:00,2026-03-04,23,Gold,68951.14,69068.34,117.2,0.17,157.61,5793,79982,69000,12.74,13.24,0.9484,INR/10g,Dhan API v2 (Client 1112620458)
2026-03-05 09:00,2026-03-05,9,Gold,69024.84,69172.31,147.47,0.2137,30.27,11818,79614,69000,12.91,13.41,0.9126,INR/10g,Dhan API v2 (Client 1112620458)
2026-03-05 10:00,2026-03-05,10,Gold,69419.18,69639.53,220.35,0.3174,72.88,13287,79258,69500,12.48,12.98,0.9509,INR/10g,Dhan API v2 (Client 1112620458)
2026-03-05 11:00,2026-03-05,11,Gold,69705.37,69763.77,58.39,0.0838,-161.96,4333,81812,69500,12.2,12.7,0.9243,INR/10g,Dhan API v2 (Client 1112620458)
2026-03-05 12:00,2026-03-05,12,Gold,69799.81,69704.38,-95.43,-0.1367,-153.82,5402,81334,70000,12.69,13.19,0.9275,INR/10g,Dhan API v2 (Client 1112620458)
2026-03-05 13:00,2026-03-05,13,Gold,69864.58,69867.96,3.38,0.0048,98.81,9670,79134,70000,12.05,12.55,0.9199,INR/10g,Dhan API v2 (Client 1112620458)
2026-03-05 14:00,2026-03-05,14,Gold,69761.32,69760.62,-0.71,-0.001,-4.09,10063,79235,70000,12.61,13.11,0.9033,INR/10g,Dhan API v2 (Client 1112620458)
2026-03-05 15:00,2026-03-05,15,Gold,69833.8,70037.61,203.81,0.2918,204.52,6654,80137,70000,12.7,13.2,0.9118,INR/10g,Dhan API v2 (Client 1112620458)
2026-03-05 16:00,2026-03-05,16,Gold,69768.62,69803.84,35.22,0.0505,-168.59,4236,78836,70000,12.02,12.52,0.9338,INR/10g,Dhan API v2 (Client 1112620458)
2026-03-05 17:00,2026-03-05,17,Gold,69963.09,70016.11,53.01,0.0758,17.79,1004,78676,70000,12.81,13.31,0.9278,INR/10g,Dhan API v2 (Client 1112620458)
2026-03-05 18:00,2026-03-05,18,Gold,69846.12,69678.77,-167.35,-0.2396,-220.36,9150,80100,70000,12.39,12.89,0.9042,INR/10g,Dhan API v2 (Client 1112620458)
2026-03-05 19:00,2026-03-05,19,Gold,69864.93,69865.03,0.1,0.0001,167.45,3221,80489,70000,12.36,12.86,0.9128,INR/10g,Dhan API v2 (Client 1112620458)
2026-03-05 20:00,2026-03-05,20,Gold,69843.14,69816.79,-26.36,-0.0377,-26.46,6162,80585,70000,12.46,12.96,0.9503,INR/10g,Dhan API v2 (Client 1112620458)
2026-03-05 21:00,2026-03-05,21,Gold,70119.42,70130.71,11.29,0.0161,37.65,13831,80215,70000,12.3,12.8,0.9124,INR/10g,Dhan API v2 (Client 1112620458)
2026-03-05 22:00,2026-03-05,22,Gold,69938.75,69996.23,57.48,0.0822,46.19,7788,79268,70000,12.47,12.97,0.916,INR/10g,Dhan API v2 (Client 1112620458)
2026-03-05 23:00,2026-03-05,23,Gold,69940.43,70060.97,120.54,0.1723,63.06,11919,79843,70000,12.87,13.37,0.9037,INR/10g,Dhan API v2 (Client 1112620458)
2026-03-06 09:00,2026-03-06,9,Gold,69772.79,69748.75,-24.04,-0.0345,-144.58,4761,81025,70000,12.6,13.1,0.8994,INR/10g,Dhan API v2 (Client 1112620458)
2026-03-06 10:00,2026-03-06,10,Gold,69894.01,70023.68,129.66,0.1855,153.7,12916,80734,70000,13.23,13.73,0.9116,INR/10g,Dhan API v2 (Client 1112620458)
2026-03-06 11:00,2026-03-06,11,Gold,69797.39,69739.78,-57.61,-0.0825,-187.27,5917,80164,70000,12.83,13.33,0.8992,INR/10g,Dhan API v2 (Client 1112620458)
2026-03-06 12:00,2026-03-06,12,Gold,69763.03,69719.37,-43.67,-0.0626,13.94,2535,78566,70000,11.85,12.35,0.928,INR/10g,Dhan API v2 (Client 1112620458)
2026-03-06 13:00,2026-03-06,13,Gold,69941.84,69972.08,30.24,0.0432,73.91,13034,80127,70000,12.38,12.88,0.9127,INR/10g,Dhan API v2 (Client 1112620458)
2026-03-06 14:00,2026-03-06,14,Gold,69985.97,69885.68,-100.29,-0.1433,-130.53,14967,78770,70000,12.92,13.42,0.8994,INR/10g,Dhan API v2 (Client 1112620458)
2026-03-06 15:00,2026-03-06,15,Gold,69853.14,69769.01,-84.13,-0.1204,16.16,703,79104,70000,12.29,12.79,0.9249,INR/10g,Dhan API v2 (Client 1112620458)
2026-03-06 16:00,2026-03-06,16,Gold,69697.81,69775.44,77.62,0.1114,161.75,2209,80258,69500,12.18,12.68,0.9195,INR/10g,Dhan API v2 (Client 1112620458)
2026-03-06 17:00,2026-03-06,17,Gold,69809.39,69980.43,171.04,0.245,93.42,5919,79707,70000,12.64,13.14,0.9079,INR/10g,Dhan API v2 (Client 1112620458)
2026-03-06 18:00,2026-03-06,18,Gold,69750.29,69799.84,49.55,0.071,-121.49,2186,79668,70000,12.43,12.93,0.945,INR/10g,Dhan API v2 (Client 1112620458)
2026-03-06 19:00,2026-03-06,19,Gold,70007.82,70217.36,209.54,0.2993,159.99,6578,80233,70000,12.18,12.68,0.9178,INR/10g,Dhan API v2 (Client 1112620458)
2026-03-06 20:00,2026-03-06,20,Gold,70060.12,70016.46,-43.66,-0.0623,-253.2,11576,78710,70000,12.74,13.24,0.8902,INR/10g,Dhan API v2 (Client 1112620458)
2026-03-06 21:00,2026-03-06,21,Gold,70099.26,70007.37,-91.9,-0.1311,-48.24,11437,79825,70000,12.76,13.26,0.9097,INR/10g,Dhan API v2 (Client 1112620458)
2026-03-06 22:00,2026-03-06,22,Gold,69958.79,69963.78,4.99,0.0071,96.89,11031,78677,70000,12.26,12.76,0.9176,INR/10g,Dhan API v2 (Client 1112620458)
2026-03-06 23:00,2026-03-06,23,Gold,70288.15,70184.93,-103.21,-0.1468,-108.2,5661,80508,70500,12.58,13.08,0.9084,INR/10g,Dhan API v2 (Client 1112620458)
2026-03-09 09:00,2026-03-09,9,Gold,70592.26,70621.71,29.45,0.0417,132.66,5858,78847,70500,12.55,13.05,0.9124,INR/10g,Dhan API v2 (Client 1112620458)
2026-03-09 10:00,2026-03-09,10,Gold,70405.56,70437.31,31.75,0.0451,2.3,9992,80033,70500,12.9,13.4,0.9489,INR/10g,Dhan API v2 (Client 1112620458)
2026-03-09 11:00,2026-03-09,11,Gold,70232.98,70291.16,58.17,0.0828,26.42,7928,77995,70000,12.95,13.45,0.9521,INR/10g,Dhan API v2 (Client 1112620458)
2026-03-09 12:00,2026-03-09,12,Gold,70368.21,70344.99,-23.22,-0.033,-81.39,3529,79293,70500,12.9,13.4,0.9237,INR/10g,Dhan API v2 (Client 1112620458)
2026-03-09 13:00,2026-03-09,13,Gold,70363.23,70459.23,96.0,0.1364,119.22,1967,80489,70500,12.31,12.81,0.8978,INR/10g,Dhan API v2 (Client 1112620458)
2026-03-09 14:00,2026-03-09,14,Gold,70227.86,70229.99,2.13,0.003,-93.87,14911,79993,70000,12.56,13.06,0.8678,INR/10g,Dhan API v2 (Client 1112620458)
2026-03-09 15:00,2026-03-09,15,Gold,70493.19,70673.28,180.09,0.2555,177.96,4250,79782,70500,12.31,12.81,0.9246,INR/10g,Dhan API v2 (Client 1112620458)
2026-03-09 16:00,2026-03-09,16,Gold,70337.52,70435.28,97.76,0.139,-82.33,7654,81074,70500,12.15,12.65,0.9202,INR/10g,Dhan API v2 (Client 1112620458)
2026-03-09 17:00,2026-03-09,17,Gold,70453.55,70571.52,117.97,0.1674,20.21,6537,80073,70500,11.84,12.34,0.9052,INR/10g,Dhan API v2 (Client 1112620458)
2026-03-09 18:00,2026-03-09,18,Gold,70423.76,70548.21,124.45,0.1767,6.48,14888,80094,70500,12.67,13.17,0.9179,INR/10g,Dhan API v2 (Client 1112620458)
2026-03-09 19:00,2026-03-09,19,Gold,70704.19,70762.56,58.38,0.0826,-66.07,14532,81017,70500,12.42,12.92,0.8985,INR/10g,Dhan API v2 (Client 1112620458)
2026-03-09 20:00,2026-03-09,20,Gold,70735.75,70784.17,48.42,0.0685,-9.96,13789,78821,70500,12.15,12.65,0.9571,INR/10g,Dhan API v2 (Client 1112620458)
2026-03-09 21:00,2026-03-09,21,Gold,70550.97,70655.56,104.59,0.1482,56.17,727,78949,70500,12.59,13.09,0.8816,INR/10g,Dhan API v2 (Client 1112620458)
2026-03-09 22:00,2026-03-09,22,Gold,70508.99,70522.09,13.1,0.0186,-91.49,552,78943,70500,12.63,13.13,0.9361,INR/10g,Dhan API v2 (Client 1112620458)
2026-03-09 23:00,2026-03-09,23,Gold,70409.4,70662.86,253.46,0.36,240.36,5656,79991,70500,12.64,13.14,0.929,INR/10g,Dhan API v2 (Client 1112620458)
2026-03-10 09:00,2026-03-10,9,Gold,70533.87,70468.62,-65.25,-0.0925,-318.71,12865,80436,70500,12.99,13.49,0.8826,INR/10g,Dhan API v2 (Client 1112620458)
2026-03-10 10:00,2026-03-10,10,Gold,70701.53,70637.22,-64.31,-0.091,0.94,5451,78880,70500,12.7,13.2,0.9193,INR/10g,Dhan API v2 (Client 1112620458)
2026-03-10 11:00,2026-03-10,11,Gold,70588.96,70723.43,134.47,0.1905,198.78,5627,80013,70500,12.78,13.28,0.9048,INR/10g,Dhan API v2 (Client 1112620458)
2026-03-10 12:00,2026-03-10,12,Gold,70443.77,70384.07,-59.7,-0.0847,-194.17,7460,79932,70500,12.98,13.48,0.9379,INR/10g,Dhan API v2 (Client 1112620458)
2026-03-10 13:00,2026-03-10,13,Gold,70487.57,70369.92,-117.66,-0.1669,-57.96,9764,80927,70500,12.25,12.75,0.9173,INR/10g,Dhan API v2 (Client 1112620458)
2026-03-10 14:00,2026-03-10,14,Gold,70473.29,70472.19,-1.1,-0.0016,116.56,13850,79189,70500,12.64,13.14,0.919,INR/10g,Dhan API v2 (Client 1112620458)
2026-03-10 15:00,2026-03-10,15,Gold,70295.17,70340.23,45.06,0.0641,46.16,9894,79077,70500,12.44,12.94,0.941,INR/10g,Dhan API v2 (Client 1112620458)
2026-03-10 16:00,2026-03-10,16,Gold,70273.21,70343.17,69.96,0.0996,24.9,6224,79818,70500,12.13,12.63,0.8765,INR/10g,Dhan API v2 (Client 1112620458)
2026-03-10 17:00,2026-03-10,17,Gold,70225.53,70331.91,106.38,0.1515,36.42,6085,79067,70000,11.76,12.26,0.9311,INR/10g,Dhan API v2 (Client 1112620458)
2026-03-10 18:00,2026-03-10,18,Gold,70162.17,69980.78,-181.39,-0.2585,-287.77,3944,78238,70000,12.65,13.15,0.9516,INR/10g,Dhan API v2 (Client 1112620458)
2026-03-10 19:00,2026-03-10,19,Gold,70182.43,70149.27,-33.17,-0.0473,148.22,5893,78867,70000,12.65,13.15,0.9312,INR/10g,Dhan API v2 (Client 1112620458)
2026-03-10 20:00,2026-03-10,20,Gold,70272.75,70023.94,-248.8,-0.3541,-215.63,8794,77667,70500,12.8,13.3,0.9154,INR/10g,Dhan API v2 (Client 1112620458)
2026-03-10 21:00,2026-03-10,21,Gold,70270.51,70259.74,-10.76,-0.0153,238.04,4524,77787,70500,12.25,12.75,0.9079,INR/10g,Dhan API v2 (Client 1112620458)
2026-03-10 22:00,2026-03-10,22,Gold,70304.32,70237.11,-67.21,-0.0956,-56.45,3399,80015,70500,13.0,13.5,0.9254,INR/10g,Dhan API v2 (Client 1112620458)
2026-03-10 23:00,2026-03-10,23,Gold,70648.38,70544.37,-104.01,-0.1472,-36.8,2753,78890,70500,12.57,13.07,0.924,INR/10g,Dhan API v2 (Client 1112620458)
2026-03-11 09:00,2026-03-11,9,Gold,70687.16,70732.34,45.18,0.0639,149.19,11754,79291,70500,11.84,12.34,0.912,INR/10g,Dhan API v2 (Client 1112620458)
2026-03-11 10:00,2026-03-11,10,Gold,70446.19,70415.76,-30.43,-0.0432,-75.61,8014,79621,70500,12.99,13.49,0.9053,INR/10g,Dhan API v2 (Client 1112620458)
2026-03-11 11:00,2026-03-11,11,Gold,70413.95,70489.94,76.0,0.1079,106.43,13129,80276,70500,12.68,13.18,0.9269,INR/10g,Dhan API v2 (Client 1112620458)
2026-03-11 12:00,2026-03-11,12,Gold,70841.25,70805.68,-35.57,-0.0502,-111.57,13875,82734,71000,12.81,13.31,0.9215,INR/10g,Dhan API v2 (Client 1112620458)
2026-03-11 13:00,2026-03-11,13,Gold,70809.24,70758.31,-50.93,-0.0719,-15.36,2047,78807,71000,12.02,12.52,0.8679,INR/10g,Dhan API v2 (Client 1112620458)
2026-03-11 14:00,2026-03-11,14,Gold,70699.19,70710.31,11.11,0.0157,62.04,8432,79924,70500,12.59,13.09,0.9143,INR/10g,Dhan API v2 (Client 1112620458)
2026-03-11 15:00,2026-03-11,15,Gold,70722.34,70795.21,72.87,0.103,61.76,6419,78000,70500,12.22,12.72,0.9099,INR/10g,Dhan API v2 (Client 1112620458)
2026-03-11 16:00,2026-03-11,16,Gold,70662.37,70567.74,-94.63,-0.1339,-167.5,13234,80609,70500,12.66,13.16,0.9065,INR/10g,Dhan API v2 (Client 1112620458)
2026-03-11 17:00,2026-03-11,17,Gold,70560.11,70519.81,-40.29,-0.0571,54.34,11261,79213,70500,13.22,13.72,0.9088,INR/10g,Dhan API v2 (Client 1112620458)
2026-03-11 18:00,2026-03-11,18,Gold,70637.83,70720.54,82.71,0.1171,123.0,3606,79987,70500,12.26,12.76,0.92,INR/10g,Dhan API v2 (Client 1112620458)
2026-03-11 19:00,2026-03-11,19,Gold,70528.54,70425.81,-102.73,-0.1457,-185.44,11796,80176,70500,12.5,13.0,0.9107,INR/10g,Dhan API v2 (Client 1112620458)
2026-03-11 20:00,2026-03-11,20,Gold,70355.03,70331.66,-23.37,-0.0332,79.36,3497,79246,70500,12.67,13.17,0.8914,INR/10g,Dhan API v2 (Client 1112620458)
2026-03-11 21:00,2026-03-11,21,Gold,70341.49,70405.33,63.84,0.0908,87.21,8421,80022,70500,13.3,13.8,0.9157,INR/10g,Dhan API v2 (Client 1112620458)
2026-03-11 22:00,2026-03-11,22,Gold,70556.77,70410.5,-146.27,-0.2073,-210.11,6506,80267,70500,12.68,13.18,0.8805,INR/10g,Dhan API v2 (Client 1112620458)
2026-03-11 23:00,2026-03-11,23,Gold,70511.71,70669.21,157.5,0.2234,303.77,9052,79400,70500,12.42,12.92,0.897,INR/10g,Dhan API v2 (Client 1112620458)
2026-03-12 09:00,2026-03-12,9,Gold,70498.91,70861.53,362.63,0.5144,205.13,9167,79563,70500,12.5,13.0,0.9615,INR/10g,Dhan API v2 (Client 1112620458)
2026-03-12 10:00,2026-03-12,10,Gold,70604.17,71097.61,493.44,0.6989,130.81,7943,79238,70500,12.75,13.25,0.9494,INR/10g,Dhan API v2 (Client 1112620458)
2026-03-12 11:00,2026-03-12,11,Gold,70624.59,71008.06,383.47,0.543,-109.97,4606,79335,70500,12.59,13.09,0.9285,INR/10g,Dhan API v2 (Client 1112620458)
2026-03-12 12:00,2026-03-12,12,Gold,70465.76,70644.56,178.79,0.2537,-204.68,14710,80105,70500,12.67,13.17,0.9147,INR/10g,Dhan API v2 (Client 1112620458)
2026-03-12 13:00,2026-03-12,13,Gold,70254.19,70674.6,420.41,0.5984,241.62,6923,79776,70500,12.64,13.14,0.9124,INR/10g,Dhan API v2 (Client 1112620458)
2026-03-12 14:00,2026-03-12,14,Gold,70265.7,70604.3,338.6,0.4819,-81.81,10048,77717,70500,12.32,12.82,0.8956,INR/10g,Dhan API v2 (Client 1112620458)
2026-03-12 15:00,2026-03-12,15,Gold,70159.17,70526.16,366.99,0.5231,28.39,3586,79919,70000,12.32,12.82,0.9118,INR/10g,Dhan API v2 (Client 1112620458)
2026-03-12 16:00,2026-03-12,16,Gold,70136.41,70334.47,198.06,0.2824,-168.93,10685,78864,70000,12.11,12.61,0.9343,INR/10g,Dhan API v2 (Client 1112620458)
2026-03-12 17:00,2026-03-12,17,Gold,70063.31,70603.62,540.31,0.7712,342.25,10294,78068,70000,13.04,13.54,0.8998,INR/10g,Dhan API v2 (Client 1112620458)
2026-03-12 18:00,2026-03-12,18,Gold,69703.95,70058.0,354.05,0.5079,-186.26,8315,79445,69500,11.99,12.49,0.8931,INR/10g,Dhan API v2 (Client 1112620458)
2026-03-12 19:00,2026-03-12,19,Gold,70142.9,70404.57,261.67,0.373,-92.38,5800,79135,70000,11.83,12.33,0.922,INR/10g,Dhan API v2 (Client 1112620458)
2026-03-12 20:00,2026-03-12,20,Gold,69834.36,70215.79,381.43,0.5462,119.76,6683,79183,70000,12.52,13.02,0.9133,INR/10g,Dhan API v2 (Client 1112620458)
2026-03-12 21:00,2026-03-12,21,Gold,69757.17,70122.44,365.27,0.5236,-16.16,8712,77905,70000,13.05,13.55,0.9074,INR/10g,Dhan API v2 (Client 1112620458)
2026-03-12 22:00,2026-03-12,22,Gold,69945.15,70374.7,429.55,0.6141,64.28,8124,80030,70000,12.52,13.02,0.8934,INR/10g,Dhan API v2 (Client 1112620458)
2026-03-12 23:00,2026-03-12,23,Gold,70201.68,70540.0,338.31,0.4819,-91.24,14236,80628,70000,12.61,13.11,0.9337,INR/10g,Dhan API v2 (Client 1112620458)
2026-03-13 09:00,2026-03-13,9,Gold,70059.2,70436.16,376.96,0.5381,38.65,9067,80923,70000,12.58,13.08,0.9226,INR/10g,Dhan API v2 (Client 1112620458)
2026-03-13 10:00,2026-03-13,10,Gold,70164.29,70450.65,286.36,0.4081,-90.6,11989,78729,70000,12.19,12.69,0.9025,INR/10g,Dhan API v2 (Client 1112620458)
2026-03-13 11:00,2026-03-13,11,Gold,70297.46,70798.84,501.38,0.7132,215.02,12699,80137,70500,12.74,13.24,0.9124,INR/10g,Dhan API v2 (Client 1112620458)
2026-03-13 12:00,2026-03-13,12,Gold,70434.78,70649.33,214.55,0.3046,-286.83,2856,78999,70500,12.52,13.02,0.9062,INR/10g,Dhan API v2 (Client 1112620458)
2026-03-13 13:00,2026-03-13,13,Gold,70168.0,70485.6,317.6,0.4526,103.05,13436,80818,70000,12.51,13.01,0.923,INR/10g,Dhan API v2 (Client 1112620458)
2026-03-13 14:00,2026-03-13,14,Gold,69925.45,70302.06,376.61,0.5386,59.01,14877,77950,70000,12.81,13.31,0.9022,INR/10g,Dhan API v2 (Client 1112620458)
2026-03-13 15:00,2026-03-13,15,Gold,70135.57,70490.33,354.76,0.5058,-21.85,13473,79256,70000,12.71,13.21,0.9444,INR/10g,Dhan API v2 (Client 1112620458)
2026-03-13 16:00,2026-03-13,16,Gold,70129.87,70482.92,353.05,0.5034,-1.71,13640,79286,70000,12.79,13.29,0.9433,INR/10g,Dhan API v2 (Client 1112620458)
2026-03-13 17:00,2026-03-13,17,Gold,70251.37,70441.07,189.7,0.27,-163.35,8589,79897,70500,12.96,13.46,0.9499,INR/10g,Dhan API v2 (Client 1112620458)
2026-03-13 18:00,2026-03-13,18,Gold,70186.6,70477.97,291.37,0.4151,101.67,8636,80481,70000,12.42,12.92,0.9533,INR/10g,Dhan API v2 (Client 1112620458)
2026-03-13 19:00,2026-03-13,19,Gold,69945.99,70331.69,385.7,0.5514,94.33,1002,78905,70000,12.89,13.39,0.8681,INR/10g,Dhan API v2 (Client 1112620458)
2026-03-13 20:00,2026-03-13,20,Gold,69695.82,70173.99,478.17,0.6861,92.47,7883,80901,69500,12.36,12.86,0.9296,INR/10g,Dhan API v2 (Client 1112620458)
2026-03-13 21:00,2026-03-13,21,Gold,69590.97,70005.8,414.83,0.5961,-63.34,4812,79336,69500,11.96,12.46,0.9193,INR/10g,Dhan API v2 (Client 1112620458)
2026-03-13 22:00,2026-03-13,22,Gold,69526.49,69771.7,245.21,0.3527,-169.62,6773,78703,69500,12.74,13.24,0.9144,INR/10g,Dhan API v2 (Client 1112620458)
2026-03-13 23:00,2026-03-13,23,Gold,69739.28,70032.71,293.43,0.4208,48.22,3634,79948,69500,12.79,13.29,0.9353,INR/10g,Dhan API v2 (Client 1112620458)
2026-03-16 09:00,2026-03-16,9,Gold,69978.02,70358.64,380.62,0.5439,87.19,3339,77825,70000,12.66,13.16,0.9156,INR/10g,Dhan API v2 (Client 1112620458)
2026-03-16 10:00,2026-03-16,10,Gold,69889.73,70205.8,316.07,0.4522,-64.55,8755,79560,70000,12.72,13.22,0.8967,INR/10g,Dhan API v2 (Client 1112620458)
2026-03-16 11:00,2026-03-16,11,Gold,69898.1,70191.05,292.95,0.4191,-23.12,11473,78472,70000,12.86,13.36,0.9138,INR/10g,Dhan API v2 (Client 1112620458)
2026-03-16 12:00,2026-03-16,12,Gold,70030.46,70356.13,325.67,0.465,32.72,2825,79201,70000,12.7,13.2,0.9598,INR/10g,Dhan API v2 (Client 1112620458)
2026-03-16 13:00,2026-03-16,13,Gold,70081.25,70507.13,425.88,0.6077,100.21,14343,78318,70000,13.25,13.75,0.8903,INR/10g,Dhan API v2 (Client 1112620458)
2026-03-16 14:00,2026-03-16,14,Gold,69923.57,70272.75,349.18,0.4994,-76.7,9832,77649,70000,12.32,12.82,0.8941,INR/10g,Dhan API v2 (Client 1112620458)
2026-03-16 15:00,2026-03-16,15,Gold,69990.57,70320.69,330.12,0.4717,-19.06,13835,79044,70000,13.0,13.5,0.9151,INR/10g,Dhan API v2 (Client 1112620458)
2026-03-16 16:00,2026-03-16,16,Gold,70192.11,70410.88,218.76,0.3117,-111.36,3532,80144,70000,12.75,13.25,0.9441,INR/10g,Dhan API v2 (Client 1112620458)
2026-03-16 17:00,2026-03-16,17,Gold,70315.34,70683.95,368.61,0.5242,149.85,7602,80473,70500,12.99,13.49,0.9089,INR/10g,Dhan API v2 (Client 1112620458)
2026-03-16 18:00,2026-03-16,18,Gold,70464.23,70825.82,361.59,0.5132,-7.02,7379,78361,70500,12.48,12.98,0.9553,INR/10g,Dhan API v2 (Client 1112620458)
2026-03-16 19:00,2026-03-16,19,Gold,70711.37,71155.26,443.89,0.6278,82.3,13462,80050,70500,12.35,12.85,0.921,INR/10g,Dhan API v2 (Client 1112620458)
2026-03-16 20:00,2026-03-16,20,Gold,70642.49,71128.08,485.59,0.6874,41.7,7299,78724,70500,12.97,13.47,0.9247,INR/10g,Dhan API v2 (Client 1112620458)
2026-03-16 21:00,2026-03-16,21,Gold,70855.26,71256.45,401.19,0.5662,-84.4,6322,79497,71000,12.57,13.07,0.9112,INR/10g,Dhan API v2 (Client 1112620458)
2026-03-16 22:00,2026-03-16,22,Gold,70865.96,71193.92,327.96,0.4628,-73.23,10682,78091,71000,12.12,12.62,0.9257,INR/10g,Dhan API v2 (Client 1112620458)
2026-03-16 23:00,2026-03-16,23,Gold,70399.6,70722.36,322.76,0.4585,-5.2,2994,79387,70500,12.73,13.23,0.9114,INR/10g,Dhan API v2 (Client 1112620458)
2026-03-17 09:00,2026-03-17,9,Gold,70124.29,70425.27,300.98,0.4292,-21.78,3394,78646,70000,12.38,12.88,0.9154,INR/10g,Dhan API v2 (Client 1112620458)
2026-03-17 10:00,2026-03-17,10,Gold,70245.47,70436.46,190.99,0.2719,-109.99,12224,79940,70000,12.94,13.44,0.9269,INR/10g,Dhan API v2 (Client 1112620458)
2026-03-17 11:00,2026-03-17,11,Gold,70146.63,70397.47,250.83,0.3576,59.84,1053,78704,70000,12.76,13.26,0.8757,INR/10g,Dhan API v2 (Client 1112620458)
2026-03-17 12:00,2026-03-17,12,Gold,69875.97,70224.32,348.35,0.4985,97.52,9751,79659,70000,12.56,13.06,0.9254,INR/10g,Dhan API v2 (Client 1112620458)
2026-03-17 13:00,2026-03-17,13,Gold,69732.62,70154.19,421.57,0.6046,73.22,9885,80556,69500,12.55,13.05,0.8746,INR/10g,Dhan API v2 (Client 1112620458)
2026-03-17 14:00,2026-03-17,14,Gold,69600.65,69751.14,150.49,0.2162,-271.08,3105,79320,69500,12.41,12.91,0.9244,INR/10g,Dhan API v2 (Client 1112620458)
2026-03-17 15:00,2026-03-17,15,Gold,69709.25,70229.89,520.64,0.7469,370.15,1579,81736,69500,12.73,13.23,0.9089,INR/10g,Dhan API v2 (Client 1112620458)
2026-03-17 16:00,2026-03-17,16,Gold,69832.09,70333.35,501.26,0.7178,-19.38,14166,79523,70000,12.34,12.84,0.9071,INR/10g,Dhan API v2 (Client 1112620458)
2026-03-17 17:00,2026-03-17,17,Gold,69820.85,70036.87,216.02,0.3094,-285.24,7615,82018,70000,12.48,12.98,0.9294,INR/10g,Dhan API v2 (Client 1112620458)
2026-03-17 18:00,2026-03-17,18,Gold,69587.02,69689.63,102.62,0.1475,-113.4,13835,80409,69500,12.26,12.76,0.9362,INR/10g,Dhan API v2 (Client 1112620458)
2026-03-17 19:00,2026-03-17,19,Gold,69655.79,69900.81,245.02,0.3518,142.4,4323,80572,69500,13.01,13.51,0.9323,INR/10g,Dhan API v2 (Client 1112620458)
2026-03-17 20:00,2026-03-17,20,Gold,69845.17,69997.57,152.39,0.2182,-92.63,14803,78379,70000,12.43,12.93,0.8978,INR/10g,Dhan API v2 (Client 1112620458)
2026-03-17 21:00,2026-03-17,21,Gold,69774.77,70061.43,286.66,0.4108,134.27,2204,79878,70000,12.82,13.32,0.9152,INR/10g,Dhan API v2 (Client 1112620458)
2026-03-17 22:00,2026-03-17,22,Gold,69746.27,69979.91,233.65,0.335,-53.01,3961,80129,69500,12.97,13.47,0.8885,INR/10g,Dhan API v2 (Client 1112620458)
2026-03-17 23:00,2026-03-17,23,Gold,69625.67,69963.49,337.82,0.4852,104.17,11987,79370,69500,12.56,13.06,0.923,INR/10g,Dhan API v2 (Client 1112620458)
2026-03-18 09:00,2026-03-18,9,Gold,69489.68,69838.43,348.75,0.5019,10.93,2411,80324,69500,12.83,13.33,0.9159,INR/10g,Dhan API v2 (Client 1112620458)
2026-03-18 10:00,2026-03-18,10,Gold,69598.42,70061.98,463.55,0.666,114.8,2484,78952,69500,12.27,12.77,0.9043,INR/10g,Dhan API v2 (Client 1112620458)
2026-03-18 11:00,2026-03-18,11,Gold,69460.25,69638.29,178.04,0.2563,-285.51,5179,80635,69500,12.68,13.18,0.8979,INR/10g,Dhan API v2 (Client 1112620458)
2026-03-18 12:00,2026-03-18,12,Gold,69269.06,69568.25,299.19,0.4319,121.15,12384,79527,69500,13.01,13.51,0.9366,INR/10g,Dhan API v2 (Client 1112620458)
2026-03-18 13:00,2026-03-18,13,Gold,69365.66,69743.07,377.41,0.5441,78.22,10435,80022,69500,12.63,13.13,0.9424,INR/10g,Dhan API v2 (Client 1112620458)
2026-03-18 14:00,2026-03-18,14,Gold,69210.26,69443.82,233.57,0.3375,-143.84,10036,81306,69000,12.48,12.98,0.9469,INR/10g,Dhan API v2 (Client 1112620458)
2026-03-18 15:00,2026-03-18,15,Gold,69203.69,69392.75,189.06,0.2732,-44.51,13215,80633,69000,12.56,13.06,0.9111,INR/10g,Dhan API v2 (Client 1112620458)
2026-03-18 16:00,2026-03-18,16,Gold,69010.11,69262.14,252.02,0.3652,62.96,1205,80557,69000,12.77,13.27,0.9032,INR/10g,Dhan API v2 (Client 1112620458)
2026-03-18 17:00,2026-03-18,17,Gold,69011.51,69299.95,288.43,0.418,36.41,2805,79073,69000,12.41,12.91,0.923,INR/10g,Dhan API v2 (Client 1112620458)
2026-03-18 18:00,2026-03-18,18,Gold,68913.88,69290.34,376.46,0.5463,88.03,927,80686,69000,12.98,13.48,0.9074,INR/10g,Dhan API v2 (Client 1112620458)
2026-03-18 19:00,2026-03-18,19,Gold,68772.94,69201.88,428.93,0.6237,52.47,1792,77481,69000,12.96,13.46,0.9073,INR/10g,Dhan API v2 (Client 1112620458)
2026-03-18 20:00,2026-03-18,20,Gold,68623.02,68962.85,339.83,0.4952,-89.1,10165,79607,68500,12.37,12.87,0.9234,INR/10g,Dhan API v2 (Client 1112620458)
2026-03-18 21:00,2026-03-18,21,Gold,68541.64,68856.09,314.45,0.4588,-25.38,3257,78792,68500,12.67,13.17,0.914,INR/10g,Dhan API v2 (Client 1112620458)
2026-03-18 22:00,2026-03-18,22,Gold,68545.49,68733.21,187.72,0.2739,-126.73,9723,80677,68500,12.9,13.4,0.9254,INR/10g,Dhan API v2 (Client 1112620458)
2026-03-18 23:00,2026-03-18,23,Gold,68713.77,69000.97,287.2,0.418,99.48,10449,81610,68500,13.01,13.51,0.9003,INR/10g,Dhan API v2 (Client 1112620458)
2026-03-19 09:00,2026-03-19,9,Gold,68592.79,68878.36,285.57,0.4163,-1.63,6758,79773,68500,12.62,13.12,0.9365,INR/10g,Dhan API v2 (Client 1112620458)
2026-03-19 10:00,2026-03-19,10,Gold,68537.9,68893.36,355.46,0.5186,69.89,14058,78431,68500,12.39,12.89,0.9418,INR/10g,Dhan API v2 (Client 1112620458)
2026-03-19 11:00,2026-03-19,11,Gold,68382.87,68779.09,396.22,0.5794,40.76,6790,80675,68500,12.73,13.23,0.9188,INR/10g,Dhan API v2 (Client 1112620458)
2026-03-19 12:00,2026-03-19,12,Gold,68400.08,68725.68,325.6,0.476,-70.62,4945,80004,68500,12.87,13.37,0.9562,INR/10g,Dhan API v2 (Client 1112620458)
2026-03-19 13:00,2026-03-19,13,Gold,68526.76,68847.38,320.62,0.4679,-4.98,639,77898,68500,12.25,12.75,0.897,INR/10g,Dhan API v2 (Client 1112620458)
2026-03-19 14:00,2026-03-19,14,Gold,68685.86,69113.7,427.85,0.6229,107.23,2608,78226,68500,12.59,13.09,0.8823,INR/10g,Dhan API v2 (Client 1112620458)
2026-03-19 15:00,2026-03-19,15,Gold,68799.29,69194.14,394.85,0.5739,-33.0,2392,79607,69000,12.68,13.18,0.9189,INR/10g,Dhan API v2 (Client 1112620458)
2026-03-19 16:00,2026-03-19,16,Gold,68542.2,68786.22,244.02,0.356,-150.83,11675,78579,68500,12.84,13.34,0.9459,INR/10g,Dhan API v2 (Client 1112620458)
2026-03-19 17:00,2026-03-19,17,Gold,68877.26,69189.51,312.25,0.4533,68.23,10403,79606,69000,13.07,13.57,0.9165,INR/10g,Dhan API v2 (Client 1112620458)
2026-03-19 18:00,2026-03-19,18,Gold,68909.9,69165.99,256.09,0.3716,-56.16,10771,79347,69000,12.14,12.64,0.9352,INR/10g,Dhan API v2 (Client 1112620458)
2026-03-19 19:00,2026-03-19,19,Gold,68729.98,68967.19,237.21,0.3451,-18.88,12267,79884,68500,12.71,13.21,0.9202,INR/10g,Dhan API v2 (Client 1112620458)
2026-03-19 20:00,2026-03-19,20,Gold,68798.23,69204.82,406.59,0.591,169.38,9451,76971,69000,12.48,12.98,0.9149,INR/10g,Dhan API v2 (Client 1112620458)
2026-03-19 21:00,2026-03-19,21,Gold,68762.55,69158.76,396.21,0.5762,-10.38,6300,80474,69000,12.87,13.37,0.941,INR/10g,Dhan API v2 (Client 1112620458)
2026-03-19 22:00,2026-03-19,22,Gold,68592.22,69046.23,454.01,0.6619,57.8,1015,78510,68500,12.64,13.14,0.9204,INR/10g,Dhan API v2 (Client 1112620458)
2026-03-19 23:00,2026-03-19,23,Gold,68609.79,68878.06,268.26,0.391,-185.75,1704,78878,68500,12.92,13.42,0.8966,INR/10g,Dhan API v2 (Client 1112620458)
2026-03-20 09:00,2026-03-20,9,Gold,68502.43,68839.27,336.84,0.4917,68.58,8835,78876,68500,12.86,13.36,0.9575,INR/10g,Dhan API v2 (Client 1112620458)
2026-03-20 10:00,2026-03-20,10,Gold,68521.98,68869.02,347.05,0.5065,10.21,6615,80904,68500,13.2,13.7,0.8895,INR/10g,Dhan API v2 (Client 1112620458)
2026-03-20 11:00,2026-03-20,11,Gold,68476.8,68717.44,240.64,0.3514,-106.41,6393,79785,68500,12.44,12.94,0.9423,INR/10g,Dhan API v2 (Client 1112620458)
2026-03-20 12:00,2026-03-20,12,Gold,68492.23,68709.32,217.09,0.317,-23.55,579,78641,68500,13.07,13.57,0.9622,INR/10g,Dhan API v2 (Client 1112620458)
2026-03-20 13:00,2026-03-20,13,Gold,68599.65,68947.41,347.76,0.5069,130.67,14449,78667,68500,12.43,12.93,0.9187,INR/10g,Dhan API v2 (Client 1112620458)
2026-03-20 14:00,2026-03-20,14,Gold,68660.48,68810.57,150.09,0.2186,-197.67,11099,78713,68500,12.77,13.27,0.8716,INR/10g,Dhan API v2 (Client 1112620458)
2026-03-20 15:00,2026-03-20,15,Gold,68564.85,68923.75,358.9,0.5234,208.81,14610,79519,68500,13.04,13.54,0.9106,INR/10g,Dhan API v2 (Client 1112620458)
2026-03-20 16:00,2026-03-20,16,Gold,68405.21,68654.37,249.16,0.3642,-109.74,4006,81453,68500,12.0,12.5,0.9562,INR/10g,Dhan API v2 (Client 1112620458)
2026-03-20 17:00,2026-03-20,17,Gold,68669.81,68906.99,237.17,0.3454,-11.99,5203,79105,68500,12.19,12.69,0.9589,INR/10g,Dhan API v2 (Client 1112620458)
2026-03-20 18:00,2026-03-20,18,Gold,68731.5,68905.5,174.0,0.2532,-63.17,10638,81326,68500,13.18,13.68,0.9122,INR/10g,Dhan API v2 (Client 1112620458)
2026-03-20 19:00,2026-03-20,19,Gold,68938.26,69256.53,318.27,0.4617,144.27,5162,79419,69000,11.86,12.36,0.9377,INR/10g,Dhan API v2 (Client 1112620458)
2026-03-20 20:00,2026-03-20,20,Gold,69040.33,69241.66,201.33,0.2916,-116.94,11958,80609,69000,12.12,12.62,0.937,INR/10g,Dhan API v2 (Client 1112620458)
2026-03-20 21:00,2026-03-20,21,Gold,68908.08,69282.99,374.91,0.5441,173.58,9314,79156,69000,12.62,13.12,0.9083,INR/10g,Dhan API v2 (Client 1112620458)
2026-03-20 22:00,2026-03-20,22,Gold,69030.08,69317.96,287.88,0.417,-87.03,7851,79832,69000,12.23,12.73,0.9167,INR/10g,Dhan API v2 (Client 1112620458)
2026-03-20 23:00,2026-03-20,23,Gold,68938.6,69129.42,190.82,0.2768,-97.06,8287,78295,69000,12.43,12.93,0.913,INR/10g,Dhan API v2 (Client 1112620458)
2026-03-23 09:00,2026-03-23,9,Gold,68793.96,69005.11,211.15,0.3069,20.33,5922,78966,69000,12.43,12.93,0.8955,INR/10g,Dhan API v2 (Client 1112620458)
2026-03-23 10:00,2026-03-23,10,Gold,68666.21,68978.62,312.41,0.455,101.26,4760,80456,68500,12.66,13.16,0.9019,INR/10g,Dhan API v2 (Client 1112620458)
2026-03-23 11:00,2026-03-23,11,Gold,68467.38,68620.89,153.5,0.2242,-158.91,11123,79688,68500,12.28,12.78,0.9426,INR/10g,Dhan API v2 (Client 1112620458)
2026-03-23 12:00,2026-03-23,12,Gold,68375.79,68539.56,163.77,0.2395,10.27,12690,79371,68500,12.88,13.38,0.9361,INR/10g,Dhan API v2 (Client 1112620458)
2026-03-23 13:00,2026-03-23,13,Gold,68505.97,68713.71,207.74,0.3032,43.97,14102,79231,68500,13.06,13.56,0.9269,INR/10g,Dhan API v2 (Client 1112620458)
2026-03-23 14:00,2026-03-23,14,Gold,68196.2,68463.6,267.41,0.3921,59.67,4794,79980,68000,11.75,12.25,0.8754,INR/10g,Dhan API v2 (Client 1112620458)
2026-03-23 15:00,2026-03-23,15,Gold,68308.69,68633.24,324.55,0.4751,57.14,6247,80106,68500,12.53,13.03,0.9046,INR/10g,Dhan API v2 (Client 1112620458)
2026-03-23 16:00,2026-03-23,16,Gold,68139.14,68288.86,149.72,0.2197,-174.83,8063,78669,68000,13.04,13.54,0.9231,INR/10g,Dhan API v2 (Client 1112620458)
2026-03-23 17:00,2026-03-23,17,Gold,68101.97,68526.16,424.18,0.6229,274.46,14407,77875,68000,12.38,12.88,0.9034,INR/10g,Dhan API v2 (Client 1112620458)
2026-03-23 18:00,2026-03-23,18,Gold,67955.1,68260.56,305.46,0.4495,-118.72,1238,80616,68000,12.45,12.95,0.8849,INR/10g,Dhan API v2 (Client 1112620458)
2026-03-23 19:00,2026-03-23,19,Gold,67809.66,68181.29,371.63,0.548,66.17,14120,80002,68000,12.92,13.42,0.9162,INR/10g,Dhan API v2 (Client 1112620458)
2026-03-23 20:00,2026-03-23,20,Gold,67775.97,68022.24,246.27,0.3634,-125.36,13805,79677,68000,12.37,12.87,0.8825,INR/10g,Dhan API v2 (Client 1112620458)
2026-03-23 21:00,2026-03-23,21,Gold,67575.36,67938.89,363.53,0.538,117.26,13683,77756,67500,12.91,13.41,0.9355,INR/10g,Dhan API v2 (Client 1112620458)
2026-03-23 22:00,2026-03-23,22,Gold,67332.64,67553.87,221.23,0.3286,-142.3,9519,78142,67500,12.31,12.81,0.9125,INR/10g,Dhan API v2 (Client 1112620458)
2026-03-23 23:00,2026-03-23,23,Gold,67335.33,67659.83,324.49,0.4819,103.26,4838,79367,67500,12.81,13.31,0.9069,INR/10g,Dhan API v2 (Client 1112620458)
2026-03-24 09:00,2026-03-24,9,Gold,67265.81,67491.93,226.12,0.3362,-98.37,7113,79632,67500,12.3,12.8,0.8713,INR/10g,Dhan API v2 (Client 1112620458)
2026-03-24 10:00,2026-03-24,10,Gold,67197.76,67447.52,249.77,0.3717,23.65,9272,76957,67000,12.13,12.63,0.9255,INR/10g,Dhan API v2 (Client 1112620458)
2026-03-24 11:00,2026-03-24,11,Gold,67176.04,67498.85,322.81,0.4805,73.04,11760,80048,67000,12.76,13.26,0.966,INR/10g,Dhan API v2 (Client 1112620458)
2026-03-24 12:00,2026-03-24,12,Gold,67002.58,67225.71,223.13,0.333,-99.68,5817,79800,67000,12.39,12.89,0.9071,INR/10g,Dhan API v2 (Client 1112620458)
2026-03-24 13:00,2026-03-24,13,Gold,67411.72,67640.74,229.02,0.3397,5.89,3245,79609,67500,12.61,13.11,0.9248,INR/10g,Dhan API v2 (Client 1112620458)
2026-03-24 14:00,2026-03-24,14,Gold,67506.59,67828.24,321.65,0.4765,92.63,8114,79234,67500,13.13,13.63,0.9132,INR/10g,Dhan API v2 (Client 1112620458)
2026-03-24 15:00,2026-03-24,15,Gold,67664.75,67812.52,147.77,0.2184,-173.88,7068,79383,67500,12.68,13.18,0.9089,INR/10g,Dhan API v2 (Client 1112620458)
2026-03-24 16:00,2026-03-24,16,Gold,67466.4,67777.51,311.11,0.4611,163.34,12758,81443,67500,12.91,13.41,0.9234,INR/10g,Dhan API v2 (Client 1112620458)
2026-03-24 17:00,2026-03-24,17,Gold,67560.24,67935.45,375.21,0.5554,64.1,11778,80550,67500,12.77,13.27,0.9195,INR/10g,Dhan API v2 (Client 1112620458)
2026-03-24 18:00,2026-03-24,18,Gold,67547.1,67759.75,212.65,0.3148,-162.56,12409,78098,67500,12.63,13.13,0.8938,INR/10g,Dhan API v2 (Client 1112620458)
2026-03-24 19:00,2026-03-24,19,Gold,67644.14,68070.81,426.67,0.6308,214.02,2543,78148,67500,12.37,12.87,0.8771,INR/10g,Dhan API v2 (Client 1112620458)
2026-03-24 20:00,2026-03-24,20,Gold,67773.25,68088.15,314.91,0.4646,-111.76,13356,78731,68000,12.57,13.07,0.9318,INR/10g,Dhan API v2 (Client 1112620458)
2026-03-24 21:00,2026-03-24,21,Gold,67808.32,67832.52,24.2,0.0357,-290.71,11698,80668,68000,12.29,12.79,0.9385,INR/10g,Dhan API v2 (Client 1112620458)
2026-03-24 22:00,2026-03-24,22,Gold,67852.43,68113.27,260.83,0.3844,236.63,5998,79913,68000,12.82,13.32,0.9152,INR/10g,Dhan API v2 (Client 1112620458)
2026-03-24 23:00,2026-03-24,23,Gold,68119.0,68547.72,428.72,0.6294,167.89,6811,80341,68000,13.08,13.58,0.8948,INR/10g,Dhan API v2 (Client 1112620458)
2026-03-25 09:00,2026-03-25,9,Gold,67998.53,68273.17,274.63,0.4039,-154.09,6002,79384,68000,12.37,12.87,0.8962,INR/10g,Dhan API v2 (Client 1112620458)
2026-03-25 10:00,2026-03-25,10,Gold,68104.1,68229.72,125.62,0.1845,-149.01,11894,80041,68000,12.8,13.3,0.9248,INR/10g,Dhan API v2 (Client 1112620458)
2026-03-25 11:00,2026-03-25,11,Gold,68095.0,68299.5,204.5,0.3003,78.88,13932,79005,68000,12.31,12.81,0.8866,INR/10g,Dhan API v2 (Client 1112620458)
2026-03-25 12:00,2026-03-25,12,Gold,68102.1,68648.74,546.65,0.8027,342.15,3898,79858,68000,12.87,13.37,0.9115,INR/10g,Dhan API v2 (Client 1112620458)
2026-03-25 13:00,2026-03-25,13,Gold,67937.28,68169.38,232.1,0.3416,-314.55,4006,77800,68000,12.64,13.14,0.9172,INR/10g,Dhan API v2 (Client 1112620458)
2026-03-25 14:00,2026-03-25,14,Gold,67875.55,68207.44,331.89,0.489,99.79,7139,80627,68000,12.02,12.52,0.9063,INR/10g,Dhan API v2 (Client 1112620458)
2026-03-25 15:00,2026-03-25,15,Gold,67946.41,68297.96,351.56,0.5174,19.67,6426,80029,68000,12.35,12.85,0.9204,INR/10g,Dhan API v2 (Client 1112620458)
2026-03-25 16:00,2026-03-25,16,Gold,68095.2,68428.47,333.27,0.4894,-18.29,1196,80041,68000,12.59,13.09,0.9308,INR/10g,Dhan API v2 (Client 1112620458)
2026-03-25 17:00,2026-03-25,17,Gold,68206.74,68346.63,139.89,0.2051,-193.38,1187,79479,68000,12.28,12.78,0.9431,INR/10g,Dhan API v2 (Client 1112620458)
2026-03-25 18:00,2026-03-25,18,Gold,68257.11,68460.63,203.52,0.2982,63.63,9187,78526,68500,12.52,13.02,0.892,INR/10g,Dhan API v2 (Client 1112620458)
2026-03-25 19:00,2026-03-25,19,Gold,68361.3,68693.55,332.25,0.486,128.73,8488,79675,68500,12.42,12.92,0.8929,INR/10g,Dhan API v2 (Client 1112620458)
2026-03-25 20:00,2026-03-25,20,Gold,68469.23,68767.79,298.55,0.436,-33.7,13682,78939,68500,12.64,13.14,0.9353,INR/10g,Dhan API v2 (Client 1112620458)
2026-03-25 21:00,2026-03-25,21,Gold,68526.47,68815.68,289.2,0.422,-9.35,644,80124,68500,13.02,13.52,0.9064,INR/10g,Dhan API v2 (Client 1112620458)
2026-03-25 22:00,2026-03-25,22,Gold,68700.81,68885.97,185.15,0.2695,-104.05,9212,80250,68500,12.34,12.84,0.9224,INR/10g,Dhan API v2 (Client 1112620458)
2026-03-25 23:00,2026-03-25,23,Gold,68488.16,68878.69,390.53,0.5702,205.38,14611,80097,68500,12.37,12.87,0.9113,INR/10g,Dhan API v2 (Client 1112620458)
2026-03-26 09:00,2026-03-26,9,Gold,68511.88,68576.02,64.15,0.0936,-326.38,6964,79939,68500,12.39,12.89,0.9276,INR/10g,Dhan API v2 (Client 1112620458)
2026-03-26 10:00,2026-03-26,10,Gold,68509.01,68585.22,76.21,0.1112,12.06,2949,79410,68500,12.82,13.32,0.8991,INR/10g,Dhan API v2 (Client 1112620458)
2026-03-26 11:00,2026-03-26,11,Gold,68621.32,68981.22,359.9,0.5245,283.69,13015,80132,68500,12.46,12.96,0.9045,INR/10g,Dhan API v2 (Client 1112620458)
2026-03-26 12:00,2026-03-26,12,Gold,69003.2,69328.16,324.96,0.4709,-34.94,9092,78817,69000,12.62,13.12,0.914,INR/10g,Dhan API v2 (Client 1112620458)
2026-03-26 13:00,2026-03-26,13,Gold,69006.67,69242.77,236.11,0.3422,-88.85,7075,78177,69000,12.15,12.65,0.8716,INR/10g,Dhan API v2 (Client 1112620458)
2026-03-26 14:00,2026-03-26,14,Gold,68562.27,68771.98,209.72,0.3059,-26.39,8625,79583,68500,12.77,13.27,0.9412,INR/10g,Dhan API v2 (Client 1112620458)
2026-03-26 15:00,2026-03-26,15,Gold,68744.04,69171.1,427.06,0.6212,217.34,2876,79973,68500,12.73,13.23,0.9135,INR/10g,Dhan API v2 (Client 1112620458)
2026-03-26 16:00,2026-03-26,16,Gold,68818.31,69201.68,383.37,0.5571,-43.69,9656,79573,69000,12.44,12.94,0.9132,INR/10g,Dhan API v2 (Client 1112620458)
2026-03-26 17:00,2026-03-26,17,Gold,68869.05,69050.0,180.95,0.2627,-202.42,14426,79435,69000,13.02,13.52,0.8782,INR/10g,Dhan API v2 (Client 1112620458)
2026-03-26 18:00,2026-03-26,18,Gold,68823.31,69029.08,205.77,0.299,24.82,9241,81351,69000,12.42,12.92,0.9223,INR/10g,Dhan API v2 (Client 1112620458)
2026-03-26 19:00,2026-03-26,19,Gold,69005.22,69195.81,190.6,0.2762,-15.17,3242,80165,69000,13.1,13.6,0.9094,INR/10g,Dhan API v2 (Client 1112620458)
2026-03-26 20:00,2026-03-26,20,Gold,69013.5,69314.58,301.07,0.4363,110.47,9797,78465,69000,13.44,13.94,0.8877,INR/10g,Dhan API v2 (Client 1112620458)
2026-03-26 21:00,2026-03-26,21,Gold,68975.61,69147.82,172.21,0.2497,-128.86,11529,79663,69000,12.47,12.97,0.9245,INR/10g,Dhan API v2 (Client 1112620458)
2026-03-26 22:00,2026-03-26,22,Gold,69019.82,69377.19,357.37,0.5178,185.16,620,79405,69000,12.53,13.03,0.9478,INR/10g,Dhan API v2 (Client 1112620458)
2026-03-26 23:00,2026-03-26,23,Gold,68977.98,69247.94,269.96,0.3914,-87.41,2818,81971,69000,12.42,12.92,0.9077,INR/10g,Dhan API v2 (Client 1112620458)
2026-03-27 09:00,2026-03-27,9,Gold,68731.42,69013.63,282.21,0.4106,12.25,10737,79557,68500,12.65,13.15,0.9417,INR/10g,Dhan API v2 (Client 1112620458)
2026-03-27 10:00,2026-03-27,10,Gold,68749.3,69114.05,364.76,0.5306,82.55,8318,78588,68500,12.26,12.76,0.9008,INR/10g,Dhan API v2 (Client 1112620458)
2026-03-27 11:00,2026-03-27,11,Gold,68425.61,68631.28,205.67,0.3006,-159.09,12537,80948,68500,12.94,13.44,0.9265,INR/10g,Dhan API v2 (Client 1112620458)
2026-03-27 12:00,2026-03-27,12,Gold,68543.28,68777.33,234.06,0.3415,28.39,13236,80472,68500,12.43,12.93,0.929,INR/10g,Dhan API v2 (Client 1112620458)
2026-03-27 13:00,2026-03-27,13,Gold,68915.44,69122.46,207.02,0.3004,-27.04,9370,79136,69000,12.54,13.04,0.953,INR/10g,Dhan API v2 (Client 1112620458)
2026-03-27 14:00,2026-03-27,14,Gold,69183.22,69369.96,186.74,0.2699,-20.28,5438,79527,69000,12.53,13.03,0.922,INR/10g,Dhan API v2 (Client 1112620458)
2026-03-27 15:00,2026-03-27,15,Gold,68896.54,69148.96,252.42,0.3664,65.68,5302,77844,69000,12.19,12.69,0.9031,INR/10g,Dhan API v2 (Client 1112620458)
2026-03-27 16:00,2026-03-27,16,Gold,68926.93,69074.16,147.23,0.2136,-105.19,1653,77811,69000,12.69,13.19,0.8829,INR/10g,Dhan API v2 (Client 1112620458)
2026-03-27 17:00,2026-03-27,17,Gold,69340.99,69397.71,56.72,0.0818,-90.51,12435,79262,69500,12.48,12.98,0.9372,INR/10g,Dhan API v2 (Client 1112620458)
2026-03-27 18:00,2026-03-27,18,Gold,69367.18,69754.07,386.89,0.5577,330.17,9068,81650,69500,12.32,12.82,0.9402,INR/10g,Dhan API v2 (Client 1112620458)
2026-03-27 19:00,2026-03-27,19,Gold,69350.85,69547.83,196.98,0.284,-189.91,12076,78572,69500,12.67,13.17,0.9022,INR/10g,Dhan API v2 (Client 1112620458)
2026-03-27 20:00,2026-03-27,20,Gold,69387.41,69638.05,250.64,0.3612,53.66,14219,79168,69500,12.37,12.87,0.8971,INR/10g,Dhan API v2 (Client 1112620458)
2026-03-27 21:00,2026-03-27,21,Gold,69380.13,69606.99,226.86,0.327,-23.78,2746,80937,69500,12.57,13.07,0.9134,INR/10g,Dhan API v2 (Client 1112620458)
2026-03-27 22:00,2026-03-27,22,Gold,69436.06,69622.9,186.85,0.2691,-40.01,567,81036,69500,12.76,13.26,0.9088,INR/10g,Dhan API v2 (Client 1112620458)
2026-03-27 23:00,2026-03-27,23,Gold,69400.26,69660.68,260.42,0.3752,73.57,2858,80914,69500,11.97,12.47,0.9214,INR/10g,Dhan API v2 (Client 1112620458)
2026-03-30 09:00,2026-03-30,9,Gold,69566.45,69721.97,155.53,0.2236,-104.89,10769,78438,69500,12.24,12.74,0.9085,INR/10g,Dhan API v2 (Client 1112620458)
2026-03-30 10:00,2026-03-30,10,Gold,69601.04,69749.34,148.3,0.2131,-7.23,7215,79119,69500,12.15,12.65,0.9063,INR/10g,Dhan API v2 (Client 1112620458)
2026-03-30 11:00,2026-03-30,11,Gold,69550.52,69958.11,407.59,0.586,259.29,7968,79570,69500,12.65,13.15,0.9438,INR/10g,Dhan API v2 (Client 1112620458)
2026-03-30 12:00,2026-03-30,12,Gold,69424.64,69480.69,56.05,0.0807,-351.54,3444,77947,69500,12.12,12.62,0.9194,INR/10g,Dhan API v2 (Client 1112620458)
2026-03-30 13:00,2026-03-30,13,Gold,69407.31,69485.93,78.62,0.1133,22.57,5256,79536,69500,12.61,13.11,0.9127,INR/10g,Dhan API v2 (Client 1112620458)
2026-03-30 14:00,2026-03-30,14,Gold,69483.33,69480.82,-2.51,-0.0036,-81.13,11076,79543,69500,12.69,13.19,0.9397,INR/10g,Dhan API v2 (Client 1112620458)
2026-03-30 15:00,2026-03-30,15,Gold,69598.02,69798.05,200.03,0.2874,202.54,12861,80101,69500,12.79,13.29,0.913,INR/10g,Dhan API v2 (Client 1112620458)
2026-03-30 16:00,2026-03-30,16,Gold,69529.89,69881.22,351.33,0.5053,151.3,3170,79336,69500,12.57,13.07,0.9255,INR/10g,Dhan API v2 (Client 1112620458)
2026-03-30 17:00,2026-03-30,17,Gold,69188.41,69425.68,237.27,0.3429,-114.06,8496,81558,69000,13.69,14.19,0.9635,INR/10g,Dhan API v2 (Client 1112620458)
2026-03-30 18:00,2026-03-30,18,Gold,69361.28,69687.54,326.26,0.4704,88.99,6520,79104,69500,12.93,13.43,0.9204,INR/10g,Dhan API v2 (Client 1112620458)
2026-03-30 19:00,2026-03-30,19,Gold,69529.46,69931.03,401.57,0.5776,75.31,7972,79226,69500,12.44,12.94,0.9165,INR/10g,Dhan API v2 (Client 1112620458)
2026-03-30 20:00,2026-03-30,20,Gold,69578.61,69864.7,286.08,0.4112,-115.49,1898,80413,69500,12.6,13.1,0.9374,INR/10g,Dhan API v2 (Client 1112620458)
2026-03-30 21:00,2026-03-30,21,Gold,69723.75,70080.7,356.95,0.5119,70.87,7023,78643,69500,12.14,12.64,0.9058,INR/10g,Dhan API v2 (Client 1112620458)
2026-03-30 22:00,2026-03-30,22,Gold,69720.49,69943.29,222.8,0.3196,-134.15,5647,78847,69500,12.32,12.82,0.9354,INR/10g,Dhan API v2 (Client 1112620458)
2026-03-30 23:00,2026-03-30,23,Gold,69865.22,70109.85,244.62,0.3501,21.82,2260,78459,70000,11.84,12.34,0.9066,INR/10g,Dhan API v2 (Client 1112620458)
2026-03-31 09:00,2026-03-31,9,Gold,69785.03,69953.01,167.98,0.2407,-76.64,3907,79296,70000,12.65,13.15,0.9088,INR/10g,Dhan API v2 (Client 1112620458)
2026-03-31 10:00,2026-03-31,10,Gold,69721.53,69919.0,197.47,0.2832,29.49,10980,80784,69500,13.0,13.5,0.9305,INR/10g,Dhan API v2 (Client 1112620458)
2026-03-31 11:00,2026-03-31,11,Gold,69885.8,70072.52,186.72,0.2672,-10.75,11880,78565,70000,12.07,12.57,0.8936,INR/10g,Dhan API v2 (Client 1112620458)
2026-03-31 12:00,2026-03-31,12,Gold,70121.49,70437.4,315.92,0.4505,129.2,5063,78919,70000,12.58,13.08,0.8695,INR/10g,Dhan API v2 (Client 1112620458)
2026-03-31 13:00,2026-03-31,13,Gold,70198.74,70329.01,130.27,0.1856,-185.65,8915,80534,70000,12.45,12.95,0.9508,INR/10g,Dhan API v2 (Client 1112620458)
2026-03-31 14:00,2026-03-31,14,Gold,70081.84,70197.99,116.15,0.1657,-14.12,8774,81365,70000,12.61,13.11,0.8887,INR/10g,Dhan API v2 (Client 1112620458)
2026-03-31 15:00,2026-03-31,15,Gold,70174.24,70399.89,225.65,0.3216,109.5,9445,80740,70000,12.31,12.81,0.8836,INR/10g,Dhan API v2 (Client 1112620458)
2026-03-31 16:00,2026-03-31,16,Gold,69882.54,70128.06,245.52,0.3513,19.87,7333,80541,70000,13.22,13.72,0.9263,INR/10g,Dhan API v2 (Client 1112620458)
2026-03-31 17:00,2026-03-31,17,Gold,69627.39,69965.06,337.67,0.485,92.15,3797,79966,69500,12.66,13.16,0.9116,INR/10g,Dhan API v2 (Client 1112620458)
2026-03-31 18:00,2026-03-31,18,Gold,69761.19,69882.75,121.56,0.1743,-216.11,8672,78353,70000,12.74,13.24,0.9343,INR/10g,Dhan API v2 (Client 1112620458)
2026-03-31 19:00,2026-03-31,19,Gold,69765.54,69969.73,204.19,0.2927,82.63,3064,80348,70000,12.85,13.35,0.8816,INR/10g,Dhan API v2 (Client 1112620458)
2026-03-31 20:00,2026-03-31,20,Gold,69836.39,70013.42,177.03,0.2535,-27.16,2677,79204,70000,12.64,13.14,0.9395,INR/10g,Dhan API v2 (Client 1112620458)
2026-03-31 21:00,2026-03-31,21,Gold,69765.38,69972.73,207.35,0.2972,30.32,11471,79695,70000,12.78,13.28,0.9635,INR/10g,Dhan API v2 (Client 1112620458)
2026-03-31 22:00,2026-03-31,22,Gold,69904.31,70113.26,208.95,0.2989,1.6,11399,78596,70000,12.1,12.6,0.9063,INR/10g,Dhan API v2 (Client 1112620458)
2026-03-31 23:00,2026-03-31,23,Gold,69801.63,69881.39,79.75,0.1143,-129.2,4591,79465,70000,12.61,13.11,0.9536,INR/10g,Dhan API v2 (Client 1112620458)
2026-04-01 09:00,2026-04-01,9,Gold,69560.42,69938.08,377.66,0.5429,297.91,703,79241,69500,12.88,13.38,0.9323,INR/10g,Dhan API v2 (Client 1112620458)
2026-04-01 10:00,2026-04-01,10,Gold,69415.75,69625.69,209.94,0.3024,-167.72,10325,80267,69500,12.6,13.1,0.9265,INR/10g,Dhan API v2 (Client 1112620458)
2026-04-01 11:00,2026-04-01,11,Gold,69199.33,69237.55,38.22,0.0552,-171.72,12674,79751,69000,12.59,13.09,0.9302,INR/10g,Dhan API v2 (Client 1112620458)
2026-04-01 12:00,2026-04-01,12,Gold,69197.24,69317.72,120.48,0.1741,82.26,6975,81941,69000,12.17,12.67,0.9091,INR/10g,Dhan API v2 (Client 1112620458)
2026-04-01 13:00,2026-04-01,13,Gold,69287.87,69398.64,110.77,0.1599,-9.71,10100,79861,69500,12.76,13.26,0.9613,INR/10g,Dhan API v2 (Client 1112620458)
2026-04-01 14:00,2026-04-01,14,Gold,69454.54,69581.77,127.23,0.1832,16.46,7727,81109,69500,12.44,12.94,0.8973,INR/10g,Dhan API v2 (Client 1112620458)
2026-04-01 15:00,2026-04-01,15,Gold,69612.56,69764.03,151.47,0.2176,24.24,13980,78649,69500,12.87,13.37,0.9048,INR/10g,Dhan API v2 (Client 1112620458)
2026-04-01 16:00,2026-04-01,16,Gold,69580.52,69802.34,221.82,0.3188,70.35,10512,79241,69500,12.31,12.81,0.9212,INR/10g,Dhan API v2 (Client 1112620458)
2026-04-01 17:00,2026-04-01,17,Gold,69775.89,70013.06,237.17,0.3399,15.35,2525,80459,70000,12.12,12.62,0.9354,INR/10g,Dhan API v2 (Client 1112620458)
2026-04-01 18:00,2026-04-01,18,Gold,69683.13,69844.17,161.04,0.2311,-76.13,14247,79826,69500,12.84,13.34,0.9129,INR/10g,Dhan API v2 (Client 1112620458)
2026-04-01 19:00,2026-04-01,19,Gold,69616.19,69726.03,109.84,0.1578,-51.2,630,79471,69500,12.45,12.95,0.9083,INR/10g,Dhan API v2 (Client 1112620458)
2026-04-01 20:00,2026-04-01,20,Gold,69836.43,70026.15,189.72,0.2717,79.88,13675,79541,70000,12.43,12.93,0.923,INR/10g,Dhan API v2 (Client 1112620458)
2026-04-01 21:00,2026-04-01,21,Gold,69688.3,69879.68,191.38,0.2746,1.66,14650,80330,69500,12.29,12.79,0.9007,INR/10g,Dhan API v2 (Client 1112620458)
2026-04-01 22:00,2026-04-01,22,Gold,69671.97,69922.84,250.87,0.3601,59.49,2989,79826,69500,12.58,13.08,0.9133,INR/10g,Dhan API v2 (Client 1112620458)
2026-04-01 23:00,2026-04-01,23,Gold,69407.55,69668.94,261.39,0.3766,10.52,802,78733,69500,12.6,13.1,0.9078,INR/10g,Dhan API v2 (Client 1112620458)
2026-04-02 09:00,2026-04-02,9,Gold,69297.05,69430.24,133.2,0.1922,-128.19,1517,79558,69500,12.45,12.95,0.9275,INR/10g,Dhan API v2 (Client 1112620458)
2026-04-02 10:00,2026-04-02,10,Gold,69555.72,69772.61,216.89,0.3118,83.69,1396,78160,69500,12.82,13.32,0.8997,INR/10g,Dhan API v2 (Client 1112620458)
2026-04-02 11:00,2026-04-02,11,Gold,69674.48,69970.38,295.9,0.4247,79.01,13382,79351,69500,12.89,13.39,0.8986,INR/10g,Dhan API v2 (Client 1112620458)
2026-04-02 12:00,2026-04-02,12,Gold,69534.17,69649.3,115.13,0.1656,-180.77,903,78713,69500,12.94,13.44,0.9249,INR/10g,Dhan API v2 (Client 1112620458)
2026-04-02 13:00,2026-04-02,13,Gold,69448.48,69678.46,229.98,0.3312,114.85,1812,79269,69500,12.47,12.97,0.9256,INR/10g,Dhan API v2 (Client 1112620458)
2026-04-02 14:00,2026-04-02,14,Gold,69325.37,69630.52,305.16,0.4402,75.18,9410,79779,69500,12.86,13.36,0.9508,INR/10g,Dhan API v2 (Client 1112620458)
2026-04-02 15:00,2026-04-02,15,Gold,69087.39,69239.58,152.19,0.2203,-152.97,5998,79384,69000,12.33,12.83,0.9102,INR/10g,Dhan API v2 (Client 1112620458)
2026-04-02 16:00,2026-04-02,16,Gold,69117.03,69334.77,217.74,0.315,65.55,2307,79256,69000,11.94,12.44,0.9399,INR/10g,Dhan API v2 (Client 1112620458)
2026-04-02 17:00,2026-04-02,17,Gold,69148.87,69191.57,42.7,0.0617,-175.04,12878,79848,69000,12.34,12.84,0.9257,INR/10g,Dhan API v2 (Client 1112620458)
2026-04-02 18:00,2026-04-02,18,Gold,69079.51,69212.21,132.7,0.1921,90.0,13187,78060,69000,12.73,13.23,0.9034,INR/10g,Dhan API v2 (Client 1112620458)
2026-04-02 19:00,2026-04-02,19,Gold,68783.52,68961.2,177.68,0.2583,44.98,13502,78839,69000,12.35,12.85,0.9141,INR/10g,Dhan API v2 (Client 1112620458)
2026-04-02 20:00,2026-04-02,20,Gold,68742.74,69080.66,337.92,0.4916,160.24,2494,79450,68500,12.87,13.37,0.8858,INR/10g,Dhan API v2 (Client 1112620458)
2026-04-02 21:00,2026-04-02,21,Gold,68423.88,68615.51,191.63,0.2801,-146.29,14739,77313,68500,13.06,13.56,0.9269,INR/10g,Dhan API v2 (Client 1112620458)
2026-04-02 22:00,2026-04-02,22,Gold,68238.89,68388.85,149.95,0.2197,-41.68,8791,80112,68000,12.39,12.89,0.9465,INR/10g,Dhan API v2 (Client 1112620458)
2026-04-02 23:00,2026-04-02,23,Gold,68272.15,68288.02,15.87,0.0232,-134.08,12510,79931,68500,12.23,12.73,0.9377,INR/10g,Dhan API v2 (Client 1112620458)
2026-04-03 09:00,2026-04-03,9,Gold,68354.91,68661.84,306.93,0.449,291.06,5215,78801,68500,12.73,13.23,0.895,INR/10g,Dhan API v2 (Client 1112620458)
2026-04-03 10:00,2026-04-03,10,Gold,68309.21,68541.94,232.74,0.3407,-74.19,11645,79365,68500,12.35,12.85,0.903,INR/10g,Dhan API v2 (Client 1112620458)
2026-04-03 11:00,2026-04-03,11,Gold,68031.34,68263.92,232.58,0.3419,-0.16,11243,79773,68000,12.54,13.04,0.9209,INR/10g,Dhan API v2 (Client 1112620458)
2026-04-03 12:00,2026-04-03,12,Gold,68164.39,68304.07,139.68,0.2049,-92.9,11248,79985,68000,12.43,12.93,0.8961,INR/10g,Dhan API v2 (Client 1112620458)
2026-04-03 13:00,2026-04-03,13,Gold,68195.18,68381.63,186.45,0.2734,46.77,12448,77927,68000,12.6,13.1,0.9328,INR/10g,Dhan API v2 (Client 1112620458)
2026-04-03 14:00,2026-04-03,14,Gold,68154.47,68321.83,167.36,0.2456,-19.09,13905,79697,68000,12.6,13.1,0.925,INR/10g,Dhan API v2 (Client 1112620458)
2026-04-03 15:00,2026-04-03,15,Gold,68273.86,68401.49,127.64,0.1869,-39.72,14186,79955,68500,13.19,13.69,0.9102,INR/10g,Dhan API v2 (Client 1112620458)
2026-04-03 16:00,2026-04-03,16,Gold,68448.48,68677.95,229.47,0.3352,101.83,12725,78712,68500,12.65,13.15,0.9393,INR/10g,Dhan API v2 (Client 1112620458)
2026-04-03 17:00,2026-04-03,17,Gold,68563.33,68675.6,112.28,0.1638,-117.19,3782,79410,68500,12.74,13.24,0.9073,INR/10g,Dhan API v2 (Client 1112620458)
2026-04-03 18:00,2026-04-03,18,Gold,68564.04,68914.09,350.05,0.5105,237.77,1174,78194,68500,12.75,13.25,0.9447,INR/10g,Dhan API v2 (Client 1112620458)
2026-04-03 19:00,2026-04-03,19,Gold,68411.8,68360.89,-50.91,-0.0744,-400.96,13789,79928,68500,12.5,13.0,0.9383,INR/10g,Dhan API v2 (Client 1112620458)
2026-04-03 20:00,2026-04-03,20,Gold,68257.06,68316.05,58.99,0.0864,109.9,9649,79865,68500,12.65,13.15,0.9275,INR/10g,Dhan API v2 (Client 1112620458)
2026-04-03 21:00,2026-04-03,21,Gold,68091.64,68202.1,110.46,0.1622,51.47,9287,79561,68000,12.33,12.83,0.9543,INR/10g,Dhan API v2 (Client 1112620458)
2026-04-03 22:00,2026-04-03,22,Gold,67616.42,67760.83,144.41,0.2136,33.95,7513,78540,67500,12.46,12.96,0.9273,INR/10g,Dhan API v2 (Client 1112620458)
2026-04-03 23:00,2026-04-03,23,Gold,67514.91,67851.65,336.74,0.4988,192.33,3375,79014,67500,12.63,13.13,0.861,INR/10g,Dhan API v2 (Client 1112620458)
2026-04-06 09:00,2026-04-06,9,Gold,67760.56,67951.99,191.43,0.2825,-145.31,6746,78623,68000,12.81,13.31,0.9324,INR/10g,Dhan API v2 (Client 1112620458)
2026-04-06 10:00,2026-04-06,10,Gold,68045.24,68264.21,218.97,0.3218,27.54,13354,79347,68000,12.7,13.2,0.9119,INR/10g,Dhan API v2 (Client 1112620458)
2026-04-06 11:00,2026-04-06,11,Gold,67812.71,68027.47,214.76,0.3167,-4.21,14985,78749,68000,12.64,13.14,0.8891,INR/10g,Dhan API v2 (Client 1112620458)
2026-04-06 12:00,2026-04-06,12,Gold,67851.02,68112.65,261.62,0.3856,46.86,12432,78929,68000,12.36,12.86,0.9042,INR/10g,Dhan API v2 (Client 1112620458)
2026-04-06 13:00,2026-04-06,13,Gold,67746.37,67669.97,-76.4,-0.1128,-338.02,8439,79950,67500,13.03,13.53,0.9168,INR/10g,Dhan API v2 (Client 1112620458)
2026-04-06 14:00,2026-04-06,14,Gold,67698.67,67802.87,104.2,0.1539,180.6,7460,79604,67500,12.44,12.94,0.9528,INR/10g,Dhan API v2 (Client 1112620458)
2026-04-06 15:00,2026-04-06,15,Gold,67524.92,67665.45,140.53,0.2081,36.33,14049,80926,67500,12.87,13.37,0.9516,INR/10g,Dhan API v2 (Client 1112620458)
2026-04-06 16:00,2026-04-06,16,Gold,67139.76,67316.28,176.52,0.2629,35.99,5180,77922,67000,12.37,12.87,0.8795,INR/10g,Dhan API v2 (Client 1112620458)
2026-04-06 17:00,2026-04-06,17,Gold,67114.53,67122.92,8.39,0.0125,-168.13,13801,78691,67000,12.74,13.24,0.8902,INR/10g,Dhan API v2 (Client 1112620458)
2026-04-06 18:00,2026-04-06,18,Gold,66918.61,67076.91,158.3,0.2365,149.91,1444,78781,67000,12.69,13.19,0.9374,INR/10g,Dhan API v2 (Client 1112620458)
2026-04-06 19:00,2026-04-06,19,Gold,66769.87,66915.32,145.45,0.2178,-12.85,9542,79924,67000,12.34,12.84,0.9376,INR/10g,Dhan API v2 (Client 1112620458)
2026-04-06 20:00,2026-04-06,20,Gold,66866.35,67007.68,141.33,0.2114,-4.12,12203,78890,67000,12.5,13.0,0.9324,INR/10g,Dhan API v2 (Client 1112620458)
2026-04-06 21:00,2026-04-06,21,Gold,66708.79,66867.95,159.16,0.2386,17.83,5652,78950,66500,12.89,13.39,0.9012,INR/10g,Dhan API v2 (Client 1112620458)
2026-04-06 22:00,2026-04-06,22,Gold,66535.55,66592.42,56.87,0.0855,-102.29,7277,79742,66500,12.68,13.18,0.9452,INR/10g,Dhan API v2 (Client 1112620458)
2026-04-06 23:00,2026-04-06,23,Gold,66672.88,66724.58,51.7,0.0775,-5.17,11123,80332,66500,12.69,13.19,0.9389,INR/10g,Dhan API v2 (Client 1112620458)
2026-04-07 09:00,2026-04-07,9,Gold,66335.84,66567.85,232.01,0.3498,180.31,8641,78663,66500,12.68,13.18,0.8888,INR/10g,Dhan API v2 (Client 1112620458)
2026-04-07 10:00,2026-04-07,10,Gold,66214.76,66243.16,28.41,0.0429,-203.6,1718,79146,66000,12.4,12.9,0.9004,INR/10g,Dhan API v2 (Client 1112620458)
2026-04-07 11:00,2026-04-07,11,Gold,66191.07,66463.13,272.07,0.411,243.66,10242,78492,66000,13.29,13.79,0.9236,INR/10g,Dhan API v2 (Client 1112620458)
2026-04-07 12:00,2026-04-07,12,Gold,65990.93,66099.37,108.45,0.1643,-163.62,8674,79873,66000,12.65,13.15,0.9036,INR/10g,Dhan API v2 (Client 1112620458)
2026-04-07 13:00,2026-04-07,13,Gold,66333.54,66396.73,63.19,0.0953,-45.26,2370,78594,66500,12.22,12.72,0.9115,INR/10g,Dhan API v2 (Client 1112620458)
2026-04-07 14:00,2026-04-07,14,Gold,66400.31,66572.22,171.91,0.2589,108.72,13330,78747,66500,12.27,12.77,0.9119,INR/10g,Dhan API v2 (Client 1112620458)
2026-04-07 15:00,2026-04-07,15,Gold,66599.37,66746.2,146.83,0.2205,-25.08,7767,78901,66500,12.45,12.95,0.8903,INR/10g,Dhan API v2 (Client 1112620458)
2026-04-07 16:00,2026-04-07,16,Gold,66562.81,66791.96,229.16,0.3443,82.33,1394,79493,66500,12.99,13.49,0.8909,INR/10g,Dhan API v2 (Client 1112620458)
2026-04-07 17:00,2026-04-07,17,Gold,66836.47,66910.47,74.0,0.1107,-155.16,11097,77600,67000,12.44,12.94,0.9257,INR/10g,Dhan API v2 (Client 1112620458)
2026-04-07 18:00,2026-04-07,18,Gold,66966.39,67016.14,49.75,0.0743,-24.25,13718,77889,67000,13.01,13.51,0.9239,INR/10g,Dhan API v2 (Client 1112620458)
2026-04-07 19:00,2026-04-07,19,Gold,66947.38,66978.66,31.27,0.0467,-18.48,7042,78818,67000,12.48,12.98,0.9325,INR/10g,Dhan API v2 (Client 1112620458)
2026-04-07 20:00,2026-04-07,20,Gold,67058.6,67312.34,253.74,0.3784,222.47,2185,78390,67000,12.57,13.07,0.8998,INR/10g,Dhan API v2 (Client 1112620458)
2026-04-07 21:00,2026-04-07,21,Gold,67112.86,67322.68,209.82,0.3126,-43.92,14491,80259,67000,12.75,13.25,0.9359,INR/10g,Dhan API v2 (Client 1112620458)
2026-04-07 22:00,2026-04-07,22,Gold,67087.25,67240.64,153.39,0.2286,-56.43,6031,79341,67000,12.44,12.94,0.8828,INR/10g,Dhan API v2 (Client 1112620458)
2026-04-07 23:00,2026-04-07,23,Gold,66954.28,66959.78,5.49,0.0082,-147.9,7901,78453,67000,12.96,13.46,0.9292,INR/10g,Dhan API v2 (Client 1112620458)
2026-04-08 09:00,2026-04-08,9,Gold,67220.37,67186.56,-33.81,-0.0503,-39.3,5717,79284,67000,13.01,13.51,0.8986,INR/10g,Dhan API v2 (Client 1112620458)
2026-04-08 10:00,2026-04-08,10,Gold,67246.85,67413.17,166.32,0.2473,200.13,11179,79451,67000,12.25,12.75,0.9157,INR/10g,Dhan API v2 (Client 1112620458)
2026-04-08 11:00,2026-04-08,11,Gold,67234.26,67442.45,208.18,0.3096,41.86,4661,79800,67000,12.64,13.14,0.9368,INR/10g,Dhan API v2 (Client 1112620458)
2026-04-08 12:00,2026-04-08,12,Gold,67206.81,67485.62,278.81,0.4149,70.63,1163,79075,67000,11.9,12.4,0.897,INR/10g,Dhan API v2 (Client 1112620458)
2026-04-08 13:00,2026-04-08,13,Gold,67207.58,67447.86,240.28,0.3575,-38.53,855,79917,67000,12.31,12.81,0.932,INR/10g,Dhan API v2 (Client 1112620458)
2026-04-08 14:00,2026-04-08,14,Gold,66954.35,67175.99,221.64,0.331,-18.64,2877,78547,67000,13.32,13.82,0.8951,INR/10g,Dhan API v2 (Client 1112620458)
2026-04-08 15:00,2026-04-08,15,Gold,66774.23,66987.76,213.53,0.3198,-8.11,8197,79149,67000,12.96,13.46,0.9319,INR/10g,Dhan API v2 (Client 1112620458)
2026-04-08 16:00,2026-04-08,16,Gold,66910.6,66992.96,82.36,0.1231,-131.17,14880,78533,67000,12.5,13.0,0.9085,INR/10g,Dhan API v2 (Client 1112620458)
2026-04-08 17:00,2026-04-08,17,Gold,66850.42,67155.98,305.56,0.4571,223.2,793,78959,67000,12.78,13.28,0.9028,INR/10g,Dhan API v2 (Client 1112620458)
2026-04-08 18:00,2026-04-08,18,Gold,66802.41,67068.87,266.46,0.3989,-39.1,6238,80226,67000,12.66,13.16,0.9233,INR/10g,Dhan API v2 (Client 1112620458)
2026-04-08 19:00,2026-04-08,19,Gold,66772.79,66906.44,133.65,0.2002,-132.81,2574,78708,67000,12.7,13.2,0.9542,INR/10g,Dhan API v2 (Client 1112620458)
2026-04-08 20:00,2026-04-08,20,Gold,66975.11,67198.78,223.66,0.3339,90.01,11972,78948,67000,12.51,13.01,0.9126,INR/10g,Dhan API v2 (Client 1112620458)
2026-04-08 21:00,2026-04-08,21,Gold,67025.16,67121.17,96.01,0.1432,-127.65,6978,79004,67000,12.35,12.85,0.8959,INR/10g,Dhan API v2 (Client 1112620458)
2026-04-08 22:00,2026-04-08,22,Gold,66893.45,66967.27,73.82,0.1104,-22.19,4976,77972,67000,12.84,13.34,0.9028,INR/10g,Dhan API v2 (Client 1112620458)
2026-04-08 23:00,2026-04-08,23,Gold,66875.07,66906.28,31.21,0.0467,-42.61,8211,79419,67000,12.53,13.03,0.9424,INR/10g,Dhan API v2 (Client 1112620458)
2026-04-09 09:00,2026-04-09,9,Gold,66867.72,66951.19,83.47,0.1248,52.26,7221,79005,67000,12.87,13.37,0.9375,INR/10g,Dhan API v2 (Client 1112620458)
2026-04-09 10:00,2026-04-09,10,Gold,66448.76,66616.57,167.81,0.2525,84.34,7107,80503,66500,12.35,12.85,0.8675,INR/10g,Dhan API v2 (Client 1112620458)
2026-04-09 11:00,2026-04-09,11,Gold,66181.2,66225.74,44.54,0.0673,-123.27,9515,80046,66000,12.59,13.09,0.9012,INR/10g,Dhan API v2 (Client 1112620458)
2026-04-09 12:00,2026-04-09,12,Gold,66084.48,66129.93,45.45,0.0688,0.91,13711,79156,66000,13.04,13.54,0.9399,INR/10g,Dhan API v2 (Client 1112620458)
2026-04-09 13:00,2026-04-09,13,Gold,65998.54,66084.33,85.8,0.13,40.35,1337,79443,66000,12.73,13.23,0.9259,INR/10g,Dhan API v2 (Client 1112620458)
2026-04-09 14:00,2026-04-09,14,Gold,65899.06,66250.5,351.45,0.5333,265.65,9573,80857,66000,12.62,13.12,0.9148,INR/10g,Dhan API v2 (Client 1112620458)
2026-04-09 15:00,2026-04-09,15,Gold,65509.1,65612.48,103.38,0.1578,-248.07,10450,79361,65500,12.42,12.92,0.9198,INR/10g,Dhan API v2 (Client 1112620458)
2026-04-09 16:00,2026-04-09,16,Gold,65388.69,65477.61,88.92,0.136,-14.46,13657,78875,65500,12.49,12.99,0.8977,INR/10g,Dhan API v2 (Client 1112620458)
2026-04-09 17:00,2026-04-09,17,Gold,65364.33,65539.91,175.59,0.2686,86.67,12750,81486,65500,12.98,13.48,0.8947,INR/10g,Dhan API v2 (Client 1112620458)
2026-04-09 18:00,2026-04-09,18,Gold,65624.55,65702.95,78.4,0.1195,-97.19,4981,79043,65500,12.25,12.75,0.9116,INR/10g,Dhan API v2 (Client 1112620458)
2026-04-09 19:00,2026-04-09,19,Gold,65493.99,65463.3,-30.69,-0.0469,-109.09,2669,80379,65500,12.72,13.22,0.9026,INR/10g,Dhan API v2 (Client 1112620458)
2026-04-09 20:00,2026-04-09,20,Gold,65597.26,65646.31,49.05,0.0748,79.74,4013,79053,65500,12.48,12.98,0.963,INR/10g,Dhan API v2 (Client 1112620458)
2026-04-09 21:00,2026-04-09,21,Gold,65599.74,65758.91,159.17,0.2426,110.12,7354,78327,65500,12.72,13.22,0.9306,INR/10g,Dhan API v2 (Client 1112620458)
2026-04-09 22:00,2026-04-09,22,Gold,65404.73,65505.34,100.62,0.1538,-58.55,6116,79939,65500,13.21,13.71,0.9079,INR/10g,Dhan API v2 (Client 1112620458)
2026-04-09 23:00,2026-04-09,23,Gold,65293.13,65522.01,228.88,0.3505,128.26,4199,78405,65500,12.78,13.28,0.9161,INR/10g,Dhan API v2 (Client 1112620458)
2026-04-10 09:00,2026-04-10,9,Gold,65346.44,65299.24,-47.2,-0.0722,-276.08,12002,80095,65500,12.44,12.94,0.8677,INR/10g,Dhan API v2 (Client 1112620458)
2026-04-10 10:00,2026-04-10,10,Gold,65524.86,65692.94,168.08,0.2565,215.28,5194,79897,65500,12.75,13.25,0.9118,INR/10g,Dhan API v2 (Client 1112620458)
2026-04-10 11:00,2026-04-10,11,Gold,65781.1,66044.65,263.55,0.4006,95.47,10612,81325,66000,12.75,13.25,0.9343,INR/10g,Dhan API v2 (Client 1112620458)
2026-04-10 12:00,2026-04-10,12,Gold,65982.23,65999.84,17.62,0.0267,-245.93,10230,80215,66000,12.14,12.64,0.9185,INR/10g,Dhan API v2 (Client 1112620458)
2026-04-10 13:00,2026-04-10,13,Gold,66084.57,66326.4,241.83,0.3659,224.21,10886,79323,66000,12.98,13.48,0.9336,INR/10g,Dhan API v2 (Client 1112620458)
2026-04-10 14:00,2026-04-10,14,Gold,66188.09,66412.78,224.69,0.3395,-17.14,13936,78928,66000,12.93,13.43,0.9449,INR/10g,Dhan API v2 (Client 1112620458)
2026-04-10 15:00,2026-04-10,15,Gold,66206.25,66279.8,73.54,0.1111,-151.15,6011,80301,66000,12.16,12.66,0.9449,INR/10g,Dhan API v2 (Client 1112620458)
2026-04-10 16:00,2026-04-10,16,Gold,66148.09,66397.51,249.41,0.3771,175.87,11304,79475,66000,12.27,12.77,0.9022,INR/10g,Dhan API v2 (Client 1112620458)
2026-04-10 17:00,2026-04-10,17,Gold,66226.95,66246.93,19.98,0.0302,-229.43,10224,77688,66000,13.29,13.79,0.9222,INR/10g,Dhan API v2 (Client 1112620458)
2026-04-10 18:00,2026-04-10,18,Gold,66291.76,66439.3,147.54,0.2226,127.56,7881,78319,66500,12.63,13.13,0.8924,INR/10g,Dhan API v2 (Client 1112620458)
2026-04-10 19:00,2026-04-10,19,Gold,66503.73,66615.9,112.16,0.1687,-35.38,13621,81254,66500,12.35,12.85,0.9502,INR/10g,Dhan API v2 (Client 1112620458)
2026-04-10 20:00,2026-04-10,20,Gold,66691.93,66794.27,102.33,0.1534,-9.83,11217,79715,66500,12.53,13.03,0.9372,INR/10g,Dhan API v2 (Client 1112620458)
2026-04-10 21:00,2026-04-10,21,Gold,66539.35,66598.54,59.19,0.089,-43.14,8015,78542,66500,12.23,12.73,0.9104,INR/10g,Dhan API v2 (Client 1112620458)
2026-04-10 22:00,2026-04-10,22,Gold,66576.26,66618.52,42.26,0.0635,-16.93,12985,80355,66500,12.71,13.21,0.9009,INR/10g,Dhan API v2 (Client 1112620458)
2026-04-10 23:00,2026-04-10,23,Gold,66672.27,66916.67,244.4,0.3666,202.14,940,78042,66500,12.6,13.1,0.8745,INR/10g,Dhan API v2 (Client 1112620458)
2026-04-13 09:00,2026-04-13,9,Gold,66594.67,66807.1,212.43,0.319,-31.97,13201,80720,66500,13.15,13.65,0.9162,INR/10g,Dhan API v2 (Client 1112620458)
2026-04-13 10:00,2026-04-13,10,Gold,66571.93,66609.07,37.14,0.0558,-175.29,11710,78904,66500,13.15,13.65,0.9707,INR/10g,Dhan API v2 (Client 1112620458)
2026-04-13 11:00,2026-04-13,11,Gold,66759.01,66850.81,91.8,0.1375,54.66,11942,80040,67000,12.52,13.02,0.9874,INR/10g,Dhan API v2 (Client 1112620458)
2026-04-13 12:00,2026-04-13,12,Gold,66872.58,66940.96,68.38,0.1023,-23.42,520,78775,67000,12.55,13.05,0.919,INR/10g,Dhan API v2 (Client 1112620458)
2026-04-13 13:00,2026-04-13,13,Gold,67057.54,67094.49,36.95,0.0551,-31.43,9265,79269,67000,12.7,13.2,0.8741,INR/10g,Dhan API v2 (Client 1112620458)
2026-04-13 14:00,2026-04-13,14,Gold,66966.64,67035.63,69.0,0.103,32.05,2598,80521,67000,12.88,13.38,0.9088,INR/10g,Dhan API v2 (Client 1112620458)
2026-04-13 15:00,2026-04-13,15,Gold,66901.09,67028.36,127.27,0.1902,58.27,8648,78903,67000,12.84,13.34,0.8913,INR/10g,Dhan API v2 (Client 1112620458)
2026-04-13 16:00,2026-04-13,16,Gold,66948.38,66968.14,19.77,0.0295,-107.5,9079,80306,67000,12.16,12.66,0.8774,INR/10g,Dhan API v2 (Client 1112620458)
2026-04-13 17:00,2026-04-13,17,Gold,67010.98,67129.36,118.38,0.1767,98.61,8578,79016,67000,12.57,13.07,0.9106,INR/10g,Dhan API v2 (Client 1112620458)
2026-04-13 18:00,2026-04-13,18,Gold,66805.39,66933.34,127.95,0.1915,9.57,8968,79572,67000,12.64,13.14,0.9337,INR/10g,Dhan API v2 (Client 1112620458)
2026-04-13 19:00,2026-04-13,19,Gold,66864.8,67100.42,235.62,0.3524,107.67,8357,78419,67000,12.5,13.0,0.9049,INR/10g,Dhan API v2 (Client 1112620458)
2026-04-13 20:00,2026-04-13,20,Gold,66720.64,66768.35,47.71,0.0715,-187.91,5920,79354,66500,12.59,13.09,0.8795,INR/10g,Dhan API v2 (Client 1112620458)
2026-04-13 21:00,2026-04-13,21,Gold,66818.48,66842.22,23.74,0.0355,-23.97,5906,80294,67000,12.59,13.09,0.9015,INR/10g,Dhan API v2 (Client 1112620458)
2026-04-13 22:00,2026-04-13,22,Gold,66637.13,66760.79,123.67,0.1856,99.93,1286,80609,66500,12.61,13.11,0.8937,INR/10g,Dhan API v2 (Client 1112620458)
2026-04-13 23:00,2026-04-13,23,Gold,66865.75,66863.69,-2.06,-0.0031,-125.73,13671,80937,67000,12.56,13.06,0.9382,INR/10g,Dhan API v2 (Client 1112620458)
2026-04-14 09:00,2026-04-14,9,Gold,67184.62,67063.05,-121.57,-0.181,-119.51,2645,80170,67000,12.82,13.32,0.8985,INR/10g,Dhan API v2 (Client 1112620458)
2026-04-14 10:00,2026-04-14,10,Gold,66996.8,67105.99,109.19,0.163,230.76,14688,81061,67000,12.57,13.07,0.9177,INR/10g,Dhan API v2 (Client 1112620458)
2026-04-14 11:00,2026-04-14,11,Gold,66912.76,67212.39,299.63,0.4478,190.44,1345,80185,67000,12.62,13.12,0.926,INR/10g,Dhan API v2 (Client 1112620458)
2026-04-14 12:00,2026-04-14,12,Gold,66912.31,66995.62,83.31,0.1245,-216.32,14476,79006,67000,12.74,13.24,0.9322,INR/10g,Dhan API v2 (Client 1112620458)
2026-04-14 13:00,2026-04-14,13,Gold,66912.51,67104.42,191.91,0.2868,108.6,2432,78984,67000,12.53,13.03,0.8967,INR/10g,Dhan API v2 (Client 1112620458)
2026-04-14 14:00,2026-04-14,14,Gold,66856.43,67026.58,170.15,0.2545,-21.76,14569,78592,67000,13.03,13.53,0.9545,INR/10g,Dhan API v2 (Client 1112620458)
2026-04-14 15:00,2026-04-14,15,Gold,67115.81,67204.3,88.5,0.1319,-81.65,3224,77271,67000,12.57,13.07,0.9211,INR/10g,Dhan API v2 (Client 1112620458)
2026-04-14 16:00,2026-04-14,16,Gold,67149.94,67204.55,54.61,0.0813,-33.89,6692,77654,67000,13.21,13.71,0.9141,INR/10g,Dhan API v2 (Client 1112620458)
2026-04-14 17:00,2026-04-14,17,Gold,67074.37,67219.8,145.44,0.2168,90.83,3263,79918,67000,12.54,13.04,0.9246,INR/10g,Dhan API v2 (Client 1112620458)
2026-04-14 18:00,2026-04-14,18,Gold,67268.31,67491.27,222.96,0.3314,77.52,2769,77422,67500,12.73,13.23,0.9369,INR/10g,Dhan API v2 (Client 1112620458)
2026-04-14 19:00,2026-04-14,19,Gold,67280.18,67352.93,72.75,0.1081,-150.21,11208,79159,67500,12.28,12.78,0.8996,INR/10g,Dhan API v2 (Client 1112620458)
2026-04-14 20:00,2026-04-14,20,Gold,67315.28,67517.13,201.85,0.2999,129.1,767,80876,67500,12.86,13.36,0.9182,INR/10g,Dhan API v2 (Client 1112620458)
2026-04-14 21:00,2026-04-14,21,Gold,67463.88,67416.65,-47.24,-0.07,-249.09,12148,79138,67500,12.95,13.45,0.8993,INR/10g,Dhan API v2 (Client 1112620458)
2026-04-14 22:00,2026-04-14,22,Gold,67530.35,67633.59,103.24,0.1529,150.48,11198,79052,67500,12.48,12.98,0.8718,INR/10g,Dhan API v2 (Client 1112620458)
2026-04-14 23:00,2026-04-14,23,Gold,67666.2,67703.43,37.24,0.055,-66.0,8576,81105,67500,12.79,13.29,0.9258,INR/10g,Dhan API v2 (Client 1112620458)
2026-04-15 09:00,2026-04-15,9,Gold,67601.14,67654.42,53.28,0.0788,16.04,10258,79407,67500,12.28,12.78,0.9593,INR/10g,Dhan API v2 (Client 1112620458)
2026-04-15 10:00,2026-04-15,10,Gold,67701.89,67689.64,-12.24,-0.0181,-65.52,5284,81059,67500,12.93,13.43,0.9183,INR/10g,Dhan API v2 (Client 1112620458)
2026-04-15 11:00,2026-04-15,11,Gold,67667.71,67840.47,172.76,0.2553,185.0,1487,79425,67500,12.5,13.0,0.9162,INR/10g,Dhan API v2 (Client 1112620458)
2026-04-15 12:00,2026-04-15,12,Gold,67538.08,67498.56,-39.52,-0.0585,-212.28,11247,80195,67500,12.56,13.06,0.9133,INR/10g,Dhan API v2 (Client 1112620458)
2026-04-15 13:00,2026-04-15,13,Gold,67557.49,67550.09,-7.4,-0.0109,32.12,1035,78842,67500,12.7,13.2,0.8881,INR/10g,Dhan API v2 (Client 1112620458)
2026-04-15 14:00,2026-04-15,14,Gold,67379.41,67424.41,45.0,0.0668,52.4,11045,80390,67500,11.98,12.48,0.9334,INR/10g,Dhan API v2 (Client 1112620458)
2026-04-15 15:00,2026-04-15,15,Gold,67183.34,67302.29,118.94,0.177,73.94,7192,80175,67000,12.69,13.19,0.9202,INR/10g,Dhan API v2 (Client 1112620458)
2026-04-15 16:00,2026-04-15,16,Gold,67374.89,67519.88,144.99,0.2152,26.05,3707,80055,67500,12.71,13.21,0.9256,INR/10g,Dhan API v2 (Client 1112620458)
2026-04-15 17:00,2026-04-15,17,Gold,67350.85,67535.45,184.6,0.2741,39.61,11312,80590,67500,12.11,12.61,0.9461,INR/10g,Dhan API v2 (Client 1112620458)
2026-04-15 18:00,2026-04-15,18,Gold,67131.86,67177.9,46.04,0.0686,-138.56,7482,79174,67000,12.88,13.38,0.9085,INR/10g,Dhan API v2 (Client 1112620458)
2026-04-15 19:00,2026-04-15,19,Gold,67155.32,67072.02,-83.3,-0.124,-129.34,9750,78770,67000,12.52,13.02,0.9603,INR/10g,Dhan API v2 (Client 1112620458)
2026-04-15 20:00,2026-04-15,20,Gold,67334.34,67426.48,92.14,0.1368,175.44,2939,79133,67500,12.92,13.42,0.944,INR/10g,Dhan API v2 (Client 1112620458)
2026-04-15 21:00,2026-04-15,21,Gold,67469.06,67515.6,46.54,0.069,-45.6,4190,80005,67500,13.08,13.58,0.9081,INR/10g,Dhan API v2 (Client 1112620458)
2026-04-15 22:00,2026-04-15,22,Gold,67464.56,67471.32,6.76,0.01,-39.78,13418,80222,67500,12.6,13.1,0.9499,INR/10g,Dhan API v2 (Client 1112620458)
2026-04-15 23:00,2026-04-15,23,Gold,67379.61,67430.81,51.2,0.076,44.44,13411,78079,67500,12.91,13.41,0.9101,INR/10g,Dhan API v2 (Client 1112620458)
2026-04-16 09:00,2026-04-16,9,Gold,67468.42,67525.54,57.12,0.0847,5.92,8772,80995,67500,12.77,13.27,0.9617,INR/10g,Dhan API v2 (Client 1112620458)
2026-04-16 10:00,2026-04-16,10,Gold,67603.27,67489.89,-113.38,-0.1677,-170.5,11154,78556,67500,12.18,12.68,0.9063,INR/10g,Dhan API v2 (Client 1112620458)
2026-04-16 11:00,2026-04-16,11,Gold,67467.92,67631.87,163.95,0.243,277.33,8142,80021,67500,13.26,13.76,0.8829,INR/10g,Dhan API v2 (Client 1112620458)
2026-04-16 12:00,2026-04-16,12,Gold,67367.24,67541.84,174.6,0.2592,10.65,8333,77918,67500,12.57,13.07,0.944,INR/10g,Dhan API v2 (Client 1112620458)
2026-04-16 13:00,2026-04-16,13,Gold,67547.83,67611.79,63.96,0.0947,-110.64,14417,78548,67500,12.59,13.09,0.8954,INR/10g,Dhan API v2 (Client 1112620458)
2026-04-16 14:00,2026-04-16,14,Gold,67705.91,67823.89,117.99,0.1743,54.03,8099,80218,67500,12.71,13.21,0.9482,INR/10g,Dhan API v2 (Client 1112620458)
2026-04-16 15:00,2026-04-16,15,Gold,67383.86,67319.21,-64.66,-0.096,-182.65,4663,80036,67500,12.61,13.11,0.922,INR/10g,Dhan API v2 (Client 1112620458)
2026-04-16 16:00,2026-04-16,16,Gold,67464.87,67470.18,5.31,0.0079,69.97,10790,79135,67500,12.39,12.89,0.9166,INR/10g,Dhan API v2 (Client 1112620458)
2026-04-16 17:00,2026-04-16,17,Gold,67583.73,67705.19,121.46,0.1797,116.15,8811,78507,67500,12.85,13.35,0.9168,INR/10g,Dhan API v2 (Client 1112620458)
2026-04-16 18:00,2026-04-16,18,Gold,67677.72,67791.92,114.2,0.1687,-7.26,9740,79497,67500,11.76,12.26,0.9184,INR/10g,Dhan API v2 (Client 1112620458)
2026-04-16 19:00,2026-04-16,19,Gold,67702.33,67713.55,11.22,0.0166,-102.98,9024,80989,67500,12.65,13.15,0.9233,INR/10g,Dhan API v2 (Client 1112620458)
2026-04-16 20:00,2026-04-16,20,Gold,67664.59,67756.35,91.76,0.1356,80.54,4433,79374,67500,12.77,13.27,0.9254,INR/10g,Dhan API v2 (Client 1112620458)
2026-04-16 21:00,2026-04-16,21,Gold,67761.69,67715.95,-45.74,-0.0675,-137.5,14469,80049,68000,12.69,13.19,0.8973,INR/10g,Dhan API v2 (Client 1112620458)
2026-04-16 22:00,2026-04-16,22,Gold,67828.46,67950.33,121.87,0.1797,167.61,5522,79279,68000,12.6,13.1,0.9326,INR/10g,Dhan API v2 (Client 1112620458)
2026-04-16 23:00,2026-04-16,23,Gold,67566.4,67657.8,91.4,0.1353,-30.47,11032,79350,67500,13.21,13.71,0.9327,INR/10g,Dhan API v2 (Client 1112620458)
2026-04-17 09:00,2026-04-17,9,Gold,67677.81,67604.57,-73.24,-0.1082,-164.64,5729,78944,67500,13.01,13.51,0.9369,INR/10g,Dhan API v2 (Client 1112620458)
2026-04-17 10:00,2026-04-17,10,Gold,67565.32,67570.81,5.49,0.0081,78.73,3320,79223,67500,12.22,12.72,0.8894,INR/10g,Dhan API v2 (Client 1112620458)
2026-04-17 11:00,2026-04-17,11,Gold,67175.63,67326.92,151.29,0.2252,145.8,3303,78569,67000,12.33,12.83,0.9138,INR/10g,Dhan API v2 (Client 1112620458)
2026-04-17 12:00,2026-04-17,12,Gold,67239.11,67136.18,-102.93,-0.1531,-254.22,8735,79833,67000,12.48,12.98,0.8539,INR/10g,Dhan API v2 (Client 1112620458)
2026-04-17 13:00,2026-04-17,13,Gold,67288.3,67109.37,-178.93,-0.2659,-76.0,10672,79742,67500,12.49,12.99,0.898,INR/10g,Dhan API v2 (Client 1112620458)
2026-04-17 14:00,2026-04-17,14,Gold,67344.21,67226.37,-117.84,-0.175,61.09,4698,79419,67500,12.49,12.99,0.9273,INR/10g,Dhan API v2 (Client 1112620458)
2026-04-17 15:00,2026-04-17,15,Gold,67168.42,67166.84,-1.58,-0.0024,116.26,1877,80197,67000,12.9,13.4,0.8778,INR/10g,Dhan API v2 (Client 1112620458)
2026-04-17 16:00,2026-04-17,16,Gold,67161.83,67218.56,56.73,0.0845,58.31,4888,79227,67000,12.31,12.81,0.9045,INR/10g,Dhan API v2 (Client 1112620458)
2026-04-17 17:00,2026-04-17,17,Gold,67322.67,67381.21,58.53,0.0869,1.8,14238,79418,67500,12.47,12.97,0.913,INR/10g,Dhan API v2 (Client 1112620458)
2026-04-17 18:00,2026-04-17,18,Gold,67301.72,67338.7,36.98,0.0549,-21.55,4640,79060,67500,12.67,13.17,0.8949,INR/10g,Dhan API v2 (Client 1112620458)
2026-04-17 19:00,2026-04-17,19,Gold,67272.08,67239.33,-32.75,-0.0487,-69.73,3757,81577,67500,12.2,12.7,0.9408,INR/10g,Dhan API v2 (Client 1112620458)
2026-04-17 20:00,2026-04-17,20,Gold,67226.37,67312.28,85.91,0.1278,118.66,7104,78805,67000,13.15,13.65,0.8948,INR/10g,Dhan API v2 (Client 1112620458)
2026-04-17 21:00,2026-04-17,21,Gold,67195.37,67231.74,36.37,0.0541,-49.54,7478,79163,67000,12.71,13.21,0.915,INR/10g,Dhan API v2 (Client 1112620458)
2026-04-17 22:00,2026-04-17,22,Gold,67095.8,67069.96,-25.85,-0.0385,-62.22,3686,81125,67000,12.66,13.16,0.8703,INR/10g,Dhan API v2 (Client 1112620458)
2026-04-17 23:00,2026-04-17,23,Gold,67207.41,67324.99,117.58,0.175,143.43,12497,79936,67000,12.85,13.35,0.9347,INR/10g,Dhan API v2 (Client 1112620458)
2026-04-20 09:00,2026-04-20,9,Gold,67234.35,67289.29,54.94,0.0817,-62.64,8636,79497,67000,12.55,13.05,0.898,INR/10g,Dhan API v2 (Client 1112620458)
2026-04-20 10:00,2026-04-20,10,Gold,67198.87,67227.47,28.59,0.0425,-26.35,3897,80200,67000,13.16,13.66,0.9431,INR/10g,Dhan API v2 (Client 1112620458)
2026-04-20 11:00,2026-04-20,11,Gold,67220.07,67324.94,104.87,0.156,76.28,5310,78519,67000,12.91,13.41,0.963,INR/10g,Dhan API v2 (Client 1112620458)
2026-04-20 12:00,2026-04-20,12,Gold,67248.23,67340.38,92.16,0.137,-12.71,2959,81418,67000,12.53,13.03,0.8688,INR/10g,Dhan API v2 (Client 1112620458)
2026-04-20 13:00,2026-04-20,13,Gold,67042.86,66996.72,-46.14,-0.0688,-138.3,5356,79091,67000,12.52,13.02,0.9414,INR/10g,Dhan API v2 (Client 1112620458)
2026-04-20 14:00,2026-04-20,14,Gold,66911.23,66849.71,-61.53,-0.092,-15.39,9571,79903,67000,12.42,12.92,0.9189,INR/10g,Dhan API v2 (Client 1112620458)
2026-04-20 15:00,2026-04-20,15,Gold,66869.8,66905.19,35.39,0.0529,96.92,14008,79409,67000,12.45,12.95,0.917,INR/10g,Dhan API v2 (Client 1112620458)
2026-04-20 16:00,2026-04-20,16,Gold,66854.85,66739.13,-115.72,-0.1731,-151.11,10096,80012,67000,12.57,13.07,0.8906,INR/10g,Dhan API v2 (Client 1112620458)
2026-04-20 17:00,2026-04-20,17,Gold,66761.2,66991.95,230.75,0.3456,346.47,9348,81121,67000,12.32,12.82,0.9186,INR/10g,Dhan API v2 (Client 1112620458)
2026-04-20 18:00,2026-04-20,18,Gold,66649.52,66691.25,41.73,0.0626,-189.02,12253,80144,66500,12.98,13.48,0.933,INR/10g,Dhan API v2 (Client 1112620458)
2026-04-20 19:00,2026-04-20,19,Gold,66695.07,66704.8,9.73,0.0146,-32.0,8829,79887,66500,12.7,13.2,0.9396,INR/10g,Dhan API v2 (Client 1112620458)
2026-04-20 20:00,2026-04-20,20,Gold,66605.86,66663.64,57.78,0.0867,48.05,796,79181,66500,13.02,13.52,0.9142,INR/10g,Dhan API v2 (Client 1112620458)
2026-04-20 21:00,2026-04-20,21,Gold,66407.05,66498.61,91.56,0.1379,33.78,8888,80803,66500,12.52,13.02,0.9142,INR/10g,Dhan API v2 (Client 1112620458)
2026-04-20 22:00,2026-04-20,22,Gold,66175.61,66176.89,1.28,0.0019,-90.28,8580,79484,66000,12.28,12.78,0.9025,INR/10g,Dhan API v2 (Client 1112620458)
2026-04-20 23:00,2026-04-20,23,Gold,65954.63,66026.83,72.21,0.1095,70.93,9952,81337,66000,12.74,13.24,0.9021,INR/10g,Dhan API v2 (Client 1112620458)
2026-04-21 09:00,2026-04-21,9,Gold,65849.42,66063.54,214.12,0.3252,141.91,6098,77755,66000,12.46,12.96,0.8808,INR/10g,Dhan API v2 (Client 1112620458)
2026-04-21 10:00,2026-04-21,10,Gold,65925.99,66007.25,81.26,0.1233,-132.86,4218,77513,66000,12.65,13.15,0.9589,INR/10g,Dhan API v2 (Client 1112620458)
2026-04-21 11:00,2026-04-21,11,Gold,66057.34,66035.08,-22.26,-0.0337,-103.52,1095,79203,66000,12.81,13.31,0.9089,INR/10g,Dhan API v2 (Client 1112620458)
2026-04-21 12:00,2026-04-21,12,Gold,66170.9,66268.91,98.01,0.1481,120.27,11973,79102,66000,12.39,12.89,0.9019,INR/10g,Dhan API v2 (Client 1112620458)
2026-04-21 13:00,2026-04-21,13,Gold,66179.73,66192.23,12.5,0.0189,-85.51,13125,79610,66000,12.12,12.62,0.8997,INR/10g,Dhan API v2 (Client 1112620458)
2026-04-21 14:00,2026-04-21,14,Gold,66163.92,66155.89,-8.03,-0.0121,-20.53,4076,80637,66000,12.43,12.93,0.92,INR/10g,Dhan API v2 (Client 1112620458)
2026-04-21 15:00,2026-04-21,15,Gold,66098.62,66196.82,98.2,0.1486,106.23,3078,78107,66000,12.75,13.25,0.9274,INR/10g,Dhan API v2 (Client 1112620458)
2026-04-21 16:00,2026-04-21,16,Gold,66285.28,66251.27,-34.01,-0.0513,-132.21,1768,80928,66500,12.84,13.34,0.9178,INR/10g,Dhan API v2 (Client 1112620458)
2026-04-21 17:00,2026-04-21,17,Gold,66671.39,66592.39,-79.0,-0.1185,-44.99,5786,80439,66500,12.66,13.16,0.9265,INR/10g,Dhan API v2 (Client 1112620458)
2026-04-21 18:00,2026-04-21,18,Gold,66805.45,66691.61,-113.84,-0.1704,-34.84,9612,78915,67000,12.61,13.11,0.8997,INR/10g,Dhan API v2 (Client 1112620458)
2026-04-21 19:00,2026-04-21,19,Gold,66585.2,66580.22,-4.98,-0.0075,108.86,12814,79819,66500,12.74,13.24,0.9351,INR/10g,Dhan API v2 (Client 1112620458)
2026-04-21 20:00,2026-04-21,20,Gold,66425.82,66609.0,183.17,0.2758,188.15,14105,79226,66500,12.22,12.72,0.919,INR/10g,Dhan API v2 (Client 1112620458)
2026-04-21 21:00,2026-04-21,21,Gold,66505.04,66431.64,-73.4,-0.1104,-256.57,2731,81857,66500,12.61,13.11,0.9148,INR/10g,Dhan API v2 (Client 1112620458)
2026-04-21 22:00,2026-04-21,22,Gold,66436.26,66485.99,49.73,0.0749,123.13,7071,78705,66500,13.34,13.84,0.9008,INR/10g,Dhan API v2 (Client 1112620458)
2026-04-21 23:00,2026-04-21,23,Gold,66240.29,66259.56,19.26,0.0291,-30.47,12840,79704,66000,12.66,13.16,0.9187,INR/10g,Dhan API v2 (Client 1112620458)
2026-04-22 09:00,2026-04-22,9,Gold,66341.37,66441.44,100.07,0.1508,80.81,5732,78380,66500,12.92,13.42,0.8784,INR/10g,Dhan API v2 (Client 1112620458)
2026-04-22 10:00,2026-04-22,10,Gold,66381.55,66387.55,6.0,0.009,-94.07,6786,80350,66500,12.6,13.1,0.9428,INR/10g,Dhan API v2 (Client 1112620458)
2026-04-22 11:00,2026-04-22,11,Gold,66503.09,66587.43,84.34,0.1268,78.34,1033,79345,66500,12.92,13.42,0.9457,INR/10g,Dhan API v2 (Client 1112620458)
2026-04-22 12:00,2026-04-22,12,Gold,66674.99,66654.43,-20.56,-0.0308,-104.9,4811,81283,66500,12.31,12.81,0.9204,INR/10g,Dhan API v2 (Client 1112620458)
2026-04-22 13:00,2026-04-22,13,Gold,66913.52,66899.17,-14.35,-0.0214,6.21,13790,79471,67000,12.82,13.32,0.8847,INR/10g,Dhan API v2 (Client 1112620458)
2026-04-22 14:00,2026-04-22,14,Gold,66968.31,66982.06,13.75,0.0205,28.1,3421,78922,67000,12.37,12.87,0.8881,INR/10g,Dhan API v2 (Client 1112620458)
2026-04-22 15:00,2026-04-22,15,Gold,66948.99,66895.52,-53.47,-0.0799,-67.22,13702,78621,67000,12.91,13.41,0.9135,INR/10g,Dhan API v2 (Client 1112620458)
2026-04-22 16:00,2026-04-22,16,Gold,66883.5,66932.46,48.96,0.0732,102.43,4607,78193,67000,12.83,13.33,0.9348,INR/10g,Dhan API v2 (Client 1112620458)
2026-04-22 17:00,2026-04-22,17,Gold,66797.0,66872.96,75.96,0.1137,27.0,8117,80634,67000,12.48,12.98,0.9519,INR/10g,Dhan API v2 (Client 1112620458)
2026-04-22 18:00,2026-04-22,18,Gold,66701.11,66719.78,18.67,0.028,-57.29,5175,80729,66500,11.99,12.49,0.8639,INR/10g,Dhan API v2 (Client 1112620458)
2026-04-22 19:00,2026-04-22,19,Gold,66748.51,66815.43,66.91,0.1002,48.24,10218,78467,66500,12.8,13.3,0.9508,INR/10g,Dhan API v2 (Client 1112620458)
2026-04-22 20:00,2026-04-22,20,Gold,66674.37,66659.42,-14.95,-0.0224,-81.86,4407,80317,66500,12.14,12.64,0.9374,INR/10g,Dhan API v2 (Client 1112620458)
2026-04-22 21:00,2026-04-22,21,Gold,66721.67,66547.68,-173.99,-0.2608,-159.04,2825,81534,66500,12.94,13.44,0.942,INR/10g,Dhan API v2 (Client 1112620458)
2026-04-22 22:00,2026-04-22,22,Gold,66643.38,66632.82,-10.56,-0.0159,163.43,5082,80901,66500,12.26,12.76,0.9041,INR/10g,Dhan API v2 (Client 1112620458)
2026-04-22 23:00,2026-04-22,23,Gold,66330.42,66547.9,217.48,0.3279,228.04,9068,79877,66500,12.33,12.83,0.9226,INR/10g,Dhan API v2 (Client 1112620458)
2026-04-23 09:00,2026-04-23,9,Gold,66332.05,66637.18,305.14,0.46,87.66,11619,81029,66500,12.28,12.78,0.9,INR/10g,Dhan API v2 (Client 1112620458)
2026-04-23 10:00,2026-04-23,10,Gold,66462.2,66635.25,173.05,0.2604,-132.09,7575,78340,66500,12.69,13.19,0.8958,INR/10g,Dhan API v2 (Client 1112620458)
2026-04-23 11:00,2026-04-23,11,Gold,66580.72,67092.31,511.58,0.7684,338.53,4551,77817,66500,12.7,13.2,0.8995,INR/10g,Dhan API v2 (Client 1112620458)
2026-04-23 12:00,2026-04-23,12,Gold,66637.65,67110.8,473.15,0.71,-38.43,7109,80071,66500,12.45,12.95,0.8994,INR/10g,Dhan API v2 (Client 1112620458)
2026-04-23 13:00,2026-04-23,13,Gold,66605.35,66908.69,303.35,0.4554,-169.8,2716,79656,66500,12.65,13.15,0.8829,INR/10g,Dhan API v2 (Client 1112620458)
2026-04-23 14:00,2026-04-23,14,Gold,66559.56,67026.33,466.77,0.7013,163.42,9106,78415,66500,12.55,13.05,0.9178,INR/10g,Dhan API v2 (Client 1112620458)
2026-04-23 15:00,2026-04-23,15,Gold,66435.28,66809.29,374.0,0.563,-92.77,7723,79193,66500,12.39,12.89,0.929,INR/10g,Dhan API v2 (Client 1112620458)
2026-04-23 16:00,2026-04-23,16,Gold,66371.22,66794.72,423.5,0.6381,49.5,9815,80144,66500,12.62,13.12,0.9466,INR/10g,Dhan API v2 (Client 1112620458)
2026-04-23 17:00,2026-04-23,17,Gold,66588.33,67091.1,502.77,0.755,79.27,1247,80332,66500,12.4,12.9,0.9186,INR/10g,Dhan API v2 (Client 1112620458)
2026-04-23 18:00,2026-04-23,18,Gold,66561.3,67046.03,484.73,0.7282,-18.04,12666,79565,66500,12.6,13.1,0.9395,INR/10g,Dhan API v2 (Client 1112620458)
2026-04-23 19:00,2026-04-23,19,Gold,66707.56,67149.79,442.23,0.6629,-42.5,5225,79919,66500,12.23,12.73,0.9174,INR/10g,Dhan API v2 (Client 1112620458)
2026-04-23 20:00,2026-04-23,20,Gold,66710.0,67046.67,336.66,0.5047,-105.57,12519,79245,66500,13.01,13.51,0.8945,INR/10g,Dhan API v2 (Client 1112620458)
2026-04-23 21:00,2026-04-23,21,Gold,66726.3,67103.52,377.21,0.5653,40.55,6308,80771,66500,12.48,12.98,0.9016,INR/10g,Dhan API v2 (Client 1112620458)
2026-04-23 22:00,2026-04-23,22,Gold,66815.83,67223.8,407.97,0.6106,30.76,2031,79318,67000,12.78,13.28,0.9123,INR/10g,Dhan API v2 (Client 1112620458)
2026-04-23 23:00,2026-04-23,23,Gold,66804.84,67151.79,346.95,0.5194,-61.02,6039,79680,67000,12.64,13.14,0.8797,INR/10g,Dhan API v2 (Client 1112620458)
2026-04-24 09:00,2026-04-24,9,Gold,66503.37,66896.84,393.48,0.5917,46.53,7342,80151,66500,12.37,12.87,0.9314,INR/10g,Dhan API v2 (Client 1112620458)
2026-04-24 10:00,2026-04-24,10,Gold,66517.22,66889.85,372.63,0.5602,-20.85,1675,79464,66500,12.77,13.27,0.9067,INR/10g,Dhan API v2 (Client 1112620458)
2026-04-24 11:00,2026-04-24,11,Gold,66733.48,66987.58,254.1,0.3808,-118.53,6190,80842,66500,12.11,12.61,0.9277,INR/10g,Dhan API v2 (Client 1112620458)
2026-04-24 12:00,2026-04-24,12,Gold,66735.32,66971.6,236.28,0.3541,-17.82,12969,80563,66500,12.77,13.27,0.9446,INR/10g,Dhan API v2 (Client 1112620458)
2026-04-24 13:00,2026-04-24,13,Gold,66881.12,67288.94,407.83,0.6098,171.55,3272,80491,67000,12.59,13.09,0.8933,INR/10g,Dhan API v2 (Client 1112620458)
2026-04-24 14:00,2026-04-24,14,Gold,66953.37,67248.67,295.3,0.4411,-112.53,5573,78574,67000,12.46,12.96,0.9541,INR/10g,Dhan API v2 (Client 1112620458)
2026-04-24 15:00,2026-04-24,15,Gold,67099.54,67338.83,239.29,0.3566,-56.01,2602,78453,67000,12.25,12.75,0.9133,INR/10g,Dhan API v2 (Client 1112620458)
2026-04-24 16:00,2026-04-24,16,Gold,67347.27,67735.51,388.24,0.5765,148.95,8414,79939,67500,12.83,13.33,0.9104,INR/10g,Dhan API v2 (Client 1112620458)
2026-04-24 17:00,2026-04-24,17,Gold,67427.19,67876.02,448.83,0.6657,60.59,7214,79921,67500,12.63,13.13,0.9387,INR/10g,Dhan API v2 (Client 1112620458)
2026-04-24 18:00,2026-04-24,18,Gold,67555.98,68038.03,482.05,0.7136,33.22,4687,78687,67500,12.9,13.4,0.9472,INR/10g,Dhan API v2 (Client 1112620458)
2026-04-24 19:00,2026-04-24,19,Gold,67757.06,68110.28,353.22,0.5213,-128.83,8713,79477,68000,12.41,12.91,0.9253,INR/10g,Dhan API v2 (Client 1112620458)
2026-04-24 20:00,2026-04-24,20,Gold,67997.86,68355.89,358.03,0.5265,4.81,10045,79853,68000,12.63,13.13,0.9377,INR/10g,Dhan API v2 (Client 1112620458)
2026-04-24 21:00,2026-04-24,21,Gold,67784.15,68161.73,377.58,0.557,19.55,14654,79810,68000,12.74,13.24,0.8835,INR/10g,Dhan API v2 (Client 1112620458)
2026-04-24 22:00,2026-04-24,22,Gold,67730.97,68045.14,314.17,0.4639,-63.41,3102,79627,67500,12.92,13.42,0.9477,INR/10g,Dhan API v2 (Client 1112620458)
2026-04-24 23:00,2026-04-24,23,Gold,67416.59,67815.27,398.68,0.5914,84.51,2060,79242,67500,12.21,12.71,0.9343,INR/10g,Dhan API v2 (Client 1112620458)
2026-04-27 09:00,2026-04-27,9,Gold,67312.76,67782.57,469.81,0.6979,71.13,13071,79667,67500,12.81,13.31,0.9148,INR/10g,Dhan API v2 (Client 1112620458)
2026-04-27 10:00,2026-04-27,10,Gold,67405.14,67543.09,137.95,0.2047,-331.86,1875,79363,67500,13.26,13.76,0.8888,INR/10g,Dhan API v2 (Client 1112620458)
2026-04-27 11:00,2026-04-27,11,Gold,67419.1,67748.35,329.25,0.4884,191.3,9191,78825,67500,12.9,13.4,0.9148,INR/10g,Dhan API v2 (Client 1112620458)
2026-04-27 12:00,2026-04-27,12,Gold,67646.17,68010.18,364.0,0.5381,34.75,14886,78082,67500,12.34,12.84,0.9272,INR/10g,Dhan API v2 (Client 1112620458)
2026-04-27 13:00,2026-04-27,13,Gold,67607.82,67935.18,327.36,0.4842,-36.64,1902,81264,67500,13.15,13.65,0.9514,INR/10g,Dhan API v2 (Client 1112620458)
2026-04-27 14:00,2026-04-27,14,Gold,67643.98,68179.8,535.81,0.7921,208.45,3922,79227,67500,11.73,12.23,0.9314,INR/10g,Dhan API v2 (Client 1112620458)
2026-04-27 15:00,2026-04-27,15,Gold,67809.84,68217.05,407.21,0.6005,-128.6,13771,80807,68000,12.27,12.77,0.8733,INR/10g,Dhan API v2 (Client 1112620458)
2026-04-27 16:00,2026-04-27,16,Gold,67606.71,67894.13,287.41,0.4251,-119.8,14161,80215,67500,12.87,13.37,0.9409,INR/10g,Dhan API v2 (Client 1112620458)
2026-04-27 17:00,2026-04-27,17,Gold,67716.03,68040.26,324.23,0.4788,36.82,13296,79712,67500,12.97,13.47,0.8776,INR/10g,Dhan API v2 (Client 1112620458)
2026-04-27 18:00,2026-04-27,18,Gold,67587.07,67731.96,144.89,0.2144,-179.34,8818,79211,67500,12.45,12.95,0.9609,INR/10g,Dhan API v2 (Client 1112620458)
2026-04-27 19:00,2026-04-27,19,Gold,67855.18,68078.21,223.02,0.3287,78.13,6593,77836,68000,12.46,12.96,0.9278,INR/10g,Dhan API v2 (Client 1112620458)
2026-04-27 20:00,2026-04-27,20,Gold,67597.18,67978.4,381.22,0.564,158.2,11484,80937,67500,12.74,13.24,0.956,INR/10g,Dhan API v2 (Client 1112620458)
2026-04-27 21:00,2026-04-27,21,Gold,67522.82,67688.92,166.1,0.246,-215.12,4957,79213,67500,12.95,13.45,0.8905,INR/10g,Dhan API v2 (Client 1112620458)
2026-04-27 22:00,2026-04-27,22,Gold,67450.35,67805.65,355.3,0.5268,189.2,13490,80220,67500,12.76,13.26,0.9153,INR/10g,Dhan API v2 (Client 1112620458)
2026-04-27 23:00,2026-04-27,23,Gold,67201.8,67524.15,322.35,0.4797,-32.95,13042,80718,67000,12.35,12.85,0.9084,INR/10g,Dhan API v2 (Client 1112620458)
2026-04-28 09:00,2026-04-28,9,Gold,67058.13,67217.37,159.24,0.2375,-163.11,6455,80121,67000,13.17,13.67,0.9099,INR/10g,Dhan API v2 (Client 1112620458)
2026-04-28 10:00,2026-04-28,10,Gold,66927.2,67230.51,303.31,0.4532,144.07,7871,78734,67000,12.71,13.21,0.9354,INR/10g,Dhan API v2 (Client 1112620458)
2026-04-28 11:00,2026-04-28,11,Gold,66651.65,66929.14,277.49,0.4163,-25.82,2470,79015,66500,12.51,13.01,0.9047,INR/10g,Dhan API v2 (Client 1112620458)
2026-04-28 12:00,2026-04-28,12,Gold,66565.07,66951.5,386.44,0.5805,108.95,10199,80039,66500,12.68,13.18,0.9346,INR/10g,Dhan API v2 (Client 1112620458)
2026-04-28 13:00,2026-04-28,13,Gold,66664.37,67121.32,456.94,0.6854,70.5,9168,79218,66500,12.88,13.38,0.9284,INR/10g,Dhan API v2 (Client 1112620458)
2026-04-28 14:00,2026-04-28,14,Gold,66795.94,67289.39,493.45,0.7387,36.51,11606,77869,67000,12.96,13.46,0.9263,INR/10g,Dhan API v2 (Client 1112620458)
2026-04-28 15:00,2026-04-28,15,Gold,66697.28,66993.19,295.91,0.4437,-197.54,11668,80583,66500,12.41,12.91,0.9104,INR/10g,Dhan API v2 (Client 1112620458)
2026-04-28 16:00,2026-04-28,16,Gold,66509.23,66739.32,230.09,0.346,-65.82,4974,81984,66500,13.01,13.51,0.9263,INR/10g,Dhan API v2 (Client 1112620458)
2026-04-28 17:00,2026-04-28,17,Gold,66530.15,66836.69,306.55,0.4608,76.46,13450,80670,66500,12.72,13.22,0.9638,INR/10g,Dhan API v2 (Client 1112620458)
2026-04-28 18:00,2026-04-28,18,Gold,66597.12,66919.22,322.1,0.4837,15.55,12877,80645,66500,12.47,12.97,0.9099,INR/10g,Dhan API v2 (Client 1112620458)
2026-04-28 19:00,2026-04-28,19,Gold,66601.95,67059.33,457.38,0.6867,135.28,13036,79325,66500,13.0,13.5,0.9606,INR/10g,Dhan API v2 (Client 1112620458)
2026-04-28 20:00,2026-04-28,20,Gold,66572.87,66954.94,382.07,0.5739,-75.31,2576,77980,66500,12.48,12.98,0.9212,INR/10g,Dhan API v2 (Client 1112620458)
2026-04-28 21:00,2026-04-28,21,Gold,66310.47,66615.76,305.29,0.4604,-76.78,3629,79806,66500,12.81,13.31,0.9114,INR/10g,Dhan API v2 (Client 1112620458)
2026-04-28 22:00,2026-04-28,22,Gold,66168.62,66586.1,417.48,0.6309,112.19,14956,79595,66000,12.78,13.28,0.9199,INR/10g,Dhan API v2 (Client 1112620458)
2026-04-28 23:00,2026-04-28,23,Gold,66213.11,66591.66,378.55,0.5717,-38.93,2180,80199,66000,13.13,13.63,0.8998,INR/10g,Dhan API v2 (Client 1112620458)
2026-04-29 09:00,2026-04-29,9,Gold,66211.94,66615.33,403.39,0.6092,24.84,8510,78723,66000,12.72,13.22,0.9186,INR/10g,Dhan API v2 (Client 1112620458)
2026-04-29 10:00,2026-04-29,10,Gold,66249.71,66710.71,461.0,0.6958,57.61,4601,80975,66000,12.8,13.3,0.8957,INR/10g,Dhan API v2 (Client 1112620458)
2026-04-29 11:00,2026-04-29,11,Gold,66127.84,66547.27,419.43,0.6343,-41.57,9237,81218,66000,12.44,12.94,0.9154,INR/10g,Dhan API v2 (Client 1112620458)
2026-04-29 12:00,2026-04-29,12,Gold,65920.54,66309.45,388.91,0.59,-30.52,2329,78041,66000,12.46,12.96,0.9128,INR/10g,Dhan API v2 (Client 1112620458)
2026-04-29 13:00,2026-04-29,13,Gold,65706.9,65924.58,217.67,0.3313,-171.24,9582,80397,65500,12.65,13.15,0.9228,INR/10g,Dhan API v2 (Client 1112620458)
2026-04-29 14:00,2026-04-29,14,Gold,65493.65,65692.76,199.11,0.304,-18.56,14410,79825,65500,13.02,13.52,0.952,INR/10g,Dhan API v2 (Client 1112620458)
2026-04-29 15:00,2026-04-29,15,Gold,65472.88,65605.64,132.76,0.2028,-66.35,6398,80782,65500,12.29,12.79,0.9046,INR/10g,Dhan API v2 (Client 1112620458)
2026-04-29 16:00,2026-04-29,16,Gold,65307.29,65752.19,444.9,0.6812,312.14,11529,78453,65500,12.1,12.6,0.9232,INR/10g,Dhan API v2 (Client 1112620458)
2026-04-29 17:00,2026-04-29,17,Gold,65128.23,65442.43,314.2,0.4824,-130.7,5643,79668,65000,12.34,12.84,0.8914,INR/10g,Dhan API v2 (Client 1112620458)
2026-04-29 18:00,2026-04-29,18,Gold,65057.86,65356.05,298.19,0.4584,-16.01,13805,79090,65000,12.44,12.94,0.9377,INR/10g,Dhan API v2 (Client 1112620458)
2026-04-29 19:00,2026-04-29,19,Gold,65023.33,65284.52,261.19,0.4017,-37.0,2883,80642,65000,12.12,12.62,0.9163,INR/10g,Dhan API v2 (Client 1112620458)
2026-04-29 20:00,2026-04-29,20,Gold,65250.44,65597.37,346.93,0.5317,85.74,10335,79864,65500,13.18,13.68,0.9555,INR/10g,Dhan API v2 (Client 1112620458)
2026-04-29 21:00,2026-04-29,21,Gold,65273.78,65534.73,260.96,0.3998,-85.97,8383,80025,65500,12.78,13.28,0.9196,INR/10g,Dhan API v2 (Client 1112620458)
2026-04-29 22:00,2026-04-29,22,Gold,65253.48,65633.57,380.09,0.5825,119.13,12369,80906,65500,12.42,12.92,0.9284,INR/10g,Dhan API v2 (Client 1112620458)
2026-04-29 23:00,2026-04-29,23,Gold,65316.78,65643.11,326.34,0.4996,-53.75,12719,79413,65500,12.54,13.04,0.9289,INR/10g,Dhan API v2 (Client 1112620458)
2026-04-30 09:00,2026-04-30,9,Gold,65312.68,65633.9,321.22,0.4918,-5.12,5127,79153,65500,12.4,12.9,0.9103,INR/10g,Dhan API v2 (Client 1112620458)
2026-04-30 10:00,2026-04-30,10,Gold,65339.38,65705.03,365.65,0.5596,44.43,3006,81154,65500,12.7,13.2,0.8966,INR/10g,Dhan API v2 (Client 1112620458)
2026-04-30 11:00,2026-04-30,11,Gold,65286.32,65824.43,538.11,0.8242,172.46,4967,81364,65500,12.21,12.71,0.9447,INR/10g,Dhan API v2 (Client 1112620458)
2026-04-30 12:00,2026-04-30,12,Gold,65079.74,65411.56,331.82,0.5099,-206.29,6521,78365,65000,13.01,13.51,0.9425,INR/10g,Dhan API v2 (Client 1112620458)
2026-04-30 13:00,2026-04-30,13,Gold,65201.32,65680.84,479.53,0.7355,147.71,11860,79979,65000,13.1,13.6,0.8903,INR/10g,Dhan API v2 (Client 1112620458)
2026-04-30 14:00,2026-04-30,14,Gold,65207.12,65365.88,158.76,0.2435,-320.77,1912,78945,65000,12.53,13.03,0.9467,INR/10g,Dhan API v2 (Client 1112620458)
2026-04-30 15:00,2026-04-30,15,Gold,65402.02,65654.68,252.66,0.3863,93.9,10446,79177,65500,12.46,12.96,0.9014,INR/10g,Dhan API v2 (Client 1112620458)
2026-04-30 16:00,2026-04-30,16,Gold,65294.9,65602.79,307.89,0.4715,55.23,7873,80703,65500,12.9,13.4,0.9494,INR/10g,Dhan API v2 (Client 1112620458)
2026-04-30 17:00,2026-04-30,17,Gold,65360.8,65795.57,434.76,0.6652,126.87,12854,78528,65500,12.45,12.95,0.9056,INR/10g,Dhan API v2 (Client 1112620458)
2026-04-30 18:00,2026-04-30,18,Gold,65251.2,65634.48,383.28,0.5874,-51.48,4353,79644,65500,12.95,13.45,0.9107,INR/10g,Dhan API v2 (Client 1112620458)
2026-04-30 19:00,2026-04-30,19,Gold,65250.43,65713.57,463.14,0.7098,79.86,2259,80221,65500,12.22,12.72,0.9588,INR/10g,Dhan API v2 (Client 1112620458)
2026-04-30 20:00,2026-04-30,20,Gold,65162.04,65551.07,389.03,0.597,-74.11,13809,79792,65000,12.98,13.48,0.9117,INR/10g,Dhan API v2 (Client 1112620458)
2026-04-30 21:00,2026-04-30,21,Gold,65160.08,65503.77,343.7,0.5275,-45.33,14370,79068,65000,12.19,12.69,0.933,INR/10g,Dhan API v2 (Client 1112620458)
2026-04-30 22:00,2026-04-30,22,Gold,65468.07,65925.5,457.43,0.6987,113.73,10765,78802,65500,12.77,13.27,0.9403,INR/10g,Dhan API v2 (Client 1112620458)
2026-04-30 23:00,2026-04-30,23,Gold,65377.11,65689.17,312.05,0.4773,-145.38,3708,78608,65500,12.63,13.13,0.9091,INR/10g,Dhan API v2 (Client 1112620458)
2026-05-01 09:00,2026-05-01,9,Gold,65234.46,65458.01,223.55,0.3427,-88.5,9520,81167,65000,12.11,12.61,0.9215,INR/10g,Dhan API v2 (Client 1112620458)
2026-05-01 10:00,2026-05-01,10,Gold,65139.21,65357.88,218.67,0.3357,-4.88,9675,78384,65000,12.39,12.89,0.9143,INR/10g,Dhan API v2 (Client 1112620458)
2026-05-01 11:00,2026-05-01,11,Gold,65089.17,65435.31,346.15,0.5318,127.48,8951,79887,65000,12.97,13.47,0.8853,INR/10g,Dhan API v2 (Client 1112620458)
2026-05-01 12:00,2026-05-01,12,Gold,65077.65,65395.49,317.85,0.4884,-28.3,3572,79225,65000,12.62,13.12,0.9113,INR/10g,Dhan API v2 (Client 1112620458)
2026-05-01 13:00,2026-05-01,13,Gold,65173.22,65500.42,327.2,0.5021,9.35,13412,79210,65000,12.38,12.88,0.9148,INR/10g,Dhan API v2 (Client 1112620458)
2026-05-01 14:00,2026-05-01,14,Gold,64925.64,65137.68,212.04,0.3266,-115.16,11796,79021,65000,13.06,13.56,0.9191,INR/10g,Dhan API v2 (Client 1112620458)
2026-05-01 15:00,2026-05-01,15,Gold,64924.03,65427.92,503.9,0.7761,291.86,11756,79111,65000,12.32,12.82,0.9236,INR/10g,Dhan API v2 (Client 1112620458)
2026-05-01 16:00,2026-05-01,16,Gold,64954.12,65126.86,172.74,0.2659,-331.16,6979,78837,65000,12.13,12.63,0.9229,INR/10g,Dhan API v2 (Client 1112620458)
2026-05-01 17:00,2026-05-01,17,Gold,65175.73,65415.57,239.84,0.368,67.1,3554,78768,65000,12.67,13.17,0.9259,INR/10g,Dhan API v2 (Client 1112620458)
2026-05-01 18:00,2026-05-01,18,Gold,65305.72,65648.14,342.41,0.5243,102.57,10173,79242,65500,13.02,13.52,0.8728,INR/10g,Dhan API v2 (Client 1112620458)
2026-05-01 19:00,2026-05-01,19,Gold,65275.26,65646.27,371.01,0.5684,28.6,13259,80636,65500,12.52,13.02,0.9122,INR/10g,Dhan API v2 (Client 1112620458)
2026-05-01 20:00,2026-05-01,20,Gold,65361.74,65608.53,246.79,0.3776,-124.22,7639,81407,65500,12.53,13.03,0.9312,INR/10g,Dhan API v2 (Client 1112620458)
2026-05-01 21:00,2026-05-01,21,Gold,65432.76,65659.93,227.16,0.3472,-19.63,14880,81253,65500,12.5,13.0,0.9267,INR/10g,Dhan API v2 (Client 1112620458)
2026-05-01 22:00,2026-05-01,22,Gold,65378.36,65806.44,428.08,0.6548,200.92,8197,80136,65500,12.81,13.31,0.9643,INR/10g,Dhan API v2 (Client 1112620458)
2026-05-01 23:00,2026-05-01,23,Gold,65403.37,65674.42,271.04,0.4144,-157.04,12521,79302,65500,12.53,13.03,0.8916,INR/10g,Dhan API v2 (Client 1112620458)
2026-05-04 09:00,2026-05-04,9,Gold,65418.26,65759.97,341.71,0.5223,70.67,7167,78749,65500,12.89,13.39,0.9521,INR/10g,Dhan API v2 (Client 1112620458)
2026-05-04 10:00,2026-05-04,10,Gold,65275.98,65587.0,311.02,0.4765,-30.69,3498,79598,65500,12.15,12.65,0.9442,INR/10g,Dhan API v2 (Client 1112620458)
2026-05-04 11:00,2026-05-04,11,Gold,65022.32,65321.75,299.43,0.4605,-11.59,14607,79938,65000,12.94,13.44,0.9236,INR/10g,Dhan API v2 (Client 1112620458)
2026-05-04 12:00,2026-05-04,12,Gold,65199.14,65412.0,212.86,0.3265,-86.57,14484,81267,65000,11.89,12.39,0.8922,INR/10g,Dhan API v2 (Client 1112620458)
2026-05-04 13:00,2026-05-04,13,Gold,65159.21,65465.75,306.54,0.4704,93.68,11847,80749,65000,12.97,13.47,0.9291,INR/10g,Dhan API v2 (Client 1112620458)
2026-05-04 14:00,2026-05-04,14,Gold,65237.49,65561.93,324.44,0.4973,17.9,12686,79608,65000,12.33,12.83,0.9334,INR/10g,Dhan API v2 (Client 1112620458)
2026-05-04 15:00,2026-05-04,15,Gold,65381.09,65690.41,309.32,0.4731,-15.12,4095,80900,65500,13.07,13.57,0.8745,INR/10g,Dhan API v2 (Client 1112620458)
2026-05-04 16:00,2026-05-04,16,Gold,65310.87,65610.65,299.77,0.459,-9.55,2644,79199,65500,12.75,13.25,0.9177,INR/10g,Dhan API v2 (Client 1112620458)
2026-05-04 17:00,2026-05-04,17,Gold,65439.5,65808.39,368.89,0.5637,69.12,14494,78664,65500,12.75,13.25,0.8703,INR/10g,Dhan API v2 (Client 1112620458)
2026-05-04 18:00,2026-05-04,18,Gold,65335.23,65669.94,334.71,0.5123,-34.18,12953,81718,65500,12.7,13.2,0.9171,INR/10g,Dhan API v2 (Client 1112620458)
2026-05-04 19:00,2026-05-04,19,Gold,65241.5,65254.48,12.98,0.0199,-321.73,9486,79296,65000,11.96,12.46,0.9021,INR/10g,Dhan API v2 (Client 1112620458)
2026-05-04 20:00,2026-05-04,20,Gold,65335.87,65503.73,167.86,0.2569,154.88,3379,80218,65500,12.66,13.16,0.916,INR/10g,Dhan API v2 (Client 1112620458)
2026-05-04 21:00,2026-05-04,21,Gold,65395.09,65526.03,130.94,0.2002,-36.92,6072,80905,65500,12.38,12.88,0.9046,INR/10g,Dhan API v2 (Client 1112620458)
2026-05-04 22:00,2026-05-04,22,Gold,65538.76,65897.52,358.76,0.5474,227.82,3025,79902,65500,12.54,13.04,0.9444,INR/10g,Dhan API v2 (Client 1112620458)
2026-05-04 23:00,2026-05-04,23,Gold,65609.56,65836.86,227.31,0.3465,-131.45,5554,77980,65500,12.52,13.02,0.916,INR/10g,Dhan API v2 (Client 1112620458)
2026-05-05 09:00,2026-05-05,9,Gold,65261.89,65513.76,251.86,0.3859,24.55,10346,78599,65500,12.54,13.04,0.9029,INR/10g,Dhan API v2 (Client 1112620458)
2026-05-05 10:00,2026-05-05,10,Gold,65051.49,65387.16,335.67,0.516,83.81,6403,78954,65000,12.66,13.16,0.9152,INR/10g,Dhan API v2 (Client 1112620458)
2026-05-05 11:00,2026-05-05,11,Gold,65002.59,65259.95,257.36,0.3959,-78.31,2890,79533,65000,12.55,13.05,0.9063,INR/10g,Dhan API v2 (Client 1112620458)
2026-05-05 12:00,2026-05-05,12,Gold,65162.83,65313.6,150.78,0.2314,-106.58,11199,79235,65000,13.33,13.83,0.8949,INR/10g,Dhan API v2 (Client 1112620458)
2026-05-05 13:00,2026-05-05,13,Gold,65222.12,65505.94,283.83,0.4352,133.05,14546,77846,65000,12.55,13.05,0.9198,INR/10g,Dhan API v2 (Client 1112620458)
2026-05-05 14:00,2026-05-05,14,Gold,65095.31,65407.75,312.44,0.48,28.61,10776,78733,65000,12.71,13.21,0.9287,INR/10g,Dhan API v2 (Client 1112620458)
2026-05-05 15:00,2026-05-05,15,Gold,64994.67,65251.75,257.07,0.3955,-55.37,13972,79765,65000,12.86,13.36,0.9238,INR/10g,Dhan API v2 (Client 1112620458)
2026-05-05 16:00,2026-05-05,16,Gold,65237.48,65487.64,250.16,0.3835,-6.91,3223,79100,65000,13.0,13.5,0.9029,INR/10g,Dhan API v2 (Client 1112620458)
2026-05-05 17:00,2026-05-05,17,Gold,65108.05,65412.28,304.23,0.4673,54.07,9081,79576,65000,12.05,12.55,0.8681,INR/10g,Dhan API v2 (Client 1112620458)
2026-05-05 18:00,2026-05-05,18,Gold,65077.17,65147.03,69.86,0.1074,-234.37,4532,78924,65000,12.63,13.13,0.931,INR/10g,Dhan API v2 (Client 1112620458)
2026-05-05 19:00,2026-05-05,19,Gold,65314.28,65732.56,418.27,0.6404,348.41,6412,79328,65500,12.55,13.05,0.8884,INR/10g,Dhan API v2 (Client 1112620458)
2026-05-05 20:00,2026-05-05,20,Gold,65217.57,65617.05,399.48,0.6125,-18.79,11126,79951,65000,12.71,13.21,0.9,INR/10g,Dhan API v2 (Client 1112620458)
2026-05-05 21:00,2026-05-05,21,Gold,65574.09,65864.1,290.01,0.4423,-109.47,5791,80514,65500,13.34,13.84,0.9278,INR/10g,Dhan API v2 (Client 1112620458)
2026-05-05 22:00,2026-05-05,22,Gold,65443.23,65644.62,201.39,0.3077,-88.62,5885,79473,65500,12.67,13.17,0.8845,INR/10g,Dhan API v2 (Client 1112620458)
2026-05-05 23:00,2026-05-05,23,Gold,65422.6,65713.91,291.31,0.4453,89.92,12170,79504,65500,12.59,13.09,0.9097,INR/10g,Dhan API v2 (Client 1112620458)
2026-05-06 09:00,2026-05-06,9,Gold,65331.25,65542.08,210.83,0.3227,-80.48,11639,80728,65500,12.8,13.3,0.9311,INR/10g,Dhan API v2 (Client 1112620458)
2026-05-06 10:00,2026-05-06,10,Gold,65407.0,65694.87,287.87,0.4401,77.04,14303,78848,65500,11.53,12.03,0.9316,INR/10g,Dhan API v2 (Client 1112620458)
2026-05-06 11:00,2026-05-06,11,Gold,65540.53,65874.71,334.19,0.5099,46.32,11052,80897,65500,13.16,13.66,0.9112,INR/10g,Dhan API v2 (Client 1112620458)
2026-05-06 12:00,2026-05-06,12,Gold,65619.79,65936.49,316.7,0.4826,-17.49,8256,79869,65500,12.65,13.15,0.8962,INR/10g,Dhan API v2 (Client 1112620458)
2026-05-06 13:00,2026-05-06,13,Gold,65479.21,65768.22,289.01,0.4414,-27.69,13070,79871,65500,12.65,13.15,0.9251,INR/10g,Dhan API v2 (Client 1112620458)
2026-05-06 14:00,2026-05-06,14,Gold,65413.81,65661.59,247.78,0.3788,-41.23,5688,79538,65500,12.6,13.1,0.918,INR/10g,Dhan API v2 (Client 1112620458)
2026-05-06 15:00,2026-05-06,15,Gold,65279.8,65464.45,184.65,0.2829,-63.13,12785,79169,65500,13.15,13.65,0.9047,INR/10g,Dhan API v2 (Client 1112620458)
2026-05-06 16:00,2026-05-06,16,Gold,65174.64,65472.48,297.84,0.457,113.19,13153,79685,65000,12.79,13.29,0.9549,INR/10g,Dhan API v2 (Client 1112620458)
2026-05-06 17:00,2026-05-06,17,Gold,65221.1,65265.53,44.43,0.0681,-253.41,7044,79222,65000,12.62,13.12,0.9895,INR/10g,Dhan API v2 (Client 1112620458)
2026-05-06 18:00,2026-05-06,18,Gold,65067.55,65292.83,225.28,0.3462,180.85,7593,79236,65000,12.5,13.0,0.9243,INR/10g,Dhan API v2 (Client 1112620458)
2026-05-06 19:00,2026-05-06,19,Gold,64980.71,65269.42,288.71,0.4443,63.43,9989,79202,65000,12.6,13.1,0.9367,INR/10g,Dhan API v2 (Client 1112620458)
2026-05-06 20:00,2026-05-06,20,Gold,65038.06,65432.23,394.17,0.6061,105.46,4844,82067,65000,12.57,13.07,0.9034,INR/10g,Dhan API v2 (Client 1112620458)
2026-05-06 21:00,2026-05-06,21,Gold,64794.91,65044.34,249.43,0.385,-144.74,7439,80162,65000,12.58,13.08,0.9289,INR/10g,Dhan API v2 (Client 1112620458)
2026-05-06 22:00,2026-05-06,22,Gold,64753.74,64983.96,230.22,0.3555,-19.21,3151,78509,65000,12.44,12.94,0.9334,INR/10g,Dhan API v2 (Client 1112620458)
2026-05-06 23:00,2026-05-06,23,Gold,64775.66,65078.36,302.7,0.4673,72.48,3800,80475,65000,12.59,13.09,0.9079,INR/10g,Dhan API v2 (Client 1112620458)
2026-05-07 09:00,2026-05-07,9,Gold,64852.82,65000.5,147.68,0.2277,-155.02,5222,81422,65000,12.61,13.11,0.8959,INR/10g,Dhan API v2 (Client 1112620458)
2026-05-07 10:00,2026-05-07,10,Gold,64884.37,65121.38,237.01,0.3653,89.33,5611,81399,65000,12.21,12.71,0.9245,INR/10g,Dhan API v2 (Client 1112620458)
2026-05-07 11:00,2026-05-07,11,Gold,64831.31,65028.42,197.11,0.304,-39.9,2434,79396,65000,12.7,13.2,0.8921,INR/10g,Dhan API v2 (Client 1112620458)
2026-05-07 12:00,2026-05-07,12,Gold,64932.01,65126.18,194.17,0.299,-2.94,3381,79455,65000,12.58,13.08,0.8765,INR/10g,Dhan API v2 (Client 1112620458)
2026-05-07 13:00,2026-05-07,13,Gold,64972.41,65217.88,245.47,0.3778,51.3,2490,79701,65000,12.63,13.13,0.9359,INR/10g,Dhan API v2 (Client 1112620458)
2026-05-07 14:00,2026-05-07,14,Gold,65172.7,65496.93,324.23,0.4975,78.76,3084,80102,65000,12.44,12.94,0.9033,INR/10g,Dhan API v2 (Client 1112620458)
2026-05-07 15:00,2026-05-07,15,Gold,65134.96,65261.66,126.7,0.1945,-197.53,10145,79606,65000,12.79,13.29,0.9231,INR/10g,Dhan API v2 (Client 1112620458)
2026-05-07 16:00,2026-05-07,16,Gold,65149.8,65364.06,214.26,0.3289,87.56,8559,79688,65000,12.32,12.82,0.9359,INR/10g,Dhan API v2 (Client 1112620458)
2026-05-07 17:00,2026-05-07,17,Gold,65145.18,65454.84,309.66,0.4753,95.4,5566,78830,65000,12.89,13.39,0.9399,INR/10g,Dhan API v2 (Client 1112620458)
2026-05-07 18:00,2026-05-07,18,Gold,65180.05,65323.71,143.66,0.2204,-166.0,12973,79135,65000,12.62,13.12,0.9308,INR/10g,Dhan API v2 (Client 1112620458)
2026-05-07 19:00,2026-05-07,19,Gold,65352.99,65566.39,213.4,0.3265,69.74,3608,79098,65500,12.62,13.12,0.9291,INR/10g,Dhan API v2 (Client 1112620458)
2026-05-07 20:00,2026-05-07,20,Gold,65536.88,65817.15,280.27,0.4276,66.87,12798,79599,65500,12.8,13.3,0.9084,INR/10g,Dhan API v2 (Client 1112620458)
2026-05-07 21:00,2026-05-07,21,Gold,65391.33,65755.92,364.59,0.5576,84.32,3421,79629,65500,12.57,13.07,0.976,INR/10g,Dhan API v2 (Client 1112620458)
2026-05-07 22:00,2026-05-07,22,Gold,65277.55,65602.24,324.69,0.4974,-39.9,12065,79405,65500,12.34,12.84,0.9233,INR/10g,Dhan API v2 (Client 1112620458)
2026-05-07 23:00,2026-05-07,23,Gold,65107.55,65329.35,221.8,0.3407,-102.89,11691,80762,65000,13.44,13.94,0.8925,INR/10g,Dhan API v2 (Client 1112620458)
2026-05-08 09:00,2026-05-08,9,Gold,64790.3,64852.19,61.9,0.0955,-159.9,6547,79101,65000,12.76,13.26,0.9244,INR/10g,Dhan API v2 (Client 1112620458)
2026-05-08 10:00,2026-05-08,10,Gold,64864.93,65123.18,258.25,0.3981,196.35,533,79024,65000,12.68,13.18,0.9261,INR/10g,Dhan API v2 (Client 1112620458)
2026-05-08 11:00,2026-05-08,11,Gold,64748.55,64873.05,124.5,0.1923,-133.75,12441,80000,64500,12.75,13.25,0.9144,INR/10g,Dhan API v2 (Client 1112620458)
2026-05-08 12:00,2026-05-08,12,Gold,64869.32,65221.2,351.88,0.5424,227.38,4909,80150,65000,12.51,13.01,0.9092,INR/10g,Dhan API v2 (Client 1112620458)
2026-05-08 13:00,2026-05-08,13,Gold,65311.61,65646.76,335.15,0.5132,-16.73,5606,80374,65500,12.53,13.03,0.8842,INR/10g,Dhan API v2 (Client 1112620458)
2026-05-08 14:00,2026-05-08,14,Gold,65209.18,65444.65,235.48,0.3611,-99.67,11125,79320,65000,12.12,12.62,0.8864,INR/10g,Dhan API v2 (Client 1112620458)
2026-05-08 15:00,2026-05-08,15,Gold,65560.17,65823.48,263.31,0.4016,27.83,6370,79700,65500,12.69,13.19,0.9533,INR/10g,Dhan API v2 (Client 1112620458)
2026-05-08 16:00,2026-05-08,16,Gold,65548.08,65827.23,279.14,0.4259,15.83,14329,80390,65500,12.53,13.03,0.9079,INR/10g,Dhan API v2 (Client 1112620458)
2026-05-08 17:00,2026-05-08,17,Gold,65691.68,65929.54,237.85,0.3621,-41.29,14005,78877,65500,12.58,13.08,0.8866,INR/10g,Dhan API v2 (Client 1112620458)
2026-05-08 18:00,2026-05-08,18,Gold,65621.39,65964.5,343.12,0.5229,105.27,9962,80235,65500,12.75,13.25,0.8835,INR/10g,Dhan API v2 (Client 1112620458)
2026-05-08 19:00,2026-05-08,19,Gold,65610.35,65939.08,328.73,0.501,-14.39,5143,79286,65500,12.4,12.9,0.899,INR/10g,Dhan API v2 (Client 1112620458)
2026-05-08 20:00,2026-05-08,20,Gold,65535.65,65660.12,124.46,0.1899,-204.27,8782,79854,65500,12.63,13.13,0.9031,INR/10g,Dhan API v2 (Client 1112620458)
2026-05-08 21:00,2026-05-08,21,Gold,65656.79,65840.91,184.12,0.2804,59.66,10406,78565,65500,11.64,12.14,0.9287,INR/10g,Dhan API v2 (Client 1112620458)
2026-05-08 22:00,2026-05-08,22,Gold,65824.52,66065.58,241.05,0.3662,56.93,1285,80302,66000,12.72,13.22,0.9052,INR/10g,Dhan API v2 (Client 1112620458)
2026-05-08 23:00,2026-05-08,23,Gold,65846.36,66068.47,222.11,0.3373,-18.94,14388,79477,66000,12.66,13.16,0.8901,INR/10g,Dhan API v2 (Client 1112620458)
2026-05-11 09:00,2026-05-11,9,Gold,65394.71,65637.27,242.56,0.3709,20.45,7913,79999,65500,12.76,13.26,0.9018,INR/10g,Dhan API v2 (Client 1112620458)
2026-05-11 10:00,2026-05-11,10,Gold,65441.33,65542.29,100.96,0.1543,-141.6,1834,80130,65500,12.37,12.87,0.9168,INR/10g,Dhan API v2 (Client 1112620458)
2026-05-11 11:00,2026-05-11,11,Gold,65433.08,65671.68,238.6,0.3647,137.64,7648,79234,65500,12.28,12.78,0.8886,INR/10g,Dhan API v2 (Client 1112620458)
2026-05-11 12:00,2026-05-11,12,Gold,65212.02,65381.55,169.53,0.26,-69.07,7980,79801,65000,12.48,12.98,0.932,INR/10g,Dhan API v2 (Client 1112620458)
2026-05-11 13:00,2026-05-11,13,Gold,65090.02,65276.39,186.37,0.2863,16.84,829,79111,65000,12.87,13.37,0.9255,INR/10g,Dhan API v2 (Client 1112620458)
2026-05-11 14:00,2026-05-11,14,Gold,65180.52,65557.43,376.91,0.5783,190.54,5400,79831,65000,12.68,13.18,0.9123,INR/10g,Dhan API v2 (Client 1112620458)
2026-05-11 15:00,2026-05-11,15,Gold,65458.85,65665.97,207.12,0.3164,-169.79,6113,79126,65500,12.37,12.87,0.9211,INR/10g,Dhan API v2 (Client 1112620458)
2026-05-11 16:00,2026-05-11,16,Gold,65830.56,66092.18,261.61,0.3974,54.49,10548,79630,66000,12.48,12.98,0.9304,INR/10g,Dhan API v2 (Client 1112620458)
2026-05-11 17:00,2026-05-11,17,Gold,65882.85,66009.23,126.39,0.1918,-135.22,8706,80771,66000,12.79,13.29,0.9211,INR/10g,Dhan API v2 (Client 1112620458)
2026-05-11 18:00,2026-05-11,18,Gold,65784.33,65971.82,187.49,0.285,61.1,1421,78212,66000,12.69,13.19,0.9232,INR/10g,Dhan API v2 (Client 1112620458)
2026-05-11 19:00,2026-05-11,19,Gold,65994.91,65994.0,-0.91,-0.0014,-188.4,7652,78017,66000,12.28,12.78,0.9134,INR/10g,Dhan API v2 (Client 1112620458)
2026-05-11 20:00,2026-05-11,20,Gold,66025.56,66248.8,223.23,0.3381,224.14,7874,77878,66000,12.8,13.3,0.9071,INR/10g,Dhan API v2 (Client 1112620458)
2026-05-11 21:00,2026-05-11,21,Gold,66054.88,66351.09,296.21,0.4484,72.98,9118,79938,66000,12.54,13.04,0.9136,INR/10g,Dhan API v2 (Client 1112620458)
2026-05-11 22:00,2026-05-11,22,Gold,65982.12,66170.79,188.67,0.2859,-107.54,5300,78314,66000,12.03,12.53,0.9073,INR/10g,Dhan API v2 (Client 1112620458)
2026-05-11 23:00,2026-05-11,23,Gold,65859.84,66149.72,289.88,0.4402,101.21,12419,79498,66000,12.9,13.4,0.9325,INR/10g,Dhan API v2 (Client 1112620458)
2026-05-12 09:00,2026-05-12,9,Gold,66110.54,66193.75,83.21,0.1259,-206.67,11090,80598,66000,13.05,13.55,0.9085,INR/10g,Dhan API v2 (Client 1112620458)
2026-05-12 10:00,2026-05-12,10,Gold,66266.97,66490.75,223.78,0.3377,140.57,6244,79668,66500,12.5,13.0,0.9224,INR/10g,Dhan API v2 (Client 1112620458)
2026-05-12 11:00,2026-05-12,11,Gold,66145.77,66329.58,183.81,0.2779,-39.97,4621,79815,66000,13.49,13.99,0.91,INR/10g,Dhan API v2 (Client 1112620458)
2026-05-12 12:00,2026-05-12,12,Gold,66032.43,66345.02,312.6,0.4734,128.79,11320,78467,66000,12.25,12.75,0.9334,INR/10g,Dhan API v2 (Client 1112620458)
2026-05-12 13:00,2026-05-12,13,Gold,66260.05,66315.43,55.39,0.0836,-257.21,8531,80377,66500,12.62,13.12,0.9167,INR/10g,Dhan API v2 (Client 1112620458)
2026-05-12 14:00,2026-05-12,14,Gold,66450.07,66496.58,46.51,0.07,-8.88,14873,78848,66500,12.62,13.12,0.9307,INR/10g,Dhan API v2 (Client 1112620458)
2026-05-12 15:00,2026-05-12,15,Gold,66371.55,66600.0,228.45,0.3442,181.94,11375,79121,66500,12.76,13.26,0.9263,INR/10g,Dhan API v2 (Client 1112620458)
2026-05-12 16:00,2026-05-12,16,Gold,66679.27,66877.42,198.15,0.2972,-30.3,13679,78933,66500,12.33,12.83,0.9104,INR/10g,Dhan API v2 (Client 1112620458)
2026-05-12 17:00,2026-05-12,17,Gold,66906.95,67243.59,336.64,0.5031,138.49,6947,80625,67000,12.51,13.01,0.9054,INR/10g,Dhan API v2 (Client 1112620458)
2026-05-12 18:00,2026-05-12,18,Gold,67047.62,67278.67,231.05,0.3446,-105.59,3596,81249,67000,12.66,13.16,0.9034,INR/10g,Dhan API v2 (Client 1112620458)
2026-05-12 19:00,2026-05-12,19,Gold,67182.13,67421.0,238.87,0.3556,7.82,6849,78233,67000,12.62,13.12,0.9045,INR/10g,Dhan API v2 (Client 1112620458)
2026-05-12 20:00,2026-05-12,20,Gold,67265.94,67432.13,166.19,0.2471,-72.68,5515,79214,67500,12.56,13.06,0.9306,INR/10g,Dhan API v2 (Client 1112620458)
2026-05-12 21:00,2026-05-12,21,Gold,67158.9,67403.89,244.99,0.3648,78.8,4548,78825,67000,12.42,12.92,0.9132,INR/10g,Dhan API v2 (Client 1112620458)
2026-05-12 22:00,2026-05-12,22,Gold,66925.21,67126.7,201.5,0.3011,-43.49,12467,79135,67000,12.47,12.97,0.9455,INR/10g,Dhan API v2 (Client 1112620458)
2026-05-12 23:00,2026-05-12,23,Gold,66781.84,66840.96,59.12,0.0885,-142.38,12297,81957,67000,12.66,13.16,0.9281,INR/10g,Dhan API v2 (Client 1112620458)
2026-05-13 09:00,2026-05-13,9,Gold,66992.69,67154.89,162.21,0.2421,103.09,2432,79126,67000,12.45,12.95,0.9286,INR/10g,Dhan API v2 (Client 1112620458)
2026-05-13 10:00,2026-05-13,10,Gold,67068.75,67236.56,167.81,0.2502,5.6,13858,79821,67000,12.79,13.29,0.9528,INR/10g,Dhan API v2 (Client 1112620458)
2026-05-13 11:00,2026-05-13,11,Gold,67129.23,67172.23,42.99,0.064,-124.82,6007,80188,67000,12.79,13.29,0.9329,INR/10g,Dhan API v2 (Client 1112620458)
2026-05-13 12:00,2026-05-13,12,Gold,67146.19,67438.69,292.5,0.4356,249.51,14702,78204,67000,12.53,13.03,0.9339,INR/10g,Dhan API v2 (Client 1112620458)
2026-05-13 13:00,2026-05-13,13,Gold,67089.48,67182.91,93.43,0.1393,-199.07,1305,78232,67000,12.48,12.98,0.9209,INR/10g,Dhan API v2 (Client 1112620458)
2026-05-13 14:00,2026-05-13,14,Gold,67157.95,67360.71,202.75,0.3019,109.32,9365,78674,67000,12.7,13.2,0.8844,INR/10g,Dhan API v2 (Client 1112620458)
2026-05-13 15:00,2026-05-13,15,Gold,67030.63,67236.56,205.93,0.3072,3.18,6603,79541,67000,12.52,13.02,0.9179,INR/10g,Dhan API v2 (Client 1112620458)
2026-05-13 16:00,2026-05-13,16,Gold,66947.05,67128.22,181.17,0.2706,-24.76,2557,78749,67000,12.27,12.77,0.9021,INR/10g,Dhan API v2 (Client 1112620458)
2026-05-13 17:00,2026-05-13,17,Gold,66753.96,66929.09,175.13,0.2624,-6.04,4019,79562,67000,12.35,12.85,0.9228,INR/10g,Dhan API v2 (Client 1112620458)
2026-05-13 18:00,2026-05-13,18,Gold,66994.25,67264.76,270.51,0.4038,95.38,2934,78496,67000,12.63,13.13,0.8805,INR/10g,Dhan API v2 (Client 1112620458)
2026-05-13 19:00,2026-05-13,19,Gold,67033.69,67267.39,233.7,0.3486,-36.81,6975,77777,67000,12.32,12.82,0.9422,INR/10g,Dhan API v2 (Client 1112620458)
2026-05-13 20:00,2026-05-13,20,Gold,67194.33,67384.25,189.92,0.2826,-43.78,3598,79557,67000,12.58,13.08,0.9098,INR/10g,Dhan API v2 (Client 1112620458)
2026-05-13 21:00,2026-05-13,21,Gold,67296.4,67393.92,97.52,0.1449,-92.4,3143,80413,67500,12.21,12.71,0.9128,INR/10g,Dhan API v2 (Client 1112620458)
2026-05-13 22:00,2026-05-13,22,Gold,67267.22,67444.36,177.14,0.2633,79.62,13822,77782,67500,12.34,12.84,0.9273,INR/10g,Dhan API v2 (Client 1112620458)
2026-05-13 23:00,2026-05-13,23,Gold,67257.58,67341.34,83.76,0.1245,-93.38,5304,81058,67500,12.31,12.81,0.9246,INR/10g,Dhan API v2 (Client 1112620458)
2026-05-14 09:00,2026-05-14,9,Gold,67222.64,67334.49,111.85,0.1664,28.09,4431,79097,67000,12.69,13.19,0.9343,INR/10g,Dhan API v2 (Client 1112620458)
2026-05-14 10:00,2026-05-14,10,Gold,67233.88,67531.53,297.65,0.4427,185.8,8889,78629,67000,12.84,13.34,0.9395,INR/10g,Dhan API v2 (Client 1112620458)
2026-05-14 11:00,2026-05-14,11,Gold,67173.04,67294.87,121.83,0.1814,-175.82,2255,79607,67000,11.94,12.44,0.921,INR/10g,Dhan API v2 (Client 1112620458)
2026-05-14 12:00,2026-05-14,12,Gold,67051.88,67370.4,318.52,0.475,196.69,10004,78704,67000,12.3,12.8,0.9498,INR/10g,Dhan API v2 (Client 1112620458)
2026-05-14 13:00,2026-05-14,13,Gold,67143.73,67374.62,230.9,0.3439,-87.62,13813,79399,67000,12.62,13.12,0.9297,INR/10g,Dhan API v2 (Client 1112620458)
2026-05-14 14:00,2026-05-14,14,Gold,67031.23,67221.03,189.79,0.2831,-41.11,5264,80713,67000,12.42,12.92,0.9022,INR/10g,Dhan API v2 (Client 1112620458)
2026-05-14 15:00,2026-05-14,15,Gold,66807.22,66945.45,138.22,0.2069,-51.57,8563,79574,67000,12.85,13.35,0.9153,INR/10g,Dhan API v2 (Client 1112620458)
2026-05-14 16:00,2026-05-14,16,Gold,66596.05,66813.29,217.23,0.3262,79.01,13952,80531,66500,13.27,13.77,0.8905,INR/10g,Dhan API v2 (Client 1112620458)
2026-05-14 17:00,2026-05-14,17,Gold,66714.1,66823.93,109.83,0.1646,-107.4,5768,80274,66500,12.81,13.31,0.9218,INR/10g,Dhan API v2 (Client 1112620458)
2026-05-14 18:00,2026-05-14,18,Gold,66656.75,66897.43,240.68,0.3611,130.85,10726,80537,66500,12.81,13.31,0.9239,INR/10g,Dhan API v2 (Client 1112620458)
2026-05-14 19:00,2026-05-14,19,Gold,66456.94,66582.9,125.96,0.1895,-114.72,13146,79923,66500,12.62,13.12,0.9549,INR/10g,Dhan API v2 (Client 1112620458)
2026-05-14 20:00,2026-05-14,20,Gold,66566.53,66793.52,226.99,0.341,101.03,13971,79261,66500,12.47,12.97,0.928,INR/10g,Dhan API v2 (Client 1112620458)
2026-05-14 21:00,2026-05-14,21,Gold,66531.97,66767.64,235.67,0.3542,8.68,1788,79046,66500,12.76,13.26,0.9323,INR/10g,Dhan API v2 (Client 1112620458)
2026-05-14 22:00,2026-05-14,22,Gold,66607.72,66838.17,230.45,0.346,-5.22,2830,80322,66500,12.22,12.72,0.9231,INR/10g,Dhan API v2 (Client 1112620458)
2026-05-14 23:00,2026-05-14,23,Gold,66794.45,66915.27,120.82,0.1809,-109.63,5195,78161,67000,12.59,13.09,0.9195,INR/10g,Dhan API v2 (Client 1112620458)
2026-05-15 09:00,2026-05-15,9,Gold,66618.4,66813.73,195.32,0.2932,74.5,7077,80069,66500,12.7,13.2,0.9473,INR/10g,Dhan API v2 (Client 1112620458)
2026-05-15 10:00,2026-05-15,10,Gold,66876.5,67216.96,340.46,0.5091,145.14,7916,79595,67000,12.81,13.31,0.9155,INR/10g,Dhan API v2 (Client 1112620458)
2026-05-15 11:00,2026-05-15,11,Gold,66870.72,67038.09,167.38,0.2503,-173.08,2394,80230,67000,12.46,12.96,0.9153,INR/10g,Dhan API v2 (Client 1112620458)
2026-05-15 12:00,2026-05-15,12,Gold,66759.82,67095.23,335.41,0.5024,168.03,7625,79104,67000,12.51,13.01,0.9085,INR/10g,Dhan API v2 (Client 1112620458)
2026-05-15 13:00,2026-05-15,13,Gold,66317.43,66641.02,323.59,0.4879,-11.82,4399,79620,66500,12.67,13.17,0.919,INR/10g,Dhan API v2 (Client 1112620458)
2026-05-15 14:00,2026-05-15,14,Gold,66070.8,66255.71,184.91,0.2799,-138.68,1612,79187,66000,13.38,13.88,0.921,INR/10g,Dhan API v2 (Client 1112620458)
2026-05-15 15:00,2026-05-15,15,Gold,66437.13,66526.12,88.99,0.1339,-95.92,13838,80532,66500,11.98,12.48,0.9254,INR/10g,Dhan API v2 (Client 1112620458)
2026-05-15 16:00,2026-05-15,16,Gold,66383.87,66616.81,232.93,0.3509,143.94,6144,80680,66500,12.89,13.39,0.9341,INR/10g,Dhan API v2 (Client 1112620458)
2026-05-15 17:00,2026-05-15,17,Gold,66294.66,66515.93,221.27,0.3338,-11.66,11145,79174,66500,12.75,13.25,0.8984,INR/10g,Dhan API v2 (Client 1112620458)
2026-05-15 18:00,2026-05-15,18,Gold,66319.48,66653.35,333.87,0.5034,112.6,1565,81332,66500,13.4,13.9,0.9347,INR/10g,Dhan API v2 (Client 1112620458)
2026-05-15 19:00,2026-05-15,19,Gold,66369.35,66549.73,180.38,0.2718,-153.49,5976,79319,66500,12.71,13.21,0.9266,INR/10g,Dhan API v2 (Client 1112620458)
2026-05-15 20:00,2026-05-15,20,Gold,66426.87,66790.52,363.65,0.5474,183.27,6146,79163,66500,12.56,13.06,0.9277,INR/10g,Dhan API v2 (Client 1112620458)
2026-05-15 21:00,2026-05-15,21,Gold,66339.66,66430.71,91.05,0.1373,-272.6,9943,80458,66500,12.44,12.94,0.9153,INR/10g,Dhan API v2 (Client 1112620458)
2026-05-15 22:00,2026-05-15,22,Gold,66397.99,66445.42,47.44,0.0714,-43.61,650,80143,66500,12.16,12.66,0.9481,INR/10g,Dhan API v2 (Client 1112620458)
2026-05-15 23:00,2026-05-15,23,Gold,66220.26,66329.06,108.8,0.1643,61.36,7561,79912,66000,12.85,13.35,0.87,INR/10g,Dhan API v2 (Client 1112620458)
2026-05-18 09:00,2026-05-18,9,Gold,66300.26,66437.18,136.92,0.2065,28.12,7389,80334,66500,12.37,12.87,0.9455,INR/10g,Dhan API v2 (Client 1112620458)
2026-05-18 10:00,2026-05-18,10,Gold,66321.9,66428.52,106.62,0.1608,-30.3,13423,78878,66500,13.05,13.55,0.9111,INR/10g,Dhan API v2 (Client 1112620458)
2026-05-18 11:00,2026-05-18,11,Gold,66064.85,66224.05,159.2,0.241,52.58,8513,79650,66000,12.61,13.11,0.8939,INR/10g,Dhan API v2 (Client 1112620458)
2026-05-18 12:00,2026-05-18,12,Gold,65931.83,66108.81,176.97,0.2684,17.77,11604,78641,66000,12.93,13.43,0.9092,INR/10g,Dhan API v2 (Client 1112620458)
2026-05-18 13:00,2026-05-18,13,Gold,66014.66,66113.3,98.64,0.1494,-78.33,9856,79687,66000,12.72,13.22,0.9436,INR/10g,Dhan API v2 (Client 1112620458)
2026-05-18 14:00,2026-05-18,14,Gold,65992.47,65942.74,-49.73,-0.0754,-148.37,4149,79685,66000,12.92,13.42,0.955,INR/10g,Dhan API v2 (Client 1112620458)
2026-05-18 15:00,2026-05-18,15,Gold,65966.56,66150.63,184.07,0.279,233.8,5132,79712,66000,12.25,12.75,0.9574,INR/10g,Dhan API v2 (Client 1112620458)
2026-05-18 16:00,2026-05-18,16,Gold,65666.21,65860.25,194.04,0.2955,9.97,4351,78527,65500,12.39,12.89,0.9085,INR/10g,Dhan API v2 (Client 1112620458)
2026-05-18 17:00,2026-05-18,17,Gold,65508.73,65701.0,192.26,0.2935,-1.78,3191,79082,65500,12.14,12.64,0.9645,INR/10g,Dhan API v2 (Client 1112620458)
2026-05-18 18:00,2026-05-18,18,Gold,65435.75,65693.62,257.87,0.3941,65.61,3355,79507,65500,12.06,12.56,0.8743,INR/10g,Dhan API v2 (Client 1112620458)
2026-05-18 19:00,2026-05-18,19,Gold,65182.09,65448.01,265.93,0.408,8.06,14364,80049,65000,12.37,12.87,0.9681,INR/10g,Dhan API v2 (Client 1112620458)
2026-05-18 20:00,2026-05-18,20,Gold,65329.65,65494.18,164.53,0.2518,-101.4,2783,79138,65500,12.55,13.05,0.9215,INR/10g,Dhan API v2 (Client 1112620458)
2026-05-18 21:00,2026-05-18,21,Gold,65499.26,65485.75,-13.51,-0.0206,-178.04,4780,80034,65500,12.61,13.11,0.9404,INR/10g,Dhan API v2 (Client 1112620458)
2026-05-18 22:00,2026-05-18,22,Gold,65534.76,65862.01,327.25,0.4994,340.76,8062,79178,65500,12.46,12.96,0.9111,INR/10g,Dhan API v2 (Client 1112620458)
2026-05-18 23:00,2026-05-18,23,Gold,65449.81,65627.35,177.54,0.2713,-149.71,2383,79748,65500,12.27,12.77,0.8835,INR/10g,Dhan API v2 (Client 1112620458)
2026-05-19 09:00,2026-05-19,9,Gold,65245.55,65396.48,150.92,0.2313,-26.62,12740,78837,65000,12.74,13.24,0.9309,INR/10g,Dhan API v2 (Client 1112620458)
2026-05-19 10:00,2026-05-19,10,Gold,65392.82,65660.58,267.76,0.4095,116.84,11971,79415,65500,13.15,13.65,0.931,INR/10g,Dhan API v2 (Client 1112620458)
2026-05-19 11:00,2026-05-19,11,Gold,65616.06,65646.75,30.68,0.0468,-237.08,11259,78722,65500,12.3,12.8,0.9558,INR/10g,Dhan API v2 (Client 1112620458)
2026-05-19 12:00,2026-05-19,12,Gold,65286.06,65360.15,74.09,0.1135,43.41,896,80858,65500,12.25,12.75,0.9225,INR/10g,Dhan API v2 (Client 1112620458)
2026-05-19 13:00,2026-05-19,13,Gold,65096.16,65091.39,-4.77,-0.0073,-78.86,9964,80091,65000,13.07,13.57,0.9029,INR/10g,Dhan API v2 (Client 1112620458)
2026-05-19 14:00,2026-05-19,14,Gold,64721.83,64875.05,153.22,0.2367,157.99,868,78296,64500,12.89,13.39,0.9085,INR/10g,Dhan API v2 (Client 1112620458)
2026-05-19 15:00,2026-05-19,15,Gold,64648.87,64771.56,122.7,0.1898,-30.52,5613,78782,64500,12.92,13.42,0.9315,INR/10g,Dhan API v2 (Client 1112620458)
2026-05-19 16:00,2026-05-19,16,Gold,64921.95,65037.74,115.78,0.1783,-6.92,1616,81254,65000,11.98,12.48,0.9375,INR/10g,Dhan API v2 (Client 1112620458)
2026-05-19 17:00,2026-05-19,17,Gold,64653.12,65013.05,359.94,0.5567,244.16,14880,78951,64500,12.53,13.03,0.869,INR/10g,Dhan API v2 (Client 1112620458)
2026-05-19 18:00,2026-05-19,18,Gold,64641.87,64884.36,242.49,0.3751,-117.45,1054,79907,64500,12.83,13.33,0.8934,INR/10g,Dhan API v2 (Client 1112620458)
2026-05-19 19:00,2026-05-19,19,Gold,64776.73,65022.54,245.81,0.3795,3.32,11469,81053,65000,12.3,12.8,0.9131,INR/10g,Dhan API v2 (Client 1112620458)
2026-05-19 20:00,2026-05-19,20,Gold,64630.48,64641.03,10.55,0.0163,-235.26,1601,78100,64500,12.97,13.47,0.898,INR/10g,Dhan API v2 (Client 1112620458)
2026-05-19 21:00,2026-05-19,21,Gold,64538.17,64619.66,81.48,0.1263,70.93,14937,79794,64500,13.15,13.65,0.9105,INR/10g,Dhan API v2 (Client 1112620458)
2026-05-19 22:00,2026-05-19,22,Gold,64544.63,64748.68,204.05,0.3161,122.57,8108,77943,64500,13.37,13.87,0.8998,INR/10g,Dhan API v2 (Client 1112620458)
2026-05-19 23:00,2026-05-19,23,Gold,64579.59,64709.59,130.0,0.2013,-74.05,6960,79557,64500,12.58,13.08,0.907,INR/10g,Dhan API v2 (Client 1112620458)
2026-05-20 09:00,2026-05-20,9,Gold,64663.61,64985.81,322.19,0.4983,192.19,14874,78952,64500,12.56,13.06,0.8995,INR/10g,Dhan API v2 (Client 1112620458)
2026-05-20 10:00,2026-05-20,10,Gold,64711.43,64818.47,107.04,0.1654,-215.15,8673,79698,64500,12.44,12.94,0.967,INR/10g,Dhan API v2 (Client 1112620458)
2026-05-20 11:00,2026-05-20,11,Gold,64862.74,65023.39,160.65,0.2477,53.61,3479,80919,65000,12.5,13.0,0.9025,INR/10g,Dhan API v2 (Client 1112620458)
2026-05-20 12:00,2026-05-20,12,Gold,64664.64,64809.38,144.74,0.2238,-15.91,14956,78705,64500,12.9,13.4,0.9155,INR/10g,Dhan API v2 (Client 1112620458)
2026-05-20 13:00,2026-05-20,13,Gold,64639.7,64768.63,128.93,0.1995,-15.81,3794,79485,64500,12.57,13.07,0.913,INR/10g,Dhan API v2 (Client 1112620458)
2026-05-20 14:00,2026-05-20,14,Gold,64606.42,64750.33,143.92,0.2228,14.99,12095,79375,64500,12.99,13.49,0.8971,INR/10g,Dhan API v2 (Client 1112620458)
2026-05-20 15:00,2026-05-20,15,Gold,64557.82,64638.22,80.39,0.1245,-63.53,7547,79294,64500,12.96,13.46,0.9592,INR/10g,Dhan API v2 (Client 1112620458)
2026-05-20 16:00,2026-05-20,16,Gold,64541.94,64621.0,79.06,0.1225,-1.33,2392,80244,64500,13.22,13.72,0.9327,INR/10g,Dhan API v2 (Client 1112620458)
2026-05-20 17:00,2026-05-20,17,Gold,64280.72,64329.2,48.49,0.0754,-30.57,6407,78954,64500,12.3,12.8,0.886,INR/10g,Dhan API v2 (Client 1112620458)
2026-05-20 18:00,2026-05-20,18,Gold,64085.29,64131.38,46.09,0.0719,-2.4,12669,79568,64000,12.93,13.43,0.8941,INR/10g,Dhan API v2 (Client 1112620458)
2026-05-20 19:00,2026-05-20,19,Gold,64055.53,64150.59,95.06,0.1484,48.97,11654,78433,64000,12.57,13.07,0.9383,INR/10g,Dhan API v2 (Client 1112620458)
2026-05-20 20:00,2026-05-20,20,Gold,63951.4,64109.02,157.62,0.2465,62.56,10357,79420,64000,12.69,13.19,0.8934,INR/10g,Dhan API v2 (Client 1112620458)
2026-05-20 21:00,2026-05-20,21,Gold,63802.83,64076.88,274.04,0.4295,116.42,2121,78744,64000,12.74,13.24,0.914,INR/10g,Dhan API v2 (Client 1112620458)
2026-05-20 22:00,2026-05-20,22,Gold,63678.91,63717.76,38.85,0.061,-235.19,11415,79281,63500,12.8,13.3,0.9626,INR/10g,Dhan API v2 (Client 1112620458)
2026-05-20 23:00,2026-05-20,23,Gold,63808.51,64058.49,249.98,0.3918,211.13,7918,81377,64000,12.6,13.1,0.9008,INR/10g,Dhan API v2 (Client 1112620458)
2026-05-21 09:00,2026-05-21,9,Gold,63899.87,64075.82,175.94,0.2753,-74.04,11015,79608,64000,12.56,13.06,0.9099,INR/10g,Dhan API v2 (Client 1112620458)
2026-05-21 10:00,2026-05-21,10,Gold,63721.15,63758.16,37.02,0.0581,-138.92,6806,78787,63500,12.1,12.6,0.894,INR/10g,Dhan API v2 (Client 1112620458)
2026-05-21 11:00,2026-05-21,11,Gold,63712.48,63774.53,62.05,0.0974,25.03,12476,79429,63500,12.32,12.82,0.879,INR/10g,Dhan API v2 (Client 1112620458)
2026-05-21 12:00,2026-05-21,12,Gold,63844.33,63776.96,-67.36,-0.1055,-129.41,7118,80495,64000,12.38,12.88,0.9049,INR/10g,Dhan API v2 (Client 1112620458)
2026-05-21 13:00,2026-05-21,13,Gold,63729.68,63842.66,112.98,0.1773,180.34,4393,79254,63500,12.56,13.06,0.9351,INR/10g,Dhan API v2 (Client 1112620458)
2026-05-21 14:00,2026-05-21,14,Gold,63808.45,64098.79,290.34,0.455,177.36,2363,82309,64000,12.22,12.72,0.9243,INR/10g,Dhan API v2 (Client 1112620458)
2026-05-21 15:00,2026-05-21,15,Gold,63660.86,63831.9,171.04,0.2687,-119.3,3492,79724,63500,12.89,13.39,0.9133,INR/10g,Dhan API v2 (Client 1112620458)
2026-05-21 16:00,2026-05-21,16,Gold,63847.21,63962.18,114.97,0.1801,-56.07,13440,78749,64000,12.44,12.94,0.9111,INR/10g,Dhan API v2 (Client 1112620458)
2026-05-21 17:00,2026-05-21,17,Gold,63580.87,63605.96,25.09,0.0395,-89.88,12421,77459,63500,12.78,13.28,0.9028,INR/10g,Dhan API v2 (Client 1112620458)
2026-05-21 18:00,2026-05-21,18,Gold,63666.03,63801.44,135.41,0.2127,110.32,5534,79785,63500,12.1,12.6,0.9135,INR/10g,Dhan API v2 (Client 1112620458)
2026-05-21 19:00,2026-05-21,19,Gold,63763.09,63676.84,-86.25,-0.1353,-221.66,10617,80439,64000,12.64,13.14,0.9385,INR/10g,Dhan API v2 (Client 1112620458)
2026-05-21 20:00,2026-05-21,20,Gold,63705.05,64017.81,312.77,0.491,399.02,12970,79184,63500,12.58,13.08,0.8732,INR/10g,Dhan API v2 (Client 1112620458)
2026-05-21 21:00,2026-05-21,21,Gold,63886.21,63869.53,-16.69,-0.0261,-329.46,11283,80273,64000,12.93,13.43,0.9212,INR/10g,Dhan API v2 (Client 1112620458)
2026-05-21 22:00,2026-05-21,22,Gold,63778.55,63806.28,27.74,0.0435,44.43,14446,80336,64000,13.28,13.78,0.937,INR/10g,Dhan API v2 (Client 1112620458)
2026-05-21 23:00,2026-05-21,23,Gold,63816.03,63991.25,175.22,0.2746,147.48,11085,79591,64000,12.53,13.03,0.9006,INR/10g,Dhan API v2 (Client 1112620458)
2026-05-22 09:00,2026-05-22,9,Gold,63882.71,63906.29,23.58,0.0369,-151.64,5107,78631,64000,12.98,13.48,0.8918,INR/10g,Dhan API v2 (Client 1112620458)
2026-05-22 10:00,2026-05-22,10,Gold,63937.39,64093.63,156.24,0.2444,132.66,11040,79395,64000,12.9,13.4,0.9396,INR/10g,Dhan API v2 (Client 1112620458)
2026-05-22 11:00,2026-05-22,11,Gold,63937.57,63906.83,-30.74,-0.0481,-186.98,8892,80499,64000,12.36,12.86,0.9627,INR/10g,Dhan API v2 (Client 1112620458)
2026-05-22 12:00,2026-05-22,12,Gold,64380.84,64621.7,240.85,0.3741,271.59,7090,79310,64500,12.73,13.23,0.9245,INR/10g,Dhan API v2 (Client 1112620458)
2026-05-22 13:00,2026-05-22,13,Gold,64451.0,64618.73,167.73,0.2602,-73.12,6776,79215,64500,12.61,13.11,0.8828,INR/10g,Dhan API v2 (Client 1112620458)
2026-05-22 14:00,2026-05-22,14,Gold,64587.52,64740.37,152.86,0.2367,-14.87,6015,79560,64500,12.89,13.39,0.8862,INR/10g,Dhan API v2 (Client 1112620458)
2026-05-22 15:00,2026-05-22,15,Gold,64592.88,64546.95,-45.93,-0.0711,-198.79,13132,79472,64500,12.79,13.29,0.9362,INR/10g,Dhan API v2 (Client 1112620458)
2026-05-22 16:00,2026-05-22,16,Gold,64416.02,64522.24,106.22,0.1649,152.15,2202,79542,64500,12.09,12.59,0.9305,INR/10g,Dhan API v2 (Client 1112620458)
2026-05-22 17:00,2026-05-22,17,Gold,64380.64,64501.99,121.35,0.1885,15.13,5909,78519,64500,11.87,12.37,0.9252,INR/10g,Dhan API v2 (Client 1112620458)
2026-05-22 18:00,2026-05-22,18,Gold,64357.63,64274.72,-82.91,-0.1288,-204.26,4230,79956,64500,12.29,12.79,0.9314,INR/10g,Dhan API v2 (Client 1112620458)
2026-05-22 19:00,2026-05-22,19,Gold,64319.65,64436.98,117.33,0.1824,200.24,1285,79383,64500,12.64,13.14,0.9002,INR/10g,Dhan API v2 (Client 1112620458)
2026-05-22 20:00,2026-05-22,20,Gold,64452.46,64700.15,247.69,0.3843,130.36,7123,79979,64500,13.05,13.55,0.8689,INR/10g,Dhan API v2 (Client 1112620458)
2026-05-22 21:00,2026-05-22,21,Gold,64501.51,64578.88,77.37,0.12,-170.32,14652,80135,64500,12.59,13.09,0.95,INR/10g,Dhan API v2 (Client 1112620458)
2026-05-22 22:00,2026-05-22,22,Gold,64631.35,64664.42,33.06,0.0512,-44.31,8648,78812,64500,12.37,12.87,0.8859,INR/10g,Dhan API v2 (Client 1112620458)
2026-05-22 23:00,2026-05-22,23,Gold,64714.29,64807.76,93.46,0.1444,60.4,5663,80118,64500,12.86,13.36,0.9215,INR/10g,Dhan API v2 (Client 1112620458)
2026-05-25 09:00,2026-05-25,9,Gold,64787.72,64821.73,34.01,0.0525,-59.45,10951,78976,65000,12.76,13.26,0.9121,INR/10g,Dhan API v2 (Client 1112620458)
2026-05-25 10:00,2026-05-25,10,Gold,64784.44,64952.93,168.49,0.2601,134.48,4150,80346,65000,12.63,13.13,0.8885,INR/10g,Dhan API v2 (Client 1112620458)
2026-05-25 11:00,2026-05-25,11,Gold,64720.85,64889.85,169.0,0.2611,0.51,4222,79611,64500,12.37,12.87,0.9054,INR/10g,Dhan API v2 (Client 1112620458)
2026-05-25 12:00,2026-05-25,12,Gold,64517.42,64718.94,201.52,0.3124,32.52,14409,79768,64500,13.0,13.5,0.9117,INR/10g,Dhan API v2 (Client 1112620458)
2026-05-25 13:00,2026-05-25,13,Gold,64663.72,64744.07,80.35,0.1243,-121.17,6331,78284,64500,12.79,13.29,0.8959,INR/10g,Dhan API v2 (Client 1112620458)
2026-05-25 14:00,2026-05-25,14,Gold,64587.68,64585.11,-2.58,-0.004,-82.93,14602,80040,64500,12.05,12.55,0.9238,INR/10g,Dhan API v2 (Client 1112620458)
2026-05-25 15:00,2026-05-25,15,Gold,64610.62,64769.93,159.3,0.2466,161.88,13542,80225,64500,13.56,14.06,0.8981,INR/10g,Dhan API v2 (Client 1112620458)
2026-05-25 16:00,2026-05-25,16,Gold,64502.19,64589.02,86.83,0.1346,-72.47,1557,78865,64500,12.49,12.99,0.899,INR/10g,Dhan API v2 (Client 1112620458)
2026-05-25 17:00,2026-05-25,17,Gold,64331.62,64379.17,47.55,0.0739,-39.28,9392,79612,64500,12.73,13.23,0.9077,INR/10g,Dhan API v2 (Client 1112620458)
2026-05-25 18:00,2026-05-25,18,Gold,64207.99,64214.53,6.54,0.0102,-41.01,7899,79662,64000,12.36,12.86,0.929,INR/10g,Dhan API v2 (Client 1112620458)
2026-05-25 19:00,2026-05-25,19,Gold,64243.13,64519.42,276.29,0.4301,269.75,4143,78509,64000,12.28,12.78,0.9381,INR/10g,Dhan API v2 (Client 1112620458)
2026-05-25 20:00,2026-05-25,20,Gold,64150.94,64193.23,42.3,0.0659,-233.99,4998,79931,64000,12.37,12.87,0.916,INR/10g,Dhan API v2 (Client 1112620458)
2026-05-25 21:00,2026-05-25,21,Gold,64332.39,64441.48,109.1,0.1696,66.8,1418,79195,64500,12.7,13.2,0.9378,INR/10g,Dhan API v2 (Client 1112620458)
2026-05-25 22:00,2026-05-25,22,Gold,64426.43,64548.46,122.03,0.1894,12.93,4503,81181,64500,12.53,13.03,0.9273,INR/10g,Dhan API v2 (Client 1112620458)
2026-05-25 23:00,2026-05-25,23,Gold,64439.49,64614.46,174.97,0.2715,52.94,3517,79339,64500,12.6,13.1,0.9397,INR/10g,Dhan API v2 (Client 1112620458)
2026-05-26 09:00,2026-05-26,9,Gold,64388.56,64428.67,40.11,0.0623,-134.86,14700,78316,64500,12.36,12.86,0.9153,INR/10g,Dhan API v2 (Client 1112620458)
2026-05-26 10:00,2026-05-26,10,Gold,64463.72,64664.79,201.06,0.3119,160.95,13959,80205,64500,12.7,13.2,0.9267,INR/10g,Dhan API v2 (Client 1112620458)
2026-05-26 11:00,2026-05-26,11,Gold,64468.32,64620.85,152.52,0.2366,-48.54,4656,79365,64500,12.43,12.93,0.9087,INR/10g,Dhan API v2 (Client 1112620458)
2026-05-26 12:00,2026-05-26,12,Gold,64419.47,64670.43,250.97,0.3896,98.45,7368,79022,64500,12.82,13.32,0.9279,INR/10g,Dhan API v2 (Client 1112620458)
2026-05-26 13:00,2026-05-26,13,Gold,64475.73,64513.55,37.82,0.0587,-213.15,14184,80278,64500,12.28,12.78,0.8925,INR/10g,Dhan API v2 (Client 1112620458)
2026-05-26 14:00,2026-05-26,14,Gold,64458.91,64660.19,201.27,0.3123,163.45,12525,79044,64500,12.46,12.96,0.9284,INR/10g,Dhan API v2 (Client 1112620458)
2026-05-26 15:00,2026-05-26,15,Gold,64551.16,64615.07,63.91,0.099,-137.36,9508,79148,64500,12.65,13.15,0.9241,INR/10g,Dhan API v2 (Client 1112620458)
2026-05-26 16:00,2026-05-26,16,Gold,64558.48,64589.15,30.66,0.0475,-33.25,13229,79523,64500,12.65,13.15,0.9644,INR/10g,Dhan API v2 (Client 1112620458)
2026-05-26 17:00,2026-05-26,17,Gold,64571.44,64538.67,-32.77,-0.0507,-63.43,9944,80082,64500,13.07,13.57,0.9165,INR/10g,Dhan API v2 (Client 1112620458)
2026-05-26 18:00,2026-05-26,18,Gold,64435.37,64546.11,110.74,0.1719,143.51,695,79402,64500,12.89,13.39,0.9216,INR/10g,Dhan API v2 (Client 1112620458)
2026-05-26 19:00,2026-05-26,19,Gold,64374.71,64492.39,117.68,0.1828,6.94,12049,79472,64500,12.5,13.0,0.9005,INR/10g,Dhan API v2 (Client 1112620458)
2026-05-26 20:00,2026-05-26,20,Gold,64308.33,64250.69,-57.64,-0.0896,-175.32,7317,80715,64500,12.54,13.04,0.8801,INR/10g,Dhan API v2 (Client 1112620458)
2026-05-26 21:00,2026-05-26,21,Gold,64460.27,64361.69,-98.58,-0.1529,-40.94,8989,79273,64500,12.44,12.94,0.9172,INR/10g,Dhan API v2 (Client 1112620458)
2026-05-26 22:00,2026-05-26,22,Gold,64360.71,64385.98,25.27,0.0393,123.85,10477,78911,64500,12.69,13.19,0.9252,INR/10g,Dhan API v2 (Client 1112620458)
2026-05-26 23:00,2026-05-26,23,Gold,64195.92,64436.32,240.4,0.3745,215.13,9020,78884,64000,12.45,12.95,0.9264,INR/10g,Dhan API v2 (Client 1112620458)
2026-05-27 09:00,2026-05-27,9,Gold,64168.96,64308.79,139.83,0.2179,-100.57,4228,80046,64000,12.37,12.87,0.9697,INR/10g,Dhan API v2 (Client 1112620458)
2026-05-27 10:00,2026-05-27,10,Gold,64096.78,64131.5,34.71,0.0542,-105.12,9121,79372,64000,12.75,13.25,0.9132,INR/10g,Dhan API v2 (Client 1112620458)
2026-05-27 11:00,2026-05-27,11,Gold,64130.81,64170.89,40.08,0.0625,5.37,1514,81279,64000,12.54,13.04,0.9053,INR/10g,Dhan API v2 (Client 1112620458)
2026-05-27 12:00,2026-05-27,12,Gold,64111.9,64129.86,17.97,0.028,-22.11,9240,79724,64000,12.38,12.88,0.9187,INR/10g,Dhan API v2 (Client 1112620458)
2026-05-27 13:00,2026-05-27,13,Gold,64052.59,64337.34,284.75,0.4446,266.78,6619,78307,64000,12.42,12.92,0.903,INR/10g,Dhan API v2 (Client 1112620458)
2026-05-27 14:00,2026-05-27,14,Gold,63873.3,63894.78,21.48,0.0336,-263.27,6381,79704,64000,12.92,13.42,0.9201,INR/10g,Dhan API v2 (Client 1112620458)
2026-05-27 15:00,2026-05-27,15,Gold,64011.24,64152.27,141.03,0.2203,119.55,3823,79826,64000,12.81,13.31,0.9171,INR/10g,Dhan API v2 (Client 1112620458)
2026-05-27 16:00,2026-05-27,16,Gold,63665.22,63879.79,214.57,0.337,73.54,10749,79364,63500,12.26,12.76,0.9409,INR/10g,Dhan API v2 (Client 1112620458)
2026-05-27 17:00,2026-05-27,17,Gold,63613.84,63777.66,163.82,0.2575,-50.75,12333,79136,63500,12.68,13.18,0.9428,INR/10g,Dhan API v2 (Client 1112620458)
2026-05-27 18:00,2026-05-27,18,Gold,63689.23,63823.1,133.87,0.2102,-29.95,8427,79885,63500,12.41,12.91,0.9246,INR/10g,Dhan API v2 (Client 1112620458)
2026-05-27 19:00,2026-05-27,19,Gold,63612.35,63572.81,-39.55,-0.0622,-173.42,8125,79339,63500,12.9,13.4,0.9465,INR/10g,Dhan API v2 (Client 1112620458)
2026-05-27 20:00,2026-05-27,20,Gold,63491.71,63466.51,-25.2,-0.0397,14.35,8821,78711,63500,12.96,13.46,0.9159,INR/10g,Dhan API v2 (Client 1112620458)
2026-05-27 21:00,2026-05-27,21,Gold,63385.75,63275.9,-109.85,-0.1733,-84.65,13378,80662,63500,12.66,13.16,0.9304,INR/10g,Dhan API v2 (Client 1112620458)
2026-05-27 22:00,2026-05-27,22,Gold,63514.64,63462.31,-52.33,-0.0824,57.52,4093,80029,63500,12.44,12.94,0.905,INR/10g,Dhan API v2 (Client 1112620458)
2026-05-27 23:00,2026-05-27,23,Gold,63466.59,63536.82,70.23,0.1107,122.56,8700,81204,63500,12.38,12.88,0.9084,INR/10g,Dhan API v2 (Client 1112620458)
2026-05-28 09:00,2026-05-28,9,Gold,63389.98,63387.86,-2.12,-0.0033,-72.35,5571,77556,63500,12.51,13.01,0.9265,INR/10g,Dhan API v2 (Client 1112620458)
2026-05-28 10:00,2026-05-28,10,Gold,63306.69,63475.49,168.8,0.2666,170.92,14936,79467,63500,12.77,13.27,0.9276,INR/10g,Dhan API v2 (Client 1112620458)
2026-05-28 11:00,2026-05-28,11,Gold,63494.84,63455.59,-39.25,-0.0618,-208.05,10431,79308,63500,13.12,13.62,0.9399,INR/10g,Dhan API v2 (Client 1112620458)
2026-05-28 12:00,2026-05-28,12,Gold,63264.01,63323.8,59.79,0.0945,99.04,981,79331,63500,12.54,13.04,0.888,INR/10g,Dhan API v2 (Client 1112620458)
2026-05-28 13:00,2026-05-28,13,Gold,63172.29,63078.44,-93.84,-0.1485,-153.63,11152,78501,63000,12.82,13.32,0.9055,INR/10g,Dhan API v2 (Client 1112620458)
2026-05-28 14:00,2026-05-28,14,Gold,63088.58,62997.1,-91.48,-0.145,2.36,8828,79349,63000,12.55,13.05,0.9047,INR/10g,Dhan API v2 (Client 1112620458)
2026-05-28 15:00,2026-05-28,15,Gold,63331.18,63342.44,11.26,0.0178,102.74,5345,80444,63500,12.5,13.0,0.8871,INR/10g,Dhan API v2 (Client 1112620458)
2026-05-28 16:00,2026-05-28,16,Gold,63475.43,63486.9,11.47,0.0181,0.21,7849,77636,63500,13.31,13.81,0.9012,INR/10g,Dhan API v2 (Client 1112620458)
2026-05-28 17:00,2026-05-28,17,Gold,63501.03,63564.4,63.37,0.0998,51.9,2490,80573,63500,12.69,13.19,0.909,INR/10g,Dhan API v2 (Client 1112620458)
2026-05-28 18:00,2026-05-28,18,Gold,63490.16,63616.21,126.05,0.1985,62.68,11278,78167,63500,12.36,12.86,0.9321,INR/10g,Dhan API v2 (Client 1112620458)
2026-05-28 19:00,2026-05-28,19,Gold,63391.94,63469.17,77.23,0.1218,-48.82,13246,79105,63500,13.02,13.52,0.9041,INR/10g,Dhan API v2 (Client 1112620458)
2026-05-28 20:00,2026-05-28,20,Gold,63429.25,63390.51,-38.74,-0.0611,-115.97,1881,79164,63500,12.25,12.75,0.8939,INR/10g,Dhan API v2 (Client 1112620458)
2026-05-28 21:00,2026-05-28,21,Gold,63377.21,63444.31,67.1,0.1059,105.84,10730,80650,63500,12.91,13.41,0.9468,INR/10g,Dhan API v2 (Client 1112620458)
2026-05-28 22:00,2026-05-28,22,Gold,63508.64,63546.17,37.53,0.0591,-29.57,724,79741,63500,13.05,13.55,0.9161,INR/10g,Dhan API v2 (Client 1112620458)
2026-05-28 23:00,2026-05-28,23,Gold,63606.48,63473.58,-132.9,-0.2089,-170.43,9590,78846,63500,12.6,13.1,0.8967,INR/10g,Dhan API v2 (Client 1112620458)
2026-05-29 09:00,2026-05-29,9,Gold,63546.61,63603.08,56.47,0.0889,189.37,13971,80214,63500,12.85,13.35,0.9236,INR/10g,Dhan API v2 (Client 1112620458)
2026-05-29 10:00,2026-05-29,10,Gold,63664.06,63648.98,-15.08,-0.0237,-71.55,8785,78698,63500,12.44,12.94,0.8772,INR/10g,Dhan API v2 (Client 1112620458)
2026-05-29 11:00,2026-05-29,11,Gold,63711.08,63686.5,-24.58,-0.0386,-9.5,606,80616,63500,12.56,13.06,0.9249,INR/10g,Dhan API v2 (Client 1112620458)
2026-05-29 12:00,2026-05-29,12,Gold,63766.01,63857.11,91.1,0.1429,115.68,11299,79172,64000,12.41,12.91,0.9489,INR/10g,Dhan API v2 (Client 1112620458)
2026-05-29 13:00,2026-05-29,13,Gold,63653.67,63769.11,115.44,0.1813,24.34,1563,80895,63500,12.07,12.57,0.8598,INR/10g,Dhan API v2 (Client 1112620458)
2026-05-29 14:00,2026-05-29,14,Gold,63675.25,63684.43,9.18,0.0144,-106.26,594,79114,63500,12.64,13.14,0.9005,INR/10g,Dhan API v2 (Client 1112620458)
2026-05-29 15:00,2026-05-29,15,Gold,63554.65,63640.84,86.19,0.1356,77.01,13444,79244,63500,12.51,13.01,0.9118,INR/10g,Dhan API v2 (Client 1112620458)
2026-05-29 16:00,2026-05-29,16,Gold,63525.38,63495.07,-30.31,-0.0477,-116.5,9310,80448,63500,12.33,12.83,0.9212,INR/10g,Dhan API v2 (Client 1112620458)
2026-05-29 17:00,2026-05-29,17,Gold,63380.92,63445.13,64.22,0.1013,94.53,4065,78648,63500,12.41,12.91,0.9563,INR/10g,Dhan API v2 (Client 1112620458)
2026-05-29 18:00,2026-05-29,18,Gold,63442.78,63512.78,69.99,0.1103,5.77,3136,80619,63500,12.62,13.12,0.887,INR/10g,Dhan API v2 (Client 1112620458)
2026-05-29 19:00,2026-05-29,19,Gold,63523.9,63605.38,81.49,0.1283,11.5,9733,80541,63500,12.38,12.88,0.8954,INR/10g,Dhan API v2 (Client 1112620458)
2026-05-29 20:00,2026-05-29,20,Gold,63133.27,63097.31,-35.95,-0.0569,-117.44,10810,79565,63000,12.57,13.07,0.9421,INR/10g,Dhan API v2 (Client 1112620458)
2026-05-29 21:00,2026-05-29,21,Gold,63045.68,63138.54,92.86,0.1473,128.81,3253,80451,63000,12.59,13.09,0.9508,INR/10g,Dhan API v2 (Client 1112620458)
2026-05-29 22:00,2026-05-29,22,Gold,63251.98,63225.23,-26.75,-0.0423,-119.61,10704,79247,63500,12.98,13.48,0.9637,INR/10g,Dhan API v2 (Client 1112620458)
2026-05-29 23:00,2026-05-29,23,Gold,63226.86,63299.34,72.48,0.1146,99.23,2791,78484,63000,12.84,13.34,0.9135,INR/10g,Dhan API v2 (Client 1112620458)
2026-06-01 09:00,2026-06-01,9,Gold,63058.8,63238.15,179.36,0.2844,106.88,11241,79155,63000,12.03,12.53,0.9348,INR/10g,Dhan API v2 (Client 1112620458)
2026-06-01 10:00,2026-06-01,10,Gold,62931.56,63073.13,141.58,0.225,-37.78,10326,79044,63000,12.96,13.46,0.8611,INR/10g,Dhan API v2 (Client 1112620458)
2026-06-01 11:00,2026-06-01,11,Gold,62846.46,62914.74,68.28,0.1086,-73.3,14659,78079,63000,12.57,13.07,0.8775,INR/10g,Dhan API v2 (Client 1112620458)
2026-06-01 12:00,2026-06-01,12,Gold,62802.79,62983.51,180.73,0.2878,112.45,9757,79582,63000,12.83,13.33,0.9017,INR/10g,Dhan API v2 (Client 1112620458)
2026-06-01 13:00,2026-06-01,13,Gold,62617.96,62723.92,105.95,0.1692,-74.78,4439,79365,62500,12.65,13.15,0.9431,INR/10g,Dhan API v2 (Client 1112620458)
2026-06-01 14:00,2026-06-01,14,Gold,62403.84,62441.59,37.76,0.0605,-68.19,10717,79783,62500,11.98,12.48,0.9258,INR/10g,Dhan API v2 (Client 1112620458)
2026-06-01 15:00,2026-06-01,15,Gold,62641.76,62667.68,25.93,0.0414,-11.83,2873,79924,62500,12.66,13.16,0.9378,INR/10g,Dhan API v2 (Client 1112620458)
2026-06-01 16:00,2026-06-01,16,Gold,62399.17,62418.01,18.84,0.0302,-7.09,3341,78652,62500,12.72,13.22,0.9127,INR/10g,Dhan API v2 (Client 1112620458)
2026-06-01 17:00,2026-06-01,17,Gold,62509.48,62570.58,61.1,0.0977,42.26,12930,80606,62500,12.89,13.39,0.8821,INR/10g,Dhan API v2 (Client 1112620458)
2026-06-01 18:00,2026-06-01,18,Gold,62577.89,62524.31,-53.58,-0.0856,-114.68,3368,79159,62500,12.55,13.05,0.9197,INR/10g,Dhan API v2 (Client 1112620458)
2026-06-01 19:00,2026-06-01,19,Gold,62528.45,62606.52,78.07,0.1249,131.65,8907,80270,62500,12.94,13.44,0.9034,INR/10g,Dhan API v2 (Client 1112620458)
2026-06-01 20:00,2026-06-01,20,Gold,62499.03,62587.77,88.74,0.142,10.67,13488,79873,62500,12.92,13.42,0.9552,INR/10g,Dhan API v2 (Client 1112620458)
2026-06-01 21:00,2026-06-01,21,Gold,62589.93,62593.29,3.36,0.0054,-85.38,865,79401,62500,12.35,12.85,0.9419,INR/10g,Dhan API v2 (Client 1112620458)
2026-06-01 22:00,2026-06-01,22,Gold,62589.95,62489.09,-100.86,-0.1611,-104.22,9635,77714,62500,12.63,13.13,0.939,INR/10g,Dhan API v2 (Client 1112620458)
2026-06-01 23:00,2026-06-01,23,Gold,62716.21,62805.32,89.11,0.1421,189.97,2403,80551,62500,12.67,13.17,0.9223,INR/10g,Dhan API v2 (Client 1112620458)
2026-06-02 09:00,2026-06-02,9,Gold,62646.5,62711.77,65.28,0.1042,-23.83,8742,78399,62500,12.45,12.95,0.9596,INR/10g,Dhan API v2 (Client 1112620458)
2026-06-02 10:00,2026-06-02,10,Gold,62814.3,62846.96,32.66,0.052,-32.62,14883,79714,63000,12.91,13.41,0.8961,INR/10g,Dhan API v2 (Client 1112620458)
2026-06-02 11:00,2026-06-02,11,Gold,62928.07,62741.98,-186.09,-0.2957,-218.75,13547,81050,63000,12.7,13.2,0.9328,INR/10g,Dhan API v2 (Client 1112620458)
2026-06-02 12:00,2026-06-02,12,Gold,63080.52,63158.53,78.01,0.1237,264.1,3387,79883,63000,12.69,13.19,0.9127,INR/10g,Dhan API v2 (Client 1112620458)
2026-06-02 13:00,2026-06-02,13,Gold,63210.2,63194.25,-15.95,-0.0252,-93.96,7826,81123,63000,12.64,13.14,0.939,INR/10g,Dhan API v2 (Client 1112620458)
2026-06-02 14:00,2026-06-02,14,Gold,63158.35,62966.42,-191.94,-0.3039,-175.99,6079,78737,63000,12.78,13.28,0.9099,INR/10g,Dhan API v2 (Client 1112620458)
2026-06-02 15:00,2026-06-02,15,Gold,63085.66,63104.69,19.03,0.0302,210.97,11938,80429,63000,12.34,12.84,0.9107,INR/10g,Dhan API v2 (Client 1112620458)
2026-06-02 16:00,2026-06-02,16,Gold,63290.11,63341.15,51.05,0.0807,32.02,2020,79136,63500,12.44,12.94,0.934,INR/10g,Dhan API v2 (Client 1112620458)
2026-06-02 17:00,2026-06-02,17,Gold,63408.89,63354.17,-54.72,-0.0863,-105.77,2023,79094,63500,12.66,13.16,0.9241,INR/10g,Dhan API v2 (Client 1112620458)
2026-06-02 18:00,2026-06-02,18,Gold,63431.09,63293.12,-137.97,-0.2175,-83.25,5385,79948,63500,12.54,13.04,0.9209,INR/10g,Dhan API v2 (Client 1112620458)
2026-06-02 19:00,2026-06-02,19,Gold,63311.15,63207.72,-103.43,-0.1634,34.54,8837,79278,63500,12.11,12.61,0.9027,INR/10g,Dhan API v2 (Client 1112620458)
2026-06-02 20:00,2026-06-02,20,Gold,63145.61,63119.12,-26.49,-0.0419,76.94,12914,80461,63000,12.57,13.07,0.9143,INR/10g,Dhan API v2 (Client 1112620458)
2026-06-02 21:00,2026-06-02,21,Gold,63040.47,62985.02,-55.45,-0.088,-28.96,14415,78500,63000,12.56,13.06,0.8995,INR/10g,Dhan API v2 (Client 1112620458)
2026-06-02 22:00,2026-06-02,22,Gold,63237.58,63248.41,10.83,0.0171,66.28,10227,80837,63000,12.87,13.37,0.9252,INR/10g,Dhan API v2 (Client 1112620458)
2026-06-02 23:00,2026-06-02,23,Gold,63197.38,63298.63,101.25,0.1602,90.42,8320,79934,63000,12.92,13.42,0.9091,INR/10g,Dhan API v2 (Client 1112620458)
2026-06-03 09:00,2026-06-03,9,Gold,63069.27,63192.16,122.89,0.1949,21.64,7673,80156,63000,12.86,13.36,0.9238,INR/10g,Dhan API v2 (Client 1112620458)
2026-06-03 10:00,2026-06-03,10,Gold,62880.72,62867.62,-13.1,-0.0208,-135.99,9902,80254,63000,12.69,13.19,0.9252,INR/10g,Dhan API v2 (Client 1112620458)
2026-06-03 11:00,2026-06-03,11,Gold,62815.55,62822.72,7.18,0.0114,20.28,7435,78969,63000,12.8,13.3,0.9519,INR/10g,Dhan API v2 (Client 1112620458)
2026-06-03 12:00,2026-06-03,12,Gold,62496.77,62586.8,90.02,0.144,82.84,3001,79546,62500,12.71,13.21,0.9014,INR/10g,Dhan API v2 (Client 1112620458)
2026-06-03 13:00,2026-06-03,13,Gold,62502.93,62406.25,-96.68,-0.1547,-186.7,2636,78305,62500,12.09,12.59,0.899,INR/10g,Dhan API v2 (Client 1112620458)
2026-06-03 14:00,2026-06-03,14,Gold,62532.07,62447.64,-84.43,-0.135,12.25,14650,77718,62500,12.53,13.03,0.9332,INR/10g,Dhan API v2 (Client 1112620458)
2026-06-03 15:00,2026-06-03,15,Gold,62592.43,62501.76,-90.67,-0.1449,-6.24,11698,78349,62500,12.42,12.92,0.8976,INR/10g,Dhan API v2 (Client 1112620458)
2026-06-03 16:00,2026-06-03,16,Gold,62469.03,62471.95,2.92,0.0047,93.59,9163,79586,62500,12.51,13.01,0.9274,INR/10g,Dhan API v2 (Client 1112620458)
2026-06-03 17:00,2026-06-03,17,Gold,62441.81,62500.81,58.99,0.0945,56.07,524,78163,62500,12.4,12.9,0.9129,INR/10g,Dhan API v2 (Client 1112620458)
2026-06-03 18:00,2026-06-03,18,Gold,62543.97,62510.86,-33.11,-0.0529,-92.1,14228,80008,62500,12.63,13.13,0.9345,INR/10g,Dhan API v2 (Client 1112620458)
2026-06-03 19:00,2026-06-03,19,Gold,62603.79,62501.0,-102.79,-0.1642,-69.68,13318,79271,62500,13.16,13.66,0.9271,INR/10g,Dhan API v2 (Client 1112620458)
2026-06-03 20:00,2026-06-03,20,Gold,62482.05,62362.39,-119.66,-0.1915,-16.87,893,79590,62500,13.04,13.54,0.909,INR/10g,Dhan API v2 (Client 1112620458)
2026-06-03 21:00,2026-06-03,21,Gold,62220.88,62277.1,56.23,0.0904,175.89,6052,80157,62000,12.56,13.06,0.9191,INR/10g,Dhan API v2 (Client 1112620458)
2026-06-03 22:00,2026-06-03,22,Gold,62255.99,62251.84,-4.15,-0.0067,-60.38,13588,81380,62500,12.21,12.71,0.9014,INR/10g,Dhan API v2 (Client 1112620458)
2026-06-03 23:00,2026-06-03,23,Gold,62322.77,62434.54,111.77,0.1793,115.92,6961,79145,62500,12.5,13.0,0.9252,INR/10g,Dhan API v2 (Client 1112620458)
2026-06-04 09:00,2026-06-04,9,Gold,62448.89,62679.82,230.93,0.3698,119.16,8720,80635,62500,12.5,13.0,0.9457,INR/10g,Dhan API v2 (Client 1112620458)
2026-06-04 10:00,2026-06-04,10,Gold,62286.56,62620.96,334.39,0.5369,103.46,12971,80559,62500,12.88,13.38,0.9012,INR/10g,Dhan API v2 (Client 1112620458)
2026-06-04 11:00,2026-06-04,11,Gold,62262.17,62558.28,296.11,0.4756,-38.28,12234,78974,62500,12.54,13.04,0.9481,INR/10g,Dhan API v2 (Client 1112620458)
2026-06-04 12:00,2026-06-04,12,Gold,62275.43,62707.75,432.31,0.6942,136.2,13834,79385,62500,12.37,12.87,0.918,INR/10g,Dhan API v2 (Client 1112620458)
2026-06-04 13:00,2026-06-04,13,Gold,62360.59,62618.05,257.46,0.4129,-174.85,4530,80604,62500,12.75,13.25,0.9517,INR/10g,Dhan API v2 (Client 1112620458)
2026-06-04 14:00,2026-06-04,14,Gold,62493.11,62715.04,221.92,0.3551,-35.54,12390,79822,62500,12.06,12.56,0.9038,INR/10g,Dhan API v2 (Client 1112620458)
2026-06-04 15:00,2026-06-04,15,Gold,62402.57,62824.71,422.14,0.6765,200.22,4754,80436,62500,12.88,13.38,0.9198,INR/10g,Dhan API v2 (Client 1112620458)
2026-06-04 16:00,2026-06-04,16,Gold,62421.25,62879.01,457.77,0.7334,35.63,10931,80802,62500,12.49,12.99,0.9285,INR/10g,Dhan API v2 (Client 1112620458)
2026-06-04 17:00,2026-06-04,17,Gold,62349.33,62866.68,517.35,0.8298,59.58,9477,81545,62500,12.87,13.37,0.9533,INR/10g,Dhan API v2 (Client 1112620458)
2026-06-04 18:00,2026-06-04,18,Gold,62216.05,62562.39,346.34,0.5567,-171.01,2836,79801,62000,12.28,12.78,0.8962,INR/10g,Dhan API v2 (Client 1112620458)
2026-06-04 19:00,2026-06-04,19,Gold,62384.01,62608.82,224.8,0.3604,-121.54,4862,78994,62500,12.37,12.87,0.9475,INR/10g,Dhan API v2 (Client 1112620458)
2026-06-04 20:00,2026-06-04,20,Gold,62254.28,62616.06,361.77,0.5811,136.97,11459,80680,62500,12.82,13.32,0.8971,INR/10g,Dhan API v2 (Client 1112620458)
2026-06-04 21:00,2026-06-04,21,Gold,62166.05,62443.66,277.62,0.4466,-84.15,2130,77323,62000,12.13,12.63,0.9421,INR/10g,Dhan API v2 (Client 1112620458)
2026-06-04 22:00,2026-06-04,22,Gold,62060.95,62286.23,225.28,0.363,-52.34,1184,77651,62000,12.63,13.13,0.9328,INR/10g,Dhan API v2 (Client 1112620458)
2026-06-04 23:00,2026-06-04,23,Gold,62173.92,62377.18,203.26,0.3269,-22.02,5851,79434,62000,12.63,13.13,0.8868,INR/10g,Dhan API v2 (Client 1112620458)
2026-06-05 09:00,2026-06-05,9,Gold,62085.21,62545.13,459.92,0.7408,256.66,1364,80570,62000,13.03,13.53,0.9328,INR/10g,Dhan API v2 (Client 1112620458)
2026-06-05 10:00,2026-06-05,10,Gold,62194.71,62419.0,224.29,0.3606,-235.63,2802,78725,62000,12.77,13.27,0.9006,INR/10g,Dhan API v2 (Client 1112620458)
2026-06-05 11:00,2026-06-05,11,Gold,62164.44,62420.15,255.71,0.4113,31.42,14662,78635,62000,13.63,14.13,0.9406,INR/10g,Dhan API v2 (Client 1112620458)
2026-06-05 12:00,2026-06-05,12,Gold,61821.19,62099.13,277.94,0.4496,22.23,13397,77541,62000,12.55,13.05,0.9294,INR/10g,Dhan API v2 (Client 1112620458)
2026-06-05 13:00,2026-06-05,13,Gold,61681.9,62097.06,415.17,0.6731,137.23,4678,81506,61500,12.43,12.93,0.9219,INR/10g,Dhan API v2 (Client 1112620458)
2026-06-05 14:00,2026-06-05,14,Gold,61897.25,62187.86,290.61,0.4695,-124.56,1595,81516,62000,12.5,13.0,0.9311,INR/10g,Dhan API v2 (Client 1112620458)
2026-06-05 15:00,2026-06-05,15,Gold,61934.73,62353.07,418.34,0.6755,127.73,2441,78704,62000,13.03,13.53,0.9219,INR/10g,Dhan API v2 (Client 1112620458)
2026-06-05 16:00,2026-06-05,16,Gold,62020.18,62215.8,195.62,0.3154,-222.72,2901,79189,62000,12.13,12.63,0.9491,INR/10g,Dhan API v2 (Client 1112620458)
2026-06-05 17:00,2026-06-05,17,Gold,61898.49,62126.59,228.1,0.3685,32.48,4465,78552,62000,12.69,13.19,0.9529,INR/10g,Dhan API v2 (Client 1112620458)
2026-06-05 18:00,2026-06-05,18,Gold,61832.51,62310.62,478.11,0.7732,250.01,6841,78675,62000,12.67,13.17,0.8814,INR/10g,Dhan API v2 (Client 1112620458)
2026-06-05 19:00,2026-06-05,19,Gold,61756.82,62347.51,590.69,0.9565,112.58,9907,81836,62000,12.72,13.22,0.9136,INR/10g,Dhan API v2 (Client 1112620458)
2026-06-05 20:00,2026-06-05,20,Gold,61655.76,61858.01,202.25,0.328,-388.44,925,79651,61500,12.34,12.84,0.9405,INR/10g,Dhan API v2 (Client 1112620458)
2026-06-05 21:00,2026-06-05,21,Gold,61986.79,62440.11,453.32,0.7313,251.07,9738,78212,62000,12.66,13.16,0.9534,INR/10g,Dhan API v2 (Client 1112620458)
2026-06-05 22:00,2026-06-05,22,Gold,61722.58,62029.19,306.61,0.4967,-146.71,8786,78764,61500,12.57,13.07,0.919,INR/10g,Dhan API v2 (Client 1112620458)
2026-06-05 23:00,2026-06-05,23,Gold,61571.2,62051.69,480.49,0.7804,173.88,4159,80211,61500,12.53,13.03,0.9029,INR/10g,Dhan API v2 (Client 1112620458)
2026-06-08 09:00,2026-06-08,9,Gold,61724.59,61981.87,257.28,0.4168,-223.21,3182,80216,61500,12.96,13.46,0.902,INR/10g,Dhan API v2 (Client 1112620458)
2026-06-08 10:00,2026-06-08,10,Gold,61876.86,62334.64,457.79,0.7398,200.51,859,81185,62000,12.82,13.32,0.8954,INR/10g,Dhan API v2 (Client 1112620458)
2026-06-08 11:00,2026-06-08,11,Gold,62211.83,62658.98,447.15,0.7188,-10.64,11683,79718,62000,12.76,13.26,0.8972,INR/10g,Dhan API v2 (Client 1112620458)
2026-06-08 12:00,2026-06-08,12,Gold,62104.46,62404.61,300.16,0.4833,-146.99,7131,80062,62000,13.01,13.51,0.9648,INR/10g,Dhan API v2 (Client 1112620458)
2026-06-08 13:00,2026-06-08,13,Gold,61890.58,62169.76,279.18,0.4511,-20.98,4180,79820,62000,12.27,12.77,0.8843,INR/10g,Dhan API v2 (Client 1112620458)
2026-06-08 14:00,2026-06-08,14,Gold,61542.68,61848.23,305.54,0.4965,26.36,10067,79367,61500,12.61,13.11,0.9111,INR/10g,Dhan API v2 (Client 1112620458)
2026-06-08 15:00,2026-06-08,15,Gold,61570.46,61767.22,196.76,0.3196,-108.78,11577,79641,61500,12.33,12.83,0.9346,INR/10g,Dhan API v2 (Client 1112620458)
2026-06-08 16:00,2026-06-08,16,Gold,61826.01,62154.14,328.13,0.5307,131.37,9457,80291,62000,12.42,12.92,0.9257,INR/10g,Dhan API v2 (Client 1112620458)
2026-06-08 17:00,2026-06-08,17,Gold,61763.24,62056.58,293.35,0.475,-34.78,6052,78976,62000,12.3,12.8,0.9438,INR/10g,Dhan API v2 (Client 1112620458)
2026-06-08 18:00,2026-06-08,18,Gold,61932.98,62306.28,373.3,0.6028,79.95,11248,80393,62000,12.76,13.26,0.9336,INR/10g,Dhan API v2 (Client 1112620458)
2026-06-08 19:00,2026-06-08,19,Gold,61916.93,62220.62,303.69,0.4905,-69.61,8338,80351,62000,13.08,13.58,0.9095,INR/10g,Dhan API v2 (Client 1112620458)
2026-06-08 20:00,2026-06-08,20,Gold,62072.54,62423.5,350.96,0.5654,47.27,11467,80101,62000,12.4,12.9,0.9704,INR/10g,Dhan API v2 (Client 1112620458)
2026-06-08 21:00,2026-06-08,21,Gold,62257.86,62629.43,371.57,0.5968,20.61,9831,79060,62500,12.25,12.75,0.922,INR/10g,Dhan API v2 (Client 1112620458)
2026-06-08 22:00,2026-06-08,22,Gold,62160.6,62437.99,277.39,0.4462,-94.18,11489,79200,62000,12.78,13.28,0.9242,INR/10g,Dhan API v2 (Client 1112620458)
2026-06-08 23:00,2026-06-08,23,Gold,62377.59,62616.97,239.38,0.3838,-38.01,6790,78767,62500,12.85,13.35,0.9104,INR/10g,Dhan API v2 (Client 1112620458)
2026-06-09 09:00,2026-06-09,9,Gold,62415.28,62669.2,253.91,0.4068,14.53,6980,80423,62500,12.78,13.28,0.9231,INR/10g,Dhan API v2 (Client 1112620458)
2026-06-09 10:00,2026-06-09,10,Gold,62305.72,62653.16,347.43,0.5576,93.52,7829,79693,62500,12.69,13.19,0.8938,INR/10g,Dhan API v2 (Client 1112620458)
2026-06-09 11:00,2026-06-09,11,Gold,62389.16,62708.49,319.34,0.5118,-28.09,5025,79878,62500,12.52,13.02,0.917,INR/10g,Dhan API v2 (Client 1112620458)
2026-06-09 12:00,2026-06-09,12,Gold,62504.53,62797.7,293.17,0.469,-26.17,3697,79355,62500,12.52,13.02,0.9465,INR/10g,Dhan API v2 (Client 1112620458)
2026-06-09 13:00,2026-06-09,13,Gold,62609.56,62854.14,244.58,0.3906,-48.59,11591,79519,62500,12.62,13.12,0.9442,INR/10g,Dhan API v2 (Client 1112620458)
2026-06-09 14:00,2026-06-09,14,Gold,62681.0,63193.19,512.19,0.8171,267.61,9409,80879,62500,12.22,12.72,0.9521,INR/10g,Dhan API v2 (Client 1112620458)
2026-06-09 15:00,2026-06-09,15,Gold,62943.55,63369.39,425.84,0.6765,-86.35,11356,79299,63000,12.17,12.67,0.9145,INR/10g,Dhan API v2 (Client 1112620458)
2026-06-09 16:00,2026-06-09,16,Gold,62930.94,63121.28,190.34,0.3025,-235.5,12748,79410,63000,12.96,13.46,0.8943,INR/10g,Dhan API v2 (Client 1112620458)
2026-06-09 17:00,2026-06-09,17,Gold,62970.59,63247.64,277.05,0.44,86.71,12199,78974,63000,12.12,12.62,0.9034,INR/10g,Dhan API v2 (Client 1112620458)
2026-06-09 18:00,2026-06-09,18,Gold,62902.9,63006.28,103.39,0.1644,-173.66,13210,79648,63000,12.99,13.49,0.8896,INR/10g,Dhan API v2 (Client 1112620458)
2026-06-09 19:00,2026-06-09,19,Gold,62821.87,63166.47,344.6,0.5485,241.21,1869,78342,63000,12.53,13.03,0.9245,INR/10g,Dhan API v2 (Client 1112620458)
2026-06-09 20:00,2026-06-09,20,Gold,62853.71,63211.18,357.46,0.5687,12.86,12450,79385,63000,12.74,13.24,0.9561,INR/10g,Dhan API v2 (Client 1112620458)
2026-06-09 21:00,2026-06-09,21,Gold,63211.97,63612.37,400.4,0.6334,42.94,941,79385,63000,12.53,13.03,0.9217,INR/10g,Dhan API v2 (Client 1112620458)
2026-06-09 22:00,2026-06-09,22,Gold,63176.71,63370.14,193.43,0.3062,-206.97,4703,80698,63000,12.57,13.07,0.8895,INR/10g,Dhan API v2 (Client 1112620458)
2026-06-09 23:00,2026-06-09,23,Gold,62953.44,63152.19,198.75,0.3157,5.32,12463,79609,63000,12.72,13.22,0.9205,INR/10g,Dhan API v2 (Client 1112620458)
2026-06-10 09:00,2026-06-10,9,Gold,63065.9,63269.68,203.79,0.3231,5.04,12465,81950,63000,12.7,13.2,0.9416,INR/10g,Dhan API v2 (Client 1112620458)
2026-06-10 10:00,2026-06-10,10,Gold,63135.22,63565.55,430.32,0.6816,226.53,10272,79780,63000,12.5,13.0,0.9253,INR/10g,Dhan API v2 (Client 1112620458)
2026-06-10 11:00,2026-06-10,11,Gold,63311.29,63661.22,349.93,0.5527,-80.39,6140,77846,63500,12.5,13.0,0.9233,INR/10g,Dhan API v2 (Client 1112620458)
2026-06-10 12:00,2026-06-10,12,Gold,63250.87,63508.87,258.0,0.4079,-91.93,5128,80248,63500,12.71,13.21,0.9161,INR/10g,Dhan API v2 (Client 1112620458)
2026-06-10 13:00,2026-06-10,13,Gold,63099.49,63434.46,334.97,0.5309,76.97,4959,78920,63000,12.89,13.39,0.9249,INR/10g,Dhan API v2 (Client 1112620458)
2026-06-10 14:00,2026-06-10,14,Gold,62930.37,63137.73,207.36,0.3295,-127.61,9583,79948,63000,12.82,13.32,0.9023,INR/10g,Dhan API v2 (Client 1112620458)
2026-06-10 15:00,2026-06-10,15,Gold,62758.62,63132.99,374.37,0.5965,167.01,3226,81560,63000,12.9,13.4,0.9115,INR/10g,Dhan API v2 (Client 1112620458)
2026-06-10 16:00,2026-06-10,16,Gold,62779.47,63024.59,245.12,0.3904,-129.25,9907,81243,63000,12.08,12.58,0.931,INR/10g,Dhan API v2 (Client 1112620458)
2026-06-10 17:00,2026-06-10,17,Gold,62480.76,62665.54,184.78,0.2957,-60.34,7465,78166,62500,12.59,13.09,0.9369,INR/10g,Dhan API v2 (Client 1112620458)
2026-06-10 18:00,2026-06-10,18,Gold,62215.69,62595.33,379.64,0.6102,194.86,12652,78871,62000,12.58,13.08,0.9095,INR/10g,Dhan API v2 (Client 1112620458)
2026-06-10 19:00,2026-06-10,19,Gold,62284.9,62670.35,385.45,0.6189,5.81,8114,78563,62500,12.14,12.64,0.924,INR/10g,Dhan API v2 (Client 1112620458)
2026-06-10 20:00,2026-06-10,20,Gold,62349.12,62652.5,303.37,0.4866,-82.08,5576,78583,62500,12.38,12.88,0.9305,INR/10g,Dhan API v2 (Client 1112620458)
2026-06-10 21:00,2026-06-10,21,Gold,62206.42,62504.46,298.04,0.4791,-5.33,12668,79733,62000,12.32,12.82,0.9104,INR/10g,Dhan API v2 (Client 1112620458)
2026-06-10 22:00,2026-06-10,22,Gold,62347.52,62655.99,308.47,0.4948,10.43,6417,80502,62500,12.44,12.94,0.9324,INR/10g,Dhan API v2 (Client 1112620458)
2026-06-10 23:00,2026-06-10,23,Gold,62610.59,63008.73,398.13,0.6359,89.66,14306,77444,62500,12.6,13.1,0.9525,INR/10g,Dhan API v2 (Client 1112620458)
2026-06-11 09:00,2026-06-11,9,Gold,62716.68,63013.09,296.41,0.4726,-101.72,1973,79488,62500,12.73,13.23,0.9127,INR/10g,Dhan API v2 (Client 1112620458)
2026-06-11 10:00,2026-06-11,10,Gold,62584.0,62879.78,295.78,0.4726,-0.63,8301,79061,62500,12.62,13.12,0.9506,INR/10g,Dhan API v2 (Client 1112620458)
2026-06-11 11:00,2026-06-11,11,Gold,62696.09,62993.57,297.48,0.4745,1.7,922,79012,62500,12.68,13.18,0.9052,INR/10g,Dhan API v2 (Client 1112620458)
2026-06-11 12:00,2026-06-11,12,Gold,62941.32,63293.39,352.07,0.5594,54.59,5427,80216,63000,12.82,13.32,0.8894,INR/10g,Dhan API v2 (Client 1112620458)
2026-06-11 13:00,2026-06-11,13,Gold,62986.12,63306.92,320.8,0.5093,-31.27,1124,78688,63000,12.67,13.17,0.9341,INR/10g,Dhan API v2 (Client 1112620458)
2026-06-11 14:00,2026-06-11,14,Gold,62902.82,63090.92,188.1,0.299,-132.7,10881,80158,63000,12.68,13.18,0.9319,INR/10g,Dhan API v2 (Client 1112620458)
2026-06-11 15:00,2026-06-11,15,Gold,62822.19,63046.3,224.11,0.3567,36.01,8851,78815,63000,12.89,13.39,0.9327,INR/10g,Dhan API v2 (Client 1112620458)
2026-06-11 16:00,2026-06-11,16,Gold,62986.86,63238.72,251.86,0.3999,27.75,2775,80947,63000,12.28,12.78,0.9047,INR/10g,Dhan API v2 (Client 1112620458)
2026-06-11 17:00,2026-06-11,17,Gold,63008.19,63138.39,130.2,0.2066,-121.66,12254,79328,63000,12.88,13.38,0.8848,INR/10g,Dhan API v2 (Client 1112620458)
2026-06-11 18:00,2026-06-11,18,Gold,63022.05,63242.27,220.22,0.3494,90.02,14341,80534,63000,12.84,13.34,0.91,INR/10g,Dhan API v2 (Client 1112620458)
2026-06-11 19:00,2026-06-11,19,Gold,62822.54,63032.16,209.62,0.3337,-10.6,14004,80031,63000,11.88,12.38,0.9089,INR/10g,Dhan API v2 (Client 1112620458)
2026-06-11 20:00,2026-06-11,20,Gold,63021.42,63200.64,179.23,0.2844,-30.39,14576,79129,63000,12.68,13.18,0.9049,INR/10g,Dhan API v2 (Client 1112620458)
2026-06-11 21:00,2026-06-11,21,Gold,62980.74,63210.83,230.09,0.3653,50.86,13971,79292,63000,12.69,13.19,0.9484,INR/10g,Dhan API v2 (Client 1112620458)
2026-06-11 22:00,2026-06-11,22,Gold,63162.99,63543.73,380.74,0.6028,150.65,14058,79666,63000,12.54,13.04,0.904,INR/10g,Dhan API v2 (Client 1112620458)
2026-06-11 23:00,2026-06-11,23,Gold,63201.83,63534.08,332.25,0.5257,-48.49,13243,79030,63000,12.39,12.89,0.8966,INR/10g,Dhan API v2 (Client 1112620458)
2026-06-12 09:00,2026-06-12,9,Gold,63233.19,63590.12,356.93,0.5645,24.68,14172,78984,63000,12.81,13.31,0.9365,INR/10g,Dhan API v2 (Client 1112620458)
2026-06-12 10:00,2026-06-12,10,Gold,63276.29,63570.64,294.35,0.4652,-62.58,9703,78248,63500,12.89,13.39,0.8548,INR/10g,Dhan API v2 (Client 1112620458)
2026-06-12 11:00,2026-06-12,11,Gold,63111.41,63401.93,290.52,0.4603,-3.83,7443,77657,63000,12.29,12.79,0.9347,INR/10g,Dhan API v2 (Client 1112620458)
2026-06-12 12:00,2026-06-12,12,Gold,63404.03,63650.61,246.57,0.3889,-43.95,10542,79046,63500,12.53,13.03,0.9096,INR/10g,Dhan API v2 (Client 1112620458)
2026-06-12 13:00,2026-06-12,13,Gold,63169.21,63381.62,212.41,0.3363,-34.16,9440,78661,63000,12.84,13.34,0.9409,INR/10g,Dhan API v2 (Client 1112620458)
2026-06-12 14:00,2026-06-12,14,Gold,63173.76,63546.95,373.19,0.5907,160.78,5146,79706,63000,12.43,12.93,0.931,INR/10g,Dhan API v2 (Client 1112620458)
2026-06-12 15:00,2026-06-12,15,Gold,63107.63,63253.49,145.87,0.2311,-227.32,12838,79615,63000,12.1,12.6,0.9595,INR/10g,Dhan API v2 (Client 1112620458)
2026-06-12 16:00,2026-06-12,16,Gold,63009.71,63232.9,223.19,0.3542,77.32,1738,79024,63000,12.78,13.28,0.903,INR/10g,Dhan API v2 (Client 1112620458)
2026-06-12 17:00,2026-06-12,17,Gold,63031.54,63227.68,196.14,0.3112,-27.05,6941,78835,63000,12.99,13.49,0.9449,INR/10g,Dhan API v2 (Client 1112620458)
2026-06-12 18:00,2026-06-12,18,Gold,63032.88,63203.0,170.12,0.2699,-26.02,7075,79260,63000,12.88,13.38,0.9049,INR/10g,Dhan API v2 (Client 1112620458)
2026-06-12 19:00,2026-06-12,19,Gold,63092.42,63288.14,195.72,0.3102,25.6,13569,79052,63000,12.44,12.94,0.9358,INR/10g,Dhan API v2 (Client 1112620458)
2026-06-12 20:00,2026-06-12,20,Gold,63088.11,63449.17,361.06,0.5723,165.34,1328,78915,63000,12.82,13.32,0.8783,INR/10g,Dhan API v2 (Client 1112620458)
2026-06-12 21:00,2026-06-12,21,Gold,63212.97,63603.4,390.42,0.6176,29.36,12496,79005,63000,12.0,12.5,0.8806,INR/10g,Dhan API v2 (Client 1112620458)
2026-06-12 22:00,2026-06-12,22,Gold,63237.3,63470.94,233.64,0.3695,-156.78,10636,78563,63000,12.37,12.87,0.9024,INR/10g,Dhan API v2 (Client 1112620458)
2026-06-12 23:00,2026-06-12,23,Gold,63188.81,63474.57,285.76,0.4522,52.12,4040,78950,63000,12.72,13.22,0.9018,INR/10g,Dhan API v2 (Client 1112620458)
2026-06-15 09:00,2026-06-15,9,Gold,63037.47,63262.89,225.43,0.3576,-60.33,2022,79557,63000,12.32,12.82,0.8933,INR/10g,Dhan API v2 (Client 1112620458)
2026-06-15 10:00,2026-06-15,10,Gold,62957.44,63149.42,191.98,0.3049,-33.45,8140,77686,63000,12.67,13.17,0.8938,INR/10g,Dhan API v2 (Client 1112620458)
2026-06-15 11:00,2026-06-15,11,Gold,63000.79,63220.96,220.16,0.3495,28.18,13281,78935,63000,13.36,13.86,0.9052,INR/10g,Dhan API v2 (Client 1112620458)
2026-06-15 12:00,2026-06-15,12,Gold,62948.28,63456.23,507.95,0.8069,287.79,4641,79683,63000,12.71,13.21,0.91,INR/10g,Dhan API v2 (Client 1112620458)
2026-06-15 13:00,2026-06-15,13,Gold,62774.55,63001.29,226.74,0.3612,-281.21,4961,80305,63000,12.32,12.82,0.9045,INR/10g,Dhan API v2 (Client 1112620458)
2026-06-15 14:00,2026-06-15,14,Gold,62772.71,63106.36,333.64,0.5315,106.9,10594,79077,63000,12.62,13.12,0.9357,INR/10g,Dhan API v2 (Client 1112620458)
2026-06-15 15:00,2026-06-15,15,Gold,62632.64,62918.47,285.84,0.4564,-47.8,11977,80010,62500,12.88,13.38,0.8825,INR/10g,Dhan API v2 (Client 1112620458)
2026-06-15 16:00,2026-06-15,16,Gold,62467.14,62666.21,199.07,0.3187,-86.77,1902,80632,62500,12.83,13.33,0.8983,INR/10g,Dhan API v2 (Client 1112620458)
2026-06-15 17:00,2026-06-15,17,Gold,62549.8,62684.3,134.49,0.215,-64.58,9817,81000,62500,12.16,12.66,0.9399,INR/10g,Dhan API v2 (Client 1112620458)
2026-06-15 18:00,2026-06-15,18,Gold,62715.55,62935.64,220.09,0.3509,85.6,14627,78611,62500,12.54,13.04,0.9204,INR/10g,Dhan API v2 (Client 1112620458)
2026-06-15 19:00,2026-06-15,19,Gold,62761.26,63046.22,284.95,0.454,64.86,7666,80407,63000,12.89,13.39,0.9135,INR/10g,Dhan API v2 (Client 1112620458)
2026-06-15 20:00,2026-06-15,20,Gold,62993.23,63102.47,109.24,0.1734,-175.71,11807,79682,63000,12.88,13.38,0.9017,INR/10g,Dhan API v2 (Client 1112620458)
2026-06-15 21:00,2026-06-15,21,Gold,62741.39,62944.81,203.42,0.3242,94.18,5551,79661,62500,12.34,12.84,0.8888,INR/10g,Dhan API v2 (Client 1112620458)
2026-06-15 22:00,2026-06-15,22,Gold,62884.13,63145.98,261.85,0.4164,58.43,5833,78906,63000,12.9,13.4,0.9244,INR/10g,Dhan API v2 (Client 1112620458)
2026-06-15 23:00,2026-06-15,23,Gold,62870.08,63123.68,253.59,0.4034,-8.26,13303,78132,63000,12.12,12.62,0.8868,INR/10g,Dhan API v2 (Client 1112620458)
2026-06-16 09:00,2026-06-16,9,Gold,62986.5,63172.0,185.5,0.2945,-68.09,7163,78922,63000,12.61,13.11,0.8958,INR/10g,Dhan API v2 (Client 1112620458)
2026-06-16 10:00,2026-06-16,10,Gold,62754.18,62977.86,223.69,0.3564,38.19,4954,81408,63000,12.28,12.78,0.92,INR/10g,Dhan API v2 (Client 1112620458)
2026-06-16 11:00,2026-06-16,11,Gold,62554.21,62834.59,280.37,0.4482,56.68,7881,81044,62500,13.15,13.65,0.9408,INR/10g,Dhan API v2 (Client 1112620458)
2026-06-16 12:00,2026-06-16,12,Gold,62279.27,62474.4,195.13,0.3133,-85.24,1340,80434,62500,12.4,12.9,0.9053,INR/10g,Dhan API v2 (Client 1112620458)
2026-06-16 13:00,2026-06-16,13,Gold,62202.97,62427.62,224.66,0.3612,29.53,1398,78781,62000,12.87,13.37,0.9014,INR/10g,Dhan API v2 (Client 1112620458)
2026-06-16 14:00,2026-06-16,14,Gold,61980.02,62269.5,289.48,0.4671,64.82,11455,78358,62000,12.36,12.86,0.9349,INR/10g,Dhan API v2 (Client 1112620458)
2026-06-16 15:00,2026-06-16,15,Gold,62087.98,62326.72,238.74,0.3845,-50.74,8488,78324,62000,12.6,13.1,0.9258,INR/10g,Dhan API v2 (Client 1112620458)
2026-06-16 16:00,2026-06-16,16,Gold,62190.62,62611.8,421.18,0.6772,182.44,2753,79265,62000,12.97,13.47,0.9104,INR/10g,Dhan API v2 (Client 1112620458)
2026-06-16 17:00,2026-06-16,17,Gold,62534.11,62856.61,322.5,0.5157,-98.68,1677,80800,62500,11.83,12.33,0.9177,INR/10g,Dhan API v2 (Client 1112620458)
2026-06-16 18:00,2026-06-16,18,Gold,62457.81,62921.48,463.67,0.7424,141.17,4253,79616,62500,12.68,13.18,0.9352,INR/10g,Dhan API v2 (Client 1112620458)
2026-06-16 19:00,2026-06-16,19,Gold,62457.91,62790.1,332.19,0.5319,-131.48,2754,80496,62500,12.48,12.98,0.9415,INR/10g,Dhan API v2 (Client 1112620458)
2026-06-16 20:00,2026-06-16,20,Gold,62709.18,62890.98,181.8,0.2899,-150.39,13037,80608,62500,12.65,13.15,0.9116,INR/10g,Dhan API v2 (Client 1112620458)
2026-06-16 21:00,2026-06-16,21,Gold,62697.72,62898.66,200.94,0.3205,19.14,1753,79275,62500,12.56,13.06,0.9777,INR/10g,Dhan API v2 (Client 1112620458)
2026-06-16 22:00,2026-06-16,22,Gold,62727.84,62983.2,255.36,0.4071,54.42,3333,80262,62500,11.95,12.45,0.9365,INR/10g,Dhan API v2 (Client 1112620458)
2026-06-16 23:00,2026-06-16,23,Gold,62743.43,62897.89,154.46,0.2462,-100.9,13993,79663,62500,12.34,12.84,0.9324,INR/10g,Dhan API v2 (Client 1112620458)
2026-06-17 09:00,2026-06-17,9,Gold,62729.17,63073.32,344.15,0.5486,189.69,4101,80458,62500,12.26,12.76,0.9397,INR/10g,Dhan API v2 (Client 1112620458)
2026-06-17 10:00,2026-06-17,10,Gold,62808.89,62962.62,153.73,0.2448,-190.42,5149,80840,63000,12.53,13.03,0.9082,INR/10g,Dhan API v2 (Client 1112620458)
2026-06-17 11:00,2026-06-17,11,Gold,62714.87,62897.01,182.15,0.2904,28.42,6829,78671,62500,12.73,13.23,0.891,INR/10g,Dhan API v2 (Client 1112620458)
2026-06-17 12:00,2026-06-17,12,Gold,62821.76,63166.01,344.25,0.548,162.1,11409,80963,63000,12.84,13.34,0.8942,INR/10g,Dhan API v2 (Client 1112620458)
2026-06-17 13:00,2026-06-17,13,Gold,63001.6,63168.88,167.28,0.2655,-176.97,11557,78378,63000,12.45,12.95,0.9224,INR/10g,Dhan API v2 (Client 1112620458)
2026-06-17 14:00,2026-06-17,14,Gold,63008.85,63260.28,251.44,0.399,84.16,11285,80061,63000,12.57,13.07,0.8981,INR/10g,Dhan API v2 (Client 1112620458)
2026-06-17 15:00,2026-06-17,15,Gold,62822.19,63173.72,351.52,0.5596,100.08,6234,78948,63000,12.43,12.93,0.9052,INR/10g,Dhan API v2 (Client 1112620458)
2026-06-17 16:00,2026-06-17,16,Gold,62815.87,62948.59,132.72,0.2113,-218.8,14739,79797,63000,12.61,13.11,0.9129,INR/10g,Dhan API v2 (Client 1112620458)
2026-06-17 17:00,2026-06-17,17,Gold,62576.91,62677.46,100.55,0.1607,-32.17,1265,80287,62500,12.7,13.2,0.934,INR/10g,Dhan API v2 (Client 1112620458)
2026-06-17 18:00,2026-06-17,18,Gold,62547.38,62863.98,316.6,0.5062,216.05,1262,81243,62500,12.56,13.06,0.9056,INR/10g,Dhan API v2 (Client 1112620458)
2026-06-17 19:00,2026-06-17,19,Gold,62558.08,62898.66,340.58,0.5444,23.98,2818,78849,62500,12.51,13.01,0.9115,INR/10g,Dhan API v2 (Client 1112620458)
2026-06-17 20:00,2026-06-17,20,Gold,62849.42,62982.96,133.55,0.2125,-207.03,9606,80864,63000,12.65,13.15,0.9121,INR/10g,Dhan API v2 (Client 1112620458)
2026-06-17 21:00,2026-06-17,21,Gold,62881.35,63027.51,146.16,0.2324,12.61,4731,79708,63000,12.85,13.35,0.8842,INR/10g,Dhan API v2 (Client 1112620458)
2026-06-17 22:00,2026-06-17,22,Gold,63103.68,63366.09,262.41,0.4158,116.25,12009,79776,63000,11.92,12.42,0.9304,INR/10g,Dhan API v2 (Client 1112620458)
2026-06-17 23:00,2026-06-17,23,Gold,63179.23,63433.13,253.91,0.4019,-8.5,12377,78502,63000,12.92,13.42,0.9096,INR/10g,Dhan API v2 (Client 1112620458)
2026-06-18 09:00,2026-06-18,9,Gold,63152.76,63460.13,307.37,0.4867,53.46,7449,79978,63000,12.48,12.98,0.9398,INR/10g,Dhan API v2 (Client 1112620458)
2026-06-18 10:00,2026-06-18,10,Gold,63378.97,63606.1,227.14,0.3584,-80.23,3577,78333,63500,12.8,13.3,0.9221,INR/10g,Dhan API v2 (Client 1112620458)
2026-06-18 11:00,2026-06-18,11,Gold,63618.0,63648.07,30.07,0.0473,-197.07,10663,79199,63500,13.18,13.68,0.9001,INR/10g,Dhan API v2 (Client 1112620458)
2026-06-18 12:00,2026-06-18,12,Gold,63758.42,63961.24,202.82,0.3181,172.75,12369,79090,64000,12.53,13.03,0.931,INR/10g,Dhan API v2 (Client 1112620458)
2026-06-18 13:00,2026-06-18,13,Gold,63509.61,63799.51,289.91,0.4565,87.09,702,79999,63500,12.2,12.7,0.8959,INR/10g,Dhan API v2 (Client 1112620458)
2026-06-18 14:00,2026-06-18,14,Gold,63254.37,63499.58,245.21,0.3877,-44.7,8307,79164,63500,12.62,13.12,0.9111,INR/10g,Dhan API v2 (Client 1112620458)
2026-06-18 15:00,2026-06-18,15,Gold,63218.62,63511.85,293.23,0.4638,48.02,3863,78121,63000,13.16,13.66,0.9399,INR/10g,Dhan API v2 (Client 1112620458)
2026-06-18 16:00,2026-06-18,16,Gold,63443.52,63574.81,131.29,0.2069,-161.94,807,79164,63500,12.81,13.31,0.9211,INR/10g,Dhan API v2 (Client 1112620458)
2026-06-18 17:00,2026-06-18,17,Gold,63503.49,63673.73,170.24,0.2681,38.95,1497,80476,63500,12.64,13.14,0.9466,INR/10g,Dhan API v2 (Client 1112620458)
2026-06-18 18:00,2026-06-18,18,Gold,63352.37,63406.56,54.19,0.0855,-116.05,2285,78427,63500,12.27,12.77,0.9215,INR/10g,Dhan API v2 (Client 1112620458)
2026-06-18 19:00,2026-06-18,19,Gold,63122.72,63265.87,143.15,0.2268,88.96,12251,79341,63000,12.02,12.52,0.8686,INR/10g,Dhan API v2 (Client 1112620458)
2026-06-18 20:00,2026-06-18,20,Gold,63099.18,63345.01,245.84,0.3896,102.69,1102,78790,63000,12.85,13.35,0.9336,INR/10g,Dhan API v2 (Client 1112620458)
2026-06-18 21:00,2026-06-18,21,Gold,62992.19,63338.05,345.86,0.5491,100.02,9613,79533,63000,12.15,12.65,0.9089,INR/10g,Dhan API v2 (Client 1112620458)
2026-06-18 22:00,2026-06-18,22,Gold,62889.31,63095.74,206.43,0.3282,-139.43,7928,80399,63000,12.1,12.6,0.9171,INR/10g,Dhan API v2 (Client 1112620458)
2026-06-18 23:00,2026-06-18,23,Gold,62758.57,62962.07,203.5,0.3243,-2.93,2198,79720,63000,12.79,13.29,0.932,INR/10g,Dhan API v2 (Client 1112620458)
2026-06-19 09:00,2026-06-19,9,Gold,62659.51,62781.74,122.23,0.1951,-81.27,11733,78613,62500,12.86,13.36,0.8881,INR/10g,Dhan API v2 (Client 1112620458)
2026-06-19 10:00,2026-06-19,10,Gold,62588.23,62806.85,218.63,0.3493,96.4,9582,80601,62500,12.63,13.13,0.9216,INR/10g,Dhan API v2 (Client 1112620458)
2026-06-19 11:00,2026-06-19,11,Gold,62388.07,62635.95,247.88,0.3973,29.25,14955,79574,62500,13.04,13.54,0.9142,INR/10g,Dhan API v2 (Client 1112620458)
2026-06-19 12:00,2026-06-19,12,Gold,62248.23,62455.73,207.5,0.3333,-40.38,7659,79432,62000,13.24,13.74,0.8727,INR/10g,Dhan API v2 (Client 1112620458)
2026-06-19 13:00,2026-06-19,13,Gold,62408.1,62581.77,173.67,0.2783,-33.83,1311,78948,62500,12.76,13.26,0.9234,INR/10g,Dhan API v2 (Client 1112620458)
2026-06-19 14:00,2026-06-19,14,Gold,62316.67,62557.89,241.22,0.3871,67.55,5665,79383,62500,13.24,13.74,0.91,INR/10g,Dhan API v2 (Client 1112620458)
2026-06-19 15:00,2026-06-19,15,Gold,62297.46,62517.1,219.64,0.3526,-21.58,13864,78792,62500,12.74,13.24,0.9293,INR/10g,Dhan API v2 (Client 1112620458)
2026-06-19 16:00,2026-06-19,16,Gold,62102.48,62250.19,147.71,0.2378,-71.93,1109,79066,62000,12.2,12.7,0.9407,INR/10g,Dhan API v2 (Client 1112620458)
2026-06-19 17:00,2026-06-19,17,Gold,61979.01,62347.82,368.8,0.595,221.09,3154,79608,62000,12.09,12.59,0.9346,INR/10g,Dhan API v2 (Client 1112620458)
2026-06-19 18:00,2026-06-19,18,Gold,61937.6,62345.38,407.78,0.6584,38.98,8920,79625,62000,12.96,13.46,0.9154,INR/10g,Dhan API v2 (Client 1112620458)
2026-06-19 19:00,2026-06-19,19,Gold,61895.26,62117.86,222.59,0.3596,-185.19,11559,80671,62000,12.97,13.47,0.8632,INR/10g,Dhan API v2 (Client 1112620458)
2026-06-19 20:00,2026-06-19,20,Gold,61699.6,61865.54,165.94,0.2689,-56.65,587,80606,61500,13.14,13.64,0.9099,INR/10g,Dhan API v2 (Client 1112620458)
2026-06-19 21:00,2026-06-19,21,Gold,61539.56,61941.38,401.82,0.6529,235.88,5081,80318,61500,12.89,13.39,0.9371,INR/10g,Dhan API v2 (Client 1112620458)
2026-06-19 22:00,2026-06-19,22,Gold,61612.43,61787.61,175.17,0.2843,-226.65,11879,79915,61500,12.37,12.87,0.8926,INR/10g,Dhan API v2 (Client 1112620458)
2026-06-19 23:00,2026-06-19,23,Gold,61887.57,62138.71,251.14,0.4058,75.97,8547,80322,62000,11.87,12.37,0.9275,INR/10g,Dhan API v2 (Client 1112620458)
2026-06-22 09:00,2026-06-22,9,Gold,61805.63,61883.8,78.17,0.1265,-172.97,3818,79771,62000,13.06,13.56,0.9116,INR/10g,Dhan API v2 (Client 1112620458)
2026-06-22 10:00,2026-06-22,10,Gold,61704.54,61859.03,154.49,0.2504,76.32,12995,78567,61500,12.42,12.92,0.9207,INR/10g,Dhan API v2 (Client 1112620458)
2026-06-22 11:00,2026-06-22,11,Gold,61858.45,62035.7,177.25,0.2865,22.76,1694,78527,62000,12.59,13.09,0.9298,INR/10g,Dhan API v2 (Client 1112620458)
2026-06-22 12:00,2026-06-22,12,Gold,61868.78,62181.46,312.68,0.5054,135.43,6305,79621,62000,11.97,12.47,0.9009,INR/10g,Dhan API v2 (Client 1112620458)
2026-06-22 13:00,2026-06-22,13,Gold,62219.64,62292.38,72.74,0.1169,-239.94,9764,80039,62000,12.58,13.08,0.9396,INR/10g,Dhan API v2 (Client 1112620458)
2026-06-22 14:00,2026-06-22,14,Gold,62206.89,62500.2,293.31,0.4715,220.57,5397,79813,62000,11.84,12.34,0.9244,INR/10g,Dhan API v2 (Client 1112620458)
2026-06-22 15:00,2026-06-22,15,Gold,62318.45,62453.23,134.78,0.2163,-158.53,1613,79414,62500,12.54,13.04,0.9281,INR/10g,Dhan API v2 (Client 1112620458)
2026-06-22 16:00,2026-06-22,16,Gold,62318.78,62502.1,183.32,0.2942,48.54,3081,80563,62500,12.51,13.01,0.9094,INR/10g,Dhan API v2 (Client 1112620458)
2026-06-22 17:00,2026-06-22,17,Gold,62406.55,62519.98,113.43,0.1818,-69.89,10903,79181,62500,12.75,13.25,0.9158,INR/10g,Dhan API v2 (Client 1112620458)
2026-06-22 18:00,2026-06-22,18,Gold,62262.16,62389.14,126.98,0.2039,13.55,10700,79574,62500,12.83,13.33,0.9818,INR/10g,Dhan API v2 (Client 1112620458)
2026-06-22 19:00,2026-06-22,19,Gold,62088.71,62343.61,254.9,0.4105,127.92,14225,78173,62000,12.6,13.1,0.9405,INR/10g,Dhan API v2 (Client 1112620458)
2026-06-22 20:00,2026-06-22,20,Gold,61936.59,62098.14,161.56,0.2608,-93.34,8712,78878,62000,12.68,13.18,0.9547,INR/10g,Dhan API v2 (Client 1112620458)
2026-06-22 21:00,2026-06-22,21,Gold,61705.85,61952.61,246.76,0.3999,85.2,512,77741,61500,12.21,12.71,0.9353,INR/10g,Dhan API v2 (Client 1112620458)
2026-06-22 22:00,2026-06-22,22,Gold,61628.55,61847.5,218.95,0.3553,-27.81,4569,79956,61500,12.39,12.89,0.9149,INR/10g,Dhan API v2 (Client 1112620458)
2026-06-22 23:00,2026-06-22,23,Gold,61856.81,62062.44,205.64,0.3324,-13.31,5599,79423,62000,12.61,13.11,0.9357,INR/10g,Dhan API v2 (Client 1112620458)
2026-06-23 09:00,2026-06-23,9,Gold,61870.09,62093.93,223.84,0.3618,18.2,4622,79570,62000,12.37,12.87,0.9188,INR/10g,Dhan API v2 (Client 1112620458)
2026-06-23 10:00,2026-06-23,10,Gold,61894.4,62032.16,137.75,0.2226,-86.09,1834,79514,62000,13.44,13.94,0.9203,INR/10g,Dhan API v2 (Client 1112620458)
2026-06-23 11:00,2026-06-23,11,Gold,61920.25,62215.75,295.5,0.4772,157.75,6191,78254,62000,13.0,13.5,0.9213,INR/10g,Dhan API v2 (Client 1112620458)
2026-06-23 12:00,2026-06-23,12,Gold,61783.2,62012.56,229.35,0.3712,-66.15,6456,81547,62000,13.38,13.88,0.9213,INR/10g,Dhan API v2 (Client 1112620458)
2026-06-23 13:00,2026-06-23,13,Gold,61964.54,62375.81,411.27,0.6637,181.92,14828,79172,62000,12.34,12.84,0.9363,INR/10g,Dhan API v2 (Client 1112620458)
2026-06-23 14:00,2026-06-23,14,Gold,61920.36,62067.15,146.79,0.2371,-264.48,10772,79535,62000,12.66,13.16,0.9157,INR/10g,Dhan API v2 (Client 1112620458)
2026-06-23 15:00,2026-06-23,15,Gold,61951.77,62130.69,178.92,0.2888,32.13,12948,79626,62000,12.85,13.35,0.907,INR/10g,Dhan API v2 (Client 1112620458)
2026-06-23 16:00,2026-06-23,16,Gold,61802.03,61831.75,29.72,0.0481,-149.2,929,78899,62000,12.7,13.2,0.898,INR/10g,Dhan API v2 (Client 1112620458)
2026-06-23 17:00,2026-06-23,17,Gold,61836.0,62086.57,250.57,0.4052,220.85,1668,80962,62000,12.12,12.62,0.929,INR/10g,Dhan API v2 (Client 1112620458)
2026-06-23 18:00,2026-06-23,18,Gold,61805.74,62051.19,245.45,0.3971,-5.12,10476,80578,62000,12.39,12.89,0.9289,INR/10g,Dhan API v2 (Client 1112620458)
2026-06-23 19:00,2026-06-23,19,Gold,61814.18,61868.66,54.48,0.0881,-190.97,4804,78187,62000,12.89,13.39,0.9011,INR/10g,Dhan API v2 (Client 1112620458)
2026-06-23 20:00,2026-06-23,20,Gold,61896.29,61929.62,33.33,0.0538,-21.15,8793,78864,62000,13.03,13.53,0.907,INR/10g,Dhan API v2 (Client 1112620458)
2026-06-23 21:00,2026-06-23,21,Gold,61965.61,62162.48,196.87,0.3177,163.54,14359,78797,62000,12.53,13.03,0.9141,INR/10g,Dhan API v2 (Client 1112620458)
2026-06-23 22:00,2026-06-23,22,Gold,61984.02,62330.12,346.09,0.5584,149.22,14110,79058,62000,12.21,12.71,0.9569,INR/10g,Dhan API v2 (Client 1112620458)
2026-06-23 23:00,2026-06-23,23,Gold,61869.02,62093.31,224.29,0.3625,-121.8,12602,80762,62000,12.18,12.68,0.9366,INR/10g,Dhan API v2 (Client 1112620458)
2026-06-24 09:00,2026-06-24,9,Gold,61755.39,62164.68,409.29,0.6628,185.0,6063,80391,62000,12.82,13.32,0.9135,INR/10g,Dhan API v2 (Client 1112620458)
2026-06-24 10:00,2026-06-24,10,Gold,61780.38,61934.78,154.41,0.2499,-254.88,12051,79119,62000,12.52,13.02,0.9224,INR/10g,Dhan API v2 (Client 1112620458)
2026-06-24 11:00,2026-06-24,11,Gold,61702.55,62022.48,319.93,0.5185,165.52,3555,79400,61500,12.21,12.71,0.912,INR/10g,Dhan API v2 (Client 1112620458)
2026-06-24 12:00,2026-06-24,12,Gold,61735.48,61956.96,221.48,0.3588,-98.45,3338,79049,61500,12.42,12.92,0.9133,INR/10g,Dhan API v2 (Client 1112620458)
2026-06-24 13:00,2026-06-24,13,Gold,61560.77,61654.08,93.32,0.1516,-128.16,8183,79879,61500,12.67,13.17,0.9004,INR/10g,Dhan API v2 (Client 1112620458)
2026-06-24 14:00,2026-06-24,14,Gold,61624.68,61795.26,170.58,0.2768,77.26,8550,79683,61500,12.23,12.73,0.9183,INR/10g,Dhan API v2 (Client 1112620458)
2026-06-24 15:00,2026-06-24,15,Gold,61488.14,61566.49,78.35,0.1274,-92.23,12816,79242,61500,13.16,13.66,0.9132,INR/10g,Dhan API v2 (Client 1112620458)
2026-06-24 16:00,2026-06-24,16,Gold,61447.13,61521.99,74.86,0.1218,-3.49,12958,78307,61500,12.49,12.99,0.8882,INR/10g,Dhan API v2 (Client 1112620458)
2026-06-24 17:00,2026-06-24,17,Gold,61345.8,61547.96,202.16,0.3295,127.3,14576,80095,61500,12.48,12.98,0.9089,INR/10g,Dhan API v2 (Client 1112620458)
2026-06-24 18:00,2026-06-24,18,Gold,61307.12,61403.97,96.85,0.158,-105.31,5664,79326,61500,12.76,13.26,0.909,INR/10g,Dhan API v2 (Client 1112620458)
2026-06-24 19:00,2026-06-24,19,Gold,61155.58,61422.35,266.76,0.4362,169.91,9918,79691,61000,12.72,13.22,0.8754,INR/10g,Dhan API v2 (Client 1112620458)
2026-06-24 20:00,2026-06-24,20,Gold,61110.16,61250.62,140.46,0.2298,-126.3,1602,80010,61000,12.87,13.37,0.9372,INR/10g,Dhan API v2 (Client 1112620458)
2026-06-24 21:00,2026-06-24,21,Gold,61197.9,61353.6,155.7,0.2544,15.24,976,80015,61000,12.67,13.17,0.9199,INR/10g,Dhan API v2 (Client 1112620458)
2026-06-24 22:00,2026-06-24,22,Gold,61253.38,61332.29,78.91,0.1288,-76.79,14940,79890,61500,12.63,13.13,0.9184,INR/10g,Dhan API v2 (Client 1112620458)
2026-06-24 23:00,2026-06-24,23,Gold,61003.29,61070.75,67.46,0.1106,-11.45,14149,79696,61000,12.85,13.35,0.8783,INR/10g,Dhan API v2 (Client 1112620458)
2026-06-25 09:00,2026-06-25,9,Gold,60803.14,60860.42,57.29,0.0942,-10.17,7885,79127,61000,12.14,12.64,0.9143,INR/10g,Dhan API v2 (Client 1112620458)
2026-06-25 10:00,2026-06-25,10,Gold,60798.76,60894.0,95.25,0.1567,37.96,13366,79154,61000,12.84,13.34,0.8979,INR/10g,Dhan API v2 (Client 1112620458)
2026-06-25 11:00,2026-06-25,11,Gold,60686.53,60774.65,88.12,0.1452,-7.13,6236,79408,60500,12.65,13.15,0.8995,INR/10g,Dhan API v2 (Client 1112620458)
2026-06-25 12:00,2026-06-25,12,Gold,60669.63,60880.29,210.66,0.3472,122.54,5882,79798,60500,13.19,13.69,0.9471,INR/10g,Dhan API v2 (Client 1112620458)
2026-06-25 13:00,2026-06-25,13,Gold,60608.32,60912.88,304.57,0.5025,93.91,8319,81840,60500,12.54,13.04,0.9675,INR/10g,Dhan API v2 (Client 1112620458)
2026-06-25 14:00,2026-06-25,14,Gold,60660.63,60807.43,146.79,0.242,-157.78,11851,79594,60500,11.28,11.78,0.916,INR/10g,Dhan API v2 (Client 1112620458)
2026-06-25 15:00,2026-06-25,15,Gold,60764.12,60939.79,175.67,0.2891,28.88,775,78259,61000,12.42,12.92,0.9176,INR/10g,Dhan API v2 (Client 1112620458)
2026-06-25 16:00,2026-06-25,16,Gold,60887.12,61037.37,150.24,0.2468,-25.43,9336,78888,61000,12.79,13.29,0.9055,INR/10g,Dhan API v2 (Client 1112620458)
2026-06-25 17:00,2026-06-25,17,Gold,60970.53,61184.32,213.79,0.3506,63.55,5431,79464,61000,12.44,12.94,0.955,INR/10g,Dhan API v2 (Client 1112620458)
2026-06-25 18:00,2026-06-25,18,Gold,60996.95,61213.89,216.94,0.3557,3.15,10613,77662,61000,12.39,12.89,0.9271,INR/10g,Dhan API v2 (Client 1112620458)
2026-06-25 19:00,2026-06-25,19,Gold,60853.28,60877.44,24.16,0.0397,-192.78,11144,78435,61000,12.91,13.41,0.934,INR/10g,Dhan API v2 (Client 1112620458)
2026-06-25 20:00,2026-06-25,20,Gold,60842.35,60960.85,118.5,0.1948,94.34,14886,78865,61000,12.65,13.15,0.9595,INR/10g,Dhan API v2 (Client 1112620458)
2026-06-25 21:00,2026-06-25,21,Gold,60967.46,61222.36,254.9,0.4181,136.4,2076,79752,61000,13.14,13.64,0.9316,INR/10g,Dhan API v2 (Client 1112620458)
2026-06-25 22:00,2026-06-25,22,Gold,60984.43,60995.37,10.94,0.0179,-243.96,5479,80089,61000,12.69,13.19,0.9168,INR/10g,Dhan API v2 (Client 1112620458)
2026-06-25 23:00,2026-06-25,23,Gold,60911.53,61112.46,200.93,0.3299,189.99,12162,79127,61000,12.59,13.09,0.9053,INR/10g,Dhan API v2 (Client 1112620458)
2026-06-26 09:00,2026-06-26,9,Gold,60991.83,61156.7,164.87,0.2703,-36.06,3460,79128,61000,12.55,13.05,0.8884,INR/10g,Dhan API v2 (Client 1112620458)
2026-06-26 10:00,2026-06-26,10,Gold,61072.7,61363.07,290.37,0.4754,125.5,14056,79272,61000,13.03,13.53,0.9307,INR/10g,Dhan API v2 (Client 1112620458)
2026-06-26 11:00,2026-06-26,11,Gold,60991.22,61242.09,250.87,0.4113,-39.5,4032,79244,61000,12.79,13.29,0.9067,INR/10g,Dhan API v2 (Client 1112620458)
2026-06-26 12:00,2026-06-26,12,Gold,61148.04,61349.68,201.64,0.3298,-49.23,9330,79618,61000,12.49,12.99,0.9319,INR/10g,Dhan API v2 (Client 1112620458)
2026-06-26 13:00,2026-06-26,13,Gold,61365.97,61366.15,0.18,0.0003,-201.46,11533,79509,61500,12.11,12.61,0.9321,INR/10g,Dhan API v2 (Client 1112620458)
2026-06-26 14:00,2026-06-26,14,Gold,61553.15,61637.2,84.05,0.1365,83.87,11265,78936,61500,12.61,13.11,0.9174,INR/10g,Dhan API v2 (Client 1112620458)
2026-06-26 15:00,2026-06-26,15,Gold,61700.81,61840.8,140.0,0.2269,55.95,13539,81392,61500,12.63,13.13,0.9229,INR/10g,Dhan API v2 (Client 1112620458)
2026-06-26 16:00,2026-06-26,16,Gold,61866.61,61957.19,90.58,0.1464,-49.42,3484,80448,62000,12.22,12.72,0.9402,INR/10g,Dhan API v2 (Client 1112620458)
2026-06-26 17:00,2026-06-26,17,Gold,61865.65,62012.68,147.04,0.2377,56.46,4282,80025,62000,12.39,12.89,0.9381,INR/10g,Dhan API v2 (Client 1112620458)
2026-06-26 18:00,2026-06-26,18,Gold,61757.05,61787.64,30.6,0.0495,-116.44,10441,78513,62000,12.61,13.11,0.9125,INR/10g,Dhan API v2 (Client 1112620458)
2026-06-26 19:00,2026-06-26,19,Gold,61667.96,61913.66,245.7,0.3984,215.1,9662,79854,61500,12.31,12.81,0.8899,INR/10g,Dhan API v2 (Client 1112620458)
2026-06-26 20:00,2026-06-26,20,Gold,61759.43,61872.22,112.78,0.1826,-132.92,5614,79051,62000,13.05,13.55,0.9083,INR/10g,Dhan API v2 (Client 1112620458)
2026-06-26 21:00,2026-06-26,21,Gold,61912.27,62141.09,228.82,0.3696,116.04,3612,79720,62000,11.85,12.35,0.8971,INR/10g,Dhan API v2 (Client 1112620458)
2026-06-26 22:00,2026-06-26,22,Gold,62117.97,62252.92,134.95,0.2173,-93.87,13087,79173,62000,12.38,12.88,0.9537,INR/10g,Dhan API v2 (Client 1112620458)
2026-06-26 23:00,2026-06-26,23,Gold,62086.99,62325.54,238.55,0.3842,103.6,731,80244,62000,12.33,12.83,0.9241,INR/10g,Dhan API v2 (Client 1112620458)
2026-06-29 09:00,2026-06-29,9,Gold,62302.55,62411.76,109.21,0.1753,-129.34,7014,78040,62500,13.14,13.64,0.9137,INR/10g,Dhan API v2 (Client 1112620458)
2026-06-29 10:00,2026-06-29,10,Gold,62264.74,62389.16,124.42,0.1998,15.21,4361,80215,62500,13.01,13.51,0.9437,INR/10g,Dhan API v2 (Client 1112620458)
2026-06-29 11:00,2026-06-29,11,Gold,62278.51,62455.25,176.73,0.2838,52.31,4260,80547,62500,12.68,13.18,0.9314,INR/10g,Dhan API v2 (Client 1112620458)
2026-06-29 12:00,2026-06-29,12,Gold,62241.45,62442.45,201.01,0.3229,24.28,11795,80127,62000,12.04,12.54,0.9088,INR/10g,Dhan API v2 (Client 1112620458)
2026-06-29 13:00,2026-06-29,13,Gold,62360.03,62550.36,190.33,0.3052,-10.68,634,78309,62500,12.99,13.49,0.9098,INR/10g,Dhan API v2 (Client 1112620458)
2026-06-29 14:00,2026-06-29,14,Gold,62749.89,62812.02,62.13,0.099,-128.2,1598,78737,62500,12.41,12.91,0.9427,INR/10g,Dhan API v2 (Client 1112620458)
2026-06-29 15:00,2026-06-29,15,Gold,62710.8,62921.5,210.7,0.336,148.57,11037,78920,62500,12.72,13.22,0.9054,INR/10g,Dhan API v2 (Client 1112620458)
2026-06-29 16:00,2026-06-29,16,Gold,62734.35,62897.25,162.9,0.2597,-47.8,2662,78284,62500,12.46,12.96,0.9197,INR/10g,Dhan API v2 (Client 1112620458)
2026-06-29 17:00,2026-06-29,17,Gold,62794.94,63026.07,231.14,0.3681,68.24,14833,78017,63000,12.5,13.0,0.8824,INR/10g,Dhan API v2 (Client 1112620458)
2026-06-29 18:00,2026-06-29,18,Gold,62669.94,62769.26,99.32,0.1585,-131.82,11616,79429,62500,12.53,13.03,0.9276,INR/10g,Dhan API v2 (Client 1112620458)
2026-06-29 19:00,2026-06-29,19,Gold,62692.47,62877.18,184.71,0.2946,85.39,8352,78422,62500,12.22,12.72,0.9174,INR/10g,Dhan API v2 (Client 1112620458)
2026-06-29 20:00,2026-06-29,20,Gold,62514.8,62620.34,105.54,0.1688,-79.17,11783,77992,62500,12.79,13.29,0.925,INR/10g,Dhan API v2 (Client 1112620458)
2026-06-29 21:00,2026-06-29,21,Gold,62406.96,62472.9,65.94,0.1057,-39.6,12884,80249,62500,12.14,12.64,0.9421,INR/10g,Dhan API v2 (Client 1112620458)
2026-06-29 22:00,2026-06-29,22,Gold,62524.18,62655.35,131.18,0.2098,65.24,12252,80594,62500,11.8,12.3,0.9457,INR/10g,Dhan API v2 (Client 1112620458)
2026-06-29 23:00,2026-06-29,23,Gold,62591.38,62811.07,219.7,0.351,88.52,13773,80975,62500,12.57,13.07,0.933,INR/10g,Dhan API v2 (Client 1112620458)
2026-06-30 09:00,2026-06-30,9,Gold,62703.09,62832.55,129.46,0.2065,-90.24,10189,78780,62500,13.03,13.53,0.9026,INR/10g,Dhan API v2 (Client 1112620458)
2026-06-30 10:00,2026-06-30,10,Gold,62686.86,62762.12,75.26,0.1201,-54.2,9304,79612,62500,12.29,12.79,0.9471,INR/10g,Dhan API v2 (Client 1112620458)
2026-06-30 11:00,2026-06-30,11,Gold,62549.47,62642.57,93.1,0.1488,17.84,12214,80705,62500,13.19,13.69,0.8815,INR/10g,Dhan API v2 (Client 1112620458)
2026-06-30 12:00,2026-06-30,12,Gold,62381.49,62401.34,19.84,0.0318,-73.26,8124,79062,62500,12.71,13.21,0.942,INR/10g,Dhan API v2 (Client 1112620458)
2026-06-30 13:00,2026-06-30,13,Gold,62170.44,62389.76,219.31,0.3528,199.47,4976,77946,62000,12.3,12.8,0.9296,INR/10g,Dhan API v2 (Client 1112620458)
2026-06-30 14:00,2026-06-30,14,Gold,62125.15,62381.49,256.34,0.4126,37.03,5788,79033,62000,12.4,12.9,0.9042,INR/10g,Dhan API v2 (Client 1112620458)
2026-06-30 15:00,2026-06-30,15,Gold,62135.25,62406.55,271.3,0.4366,14.96,7678,79374,62000,12.82,13.32,0.91,INR/10g,Dhan API v2 (Client 1112620458)
2026-06-30 16:00,2026-06-30,16,Gold,61918.63,62069.29,150.66,0.2433,-120.64,1736,80622,62000,12.55,13.05,0.9286,INR/10g,Dhan API v2 (Client 1112620458)
2026-06-30 17:00,2026-06-30,17,Gold,62019.42,62310.45,291.03,0.4693,140.37,6548,81859,62000,13.07,13.57,0.9203,INR/10g,Dhan API v2 (Client 1112620458)
2026-06-30 18:00,2026-06-30,18,Gold,62081.5,62222.32,140.82,0.2268,-150.21,10366,81568,62000,13.12,13.62,0.9387,INR/10g,Dhan API v2 (Client 1112620458)
2026-06-30 19:00,2026-06-30,19,Gold,62237.5,62384.99,147.49,0.237,6.67,9674,79651,62000,12.64,13.14,0.9256,INR/10g,Dhan API v2 (Client 1112620458)
2026-06-30 20:00,2026-06-30,20,Gold,62186.21,62522.3,336.09,0.5405,188.6,13995,78976,62000,13.3,13.8,0.9344,INR/10g,Dhan API v2 (Client 1112620458)
2026-06-30 21:00,2026-06-30,21,Gold,62307.93,62357.4,49.47,0.0794,-286.62,13061,79995,62500,12.39,12.89,0.9363,INR/10g,Dhan API v2 (Client 1112620458)
2026-06-30 22:00,2026-06-30,22,Gold,62442.71,62575.05,132.34,0.2119,82.87,12181,80215,62500,12.98,13.48,0.89,INR/10g,Dhan API v2 (Client 1112620458)
2026-06-30 23:00,2026-06-30,23,Gold,62279.18,62395.92,116.75,0.1875,-15.59,7525,81060,62500,12.73,13.23,0.8888,INR/10g,Dhan API v2 (Client 1112620458)
2026-07-01 09:00,2026-07-01,9,Gold,62188.84,62311.99,123.15,0.198,6.4,14324,78535,62000,12.83,13.33,0.9262,INR/10g,Dhan API v2 (Client 1112620458)
2026-07-01 10:00,2026-07-01,10,Gold,62232.2,62471.55,239.35,0.3846,116.2,4069,79290,62000,11.76,12.26,0.8747,INR/10g,Dhan API v2 (Client 1112620458)
2026-07-01 11:00,2026-07-01,11,Gold,62401.93,62545.1,143.17,0.2294,-96.18,8684,80017,62500,12.38,12.88,0.9102,INR/10g,Dhan API v2 (Client 1112620458)
2026-07-01 12:00,2026-07-01,12,Gold,62522.98,62780.81,257.82,0.4124,114.65,10235,78016,62500,12.53,13.03,0.9497,INR/10g,Dhan API v2 (Client 1112620458)
2026-07-01 13:00,2026-07-01,13,Gold,62267.35,62414.37,147.02,0.2361,-110.8,3344,79079,62500,11.88,12.38,0.9221,INR/10g,Dhan API v2 (Client 1112620458)
2026-07-01 14:00,2026-07-01,14,Gold,62525.96,62675.54,149.59,0.2392,2.57,5865,79764,62500,12.67,13.17,0.9276,INR/10g,Dhan API v2 (Client 1112620458)
2026-07-01 15:00,2026-07-01,15,Gold,62444.62,62715.34,270.72,0.4335,121.13,3639,78964,62500,12.53,13.03,0.9707,INR/10g,Dhan API v2 (Client 1112620458)
2026-07-01 16:00,2026-07-01,16,Gold,62439.17,62509.98,70.8,0.1134,-199.92,12619,80381,62500,12.39,12.89,0.9172,INR/10g,Dhan API v2 (Client 1112620458)
2026-07-01 17:00,2026-07-01,17,Gold,61991.58,61996.78,5.2,0.0084,-65.6,5886,79120,62000,12.83,13.33,0.8919,INR/10g,Dhan API v2 (Client 1112620458)
2026-07-01 18:00,2026-07-01,18,Gold,62026.1,62027.76,1.66,0.0027,-3.54,1859,79600,62000,12.27,12.77,0.9308,INR/10g,Dhan API v2 (Client 1112620458)
2026-07-01 19:00,2026-07-01,19,Gold,61907.12,62019.34,112.22,0.1813,110.56,4131,80290,62000,12.27,12.77,0.9186,INR/10g,Dhan API v2 (Client 1112620458)
2026-07-01 20:00,2026-07-01,20,Gold,62174.49,62301.93,127.44,0.205,15.22,12543,78812,62000,12.54,13.04,0.9183,INR/10g,Dhan API v2 (Client 1112620458)
2026-07-01 21:00,2026-07-01,21,Gold,62331.34,62290.09,-41.26,-0.0662,-168.7,3602,80655,62500,12.73,13.23,0.9371,INR/10g,Dhan API v2 (Client 1112620458)
2026-07-01 22:00,2026-07-01,22,Gold,62177.36,62477.64,300.28,0.4829,341.54,11335,80565,62000,12.16,12.66,0.9292,INR/10g,Dhan API v2 (Client 1112620458)
2026-07-01 23:00,2026-07-01,23,Gold,62307.22,62402.79,95.57,0.1534,-204.71,723,78437,62500,12.58,13.08,0.9046,INR/10g,Dhan API v2 (Client 1112620458)
2026-07-02 09:00,2026-07-02,9,Gold,62360.1,62410.27,50.17,0.0805,-45.4,6680,79882,62500,12.34,12.84,0.9278,INR/10g,Dhan API v2 (Client 1112620458)
2026-07-02 10:00,2026-07-02,10,Gold,62284.18,62426.25,142.08,0.2281,91.91,8978,79480,62500,12.71,13.21,0.9167,INR/10g,Dhan API v2 (Client 1112620458)
2026-07-02 11:00,2026-07-02,11,Gold,62382.72,62605.73,223.01,0.3575,80.93,11471,78501,62500,13.02,13.52,0.8957,INR/10g,Dhan API v2 (Client 1112620458)
2026-07-02 12:00,2026-07-02,12,Gold,62675.64,62690.68,15.04,0.024,-207.97,6324,78927,62500,12.29,12.79,0.9595,INR/10g,Dhan API v2 (Client 1112620458)
2026-07-02 13:00,2026-07-02,13,Gold,62860.82,62933.9,73.08,0.1163,58.04,1437,80088,63000,12.63,13.13,0.9089,INR/10g,Dhan API v2 (Client 1112620458)
2026-07-02 14:00,2026-07-02,14,Gold,62863.84,63093.08,229.24,0.3647,156.16,4945,78181,63000,12.24,12.74,0.9221,INR/10g,Dhan API v2 (Client 1112620458)
2026-07-02 15:00,2026-07-02,15,Gold,62898.42,62976.26,77.83,0.1237,-151.41,3402,80106,63000,12.87,13.37,0.921,INR/10g,Dhan API v2 (Client 1112620458)
2026-07-02 16:00,2026-07-02,16,Gold,62871.14,63092.48,221.34,0.352,143.51,12251,79095,63000,12.61,13.11,0.8924,INR/10g,Dhan API v2 (Client 1112620458)
2026-07-02 17:00,2026-07-02,17,Gold,62767.06,62969.18,202.12,0.322,-19.22,8761,79117,63000,12.94,13.44,0.886,INR/10g,Dhan API v2 (Client 1112620458)
2026-07-02 18:00,2026-07-02,18,Gold,62833.63,63046.91,213.29,0.3394,11.17,11768,80397,63000,12.61,13.11,0.9155,INR/10g,Dhan API v2 (Client 1112620458)
2026-07-02 19:00,2026-07-02,19,Gold,62968.27,62986.63,18.37,0.0292,-194.92,4205,80324,63000,12.69,13.19,0.9343,INR/10g,Dhan API v2 (Client 1112620458)
2026-07-02 20:00,2026-07-02,20,Gold,63069.28,63292.28,223.0,0.3536,204.63,13247,77821,63000,12.04,12.54,0.9131,INR/10g,Dhan API v2 (Client 1112620458)
2026-07-02 21:00,2026-07-02,21,Gold,63258.96,63429.37,170.4,0.2694,-52.6,5420,79831,63500,12.46,12.96,0.9139,INR/10g,Dhan API v2 (Client 1112620458)
2026-07-02 22:00,2026-07-02,22,Gold,63094.9,63140.69,45.79,0.0726,-124.61,10091,78883,63000,12.17,12.67,0.9127,INR/10g,Dhan API v2 (Client 1112620458)
2026-07-02 23:00,2026-07-02,23,Gold,63258.32,63443.41,185.1,0.2926,139.31,9256,78983,63500,12.76,13.26,0.8977,INR/10g,Dhan API v2 (Client 1112620458)
2026-07-03 09:00,2026-07-03,9,Gold,63498.13,63598.43,100.3,0.158,-84.8,6826,79064,63500,13.19,13.69,0.9074,INR/10g,Dhan API v2 (Client 1112620458)
2026-07-03 10:00,2026-07-03,10,Gold,63393.68,63438.99,45.31,0.0715,-54.99,11635,78933,63500,12.11,12.61,0.9328,INR/10g,Dhan API v2 (Client 1112620458)
2026-07-03 11:00,2026-07-03,11,Gold,63155.13,63174.16,19.03,0.0301,-26.28,4996,80060,63000,11.87,12.37,0.9029,INR/10g,Dhan API v2 (Client 1112620458)
2026-07-03 12:00,2026-07-03,12,Gold,63148.11,63228.86,80.75,0.1279,61.72,14232,77759,63000,12.63,13.13,0.872,INR/10g,Dhan API v2 (Client 1112620458)
2026-07-03 13:00,2026-07-03,13,Gold,62995.42,63066.84,71.43,0.1134,-9.32,1063,79467,63000,12.55,13.05,0.9248,INR/10g,Dhan API v2 (Client 1112620458)
2026-07-03 14:00,2026-07-03,14,Gold,62998.62,63147.08,148.46,0.2357,77.03,14822,78409,63000,13.16,13.66,0.9133,INR/10g,Dhan API v2 (Client 1112620458)
2026-07-03 15:00,2026-07-03,15,Gold,62899.08,63001.44,102.35,0.1627,-46.11,5767,79059,63000,12.43,12.93,0.9258,INR/10g,Dhan API v2 (Client 1112620458)
2026-07-03 16:00,2026-07-03,16,Gold,62945.91,63119.19,173.28,0.2753,70.93,4742,79964,63000,12.8,13.3,0.9305,INR/10g,Dhan API v2 (Client 1112620458)
2026-07-03 17:00,2026-07-03,17,Gold,62856.52,63045.24,188.72,0.3002,15.44,3137,80542,63000,12.94,13.44,0.9138,INR/10g,Dhan API v2 (Client 1112620458)
2026-07-03 18:00,2026-07-03,18,Gold,62831.7,62991.55,159.85,0.2544,-28.87,1015,79445,63000,12.5,13.0,0.9472,INR/10g,Dhan API v2 (Client 1112620458)
2026-07-03 19:00,2026-07-03,19,Gold,63029.47,63242.75,213.28,0.3384,53.43,1887,79160,63000,12.5,13.0,0.938,INR/10g,Dhan API v2 (Client 1112620458)
2026-07-03 20:00,2026-07-03,20,Gold,62763.3,62811.61,48.32,0.077,-164.96,12738,77505,63000,12.85,13.35,0.926,INR/10g,Dhan API v2 (Client 1112620458)
2026-07-03 21:00,2026-07-03,21,Gold,62532.68,62665.52,132.84,0.2124,84.52,12605,79311,62500,12.79,13.29,0.8972,INR/10g,Dhan API v2 (Client 1112620458)
2026-07-03 22:00,2026-07-03,22,Gold,62607.17,62731.27,124.09,0.1982,-8.75,1827,79471,62500,12.32,12.82,0.9258,INR/10g,Dhan API v2 (Client 1112620458)
2026-07-03 23:00,2026-07-03,23,Gold,62638.45,62736.0,97.55,0.1557,-26.54,13011,79788,62500,12.59,13.09,0.9073,INR/10g,Dhan API v2 (Client 1112620458)
2026-07-06 09:00,2026-07-06,9,Gold,62639.85,62894.74,254.89,0.4069,157.34,10344,81075,62500,12.26,12.76,0.8892,INR/10g,Dhan API v2 (Client 1112620458)
2026-07-06 10:00,2026-07-06,10,Gold,62679.79,62568.2,-111.59,-0.178,-366.48,13723,78912,62500,12.3,12.8,0.9153,INR/10g,Dhan API v2 (Client 1112620458)
2026-07-06 11:00,2026-07-06,11,Gold,62765.75,62700.38,-65.37,-0.1042,46.22,2348,79691,63000,12.11,12.61,0.9419,INR/10g,Dhan API v2 (Client 1112620458)
2026-07-06 12:00,2026-07-06,12,Gold,62582.09,62805.33,223.23,0.3567,288.6,10380,79377,62500,12.6,13.1,0.8938,INR/10g,Dhan API v2 (Client 1112620458)
2026-07-06 13:00,2026-07-06,13,Gold,62697.32,62619.09,-78.23,-0.1248,-301.46,6883,79644,62500,12.02,12.52,0.9036,INR/10g,Dhan API v2 (Client 1112620458)
2026-07-06 14:00,2026-07-06,14,Gold,62758.45,62734.82,-23.63,-0.0376,54.6,11756,80157,63000,12.05,12.55,0.9411,INR/10g,Dhan API v2 (Client 1112620458)
2026-07-06 15:00,2026-07-06,15,Gold,62855.36,62829.89,-25.47,-0.0405,-1.84,13329,80580,63000,12.57,13.07,0.9468,INR/10g,Dhan API v2 (Client 1112620458)
2026-07-06 16:00,2026-07-06,16,Gold,62931.96,62990.45,58.49,0.0929,83.96,14314,79037,63000,12.17,12.67,0.9164,INR/10g,Dhan API v2 (Client 1112620458)
2026-07-06 17:00,2026-07-06,17,Gold,62761.12,62842.38,81.26,0.1295,22.77,9579,80561,63000,12.89,13.39,0.8855,INR/10g,Dhan API v2 (Client 1112620458)
2026-07-06 18:00,2026-07-06,18,Gold,62801.67,62814.3,12.63,0.0201,-68.63,12752,79302,63000,12.25,12.75,0.9165,INR/10g,Dhan API v2 (Client 1112620458)
2026-07-06 19:00,2026-07-06,19,Gold,62465.26,62807.67,342.41,0.5482,329.78,897,78354,62500,12.6,13.1,0.9186,INR/10g,Dhan API v2 (Client 1112620458)
2026-07-06 20:00,2026-07-06,20,Gold,62274.21,62374.71,100.51,0.1614,-241.9,13321,78830,62500,12.7,13.2,0.9054,INR/10g,Dhan API v2 (Client 1112620458)
2026-07-06 21:00,2026-07-06,21,Gold,62185.98,62156.45,-29.53,-0.0475,-130.04,11657,78970,62000,12.5,13.0,0.88,INR/10g,Dhan API v2 (Client 1112620458)
2026-07-06 22:00,2026-07-06,22,Gold,62160.7,62259.59,98.89,0.1591,128.42,11717,80853,62000,12.63,13.13,0.8824,INR/10g,Dhan API v2 (Client 1112620458)
2026-07-06 23:00,2026-07-06,23,Gold,62233.44,62361.69,128.25,0.2061,29.36,11069,78776,62000,12.88,13.38,0.8919,INR/10g,Dhan API v2 (Client 1112620458)
2026-07-07 09:00,2026-07-07,9,Gold,62352.64,62431.16,78.52,0.1259,-49.73,3902,79562,62500,12.31,12.81,0.8923,INR/10g,Dhan API v2 (Client 1112620458)
2026-07-07 10:00,2026-07-07,10,Gold,62518.89,62562.3,43.41,0.0694,-35.11,11942,79148,62500,12.08,12.58,0.9562,INR/10g,Dhan API v2 (Client 1112620458)
2026-07-07 11:00,2026-07-07,11,Gold,62448.95,62621.25,172.31,0.2759,128.9,11160,78306,62500,13.17,13.67,0.9291,INR/10g,Dhan API v2 (Client 1112620458)
2026-07-07 12:00,2026-07-07,12,Gold,62315.31,62555.46,240.15,0.3854,67.84,7639,81529,62500,12.51,13.01,0.8881,INR/10g,Dhan API v2 (Client 1112620458)
2026-07-07 13:00,2026-07-07,13,Gold,62380.41,62468.0,87.6,0.1404,-152.55,8577,80476,62500,12.73,13.23,0.9328,INR/10g,Dhan API v2 (Client 1112620458)
2026-07-07 14:00,2026-07-07,14,Gold,62522.55,62633.14,110.59,0.1769,22.99,536,80093,62500,13.33,13.83,0.9342,INR/10g,Dhan API v2 (Client 1112620458)
2026-07-07 15:00,2026-07-07,15,Gold,62388.24,62395.94,7.7,0.0123,-102.89,9800,80259,62500,12.49,12.99,0.9034,INR/10g,Dhan API v2 (Client 1112620458)
2026-07-07 16:00,2026-07-07,16,Gold,62269.17,62348.29,79.12,0.1271,71.42,10505,80002,62500,12.51,13.01,0.9296,INR/10g,Dhan API v2 (Client 1112620458)
2026-07-07 17:00,2026-07-07,17,Gold,62097.65,62006.04,-91.61,-0.1475,-170.73,3714,79759,62000,13.05,13.55,0.9245,INR/10g,Dhan API v2 (Client 1112620458)
2026-07-07 18:00,2026-07-07,18,Gold,62073.86,62235.42,161.55,0.2603,253.16,14842,79339,62000,12.58,13.08,0.9106,INR/10g,Dhan API v2 (Client 1112620458)
2026-07-07 19:00,2026-07-07,19,Gold,62192.75,62270.1,77.35,0.1244,-84.2,12267,78243,62000,12.21,12.71,0.936,INR/10g,Dhan API v2 (Client 1112620458)
2026-07-07 20:00,2026-07-07,20,Gold,62288.31,62433.05,144.74,0.2324,67.39,8252,79556,62500,12.45,12.95,0.8974,INR/10g,Dhan API v2 (Client 1112620458)
2026-07-07 21:00,2026-07-07,21,Gold,62271.98,62378.28,106.3,0.1707,-38.44,2846,80211,62500,12.82,13.32,0.8996,INR/10g,Dhan API v2 (Client 1112620458)
2026-07-07 22:00,2026-07-07,22,Gold,62481.51,62529.19,47.68,0.0763,-58.62,14879,79882,62500,12.96,13.46,0.905,INR/10g,Dhan API v2 (Client 1112620458)
2026-07-07 23:00,2026-07-07,23,Gold,62486.63,62550.36,63.72,0.102,16.04,9964,78609,62500,12.54,13.04,0.9323,INR/10g,Dhan API v2 (Client 1112620458)
2026-07-08 09:00,2026-07-08,9,Gold,62835.73,62782.35,-53.38,-0.085,-117.1,3363,80209,63000,12.31,12.81,0.8703,INR/10g,Dhan API v2 (Client 1112620458)
2026-07-08 10:00,2026-07-08,10,Gold,62924.58,63001.27,76.69,0.1219,130.07,2449,80425,63000,12.95,13.45,0.9455,INR/10g,Dhan API v2 (Client 1112620458)
2026-07-08 11:00,2026-07-08,11,Gold,62918.04,62915.31,-2.73,-0.0043,-79.42,12043,79354,63000,12.37,12.87,0.8968,INR/10g,Dhan API v2 (Client 1112620458)
2026-07-08 12:00,2026-07-08,12,Gold,62984.17,63127.63,143.46,0.2278,146.19,5360,79264,63000,12.83,13.33,0.8797,INR/10g,Dhan API v2 (Client 1112620458)
2026-07-08 13:00,2026-07-08,13,Gold,62739.34,62588.7,-150.64,-0.2401,-294.1,3629,78490,62500,12.33,12.83,0.9032,INR/10g,Dhan API v2 (Client 1112620458)
2026-07-08 14:00,2026-07-08,14,Gold,62877.43,62998.89,121.45,0.1932,272.09,12440,79369,63000,12.45,12.95,0.933,INR/10g,Dhan API v2 (Client 1112620458)
2026-07-08 15:00,2026-07-08,15,Gold,62840.45,63020.54,180.09,0.2866,58.64,4191,78507,63000,12.79,13.29,0.8915,INR/10g,Dhan API v2 (Client 1112620458)
2026-07-08 16:00,2026-07-08,16,Gold,62830.37,62796.23,-34.15,-0.0543,-214.24,2327,79785,63000,12.63,13.13,0.9046,INR/10g,Dhan API v2 (Client 1112620458)
2026-07-08 17:00,2026-07-08,17,Gold,62881.01,62965.21,84.2,0.1339,118.35,601,79553,63000,12.51,13.01,0.892,INR/10g,Dhan API v2 (Client 1112620458)
2026-07-08 18:00,2026-07-08,18,Gold,62924.96,62967.06,42.11,0.0669,-42.09,5035,80231,63000,12.65,13.15,0.9284,INR/10g,Dhan API v2 (Client 1112620458)
2026-07-08 19:00,2026-07-08,19,Gold,62582.0,62769.92,187.93,0.3003,145.82,5989,80043,62500,12.18,12.68,0.8999,INR/10g,Dhan API v2 (Client 1112620458)
2026-07-08 20:00,2026-07-08,20,Gold,62612.28,62711.65,99.37,0.1587,-88.56,13575,81049,62500,12.56,13.06,0.8925,INR/10g,Dhan API v2 (Client 1112620458)
2026-07-08 21:00,2026-07-08,21,Gold,62556.35,62478.39,-77.96,-0.1246,-177.33,4058,80555,62500,12.5,13.0,0.9316,INR/10g,Dhan API v2 (Client 1112620458)
2026-07-08 22:00,2026-07-08,22,Gold,62591.13,62595.11,3.98,0.0064,81.94,10470,79202,62500,13.05,13.55,0.9147,INR/10g,Dhan API v2 (Client 1112620458)
2026-07-08 23:00,2026-07-08,23,Gold,62407.44,62655.1,247.67,0.3969,243.69,9692,79593,62500,12.99,13.49,0.9544,INR/10g,Dhan API v2 (Client 1112620458)
2026-07-09 09:00,2026-07-09,9,Gold,62357.64,62525.74,168.1,0.2696,-79.57,4441,79971,62500,12.88,13.38,0.9302,INR/10g,Dhan API v2 (Client 1112620458)
2026-07-09 10:00,2026-07-09,10,Gold,62342.28,62341.5,-0.78,-0.0012,-168.88,10834,80159,62500,12.11,12.61,0.9245,INR/10g,Dhan API v2 (Client 1112620458)
2026-07-09 11:00,2026-07-09,11,Gold,62233.84,62532.58,298.74,0.48,299.52,1743,80954,62000,12.7,13.2,0.924,INR/10g,Dhan API v2 (Client 1112620458)
2026-07-09 12:00,2026-07-09,12,Gold,62177.24,62215.8,38.55,0.062,-260.19,8560,79769,62000,12.84,13.34,0.931,INR/10g,Dhan API v2 (Client 1112620458)
2026-07-09 13:00,2026-07-09,13,Gold,62168.93,62263.86,94.93,0.1527,56.38,1218,80038,62000,12.79,13.29,0.9383,INR/10g,Dhan API v2 (Client 1112620458)
2026-07-09 14:00,2026-07-09,14,Gold,61886.48,62042.3,155.82,0.2518,60.89,3113,78790,62000,12.51,13.01,0.8929,INR/10g,Dhan API v2 (Client 1112620458)
2026-07-09 15:00,2026-07-09,15,Gold,61953.08,61974.46,21.38,0.0345,-134.44,5770,80259,62000,12.6,13.1,0.9049,INR/10g,Dhan API v2 (Client 1112620458)
2026-07-09 16:00,2026-07-09,16,Gold,61916.77,62185.47,268.7,0.434,247.32,7355,80926,62000,12.89,13.39,0.9088,INR/10g,Dhan API v2 (Client 1112620458)
2026-07-09 17:00,2026-07-09,17,Gold,62063.07,61987.72,-75.35,-0.1214,-344.05,13559,81159,62000,12.65,13.15,0.9192,INR/10g,Dhan API v2 (Client 1112620458)
2026-07-09 18:00,2026-07-09,18,Gold,61954.42,61898.67,-55.75,-0.09,19.6,2357,78846,62000,12.54,13.04,0.9133,INR/10g,Dhan API v2 (Client 1112620458)
2026-07-09 19:00,2026-07-09,19,Gold,62024.0,62006.02,-17.98,-0.029,37.77,11735,78919,62000,12.53,13.03,0.9598,INR/10g,Dhan API v2 (Client 1112620458)
2026-07-09 20:00,2026-07-09,20,Gold,61770.61,61834.63,64.02,0.1036,82.0,5053,80131,62000,12.85,13.35,0.9308,INR/10g,Dhan API v2 (Client 1112620458)
2026-07-09 21:00,2026-07-09,21,Gold,61742.81,61868.64,125.83,0.2038,61.81,14163,79446,61500,12.36,12.86,0.9278,INR/10g,Dhan API v2 (Client 1112620458)
2026-07-09 22:00,2026-07-09,22,Gold,61796.35,61682.84,-113.51,-0.1837,-239.34,4502,80219,62000,12.49,12.99,0.9111,INR/10g,Dhan API v2 (Client 1112620458)
2026-07-09 23:00,2026-07-09,23,Gold,61736.63,61713.09,-23.54,-0.0381,89.97,3077,79276,61500,12.54,13.04,0.9142,INR/10g,Dhan API v2 (Client 1112620458)
2026-07-10 09:00,2026-07-10,9,Gold,61843.49,61775.92,-67.57,-0.1093,-44.03,10444,80008,62000,12.85,13.35,0.9081,INR/10g,Dhan API v2 (Client 1112620458)
2026-07-10 10:00,2026-07-10,10,Gold,61771.79,62028.72,256.93,0.4159,324.5,6079,79267,62000,13.18,13.68,0.9226,INR/10g,Dhan API v2 (Client 1112620458)
2026-07-10 11:00,2026-07-10,11,Gold,61713.52,61689.33,-24.18,-0.0392,-281.11,8809,79655,61500,12.25,12.75,0.9232,INR/10g,Dhan API v2 (Client 1112620458)
2026-07-10 12:00,2026-07-10,12,Gold,61583.47,61531.96,-51.51,-0.0837,-27.33,11329,80152,61500,13.11,13.61,0.9581,INR/10g,Dhan API v2 (Client 1112620458)
2026-07-10 13:00,2026-07-10,13,Gold,61456.32,61689.58,233.25,0.3795,284.76,14864,78779,61500,13.15,13.65,0.9293,INR/10g,Dhan API v2 (Client 1112620458)
2026-07-10 14:00,2026-07-10,14,Gold,61514.89,61494.63,-20.25,-0.0329,-253.5,4263,80548,61500,12.41,12.91,0.9013,INR/10g,Dhan API v2 (Client 1112620458)
2026-07-10 15:00,2026-07-10,15,Gold,61426.06,61542.1,116.04,0.1889,136.29,9409,79071,61500,12.44,12.94,0.9062,INR/10g,Dhan API v2 (Client 1112620458)
2026-07-10 16:00,2026-07-10,16,Gold,61247.49,61376.15,128.66,0.2101,12.62,5531,80033,61000,12.37,12.87,0.9298,INR/10g,Dhan API v2 (Client 1112620458)
2026-07-10 17:00,2026-07-10,17,Gold,61345.44,61398.8,53.36,0.087,-75.3,2503,81888,61500,12.99,13.49,0.9254,INR/10g,Dhan API v2 (Client 1112620458)
2026-07-10 18:00,2026-07-10,18,Gold,61366.23,61638.63,272.4,0.4439,219.04,14608,78592,61500,12.89,13.39,0.8868,INR/10g,Dhan API v2 (Client 1112620458)
2026-07-10 19:00,2026-07-10,19,Gold,61363.44,61484.62,121.18,0.1975,-151.22,5372,79861,61500,12.55,13.05,0.9509,INR/10g,Dhan API v2 (Client 1112620458)
2026-07-10 20:00,2026-07-10,20,Gold,61272.68,61107.06,-165.62,-0.2703,-286.8,14980,79785,61500,13.5,14.0,0.9182,INR/10g,Dhan API v2 (Client 1112620458)
2026-07-10 21:00,2026-07-10,21,Gold,61592.88,61483.69,-109.19,-0.1773,56.43,6848,80483,61500,12.59,13.09,0.9103,INR/10g,Dhan API v2 (Client 1112620458)
2026-07-10 22:00,2026-07-10,22,Gold,61673.88,61771.86,97.99,0.1589,207.18,11303,80319,61500,12.3,12.8,0.9174,INR/10g,Dhan API v2 (Client 1112620458)
2026-07-10 23:00,2026-07-10,23,Gold,61605.58,61627.74,22.16,0.036,-75.83,5959,79785,61500,12.36,12.86,0.9208,INR/10g,Dhan API v2 (Client 1112620458)
2026-07-13 09:00,2026-07-13,9,Gold,61686.3,61662.82,-23.48,-0.0381,-45.64,7040,80065,61500,12.84,13.34,0.896,INR/10g,Dhan API v2 (Client 1112620458)
2026-07-13 10:00,2026-07-13,10,Gold,61526.06,61619.84,93.78,0.1524,117.26,4545,81139,61500,12.11,12.61,0.9024,INR/10g,Dhan API v2 (Client 1112620458)
2026-07-13 11:00,2026-07-13,11,Gold,61635.92,61647.18,11.27,0.0183,-82.51,12192,79871,61500,12.58,13.08,0.8894,INR/10g,Dhan API v2 (Client 1112620458)
2026-07-13 12:00,2026-07-13,12,Gold,61667.51,61542.11,-125.4,-0.2033,-136.67,9728,80231,61500,12.38,12.88,0.913,INR/10g,Dhan API v2 (Client 1112620458)
2026-07-13 13:00,2026-07-13,13,Gold,61785.24,61709.26,-75.97,-0.123,49.43,3255,81023,62000,12.55,13.05,0.9288,INR/10g,Dhan API v2 (Client 1112620458)
2026-07-13 14:00,2026-07-13,14,Gold,61881.42,61859.69,-21.73,-0.0351,54.24,6844,80783,62000,12.83,13.33,0.9003,INR/10g,Dhan API v2 (Client 1112620458)
2026-07-13 15:00,2026-07-13,15,Gold,62116.94,62309.44,192.51,0.3099,214.24,6991,80024,62000,12.76,13.26,0.9077,INR/10g,Dhan API v2 (Client 1112620458)
2026-07-13 16:00,2026-07-13,16,Gold,62231.11,62309.44,78.33,0.1259,-114.18,13816,79484,62000,12.58,13.08,0.906,INR/10g,Dhan API v2 (Client 1112620458)
2026-07-13 17:00,2026-07-13,17,Gold,62180.87,62093.56,-87.31,-0.1404,-165.64,1434,78334,62000,12.75,13.25,0.9734,INR/10g,Dhan API v2 (Client 1112620458)
2026-07-13 18:00,2026-07-13,18,Gold,62070.46,62128.53,58.06,0.0935,145.37,5646,79772,62000,12.46,12.96,0.9237,INR/10g,Dhan API v2 (Client 1112620458)
2026-07-13 19:00,2026-07-13,19,Gold,62096.87,62290.66,193.79,0.3121,135.73,9957,80038,62000,13.05,13.55,0.9397,INR/10g,Dhan API v2 (Client 1112620458)
2026-07-13 20:00,2026-07-13,20,Gold,62097.01,62304.61,207.6,0.3343,13.81,3338,79223,62000,12.58,13.08,0.9346,INR/10g,Dhan API v2 (Client 1112620458)
2026-07-13 21:00,2026-07-13,21,Gold,62129.02,62130.18,1.16,0.0019,-206.44,926,79945,62000,12.21,12.71,0.9441,INR/10g,Dhan API v2 (Client 1112620458)
2026-07-13 22:00,2026-07-13,22,Gold,62222.08,62178.05,-44.03,-0.0708,-45.19,4317,78843,62000,12.51,13.01,0.9249,INR/10g,Dhan API v2 (Client 1112620458)
2026-07-13 23:00,2026-07-13,23,Gold,62087.44,61997.44,-90.0,-0.145,-45.97,7444,78287,62000,12.02,12.52,0.9341,INR/10g,Dhan API v2 (Client 1112620458)
2026-07-14 09:00,2026-07-14,9,Gold,62350.56,62359.75,9.19,0.0147,99.19,14052,80044,62500,12.86,13.36,0.903,INR/10g,Dhan API v2 (Client 1112620458)
2026-07-14 10:00,2026-07-14,10,Gold,62299.85,62399.16,99.31,0.1594,90.12,13657,79566,62500,12.2,12.7,0.9223,INR/10g,Dhan API v2 (Client 1112620458)
2026-07-14 11:00,2026-07-14,11,Gold,62346.85,62369.57,22.72,0.0364,-76.59,4191,81507,62500,12.73,13.23,0.9252,INR/10g,Dhan API v2 (Client 1112620458)
2026-07-14 12:00,2026-07-14,12,Gold,62317.8,62413.49,95.68,0.1535,72.96,2345,80082,62500,12.64,13.14,0.9256,INR/10g,Dhan API v2 (Client 1112620458)
2026-07-14 13:00,2026-07-14,13,Gold,62378.44,62348.29,-30.15,-0.0483,-125.83,12667,80554,62500,12.34,12.84,0.9234,INR/10g,Dhan API v2 (Client 1112620458)
2026-07-14 14:00,2026-07-14,14,Gold,62730.98,62746.71,15.73,0.0251,45.88,5701,79041,62500,12.68,13.18,0.892,INR/10g,Dhan API v2 (Client 1112620458)
2026-07-14 15:00,2026-07-14,15,Gold,62681.74,62697.79,16.04,0.0256,0.31,926,78765,62500,12.46,12.96,0.9123,INR/10g,Dhan API v2 (Client 1112620458)
2026-07-14 16:00,2026-07-14,16,Gold,62763.95,62850.53,86.58,0.138,70.54,13106,78300,63000,12.06,12.56,0.913,INR/10g,Dhan API v2 (Client 1112620458)
2026-07-14 17:00,2026-07-14,17,Gold,62737.12,62791.53,54.41,0.0867,-32.17,7702,78337,62500,12.66,13.16,0.9385,INR/10g,Dhan API v2 (Client 1112620458)
2026-07-14 18:00,2026-07-14,18,Gold,62899.42,62896.04,-3.37,-0.0054,-57.78,7197,79785,63000,12.35,12.85,0.9383,INR/10g,Dhan API v2 (Client 1112620458)
2026-07-14 19:00,2026-07-14,19,Gold,62719.77,62778.72,58.95,0.094,62.32,14548,79848,62500,12.63,13.13,0.8901,INR/10g,Dhan API v2 (Client 1112620458)
2026-07-14 20:00,2026-07-14,20,Gold,62862.58,62928.13,65.55,0.1043,6.6,8781,79233,63000,12.43,12.93,0.907,INR/10g,Dhan API v2 (Client 1112620458)
2026-07-14 21:00,2026-07-14,21,Gold,62663.64,62602.55,-61.09,-0.0975,-126.64,3498,78321,62500,13.06,13.56,0.8904,INR/10g,Dhan API v2 (Client 1112620458)
2026-07-14 22:00,2026-07-14,22,Gold,62729.59,62633.87,-95.72,-0.1526,-34.63,11102,80036,62500,12.59,13.09,0.9191,INR/10g,Dhan API v2 (Client 1112620458)
2026-07-14 23:00,2026-07-14,23,Gold,62547.03,62608.64,61.6,0.0985,157.32,13238,80344,62500,12.72,13.22,0.9373,INR/10g,Dhan API v2 (Client 1112620458)
2026-07-15 09:00,2026-07-15,9,Gold,62607.38,62550.12,-57.26,-0.0915,-118.86,1556,79146,62500,12.4,12.9,0.9037,INR/10g,Dhan API v2 (Client 1112620458)
2026-07-15 10:00,2026-07-15,10,Gold,62289.98,62336.65,46.68,0.0749,103.94,13113,79313,62500,12.54,13.04,0.8987,INR/10g,Dhan API v2 (Client 1112620458)
2026-07-15 11:00,2026-07-15,11,Gold,62521.33,62625.58,104.25,0.1667,57.57,6836,80231,62500,12.57,13.07,0.9428,INR/10g,Dhan API v2 (Client 1112620458)
2026-07-15 12:00,2026-07-15,12,Gold,62234.38,62393.71,159.33,0.256,55.08,8836,79679,62000,11.77,12.27,0.9301,INR/10g,Dhan API v2 (Client 1112620458)
2026-07-15 13:00,2026-07-15,13,Gold,62322.77,62452.26,129.49,0.2078,-29.84,11422,78677,62500,12.81,13.31,0.9293,INR/10g,Dhan API v2 (Client 1112620458)
2026-07-15 14:00,2026-07-15,14,Gold,62453.8,62437.13,-16.67,-0.0267,-146.16,4450,79072,62500,12.55,13.05,0.91,INR/10g,Dhan API v2 (Client 1112620458)
2026-07-15 15:00,2026-07-15,15,Gold,62229.51,62100.4,-129.11,-0.2075,-112.44,4642,79366,62000,11.79,12.29,0.9087,INR/10g,Dhan API v2 (Client 1112620458)
2026-07-15 16:00,2026-07-15,16,Gold,62303.82,62308.39,4.57,0.0073,133.68,4054,77788,62500,12.75,13.25,0.92,INR/10g,Dhan API v2 (Client 1112620458)
2026-07-15 17:00,2026-07-15,17,Gold,62416.07,62351.61,-64.46,-0.1033,-69.03,11270,80663,62500,12.4,12.9,0.9384,INR/10g,Dhan API v2 (Client 1112620458)
2026-07-15 18:00,2026-07-15,18,Gold,62284.09,62385.11,101.03,0.1622,165.49,3313,79703,62500,12.5,13.0,0.9278,INR/10g,Dhan API v2 (Client 1112620458)
2026-07-15 19:00,2026-07-15,19,Gold,62206.85,62209.9,3.04,0.0049,-97.99,10969,78083,62000,12.87,13.37,0.9243,INR/10g,Dhan API v2 (Client 1112620458)
2026-07-15 20:00,2026-07-15,20,Gold,62326.71,62272.15,-54.56,-0.0875,-57.6,12741,80108,62500,12.89,13.39,0.9617,INR/10g,Dhan API v2 (Client 1112620458)
2026-07-15 21:00,2026-07-15,21,Gold,62278.31,62339.38,61.06,0.098,115.62,7800,81853,62500,12.95,13.45,0.9254,INR/10g,Dhan API v2 (Client 1112620458)
2026-07-15 22:00,2026-07-15,22,Gold,62342.25,62373.04,30.79,0.0494,-30.27,7565,80935,62500,12.6,13.1,0.9428,INR/10g,Dhan API v2 (Client 1112620458)
2026-07-15 23:00,2026-07-15,23,Gold,62241.39,62232.79,-8.6,-0.0138,-39.39,5343,79101,62000,12.79,13.29,0.924,INR/10g,Dhan API v2 (Client 1112620458)
2026-07-16 09:00,2026-07-16,9,Gold,62192.04,62594.8,402.76,0.6476,411.36,6171,80736,62000,12.79,13.29,0.9134,INR/10g,Dhan API v2 (Client 1112620458)
2026-07-16 10:00,2026-07-16,10,Gold,62026.22,62437.58,411.36,0.6632,8.6,874,78257,62000,12.71,13.21,0.9004,INR/10g,Dhan API v2 (Client 1112620458)
2026-07-16 11:00,2026-07-16,11,Gold,61962.84,62428.91,466.07,0.7522,54.71,8741,81723,62000,12.79,13.29,0.9047,INR/10g,Dhan API v2 (Client 1112620458)
2026-07-16 12:00,2026-07-16,12,Gold,61899.55,62200.69,301.14,0.4865,-164.93,7081,78364,62000,12.86,13.36,0.885,INR/10g,Dhan API v2 (Client 1112620458)
2026-07-16 13:00,2026-07-16,13,Gold,61723.61,61947.53,223.92,0.3628,-77.22,10282,79471,61500,12.56,13.06,0.9054,INR/10g,Dhan API v2 (Client 1112620458)
2026-07-16 14:00,2026-07-16,14,Gold,61640.54,61906.3,265.76,0.4311,41.84,13848,79224,61500,12.3,12.8,0.9034,INR/10g,Dhan API v2 (Client 1112620458)
2026-07-16 15:00,2026-07-16,15,Gold,61664.66,62032.35,367.69,0.5963,101.93,1725,79918,61500,12.55,13.05,0.9378,INR/10g,Dhan API v2 (Client 1112620458)
2026-07-16 16:00,2026-07-16,16,Gold,61551.96,61843.54,291.58,0.4737,-76.11,12972,79789,61500,12.39,12.89,0.9636,INR/10g,Dhan API v2 (Client 1112620458)
2026-07-16 17:00,2026-07-16,17,Gold,61581.98,62025.45,443.48,0.7201,151.9,13454,77779,61500,12.99,13.49,0.9195,INR/10g,Dhan API v2 (Client 1112620458)
2026-07-16 18:00,2026-07-16,18,Gold,61516.07,61737.07,221.0,0.3593,-222.48,6384,79344,61500,12.6,13.1,0.8886,INR/10g,Dhan API v2 (Client 1112620458)
2026-07-16 19:00,2026-07-16,19,Gold,61598.36,61902.52,304.16,0.4938,83.16,11071,78871,61500,12.79,13.29,0.9036,INR/10g,Dhan API v2 (Client 1112620458)
2026-07-16 20:00,2026-07-16,20,Gold,61703.19,61922.57,219.37,0.3555,-84.79,8000,79827,61500,12.55,13.05,0.9253,INR/10g,Dhan API v2 (Client 1112620458)
2026-07-16 21:00,2026-07-16,21,Gold,61531.48,62027.93,496.45,0.8068,277.08,13353,80556,61500,12.97,13.47,0.8955,INR/10g,Dhan API v2 (Client 1112620458)
2026-07-16 22:00,2026-07-16,22,Gold,61728.6,62016.36,287.75,0.4662,-208.7,4568,77753,61500,12.15,12.65,0.9108,INR/10g,Dhan API v2 (Client 1112620458)
2026-07-16 23:00,2026-07-16,23,Gold,61483.83,61796.45,312.62,0.5085,24.87,5725,79729,61500,12.43,12.93,0.908,INR/10g,Dhan API v2 (Client 1112620458)
2026-07-17 09:00,2026-07-17,9,Gold,61516.95,61847.09,330.14,0.5367,17.52,8934,79854,61500,12.76,13.26,0.9337,INR/10g,Dhan API v2 (Client 1112620458)
2026-07-17 10:00,2026-07-17,10,Gold,61632.64,62070.43,437.79,0.7103,107.65,3215,79294,61500,12.51,13.01,0.8942,INR/10g,Dhan API v2 (Client 1112620458)
2026-07-17 11:00,2026-07-17,11,Gold,61916.25,62155.62,239.38,0.3866,-198.41,12011,80497,62000,12.07,12.57,0.9087,INR/10g,Dhan API v2 (Client 1112620458)
2026-07-17 12:00,2026-07-17,12,Gold,61747.13,62072.55,325.42,0.527,86.04,1849,80760,61500,12.69,13.19,0.9218,INR/10g,Dhan API v2 (Client 1112620458)
2026-07-17 13:00,2026-07-17,13,Gold,61860.49,62046.77,186.28,0.3011,-139.14,4129,78468,62000,12.18,12.68,0.8985,INR/10g,Dhan API v2 (Client 1112620458)
2026-07-17 14:00,2026-07-17,14,Gold,61710.57,62063.38,352.81,0.5717,166.53,2353,79431,61500,12.05,12.55,0.9204,INR/10g,Dhan API v2 (Client 1112620458)
2026-07-17 15:00,2026-07-17,15,Gold,61435.64,61730.02,294.38,0.4792,-58.43,7022,81098,61500,12.08,12.58,0.9259,INR/10g,Dhan API v2 (Client 1112620458)
2026-07-17 16:00,2026-07-17,16,Gold,61466.11,61776.04,309.93,0.5042,15.55,4341,78893,61500,12.48,12.98,0.9292,INR/10g,Dhan API v2 (Client 1112620458)
2026-07-17 17:00,2026-07-17,17,Gold,61407.92,61849.3,441.38,0.7188,131.45,9499,77971,61500,12.99,13.49,0.9175,INR/10g,Dhan API v2 (Client 1112620458)
2026-07-17 18:00,2026-07-17,18,Gold,61378.72,61739.3,360.59,0.5875,-80.79,9563,79645,61500,12.35,12.85,0.9199,INR/10g,Dhan API v2 (Client 1112620458)
2026-07-17 19:00,2026-07-17,19,Gold,61337.49,61637.73,300.24,0.4895,-60.35,8910,78589,61500,12.77,13.27,0.8964,INR/10g,Dhan API v2 (Client 1112620458)
2026-07-17 20:00,2026-07-17,20,Gold,61405.38,61653.43,248.05,0.404,-52.19,10680,79772,61500,12.72,13.22,0.9206,INR/10g,Dhan API v2 (Client 1112620458)
2026-07-17 21:00,2026-07-17,21,Gold,61358.78,61545.92,187.14,0.305,-60.91,12602,78393,61500,12.59,13.09,0.9235,INR/10g,Dhan API v2 (Client 1112620458)
2026-07-17 22:00,2026-07-17,22,Gold,61315.42,61715.48,400.06,0.6525,212.92,14753,80458,61500,12.6,13.1,0.9224,INR/10g,Dhan API v2 (Client 1112620458)
2026-07-17 23:00,2026-07-17,23,Gold,61268.98,61425.82,156.84,0.256,-243.22,1500,81420,61500,12.52,13.02,0.9382,INR/10g,Dhan API v2 (Client 1112620458)
2026-07-20 09:00,2026-07-20,9,Gold,61282.31,61563.87,281.56,0.4594,124.72,11815,81097,61500,12.7,13.2,0.9036,INR/10g,Dhan API v2 (Client 1112620458)
2026-07-20 10:00,2026-07-20,10,Gold,61423.64,61592.1,168.45,0.2742,-113.11,7506,80415,61500,12.89,13.39,0.8874,INR/10g,Dhan API v2 (Client 1112620458)
2026-07-20 11:00,2026-07-20,11,Gold,61385.54,61657.8,272.27,0.4435,103.82,14258,81455,61500,13.01,13.51,0.9413,INR/10g,Dhan API v2 (Client 1112620458)
2026-07-20 12:00,2026-07-20,12,Gold,61198.6,61325.57,126.96,0.2075,-145.31,7105,80920,61000,12.43,12.93,0.8791,INR/10g,Dhan API v2 (Client 1112620458)
2026-07-20 13:00,2026-07-20,13,Gold,61146.97,61647.19,500.22,0.8181,373.26,12334,80145,61000,12.46,12.96,0.9128,INR/10g,Dhan API v2 (Client 1112620458)
2026-07-20 14:00,2026-07-20,14,Gold,61130.51,61310.63,180.13,0.2947,-320.09,7170,81477,61000,12.21,12.71,0.9153,INR/10g,Dhan API v2 (Client 1112620458)
2026-07-20 15:00,2026-07-20,15,Gold,61280.89,61484.6,203.71,0.3324,23.58,12846,79272,61500,12.65,13.15,0.9305,INR/10g,Dhan API v2 (Client 1112620458)
2026-07-20 16:00,2026-07-20,16,Gold,61212.48,61680.28,467.8,0.7642,264.09,8638,79609,61000,12.93,13.43,0.8735,INR/10g,Dhan API v2 (Client 1112620458)
2026-07-20 17:00,2026-07-20,17,Gold,61179.14,61483.94,304.8,0.4982,-163.0,14209,78931,61000,12.47,12.97,0.8837,INR/10g,Dhan API v2 (Client 1112620458)
2026-07-20 18:00,2026-07-20,18,Gold,61075.8,61436.84,361.04,0.5911,56.24,12333,80589,61000,12.87,13.37,0.9002,INR/10g,Dhan API v2 (Client 1112620458)
2026-07-20 19:00,2026-07-20,19,Gold,60978.66,61191.08,212.42,0.3484,-148.62,6964,78740,61000,12.94,13.44,0.9206,INR/10g,Dhan API v2 (Client 1112620458)
2026-07-20 20:00,2026-07-20,20,Gold,61075.07,61423.02,347.95,0.5697,135.53,4111,77958,61000,12.72,13.22,0.9104,INR/10g,Dhan API v2 (Client 1112620458)
2026-07-20 21:00,2026-07-20,21,Gold,61141.77,61456.35,314.58,0.5145,-33.37,8621,79191,61000,12.79,13.29,0.9272,INR/10g,Dhan API v2 (Client 1112620458)
2026-07-20 22:00,2026-07-20,22,Gold,61226.5,61466.81,240.31,0.3925,-74.27,13974,78873,61000,12.38,12.88,0.9028,INR/10g,Dhan API v2 (Client 1112620458)
2026-07-20 23:00,2026-07-20,23,Gold,61196.98,61510.93,313.95,0.513,73.64,3533,79647,61000,12.61,13.11,0.9322,INR/10g,Dhan API v2 (Client 1112620458)
2026-07-21 09:00,2026-07-21,9,Gold,61312.64,61821.83,509.2,0.8305,195.25,7280,80247,61500,12.91,13.41,0.9183,INR/10g,Dhan API v2 (Client 1112620458)
2026-07-21 10:00,2026-07-21,10,Gold,61379.94,61689.76,309.82,0.5048,-199.38,1929,80213,61500,12.28,12.78,0.9315,INR/10g,Dhan API v2 (Client 1112620458)
2026-07-21 11:00,2026-07-21,11,Gold,61224.67,61517.92,293.25,0.479,-16.57,4997,79308,61000,12.98,13.48,0.8875,INR/10g,Dhan API v2 (Client 1112620458)
2026-07-21 12:00,2026-07-21,12,Gold,61309.63,61492.14,182.51,0.2977,-110.74,2874,79840,61500,12.48,12.98,0.8947,INR/10g,Dhan API v2 (Client 1112620458)
2026-07-21 13:00,2026-07-21,13,Gold,61353.48,61715.29,361.81,0.5897,179.3,1707,80522,61500,13.01,13.51,0.9258,INR/10g,Dhan API v2 (Client 1112620458)
2026-07-21 14:00,2026-07-21,14,Gold,61588.1,61891.08,302.98,0.4919,-58.83,10794,78568,61500,12.62,13.12,0.9563,INR/10g,Dhan API v2 (Client 1112620458)
2026-07-21 15:00,2026-07-21,15,Gold,61606.21,61941.21,335.0,0.5438,32.02,9459,79059,61500,12.67,13.17,0.9105,INR/10g,Dhan API v2 (Client 1112620458)
2026-07-21 16:00,2026-07-21,16,Gold,61418.59,61676.88,258.29,0.4205,-76.71,10277,80277,61500,12.47,12.97,0.8833,INR/10g,Dhan API v2 (Client 1112620458)
2026-07-21 17:00,2026-07-21,17,Gold,61567.76,61851.58,283.83,0.461,25.54,1671,79305,61500,12.76,13.26,0.9141,INR/10g,Dhan API v2 (Client 1112620458)
2026-07-21 18:00,2026-07-21,18,Gold,61685.09,62008.26,323.17,0.5239,39.34,2179,79756,61500,13.22,13.72,0.9307,INR/10g,Dhan API v2 (Client 1112620458)
2026-07-21 19:00,2026-07-21,19,Gold,61552.28,61808.2,255.93,0.4158,-67.24,6619,79528,61500,12.45,12.95,0.9275,INR/10g,Dhan API v2 (Client 1112620458)
2026-07-21 20:00,2026-07-21,20,Gold,61386.99,61727.22,340.23,0.5542,84.3,9704,79883,61500,11.99,12.49,0.9594,INR/10g,Dhan API v2 (Client 1112620458)
2026-07-21 21:00,2026-07-21,21,Gold,61419.73,61710.41,290.68,0.4733,-49.55,4081,79415,61500,12.36,12.86,0.9205,INR/10g,Dhan API v2 (Client 1112620458)
2026-07-21 22:00,2026-07-21,22,Gold,61590.93,61928.88,337.95,0.5487,47.27,6127,80193,61500,12.32,12.82,0.9383,INR/10g,Dhan API v2 (Client 1112620458)
2026-07-21 23:00,2026-07-21,23,Gold,61611.84,61808.11,196.26,0.3185,-141.69,1432,78737,61500,13.11,13.61,0.9207,INR/10g,Dhan API v2 (Client 1112620458)
2026-07-22 09:00,2026-07-22,9,Gold,61624.91,62035.07,410.17,0.6656,213.91,1372,80313,61500,12.48,12.98,0.939,INR/10g,Dhan API v2 (Client 1112620458)
2026-07-22 10:00,2026-07-22,10,Gold,61785.85,61931.25,145.4,0.2353,-264.77,4840,80115,62000,12.67,13.17,0.893,INR/10g,Dhan API v2 (Client 1112620458)
2026-07-22 11:00,2026-07-22,11,Gold,61866.96,62081.48,214.52,0.3467,69.12,7137,80902,62000,12.71,13.21,0.9127,INR/10g,Dhan API v2 (Client 1112620458)
2026-07-22 12:00,2026-07-22,12,Gold,61618.51,61988.57,370.05,0.6006,155.53,8410,77895,61500,12.05,12.55,0.8947,INR/10g,Dhan API v2 (Client 1112620458)
2026-07-22 13:00,2026-07-22,13,Gold,61519.27,61820.21,300.94,0.4892,-69.11,14532,79827,61500,11.93,12.43,0.9136,INR/10g,Dhan API v2 (Client 1112620458)
2026-07-22 14:00,2026-07-22,14,Gold,61400.6,61767.17,366.56,0.597,65.62,10790,78368,61500,13.05,13.55,0.9259,INR/10g,Dhan API v2 (Client 1112620458)
2026-07-22 15:00,2026-07-22,15,Gold,61399.05,61729.19,330.14,0.5377,-36.42,2911,79593,61500,13.0,13.5,0.935,INR/10g,Dhan API v2 (Client 1112620458)
2026-07-22 16:00,2026-07-22,16,Gold,61297.34,61625.14,327.8,0.5348,-2.34,5684,80380,61500,12.54,13.04,0.8821,INR/10g,Dhan API v2 (Client 1112620458)
2026-07-22 17:00,2026-07-22,17,Gold,61290.55,61591.84,301.29,0.4916,-26.51,9859,79899,61500,12.8,13.3,0.9328,INR/10g,Dhan API v2 (Client 1112620458)
2026-07-22 18:00,2026-07-22,18,Gold,61364.8,61809.01,444.21,0.7239,142.92,14570,79281,61500,12.99,13.49,0.8986,INR/10g,Dhan API v2 (Client 1112620458)
2026-07-22 19:00,2026-07-22,19,Gold,61453.52,61754.62,301.1,0.49,-143.11,13193,78456,61500,12.69,13.19,0.8976,INR/10g,Dhan API v2 (Client 1112620458)
2026-07-22 20:00,2026-07-22,20,Gold,61724.22,61997.57,273.35,0.4429,-27.75,4744,80072,61500,12.16,12.66,0.918,INR/10g,Dhan API v2 (Client 1112620458)
2026-07-22 21:00,2026-07-22,21,Gold,61711.25,62009.47,298.23,0.4833,24.88,6309,80151,61500,12.5,13.0,0.9332,INR/10g,Dhan API v2 (Client 1112620458)
2026-07-22 22:00,2026-07-22,22,Gold,61581.36,61906.35,324.99,0.5277,26.76,2152,80653,61500,12.35,12.85,0.9075,INR/10g,Dhan API v2 (Client 1112620458)
2026-07-22 23:00,2026-07-22,23,Gold,61683.9,61948.93,265.03,0.4297,-59.96,3549,80208,61500,12.67,13.17,0.9205,INR/10g,Dhan API v2 (Client 1112620458)
2026-07-23 09:00,2026-07-23,9,Gold,61625.79,62034.34,408.55,0.663,143.52,10329,80741,61500,12.35,12.85,0.9095,INR/10g,Dhan API v2 (Client 1112620458)
2026-07-23 10:00,2026-07-23,10,Gold,61725.48,61964.06,238.58,0.3865,-169.97,14212,79056,61500,12.79,13.29,0.9259,INR/10g,Dhan API v2 (Client 1112620458)
2026-07-23 11:00,2026-07-23,11,Gold,61859.98,62206.55,346.56,0.5602,107.98,5809,77969,62000,12.33,12.83,0.9056,INR/10g,Dhan API v2 (Client 1112620458)
2026-07-23 12:00,2026-07-23,12,Gold,61790.54,62173.53,383.0,0.6198,36.44,5731,80330,62000,12.54,13.04,0.9406,INR/10g,Dhan API v2 (Client 1112620458)
2026-07-23 13:00,2026-07-23,13,Gold,61567.55,61825.55,258.0,0.4191,-125.0,4069,81072,61500,12.45,12.95,0.9266,INR/10g,Dhan API v2 (Client 1112620458)
2026-07-23 14:00,2026-07-23,14,Gold,61407.47,61582.26,174.79,0.2846,-83.21,1816,79748,61500,13.09,13.59,0.8794,INR/10g,Dhan API v2 (Client 1112620458)
2026-07-23 15:00,2026-07-23,15,Gold,61546.34,61792.91,246.57,0.4006,71.78,526,79121,61500,12.03,12.53,0.9177,INR/10g,Dhan API v2 (Client 1112620458)
2026-07-23 16:00,2026-07-23,16,Gold,61475.84,61790.84,315.0,0.5124,68.43,1342,78970,61500,12.66,13.16,0.8752,INR/10g,Dhan API v2 (Client 1112620458)
2026-07-23 17:00,2026-07-23,17,Gold,61469.16,61804.99,335.83,0.5463,20.83,7857,78100,61500,12.45,12.95,0.9033,INR/10g,Dhan API v2 (Client 1112620458)
2026-07-23 18:00,2026-07-23,18,Gold,61447.03,61684.41,237.39,0.3863,-98.44,4158,80148,61500,12.58,13.08,0.8945,INR/10g,Dhan API v2 (Client 1112620458)
2026-07-23 19:00,2026-07-23,19,Gold,61735.0,61962.56,227.57,0.3686,-9.82,9093,79605,61500,13.05,13.55,0.9192,INR/10g,Dhan API v2 (Client 1112620458)
2026-07-23 20:00,2026-07-23,20,Gold,61990.8,62210.01,219.21,0.3536,-8.36,14288,79936,62000,12.2,12.7,0.9117,INR/10g,Dhan API v2 (Client 1112620458)
2026-07-23 21:00,2026-07-23,21,Gold,62109.08,62329.8,220.72,0.3554,1.51,9169,81530,62000,12.85,13.35,0.9077,INR/10g,Dhan API v2 (Client 1112620458)
2026-07-23 22:00,2026-07-23,22,Gold,62043.41,62452.27,408.87,0.659,188.15,3819,80500,62000,12.92,13.42,0.9051,INR/10g,Dhan API v2 (Client 1112620458)
2026-07-23 23:00,2026-07-23,23,Gold,62017.68,62385.06,367.38,0.5924,-41.49,4729,79770,62000,12.58,13.08,0.9632,INR/10g,Dhan API v2 (Client 1112620458)
2026-07-24 09:00,2026-07-24,9,Gold,62139.16,62481.33,342.18,0.5507,-25.2,4268,80578,62000,12.37,12.87,0.9289,INR/10g,Dhan API v2 (Client 1112620458)
2026-07-24 10:00,2026-07-24,10,Gold,61908.43,62045.27,136.84,0.221,-205.34,5528,80849,62000,12.82,13.32,0.9258,INR/10g,Dhan API v2 (Client 1112620458)
2026-07-24 11:00,2026-07-24,11,Gold,61900.91,62070.38,169.47,0.2738,32.63,10614,79915,62000,11.93,12.43,0.8857,INR/10g,Dhan API v2 (Client 1112620458)
2026-07-24 12:00,2026-07-24,12,Gold,61786.97,62093.84,306.88,0.4967,137.41,7130,80030,62000,12.71,13.21,0.9383,INR/10g,Dhan API v2 (Client 1112620458)
2026-07-24 13:00,2026-07-24,13,Gold,61585.83,61825.55,239.72,0.3892,-67.16,3065,78575,61500,12.41,12.91,0.9212,INR/10g,Dhan API v2 (Client 1112620458)
2026-07-24 14:00,2026-07-24,14,Gold,61442.2,61793.31,351.11,0.5714,111.39,11722,78880,61500,12.8,13.3,0.895,INR/10g,Dhan API v2 (Client 1112620458)
2026-07-24 15:00,2026-07-24,15,Gold,61544.63,61796.76,252.13,0.4097,-98.98,5767,79662,61500,12.42,12.92,0.9259,INR/10g,Dhan API v2 (Client 1112620458)
2026-07-24 16:00,2026-07-24,16,Gold,61642.44,62068.91,426.47,0.6918,174.34,13619,80300,61500,12.07,12.57,0.9261,INR/10g,Dhan API v2 (Client 1112620458)
2026-07-24 17:00,2026-07-24,17,Gold,61370.53,61672.64,302.11,0.4923,-124.36,7594,80014,61500,12.75,13.25,0.9106,INR/10g,Dhan API v2 (Client 1112620458)
2026-07-24 18:00,2026-07-24,18,Gold,61343.57,61556.48,212.91,0.3471,-89.2,6467,79511,61500,12.14,12.64,0.9137,INR/10g,Dhan API v2 (Client 1112620458)
2026-07-24 19:00,2026-07-24,19,Gold,61321.65,61601.46,279.81,0.4563,66.9,6805,79239,61500,12.93,13.43,0.9036,INR/10g,Dhan API v2 (Client 1112620458)
2026-07-24 20:00,2026-07-24,20,Gold,61279.57,61414.01,134.44,0.2194,-145.37,10185,77146,61500,12.87,13.37,0.9107,INR/10g,Dhan API v2 (Client 1112620458)
2026-07-24 21:00,2026-07-24,21,Gold,60955.14,61352.5,397.36,0.6519,262.92,4831,81506,61000,12.51,13.01,0.9436,INR/10g,Dhan API v2 (Client 1112620458)
2026-07-24 22:00,2026-07-24,22,Gold,60860.35,60849.2,-11.15,-0.0183,-408.51,2626,78652,61000,13.17,13.67,0.9278,INR/10g,Dhan API v2 (Client 1112620458)
2026-07-24 23:00,2026-07-24,23,Gold,60705.42,61294.4,588.99,0.9702,600.14,12003,77944,60500,12.87,13.37,0.9071,INR/10g,Dhan API v2 (Client 1112620458)
2026-07-27 09:00,2026-07-27,9,Gold,60625.28,60649.71,24.43,0.0403,-564.56,7638,78494,60500,12.29,12.79,0.9034,INR/10g,Dhan API v2 (Client 1112620458)
2026-07-27 10:00,2026-07-27,10,Gold,60390.47,60581.23,190.76,0.3159,166.33,1302,78214,60500,12.71,13.21,0.8894,INR/10g,Dhan API v2 (Client 1112620458)
2026-07-27 11:00,2026-07-27,11,Gold,60341.87,60647.6,305.73,0.5067,114.97,599,79858,60500,12.88,13.38,0.8977,INR/10g,Dhan API v2 (Client 1112620458)
2026-07-27 12:00,2026-07-27,12,Gold,60359.74,60677.9,318.16,0.5271,12.43,5298,79648,60500,12.79,13.29,0.9067,INR/10g,Dhan API v2 (Client 1112620458)
2026-07-27 13:00,2026-07-27,13,Gold,60419.83,60821.48,401.66,0.6648,83.5,5202,79429,60500,12.8,13.3,0.9405,INR/10g,Dhan API v2 (Client 1112620458)
2026-07-27 14:00,2026-07-27,14,Gold,60479.46,60668.93,189.47,0.3133,-212.19,6853,77945,60500,12.46,12.96,0.8896,INR/10g,Dhan API v2 (Client 1112620458)
2026-07-27 15:00,2026-07-27,15,Gold,60428.43,60565.69,137.26,0.2271,-52.21,619,80012,60500,12.85,13.35,0.9342,INR/10g,Dhan API v2 (Client 1112620458)
2026-07-27 16:00,2026-07-27,16,Gold,60129.21,60190.95,61.74,0.1027,-75.52,2950,80928,60000,12.14,12.64,0.926,INR/10g,Dhan API v2 (Client 1112620458)
2026-07-27 17:00,2026-07-27,17,Gold,60273.84,60504.87,231.03,0.3833,169.29,6046,80345,60500,12.56,13.06,0.9437,INR/10g,Dhan API v2 (Client 1112620458)
2026-07-27 18:00,2026-07-27,18,Gold,60138.28,60590.18,451.9,0.7514,220.87,8743,80666,60000,12.6,13.1,0.9119,INR/10g,Dhan API v2 (Client 1112620458)
2026-07-27 19:00,2026-07-27,19,Gold,60163.19,60360.95,197.76,0.3287,-254.14,6636,79578,60000,12.88,13.38,0.8939,INR/10g,Dhan API v2 (Client 1112620458)
2026-07-27 20:00,2026-07-27,20,Gold,60189.03,60489.96,300.93,0.5,103.17,9470,80875,60000,13.12,13.62,0.8968,INR/10g,Dhan API v2 (Client 1112620458)
2026-07-27 21:00,2026-07-27,21,Gold,59921.6,60183.63,262.03,0.4373,-38.9,6019,77812,60000,12.77,13.27,0.9496,INR/10g,Dhan API v2 (Client 1112620458)
2026-07-27 22:00,2026-07-27,22,Gold,59859.17,60169.45,310.28,0.5183,48.25,4098,78815,60000,12.74,13.24,0.8987,INR/10g,Dhan API v2 (Client 1112620458)
2026-07-27 23:00,2026-07-27,23,Gold,59774.26,59840.65,66.39,0.1111,-243.89,7151,77871,60000,12.13,12.63,0.9354,INR/10g,Dhan API v2 (Client 1112620458)
2026-07-28 09:00,2026-07-28,9,Gold,59829.02,59971.58,142.57,0.2383,76.18,2062,79825,60000,13.02,13.52,0.9144,INR/10g,Dhan API v2 (Client 1112620458)
2026-07-28 10:00,2026-07-28,10,Gold,59750.2,60109.81,359.61,0.6019,217.04,11653,80487,60000,12.75,13.25,0.8884,INR/10g,Dhan API v2 (Client 1112620458)
2026-07-28 11:00,2026-07-28,11,Gold,59737.73,59910.37,172.64,0.289,-186.97,11523,79635,59500,12.75,13.25,0.9216,INR/10g,Dhan API v2 (Client 1112620458)
2026-07-28 12:00,2026-07-28,12,Gold,59755.32,59839.27,83.95,0.1405,-88.69,3727,78495,60000,12.68,13.18,0.9053,INR/10g,Dhan API v2 (Client 1112620458)
2026-07-28 13:00,2026-07-28,13,Gold,59709.0,59975.97,266.97,0.4471,183.02,851,79111,59500,12.08,12.58,0.9172,INR/10g,Dhan API v2 (Client 1112620458)
2026-07-28 14:00,2026-07-28,14,Gold,59648.49,59958.43,309.93,0.5196,42.96,13903,80331,59500,12.59,13.09,0.8782,INR/10g,Dhan API v2 (Client 1112620458)
2026-07-28 15:00,2026-07-28,15,Gold,59588.42,59837.64,249.22,0.4182,-60.71,12575,79554,59500,12.82,13.32,0.8855,INR/10g,Dhan API v2 (Client 1112620458)
2026-07-28 16:00,2026-07-28,16,Gold,59592.18,59864.77,272.59,0.4574,23.37,4373,79536,59500,12.53,13.03,0.8745,INR/10g,Dhan API v2 (Client 1112620458)
2026-07-28 17:00,2026-07-28,17,Gold,59236.58,59323.83,87.26,0.1473,-185.33,3361,79860,59000,12.75,13.25,0.9181,INR/10g,Dhan API v2 (Client 1112620458)
2026-07-28 18:00,2026-07-28,18,Gold,59073.47,59432.35,358.88,0.6075,271.62,4068,80250,59000,13.1,13.6,0.9169,INR/10g,Dhan API v2 (Client 1112620458)
2026-07-28 19:00,2026-07-28,19,Gold,59021.72,59235.3,213.59,0.3619,-145.29,5141,78557,59000,12.22,12.72,0.9543,INR/10g,Dhan API v2 (Client 1112620458)
2026-07-28 20:00,2026-07-28,20,Gold,59011.38,59313.1,301.72,0.5113,88.13,7712,80792,59000,12.31,12.81,0.9101,INR/10g,Dhan API v2 (Client 1112620458)
2026-07-28 21:00,2026-07-28,21,Gold,59094.0,59341.42,247.43,0.4187,-54.29,11394,80142,59000,12.61,13.11,0.9115,INR/10g,Dhan API v2 (Client 1112620458)
2026-07-28 22:00,2026-07-28,22,Gold,59055.91,59378.0,322.1,0.5454,74.67,2458,78665,59000,12.2,12.7,0.9089,INR/10g,Dhan API v2 (Client 1112620458)
2026-07-28 23:00,2026-07-28,23,Gold,59419.96,59572.7,152.74,0.257,-169.36,6968,79290,59500,12.66,13.16,0.9128,INR/10g,Dhan API v2 (Client 1112620458)
2026-07-29 09:00,2026-07-29,9,Gold,59591.44,59898.79,307.35,0.5158,154.61,13868,79726,59500,12.88,13.38,0.8892,INR/10g,Dhan API v2 (Client 1112620458)
2026-07-29 10:00,2026-07-29,10,Gold,59541.89,59883.15,341.26,0.5732,33.91,5627,79168,59500,12.81,13.31,0.9406,INR/10g,Dhan API v2 (Client 1112620458)
2026-07-29 11:00,2026-07-29,11,Gold,59218.95,59310.56,91.61,0.1547,-249.65,13993,80386,59000,11.74,12.24,0.9093,INR/10g,Dhan API v2 (Client 1112620458)
2026-07-29 12:00,2026-07-29,12,Gold,59319.11,59372.35,53.24,0.0898,-38.37,8857,78915,59500,12.67,13.17,0.9306,INR/10g,Dhan API v2 (Client 1112620458)
2026-07-29 13:00,2026-07-29,13,Gold,59340.33,59424.49,84.16,0.1418,30.92,6228,79646,59500,12.9,13.4,0.9196,INR/10g,Dhan API v2 (Client 1112620458)
2026-07-29 14:00,2026-07-29,14,Gold,59024.07,59256.2,232.12,0.3933,147.96,4626,78552,59000,12.51,13.01,0.9121,INR/10g,Dhan API v2 (Client 1112620458)
2026-07-29 15:00,2026-07-29,15,Gold,59199.97,59531.61,331.63,0.5602,99.51,5810,79722,59000,12.64,13.14,0.9596,INR/10g,Dhan API v2 (Client 1112620458)
2026-07-29 16:00,2026-07-29,16,Gold,59311.41,59458.9,147.49,0.2487,-184.14,2949,79066,59500,12.87,13.37,0.8964,INR/10g,Dhan API v2 (Client 1112620458)
2026-07-29 17:00,2026-07-29,17,Gold,59168.19,59293.59,125.4,0.2119,-22.09,5983,79678,59000,12.51,13.01,0.9141,INR/10g,Dhan API v2 (Client 1112620458)
2026-07-29 18:00,2026-07-29,18,Gold,59248.21,59374.23,126.02,0.2127,0.62,10094,79459,59000,12.56,13.06,0.9273,INR/10g,Dhan API v2 (Client 1112620458)
2026-07-29 19:00,2026-07-29,19,Gold,59294.06,59461.82,167.76,0.2829,41.74,4878,78766,59500,12.14,12.64,0.9079,INR/10g,Dhan API v2 (Client 1112620458)
2026-07-29 20:00,2026-07-29,20,Gold,59254.32,59365.73,111.41,0.188,-56.35,3341,80175,59500,12.05,12.55,0.9477,INR/10g,Dhan API v2 (Client 1112620458)
2026-07-29 21:00,2026-07-29,21,Gold,59333.06,59403.84,70.78,0.1193,-40.63,12171,79423,59500,11.83,12.33,0.9057,INR/10g,Dhan API v2 (Client 1112620458)
2026-07-29 22:00,2026-07-29,22,Gold,59335.11,59551.71,216.6,0.3651,145.82,14708,78148,59500,12.38,12.88,0.895,INR/10g,Dhan API v2 (Client 1112620458)
2026-07-29 23:00,2026-07-29,23,Gold,59541.88,59859.51,317.63,0.5334,101.03,9206,79804,59500,12.55,13.05,0.9542,INR/10g,Dhan API v2 (Client 1112620458)
2026-07-30 09:00,2026-07-30,9,Gold,59526.18,59798.25,272.07,0.4571,-45.56,3170,79745,59500,12.72,13.22,0.9074,INR/10g,Dhan API v2 (Client 1112620458)
2026-07-30 10:00,2026-07-30,10,Gold,59413.15,59633.83,220.67,0.3714,-51.4,12530,79163,59500,12.27,12.77,0.9225,INR/10g,Dhan API v2 (Client 1112620458)
2026-07-30 11:00,2026-07-30,11,Gold,59278.97,59670.26,391.29,0.6601,170.62,6980,80054,59500,12.3,12.8,0.9088,INR/10g,Dhan API v2 (Client 1112620458)
2026-07-30 12:00,2026-07-30,12,Gold,59195.59,59404.61,209.02,0.3531,-182.27,12040,79428,59000,12.75,13.25,0.948,INR/10g,Dhan API v2 (Client 1112620458)
2026-07-30 13:00,2026-07-30,13,Gold,59343.7,59646.28,302.58,0.5099,93.56,3277,78735,59500,13.19,13.69,0.9091,INR/10g,Dhan API v2 (Client 1112620458)
2026-07-30 14:00,2026-07-30,14,Gold,59185.53,59449.44,263.9,0.4459,-38.68,4898,78830,59000,12.72,13.22,0.9146,INR/10g,Dhan API v2 (Client 1112620458)
2026-07-30 15:00,2026-07-30,15,Gold,59264.49,59346.57,82.07,0.1385,-181.83,7664,79507,59500,12.12,12.62,0.899,INR/10g,Dhan API v2 (Client 1112620458)
2026-07-30 16:00,2026-07-30,16,Gold,59364.22,59410.46,46.24,0.0779,-35.83,10394,79345,59500,12.44,12.94,0.887,INR/10g,Dhan API v2 (Client 1112620458)
2026-07-30 17:00,2026-07-30,17,Gold,59475.59,59809.28,333.69,0.561,287.45,6767,79723,59500,12.94,13.44,0.8924,INR/10g,Dhan API v2 (Client 1112620458)
2026-07-30 18:00,2026-07-30,18,Gold,59317.51,59525.23,207.72,0.3502,-125.97,6843,80433,59500,12.75,13.25,0.9388,INR/10g,Dhan API v2 (Client 1112620458)
2026-07-30 19:00,2026-07-30,19,Gold,59439.8,59617.96,178.16,0.2997,-29.56,840,78893,59500,12.59,13.09,0.9569,INR/10g,Dhan API v2 (Client 1112620458)
2026-07-30 20:00,2026-07-30,20,Gold,59303.11,59361.21,58.1,0.098,-120.06,7808,80080,59500,12.17,12.67,0.9136,INR/10g,Dhan API v2 (Client 1112620458)
2026-07-30 21:00,2026-07-30,21,Gold,59230.44,59404.59,174.15,0.294,116.05,2508,78905,59000,12.47,12.97,0.9326,INR/10g,Dhan API v2 (Client 1112620458)
2026-07-30 22:00,2026-07-30,22,Gold,59192.23,59371.69,179.46,0.3032,5.31,9433,80383,59000,12.5,13.0,0.9043,INR/10g,Dhan API v2 (Client 1112620458)
2026-07-30 23:00,2026-07-30,23,Gold,58967.56,59128.15,160.59,0.2723,-18.87,5942,80681,59000,12.62,13.12,0.9178,INR/10g,Dhan API v2 (Client 1112620458)
2026-07-31 09:00,2026-07-31,9,Gold,58924.63,59188.39,263.76,0.4476,103.17,2534,79109,59000,12.73,13.23,0.908,INR/10g,Dhan API v2 (Client 1112620458)
2026-07-31 10:00,2026-07-31,10,Gold,58891.53,59149.77,258.24,0.4385,-5.52,14052,79888,59000,12.06,12.56,0.8801,INR/10g,Dhan API v2 (Client 1112620458)
2026-07-31 11:00,2026-07-31,11,Gold,58924.73,58967.72,42.99,0.073,-215.25,4369,79620,59000,12.51,13.01,0.8883,INR/10g,Dhan API v2 (Client 1112620458)
2026-07-31 12:00,2026-07-31,12,Gold,59108.47,59318.24,209.77,0.3549,166.78,4065,80227,59000,12.27,12.77,0.8881,INR/10g,Dhan API v2 (Client 1112620458)
2026-07-31 13:00,2026-07-31,13,Gold,59055.19,59366.67,311.49,0.5274,101.72,8500,79576,59000,12.84,13.34,0.9133,INR/10g,Dhan API v2 (Client 1112620458)
2026-07-31 14:00,2026-07-31,14,Gold,58905.65,59139.5,233.85,0.397,-77.64,4854,80994,59000,12.54,13.04,0.9138,INR/10g,Dhan API v2 (Client 1112620458)
2026-07-31 15:00,2026-07-31,15,Gold,58966.6,59183.86,217.26,0.3685,-16.59,10087,79600,59000,12.73,13.23,0.8683,INR/10g,Dhan API v2 (Client 1112620458)
2026-07-31 16:00,2026-07-31,16,Gold,58828.88,59083.77,254.88,0.4333,37.62,1649,80267,59000,12.03,12.53,0.9525,INR/10g,Dhan API v2 (Client 1112620458)
2026-07-31 17:00,2026-07-31,17,Gold,58923.44,59207.27,283.83,0.4817,28.95,5313,80178,59000,12.84,13.34,0.8985,INR/10g,Dhan API v2 (Client 1112620458)
2026-07-31 18:00,2026-07-31,18,Gold,58918.24,59067.02,148.77,0.2525,-135.06,3679,80439,59000,12.28,12.78,0.9519,INR/10g,Dhan API v2 (Client 1112620458)
2026-07-31 19:00,2026-07-31,19,Gold,58924.95,59044.25,119.3,0.2025,-29.47,2958,81185,59000,12.26,12.76,0.941,INR/10g,Dhan API v2 (Client 1112620458)
2026-07-31 20:00,2026-07-31,20,Gold,58962.61,59109.92,147.3,0.2498,28.0,9527,80080,59000,12.26,12.76,0.8982,INR/10g,Dhan API v2 (Client 1112620458)
2026-07-31 21:00,2026-07-31,21,Gold,59167.83,59247.49,79.66,0.1346,-67.64,3786,78775,59000,12.43,12.93,0.9122,INR/10g,Dhan API v2 (Client 1112620458)
2026-07-31 22:00,2026-07-31,22,Gold,59327.66,59393.28,65.62,0.1106,-14.04,13165,81987,59500,11.89,12.39,0.9247,INR/10g,Dhan API v2 (Client 1112620458)
2026-07-31 23:00,2026-07-31,23,Gold,59257.98,59398.81,140.83,0.2377,75.21,7081,79745,59500,12.34,12.84,0.8852,INR/10g,Dhan API v2 (Client 1112620458)
2026-08-03 09:00,2026-08-03,9,Gold,59252.25,59297.42,45.17,0.0762,-95.66,9331,78418,59500,12.91,13.41,0.9438,INR/10g,Dhan API v2 (Client 1112620458)
2026-08-03 10:00,2026-08-03,10,Gold,59184.37,59244.08,59.71,0.1009,14.54,4492,79323,59000,12.65,13.15,0.9018,INR/10g,Dhan API v2 (Client 1112620458)
2026-08-03 11:00,2026-08-03,11,Gold,59308.85,59492.22,183.37,0.3092,123.66,9431,79331,59500,12.25,12.75,0.9064,INR/10g,Dhan API v2 (Client 1112620458)
2026-08-03 12:00,2026-08-03,12,Gold,59284.07,59592.97,308.9,0.521,125.53,9041,80856,59500,11.95,12.45,0.915,INR/10g,Dhan API v2 (Client 1112620458)
2026-08-03 13:00,2026-08-03,13,Gold,59348.4,59664.69,316.29,0.5329,7.39,5474,79470,59500,12.41,12.91,0.8797,INR/10g,Dhan API v2 (Client 1112620458)
2026-08-03 14:00,2026-08-03,14,Gold,59267.19,59505.75,238.55,0.4025,-77.74,12768,80447,59500,12.91,13.41,0.901,INR/10g,Dhan API v2 (Client 1112620458)
2026-08-03 15:00,2026-08-03,15,Gold,59463.1,59831.33,368.23,0.6193,129.68,5218,80536,59500,12.8,13.3,0.9356,INR/10g,Dhan API v2 (Client 1112620458)
2026-08-03 16:00,2026-08-03,16,Gold,59622.7,59707.0,84.3,0.1414,-283.93,12986,78348,59500,12.91,13.41,0.893,INR/10g,Dhan API v2 (Client 1112620458)
2026-08-03 17:00,2026-08-03,17,Gold,59681.2,59946.78,265.58,0.445,181.28,2767,78709,59500,12.53,13.03,0.9298,INR/10g,Dhan API v2 (Client 1112620458)
2026-08-03 18:00,2026-08-03,18,Gold,59564.13,59708.11,143.99,0.2417,-121.59,3296,79075,59500,12.89,13.39,0.8955,INR/10g,Dhan API v2 (Client 1112620458)
2026-08-03 19:00,2026-08-03,19,Gold,59485.7,59658.68,172.98,0.2908,28.99,14479,79273,59500,12.55,13.05,0.9225,INR/10g,Dhan API v2 (Client 1112620458)
2026-08-03 20:00,2026-08-03,20,Gold,59173.39,59295.47,122.09,0.2063,-50.89,14880,81423,59000,12.85,13.35,0.8978,INR/10g,Dhan API v2 (Client 1112620458)
2026-08-03 21:00,2026-08-03,21,Gold,59214.49,59396.68,182.2,0.3077,60.11,8218,80838,59000,12.66,13.16,0.9044,INR/10g,Dhan API v2 (Client 1112620458)
2026-08-03 22:00,2026-08-03,22,Gold,59244.56,59325.07,80.52,0.1359,-101.68,14812,80311,59000,13.31,13.81,0.9115,INR/10g,Dhan API v2 (Client 1112620458)
2026-08-03 23:00,2026-08-03,23,Gold,59309.62,59474.08,164.46,0.2773,83.94,8618,79568,59500,12.62,13.12,0.9131,INR/10g,Dhan API v2 (Client 1112620458)
2026-08-04 09:00,2026-08-04,9,Gold,59496.55,59725.38,228.82,0.3846,64.36,14327,79053,59500,12.67,13.17,0.8858,INR/10g,Dhan API v2 (Client 1112620458)
2026-08-04 10:00,2026-08-04,10,Gold,59741.76,59953.31,211.55,0.3541,-17.27,13786,78737,59500,12.92,13.42,0.9219,INR/10g,Dhan API v2 (Client 1112620458)
2026-08-04 11:00,2026-08-04,11,Gold,59661.53,59911.26,249.73,0.4186,38.18,3559,81335,59500,12.32,12.82,0.9172,INR/10g,Dhan API v2 (Client 1112620458)
2026-08-04 12:00,2026-08-04,12,Gold,59452.7,59624.19,171.49,0.2884,-78.24,1115,80282,59500,12.76,13.26,0.9212,INR/10g,Dhan API v2 (Client 1112620458)
2026-08-04 13:00,2026-08-04,13,Gold,59630.34,59699.29,68.95,0.1156,-102.54,3893,79817,59500,12.58,13.08,0.9062,INR/10g,Dhan API v2 (Client 1112620458)
2026-08-04 14:00,2026-08-04,14,Gold,59544.95,59562.0,17.05,0.0286,-51.9,3288,79871,59500,12.99,13.49,0.8997,INR/10g,Dhan API v2 (Client 1112620458)
2026-08-04 15:00,2026-08-04,15,Gold,59563.34,59717.97,154.62,0.2596,137.57,7892,78480,59500,12.84,13.34,0.944,INR/10g,Dhan API v2 (Client 1112620458)
2026-08-04 16:00,2026-08-04,16,Gold,59440.72,59612.62,171.91,0.2892,17.29,9970,80318,59500,13.02,13.52,0.9299,INR/10g,Dhan API v2 (Client 1112620458)
2026-08-04 17:00,2026-08-04,17,Gold,59508.75,59920.31,411.56,0.6916,239.65,777,78446,59500,12.54,13.04,0.9153,INR/10g,Dhan API v2 (Client 1112620458)
2026-08-04 18:00,2026-08-04,18,Gold,59671.65,59853.43,181.78,0.3046,-229.78,8328,79716,59500,12.83,13.33,0.915,INR/10g,Dhan API v2 (Client 1112620458)
2026-08-04 19:00,2026-08-04,19,Gold,59700.36,59713.39,13.02,0.0218,-168.76,14347,81373,59500,12.61,13.11,0.9103,INR/10g,Dhan API v2 (Client 1112620458)
2026-08-04 20:00,2026-08-04,20,Gold,59700.92,59813.43,112.51,0.1885,99.49,12892,79983,59500,12.12,12.62,0.9533,INR/10g,Dhan API v2 (Client 1112620458)
2026-08-04 21:00,2026-08-04,21,Gold,59622.1,59781.2,159.1,0.2668,46.59,5184,80252,59500,12.57,13.07,0.9443,INR/10g,Dhan API v2 (Client 1112620458)
2026-08-04 22:00,2026-08-04,22,Gold,59350.31,59475.11,124.8,0.2103,-34.3,9611,80614,59500,12.27,12.77,0.9406,INR/10g,Dhan API v2 (Client 1112620458)
2026-08-04 23:00,2026-08-04,23,Gold,59670.68,59960.85,290.18,0.4863,165.38,4249,78795,59500,12.52,13.02,0.8709,INR/10g,Dhan API v2 (Client 1112620458)
2026-08-05 09:00,2026-08-05,9,Gold,59840.34,60036.31,195.96,0.3275,-94.22,9998,79665,60000,12.93,13.43,0.9497,INR/10g,Dhan API v2 (Client 1112620458)
2026-08-05 10:00,2026-08-05,10,Gold,59499.79,59592.36,92.57,0.1556,-103.39,2343,77930,59500,13.05,13.55,0.9145,INR/10g,Dhan API v2 (Client 1112620458)
2026-08-05 11:00,2026-08-05,11,Gold,59210.9,59526.95,316.05,0.5338,223.48,2606,78497,59000,12.34,12.84,0.9191,INR/10g,Dhan API v2 (Client 1112620458)
2026-08-05 12:00,2026-08-05,12,Gold,59425.47,59562.41,136.94,0.2304,-179.11,14786,79177,59500,12.5,13.0,0.9228,INR/10g,Dhan API v2 (Client 1112620458)
2026-08-05 13:00,2026-08-05,13,Gold,59512.59,59687.05,174.46,0.2931,37.52,13019,77873,59500,12.76,13.26,0.9151,INR/10g,Dhan API v2 (Client 1112620458)
2026-08-05 14:00,2026-08-05,14,Gold,59523.51,59745.28,221.78,0.3726,47.32,9411,79863,59500,13.24,13.74,0.9115,INR/10g,Dhan API v2 (Client 1112620458)
2026-08-05 15:00,2026-08-05,15,Gold,59498.17,59744.86,246.69,0.4146,24.91,1917,78743,59500,12.57,13.07,0.9453,INR/10g,Dhan API v2 (Client 1112620458)
2026-08-05 16:00,2026-08-05,16,Gold,59635.03,59850.77,215.74,0.3618,-30.95,3313,80399,59500,12.5,13.0,0.93,INR/10g,Dhan API v2 (Client 1112620458)
2026-08-05 17:00,2026-08-05,17,Gold,59648.7,59811.75,163.05,0.2733,-52.69,4360,78799,59500,12.19,12.69,0.9239,INR/10g,Dhan API v2 (Client 1112620458)
2026-08-05 18:00,2026-08-05,18,Gold,59628.12,59877.09,248.97,0.4175,85.92,10820,80052,59500,12.33,12.83,0.9212,INR/10g,Dhan API v2 (Client 1112620458)
2026-08-05 19:00,2026-08-05,19,Gold,59704.93,59923.51,218.58,0.3661,-30.39,9379,79308,59500,12.21,12.71,0.9271,INR/10g,Dhan API v2 (Client 1112620458)
2026-08-05 20:00,2026-08-05,20,Gold,59878.63,60089.2,210.57,0.3517,-8.01,13312,80419,60000,12.67,13.17,0.8945,INR/10g,Dhan API v2 (Client 1112620458)
2026-08-05 21:00,2026-08-05,21,Gold,60096.73,60381.16,284.43,0.4733,73.86,1240,79760,60000,12.57,13.07,0.9613,INR/10g,Dhan API v2 (Client 1112620458)
2026-08-05 22:00,2026-08-05,22,Gold,60149.73,60340.08,190.35,0.3165,-94.08,12136,79661,60000,12.94,13.44,0.9293,INR/10g,Dhan API v2 (Client 1112620458)
2026-08-05 23:00,2026-08-05,23,Gold,60254.34,60518.39,264.05,0.4382,73.7,939,78462,60500,13.05,13.55,0.8691,INR/10g,Dhan API v2 (Client 1112620458)
2026-08-06 09:00,2026-08-06,9,Gold,60293.51,60417.66,124.15,0.2059,-139.9,8499,78726,60500,13.05,13.55,0.9504,INR/10g,Dhan API v2 (Client 1112620458)
2026-08-06 10:00,2026-08-06,10,Gold,60407.43,60440.25,32.82,0.0543,-91.33,7154,77700,60500,12.44,12.94,0.9282,INR/10g,Dhan API v2 (Client 1112620458)
2026-08-06 11:00,2026-08-06,11,Gold,60768.84,60811.44,42.6,0.0701,9.78,12281,78485,61000,12.65,13.15,0.9106,INR/10g,Dhan API v2 (Client 1112620458)
2026-08-06 12:00,2026-08-06,12,Gold,60608.54,60828.88,220.34,0.3635,177.74,12293,80115,60500,13.04,13.54,0.8839,INR/10g,Dhan API v2 (Client 1112620458)
2026-08-06 13:00,2026-08-06,13,Gold,60408.01,60634.46,226.45,0.3749,6.11,6562,78638,60500,12.61,13.11,0.9518,INR/10g,Dhan API v2 (Client 1112620458)
2026-08-06 14:00,2026-08-06,14,Gold,60415.71,60561.74,146.03,0.2417,-80.42,7369,80041,60500,12.09,12.59,0.8987,INR/10g,Dhan API v2 (Client 1112620458)
2026-08-06 15:00,2026-08-06,15,Gold,60325.17,60549.52,224.35,0.3719,78.32,5257,78226,60500,12.81,13.31,0.9588,INR/10g,Dhan API v2 (Client 1112620458)
2026-08-06 16:00,2026-08-06,16,Gold,60358.93,60547.07,188.13,0.3117,-36.22,14345,80458,60500,12.63,13.13,0.8743,INR/10g,Dhan API v2 (Client 1112620458)
2026-08-06 17:00,2026-08-06,17,Gold,60320.69,60576.43,255.75,0.424,67.62,8596,79444,60500,12.71,13.21,0.9202,INR/10g,Dhan API v2 (Client 1112620458)
2026-08-06 18:00,2026-08-06,18,Gold,60183.04,60377.09,194.05,0.3224,-61.7,2287,79552,60000,12.55,13.05,0.9008,INR/10g,Dhan API v2 (Client 1112620458)
2026-08-06 19:00,2026-08-06,19,Gold,60430.03,60724.45,294.43,0.4872,100.38,1753,78952,60500,12.48,12.98,0.9237,INR/10g,Dhan API v2 (Client 1112620458)
2026-08-06 20:00,2026-08-06,20,Gold,60355.25,60502.52,147.27,0.244,-147.16,5282,80458,60500,12.71,13.21,0.9405,INR/10g,Dhan API v2 (Client 1112620458)
2026-08-06 21:00,2026-08-06,21,Gold,60381.01,60472.81,91.8,0.152,-55.47,6443,78820,60500,12.74,13.24,0.9179,INR/10g,Dhan API v2 (Client 1112620458)
2026-08-06 22:00,2026-08-06,22,Gold,60502.81,60561.17,58.36,0.0965,-33.44,1735,78969,60500,12.15,12.65,0.8718,INR/10g,Dhan API v2 (Client 1112620458)
2026-08-06 23:00,2026-08-06,23,Gold,60275.91,60427.56,151.66,0.2516,93.3,5322,79355,60500,12.2,12.7,0.9239,INR/10g,Dhan API v2 (Client 1112620458)
2026-08-07 09:00,2026-08-07,9,Gold,60266.66,60412.54,145.88,0.2421,-5.78,819,78722,60500,12.74,13.24,0.9372,INR/10g,Dhan API v2 (Client 1112620458)
2026-08-07 10:00,2026-08-07,10,Gold,60032.66,60099.05,66.39,0.1106,-79.49,7643,80399,60000,12.56,13.06,0.9275,INR/10g,Dhan API v2 (Client 1112620458)
2026-08-07 11:00,2026-08-07,11,Gold,60057.5,60258.4,200.9,0.3345,134.51,2935,79858,60000,12.32,12.82,0.9239,INR/10g,Dhan API v2 (Client 1112620458)
2026-08-07 12:00,2026-08-07,12,Gold,60071.67,60134.59,62.92,0.1047,-137.98,9559,78859,60000,12.35,12.85,0.9197,INR/10g,Dhan API v2 (Client 1112620458)
2026-08-07 13:00,2026-08-07,13,Gold,60257.72,60388.2,130.48,0.2165,67.56,9767,80350,60500,12.89,13.39,0.8958,INR/10g,Dhan API v2 (Client 1112620458)
2026-08-07 14:00,2026-08-07,14,Gold,60407.72,60599.26,191.54,0.3171,61.06,10173,80543,60500,12.69,13.19,0.9101,INR/10g,Dhan API v2 (Client 1112620458)
2026-08-07 15:00,2026-08-07,15,Gold,60337.99,60548.1,210.11,0.3482,18.57,4448,79767,60500,12.5,13.0,0.9168,INR/10g,Dhan API v2 (Client 1112620458)
2026-08-07 16:00,2026-08-07,16,Gold,60456.21,60665.93,209.71,0.3469,-0.4,3799,80826,60500,13.34,13.84,0.9432,INR/10g,Dhan API v2 (Client 1112620458)
2026-08-07 17:00,2026-08-07,17,Gold,60456.07,60395.06,-61.01,-0.1009,-270.72,14672,79426,60500,12.41,12.91,0.9252,INR/10g,Dhan API v2 (Client 1112620458)
2026-08-07 18:00,2026-08-07,18,Gold,60401.1,60637.45,236.36,0.3913,297.37,7314,80251,60500,12.74,13.24,0.9147,INR/10g,Dhan API v2 (Client 1112620458)
2026-08-07 19:00,2026-08-07,19,Gold,60200.95,60520.46,319.52,0.5308,83.16,5414,79092,60000,12.66,13.16,0.9478,INR/10g,Dhan API v2 (Client 1112620458)
2026-08-07 20:00,2026-08-07,20,Gold,60173.28,60315.96,142.68,0.2371,-176.84,11771,78444,60000,11.89,12.39,0.9092,INR/10g,Dhan API v2 (Client 1112620458)
2026-08-07 21:00,2026-08-07,21,Gold,60086.89,60177.56,90.67,0.1509,-52.01,6061,80415,60000,12.85,13.35,0.891,INR/10g,Dhan API v2 (Client 1112620458)
2026-08-07 22:00,2026-08-07,22,Gold,60369.37,60724.54,355.16,0.5883,264.49,6075,77904,60500,12.62,13.12,0.9111,INR/10g,Dhan API v2 (Client 1112620458)
2026-08-07 23:00,2026-08-07,23,Gold,60235.49,60258.92,23.43,0.0389,-331.73,6125,78418,60000,12.5,13.0,0.9396,INR/10g,Dhan API v2 (Client 1112620458)
2026-08-10 09:00,2026-08-10,9,Gold,60296.96,60478.04,181.08,0.3003,157.65,518,79692,60500,12.9,13.4,0.9088,INR/10g,Dhan API v2 (Client 1112620458)
2026-08-10 10:00,2026-08-10,10,Gold,60261.95,60307.87,45.92,0.0762,-135.16,6375,81910,60500,12.84,13.34,0.8865,INR/10g,Dhan API v2 (Client 1112620458)
2026-08-10 11:00,2026-08-10,11,Gold,60527.17,60567.23,40.07,0.0662,-5.85,4672,79468,60500,12.42,12.92,0.9377,INR/10g,Dhan API v2 (Client 1112620458)
2026-08-10 12:00,2026-08-10,12,Gold,60545.45,60776.02,230.57,0.3808,190.5,8093,79227,60500,13.15,13.65,0.9204,INR/10g,Dhan API v2 (Client 1112620458)
2026-08-10 13:00,2026-08-10,13,Gold,60709.62,60774.57,64.96,0.107,-165.61,13390,79350,60500,12.68,13.18,0.8912,INR/10g,Dhan API v2 (Client 1112620458)
2026-08-10 14:00,2026-08-10,14,Gold,60824.82,61042.71,217.89,0.3582,152.93,3963,78781,61000,12.24,12.74,0.9193,INR/10g,Dhan API v2 (Client 1112620458)
2026-08-10 15:00,2026-08-10,15,Gold,60767.8,60710.5,-57.3,-0.0943,-275.19,2855,79264,61000,12.29,12.79,0.9117,INR/10g,Dhan API v2 (Client 1112620458)
2026-08-10 16:00,2026-08-10,16,Gold,60961.73,61107.46,145.73,0.2391,203.03,14525,79144,61000,12.33,12.83,0.8982,INR/10g,Dhan API v2 (Client 1112620458)
2026-08-10 17:00,2026-08-10,17,Gold,61107.16,61077.61,-29.55,-0.0484,-175.28,13498,79207,61000,12.75,13.25,0.938,INR/10g,Dhan API v2 (Client 1112620458)
2026-08-10 18:00,2026-08-10,18,Gold,61013.02,61249.21,236.2,0.3871,265.75,11343,78649,61000,12.57,13.07,0.8818,INR/10g,Dhan API v2 (Client 1112620458)
2026-08-10 19:00,2026-08-10,19,Gold,61189.1,61378.5,189.4,0.3095,-46.8,6824,79588,61000,12.84,13.34,0.9157,INR/10g,Dhan API v2 (Client 1112620458)
2026-08-10 20:00,2026-08-10,20,Gold,61334.07,61553.48,219.42,0.3577,30.02,10591,80497,61500,12.15,12.65,0.9279,INR/10g,Dhan API v2 (Client 1112620458)
2026-08-10 21:00,2026-08-10,21,Gold,61196.09,61374.5,178.41,0.2915,-41.01,9515,80420,61000,12.48,12.98,0.9053,INR/10g,Dhan API v2 (Client 1112620458)
2026-08-10 22:00,2026-08-10,22,Gold,61104.67,61165.89,61.23,0.1002,-117.18,9961,80143,61000,12.26,12.76,0.9178,INR/10g,Dhan API v2 (Client 1112620458)
2026-08-10 23:00,2026-08-10,23,Gold,61230.42,61362.73,132.31,0.2161,71.08,4707,80027,61000,12.75,13.25,0.9218,INR/10g,Dhan API v2 (Client 1112620458)
2026-08-11 09:00,2026-08-11,9,Gold,61362.18,61367.2,5.02,0.0082,-127.29,10409,80805,61500,12.65,13.15,0.9607,INR/10g,Dhan API v2 (Client 1112620458)
2026-08-11 10:00,2026-08-11,10,Gold,61501.92,61659.91,157.99,0.2569,152.97,7019,79997,61500,12.79,13.29,0.9344,INR/10g,Dhan API v2 (Client 1112620458)
2026-08-11 11:00,2026-08-11,11,Gold,61713.2,61868.71,155.51,0.252,-2.48,5537,79740,61500,13.16,13.66,0.9223,INR/10g,Dhan API v2 (Client 1112620458)
2026-08-11 12:00,2026-08-11,12,Gold,61629.12,61706.43,77.32,0.1255,-78.19,5790,79082,61500,12.89,13.39,0.9034,INR/10g,Dhan API v2 (Client 1112620458)
2026-08-11 13:00,2026-08-11,13,Gold,61556.63,61758.18,201.54,0.3274,124.22,11015,78534,61500,12.29,12.79,0.915,INR/10g,Dhan API v2 (Client 1112620458)
2026-08-11 14:00,2026-08-11,14,Gold,61346.53,61583.45,236.92,0.3862,35.38,2447,81259,61500,12.36,12.86,0.9219,INR/10g,Dhan API v2 (Client 1112620458)
2026-08-11 15:00,2026-08-11,15,Gold,61369.89,61611.75,241.87,0.3941,4.95,4436,79304,61500,12.8,13.3,0.9096,INR/10g,Dhan API v2 (Client 1112620458)
2026-08-11 16:00,2026-08-11,16,Gold,61321.6,61286.43,-35.17,-0.0574,-277.04,11588,79866,61500,12.59,13.09,0.9243,INR/10g,Dhan API v2 (Client 1112620458)
2026-08-11 17:00,2026-08-11,17,Gold,61085.1,61306.51,221.42,0.3625,256.59,11065,79104,61000,12.59,13.09,0.9289,INR/10g,Dhan API v2 (Client 1112620458)
2026-08-11 18:00,2026-08-11,18,Gold,60930.59,61145.98,215.39,0.3535,-6.03,10448,81204,61000,12.85,13.35,0.9257,INR/10g,Dhan API v2 (Client 1112620458)
2026-08-11 19:00,2026-08-11,19,Gold,60747.1,60902.21,155.11,0.2553,-60.28,1715,79281,60500,12.82,13.32,0.9124,INR/10g,Dhan API v2 (Client 1112620458)
2026-08-11 20:00,2026-08-11,20,Gold,61035.95,61100.1,64.15,0.1051,-90.96,12462,79028,61000,12.66,13.16,0.9159,INR/10g,Dhan API v2 (Client 1112620458)
2026-08-11 21:00,2026-08-11,21,Gold,61062.23,61213.41,151.18,0.2476,87.03,6135,79429,61000,12.8,13.3,0.8912,INR/10g,Dhan API v2 (Client 1112620458)
2026-08-11 22:00,2026-08-11,22,Gold,61216.46,61430.78,214.32,0.3501,63.14,9679,80849,61000,12.14,12.64,0.9096,INR/10g,Dhan API v2 (Client 1112620458)
2026-08-11 23:00,2026-08-11,23,Gold,61018.83,61224.88,206.05,0.3377,-8.27,3070,77987,61000,12.69,13.19,0.9508,INR/10g,Dhan API v2 (Client 1112620458)
2026-08-12 09:00,2026-08-12,9,Gold,60714.12,60980.77,266.65,0.4392,60.6,1128,79134,60500,12.55,13.05,0.9232,INR/10g,Dhan API v2 (Client 1112620458)
2026-08-12 10:00,2026-08-12,10,Gold,60872.14,61118.45,246.32,0.4046,-20.33,9983,78739,61000,12.66,13.16,0.8888,INR/10g,Dhan API v2 (Client 1112620458)
2026-08-12 11:00,2026-08-12,11,Gold,60700.58,60882.84,182.27,0.3003,-64.05,2980,78019,60500,12.66,13.16,0.9318,INR/10g,Dhan API v2 (Client 1112620458)
2026-08-12 12:00,2026-08-12,12,Gold,60704.7,60668.48,-36.22,-0.0597,-218.49,4652,80022,60500,12.48,12.98,0.9125,INR/10g,Dhan API v2 (Client 1112620458)
2026-08-12 13:00,2026-08-12,13,Gold,60950.74,61154.32,203.59,0.334,239.81,7117,80394,61000,12.28,12.78,0.8933,INR/10g,Dhan API v2 (Client 1112620458)
2026-08-12 14:00,2026-08-12,14,Gold,60786.83,60866.16,79.32,0.1305,-124.27,3728,80825,61000,12.74,13.24,0.9077,INR/10g,Dhan API v2 (Client 1112620458)
2026-08-12 15:00,2026-08-12,15,Gold,60923.33,61109.33,185.99,0.3053,106.67,3410,79167,61000,12.55,13.05,0.9072,INR/10g,Dhan API v2 (Client 1112620458)
2026-08-12 16:00,2026-08-12,16,Gold,60798.66,60857.58,58.92,0.0969,-127.07,13935,79282,61000,12.26,12.76,0.9211,INR/10g,Dhan API v2 (Client 1112620458)
2026-08-12 17:00,2026-08-12,17,Gold,60883.1,60942.76,59.66,0.098,0.74,13782,79714,61000,12.83,13.33,0.9445,INR/10g,Dhan API v2 (Client 1112620458)
2026-08-12 18:00,2026-08-12,18,Gold,61070.89,61155.86,84.98,0.1391,25.32,8025,79435,61000,12.39,12.89,0.9274,INR/10g,Dhan API v2 (Client 1112620458)
2026-08-12 19:00,2026-08-12,19,Gold,61070.52,61046.27,-24.25,-0.0397,-109.23,9519,80809,61000,12.59,13.09,0.9208,INR/10g,Dhan API v2 (Client 1112620458)
2026-08-12 20:00,2026-08-12,20,Gold,61315.04,61489.52,174.48,0.2846,198.73,2377,77553,61500,12.15,12.65,0.9354,INR/10g,Dhan API v2 (Client 1112620458)
2026-08-12 21:00,2026-08-12,21,Gold,61288.41,61269.26,-19.15,-0.0313,-193.63,6817,77173,61500,12.17,12.67,0.9358,INR/10g,Dhan API v2 (Client 1112620458)
2026-08-12 22:00,2026-08-12,22,Gold,61175.62,61297.39,121.77,0.199,140.92,3868,78443,61000,12.45,12.95,0.9094,INR/10g,Dhan API v2 (Client 1112620458)
2026-08-12 23:00,2026-08-12,23,Gold,61386.02,61666.3,280.29,0.4566,158.52,6980,79519,61500,12.4,12.9,0.9005,INR/10g,Dhan API v2 (Client 1112620458)
2026-08-13 09:00,2026-08-13,9,Gold,61357.16,61421.23,64.07,0.1044,-216.22,11532,77728,61500,12.62,13.12,0.899,INR/10g,Dhan API v2 (Client 1112620458)
2026-08-13 10:00,2026-08-13,10,Gold,61520.27,61573.18,52.91,0.086,-11.16,14676,80184,61500,12.69,13.19,0.9295,INR/10g,Dhan API v2 (Client 1112620458)
2026-08-13 11:00,2026-08-13,11,Gold,61442.69,61550.81,108.12,0.176,55.21,9497,80265,61500,12.98,13.48,0.8978,INR/10g,Dhan API v2 (Client 1112620458)
2026-08-13 12:00,2026-08-13,12,Gold,61449.32,61484.7,35.38,0.0576,-72.74,1050,80661,61500,12.59,13.09,0.918,INR/10g,Dhan API v2 (Client 1112620458)
2026-08-13 13:00,2026-08-13,13,Gold,61201.03,61449.24,248.21,0.4056,212.83,7924,78787,61000,12.16,12.66,0.9263,INR/10g,Dhan API v2 (Client 1112620458)
2026-08-13 14:00,2026-08-13,14,Gold,61276.66,61481.28,204.62,0.3339,-43.59,5652,80393,61500,12.95,13.45,0.8893,INR/10g,Dhan API v2 (Client 1112620458)
2026-08-13 15:00,2026-08-13,15,Gold,61350.02,61559.17,209.15,0.3409,4.53,1984,78607,61500,12.48,12.98,0.9489,INR/10g,Dhan API v2 (Client 1112620458)
2026-08-13 16:00,2026-08-13,16,Gold,61156.0,61153.94,-2.06,-0.0034,-211.21,14463,77924,61000,12.59,13.09,0.8679,INR/10g,Dhan API v2 (Client 1112620458)
2026-08-13 17:00,2026-08-13,17,Gold,61282.97,61511.75,228.78,0.3733,230.84,8587,79248,61500,12.7,13.2,0.9324,INR/10g,Dhan API v2 (Client 1112620458)
2026-08-13 18:00,2026-08-13,18,Gold,61123.05,61166.55,43.5,0.0712,-185.28,12970,81721,61000,12.89,13.39,0.9119,INR/10g,Dhan API v2 (Client 1112620458)
2026-08-13 19:00,2026-08-13,19,Gold,61287.83,61380.99,93.16,0.152,49.66,634,79787,61500,11.85,12.35,0.927,INR/10g,Dhan API v2 (Client 1112620458)
2026-08-13 20:00,2026-08-13,20,Gold,61260.54,61468.16,207.62,0.3389,114.46,14044,78955,61500,12.82,13.32,0.9226,INR/10g,Dhan API v2 (Client 1112620458)
2026-08-13 21:00,2026-08-13,21,Gold,61192.26,61390.22,197.96,0.3235,-9.66,3821,81580,61000,12.58,13.08,0.9623,INR/10g,Dhan API v2 (Client 1112620458)
2026-08-13 22:00,2026-08-13,22,Gold,61165.97,61286.42,120.45,0.1969,-77.51,14795,77619,61000,13.16,13.66,0.9635,INR/10g,Dhan API v2 (Client 1112620458)
2026-08-13 23:00,2026-08-13,23,Gold,61047.91,61134.21,86.3,0.1414,-34.15,6746,78862,61000,12.06,12.56,0.8934,INR/10g,Dhan API v2 (Client 1112620458)
2026-08-14 09:00,2026-08-14,9,Gold,61242.18,61219.94,-22.25,-0.0363,-108.55,10040,78579,61000,12.95,13.45,0.9217,INR/10g,Dhan API v2 (Client 1112620458)
2026-08-14 10:00,2026-08-14,10,Gold,61223.27,61334.53,111.26,0.1817,133.51,14626,80590,61000,12.38,12.88,0.9799,INR/10g,Dhan API v2 (Client 1112620458)
2026-08-14 11:00,2026-08-14,11,Gold,61246.35,61363.54,117.19,0.1913,5.93,1591,78978,61000,12.68,13.18,0.9507,INR/10g,Dhan API v2 (Client 1112620458)
