Timestamp,Date,Hour,Commodity,Ticker,Open,High,Low,Close_Futures_LTP,Volume,Hourly_Return_Pct,Futures_Basis_Proxy,Basis_Diff_d1,Unit,Source
2025-08-14 02:00,2025-08-14,2,Copper,HG=F,4.492,4.494,4.48,4.485,0,0.0,-0.007,0.0,USD/lb,Authentic Futures Market Feed (1-Year 60m Candles)
2025-08-14 03:00,2025-08-14,3,Copper,HG=F,4.484,4.499,4.471,4.476,1222,-0.2,-0.008,-0.001,USD/lb,Authentic Futures Market Feed (1-Year 60m Candles)
2025-08-14 04:00,2025-08-14,4,Copper,HG=F,4.477,4.489,4.473,4.476,371,0.0,-0.001,0.007,USD/lb,Authentic Futures Market Feed (1-Year 60m Candles)
2025-08-14 05:00,2025-08-14,5,Copper,HG=F,4.476,4.489,4.476,4.485,324,0.2,0.009,0.01,USD/lb,Authentic Futures Market Feed (1-Year 60m Candles)
2025-08-14 06:00,2025-08-14,6,Copper,HG=F,4.484,4.492,4.483,4.487,228,0.04,0.003,-0.006,USD/lb,Authentic Futures Market Feed (1-Year 60m Candles)
2025-08-14 07:00,2025-08-14,7,Copper,HG=F,4.489,4.492,4.474,4.48,769,-0.16,-0.009,-0.012,USD/lb,Authentic Futures Market Feed (1-Year 60m Candles)
2025-08-14 08:00,2025-08-14,8,Copper,HG=F,4.48,4.489,4.45,4.47,3594,-0.22,-0.01,-0.001,USD/lb,Authentic Futures Market Feed (1-Year 60m Candles)
2025-08-14 09:00,2025-08-14,9,Copper,HG=F,4.47,4.486,4.458,4.459,2513,-0.25,-0.011,-0.001,USD/lb,Authentic Futures Market Feed (1-Year 60m Candles)
2025-08-14 10:00,2025-08-14,10,Copper,HG=F,4.459,4.48,4.451,4.478,2214,0.43,0.019,0.03,USD/lb,Authentic Futures Market Feed (1-Year 60m Candles)
2025-08-14 11:00,2025-08-14,11,Copper,HG=F,4.478,4.481,4.465,4.477,2122,-0.02,-0.001,-0.02,USD/lb,Authentic Futures Market Feed (1-Year 60m Candles)
2025-08-14 12:00,2025-08-14,12,Copper,HG=F,4.478,4.482,4.466,4.479,3849,0.04,0.001,0.002,USD/lb,Authentic Futures Market Feed (1-Year 60m Candles)
2025-08-14 13:00,2025-08-14,13,Copper,HG=F,4.478,4.486,4.477,4.485,1149,0.13,0.007,0.006,USD/lb,Authentic Futures Market Feed (1-Year 60m Candles)
2025-08-14 14:00,2025-08-14,14,Copper,HG=F,4.486,4.495,4.484,4.495,628,0.22,0.009,0.002,USD/lb,Authentic Futures Market Feed (1-Year 60m Candles)
2025-08-14 15:00,2025-08-14,15,Copper,HG=F,4.495,4.504,4.493,4.495,876,0.0,0.0,-0.009,USD/lb,Authentic Futures Market Feed (1-Year 60m Candles)
2025-08-14 16:00,2025-08-14,16,Copper,HG=F,4.494,4.498,4.492,4.497,310,0.04,0.003,0.003,USD/lb,Authentic Futures Market Feed (1-Year 60m Candles)
2025-08-14 18:00,2025-08-14,18,Copper,HG=F,4.497,4.498,4.485,4.489,0,-0.18,-0.008,-0.011,USD/lb,Authentic Futures Market Feed (1-Year 60m Candles)
2025-08-14 19:00,2025-08-14,19,Copper,HG=F,4.489,4.491,4.485,4.49,52,0.02,0.001,0.009,USD/lb,Authentic Futures Market Feed (1-Year 60m Candles)
2025-08-14 20:00,2025-08-14,20,Copper,HG=F,4.49,4.491,4.482,4.486,241,-0.09,-0.004,-0.005,USD/lb,Authentic Futures Market Feed (1-Year 60m Candles)
2025-08-14 21:00,2025-08-14,21,Copper,HG=F,4.485,4.492,4.478,4.491,473,0.11,0.006,0.01,USD/lb,Authentic Futures Market Feed (1-Year 60m Candles)
2025-08-14 22:00,2025-08-14,22,Copper,HG=F,4.491,4.494,4.482,4.484,363,-0.16,-0.007,-0.013,USD/lb,Authentic Futures Market Feed (1-Year 60m Candles)
2025-08-14 23:00,2025-08-14,23,Copper,HG=F,4.484,4.495,4.484,4.492,119,0.18,0.008,0.015,USD/lb,Authentic Futures Market Feed (1-Year 60m Candles)
2025-08-15 00:00,2025-08-15,0,Copper,HG=F,4.493,4.497,4.487,4.487,233,-0.11,-0.006,-0.014,USD/lb,Authentic Futures Market Feed (1-Year 60m Candles)
2025-08-15 01:00,2025-08-15,1,Copper,HG=F,4.489,4.499,4.484,4.497,360,0.22,0.008,0.014,USD/lb,Authentic Futures Market Feed (1-Year 60m Candles)
2025-08-15 02:00,2025-08-15,2,Copper,HG=F,4.497,4.497,4.486,4.487,264,-0.22,-0.01,-0.018,USD/lb,Authentic Futures Market Feed (1-Year 60m Candles)
2025-08-15 03:00,2025-08-15,3,Copper,HG=F,4.486,4.49,4.472,4.489,1019,0.04,0.003,0.013,USD/lb,Authentic Futures Market Feed (1-Year 60m Candles)
2025-08-15 04:00,2025-08-15,4,Copper,HG=F,4.489,4.497,4.484,4.49,497,0.02,0.001,-0.002,USD/lb,Authentic Futures Market Feed (1-Year 60m Candles)
2025-08-15 05:00,2025-08-15,5,Copper,HG=F,4.49,4.491,4.472,4.477,609,-0.29,-0.013,-0.014,USD/lb,Authentic Futures Market Feed (1-Year 60m Candles)
2025-08-15 06:00,2025-08-15,6,Copper,HG=F,4.476,4.477,4.47,4.471,406,-0.13,-0.005,0.008,USD/lb,Authentic Futures Market Feed (1-Year 60m Candles)
2025-08-15 07:00,2025-08-15,7,Copper,HG=F,4.474,4.476,4.466,4.469,546,-0.04,-0.005,0.0,USD/lb,Authentic Futures Market Feed (1-Year 60m Candles)
2025-08-15 08:00,2025-08-15,8,Copper,HG=F,4.47,4.488,4.467,4.487,1680,0.4,0.017,0.022,USD/lb,Authentic Futures Market Feed (1-Year 60m Candles)
2025-08-15 09:00,2025-08-15,9,Copper,HG=F,4.488,4.5,4.484,4.495,3266,0.18,0.007,-0.01,USD/lb,Authentic Futures Market Feed (1-Year 60m Candles)
2025-08-15 10:00,2025-08-15,10,Copper,HG=F,4.494,4.509,4.491,4.505,2381,0.22,0.011,0.004,USD/lb,Authentic Futures Market Feed (1-Year 60m Candles)
2025-08-15 11:00,2025-08-15,11,Copper,HG=F,4.506,4.518,4.491,4.499,1963,-0.13,-0.007,-0.018,USD/lb,Authentic Futures Market Feed (1-Year 60m Candles)
2025-08-15 12:00,2025-08-15,12,Copper,HG=F,4.499,4.499,4.479,4.492,3126,-0.16,-0.007,0.0,USD/lb,Authentic Futures Market Feed (1-Year 60m Candles)
2025-08-15 13:00,2025-08-15,13,Copper,HG=F,4.49,4.497,4.484,4.491,610,-0.02,0.001,0.008,USD/lb,Authentic Futures Market Feed (1-Year 60m Candles)
2025-08-15 14:00,2025-08-15,14,Copper,HG=F,4.491,4.499,4.49,4.497,351,0.13,0.006,0.005,USD/lb,Authentic Futures Market Feed (1-Year 60m Candles)
2025-08-15 15:00,2025-08-15,15,Copper,HG=F,4.497,4.497,4.489,4.494,244,-0.06999999999999999,-0.003,-0.009,USD/lb,Authentic Futures Market Feed (1-Year 60m Candles)
2025-08-15 16:00,2025-08-15,16,Copper,HG=F,4.492,4.492,4.486,4.492,210,-0.04,0.0,0.003,USD/lb,Authentic Futures Market Feed (1-Year 60m Candles)
2025-08-17 18:00,2025-08-17,18,Copper,HG=F,4.488,4.492,4.483,4.489,180,-0.06999999999999999,0.001,0.001,USD/lb,Authentic Futures Market Feed (1-Year 60m Candles)
2025-08-17 19:00,2025-08-17,19,Copper,HG=F,4.489,4.49,4.484,4.485,83,-0.09,-0.004,-0.005,USD/lb,Authentic Futures Market Feed (1-Year 60m Candles)
2025-08-17 20:00,2025-08-17,20,Copper,HG=F,4.484,4.497,4.482,4.494,357,0.2,0.01,0.014,USD/lb,Authentic Futures Market Feed (1-Year 60m Candles)
2025-08-17 21:00,2025-08-17,21,Copper,HG=F,4.493,4.505,4.484,4.503,543,0.2,0.01,0.0,USD/lb,Authentic Futures Market Feed (1-Year 60m Candles)
2025-08-17 22:00,2025-08-17,22,Copper,HG=F,4.503,4.503,4.485,4.486,261,-0.38,-0.017,-0.027,USD/lb,Authentic Futures Market Feed (1-Year 60m Candles)
2025-08-17 23:00,2025-08-17,23,Copper,HG=F,4.486,4.499,4.483,4.497,236,0.25,0.011,0.028,USD/lb,Authentic Futures Market Feed (1-Year 60m Candles)
2025-08-18 00:00,2025-08-18,0,Copper,HG=F,4.497,4.502,4.495,4.499,124,0.04,0.002,-0.009,USD/lb,Authentic Futures Market Feed (1-Year 60m Candles)
2025-08-18 01:00,2025-08-18,1,Copper,HG=F,4.499,4.499,4.477,4.485,374,-0.31,-0.014,-0.016,USD/lb,Authentic Futures Market Feed (1-Year 60m Candles)
2025-08-18 02:00,2025-08-18,2,Copper,HG=F,4.484,4.485,4.476,4.48,452,-0.11,-0.004,0.01,USD/lb,Authentic Futures Market Feed (1-Year 60m Candles)
2025-08-18 03:00,2025-08-18,3,Copper,HG=F,4.48,4.48,4.465,4.468,991,-0.27,-0.012,-0.008,USD/lb,Authentic Futures Market Feed (1-Year 60m Candles)
2025-08-18 04:00,2025-08-18,4,Copper,HG=F,4.467,4.484,4.458,4.482,874,0.31,0.015,0.027,USD/lb,Authentic Futures Market Feed (1-Year 60m Candles)
2025-08-18 05:00,2025-08-18,5,Copper,HG=F,4.482,4.483,4.474,4.476,310,-0.13,-0.006,-0.021,USD/lb,Authentic Futures Market Feed (1-Year 60m Candles)
2025-08-18 06:00,2025-08-18,6,Copper,HG=F,4.475,4.476,4.466,4.466,268,-0.22,-0.009,-0.003,USD/lb,Authentic Futures Market Feed (1-Year 60m Candles)
2025-08-18 07:00,2025-08-18,7,Copper,HG=F,4.468,4.474,4.464,4.465,668,-0.02,-0.003,0.006,USD/lb,Authentic Futures Market Feed (1-Year 60m Candles)
2025-08-18 08:00,2025-08-18,8,Copper,HG=F,4.465,4.467,4.45,4.459,2279,-0.13,-0.006,-0.003,USD/lb,Authentic Futures Market Feed (1-Year 60m Candles)
2025-08-18 09:00,2025-08-18,9,Copper,HG=F,4.459,4.47,4.454,4.458,2335,-0.02,-0.001,0.005,USD/lb,Authentic Futures Market Feed (1-Year 60m Candles)
2025-08-18 10:00,2025-08-18,10,Copper,HG=F,4.458,4.474,4.453,4.47,1994,0.27,0.012,0.013,USD/lb,Authentic Futures Market Feed (1-Year 60m Candles)
2025-08-18 11:00,2025-08-18,11,Copper,HG=F,4.469,4.477,4.46,4.465,1229,-0.11,-0.004,-0.016,USD/lb,Authentic Futures Market Feed (1-Year 60m Candles)
2025-08-18 12:00,2025-08-18,12,Copper,HG=F,4.465,4.475,4.464,4.469,2187,0.09,0.004,0.008,USD/lb,Authentic Futures Market Feed (1-Year 60m Candles)
2025-08-18 13:00,2025-08-18,13,Copper,HG=F,4.468,4.478,4.467,4.477,1218,0.18,0.009,0.005,USD/lb,Authentic Futures Market Feed (1-Year 60m Candles)
2025-08-18 14:00,2025-08-18,14,Copper,HG=F,4.476,4.481,4.473,4.474,274,-0.06999999999999999,-0.002,-0.011,USD/lb,Authentic Futures Market Feed (1-Year 60m Candles)
2025-08-18 15:00,2025-08-18,15,Copper,HG=F,4.475,4.482,4.473,4.477,411,0.06999999999999999,0.002,0.004,USD/lb,Authentic Futures Market Feed (1-Year 60m Candles)
2025-08-18 16:00,2025-08-18,16,Copper,HG=F,4.478,4.479,4.474,4.477,0,0.0,-0.001,-0.003,USD/lb,Authentic Futures Market Feed (1-Year 60m Candles)
2025-08-18 18:00,2025-08-18,18,Copper,HG=F,4.477,4.48,4.474,4.477,120,0.0,0.0,0.001,USD/lb,Authentic Futures Market Feed (1-Year 60m Candles)
2025-08-18 19:00,2025-08-18,19,Copper,HG=F,4.477,4.478,4.473,4.476,73,-0.02,-0.001,-0.001,USD/lb,Authentic Futures Market Feed (1-Year 60m Candles)
2025-08-18 20:00,2025-08-18,20,Copper,HG=F,4.476,4.477,4.47,4.471,129,-0.11,-0.005,-0.004,USD/lb,Authentic Futures Market Feed (1-Year 60m Candles)
2025-08-18 21:00,2025-08-18,21,Copper,HG=F,4.472,4.48,4.467,4.472,302,0.02,0.0,0.005,USD/lb,Authentic Futures Market Feed (1-Year 60m Candles)
2025-08-18 22:00,2025-08-18,22,Copper,HG=F,4.471,4.477,4.465,4.474,174,0.04,0.003,0.003,USD/lb,Authentic Futures Market Feed (1-Year 60m Candles)
2025-08-18 23:00,2025-08-18,23,Copper,HG=F,4.475,4.483,4.475,4.482,136,0.18,0.007,0.004,USD/lb,Authentic Futures Market Feed (1-Year 60m Candles)
2025-08-19 00:00,2025-08-19,0,Copper,HG=F,4.482,4.482,4.475,4.477,106,-0.11,-0.005,-0.012,USD/lb,Authentic Futures Market Feed (1-Year 60m Candles)
2025-08-19 01:00,2025-08-19,1,Copper,HG=F,4.478,4.481,4.464,4.465,537,-0.27,-0.013,-0.008,USD/lb,Authentic Futures Market Feed (1-Year 60m Candles)
2025-08-19 02:00,2025-08-19,2,Copper,HG=F,4.465,4.477,4.464,4.475,292,0.22,0.01,0.023,USD/lb,Authentic Futures Market Feed (1-Year 60m Candles)
2025-08-19 03:00,2025-08-19,3,Copper,HG=F,4.476,4.493,4.474,4.477,995,0.04,0.001,-0.009,USD/lb,Authentic Futures Market Feed (1-Year 60m Candles)
2025-08-19 04:00,2025-08-19,4,Copper,HG=F,4.477,4.482,4.463,4.479,617,0.04,0.002,0.001,USD/lb,Authentic Futures Market Feed (1-Year 60m Candles)
2025-08-19 05:00,2025-08-19,5,Copper,HG=F,4.479,4.483,4.469,4.47,449,-0.2,-0.009,-0.011,USD/lb,Authentic Futures Market Feed (1-Year 60m Candles)
2025-08-19 06:00,2025-08-19,6,Copper,HG=F,4.469,4.473,4.46,4.465,504,-0.11,-0.004,0.005,USD/lb,Authentic Futures Market Feed (1-Year 60m Candles)
2025-08-19 07:00,2025-08-19,7,Copper,HG=F,4.464,4.467,4.456,4.465,702,0.0,0.001,0.005,USD/lb,Authentic Futures Market Feed (1-Year 60m Candles)
2025-08-19 08:00,2025-08-19,8,Copper,HG=F,4.466,4.468,4.451,4.456,1463,-0.2,-0.01,-0.011,USD/lb,Authentic Futures Market Feed (1-Year 60m Candles)
2025-08-19 09:00,2025-08-19,9,Copper,HG=F,4.457,4.459,4.433,4.445,3577,-0.25,-0.012,-0.002,USD/lb,Authentic Futures Market Feed (1-Year 60m Candles)
2025-08-19 10:00,2025-08-19,10,Copper,HG=F,4.444,4.445,4.427,4.428,2974,-0.38,-0.016,-0.004,USD/lb,Authentic Futures Market Feed (1-Year 60m Candles)
2025-08-19 11:00,2025-08-19,11,Copper,HG=F,4.43,4.439,4.425,4.43,1592,0.05,0.0,0.016,USD/lb,Authentic Futures Market Feed (1-Year 60m Candles)
2025-08-19 12:00,2025-08-19,12,Copper,HG=F,4.43,4.433,4.42,4.423,2615,-0.16,-0.007,-0.007,USD/lb,Authentic Futures Market Feed (1-Year 60m Candles)
2025-08-19 13:00,2025-08-19,13,Copper,HG=F,4.424,4.431,4.42,4.427,895,0.09,0.003,0.01,USD/lb,Authentic Futures Market Feed (1-Year 60m Candles)
2025-08-19 14:00,2025-08-19,14,Copper,HG=F,4.426,4.428,4.424,4.427,233,0.0,0.001,-0.002,USD/lb,Authentic Futures Market Feed (1-Year 60m Candles)
2025-08-19 15:00,2025-08-19,15,Copper,HG=F,4.428,4.432,4.425,4.427,312,0.0,-0.001,-0.002,USD/lb,Authentic Futures Market Feed (1-Year 60m Candles)
2025-08-19 16:00,2025-08-19,16,Copper,HG=F,4.429,4.431,4.426,4.43,0,0.06999999999999999,0.001,0.002,USD/lb,Authentic Futures Market Feed (1-Year 60m Candles)
2025-08-19 18:00,2025-08-19,18,Copper,HG=F,4.43,4.438,4.429,4.435,196,0.11,0.005,0.004,USD/lb,Authentic Futures Market Feed (1-Year 60m Candles)
2025-08-19 19:00,2025-08-19,19,Copper,HG=F,4.435,4.435,4.431,4.432,44,-0.06999999999999999,-0.003,-0.008,USD/lb,Authentic Futures Market Feed (1-Year 60m Candles)
2025-08-19 20:00,2025-08-19,20,Copper,HG=F,4.431,4.435,4.428,4.434,233,0.05,0.003,0.006,USD/lb,Authentic Futures Market Feed (1-Year 60m Candles)
2025-08-19 21:00,2025-08-19,21,Copper,HG=F,4.435,4.438,4.424,4.429,519,-0.11,-0.006,-0.009,USD/lb,Authentic Futures Market Feed (1-Year 60m Candles)
2025-08-19 22:00,2025-08-19,22,Copper,HG=F,4.429,4.433,4.424,4.429,189,0.0,0.0,0.006,USD/lb,Authentic Futures Market Feed (1-Year 60m Candles)
2025-08-19 23:00,2025-08-19,23,Copper,HG=F,4.43,4.432,4.423,4.424,88,-0.11,-0.006,-0.006,USD/lb,Authentic Futures Market Feed (1-Year 60m Candles)
2025-08-20 00:00,2025-08-20,0,Copper,HG=F,4.423,4.426,4.42,4.425,106,0.02,0.002,0.008,USD/lb,Authentic Futures Market Feed (1-Year 60m Candles)
2025-08-20 01:00,2025-08-20,1,Copper,HG=F,4.424,4.439,4.42,4.437,242,0.27,0.013,0.011,USD/lb,Authentic Futures Market Feed (1-Year 60m Candles)
2025-08-20 02:00,2025-08-20,2,Copper,HG=F,4.436,4.444,4.432,4.44,409,0.06999999999999999,0.004,-0.009,USD/lb,Authentic Futures Market Feed (1-Year 60m Candles)
2025-08-20 03:00,2025-08-20,3,Copper,HG=F,4.439,4.446,4.435,4.439,605,-0.02,0.0,-0.004,USD/lb,Authentic Futures Market Feed (1-Year 60m Candles)
2025-08-20 04:00,2025-08-20,4,Copper,HG=F,4.438,4.438,4.419,4.42,970,-0.43,-0.018,-0.018,USD/lb,Authentic Futures Market Feed (1-Year 60m Candles)
2025-08-20 05:00,2025-08-20,5,Copper,HG=F,4.419,4.423,4.417,4.42,533,0.0,0.001,0.019,USD/lb,Authentic Futures Market Feed (1-Year 60m Candles)
2025-08-20 06:00,2025-08-20,6,Copper,HG=F,4.418,4.423,4.417,4.422,235,0.05,0.004,0.003,USD/lb,Authentic Futures Market Feed (1-Year 60m Candles)
2025-08-20 07:00,2025-08-20,7,Copper,HG=F,4.422,4.424,4.417,4.417,817,-0.11,-0.005,-0.009,USD/lb,Authentic Futures Market Feed (1-Year 60m Candles)
2025-08-20 08:00,2025-08-20,8,Copper,HG=F,4.417,4.433,4.417,4.431,1537,0.32,0.014,0.019,USD/lb,Authentic Futures Market Feed (1-Year 60m Candles)
2025-08-20 09:00,2025-08-20,9,Copper,HG=F,4.432,4.442,4.424,4.428,2678,-0.06999999999999999,-0.004,-0.018,USD/lb,Authentic Futures Market Feed (1-Year 60m Candles)
2025-08-20 10:00,2025-08-20,10,Copper,HG=F,4.429,4.431,4.418,4.426,2859,-0.05,-0.003,0.001,USD/lb,Authentic Futures Market Feed (1-Year 60m Candles)
2025-08-20 11:00,2025-08-20,11,Copper,HG=F,4.426,4.445,4.424,4.443,2473,0.38,0.017,0.02,USD/lb,Authentic Futures Market Feed (1-Year 60m Candles)
2025-08-20 12:00,2025-08-20,12,Copper,HG=F,4.442,4.444,4.437,4.444,3459,0.02,0.002,-0.015,USD/lb,Authentic Futures Market Feed (1-Year 60m Candles)
2025-08-20 13:00,2025-08-20,13,Copper,HG=F,4.443,4.448,4.433,4.435,1051,-0.2,-0.008,-0.01,USD/lb,Authentic Futures Market Feed (1-Year 60m Candles)
2025-08-20 14:00,2025-08-20,14,Copper,HG=F,4.436,4.436,4.426,4.43,527,-0.11,-0.006,0.002,USD/lb,Authentic Futures Market Feed (1-Year 60m Candles)
2025-08-20 15:00,2025-08-20,15,Copper,HG=F,4.43,4.437,4.43,4.433,601,0.06999999999999999,0.003,0.009,USD/lb,Authentic Futures Market Feed (1-Year 60m Candles)
2025-08-20 16:00,2025-08-20,16,Copper,HG=F,4.435,4.435,4.429,4.433,322,0.0,-0.002,-0.005,USD/lb,Authentic Futures Market Feed (1-Year 60m Candles)
2025-08-20 18:00,2025-08-20,18,Copper,HG=F,4.431,4.435,4.427,4.435,0,0.05,0.004,0.006,USD/lb,Authentic Futures Market Feed (1-Year 60m Candles)
2025-08-20 19:00,2025-08-20,19,Copper,HG=F,4.433,4.437,4.432,4.437,90,0.05,0.004,0.0,USD/lb,Authentic Futures Market Feed (1-Year 60m Candles)
2025-08-20 20:00,2025-08-20,20,Copper,HG=F,4.436,4.439,4.434,4.439,225,0.05,0.003,-0.001,USD/lb,Authentic Futures Market Feed (1-Year 60m Candles)
2025-08-20 21:00,2025-08-20,21,Copper,HG=F,4.438,4.439,4.43,4.431,379,-0.18,-0.007,-0.01,USD/lb,Authentic Futures Market Feed (1-Year 60m Candles)
2025-08-20 22:00,2025-08-20,22,Copper,HG=F,4.431,4.437,4.426,4.436,415,0.11,0.005,0.012,USD/lb,Authentic Futures Market Feed (1-Year 60m Candles)
2025-08-20 23:00,2025-08-20,23,Copper,HG=F,4.437,4.438,4.429,4.431,175,-0.11,-0.006,-0.011,USD/lb,Authentic Futures Market Feed (1-Year 60m Candles)
2025-08-21 00:00,2025-08-21,0,Copper,HG=F,4.429,4.431,4.427,4.429,224,-0.05,0.0,0.006,USD/lb,Authentic Futures Market Feed (1-Year 60m Candles)
2025-08-21 01:00,2025-08-21,1,Copper,HG=F,4.429,4.431,4.426,4.431,218,0.05,0.002,0.002,USD/lb,Authentic Futures Market Feed (1-Year 60m Candles)
2025-08-21 02:00,2025-08-21,2,Copper,HG=F,4.43,4.437,4.419,4.422,541,-0.2,-0.008,-0.01,USD/lb,Authentic Futures Market Feed (1-Year 60m Candles)
2025-08-21 03:00,2025-08-21,3,Copper,HG=F,4.422,4.427,4.413,4.418,1364,-0.09,-0.004,0.004,USD/lb,Authentic Futures Market Feed (1-Year 60m Candles)
2025-08-21 04:00,2025-08-21,4,Copper,HG=F,4.419,4.423,4.417,4.42,744,0.05,0.001,0.005,USD/lb,Authentic Futures Market Feed (1-Year 60m Candles)
2025-08-21 05:00,2025-08-21,5,Copper,HG=F,4.418,4.422,4.412,4.412,1457,-0.18,-0.006,-0.007,USD/lb,Authentic Futures Market Feed (1-Year 60m Candles)
2025-08-21 06:00,2025-08-21,6,Copper,HG=F,4.412,4.415,4.407,4.409,935,-0.06999999999999999,-0.003,0.003,USD/lb,Authentic Futures Market Feed (1-Year 60m Candles)
2025-08-21 07:00,2025-08-21,7,Copper,HG=F,4.409,4.421,4.408,4.418,961,0.2,0.009,0.012,USD/lb,Authentic Futures Market Feed (1-Year 60m Candles)
2025-08-21 08:00,2025-08-21,8,Copper,HG=F,4.418,4.432,4.417,4.424,1610,0.13999999999999999,0.006,-0.003,USD/lb,Authentic Futures Market Feed (1-Year 60m Candles)
2025-08-21 09:00,2025-08-21,9,Copper,HG=F,4.425,4.442,4.425,4.433,2132,0.2,0.008,0.002,USD/lb,Authentic Futures Market Feed (1-Year 60m Candles)
2025-08-21 10:00,2025-08-21,10,Copper,HG=F,4.433,4.452,4.431,4.432,2509,-0.02,-0.001,-0.009,USD/lb,Authentic Futures Market Feed (1-Year 60m Candles)
2025-08-21 11:00,2025-08-21,11,Copper,HG=F,4.432,4.439,4.426,4.431,2774,-0.02,-0.001,0.0,USD/lb,Authentic Futures Market Feed (1-Year 60m Candles)
2025-08-21 12:00,2025-08-21,12,Copper,HG=F,4.431,4.453,4.43,4.443,6504,0.27,0.012,0.013,USD/lb,Authentic Futures Market Feed (1-Year 60m Candles)
2025-08-21 13:00,2025-08-21,13,Copper,HG=F,4.444,4.449,4.441,4.445,1043,0.05,0.001,-0.011,USD/lb,Authentic Futures Market Feed (1-Year 60m Candles)
2025-08-21 14:00,2025-08-21,14,Copper,HG=F,4.444,4.452,4.444,4.452,382,0.16,0.008,0.007,USD/lb,Authentic Futures Market Feed (1-Year 60m Candles)
2025-08-21 15:00,2025-08-21,15,Copper,HG=F,4.451,4.456,4.45,4.453,485,0.02,0.002,-0.006,USD/lb,Authentic Futures Market Feed (1-Year 60m Candles)
2025-08-21 16:00,2025-08-21,16,Copper,HG=F,4.455,4.456,4.448,4.448,0,-0.11,-0.007,-0.009,USD/lb,Authentic Futures Market Feed (1-Year 60m Candles)
2025-08-21 18:00,2025-08-21,18,Copper,HG=F,4.452,4.455,4.447,4.453,196,0.11,0.001,0.008,USD/lb,Authentic Futures Market Feed (1-Year 60m Candles)
2025-08-21 19:00,2025-08-21,19,Copper,HG=F,4.452,4.456,4.451,4.453,59,0.0,0.001,0.0,USD/lb,Authentic Futures Market Feed (1-Year 60m Candles)
2025-08-21 20:00,2025-08-21,20,Copper,HG=F,4.454,4.454,4.446,4.448,210,-0.11,-0.006,-0.007,USD/lb,Authentic Futures Market Feed (1-Year 60m Candles)
2025-08-21 21:00,2025-08-21,21,Copper,HG=F,4.449,4.453,4.444,4.445,481,-0.06999999999999999,-0.004,0.002,USD/lb,Authentic Futures Market Feed (1-Year 60m Candles)
2025-08-21 22:00,2025-08-21,22,Copper,HG=F,4.444,4.453,4.442,4.451,280,0.13,0.007,0.011,USD/lb,Authentic Futures Market Feed (1-Year 60m Candles)
2025-08-21 23:00,2025-08-21,23,Copper,HG=F,4.451,4.453,4.443,4.443,142,-0.18,-0.008,-0.015,USD/lb,Authentic Futures Market Feed (1-Year 60m Candles)
2025-08-22 00:00,2025-08-22,0,Copper,HG=F,4.443,4.445,4.439,4.442,221,-0.02,-0.001,0.007,USD/lb,Authentic Futures Market Feed (1-Year 60m Candles)
2025-08-22 01:00,2025-08-22,1,Copper,HG=F,4.442,4.444,4.438,4.44,127,-0.05,-0.002,-0.001,USD/lb,Authentic Futures Market Feed (1-Year 60m Candles)
2025-08-22 02:00,2025-08-22,2,Copper,HG=F,4.44,4.442,4.431,4.435,524,-0.11,-0.005,-0.003,USD/lb,Authentic Futures Market Feed (1-Year 60m Candles)
2025-08-22 03:00,2025-08-22,3,Copper,HG=F,4.435,4.445,4.433,4.444,399,0.2,0.009,0.014,USD/lb,Authentic Futures Market Feed (1-Year 60m Candles)
2025-08-22 04:00,2025-08-22,4,Copper,HG=F,4.445,4.461,4.445,4.446,1364,0.05,0.001,-0.008,USD/lb,Authentic Futures Market Feed (1-Year 60m Candles)
2025-08-22 05:00,2025-08-22,5,Copper,HG=F,4.446,4.448,4.439,4.44,383,-0.13,-0.006,-0.007,USD/lb,Authentic Futures Market Feed (1-Year 60m Candles)
2025-08-22 06:00,2025-08-22,6,Copper,HG=F,4.44,4.449,4.437,4.445,503,0.11,0.005,0.011,USD/lb,Authentic Futures Market Feed (1-Year 60m Candles)
2025-08-22 07:00,2025-08-22,7,Copper,HG=F,4.444,4.445,4.438,4.443,1375,-0.04,-0.001,-0.006,USD/lb,Authentic Futures Market Feed (1-Year 60m Candles)
2025-08-22 08:00,2025-08-22,8,Copper,HG=F,4.442,4.443,4.427,4.431,1607,-0.27,-0.011,-0.01,USD/lb,Authentic Futures Market Feed (1-Year 60m Candles)
2025-08-22 09:00,2025-08-22,9,Copper,HG=F,4.431,4.451,4.431,4.443,2530,0.27,0.012,0.023,USD/lb,Authentic Futures Market Feed (1-Year 60m Candles)
2025-08-22 10:00,2025-08-22,10,Copper,HG=F,4.444,4.481,4.444,4.473,5852,0.6799999999999999,0.029,0.017,USD/lb,Authentic Futures Market Feed (1-Year 60m Candles)
2025-08-22 11:00,2025-08-22,11,Copper,HG=F,4.474,4.479,4.464,4.465,3450,-0.18,-0.009,-0.038,USD/lb,Authentic Futures Market Feed (1-Year 60m Candles)
2025-08-22 12:00,2025-08-22,12,Copper,HG=F,4.464,4.466,4.452,4.458,3918,-0.16,-0.006,0.003,USD/lb,Authentic Futures Market Feed (1-Year 60m Candles)
2025-08-22 13:00,2025-08-22,13,Copper,HG=F,4.458,4.475,4.457,4.472,1261,0.31,0.014,0.02,USD/lb,Authentic Futures Market Feed (1-Year 60m Candles)
2025-08-22 14:00,2025-08-22,14,Copper,HG=F,4.472,4.478,4.471,4.471,465,-0.02,-0.001,-0.015,USD/lb,Authentic Futures Market Feed (1-Year 60m Candles)
2025-08-22 15:00,2025-08-22,15,Copper,HG=F,4.47,4.47,4.46,4.463,1076,-0.18,-0.007,-0.006,USD/lb,Authentic Futures Market Feed (1-Year 60m Candles)
2025-08-22 16:00,2025-08-22,16,Copper,HG=F,4.463,4.465,4.459,4.459,227,-0.09,-0.004,0.003,USD/lb,Authentic Futures Market Feed (1-Year 60m Candles)
2025-08-24 18:00,2025-08-24,18,Copper,HG=F,4.46,4.471,4.459,4.469,401,0.22,0.009,0.013,USD/lb,Authentic Futures Market Feed (1-Year 60m Candles)
2025-08-24 19:00,2025-08-24,19,Copper,HG=F,4.465,4.468,4.463,4.467,47,-0.04,0.002,-0.007,USD/lb,Authentic Futures Market Feed (1-Year 60m Candles)
2025-08-24 20:00,2025-08-24,20,Copper,HG=F,4.465,4.473,4.464,4.466,361,-0.02,0.001,-0.001,USD/lb,Authentic Futures Market Feed (1-Year 60m Candles)
2025-08-24 21:00,2025-08-24,21,Copper,HG=F,4.466,4.472,4.454,4.457,416,-0.2,-0.009,-0.01,USD/lb,Authentic Futures Market Feed (1-Year 60m Candles)
2025-08-24 22:00,2025-08-24,22,Copper,HG=F,4.457,4.475,4.457,4.472,226,0.33999999999999997,0.015,0.024,USD/lb,Authentic Futures Market Feed (1-Year 60m Candles)
2025-08-24 23:00,2025-08-24,23,Copper,HG=F,4.472,4.484,4.472,4.476,434,0.09,0.004,-0.011,USD/lb,Authentic Futures Market Feed (1-Year 60m Candles)
2025-08-25 00:00,2025-08-25,0,Copper,HG=F,4.476,4.478,4.471,4.477,93,0.02,0.001,-0.003,USD/lb,Authentic Futures Market Feed (1-Year 60m Candles)
2025-08-25 01:00,2025-08-25,1,Copper,HG=F,4.476,4.478,4.47,4.477,203,0.0,0.001,0.0,USD/lb,Authentic Futures Market Feed (1-Year 60m Candles)
2025-08-25 02:00,2025-08-25,2,Copper,HG=F,4.477,4.492,4.476,4.488,867,0.25,0.011,0.01,USD/lb,Authentic Futures Market Feed (1-Year 60m Candles)
2025-08-25 03:00,2025-08-25,3,Copper,HG=F,4.487,4.487,4.473,4.477,575,-0.25,-0.01,-0.021,USD/lb,Authentic Futures Market Feed (1-Year 60m Candles)
2025-08-25 04:00,2025-08-25,4,Copper,HG=F,4.475,4.477,4.464,4.466,1140,-0.25,-0.009,0.001,USD/lb,Authentic Futures Market Feed (1-Year 60m Candles)
2025-08-25 05:00,2025-08-25,5,Copper,HG=F,4.464,4.469,4.459,4.469,358,0.06999999999999999,0.005,0.014,USD/lb,Authentic Futures Market Feed (1-Year 60m Candles)
2025-08-25 06:00,2025-08-25,6,Copper,HG=F,4.469,4.471,4.464,4.468,243,-0.02,-0.001,-0.006,USD/lb,Authentic Futures Market Feed (1-Year 60m Candles)
2025-08-25 07:00,2025-08-25,7,Copper,HG=F,4.47,4.489,4.47,4.488,566,0.44999999999999996,0.018,0.019,USD/lb,Authentic Futures Market Feed (1-Year 60m Candles)
2025-08-25 08:00,2025-08-25,8,Copper,HG=F,4.489,4.499,4.473,4.48,1674,-0.18,-0.009,-0.027,USD/lb,Authentic Futures Market Feed (1-Year 60m Candles)
2025-08-25 09:00,2025-08-25,9,Copper,HG=F,4.48,4.492,4.472,4.485,2344,0.11,0.005,0.014,USD/lb,Authentic Futures Market Feed (1-Year 60m Candles)
2025-08-25 10:00,2025-08-25,10,Copper,HG=F,4.485,4.496,4.479,4.482,2363,-0.06999999999999999,-0.003,-0.008,USD/lb,Authentic Futures Market Feed (1-Year 60m Candles)
2025-08-25 11:00,2025-08-25,11,Copper,HG=F,4.481,4.49,4.477,4.481,2047,-0.02,0.0,0.003,USD/lb,Authentic Futures Market Feed (1-Year 60m Candles)
2025-08-25 12:00,2025-08-25,12,Copper,HG=F,4.48,4.488,4.476,4.477,2136,-0.09,-0.003,-0.003,USD/lb,Authentic Futures Market Feed (1-Year 60m Candles)
2025-08-25 13:00,2025-08-25,13,Copper,HG=F,4.478,4.486,4.472,4.473,974,-0.09,-0.005,-0.002,USD/lb,Authentic Futures Market Feed (1-Year 60m Candles)
2025-08-25 14:00,2025-08-25,14,Copper,HG=F,4.472,4.472,4.465,4.465,705,-0.18,-0.007,-0.002,USD/lb,Authentic Futures Market Feed (1-Year 60m Candles)
2025-08-25 15:00,2025-08-25,15,Copper,HG=F,4.465,4.465,4.459,4.463,457,-0.04,-0.002,0.005,USD/lb,Authentic Futures Market Feed (1-Year 60m Candles)
2025-08-25 16:00,2025-08-25,16,Copper,HG=F,4.462,4.464,4.458,4.46,192,-0.06999999999999999,-0.002,0.0,USD/lb,Authentic Futures Market Feed (1-Year 60m Candles)
2025-08-25 18:00,2025-08-25,18,Copper,HG=F,4.464,4.471,4.464,4.47,0,0.22,0.006,0.008,USD/lb,Authentic Futures Market Feed (1-Year 60m Candles)
2025-08-25 19:00,2025-08-25,19,Copper,HG=F,4.469,4.47,4.464,4.467,84,-0.06999999999999999,-0.002,-0.008,USD/lb,Authentic Futures Market Feed (1-Year 60m Candles)
2025-08-25 20:00,2025-08-25,20,Copper,HG=F,4.468,4.484,4.465,4.482,368,0.33999999999999997,0.014,0.016,USD/lb,Authentic Futures Market Feed (1-Year 60m Candles)
2025-08-25 21:00,2025-08-25,21,Copper,HG=F,4.483,4.488,4.475,4.478,426,-0.09,-0.005,-0.019,USD/lb,Authentic Futures Market Feed (1-Year 60m Candles)
2025-08-25 22:00,2025-08-25,22,Copper,HG=F,4.477,4.481,4.472,4.476,122,-0.04,-0.001,0.004,USD/lb,Authentic Futures Market Feed (1-Year 60m Candles)
2025-08-25 23:00,2025-08-25,23,Copper,HG=F,4.475,4.479,4.472,4.478,50,0.04,0.003,0.004,USD/lb,Authentic Futures Market Feed (1-Year 60m Candles)
2025-08-26 00:00,2025-08-26,0,Copper,HG=F,4.478,4.481,4.477,4.478,88,0.0,0.0,-0.003,USD/lb,Authentic Futures Market Feed (1-Year 60m Candles)
2025-08-26 01:00,2025-08-26,1,Copper,HG=F,4.478,4.479,4.468,4.471,443,-0.16,-0.007,-0.007,USD/lb,Authentic Futures Market Feed (1-Year 60m Candles)
2025-08-26 02:00,2025-08-26,2,Copper,HG=F,4.471,4.472,4.446,4.451,421,-0.44999999999999996,-0.02,-0.013,USD/lb,Authentic Futures Market Feed (1-Year 60m Candles)
2025-08-26 03:00,2025-08-26,3,Copper,HG=F,4.451,4.452,4.437,4.444,574,-0.16,-0.007,0.013,USD/lb,Authentic Futures Market Feed (1-Year 60m Candles)
2025-08-26 04:00,2025-08-26,4,Copper,HG=F,4.444,4.452,4.44,4.44,537,-0.09,-0.004,0.003,USD/lb,Authentic Futures Market Feed (1-Year 60m Candles)
2025-08-26 05:00,2025-08-26,5,Copper,HG=F,4.441,4.453,4.437,4.452,828,0.27,0.011,0.015,USD/lb,Authentic Futures Market Feed (1-Year 60m Candles)
2025-08-26 06:00,2025-08-26,6,Copper,HG=F,4.451,4.452,4.438,4.439,799,-0.29,-0.012,-0.023,USD/lb,Authentic Futures Market Feed (1-Year 60m Candles)
2025-08-26 07:00,2025-08-26,7,Copper,HG=F,4.439,4.455,4.431,4.455,1082,0.36,0.016,0.028,USD/lb,Authentic Futures Market Feed (1-Year 60m Candles)
2025-08-26 08:00,2025-08-26,8,Copper,HG=F,4.455,4.461,4.448,4.458,1316,0.06999999999999999,0.003,-0.013,USD/lb,Authentic Futures Market Feed (1-Year 60m Candles)
2025-08-26 09:00,2025-08-26,9,Copper,HG=F,4.459,4.466,4.457,4.462,1581,0.09,0.003,0.0,USD/lb,Authentic Futures Market Feed (1-Year 60m Candles)
2025-08-26 10:00,2025-08-26,10,Copper,HG=F,4.463,4.475,4.457,4.458,2478,-0.09,-0.005,-0.008,USD/lb,Authentic Futures Market Feed (1-Year 60m Candles)
2025-08-26 11:00,2025-08-26,11,Copper,HG=F,4.458,4.462,4.452,4.457,2705,-0.02,-0.001,0.004,USD/lb,Authentic Futures Market Feed (1-Year 60m Candles)
2025-08-26 12:00,2025-08-26,12,Copper,HG=F,4.457,4.463,4.449,4.462,3516,0.11,0.005,0.006,USD/lb,Authentic Futures Market Feed (1-Year 60m Candles)
2025-08-26 13:00,2025-08-26,13,Copper,HG=F,4.462,4.463,4.457,4.46,1208,-0.04,-0.002,-0.007,USD/lb,Authentic Futures Market Feed (1-Year 60m Candles)
2025-08-26 14:00,2025-08-26,14,Copper,HG=F,4.46,4.468,4.459,4.466,214,0.13,0.006,0.008,USD/lb,Authentic Futures Market Feed (1-Year 60m Candles)
2025-08-26 15:00,2025-08-26,15,Copper,HG=F,4.468,4.473,4.466,4.472,474,0.13,0.004,-0.002,USD/lb,Authentic Futures Market Feed (1-Year 60m Candles)
2025-08-26 16:00,2025-08-26,16,Copper,HG=F,4.471,4.476,4.469,4.472,0,0.0,0.001,-0.003,USD/lb,Authentic Futures Market Feed (1-Year 60m Candles)
2025-08-26 18:00,2025-08-26,18,Copper,HG=F,4.469,4.476,4.469,4.47,127,-0.04,0.001,0.0,USD/lb,Authentic Futures Market Feed (1-Year 60m Candles)
2025-08-26 19:00,2025-08-26,19,Copper,HG=F,4.47,4.47,4.469,4.469,17,-0.02,-0.001,-0.002,USD/lb,Authentic Futures Market Feed (1-Year 60m Candles)
2025-08-26 20:00,2025-08-26,20,Copper,HG=F,4.468,4.468,4.461,4.461,41,-0.18,-0.007,-0.006,USD/lb,Authentic Futures Market Feed (1-Year 60m Candles)
2025-08-26 21:00,2025-08-26,21,Copper,HG=F,4.463,4.471,4.463,4.464,98,0.06999999999999999,0.001,0.008,USD/lb,Authentic Futures Market Feed (1-Year 60m Candles)
2025-08-26 22:00,2025-08-26,22,Copper,HG=F,4.466,4.466,4.457,4.458,92,-0.13,-0.008,-0.009,USD/lb,Authentic Futures Market Feed (1-Year 60m Candles)
2025-08-26 23:00,2025-08-26,23,Copper,HG=F,4.461,4.461,4.457,4.457,39,-0.02,-0.004,0.004,USD/lb,Authentic Futures Market Feed (1-Year 60m Candles)
2025-08-27 00:00,2025-08-27,0,Copper,HG=F,4.458,4.458,4.448,4.449,62,-0.18,-0.009,-0.005,USD/lb,Authentic Futures Market Feed (1-Year 60m Candles)
2025-08-27 01:00,2025-08-27,1,Copper,HG=F,4.449,4.451,4.444,4.446,239,-0.06999999999999999,-0.003,0.006,USD/lb,Authentic Futures Market Feed (1-Year 60m Candles)
2025-08-27 02:00,2025-08-27,2,Copper,HG=F,4.445,4.451,4.439,4.439,248,-0.16,-0.006,-0.003,USD/lb,Authentic Futures Market Feed (1-Year 60m Candles)
2025-08-27 03:00,2025-08-27,3,Copper,HG=F,4.444,4.446,4.419,4.427,653,-0.27,-0.017,-0.011,USD/lb,Authentic Futures Market Feed (1-Year 60m Candles)
2025-08-27 04:00,2025-08-27,4,Copper,HG=F,4.426,4.427,4.411,4.417,1031,-0.22999999999999998,-0.009,0.008,USD/lb,Authentic Futures Market Feed (1-Year 60m Candles)
2025-08-27 05:00,2025-08-27,5,Copper,HG=F,4.418,4.427,4.417,4.426,739,0.2,0.008,0.017,USD/lb,Authentic Futures Market Feed (1-Year 60m Candles)
2025-08-27 06:00,2025-08-27,6,Copper,HG=F,4.427,4.429,4.415,4.415,981,-0.25,-0.012,-0.02,USD/lb,Authentic Futures Market Feed (1-Year 60m Candles)
2025-08-27 07:00,2025-08-27,7,Copper,HG=F,4.416,4.417,4.406,4.41,1351,-0.11,-0.006,0.006,USD/lb,Authentic Futures Market Feed (1-Year 60m Candles)
2025-08-27 08:00,2025-08-27,8,Copper,HG=F,4.409,4.41,4.385,4.392,1773,-0.41000000000000003,-0.017,-0.011,USD/lb,Authentic Futures Market Feed (1-Year 60m Candles)
2025-08-27 09:00,2025-08-27,9,Copper,HG=F,4.393,4.394,4.374,4.39,2124,-0.05,-0.003,0.014,USD/lb,Authentic Futures Market Feed (1-Year 60m Candles)
2025-08-27 10:00,2025-08-27,10,Copper,HG=F,4.389,4.401,4.383,4.393,2446,0.06999999999999999,0.004,0.007,USD/lb,Authentic Futures Market Feed (1-Year 60m Candles)
2025-08-27 11:00,2025-08-27,11,Copper,HG=F,4.394,4.405,4.393,4.395,1440,0.05,0.001,-0.003,USD/lb,Authentic Futures Market Feed (1-Year 60m Candles)
2025-08-27 12:00,2025-08-27,12,Copper,HG=F,4.396,4.422,4.393,4.42,2765,0.5700000000000001,0.024,0.023,USD/lb,Authentic Futures Market Feed (1-Year 60m Candles)
2025-08-27 13:00,2025-08-27,13,Copper,HG=F,4.419,4.424,4.417,4.419,531,-0.02,0.0,-0.024,USD/lb,Authentic Futures Market Feed (1-Year 60m Candles)
2025-08-27 14:00,2025-08-27,14,Copper,HG=F,4.418,4.425,4.416,4.424,203,0.11,0.006,0.006,USD/lb,Authentic Futures Market Feed (1-Year 60m Candles)
2025-08-27 15:00,2025-08-27,15,Copper,HG=F,4.424,4.427,4.421,4.423,361,-0.02,-0.001,-0.007,USD/lb,Authentic Futures Market Feed (1-Year 60m Candles)
2025-08-27 16:00,2025-08-27,16,Copper,HG=F,4.42,4.424,4.417,4.423,0,0.0,0.003,0.004,USD/lb,Authentic Futures Market Feed (1-Year 60m Candles)
2025-08-27 18:00,2025-08-27,18,Copper,HG=F,4.424,4.425,4.419,4.419,41,-0.09,-0.005,-0.008,USD/lb,Authentic Futures Market Feed (1-Year 60m Candles)
2025-08-27 20:00,2025-08-27,20,Copper,HG=F,4.422,4.422,4.413,4.413,63,-0.13999999999999999,-0.009,-0.004,USD/lb,Authentic Futures Market Feed (1-Year 60m Candles)
2025-08-27 21:00,2025-08-27,21,Copper,HG=F,4.417,4.425,4.417,4.42,15,0.16,0.003,0.012,USD/lb,Authentic Futures Market Feed (1-Year 60m Candles)
2025-08-27 22:00,2025-08-27,22,Copper,HG=F,4.418,4.425,4.418,4.423,9,0.06999999999999999,0.005,0.002,USD/lb,Authentic Futures Market Feed (1-Year 60m Candles)
2025-08-27 23:00,2025-08-27,23,Copper,HG=F,4.424,4.426,4.416,4.416,23,-0.16,-0.008,-0.013,USD/lb,Authentic Futures Market Feed (1-Year 60m Candles)
2025-08-28 00:00,2025-08-28,0,Copper,HG=F,4.415,4.418,4.415,4.415,74,-0.02,0.0,0.008,USD/lb,Authentic Futures Market Feed (1-Year 60m Candles)
2025-08-28 01:00,2025-08-28,1,Copper,HG=F,4.41,4.413,4.41,4.412,23,-0.06999999999999999,0.002,0.002,USD/lb,Authentic Futures Market Feed (1-Year 60m Candles)
2025-08-28 02:00,2025-08-28,2,Copper,HG=F,4.42,4.42,4.407,4.417,128,0.11,-0.003,-0.005,USD/lb,Authentic Futures Market Feed (1-Year 60m Candles)
2025-08-28 03:00,2025-08-28,3,Copper,HG=F,4.42,4.508,4.42,4.43,104,0.29,0.01,0.013,USD/lb,Authentic Futures Market Feed (1-Year 60m Candles)
2025-08-28 04:00,2025-08-28,4,Copper,HG=F,4.505,4.505,4.415,4.492,4422,1.4000000000000001,-0.013,-0.023,USD/lb,Authentic Futures Market Feed (1-Year 60m Candles)
2025-08-28 05:00,2025-08-28,5,Copper,HG=F,4.492,4.498,4.415,4.492,413,0.0,0.0,0.013,USD/lb,Authentic Futures Market Feed (1-Year 60m Candles)
2025-08-28 06:00,2025-08-28,6,Copper,HG=F,4.492,4.51,4.417,4.51,808,0.4,0.018,0.018,USD/lb,Authentic Futures Market Feed (1-Year 60m Candles)
2025-08-28 07:00,2025-08-28,7,Copper,HG=F,4.51,4.52,4.43,4.518,1592,0.18,0.008,-0.01,USD/lb,Authentic Futures Market Feed (1-Year 60m Candles)
2025-08-28 08:00,2025-08-28,8,Copper,HG=F,4.518,4.523,4.435,4.444,0,-1.6400000000000001,-0.074,-0.082,USD/lb,Authentic Futures Market Feed (1-Year 60m Candles)
2025-08-28 09:00,2025-08-28,9,Copper,HG=F,4.519,4.523,4.437,4.519,10606,1.69,0.0,0.074,USD/lb,Authentic Futures Market Feed (1-Year 60m Candles)
2025-08-28 10:00,2025-08-28,10,Copper,HG=F,4.519,4.54,4.517,4.534,3831,0.33,0.015,0.015,USD/lb,Authentic Futures Market Feed (1-Year 60m Candles)
2025-08-28 11:00,2025-08-28,11,Copper,HG=F,4.535,4.537,4.521,4.53,2948,-0.09,-0.005,-0.02,USD/lb,Authentic Futures Market Feed (1-Year 60m Candles)
2025-08-28 12:00,2025-08-28,12,Copper,HG=F,4.531,4.542,4.53,4.536,5214,0.13,0.005,0.01,USD/lb,Authentic Futures Market Feed (1-Year 60m Candles)
2025-08-28 13:00,2025-08-28,13,Copper,HG=F,4.536,4.555,4.536,4.547,1810,0.24,0.011,0.006,USD/lb,Authentic Futures Market Feed (1-Year 60m Candles)
2025-08-28 14:00,2025-08-28,14,Copper,HG=F,4.548,4.552,4.547,4.549,492,0.04,0.001,-0.01,USD/lb,Authentic Futures Market Feed (1-Year 60m Candles)
2025-08-28 15:00,2025-08-28,15,Copper,HG=F,4.549,4.554,4.549,4.552,516,0.06999999999999999,0.003,0.002,USD/lb,Authentic Futures Market Feed (1-Year 60m Candles)
2025-08-28 16:00,2025-08-28,16,Copper,HG=F,4.552,4.553,4.543,4.544,0,-0.18,-0.008,-0.011,USD/lb,Authentic Futures Market Feed (1-Year 60m Candles)
2025-08-28 18:00,2025-08-28,18,Copper,HG=F,4.544,4.544,4.536,4.539,249,-0.11,-0.005,0.003,USD/lb,Authentic Futures Market Feed (1-Year 60m Candles)
2025-08-28 19:00,2025-08-28,19,Copper,HG=F,4.539,4.548,4.539,4.548,160,0.2,0.009,0.014,USD/lb,Authentic Futures Market Feed (1-Year 60m Candles)
2025-08-28 20:00,2025-08-28,20,Copper,HG=F,4.547,4.552,4.543,4.549,474,0.02,0.002,-0.007,USD/lb,Authentic Futures Market Feed (1-Year 60m Candles)
2025-08-28 21:00,2025-08-28,21,Copper,HG=F,4.549,4.551,4.541,4.547,530,-0.04,-0.002,-0.004,USD/lb,Authentic Futures Market Feed (1-Year 60m Candles)
2025-08-28 22:00,2025-08-28,22,Copper,HG=F,4.549,4.555,4.545,4.547,304,0.0,-0.002,0.0,USD/lb,Authentic Futures Market Feed (1-Year 60m Candles)
2025-08-28 23:00,2025-08-28,23,Copper,HG=F,4.546,4.554,4.545,4.554,368,0.15,0.008,0.01,USD/lb,Authentic Futures Market Feed (1-Year 60m Candles)
2025-08-29 00:00,2025-08-29,0,Copper,HG=F,4.554,4.555,4.55,4.552,187,-0.04,-0.002,-0.01,USD/lb,Authentic Futures Market Feed (1-Year 60m Candles)
2025-08-29 01:00,2025-08-29,1,Copper,HG=F,4.553,4.577,4.549,4.576,695,0.53,0.023,0.025,USD/lb,Authentic Futures Market Feed (1-Year 60m Candles)
2025-08-29 02:00,2025-08-29,2,Copper,HG=F,4.576,4.579,4.558,4.562,990,-0.31,-0.014,-0.037,USD/lb,Authentic Futures Market Feed (1-Year 60m Candles)
2025-08-29 03:00,2025-08-29,3,Copper,HG=F,4.563,4.585,4.556,4.578,1086,0.35000000000000003,0.015,0.029,USD/lb,Authentic Futures Market Feed (1-Year 60m Candles)
2025-08-29 04:00,2025-08-29,4,Copper,HG=F,4.577,4.587,4.57,4.582,1751,0.09,0.005,-0.01,USD/lb,Authentic Futures Market Feed (1-Year 60m Candles)
2025-08-29 05:00,2025-08-29,5,Copper,HG=F,4.582,4.586,4.571,4.573,1176,-0.2,-0.009,-0.014,USD/lb,Authentic Futures Market Feed (1-Year 60m Candles)
2025-08-29 06:00,2025-08-29,6,Copper,HG=F,4.572,4.576,4.564,4.567,606,-0.13,-0.005,0.004,USD/lb,Authentic Futures Market Feed (1-Year 60m Candles)
2025-08-29 07:00,2025-08-29,7,Copper,HG=F,4.567,4.584,4.567,4.58,1136,0.27999999999999997,0.013,0.018,USD/lb,Authentic Futures Market Feed (1-Year 60m Candles)
2025-08-29 08:00,2025-08-29,8,Copper,HG=F,4.58,4.588,4.576,4.579,2775,-0.02,-0.001,-0.014,USD/lb,Authentic Futures Market Feed (1-Year 60m Candles)
2025-08-29 09:00,2025-08-29,9,Copper,HG=F,4.579,4.584,4.562,4.564,2814,-0.33,-0.015,-0.014,USD/lb,Authentic Futures Market Feed (1-Year 60m Candles)
2025-08-29 10:00,2025-08-29,10,Copper,HG=F,4.565,4.582,4.55,4.581,3326,0.37,0.016,0.031,USD/lb,Authentic Futures Market Feed (1-Year 60m Candles)
2025-08-29 11:00,2025-08-29,11,Copper,HG=F,4.581,4.583,4.569,4.576,3046,-0.11,-0.005,-0.021,USD/lb,Authentic Futures Market Feed (1-Year 60m Candles)
2025-08-29 12:00,2025-08-29,12,Copper,HG=F,4.576,4.592,4.576,4.591,4663,0.33,0.015,0.02,USD/lb,Authentic Futures Market Feed (1-Year 60m Candles)
2025-08-29 13:00,2025-08-29,13,Copper,HG=F,4.591,4.594,4.576,4.578,1326,-0.27999999999999997,-0.013,-0.028,USD/lb,Authentic Futures Market Feed (1-Year 60m Candles)
2025-08-29 14:00,2025-08-29,14,Copper,HG=F,4.58,4.584,4.579,4.581,350,0.06999999999999999,0.001,0.014,USD/lb,Authentic Futures Market Feed (1-Year 60m Candles)
2025-08-29 15:00,2025-08-29,15,Copper,HG=F,4.582,4.583,4.58,4.582,559,0.02,0.0,-0.001,USD/lb,Authentic Futures Market Feed (1-Year 60m Candles)
2025-08-29 16:00,2025-08-29,16,Copper,HG=F,4.582,4.594,4.582,4.585,507,0.06999999999999999,0.003,0.003,USD/lb,Authentic Futures Market Feed (1-Year 60m Candles)
2025-09-02 00:00,2025-09-02,0,Copper,HG=F,4.603,4.603,4.588,4.59,6335,0.11,-0.013,-0.016,USD/lb,Authentic Futures Market Feed (1-Year 60m Candles)
2025-09-02 01:00,2025-09-02,1,Copper,HG=F,4.589,4.6,4.585,4.593,357,0.06999999999999999,0.004,0.017,USD/lb,Authentic Futures Market Feed (1-Year 60m Candles)
2025-09-02 02:00,2025-09-02,2,Copper,HG=F,4.594,4.595,4.568,4.577,798,-0.35000000000000003,-0.017,-0.021,USD/lb,Authentic Futures Market Feed (1-Year 60m Candles)
2025-09-02 03:00,2025-09-02,3,Copper,HG=F,4.577,4.584,4.546,4.55,1555,-0.59,-0.027,-0.01,USD/lb,Authentic Futures Market Feed (1-Year 60m Candles)
2025-09-02 04:00,2025-09-02,4,Copper,HG=F,4.549,4.565,4.545,4.558,854,0.18,0.009,0.036,USD/lb,Authentic Futures Market Feed (1-Year 60m Candles)
2025-09-02 05:00,2025-09-02,5,Copper,HG=F,4.558,4.575,4.558,4.573,590,0.33,0.015,0.006,USD/lb,Authentic Futures Market Feed (1-Year 60m Candles)
2025-09-02 06:00,2025-09-02,6,Copper,HG=F,4.571,4.575,4.567,4.574,573,0.02,0.003,-0.012,USD/lb,Authentic Futures Market Feed (1-Year 60m Candles)
2025-09-02 07:00,2025-09-02,7,Copper,HG=F,4.574,4.579,4.563,4.574,1066,0.0,0.0,-0.003,USD/lb,Authentic Futures Market Feed (1-Year 60m Candles)
2025-09-02 08:00,2025-09-02,8,Copper,HG=F,4.575,4.577,4.545,4.552,3434,-0.48,-0.023,-0.023,USD/lb,Authentic Futures Market Feed (1-Year 60m Candles)
2025-09-02 09:00,2025-09-02,9,Copper,HG=F,4.553,4.576,4.541,4.573,3179,0.45999999999999996,0.02,0.043,USD/lb,Authentic Futures Market Feed (1-Year 60m Candles)
2025-09-02 10:00,2025-09-02,10,Copper,HG=F,4.573,4.608,4.573,4.607,4062,0.74,0.034,0.014,USD/lb,Authentic Futures Market Feed (1-Year 60m Candles)
2025-09-02 11:00,2025-09-02,11,Copper,HG=F,4.607,4.624,4.6,4.614,6645,0.15,0.007,-0.027,USD/lb,Authentic Futures Market Feed (1-Year 60m Candles)
2025-09-02 12:00,2025-09-02,12,Copper,HG=F,4.613,4.647,4.609,4.641,10469,0.59,0.028,0.021,USD/lb,Authentic Futures Market Feed (1-Year 60m Candles)
2025-09-02 13:00,2025-09-02,13,Copper,HG=F,4.641,4.649,4.633,4.644,2770,0.06,0.003,-0.025,USD/lb,Authentic Futures Market Feed (1-Year 60m Candles)
2025-09-02 14:00,2025-09-02,14,Copper,HG=F,4.645,4.645,4.626,4.632,888,-0.26,-0.013,-0.016,USD/lb,Authentic Futures Market Feed (1-Year 60m Candles)
2025-09-02 15:00,2025-09-02,15,Copper,HG=F,4.634,4.641,4.633,4.637,617,0.11,0.003,0.016,USD/lb,Authentic Futures Market Feed (1-Year 60m Candles)
2025-09-02 16:00,2025-09-02,16,Copper,HG=F,4.638,4.648,4.638,4.641,536,0.09,0.003,0.0,USD/lb,Authentic Futures Market Feed (1-Year 60m Candles)
2025-09-02 18:00,2025-09-02,18,Copper,HG=F,4.646,4.65,4.639,4.648,0,0.15,0.002,-0.001,USD/lb,Authentic Futures Market Feed (1-Year 60m Candles)
2025-09-02 19:00,2025-09-02,19,Copper,HG=F,4.648,4.653,4.646,4.649,167,0.02,0.001,-0.001,USD/lb,Authentic Futures Market Feed (1-Year 60m Candles)
2025-09-02 20:00,2025-09-02,20,Copper,HG=F,4.65,4.662,4.649,4.654,642,0.11,0.004,0.003,USD/lb,Authentic Futures Market Feed (1-Year 60m Candles)
2025-09-02 21:00,2025-09-02,21,Copper,HG=F,4.655,4.675,4.637,4.643,2184,-0.24,-0.012,-0.016,USD/lb,Authentic Futures Market Feed (1-Year 60m Candles)
2025-09-02 22:00,2025-09-02,22,Copper,HG=F,4.642,4.642,4.627,4.63,521,-0.27999999999999997,-0.012,0.0,USD/lb,Authentic Futures Market Feed (1-Year 60m Candles)
2025-09-02 23:00,2025-09-02,23,Copper,HG=F,4.631,4.634,4.619,4.623,291,-0.15,-0.008,0.004,USD/lb,Authentic Futures Market Feed (1-Year 60m Candles)
2025-09-03 00:00,2025-09-03,0,Copper,HG=F,4.622,4.63,4.622,4.628,183,0.11,0.006,0.014,USD/lb,Authentic Futures Market Feed (1-Year 60m Candles)
2025-09-03 01:00,2025-09-03,1,Copper,HG=F,4.628,4.631,4.613,4.621,372,-0.15,-0.007,-0.013,USD/lb,Authentic Futures Market Feed (1-Year 60m Candles)
2025-09-03 02:00,2025-09-03,2,Copper,HG=F,4.62,4.631,4.618,4.623,601,0.04,0.003,0.01,USD/lb,Authentic Futures Market Feed (1-Year 60m Candles)
2025-09-03 03:00,2025-09-03,3,Copper,HG=F,4.623,4.655,4.623,4.653,1161,0.65,0.03,0.027,USD/lb,Authentic Futures Market Feed (1-Year 60m Candles)
2025-09-03 04:00,2025-09-03,4,Copper,HG=F,4.652,4.664,4.64,4.644,1268,-0.19,-0.008,-0.038,USD/lb,Authentic Futures Market Feed (1-Year 60m Candles)
2025-09-03 05:00,2025-09-03,5,Copper,HG=F,4.645,4.65,4.637,4.642,889,-0.04,-0.003,0.005,USD/lb,Authentic Futures Market Feed (1-Year 60m Candles)
2025-09-03 06:00,2025-09-03,6,Copper,HG=F,4.643,4.646,4.629,4.635,599,-0.15,-0.008,-0.005,USD/lb,Authentic Futures Market Feed (1-Year 60m Candles)
2025-09-03 07:00,2025-09-03,7,Copper,HG=F,4.636,4.636,4.622,4.63,1176,-0.11,-0.006,0.002,USD/lb,Authentic Futures Market Feed (1-Year 60m Candles)
2025-09-03 08:00,2025-09-03,8,Copper,HG=F,4.63,4.635,4.602,4.612,3635,-0.38999999999999996,-0.018,-0.012,USD/lb,Authentic Futures Market Feed (1-Year 60m Candles)
2025-09-03 09:00,2025-09-03,9,Copper,HG=F,4.611,4.641,4.608,4.635,3875,0.5,0.024,0.042,USD/lb,Authentic Futures Market Feed (1-Year 60m Candles)
2025-09-03 10:00,2025-09-03,10,Copper,HG=F,4.635,4.648,4.622,4.624,2515,-0.24,-0.011,-0.035,USD/lb,Authentic Futures Market Feed (1-Year 60m Candles)
2025-09-03 11:00,2025-09-03,11,Copper,HG=F,4.616,4.625,4.613,4.617,2986,-0.15,0.001,0.012,USD/lb,Authentic Futures Market Feed (1-Year 60m Candles)
2025-09-03 12:00,2025-09-03,12,Copper,HG=F,4.617,4.632,4.617,4.63,3863,0.27999999999999997,0.013,0.012,USD/lb,Authentic Futures Market Feed (1-Year 60m Candles)
2025-09-03 13:00,2025-09-03,13,Copper,HG=F,4.63,4.633,4.617,4.619,804,-0.24,-0.011,-0.024,USD/lb,Authentic Futures Market Feed (1-Year 60m Candles)
2025-09-03 14:00,2025-09-03,14,Copper,HG=F,4.619,4.623,4.61,4.617,314,-0.04,-0.002,0.009,USD/lb,Authentic Futures Market Feed (1-Year 60m Candles)
2025-09-03 15:00,2025-09-03,15,Copper,HG=F,4.617,4.618,4.604,4.612,737,-0.11,-0.005,-0.003,USD/lb,Authentic Futures Market Feed (1-Year 60m Candles)
2025-09-03 16:00,2025-09-03,16,Copper,HG=F,4.613,4.62,4.613,4.617,218,0.11,0.004,0.009,USD/lb,Authentic Futures Market Feed (1-Year 60m Candles)
2025-09-03 18:00,2025-09-03,18,Copper,HG=F,4.615,4.621,4.613,4.615,0,-0.04,0.0,-0.004,USD/lb,Authentic Futures Market Feed (1-Year 60m Candles)
2025-09-03 19:00,2025-09-03,19,Copper,HG=F,4.615,4.618,4.611,4.618,88,0.06999999999999999,0.003,0.003,USD/lb,Authentic Futures Market Feed (1-Year 60m Candles)
2025-09-03 20:00,2025-09-03,20,Copper,HG=F,4.618,4.618,4.611,4.615,139,-0.06,-0.003,-0.006,USD/lb,Authentic Futures Market Feed (1-Year 60m Candles)
2025-09-03 21:00,2025-09-03,21,Copper,HG=F,4.615,4.616,4.601,4.603,542,-0.26,-0.012,-0.009,USD/lb,Authentic Futures Market Feed (1-Year 60m Candles)
2025-09-03 22:00,2025-09-03,22,Copper,HG=F,4.604,4.606,4.583,4.588,924,-0.33,-0.016,-0.004,USD/lb,Authentic Futures Market Feed (1-Year 60m Candles)
2025-09-03 23:00,2025-09-03,23,Copper,HG=F,4.589,4.59,4.576,4.583,487,-0.11,-0.006,0.01,USD/lb,Authentic Futures Market Feed (1-Year 60m Candles)
2025-09-04 00:00,2025-09-04,0,Copper,HG=F,4.582,4.584,4.569,4.573,399,-0.22,-0.009,-0.003,USD/lb,Authentic Futures Market Feed (1-Year 60m Candles)
2025-09-04 01:00,2025-09-04,1,Copper,HG=F,4.572,4.575,4.562,4.568,568,-0.11,-0.004,0.005,USD/lb,Authentic Futures Market Feed (1-Year 60m Candles)
2025-09-04 02:00,2025-09-04,2,Copper,HG=F,4.568,4.58,4.561,4.577,1176,0.2,0.009,0.013,USD/lb,Authentic Futures Market Feed (1-Year 60m Candles)
2025-09-04 03:00,2025-09-04,3,Copper,HG=F,4.577,4.578,4.562,4.567,799,-0.22,-0.01,-0.019,USD/lb,Authentic Futures Market Feed (1-Year 60m Candles)
2025-09-04 04:00,2025-09-04,4,Copper,HG=F,4.567,4.577,4.567,4.574,443,0.15,0.007,0.017,USD/lb,Authentic Futures Market Feed (1-Year 60m Candles)
2025-09-04 05:00,2025-09-04,5,Copper,HG=F,4.573,4.573,4.564,4.567,535,-0.15,-0.006,-0.013,USD/lb,Authentic Futures Market Feed (1-Year 60m Candles)
2025-09-04 06:00,2025-09-04,6,Copper,HG=F,4.568,4.574,4.555,4.558,959,-0.2,-0.01,-0.004,USD/lb,Authentic Futures Market Feed (1-Year 60m Candles)
2025-09-04 07:00,2025-09-04,7,Copper,HG=F,4.558,4.562,4.552,4.559,954,0.02,0.001,0.011,USD/lb,Authentic Futures Market Feed (1-Year 60m Candles)
2025-09-04 08:00,2025-09-04,8,Copper,HG=F,4.559,4.572,4.557,4.571,2007,0.26,0.012,0.011,USD/lb,Authentic Futures Market Feed (1-Year 60m Candles)
2025-09-04 09:00,2025-09-04,9,Copper,HG=F,4.571,4.59,4.567,4.576,3057,0.11,0.005,-0.007,USD/lb,Authentic Futures Market Feed (1-Year 60m Candles)
2025-09-04 10:00,2025-09-04,10,Copper,HG=F,4.576,4.582,4.567,4.576,1888,0.0,0.0,-0.005,USD/lb,Authentic Futures Market Feed (1-Year 60m Candles)
2025-09-04 11:00,2025-09-04,11,Copper,HG=F,4.576,4.58,4.568,4.569,1710,-0.15,-0.007,-0.007,USD/lb,Authentic Futures Market Feed (1-Year 60m Candles)
2025-09-04 12:00,2025-09-04,12,Copper,HG=F,4.569,4.57,4.556,4.557,3723,-0.26,-0.012,-0.005,USD/lb,Authentic Futures Market Feed (1-Year 60m Candles)
2025-09-04 13:00,2025-09-04,13,Copper,HG=F,4.558,4.562,4.556,4.561,1151,0.09,0.003,0.015,USD/lb,Authentic Futures Market Feed (1-Year 60m Candles)
2025-09-04 14:00,2025-09-04,14,Copper,HG=F,4.561,4.569,4.561,4.564,455,0.06999999999999999,0.003,0.0,USD/lb,Authentic Futures Market Feed (1-Year 60m Candles)
2025-09-04 15:00,2025-09-04,15,Copper,HG=F,4.564,4.568,4.562,4.567,331,0.06999999999999999,0.003,0.0,USD/lb,Authentic Futures Market Feed (1-Year 60m Candles)
2025-09-04 16:00,2025-09-04,16,Copper,HG=F,4.568,4.571,4.563,4.564,341,-0.06999999999999999,-0.004,-0.007,USD/lb,Authentic Futures Market Feed (1-Year 60m Candles)
2025-09-04 18:00,2025-09-04,18,Copper,HG=F,4.566,4.567,4.561,4.564,0,0.0,-0.002,0.002,USD/lb,Authentic Futures Market Feed (1-Year 60m Candles)
2025-09-04 19:00,2025-09-04,19,Copper,HG=F,4.564,4.573,4.564,4.572,107,0.18,0.008,0.01,USD/lb,Authentic Futures Market Feed (1-Year 60m Candles)
2025-09-04 20:00,2025-09-04,20,Copper,HG=F,4.57,4.57,4.56,4.563,341,-0.2,-0.007,-0.015,USD/lb,Authentic Futures Market Feed (1-Year 60m Candles)
2025-09-04 21:00,2025-09-04,21,Copper,HG=F,4.562,4.58,4.562,4.577,353,0.31,0.015,0.022,USD/lb,Authentic Futures Market Feed (1-Year 60m Candles)
2025-09-04 22:00,2025-09-04,22,Copper,HG=F,4.577,4.591,4.576,4.589,787,0.26,0.012,-0.003,USD/lb,Authentic Futures Market Feed (1-Year 60m Candles)
2025-09-04 23:00,2025-09-04,23,Copper,HG=F,4.59,4.598,4.586,4.596,358,0.15,0.006,-0.006,USD/lb,Authentic Futures Market Feed (1-Year 60m Candles)
2025-09-05 00:00,2025-09-05,0,Copper,HG=F,4.597,4.598,4.594,4.595,267,-0.02,-0.002,-0.008,USD/lb,Authentic Futures Market Feed (1-Year 60m Candles)
2025-09-05 01:00,2025-09-05,1,Copper,HG=F,4.595,4.608,4.591,4.606,568,0.24,0.011,0.013,USD/lb,Authentic Futures Market Feed (1-Year 60m Candles)
2025-09-05 02:00,2025-09-05,2,Copper,HG=F,4.606,4.614,4.598,4.6,820,-0.13,-0.006,-0.017,USD/lb,Authentic Futures Market Feed (1-Year 60m Candles)
2025-09-05 03:00,2025-09-05,3,Copper,HG=F,4.6,4.605,4.588,4.594,887,-0.13,-0.006,0.0,USD/lb,Authentic Futures Market Feed (1-Year 60m Candles)
2025-09-05 04:00,2025-09-05,4,Copper,HG=F,4.592,4.597,4.582,4.587,671,-0.15,-0.005,0.001,USD/lb,Authentic Futures Market Feed (1-Year 60m Candles)
2025-09-05 05:00,2025-09-05,5,Copper,HG=F,4.588,4.594,4.583,4.588,257,0.02,0.0,0.005,USD/lb,Authentic Futures Market Feed (1-Year 60m Candles)
2025-09-05 06:00,2025-09-05,6,Copper,HG=F,4.589,4.589,4.582,4.584,285,-0.09,-0.005,-0.005,USD/lb,Authentic Futures Market Feed (1-Year 60m Candles)
2025-09-05 07:00,2025-09-05,7,Copper,HG=F,4.583,4.601,4.583,4.599,1670,0.33,0.016,0.021,USD/lb,Authentic Futures Market Feed (1-Year 60m Candles)
2025-09-05 08:00,2025-09-05,8,Copper,HG=F,4.6,4.62,4.593,4.606,4923,0.15,0.006,-0.01,USD/lb,Authentic Futures Market Feed (1-Year 60m Candles)
2025-09-05 09:00,2025-09-05,9,Copper,HG=F,4.607,4.611,4.569,4.576,4611,-0.65,-0.031,-0.037,USD/lb,Authentic Futures Market Feed (1-Year 60m Candles)
2025-09-05 10:00,2025-09-05,10,Copper,HG=F,4.576,4.58,4.546,4.559,5868,-0.37,-0.017,0.014,USD/lb,Authentic Futures Market Feed (1-Year 60m Candles)
2025-09-05 11:00,2025-09-05,11,Copper,HG=F,4.559,4.563,4.551,4.553,2837,-0.13,-0.006,0.011,USD/lb,Authentic Futures Market Feed (1-Year 60m Candles)
2025-09-05 12:00,2025-09-05,12,Copper,HG=F,4.552,4.557,4.547,4.551,3348,-0.04,-0.001,0.005,USD/lb,Authentic Futures Market Feed (1-Year 60m Candles)
2025-09-05 13:00,2025-09-05,13,Copper,HG=F,4.551,4.553,4.543,4.547,1229,-0.09,-0.004,-0.003,USD/lb,Authentic Futures Market Feed (1-Year 60m Candles)
2025-09-05 14:00,2025-09-05,14,Copper,HG=F,4.547,4.548,4.536,4.541,744,-0.13,-0.006,-0.002,USD/lb,Authentic Futures Market Feed (1-Year 60m Candles)
2025-09-05 15:00,2025-09-05,15,Copper,HG=F,4.541,4.547,4.537,4.54,689,-0.02,-0.001,0.005,USD/lb,Authentic Futures Market Feed (1-Year 60m Candles)
2025-09-05 16:00,2025-09-05,16,Copper,HG=F,4.541,4.551,4.538,4.551,246,0.24,0.01,0.011,USD/lb,Authentic Futures Market Feed (1-Year 60m Candles)
2025-09-07 18:00,2025-09-07,18,Copper,HG=F,4.543,4.56,4.525,4.55,539,-0.02,0.007,-0.003,USD/lb,Authentic Futures Market Feed (1-Year 60m Candles)
2025-09-07 19:00,2025-09-07,19,Copper,HG=F,4.55,4.556,4.55,4.553,195,0.06999999999999999,0.003,-0.004,USD/lb,Authentic Futures Market Feed (1-Year 60m Candles)
2025-09-07 20:00,2025-09-07,20,Copper,HG=F,4.552,4.556,4.549,4.556,359,0.06999999999999999,0.004,0.001,USD/lb,Authentic Futures Market Feed (1-Year 60m Candles)
2025-09-07 21:00,2025-09-07,21,Copper,HG=F,4.556,4.578,4.553,4.569,944,0.29,0.013,0.009,USD/lb,Authentic Futures Market Feed (1-Year 60m Candles)
2025-09-07 22:00,2025-09-07,22,Copper,HG=F,4.569,4.57,4.561,4.566,162,-0.06999999999999999,-0.003,-0.016,USD/lb,Authentic Futures Market Feed (1-Year 60m Candles)
2025-09-07 23:00,2025-09-07,23,Copper,HG=F,4.567,4.567,4.557,4.559,74,-0.15,-0.008,-0.005,USD/lb,Authentic Futures Market Feed (1-Year 60m Candles)
2025-09-08 00:00,2025-09-08,0,Copper,HG=F,4.559,4.559,4.552,4.552,135,-0.15,-0.007,0.001,USD/lb,Authentic Futures Market Feed (1-Year 60m Candles)
2025-09-08 01:00,2025-09-08,1,Copper,HG=F,4.552,4.564,4.55,4.563,212,0.24,0.011,0.018,USD/lb,Authentic Futures Market Feed (1-Year 60m Candles)
2025-09-08 02:00,2025-09-08,2,Copper,HG=F,4.563,4.571,4.559,4.564,771,0.02,0.001,-0.01,USD/lb,Authentic Futures Market Feed (1-Year 60m Candles)
2025-09-08 03:00,2025-09-08,3,Copper,HG=F,4.565,4.575,4.557,4.562,780,-0.04,-0.003,-0.004,USD/lb,Authentic Futures Market Feed (1-Year 60m Candles)
2025-09-08 04:00,2025-09-08,4,Copper,HG=F,4.561,4.579,4.558,4.56,1021,-0.04,-0.001,0.002,USD/lb,Authentic Futures Market Feed (1-Year 60m Candles)
2025-09-08 05:00,2025-09-08,5,Copper,HG=F,4.558,4.567,4.555,4.562,639,0.04,0.004,0.005,USD/lb,Authentic Futures Market Feed (1-Year 60m Candles)
2025-09-08 06:00,2025-09-08,6,Copper,HG=F,4.562,4.57,4.558,4.564,404,0.04,0.002,-0.002,USD/lb,Authentic Futures Market Feed (1-Year 60m Candles)
2025-09-08 07:00,2025-09-08,7,Copper,HG=F,4.565,4.569,4.558,4.564,1171,0.0,-0.001,-0.003,USD/lb,Authentic Futures Market Feed (1-Year 60m Candles)
2025-09-08 08:00,2025-09-08,8,Copper,HG=F,4.564,4.569,4.55,4.558,2547,-0.13,-0.006,-0.005,USD/lb,Authentic Futures Market Feed (1-Year 60m Candles)
2025-09-08 09:00,2025-09-08,9,Copper,HG=F,4.559,4.562,4.547,4.556,1818,-0.04,-0.003,0.003,USD/lb,Authentic Futures Market Feed (1-Year 60m Candles)
2025-09-08 10:00,2025-09-08,10,Copper,HG=F,4.556,4.568,4.555,4.562,2147,0.13,0.006,0.009,USD/lb,Authentic Futures Market Feed (1-Year 60m Candles)
2025-09-08 11:00,2025-09-08,11,Copper,HG=F,4.562,4.571,4.556,4.569,2732,0.15,0.007,0.001,USD/lb,Authentic Futures Market Feed (1-Year 60m Candles)
2025-09-08 12:00,2025-09-08,12,Copper,HG=F,4.569,4.569,4.553,4.561,3155,-0.18,-0.008,-0.015,USD/lb,Authentic Futures Market Feed (1-Year 60m Candles)
2025-09-08 13:00,2025-09-08,13,Copper,HG=F,4.561,4.563,4.556,4.559,765,-0.04,-0.002,0.006,USD/lb,Authentic Futures Market Feed (1-Year 60m Candles)
2025-09-08 14:00,2025-09-08,14,Copper,HG=F,4.558,4.57,4.556,4.567,546,0.18,0.009,0.011,USD/lb,Authentic Futures Market Feed (1-Year 60m Candles)
2025-09-08 15:00,2025-09-08,15,Copper,HG=F,4.567,4.569,4.562,4.569,364,0.04,0.002,-0.007,USD/lb,Authentic Futures Market Feed (1-Year 60m Candles)
2025-09-08 16:00,2025-09-08,16,Copper,HG=F,4.569,4.57,4.565,4.567,168,-0.04,-0.002,-0.004,USD/lb,Authentic Futures Market Feed (1-Year 60m Candles)
2025-09-08 18:00,2025-09-08,18,Copper,HG=F,4.565,4.572,4.561,4.563,0,-0.09,-0.002,0.0,USD/lb,Authentic Futures Market Feed (1-Year 60m Candles)
2025-09-08 19:00,2025-09-08,19,Copper,HG=F,4.563,4.571,4.562,4.568,64,0.11,0.005,0.007,USD/lb,Authentic Futures Market Feed (1-Year 60m Candles)
2025-09-08 20:00,2025-09-08,20,Copper,HG=F,4.568,4.569,4.562,4.566,251,-0.04,-0.002,-0.007,USD/lb,Authentic Futures Market Feed (1-Year 60m Candles)
2025-09-08 21:00,2025-09-08,21,Copper,HG=F,4.566,4.567,4.555,4.567,429,0.02,0.001,0.003,USD/lb,Authentic Futures Market Feed (1-Year 60m Candles)
2025-09-08 22:00,2025-09-08,22,Copper,HG=F,4.566,4.587,4.564,4.579,734,0.26,0.013,0.012,USD/lb,Authentic Futures Market Feed (1-Year 60m Candles)
2025-09-08 23:00,2025-09-08,23,Copper,HG=F,4.577,4.58,4.566,4.569,181,-0.22,-0.008,-0.021,USD/lb,Authentic Futures Market Feed (1-Year 60m Candles)
2025-09-09 00:00,2025-09-09,0,Copper,HG=F,4.569,4.577,4.566,4.576,185,0.15,0.007,0.015,USD/lb,Authentic Futures Market Feed (1-Year 60m Candles)
2025-09-09 01:00,2025-09-09,1,Copper,HG=F,4.576,4.582,4.574,4.581,368,0.11,0.005,-0.002,USD/lb,Authentic Futures Market Feed (1-Year 60m Candles)
2025-09-09 02:00,2025-09-09,2,Copper,HG=F,4.578,4.582,4.567,4.573,508,-0.16999999999999998,-0.005,-0.01,USD/lb,Authentic Futures Market Feed (1-Year 60m Candles)
2025-09-09 03:00,2025-09-09,3,Copper,HG=F,4.572,4.579,4.562,4.57,814,-0.06999999999999999,-0.002,0.003,USD/lb,Authentic Futures Market Feed (1-Year 60m Candles)
2025-09-09 04:00,2025-09-09,4,Copper,HG=F,4.57,4.583,4.551,4.562,1351,-0.18,-0.008,-0.006,USD/lb,Authentic Futures Market Feed (1-Year 60m Candles)
2025-09-09 05:00,2025-09-09,5,Copper,HG=F,4.562,4.581,4.562,4.578,759,0.35000000000000003,0.016,0.024,USD/lb,Authentic Futures Market Feed (1-Year 60m Candles)
2025-09-09 06:00,2025-09-09,6,Copper,HG=F,4.579,4.59,4.566,4.567,1671,-0.24,-0.012,-0.028,USD/lb,Authentic Futures Market Feed (1-Year 60m Candles)
2025-09-09 07:00,2025-09-09,7,Copper,HG=F,4.567,4.572,4.553,4.556,1590,-0.24,-0.011,0.001,USD/lb,Authentic Futures Market Feed (1-Year 60m Candles)
2025-09-09 08:00,2025-09-09,8,Copper,HG=F,4.557,4.565,4.55,4.554,1600,-0.04,-0.003,0.008,USD/lb,Authentic Futures Market Feed (1-Year 60m Candles)
2025-09-09 09:00,2025-09-09,9,Copper,HG=F,4.554,4.579,4.546,4.566,3104,0.26,0.012,0.015,USD/lb,Authentic Futures Market Feed (1-Year 60m Candles)
2025-09-09 10:00,2025-09-09,10,Copper,HG=F,4.567,4.574,4.551,4.559,2373,-0.15,-0.008,-0.02,USD/lb,Authentic Futures Market Feed (1-Year 60m Candles)
2025-09-09 11:00,2025-09-09,11,Copper,HG=F,4.558,4.565,4.549,4.565,1860,0.13,0.007,0.015,USD/lb,Authentic Futures Market Feed (1-Year 60m Candles)
2025-09-09 12:00,2025-09-09,12,Copper,HG=F,4.565,4.573,4.562,4.57,3586,0.11,0.005,-0.002,USD/lb,Authentic Futures Market Feed (1-Year 60m Candles)
2025-09-09 13:00,2025-09-09,13,Copper,HG=F,4.569,4.576,4.569,4.571,1120,0.02,0.002,-0.003,USD/lb,Authentic Futures Market Feed (1-Year 60m Candles)
2025-09-09 14:00,2025-09-09,14,Copper,HG=F,4.571,4.576,4.568,4.574,469,0.06999999999999999,0.003,0.001,USD/lb,Authentic Futures Market Feed (1-Year 60m Candles)
2025-09-09 15:00,2025-09-09,15,Copper,HG=F,4.575,4.579,4.574,4.575,537,0.02,0.0,-0.003,USD/lb,Authentic Futures Market Feed (1-Year 60m Candles)
2025-09-09 16:00,2025-09-09,16,Copper,HG=F,4.575,4.576,4.574,4.576,221,0.02,0.001,0.001,USD/lb,Authentic Futures Market Feed (1-Year 60m Candles)
2025-09-09 18:00,2025-09-09,18,Copper,HG=F,4.575,4.576,4.567,4.569,0,-0.15,-0.006,-0.007,USD/lb,Authentic Futures Market Feed (1-Year 60m Candles)
2025-09-09 19:00,2025-09-09,19,Copper,HG=F,4.57,4.572,4.567,4.567,98,-0.04,-0.003,0.003,USD/lb,Authentic Futures Market Feed (1-Year 60m Candles)
2025-09-09 20:00,2025-09-09,20,Copper,HG=F,4.567,4.572,4.563,4.568,261,0.02,0.001,0.004,USD/lb,Authentic Futures Market Feed (1-Year 60m Candles)
2025-09-09 21:00,2025-09-09,21,Copper,HG=F,4.568,4.577,4.563,4.572,460,0.09,0.004,0.003,USD/lb,Authentic Futures Market Feed (1-Year 60m Candles)
2025-09-09 22:00,2025-09-09,22,Copper,HG=F,4.571,4.579,4.57,4.579,287,0.15,0.008,0.004,USD/lb,Authentic Futures Market Feed (1-Year 60m Candles)
2025-09-09 23:00,2025-09-09,23,Copper,HG=F,4.579,4.591,4.578,4.587,546,0.16999999999999998,0.008,0.0,USD/lb,Authentic Futures Market Feed (1-Year 60m Candles)
2025-09-10 00:00,2025-09-10,0,Copper,HG=F,4.587,4.589,4.585,4.589,191,0.04,0.002,-0.006,USD/lb,Authentic Futures Market Feed (1-Year 60m Candles)
2025-09-10 01:00,2025-09-10,1,Copper,HG=F,4.589,4.592,4.584,4.586,435,-0.06999999999999999,-0.003,-0.005,USD/lb,Authentic Futures Market Feed (1-Year 60m Candles)
2025-09-10 02:00,2025-09-10,2,Copper,HG=F,4.585,4.59,4.575,4.576,1061,-0.22,-0.009,-0.006,USD/lb,Authentic Futures Market Feed (1-Year 60m Candles)
2025-09-10 03:00,2025-09-10,3,Copper,HG=F,4.576,4.584,4.568,4.583,752,0.15,0.007,0.016,USD/lb,Authentic Futures Market Feed (1-Year 60m Candles)
2025-09-10 04:00,2025-09-10,4,Copper,HG=F,4.582,4.583,4.565,4.569,528,-0.31,-0.013,-0.02,USD/lb,Authentic Futures Market Feed (1-Year 60m Candles)
2025-09-10 05:00,2025-09-10,5,Copper,HG=F,4.569,4.576,4.566,4.574,442,0.11,0.005,0.018,USD/lb,Authentic Futures Market Feed (1-Year 60m Candles)
2025-09-10 06:00,2025-09-10,6,Copper,HG=F,4.574,4.576,4.565,4.565,522,-0.2,-0.009,-0.014,USD/lb,Authentic Futures Market Feed (1-Year 60m Candles)
2025-09-10 07:00,2025-09-10,7,Copper,HG=F,4.567,4.584,4.566,4.58,1084,0.33,0.013,0.022,USD/lb,Authentic Futures Market Feed (1-Year 60m Candles)
2025-09-10 08:00,2025-09-10,8,Copper,HG=F,4.58,4.596,4.576,4.595,3205,0.33,0.015,0.002,USD/lb,Authentic Futures Market Feed (1-Year 60m Candles)
2025-09-10 09:00,2025-09-10,9,Copper,HG=F,4.595,4.615,4.589,4.611,4225,0.35000000000000003,0.016,0.001,USD/lb,Authentic Futures Market Feed (1-Year 60m Candles)
2025-09-10 10:00,2025-09-10,10,Copper,HG=F,4.611,4.617,4.607,4.612,3109,0.02,0.001,-0.015,USD/lb,Authentic Futures Market Feed (1-Year 60m Candles)
2025-09-10 11:00,2025-09-10,11,Copper,HG=F,4.613,4.623,4.61,4.617,2641,0.11,0.004,0.003,USD/lb,Authentic Futures Market Feed (1-Year 60m Candles)
2025-09-10 12:00,2025-09-10,12,Copper,HG=F,4.616,4.626,4.612,4.619,3245,0.04,0.003,-0.001,USD/lb,Authentic Futures Market Feed (1-Year 60m Candles)
2025-09-10 13:00,2025-09-10,13,Copper,HG=F,4.62,4.623,4.613,4.62,1230,0.02,0.0,-0.003,USD/lb,Authentic Futures Market Feed (1-Year 60m Candles)
2025-09-10 14:00,2025-09-10,14,Copper,HG=F,4.619,4.62,4.612,4.614,379,-0.13,-0.005,-0.005,USD/lb,Authentic Futures Market Feed (1-Year 60m Candles)
2025-09-10 15:00,2025-09-10,15,Copper,HG=F,4.613,4.614,4.602,4.606,502,-0.16999999999999998,-0.007,-0.002,USD/lb,Authentic Futures Market Feed (1-Year 60m Candles)
2025-09-10 16:00,2025-09-10,16,Copper,HG=F,4.607,4.61,4.604,4.605,256,-0.02,-0.002,0.005,USD/lb,Authentic Futures Market Feed (1-Year 60m Candles)
2025-09-10 18:00,2025-09-10,18,Copper,HG=F,4.605,4.61,4.604,4.609,0,0.09,0.004,0.006,USD/lb,Authentic Futures Market Feed (1-Year 60m Candles)
2025-09-10 19:00,2025-09-10,19,Copper,HG=F,4.609,4.612,4.608,4.609,92,0.0,0.0,-0.004,USD/lb,Authentic Futures Market Feed (1-Year 60m Candles)
2025-09-10 20:00,2025-09-10,20,Copper,HG=F,4.61,4.611,4.606,4.608,200,-0.02,-0.002,-0.002,USD/lb,Authentic Futures Market Feed (1-Year 60m Candles)
2025-09-10 21:00,2025-09-10,21,Copper,HG=F,4.609,4.61,4.602,4.605,378,-0.06999999999999999,-0.004,-0.002,USD/lb,Authentic Futures Market Feed (1-Year 60m Candles)
2025-09-10 22:00,2025-09-10,22,Copper,HG=F,4.606,4.608,4.6,4.603,189,-0.04,-0.003,0.001,USD/lb,Authentic Futures Market Feed (1-Year 60m Candles)
2025-09-10 23:00,2025-09-10,23,Copper,HG=F,4.603,4.609,4.603,4.607,160,0.09,0.004,0.007,USD/lb,Authentic Futures Market Feed (1-Year 60m Candles)
2025-09-11 00:00,2025-09-11,0,Copper,HG=F,4.607,4.608,4.6,4.601,136,-0.13,-0.006,-0.01,USD/lb,Authentic Futures Market Feed (1-Year 60m Candles)
2025-09-11 01:00,2025-09-11,1,Copper,HG=F,4.602,4.604,4.598,4.602,249,0.02,0.0,0.006,USD/lb,Authentic Futures Market Feed (1-Year 60m Candles)
2025-09-11 02:00,2025-09-11,2,Copper,HG=F,4.602,4.617,4.6,4.609,453,0.15,0.007,0.007,USD/lb,Authentic Futures Market Feed (1-Year 60m Candles)
2025-09-11 03:00,2025-09-11,3,Copper,HG=F,4.609,4.621,4.609,4.616,660,0.15,0.007,0.0,USD/lb,Authentic Futures Market Feed (1-Year 60m Candles)
2025-09-11 04:00,2025-09-11,4,Copper,HG=F,4.619,4.619,4.607,4.609,569,-0.15,-0.01,-0.017,USD/lb,Authentic Futures Market Feed (1-Year 60m Candles)
2025-09-11 05:00,2025-09-11,5,Copper,HG=F,4.609,4.609,4.597,4.604,712,-0.11,-0.005,0.005,USD/lb,Authentic Futures Market Feed (1-Year 60m Candles)
2025-09-11 06:00,2025-09-11,6,Copper,HG=F,4.603,4.615,4.602,4.61,690,0.13,0.007,0.012,USD/lb,Authentic Futures Market Feed (1-Year 60m Candles)
2025-09-11 07:00,2025-09-11,7,Copper,HG=F,4.609,4.615,4.607,4.609,904,-0.02,0.0,-0.007,USD/lb,Authentic Futures Market Feed (1-Year 60m Candles)
2025-09-11 08:00,2025-09-11,8,Copper,HG=F,4.61,4.627,4.597,4.621,2430,0.26,0.011,0.011,USD/lb,Authentic Futures Market Feed (1-Year 60m Candles)
2025-09-11 09:00,2025-09-11,9,Copper,HG=F,4.619,4.634,4.604,4.631,3558,0.22,0.012,0.001,USD/lb,Authentic Futures Market Feed (1-Year 60m Candles)
2025-09-11 10:00,2025-09-11,10,Copper,HG=F,4.632,4.641,4.63,4.636,2923,0.11,0.004,-0.008,USD/lb,Authentic Futures Market Feed (1-Year 60m Candles)
2025-09-11 11:00,2025-09-11,11,Copper,HG=F,4.636,4.654,4.635,4.653,3213,0.37,0.017,0.013,USD/lb,Authentic Futures Market Feed (1-Year 60m Candles)
2025-09-11 12:00,2025-09-11,12,Copper,HG=F,4.653,4.66,4.652,4.658,3667,0.11,0.005,-0.012,USD/lb,Authentic Futures Market Feed (1-Year 60m Candles)
2025-09-11 13:00,2025-09-11,13,Copper,HG=F,4.658,4.659,4.652,4.657,715,-0.02,-0.001,-0.006,USD/lb,Authentic Futures Market Feed (1-Year 60m Candles)
2025-09-11 14:00,2025-09-11,14,Copper,HG=F,4.657,4.66,4.654,4.66,674,0.06,0.003,0.004,USD/lb,Authentic Futures Market Feed (1-Year 60m Candles)
2025-09-11 15:00,2025-09-11,15,Copper,HG=F,4.659,4.684,4.659,4.681,1543,0.44999999999999996,0.022,0.019,USD/lb,Authentic Futures Market Feed (1-Year 60m Candles)
2025-09-11 16:00,2025-09-11,16,Copper,HG=F,4.681,4.682,4.67,4.671,720,-0.21,-0.01,-0.032,USD/lb,Authentic Futures Market Feed (1-Year 60m Candles)
2025-09-11 18:00,2025-09-11,18,Copper,HG=F,4.673,4.68,4.669,4.679,0,0.16999999999999998,0.006,0.016,USD/lb,Authentic Futures Market Feed (1-Year 60m Candles)
2025-09-11 19:00,2025-09-11,19,Copper,HG=F,4.679,4.681,4.677,4.677,135,-0.04,-0.002,-0.008,USD/lb,Authentic Futures Market Feed (1-Year 60m Candles)
2025-09-11 20:00,2025-09-11,20,Copper,HG=F,4.678,4.678,4.661,4.663,761,-0.3,-0.015,-0.013,USD/lb,Authentic Futures Market Feed (1-Year 60m Candles)
2025-09-11 21:00,2025-09-11,21,Copper,HG=F,4.664,4.677,4.662,4.669,885,0.13,0.005,0.02,USD/lb,Authentic Futures Market Feed (1-Year 60m Candles)
2025-09-11 22:00,2025-09-11,22,Copper,HG=F,4.67,4.682,4.669,4.673,539,0.09,0.003,-0.002,USD/lb,Authentic Futures Market Feed (1-Year 60m Candles)
2025-09-11 23:00,2025-09-11,23,Copper,HG=F,4.672,4.678,4.671,4.677,204,0.09,0.005,0.002,USD/lb,Authentic Futures Market Feed (1-Year 60m Candles)
2025-09-12 00:00,2025-09-12,0,Copper,HG=F,4.676,4.682,4.676,4.68,248,0.06,0.004,-0.001,USD/lb,Authentic Futures Market Feed (1-Year 60m Candles)
2025-09-12 01:00,2025-09-12,1,Copper,HG=F,4.68,4.694,4.679,4.685,947,0.11,0.005,0.001,USD/lb,Authentic Futures Market Feed (1-Year 60m Candles)
2025-09-12 02:00,2025-09-12,2,Copper,HG=F,4.685,4.698,4.676,4.694,887,0.19,0.009,0.004,USD/lb,Authentic Futures Market Feed (1-Year 60m Candles)
2025-09-12 03:00,2025-09-12,3,Copper,HG=F,4.695,4.699,4.689,4.693,932,-0.02,-0.002,-0.011,USD/lb,Authentic Futures Market Feed (1-Year 60m Candles)
2025-09-12 04:00,2025-09-12,4,Copper,HG=F,4.693,4.694,4.676,4.688,1170,-0.11,-0.005,-0.003,USD/lb,Authentic Futures Market Feed (1-Year 60m Candles)
2025-09-12 05:00,2025-09-12,5,Copper,HG=F,4.687,4.697,4.682,4.688,662,0.0,0.001,0.006,USD/lb,Authentic Futures Market Feed (1-Year 60m Candles)
2025-09-12 06:00,2025-09-12,6,Copper,HG=F,4.688,4.689,4.676,4.678,458,-0.21,-0.01,-0.011,USD/lb,Authentic Futures Market Feed (1-Year 60m Candles)
2025-09-12 07:00,2025-09-12,7,Copper,HG=F,4.679,4.687,4.676,4.683,1063,0.11,0.004,0.014,USD/lb,Authentic Futures Market Feed (1-Year 60m Candles)
2025-09-12 08:00,2025-09-12,8,Copper,HG=F,4.683,4.685,4.651,4.657,4332,-0.5599999999999999,-0.026,-0.03,USD/lb,Authentic Futures Market Feed (1-Year 60m Candles)
2025-09-12 09:00,2025-09-12,9,Copper,HG=F,4.657,4.664,4.643,4.663,3711,0.13,0.006,0.032,USD/lb,Authentic Futures Market Feed (1-Year 60m Candles)
2025-09-12 10:00,2025-09-12,10,Copper,HG=F,4.663,4.68,4.653,4.654,2488,-0.19,-0.009,-0.015,USD/lb,Authentic Futures Market Feed (1-Year 60m Candles)
2025-09-12 11:00,2025-09-12,11,Copper,HG=F,4.654,4.656,4.646,4.652,2163,-0.04,-0.002,0.007,USD/lb,Authentic Futures Market Feed (1-Year 60m Candles)
2025-09-12 12:00,2025-09-12,12,Copper,HG=F,4.652,4.659,4.646,4.653,2767,0.02,0.001,0.003,USD/lb,Authentic Futures Market Feed (1-Year 60m Candles)
2025-09-12 13:00,2025-09-12,13,Copper,HG=F,4.653,4.657,4.652,4.654,480,0.02,0.001,0.0,USD/lb,Authentic Futures Market Feed (1-Year 60m Candles)
2025-09-12 14:00,2025-09-12,14,Copper,HG=F,4.654,4.656,4.653,4.654,261,0.0,0.0,-0.001,USD/lb,Authentic Futures Market Feed (1-Year 60m Candles)
2025-09-12 15:00,2025-09-12,15,Copper,HG=F,4.655,4.655,4.647,4.648,497,-0.13,-0.007,-0.007,USD/lb,Authentic Futures Market Feed (1-Year 60m Candles)
2025-09-12 16:00,2025-09-12,16,Copper,HG=F,4.649,4.65,4.644,4.648,303,0.0,-0.001,0.006,USD/lb,Authentic Futures Market Feed (1-Year 60m Candles)
2025-09-14 18:00,2025-09-14,18,Copper,HG=F,4.653,4.659,4.643,4.646,173,-0.04,-0.007,-0.006,USD/lb,Authentic Futures Market Feed (1-Year 60m Candles)
2025-09-14 19:00,2025-09-14,19,Copper,HG=F,4.646,4.649,4.639,4.649,230,0.06,0.003,0.01,USD/lb,Authentic Futures Market Feed (1-Year 60m Candles)
2025-09-14 20:00,2025-09-14,20,Copper,HG=F,4.649,4.655,4.647,4.65,253,0.02,0.001,-0.002,USD/lb,Authentic Futures Market Feed (1-Year 60m Candles)
2025-09-14 21:00,2025-09-14,21,Copper,HG=F,4.649,4.657,4.639,4.652,500,0.04,0.003,0.002,USD/lb,Authentic Futures Market Feed (1-Year 60m Candles)
2025-09-14 22:00,2025-09-14,22,Copper,HG=F,4.652,4.667,4.649,4.666,754,0.3,0.014,0.011,USD/lb,Authentic Futures Market Feed (1-Year 60m Candles)
2025-09-14 23:00,2025-09-14,23,Copper,HG=F,4.665,4.669,4.663,4.665,219,-0.02,0.0,-0.014,USD/lb,Authentic Futures Market Feed (1-Year 60m Candles)
2025-09-15 00:00,2025-09-15,0,Copper,HG=F,4.665,4.668,4.662,4.666,155,0.02,0.001,0.001,USD/lb,Authentic Futures Market Feed (1-Year 60m Candles)
2025-09-15 01:00,2025-09-15,1,Copper,HG=F,4.666,4.666,4.656,4.662,278,-0.09,-0.004,-0.005,USD/lb,Authentic Futures Market Feed (1-Year 60m Candles)
2025-09-15 02:00,2025-09-15,2,Copper,HG=F,4.663,4.664,4.651,4.66,385,-0.04,-0.003,0.001,USD/lb,Authentic Futures Market Feed (1-Year 60m Candles)
2025-09-15 03:00,2025-09-15,3,Copper,HG=F,4.66,4.668,4.649,4.662,699,0.04,0.002,0.005,USD/lb,Authentic Futures Market Feed (1-Year 60m Candles)
2025-09-15 04:00,2025-09-15,4,Copper,HG=F,4.663,4.663,4.652,4.654,578,-0.16999999999999998,-0.009,-0.011,USD/lb,Authentic Futures Market Feed (1-Year 60m Candles)
2025-09-15 05:00,2025-09-15,5,Copper,HG=F,4.652,4.655,4.648,4.654,335,0.0,0.002,0.011,USD/lb,Authentic Futures Market Feed (1-Year 60m Candles)
2025-09-15 06:00,2025-09-15,6,Copper,HG=F,4.655,4.663,4.653,4.655,375,0.02,0.0,-0.002,USD/lb,Authentic Futures Market Feed (1-Year 60m Candles)
2025-09-15 07:00,2025-09-15,7,Copper,HG=F,4.655,4.668,4.653,4.666,860,0.24,0.011,0.011,USD/lb,Authentic Futures Market Feed (1-Year 60m Candles)
2025-09-15 08:00,2025-09-15,8,Copper,HG=F,4.665,4.669,4.66,4.668,1298,0.04,0.003,-0.008,USD/lb,Authentic Futures Market Feed (1-Year 60m Candles)
2025-09-15 09:00,2025-09-15,9,Copper,HG=F,4.669,4.689,4.662,4.689,2303,0.44999999999999996,0.02,0.017,USD/lb,Authentic Futures Market Feed (1-Year 60m Candles)
2025-09-15 10:00,2025-09-15,10,Copper,HG=F,4.689,4.714,4.682,4.714,4670,0.53,0.025,0.005,USD/lb,Authentic Futures Market Feed (1-Year 60m Candles)
2025-09-15 11:00,2025-09-15,11,Copper,HG=F,4.713,4.726,4.707,4.722,3673,0.16999999999999998,0.009,-0.016,USD/lb,Authentic Futures Market Feed (1-Year 60m Candles)
2025-09-15 12:00,2025-09-15,12,Copper,HG=F,4.722,4.723,4.706,4.718,3577,-0.08,-0.004,-0.013,USD/lb,Authentic Futures Market Feed (1-Year 60m Candles)
2025-09-15 13:00,2025-09-15,13,Copper,HG=F,4.718,4.723,4.711,4.723,1691,0.11,0.005,0.009,USD/lb,Authentic Futures Market Feed (1-Year 60m Candles)
2025-09-15 14:00,2025-09-15,14,Copper,HG=F,4.722,4.722,4.713,4.719,359,-0.08,-0.003,-0.008,USD/lb,Authentic Futures Market Feed (1-Year 60m Candles)
2025-09-15 15:00,2025-09-15,15,Copper,HG=F,4.72,4.72,4.715,4.72,326,0.02,0.0,0.003,USD/lb,Authentic Futures Market Feed (1-Year 60m Candles)
2025-09-15 16:00,2025-09-15,16,Copper,HG=F,4.72,4.721,4.718,4.719,371,-0.02,-0.001,-0.001,USD/lb,Authentic Futures Market Feed (1-Year 60m Candles)
2025-09-15 20:00,2025-09-15,20,Copper,HG=F,4.717,4.718,4.716,4.718,0,-0.02,0.001,0.002,USD/lb,Authentic Futures Market Feed (1-Year 60m Candles)
2025-09-15 21:00,2025-09-15,21,Copper,HG=F,4.718,4.719,4.706,4.708,726,-0.21,-0.01,-0.011,USD/lb,Authentic Futures Market Feed (1-Year 60m Candles)
2025-09-15 22:00,2025-09-15,22,Copper,HG=F,4.71,4.712,4.681,4.681,929,-0.5700000000000001,-0.029,-0.019,USD/lb,Authentic Futures Market Feed (1-Year 60m Candles)
2025-09-15 23:00,2025-09-15,23,Copper,HG=F,4.681,4.69,4.681,4.688,439,0.15,0.007,0.036,USD/lb,Authentic Futures Market Feed (1-Year 60m Candles)
2025-09-16 00:00,2025-09-16,0,Copper,HG=F,4.688,4.689,4.684,4.688,175,0.0,0.0,-0.007,USD/lb,Authentic Futures Market Feed (1-Year 60m Candles)
2025-09-16 01:00,2025-09-16,1,Copper,HG=F,4.687,4.688,4.681,4.687,357,-0.02,0.0,0.0,USD/lb,Authentic Futures Market Feed (1-Year 60m Candles)
2025-09-16 02:00,2025-09-16,2,Copper,HG=F,4.687,4.694,4.687,4.688,310,0.02,0.001,0.001,USD/lb,Authentic Futures Market Feed (1-Year 60m Candles)
2025-09-16 04:00,2025-09-16,4,Copper,HG=F,4.696,4.703,4.696,4.701,1913,0.27999999999999997,0.005,0.004,USD/lb,Authentic Futures Market Feed (1-Year 60m Candles)
2025-09-16 05:00,2025-09-16,5,Copper,HG=F,4.701,4.71,4.699,4.706,881,0.11,0.005,0.0,USD/lb,Authentic Futures Market Feed (1-Year 60m Candles)
2025-09-16 06:00,2025-09-16,6,Copper,HG=F,4.707,4.709,4.701,4.704,456,-0.04,-0.003,-0.008,USD/lb,Authentic Futures Market Feed (1-Year 60m Candles)
2025-09-16 07:00,2025-09-16,7,Copper,HG=F,4.704,4.715,4.697,4.713,1190,0.19,0.009,0.012,USD/lb,Authentic Futures Market Feed (1-Year 60m Candles)
2025-09-16 08:00,2025-09-16,8,Copper,HG=F,4.713,4.714,4.692,4.697,2487,-0.33999999999999997,-0.016,-0.025,USD/lb,Authentic Futures Market Feed (1-Year 60m Candles)
2025-09-16 09:00,2025-09-16,9,Copper,HG=F,4.697,4.705,4.688,4.696,2807,-0.02,-0.001,0.015,USD/lb,Authentic Futures Market Feed (1-Year 60m Candles)
2025-09-16 10:00,2025-09-16,10,Copper,HG=F,4.695,4.716,4.695,4.708,2370,0.26,0.013,0.014,USD/lb,Authentic Futures Market Feed (1-Year 60m Candles)
2025-09-16 11:00,2025-09-16,11,Copper,HG=F,4.708,4.712,4.692,4.701,2624,-0.15,-0.007,-0.02,USD/lb,Authentic Futures Market Feed (1-Year 60m Candles)
2025-09-16 12:00,2025-09-16,12,Copper,HG=F,4.701,4.704,4.688,4.693,3030,-0.16999999999999998,-0.008,-0.001,USD/lb,Authentic Futures Market Feed (1-Year 60m Candles)
2025-09-16 13:00,2025-09-16,13,Copper,HG=F,4.693,4.695,4.683,4.693,975,0.0,0.0,0.008,USD/lb,Authentic Futures Market Feed (1-Year 60m Candles)
2025-09-16 14:00,2025-09-16,14,Copper,HG=F,4.694,4.696,4.693,4.696,308,0.06,0.002,0.002,USD/lb,Authentic Futures Market Feed (1-Year 60m Candles)
2025-09-16 15:00,2025-09-16,15,Copper,HG=F,4.696,4.698,4.694,4.697,265,0.02,0.001,-0.001,USD/lb,Authentic Futures Market Feed (1-Year 60m Candles)
2025-09-16 16:00,2025-09-16,16,Copper,HG=F,4.697,4.703,4.697,4.699,285,0.04,0.002,0.001,USD/lb,Authentic Futures Market Feed (1-Year 60m Candles)
2025-09-16 18:00,2025-09-16,18,Copper,HG=F,4.699,4.704,4.694,4.701,0,0.04,0.002,0.0,USD/lb,Authentic Futures Market Feed (1-Year 60m Candles)
2025-09-16 19:00,2025-09-16,19,Copper,HG=F,4.701,4.702,4.696,4.699,93,-0.04,-0.002,-0.004,USD/lb,Authentic Futures Market Feed (1-Year 60m Candles)
2025-09-16 20:00,2025-09-16,20,Copper,HG=F,4.699,4.7,4.69,4.692,305,-0.15,-0.007,-0.005,USD/lb,Authentic Futures Market Feed (1-Year 60m Candles)
2025-09-16 21:00,2025-09-16,21,Copper,HG=F,4.691,4.696,4.656,4.665,1317,-0.58,-0.026,-0.019,USD/lb,Authentic Futures Market Feed (1-Year 60m Candles)
2025-09-16 22:00,2025-09-16,22,Copper,HG=F,4.663,4.666,4.652,4.663,545,-0.04,0.0,0.026,USD/lb,Authentic Futures Market Feed (1-Year 60m Candles)
2025-09-16 23:00,2025-09-16,23,Copper,HG=F,4.662,4.667,4.661,4.663,212,0.0,0.001,0.001,USD/lb,Authentic Futures Market Feed (1-Year 60m Candles)
2025-09-17 00:00,2025-09-17,0,Copper,HG=F,4.663,4.667,4.663,4.665,98,0.04,0.002,0.001,USD/lb,Authentic Futures Market Feed (1-Year 60m Candles)
2025-09-17 01:00,2025-09-17,1,Copper,HG=F,4.665,4.668,4.656,4.666,364,0.02,0.001,-0.001,USD/lb,Authentic Futures Market Feed (1-Year 60m Candles)
2025-09-17 02:00,2025-09-17,2,Copper,HG=F,4.666,4.671,4.661,4.665,386,-0.02,-0.001,-0.002,USD/lb,Authentic Futures Market Feed (1-Year 60m Candles)
2025-09-17 03:00,2025-09-17,3,Copper,HG=F,4.663,4.666,4.614,4.627,2970,-0.8099999999999999,-0.036,-0.035,USD/lb,Authentic Futures Market Feed (1-Year 60m Candles)
2025-09-17 04:00,2025-09-17,4,Copper,HG=F,4.626,4.627,4.591,4.598,2024,-0.63,-0.028,0.008,USD/lb,Authentic Futures Market Feed (1-Year 60m Candles)
2025-09-17 05:00,2025-09-17,5,Copper,HG=F,4.598,4.619,4.598,4.614,1686,0.35000000000000003,0.016,0.044,USD/lb,Authentic Futures Market Feed (1-Year 60m Candles)
2025-09-17 06:00,2025-09-17,6,Copper,HG=F,4.615,4.62,4.602,4.608,1139,-0.13,-0.007,-0.023,USD/lb,Authentic Futures Market Feed (1-Year 60m Candles)
2025-09-17 07:00,2025-09-17,7,Copper,HG=F,4.609,4.615,4.6,4.606,1127,-0.04,-0.003,0.004,USD/lb,Authentic Futures Market Feed (1-Year 60m Candles)
2025-09-17 08:00,2025-09-17,8,Copper,HG=F,4.606,4.635,4.6,4.631,3117,0.54,0.025,0.028,USD/lb,Authentic Futures Market Feed (1-Year 60m Candles)
2025-09-17 09:00,2025-09-17,9,Copper,HG=F,4.631,4.633,4.614,4.626,2277,-0.11,-0.005,-0.03,USD/lb,Authentic Futures Market Feed (1-Year 60m Candles)
2025-09-17 10:00,2025-09-17,10,Copper,HG=F,4.627,4.636,4.618,4.629,1834,0.06,0.002,0.007,USD/lb,Authentic Futures Market Feed (1-Year 60m Candles)
2025-09-17 11:00,2025-09-17,11,Copper,HG=F,4.629,4.643,4.627,4.636,2273,0.15,0.007,0.005,USD/lb,Authentic Futures Market Feed (1-Year 60m Candles)
2025-09-17 12:00,2025-09-17,12,Copper,HG=F,4.637,4.638,4.626,4.631,2252,-0.11,-0.006,-0.013,USD/lb,Authentic Futures Market Feed (1-Year 60m Candles)
2025-09-17 13:00,2025-09-17,13,Copper,HG=F,4.632,4.634,4.624,4.624,1078,-0.15,-0.008,-0.002,USD/lb,Authentic Futures Market Feed (1-Year 60m Candles)
2025-09-17 14:00,2025-09-17,14,Copper,HG=F,4.628,4.663,4.583,4.596,3728,-0.61,-0.032,-0.024,USD/lb,Authentic Futures Market Feed (1-Year 60m Candles)
2025-09-17 15:00,2025-09-17,15,Copper,HG=F,4.596,4.635,4.595,4.614,1585,0.38999999999999996,0.018,0.05,USD/lb,Authentic Futures Market Feed (1-Year 60m Candles)
2025-09-17 16:00,2025-09-17,16,Copper,HG=F,4.615,4.62,4.612,4.615,0,0.02,0.0,-0.018,USD/lb,Authentic Futures Market Feed (1-Year 60m Candles)
2025-09-17 18:00,2025-09-17,18,Copper,HG=F,4.615,4.619,4.609,4.616,113,0.02,0.001,0.001,USD/lb,Authentic Futures Market Feed (1-Year 60m Candles)
2025-09-17 19:00,2025-09-17,19,Copper,HG=F,4.617,4.631,4.617,4.628,272,0.26,0.011,0.01,USD/lb,Authentic Futures Market Feed (1-Year 60m Candles)
2025-09-17 20:00,2025-09-17,20,Copper,HG=F,4.628,4.628,4.613,4.62,323,-0.16999999999999998,-0.008,-0.019,USD/lb,Authentic Futures Market Feed (1-Year 60m Candles)
2025-09-17 21:00,2025-09-17,21,Copper,HG=F,4.62,4.625,4.611,4.618,440,-0.04,-0.002,0.006,USD/lb,Authentic Futures Market Feed (1-Year 60m Candles)
2025-09-17 22:00,2025-09-17,22,Copper,HG=F,4.617,4.627,4.615,4.626,291,0.16999999999999998,0.009,0.011,USD/lb,Authentic Futures Market Feed (1-Year 60m Candles)
2025-09-17 23:00,2025-09-17,23,Copper,HG=F,4.626,4.627,4.615,4.616,240,-0.22,-0.01,-0.019,USD/lb,Authentic Futures Market Feed (1-Year 60m Candles)
2025-09-18 00:00,2025-09-18,0,Copper,HG=F,4.615,4.615,4.603,4.604,324,-0.26,-0.011,-0.001,USD/lb,Authentic Futures Market Feed (1-Year 60m Candles)
2025-09-18 01:00,2025-09-18,1,Copper,HG=F,4.604,4.61,4.594,4.596,697,-0.16999999999999998,-0.008,0.003,USD/lb,Authentic Futures Market Feed (1-Year 60m Candles)
2025-09-18 02:00,2025-09-18,2,Copper,HG=F,4.595,4.599,4.586,4.599,765,0.06999999999999999,0.004,0.012,USD/lb,Authentic Futures Market Feed (1-Year 60m Candles)
2025-09-18 03:00,2025-09-18,3,Copper,HG=F,4.598,4.624,4.594,4.619,975,0.43,0.021,0.017,USD/lb,Authentic Futures Market Feed (1-Year 60m Candles)
2025-09-18 04:00,2025-09-18,4,Copper,HG=F,4.619,4.628,4.615,4.615,988,-0.09,-0.004,-0.025,USD/lb,Authentic Futures Market Feed (1-Year 60m Candles)
2025-09-18 05:00,2025-09-18,5,Copper,HG=F,4.614,4.616,4.608,4.609,466,-0.13,-0.005,-0.001,USD/lb,Authentic Futures Market Feed (1-Year 60m Candles)
2025-09-18 06:00,2025-09-18,6,Copper,HG=F,4.608,4.614,4.607,4.612,350,0.06999999999999999,0.004,0.009,USD/lb,Authentic Futures Market Feed (1-Year 60m Candles)
2025-09-18 07:00,2025-09-18,7,Copper,HG=F,4.613,4.625,4.612,4.612,964,0.0,-0.001,-0.005,USD/lb,Authentic Futures Market Feed (1-Year 60m Candles)
2025-09-18 08:00,2025-09-18,8,Copper,HG=F,4.613,4.615,4.6,4.608,1942,-0.09,-0.005,-0.004,USD/lb,Authentic Futures Market Feed (1-Year 60m Candles)
2025-09-18 09:00,2025-09-18,9,Copper,HG=F,4.608,4.612,4.576,4.589,3876,-0.41000000000000003,-0.019,-0.014,USD/lb,Authentic Futures Market Feed (1-Year 60m Candles)
2025-09-18 10:00,2025-09-18,10,Copper,HG=F,4.589,4.602,4.583,4.589,2887,0.0,0.0,0.019,USD/lb,Authentic Futures Market Feed (1-Year 60m Candles)
2025-09-18 11:00,2025-09-18,11,Copper,HG=F,4.589,4.601,4.587,4.599,1290,0.22,0.01,0.01,USD/lb,Authentic Futures Market Feed (1-Year 60m Candles)
2025-09-18 12:00,2025-09-18,12,Copper,HG=F,4.6,4.606,4.593,4.6,2810,0.02,0.0,-0.01,USD/lb,Authentic Futures Market Feed (1-Year 60m Candles)
2025-09-18 13:00,2025-09-18,13,Copper,HG=F,4.6,4.602,4.596,4.599,740,-0.02,-0.001,-0.001,USD/lb,Authentic Futures Market Feed (1-Year 60m Candles)
2025-09-18 14:00,2025-09-18,14,Copper,HG=F,4.598,4.6,4.595,4.597,231,-0.04,-0.001,0.0,USD/lb,Authentic Futures Market Feed (1-Year 60m Candles)
2025-09-18 15:00,2025-09-18,15,Copper,HG=F,4.597,4.6,4.596,4.597,367,0.0,0.0,0.001,USD/lb,Authentic Futures Market Feed (1-Year 60m Candles)
2025-09-18 16:00,2025-09-18,16,Copper,HG=F,4.597,4.602,4.596,4.6,281,0.06999999999999999,0.003,0.003,USD/lb,Authentic Futures Market Feed (1-Year 60m Candles)
2025-09-18 18:00,2025-09-18,18,Copper,HG=F,4.6,4.602,4.598,4.601,0,0.02,0.001,-0.002,USD/lb,Authentic Futures Market Feed (1-Year 60m Candles)
2025-09-18 19:00,2025-09-18,19,Copper,HG=F,4.601,4.601,4.591,4.595,168,-0.13,-0.006,-0.007,USD/lb,Authentic Futures Market Feed (1-Year 60m Candles)
2025-09-18 20:00,2025-09-18,20,Copper,HG=F,4.595,4.597,4.589,4.593,195,-0.04,-0.002,0.004,USD/lb,Authentic Futures Market Feed (1-Year 60m Candles)
2025-09-18 21:00,2025-09-18,21,Copper,HG=F,4.593,4.608,4.592,4.602,698,0.2,0.009,0.011,USD/lb,Authentic Futures Market Feed (1-Year 60m Candles)
2025-09-18 22:00,2025-09-18,22,Copper,HG=F,4.602,4.614,4.602,4.607,312,0.11,0.005,-0.004,USD/lb,Authentic Futures Market Feed (1-Year 60m Candles)
2025-09-18 23:00,2025-09-18,23,Copper,HG=F,4.61,4.621,4.609,4.617,262,0.22,0.007,0.002,USD/lb,Authentic Futures Market Feed (1-Year 60m Candles)
2025-09-19 00:00,2025-09-19,0,Copper,HG=F,4.617,4.621,4.612,4.617,153,0.0,0.0,-0.007,USD/lb,Authentic Futures Market Feed (1-Year 60m Candles)
2025-09-19 01:00,2025-09-19,1,Copper,HG=F,4.616,4.619,4.606,4.61,403,-0.15,-0.006,-0.006,USD/lb,Authentic Futures Market Feed (1-Year 60m Candles)
2025-09-19 02:00,2025-09-19,2,Copper,HG=F,4.609,4.614,4.604,4.606,425,-0.09,-0.003,0.003,USD/lb,Authentic Futures Market Feed (1-Year 60m Candles)
2025-09-19 03:00,2025-09-19,3,Copper,HG=F,4.606,4.624,4.602,4.614,805,0.16999999999999998,0.008,0.011,USD/lb,Authentic Futures Market Feed (1-Year 60m Candles)
2025-09-19 04:00,2025-09-19,4,Copper,HG=F,4.614,4.618,4.609,4.615,441,0.02,0.001,-0.007,USD/lb,Authentic Futures Market Feed (1-Year 60m Candles)
2025-09-19 05:00,2025-09-19,5,Copper,HG=F,4.615,4.619,4.61,4.613,249,-0.04,-0.002,-0.003,USD/lb,Authentic Futures Market Feed (1-Year 60m Candles)
2025-09-19 06:00,2025-09-19,6,Copper,HG=F,4.613,4.617,4.61,4.616,266,0.06999999999999999,0.003,0.005,USD/lb,Authentic Futures Market Feed (1-Year 60m Candles)
2025-09-19 07:00,2025-09-19,7,Copper,HG=F,4.616,4.617,4.606,4.608,579,-0.16999999999999998,-0.008,-0.011,USD/lb,Authentic Futures Market Feed (1-Year 60m Candles)
2025-09-19 08:00,2025-09-19,8,Copper,HG=F,4.608,4.61,4.601,4.607,1164,-0.02,-0.001,0.007,USD/lb,Authentic Futures Market Feed (1-Year 60m Candles)
2025-09-19 09:00,2025-09-19,9,Copper,HG=F,4.607,4.621,4.605,4.615,2267,0.16999999999999998,0.008,0.009,USD/lb,Authentic Futures Market Feed (1-Year 60m Candles)
2025-09-19 10:00,2025-09-19,10,Copper,HG=F,4.614,4.622,4.606,4.619,1798,0.09,0.005,-0.003,USD/lb,Authentic Futures Market Feed (1-Year 60m Candles)
2025-09-19 11:00,2025-09-19,11,Copper,HG=F,4.619,4.629,4.611,4.622,1793,0.06,0.003,-0.002,USD/lb,Authentic Futures Market Feed (1-Year 60m Candles)
2025-09-19 12:00,2025-09-19,12,Copper,HG=F,4.623,4.629,4.621,4.628,2468,0.13,0.005,0.002,USD/lb,Authentic Futures Market Feed (1-Year 60m Candles)
2025-09-19 13:00,2025-09-19,13,Copper,HG=F,4.627,4.634,4.626,4.634,1154,0.13,0.007,0.002,USD/lb,Authentic Futures Market Feed (1-Year 60m Candles)
2025-09-19 14:00,2025-09-19,14,Copper,HG=F,4.633,4.642,4.632,4.642,488,0.16999999999999998,0.009,0.002,USD/lb,Authentic Futures Market Feed (1-Year 60m Candles)
2025-09-19 15:00,2025-09-19,15,Copper,HG=F,4.642,4.642,4.634,4.634,644,-0.16999999999999998,-0.008,-0.017,USD/lb,Authentic Futures Market Feed (1-Year 60m Candles)
2025-09-19 16:00,2025-09-19,16,Copper,HG=F,4.633,4.634,4.628,4.628,268,-0.13,-0.005,0.003,USD/lb,Authentic Futures Market Feed (1-Year 60m Candles)
2025-09-21 18:00,2025-09-21,18,Copper,HG=F,4.63,4.648,4.628,4.643,297,0.32,0.013,0.018,USD/lb,Authentic Futures Market Feed (1-Year 60m Candles)
2025-09-21 19:00,2025-09-21,19,Copper,HG=F,4.643,4.643,4.639,4.641,137,-0.04,-0.002,-0.015,USD/lb,Authentic Futures Market Feed (1-Year 60m Candles)
2025-09-21 20:00,2025-09-21,20,Copper,HG=F,4.641,4.648,4.634,4.641,840,0.0,0.0,0.002,USD/lb,Authentic Futures Market Feed (1-Year 60m Candles)
2025-09-21 21:00,2025-09-21,21,Copper,HG=F,4.642,4.648,4.632,4.633,654,-0.16999999999999998,-0.009,-0.009,USD/lb,Authentic Futures Market Feed (1-Year 60m Candles)
2025-09-21 22:00,2025-09-21,22,Copper,HG=F,4.634,4.639,4.63,4.635,353,0.04,0.001,0.01,USD/lb,Authentic Futures Market Feed (1-Year 60m Candles)
2025-09-21 23:00,2025-09-21,23,Copper,HG=F,4.635,4.64,4.633,4.637,220,0.04,0.002,0.001,USD/lb,Authentic Futures Market Feed (1-Year 60m Candles)
2025-09-22 00:00,2025-09-22,0,Copper,HG=F,4.637,4.641,4.633,4.635,146,-0.04,-0.002,-0.004,USD/lb,Authentic Futures Market Feed (1-Year 60m Candles)
2025-09-22 01:00,2025-09-22,1,Copper,HG=F,4.634,4.642,4.629,4.631,266,-0.09,-0.003,-0.001,USD/lb,Authentic Futures Market Feed (1-Year 60m Candles)
2025-09-22 02:00,2025-09-22,2,Copper,HG=F,4.631,4.644,4.623,4.635,827,0.09,0.004,0.007,USD/lb,Authentic Futures Market Feed (1-Year 60m Candles)
2025-09-22 03:00,2025-09-22,3,Copper,HG=F,4.634,4.636,4.618,4.626,793,-0.19,-0.008,-0.012,USD/lb,Authentic Futures Market Feed (1-Year 60m Candles)
2025-09-22 04:00,2025-09-22,4,Copper,HG=F,4.624,4.647,4.624,4.64,1228,0.3,0.016,0.024,USD/lb,Authentic Futures Market Feed (1-Year 60m Candles)
2025-09-22 05:00,2025-09-22,5,Copper,HG=F,4.641,4.642,4.63,4.634,351,-0.13,-0.007,-0.023,USD/lb,Authentic Futures Market Feed (1-Year 60m Candles)
2025-09-22 06:00,2025-09-22,6,Copper,HG=F,4.633,4.641,4.631,4.64,489,0.13,0.007,0.014,USD/lb,Authentic Futures Market Feed (1-Year 60m Candles)
2025-09-22 07:00,2025-09-22,7,Copper,HG=F,4.64,4.644,4.63,4.635,839,-0.11,-0.005,-0.012,USD/lb,Authentic Futures Market Feed (1-Year 60m Candles)
2025-09-22 08:00,2025-09-22,8,Copper,HG=F,4.636,4.641,4.622,4.629,1641,-0.13,-0.007,-0.002,USD/lb,Authentic Futures Market Feed (1-Year 60m Candles)
2025-09-22 09:00,2025-09-22,9,Copper,HG=F,4.629,4.631,4.607,4.615,3052,-0.3,-0.014,-0.007,USD/lb,Authentic Futures Market Feed (1-Year 60m Candles)
2025-09-22 10:00,2025-09-22,10,Copper,HG=F,4.615,4.619,4.599,4.616,2543,0.02,0.001,0.015,USD/lb,Authentic Futures Market Feed (1-Year 60m Candles)
2025-09-22 11:00,2025-09-22,11,Copper,HG=F,4.615,4.623,4.61,4.622,1865,0.13,0.007,0.006,USD/lb,Authentic Futures Market Feed (1-Year 60m Candles)
2025-09-22 12:00,2025-09-22,12,Copper,HG=F,4.621,4.635,4.621,4.634,2414,0.26,0.013,0.006,USD/lb,Authentic Futures Market Feed (1-Year 60m Candles)
2025-09-22 13:00,2025-09-22,13,Copper,HG=F,4.634,4.643,4.634,4.64,1056,0.13,0.006,-0.007,USD/lb,Authentic Futures Market Feed (1-Year 60m Candles)
2025-09-22 14:00,2025-09-22,14,Copper,HG=F,4.64,4.64,4.634,4.636,292,-0.09,-0.004,-0.01,USD/lb,Authentic Futures Market Feed (1-Year 60m Candles)
2025-09-22 15:00,2025-09-22,15,Copper,HG=F,4.637,4.648,4.636,4.648,793,0.26,0.011,0.015,USD/lb,Authentic Futures Market Feed (1-Year 60m Candles)
2025-09-22 16:00,2025-09-22,16,Copper,HG=F,4.647,4.653,4.646,4.651,502,0.06,0.004,-0.007,USD/lb,Authentic Futures Market Feed (1-Year 60m Candles)
2025-09-22 18:00,2025-09-22,18,Copper,HG=F,4.65,4.655,4.649,4.65,0,-0.02,0.0,-0.004,USD/lb,Authentic Futures Market Feed (1-Year 60m Candles)
2025-09-22 19:00,2025-09-22,19,Copper,HG=F,4.649,4.652,4.649,4.649,142,-0.02,0.0,0.0,USD/lb,Authentic Futures Market Feed (1-Year 60m Candles)
2025-09-22 20:00,2025-09-22,20,Copper,HG=F,4.649,4.653,4.646,4.647,680,-0.04,-0.002,-0.002,USD/lb,Authentic Futures Market Feed (1-Year 60m Candles)
2025-09-22 21:00,2025-09-22,21,Copper,HG=F,4.646,4.647,4.637,4.638,1060,-0.19,-0.008,-0.006,USD/lb,Authentic Futures Market Feed (1-Year 60m Candles)
2025-09-22 22:00,2025-09-22,22,Copper,HG=F,4.637,4.639,4.626,4.635,715,-0.06,-0.002,0.006,USD/lb,Authentic Futures Market Feed (1-Year 60m Candles)
2025-09-22 23:00,2025-09-22,23,Copper,HG=F,4.633,4.635,4.629,4.634,103,-0.02,0.001,0.003,USD/lb,Authentic Futures Market Feed (1-Year 60m Candles)
2025-09-23 00:00,2025-09-23,0,Copper,HG=F,4.633,4.635,4.628,4.628,86,-0.13,-0.005,-0.006,USD/lb,Authentic Futures Market Feed (1-Year 60m Candles)
2025-09-23 01:00,2025-09-23,1,Copper,HG=F,4.628,4.635,4.622,4.623,468,-0.11,-0.005,0.0,USD/lb,Authentic Futures Market Feed (1-Year 60m Candles)
2025-09-23 02:00,2025-09-23,2,Copper,HG=F,4.622,4.628,4.62,4.624,831,0.02,0.002,0.007,USD/lb,Authentic Futures Market Feed (1-Year 60m Candles)
2025-09-23 03:00,2025-09-23,3,Copper,HG=F,4.624,4.63,4.615,4.629,740,0.11,0.005,0.003,USD/lb,Authentic Futures Market Feed (1-Year 60m Candles)
2025-09-23 04:00,2025-09-23,4,Copper,HG=F,4.628,4.631,4.623,4.628,834,-0.02,0.0,-0.005,USD/lb,Authentic Futures Market Feed (1-Year 60m Candles)
2025-09-23 05:00,2025-09-23,5,Copper,HG=F,4.628,4.637,4.627,4.63,862,0.04,0.002,0.002,USD/lb,Authentic Futures Market Feed (1-Year 60m Candles)
2025-09-23 06:00,2025-09-23,6,Copper,HG=F,4.631,4.633,4.628,4.63,354,0.0,-0.001,-0.003,USD/lb,Authentic Futures Market Feed (1-Year 60m Candles)
2025-09-23 07:00,2025-09-23,7,Copper,HG=F,4.631,4.634,4.626,4.629,929,-0.02,-0.002,-0.001,USD/lb,Authentic Futures Market Feed (1-Year 60m Candles)
2025-09-23 08:00,2025-09-23,8,Copper,HG=F,4.629,4.64,4.628,4.64,1771,0.24,0.011,0.013,USD/lb,Authentic Futures Market Feed (1-Year 60m Candles)
2025-09-23 09:00,2025-09-23,9,Copper,HG=F,4.639,4.647,4.623,4.64,2542,0.0,0.001,-0.01,USD/lb,Authentic Futures Market Feed (1-Year 60m Candles)
2025-09-23 10:00,2025-09-23,10,Copper,HG=F,4.639,4.642,4.634,4.639,1588,-0.02,0.0,-0.001,USD/lb,Authentic Futures Market Feed (1-Year 60m Candles)
2025-09-23 11:00,2025-09-23,11,Copper,HG=F,4.639,4.641,4.628,4.639,1914,0.0,0.0,0.0,USD/lb,Authentic Futures Market Feed (1-Year 60m Candles)
2025-09-23 12:00,2025-09-23,12,Copper,HG=F,4.638,4.645,4.632,4.643,3285,0.09,0.005,0.005,USD/lb,Authentic Futures Market Feed (1-Year 60m Candles)
2025-09-23 13:00,2025-09-23,13,Copper,HG=F,4.643,4.648,4.637,4.641,1244,-0.04,-0.002,-0.007,USD/lb,Authentic Futures Market Feed (1-Year 60m Candles)
2025-09-23 14:00,2025-09-23,14,Copper,HG=F,4.641,4.643,4.634,4.635,442,-0.13,-0.006,-0.004,USD/lb,Authentic Futures Market Feed (1-Year 60m Candles)
2025-09-23 15:00,2025-09-23,15,Copper,HG=F,4.635,4.646,4.631,4.644,876,0.19,0.009,0.015,USD/lb,Authentic Futures Market Feed (1-Year 60m Candles)
2025-09-23 16:00,2025-09-23,16,Copper,HG=F,4.645,4.647,4.637,4.64,333,-0.09,-0.005,-0.014,USD/lb,Authentic Futures Market Feed (1-Year 60m Candles)
2025-09-23 18:00,2025-09-23,18,Copper,HG=F,4.641,4.649,4.64,4.643,0,0.06,0.002,0.007,USD/lb,Authentic Futures Market Feed (1-Year 60m Candles)
2025-09-23 19:00,2025-09-23,19,Copper,HG=F,4.644,4.647,4.637,4.64,161,-0.06,-0.004,-0.006,USD/lb,Authentic Futures Market Feed (1-Year 60m Candles)
2025-09-23 20:00,2025-09-23,20,Copper,HG=F,4.641,4.644,4.636,4.637,310,-0.06,-0.004,0.0,USD/lb,Authentic Futures Market Feed (1-Year 60m Candles)
2025-09-23 21:00,2025-09-23,21,Copper,HG=F,4.638,4.644,4.635,4.637,522,0.0,-0.001,0.003,USD/lb,Authentic Futures Market Feed (1-Year 60m Candles)
2025-09-23 22:00,2025-09-23,22,Copper,HG=F,4.637,4.643,4.633,4.642,400,0.11,0.005,0.006,USD/lb,Authentic Futures Market Feed (1-Year 60m Candles)
2025-09-23 23:00,2025-09-23,23,Copper,HG=F,4.643,4.648,4.639,4.64,315,-0.04,-0.003,-0.008,USD/lb,Authentic Futures Market Feed (1-Year 60m Candles)
2025-09-24 00:00,2025-09-24,0,Copper,HG=F,4.641,4.642,4.638,4.641,78,0.02,0.0,0.003,USD/lb,Authentic Futures Market Feed (1-Year 60m Candles)
2025-09-24 01:00,2025-09-24,1,Copper,HG=F,4.641,4.649,4.639,4.643,349,0.04,0.002,0.002,USD/lb,Authentic Futures Market Feed (1-Year 60m Candles)
2025-09-24 02:00,2025-09-24,2,Copper,HG=F,4.644,4.648,4.635,4.637,639,-0.13,-0.007,-0.009,USD/lb,Authentic Futures Market Feed (1-Year 60m Candles)
2025-09-24 03:00,2025-09-24,3,Copper,HG=F,4.637,4.64,4.626,4.637,900,0.0,0.0,0.007,USD/lb,Authentic Futures Market Feed (1-Year 60m Candles)
2025-09-24 04:00,2025-09-24,4,Copper,HG=F,4.637,4.638,4.622,4.625,1003,-0.26,-0.012,-0.012,USD/lb,Authentic Futures Market Feed (1-Year 60m Candles)
2025-09-24 05:00,2025-09-24,5,Copper,HG=F,4.623,4.632,4.623,4.626,557,0.02,0.003,0.015,USD/lb,Authentic Futures Market Feed (1-Year 60m Candles)
2025-09-24 06:00,2025-09-24,6,Copper,HG=F,4.626,4.627,4.611,4.615,1355,-0.24,-0.011,-0.014,USD/lb,Authentic Futures Market Feed (1-Year 60m Candles)
2025-09-24 07:00,2025-09-24,7,Copper,HG=F,4.615,4.615,4.601,4.603,1472,-0.26,-0.012,-0.001,USD/lb,Authentic Futures Market Feed (1-Year 60m Candles)
2025-09-24 08:00,2025-09-24,8,Copper,HG=F,4.602,4.734,4.592,4.701,15267,2.13,0.099,0.111,USD/lb,Authentic Futures Market Feed (1-Year 60m Candles)
2025-09-24 09:00,2025-09-24,9,Copper,HG=F,4.701,4.749,4.682,4.748,12007,1.0,0.047,-0.052,USD/lb,Authentic Futures Market Feed (1-Year 60m Candles)
2025-09-24 10:00,2025-09-24,10,Copper,HG=F,4.748,4.826,4.745,4.792,16709,0.9299999999999999,0.044,-0.003,USD/lb,Authentic Futures Market Feed (1-Year 60m Candles)
2025-09-24 11:00,2025-09-24,11,Copper,HG=F,4.793,4.838,4.791,4.818,7469,0.54,0.025,-0.019,USD/lb,Authentic Futures Market Feed (1-Year 60m Candles)
2025-09-24 12:00,2025-09-24,12,Copper,HG=F,4.819,4.839,4.8,4.815,6357,-0.06,-0.004,-0.029,USD/lb,Authentic Futures Market Feed (1-Year 60m Candles)
2025-09-24 13:00,2025-09-24,13,Copper,HG=F,4.815,4.845,4.813,4.823,3028,0.16999999999999998,0.008,0.012,USD/lb,Authentic Futures Market Feed (1-Year 60m Candles)
2025-09-24 14:00,2025-09-24,14,Copper,HG=F,4.822,4.828,4.811,4.826,867,0.06,0.004,-0.004,USD/lb,Authentic Futures Market Feed (1-Year 60m Candles)
2025-09-24 15:00,2025-09-24,15,Copper,HG=F,4.826,4.832,4.823,4.824,577,-0.04,-0.002,-0.006,USD/lb,Authentic Futures Market Feed (1-Year 60m Candles)
2025-09-24 16:00,2025-09-24,16,Copper,HG=F,4.823,4.827,4.82,4.827,452,0.06,0.004,0.006,USD/lb,Authentic Futures Market Feed (1-Year 60m Candles)
2025-09-24 18:00,2025-09-24,18,Copper,HG=F,4.825,4.828,4.815,4.817,0,-0.21,-0.008,-0.012,USD/lb,Authentic Futures Market Feed (1-Year 60m Candles)
2025-09-24 19:00,2025-09-24,19,Copper,HG=F,4.817,4.822,4.817,4.819,151,0.04,0.002,0.01,USD/lb,Authentic Futures Market Feed (1-Year 60m Candles)
2025-09-24 20:00,2025-09-24,20,Copper,HG=F,4.819,4.833,4.805,4.832,848,0.27,0.013,0.011,USD/lb,Authentic Futures Market Feed (1-Year 60m Candles)
2025-09-24 21:00,2025-09-24,21,Copper,HG=F,4.832,4.847,4.81,4.838,2503,0.12,0.006,-0.007,USD/lb,Authentic Futures Market Feed (1-Year 60m Candles)
2025-09-24 22:00,2025-09-24,22,Copper,HG=F,4.839,4.89,4.838,4.888,2679,1.03,0.049,0.043,USD/lb,Authentic Futures Market Feed (1-Year 60m Candles)
2025-09-24 23:00,2025-09-24,23,Copper,HG=F,4.888,4.89,4.866,4.872,853,-0.33,-0.016,-0.065,USD/lb,Authentic Futures Market Feed (1-Year 60m Candles)
2025-09-25 00:00,2025-09-25,0,Copper,HG=F,4.873,4.883,4.871,4.881,513,0.18,0.008,0.024,USD/lb,Authentic Futures Market Feed (1-Year 60m Candles)
2025-09-25 01:00,2025-09-25,1,Copper,HG=F,4.881,4.881,4.855,4.86,1069,-0.43,-0.021,-0.029,USD/lb,Authentic Futures Market Feed (1-Year 60m Candles)
2025-09-25 02:00,2025-09-25,2,Copper,HG=F,4.863,4.881,4.861,4.867,1754,0.13999999999999999,0.004,0.025,USD/lb,Authentic Futures Market Feed (1-Year 60m Candles)
2025-09-25 03:00,2025-09-25,3,Copper,HG=F,4.866,4.893,4.838,4.889,2720,0.44999999999999996,0.023,0.019,USD/lb,Authentic Futures Market Feed (1-Year 60m Candles)
2025-09-25 04:00,2025-09-25,4,Copper,HG=F,4.89,4.939,4.867,4.887,4439,-0.04,-0.003,-0.026,USD/lb,Authentic Futures Market Feed (1-Year 60m Candles)
2025-09-25 05:00,2025-09-25,5,Copper,HG=F,4.886,4.893,4.865,4.888,1930,0.02,0.002,0.005,USD/lb,Authentic Futures Market Feed (1-Year 60m Candles)
2025-09-25 06:00,2025-09-25,6,Copper,HG=F,4.885,4.9,4.877,4.881,1758,-0.13999999999999999,-0.004,-0.006,USD/lb,Authentic Futures Market Feed (1-Year 60m Candles)
2025-09-25 07:00,2025-09-25,7,Copper,HG=F,4.883,4.883,4.83,4.853,2786,-0.5700000000000001,-0.03,-0.026,USD/lb,Authentic Futures Market Feed (1-Year 60m Candles)
2025-09-25 08:00,2025-09-25,8,Copper,HG=F,4.853,4.864,4.781,4.793,8087,-1.24,-0.06,-0.03,USD/lb,Authentic Futures Market Feed (1-Year 60m Candles)
2025-09-25 09:00,2025-09-25,9,Copper,HG=F,4.794,4.826,4.764,4.771,9640,-0.45999999999999996,-0.023,0.037,USD/lb,Authentic Futures Market Feed (1-Year 60m Candles)
2025-09-25 10:00,2025-09-25,10,Copper,HG=F,4.772,4.791,4.747,4.765,9325,-0.13,-0.007,0.016,USD/lb,Authentic Futures Market Feed (1-Year 60m Candles)
2025-09-25 11:00,2025-09-25,11,Copper,HG=F,4.764,4.793,4.76,4.779,3720,0.29,0.015,0.022,USD/lb,Authentic Futures Market Feed (1-Year 60m Candles)
2025-09-25 12:00,2025-09-25,12,Copper,HG=F,4.778,4.782,4.752,4.759,5459,-0.42,-0.019,-0.034,USD/lb,Authentic Futures Market Feed (1-Year 60m Candles)
2025-09-25 13:00,2025-09-25,13,Copper,HG=F,4.759,4.772,4.749,4.77,1433,0.22999999999999998,0.011,0.03,USD/lb,Authentic Futures Market Feed (1-Year 60m Candles)
2025-09-25 14:00,2025-09-25,14,Copper,HG=F,4.77,4.782,4.76,4.782,644,0.25,0.012,0.001,USD/lb,Authentic Futures Market Feed (1-Year 60m Candles)
2025-09-25 15:00,2025-09-25,15,Copper,HG=F,4.78,4.791,4.777,4.782,675,0.0,0.002,-0.01,USD/lb,Authentic Futures Market Feed (1-Year 60m Candles)
2025-09-25 16:00,2025-09-25,16,Copper,HG=F,4.782,4.794,4.778,4.788,0,0.13,0.006,0.004,USD/lb,Authentic Futures Market Feed (1-Year 60m Candles)
2025-09-25 18:00,2025-09-25,18,Copper,HG=F,4.788,4.788,4.782,4.787,234,-0.02,-0.001,-0.007,USD/lb,Authentic Futures Market Feed (1-Year 60m Candles)
2025-09-25 19:00,2025-09-25,19,Copper,HG=F,4.788,4.788,4.771,4.777,270,-0.21,-0.011,-0.01,USD/lb,Authentic Futures Market Feed (1-Year 60m Candles)
2025-09-25 20:00,2025-09-25,20,Copper,HG=F,4.777,4.791,4.772,4.781,433,0.08,0.004,0.015,USD/lb,Authentic Futures Market Feed (1-Year 60m Candles)
2025-09-25 21:00,2025-09-25,21,Copper,HG=F,4.781,4.786,4.766,4.766,539,-0.31,-0.015,-0.019,USD/lb,Authentic Futures Market Feed (1-Year 60m Candles)
2025-09-25 22:00,2025-09-25,22,Copper,HG=F,4.766,4.786,4.765,4.774,343,0.16999999999999998,0.008,0.023,USD/lb,Authentic Futures Market Feed (1-Year 60m Candles)
2025-09-25 23:00,2025-09-25,23,Copper,HG=F,4.775,4.79,4.773,4.787,381,0.27,0.012,0.004,USD/lb,Authentic Futures Market Feed (1-Year 60m Candles)
2025-09-26 00:00,2025-09-26,0,Copper,HG=F,4.787,4.794,4.782,4.789,364,0.04,0.002,-0.01,USD/lb,Authentic Futures Market Feed (1-Year 60m Candles)
2025-09-26 01:00,2025-09-26,1,Copper,HG=F,4.791,4.8,4.781,4.781,508,-0.16999999999999998,-0.01,-0.012,USD/lb,Authentic Futures Market Feed (1-Year 60m Candles)
2025-09-26 02:00,2025-09-26,2,Copper,HG=F,4.78,4.793,4.776,4.786,1099,0.1,0.006,0.016,USD/lb,Authentic Futures Market Feed (1-Year 60m Candles)
2025-09-26 03:00,2025-09-26,3,Copper,HG=F,4.786,4.791,4.75,4.753,1507,-0.69,-0.033,-0.039,USD/lb,Authentic Futures Market Feed (1-Year 60m Candles)
2025-09-26 04:00,2025-09-26,4,Copper,HG=F,4.753,4.761,4.736,4.748,1579,-0.11,-0.005,0.028,USD/lb,Authentic Futures Market Feed (1-Year 60m Candles)
2025-09-26 05:00,2025-09-26,5,Copper,HG=F,4.747,4.753,4.738,4.747,673,-0.02,0.0,0.005,USD/lb,Authentic Futures Market Feed (1-Year 60m Candles)
2025-09-26 06:00,2025-09-26,6,Copper,HG=F,4.748,4.753,4.742,4.752,560,0.11,0.004,0.004,USD/lb,Authentic Futures Market Feed (1-Year 60m Candles)
2025-09-26 07:00,2025-09-26,7,Copper,HG=F,4.753,4.755,4.727,4.737,1124,-0.32,-0.016,-0.02,USD/lb,Authentic Futures Market Feed (1-Year 60m Candles)
2025-09-26 08:00,2025-09-26,8,Copper,HG=F,4.736,4.759,4.723,4.754,2614,0.36,0.018,0.034,USD/lb,Authentic Futures Market Feed (1-Year 60m Candles)
2025-09-26 09:00,2025-09-26,9,Copper,HG=F,4.754,4.759,4.714,4.722,5915,-0.67,-0.032,-0.05,USD/lb,Authentic Futures Market Feed (1-Year 60m Candles)
2025-09-26 10:00,2025-09-26,10,Copper,HG=F,4.723,4.744,4.718,4.74,2758,0.38,0.017,0.049,USD/lb,Authentic Futures Market Feed (1-Year 60m Candles)
2025-09-26 11:00,2025-09-26,11,Copper,HG=F,4.74,4.747,4.733,4.741,2849,0.02,0.001,-0.016,USD/lb,Authentic Futures Market Feed (1-Year 60m Candles)
2025-09-26 12:00,2025-09-26,12,Copper,HG=F,4.741,4.775,4.733,4.775,5937,0.72,0.034,0.033,USD/lb,Authentic Futures Market Feed (1-Year 60m Candles)
2025-09-26 13:00,2025-09-26,13,Copper,HG=F,4.775,4.78,4.765,4.767,1728,-0.16999999999999998,-0.008,-0.042,USD/lb,Authentic Futures Market Feed (1-Year 60m Candles)
2025-09-26 14:00,2025-09-26,14,Copper,HG=F,4.767,4.782,4.766,4.779,766,0.25,0.012,0.02,USD/lb,Authentic Futures Market Feed (1-Year 60m Candles)
2025-09-26 15:00,2025-09-26,15,Copper,HG=F,4.779,4.78,4.765,4.77,719,-0.19,-0.009,-0.021,USD/lb,Authentic Futures Market Feed (1-Year 60m Candles)
2025-09-26 16:00,2025-09-26,16,Copper,HG=F,4.769,4.774,4.763,4.763,302,-0.15,-0.006,0.003,USD/lb,Authentic Futures Market Feed (1-Year 60m Candles)
2025-09-28 18:00,2025-09-28,18,Copper,HG=F,4.758,4.762,4.756,4.76,130,-0.06,0.002,0.008,USD/lb,Authentic Futures Market Feed (1-Year 60m Candles)
2025-09-28 19:00,2025-09-28,19,Copper,HG=F,4.76,4.779,4.756,4.773,380,0.27,0.013,0.011,USD/lb,Authentic Futures Market Feed (1-Year 60m Candles)
2025-09-28 20:00,2025-09-28,20,Copper,HG=F,4.773,4.79,4.772,4.786,608,0.27,0.013,0.0,USD/lb,Authentic Futures Market Feed (1-Year 60m Candles)
2025-09-28 21:00,2025-09-28,21,Copper,HG=F,4.787,4.802,4.777,4.794,1092,0.16999999999999998,0.007,-0.006,USD/lb,Authentic Futures Market Feed (1-Year 60m Candles)
2025-09-28 22:00,2025-09-28,22,Copper,HG=F,4.794,4.818,4.788,4.816,851,0.45999999999999996,0.022,0.015,USD/lb,Authentic Futures Market Feed (1-Year 60m Candles)
2025-09-28 23:00,2025-09-28,23,Copper,HG=F,4.817,4.818,4.806,4.811,257,-0.1,-0.006,-0.028,USD/lb,Authentic Futures Market Feed (1-Year 60m Candles)
2025-09-29 00:00,2025-09-29,0,Copper,HG=F,4.812,4.814,4.804,4.806,289,-0.1,-0.006,0.0,USD/lb,Authentic Futures Market Feed (1-Year 60m Candles)
2025-09-29 01:00,2025-09-29,1,Copper,HG=F,4.806,4.822,4.801,4.812,716,0.12,0.006,0.012,USD/lb,Authentic Futures Market Feed (1-Year 60m Candles)
2025-09-29 02:00,2025-09-29,2,Copper,HG=F,4.813,4.814,4.8,4.806,785,-0.12,-0.007,-0.013,USD/lb,Authentic Futures Market Feed (1-Year 60m Candles)
2025-09-29 03:00,2025-09-29,3,Copper,HG=F,4.806,4.807,4.79,4.795,867,-0.22999999999999998,-0.011,-0.004,USD/lb,Authentic Futures Market Feed (1-Year 60m Candles)
2025-09-29 04:00,2025-09-29,4,Copper,HG=F,4.796,4.813,4.789,4.811,989,0.33,0.015,0.026,USD/lb,Authentic Futures Market Feed (1-Year 60m Candles)
2025-09-29 05:00,2025-09-29,5,Copper,HG=F,4.811,4.813,4.801,4.807,445,-0.08,-0.004,-0.019,USD/lb,Authentic Futures Market Feed (1-Year 60m Candles)
2025-09-29 06:00,2025-09-29,6,Copper,HG=F,4.807,4.81,4.802,4.805,365,-0.04,-0.002,0.002,USD/lb,Authentic Futures Market Feed (1-Year 60m Candles)
2025-09-29 07:00,2025-09-29,7,Copper,HG=F,4.806,4.838,4.803,4.837,1277,0.67,0.031,0.033,USD/lb,Authentic Futures Market Feed (1-Year 60m Candles)
2025-09-29 08:00,2025-09-29,8,Copper,HG=F,4.837,4.838,4.802,4.81,1859,-0.5599999999999999,-0.027,-0.058,USD/lb,Authentic Futures Market Feed (1-Year 60m Candles)
2025-09-29 09:00,2025-09-29,9,Copper,HG=F,4.811,4.861,4.8,4.859,4897,1.02,0.048,0.075,USD/lb,Authentic Futures Market Feed (1-Year 60m Candles)
2025-09-29 10:00,2025-09-29,10,Copper,HG=F,4.86,4.92,4.853,4.884,10469,0.51,0.024,-0.024,USD/lb,Authentic Futures Market Feed (1-Year 60m Candles)
2025-09-29 11:00,2025-09-29,11,Copper,HG=F,4.883,4.897,4.869,4.88,4178,-0.08,-0.003,-0.027,USD/lb,Authentic Futures Market Feed (1-Year 60m Candles)
2025-09-29 12:00,2025-09-29,12,Copper,HG=F,4.88,4.893,4.878,4.892,4044,0.25,0.012,0.015,USD/lb,Authentic Futures Market Feed (1-Year 60m Candles)
2025-09-29 13:00,2025-09-29,13,Copper,HG=F,4.892,4.901,4.881,4.886,1707,-0.12,-0.006,-0.018,USD/lb,Authentic Futures Market Feed (1-Year 60m Candles)
2025-09-29 14:00,2025-09-29,14,Copper,HG=F,4.886,4.909,4.885,4.9,1071,0.29,0.014,0.02,USD/lb,Authentic Futures Market Feed (1-Year 60m Candles)
2025-09-29 15:00,2025-09-29,15,Copper,HG=F,4.9,4.914,4.893,4.913,988,0.27,0.013,-0.001,USD/lb,Authentic Futures Market Feed (1-Year 60m Candles)
2025-09-29 16:00,2025-09-29,16,Copper,HG=F,4.912,4.913,4.903,4.906,654,-0.13999999999999999,-0.006,-0.019,USD/lb,Authentic Futures Market Feed (1-Year 60m Candles)
2025-09-29 18:00,2025-09-29,18,Copper,HG=F,4.905,4.907,4.893,4.898,0,-0.16,-0.007,-0.001,USD/lb,Authentic Futures Market Feed (1-Year 60m Candles)
2025-09-29 19:00,2025-09-29,19,Copper,HG=F,4.898,4.906,4.897,4.904,225,0.12,0.006,0.013,USD/lb,Authentic Futures Market Feed (1-Year 60m Candles)
2025-09-29 20:00,2025-09-29,20,Copper,HG=F,4.903,4.91,4.893,4.903,552,-0.02,0.0,-0.006,USD/lb,Authentic Futures Market Feed (1-Year 60m Candles)
2025-09-29 21:00,2025-09-29,21,Copper,HG=F,4.902,4.909,4.884,4.894,1133,-0.18,-0.008,-0.008,USD/lb,Authentic Futures Market Feed (1-Year 60m Candles)
2025-09-29 22:00,2025-09-29,22,Copper,HG=F,4.893,4.905,4.876,4.898,1140,0.08,0.005,0.013,USD/lb,Authentic Futures Market Feed (1-Year 60m Candles)
2025-09-29 23:00,2025-09-29,23,Copper,HG=F,4.894,4.909,4.891,4.907,487,0.18,0.013,0.008,USD/lb,Authentic Futures Market Feed (1-Year 60m Candles)
2025-09-30 00:00,2025-09-30,0,Copper,HG=F,4.907,4.913,4.903,4.905,322,-0.04,-0.002,-0.015,USD/lb,Authentic Futures Market Feed (1-Year 60m Candles)
2025-09-30 01:00,2025-09-30,1,Copper,HG=F,4.905,4.907,4.893,4.903,665,-0.04,-0.002,0.0,USD/lb,Authentic Futures Market Feed (1-Year 60m Candles)
2025-09-30 02:00,2025-09-30,2,Copper,HG=F,4.904,4.906,4.879,4.881,1277,-0.44999999999999996,-0.023,-0.021,USD/lb,Authentic Futures Market Feed (1-Year 60m Candles)
2025-09-30 03:00,2025-09-30,3,Copper,HG=F,4.88,4.91,4.863,4.906,2522,0.51,0.026,0.049,USD/lb,Authentic Futures Market Feed (1-Year 60m Candles)
2025-09-30 04:00,2025-09-30,4,Copper,HG=F,4.905,4.908,4.863,4.87,1999,-0.73,-0.035,-0.061,USD/lb,Authentic Futures Market Feed (1-Year 60m Candles)
2025-09-30 05:00,2025-09-30,5,Copper,HG=F,4.867,4.876,4.857,4.866,1286,-0.08,-0.001,0.034,USD/lb,Authentic Futures Market Feed (1-Year 60m Candles)
2025-09-30 06:00,2025-09-30,6,Copper,HG=F,4.866,4.872,4.853,4.86,823,-0.12,-0.006,-0.005,USD/lb,Authentic Futures Market Feed (1-Year 60m Candles)
2025-09-30 07:00,2025-09-30,7,Copper,HG=F,4.86,4.872,4.854,4.865,1457,0.1,0.005,0.011,USD/lb,Authentic Futures Market Feed (1-Year 60m Candles)
2025-09-30 08:00,2025-09-30,8,Copper,HG=F,4.866,4.878,4.835,4.852,2351,-0.27,-0.014,-0.019,USD/lb,Authentic Futures Market Feed (1-Year 60m Candles)
2025-09-30 09:00,2025-09-30,9,Copper,HG=F,4.852,4.858,4.826,4.85,3601,-0.04,-0.002,0.012,USD/lb,Authentic Futures Market Feed (1-Year 60m Candles)
2025-09-30 10:00,2025-09-30,10,Copper,HG=F,4.852,4.869,4.843,4.856,2475,0.12,0.004,0.006,USD/lb,Authentic Futures Market Feed (1-Year 60m Candles)
2025-09-30 11:00,2025-09-30,11,Copper,HG=F,4.856,4.856,4.82,4.832,4117,-0.49,-0.024,-0.028,USD/lb,Authentic Futures Market Feed (1-Year 60m Candles)
2025-09-30 12:00,2025-09-30,12,Copper,HG=F,4.832,4.859,4.826,4.854,5225,0.45999999999999996,0.022,0.046,USD/lb,Authentic Futures Market Feed (1-Year 60m Candles)
2025-09-30 13:00,2025-09-30,13,Copper,HG=F,4.853,4.861,4.851,4.858,1557,0.08,0.005,-0.017,USD/lb,Authentic Futures Market Feed (1-Year 60m Candles)
2025-09-30 14:00,2025-09-30,14,Copper,HG=F,4.857,4.878,4.846,4.874,1152,0.33,0.017,0.012,USD/lb,Authentic Futures Market Feed (1-Year 60m Candles)
2025-09-30 15:00,2025-09-30,15,Copper,HG=F,4.872,4.878,4.865,4.872,684,-0.04,0.0,-0.017,USD/lb,Authentic Futures Market Feed (1-Year 60m Candles)
2025-09-30 16:00,2025-09-30,16,Copper,HG=F,4.872,4.88,4.865,4.878,0,0.12,0.006,0.006,USD/lb,Authentic Futures Market Feed (1-Year 60m Candles)
2025-09-30 18:00,2025-09-30,18,Copper,HG=F,4.879,4.882,4.871,4.878,201,0.0,-0.001,-0.007,USD/lb,Authentic Futures Market Feed (1-Year 60m Candles)
2025-09-30 19:00,2025-09-30,19,Copper,HG=F,4.879,4.888,4.875,4.877,208,-0.02,-0.002,-0.001,USD/lb,Authentic Futures Market Feed (1-Year 60m Candles)
2025-09-30 20:00,2025-09-30,20,Copper,HG=F,4.877,4.877,4.859,4.864,586,-0.27,-0.013,-0.011,USD/lb,Authentic Futures Market Feed (1-Year 60m Candles)
2025-09-30 21:00,2025-09-30,21,Copper,HG=F,4.862,4.869,4.858,4.865,490,0.02,0.003,0.016,USD/lb,Authentic Futures Market Feed (1-Year 60m Candles)
2025-09-30 22:00,2025-09-30,22,Copper,HG=F,4.864,4.871,4.84,4.846,728,-0.38999999999999996,-0.018,-0.021,USD/lb,Authentic Futures Market Feed (1-Year 60m Candles)
2025-09-30 23:00,2025-09-30,23,Copper,HG=F,4.845,4.847,4.835,4.845,390,-0.02,0.0,0.018,USD/lb,Authentic Futures Market Feed (1-Year 60m Candles)
2025-10-01 00:00,2025-10-01,0,Copper,HG=F,4.845,4.851,4.841,4.85,240,0.1,0.005,0.005,USD/lb,Authentic Futures Market Feed (1-Year 60m Candles)
2025-10-01 01:00,2025-10-01,1,Copper,HG=F,4.85,4.853,4.841,4.846,463,-0.08,-0.004,-0.009,USD/lb,Authentic Futures Market Feed (1-Year 60m Candles)
2025-10-01 02:00,2025-10-01,2,Copper,HG=F,4.846,4.851,4.825,4.833,1128,-0.27,-0.013,-0.009,USD/lb,Authentic Futures Market Feed (1-Year 60m Candles)
2025-10-01 03:00,2025-10-01,3,Copper,HG=F,4.835,4.871,4.835,4.869,1523,0.74,0.034,0.047,USD/lb,Authentic Futures Market Feed (1-Year 60m Candles)
2025-10-01 04:00,2025-10-01,4,Copper,HG=F,4.869,4.885,4.851,4.853,1286,-0.33,-0.016,-0.05,USD/lb,Authentic Futures Market Feed (1-Year 60m Candles)
2025-10-01 05:00,2025-10-01,5,Copper,HG=F,4.852,4.861,4.839,4.852,864,-0.02,0.0,0.016,USD/lb,Authentic Futures Market Feed (1-Year 60m Candles)
2025-10-01 06:00,2025-10-01,6,Copper,HG=F,4.852,4.879,4.852,4.865,1011,0.27,0.013,0.013,USD/lb,Authentic Futures Market Feed (1-Year 60m Candles)
2025-10-01 07:00,2025-10-01,7,Copper,HG=F,4.865,4.869,4.856,4.864,1266,-0.02,-0.001,-0.014,USD/lb,Authentic Futures Market Feed (1-Year 60m Candles)
2025-10-01 08:00,2025-10-01,8,Copper,HG=F,4.864,4.887,4.816,4.83,4793,-0.7000000000000001,-0.034,-0.033,USD/lb,Authentic Futures Market Feed (1-Year 60m Candles)
2025-10-01 09:00,2025-10-01,9,Copper,HG=F,4.831,4.858,4.822,4.853,2695,0.48,0.022,0.056,USD/lb,Authentic Futures Market Feed (1-Year 60m Candles)
2025-10-01 10:00,2025-10-01,10,Copper,HG=F,4.853,4.864,4.832,4.86,3159,0.13999999999999999,0.007,-0.015,USD/lb,Authentic Futures Market Feed (1-Year 60m Candles)
2025-10-01 11:00,2025-10-01,11,Copper,HG=F,4.86,4.885,4.854,4.877,3710,0.35000000000000003,0.017,0.01,USD/lb,Authentic Futures Market Feed (1-Year 60m Candles)
2025-10-01 12:00,2025-10-01,12,Copper,HG=F,4.876,4.89,4.873,4.881,3242,0.08,0.005,-0.012,USD/lb,Authentic Futures Market Feed (1-Year 60m Candles)
2025-10-01 13:00,2025-10-01,13,Copper,HG=F,4.881,4.891,4.872,4.88,1425,-0.02,-0.001,-0.006,USD/lb,Authentic Futures Market Feed (1-Year 60m Candles)
2025-10-01 14:00,2025-10-01,14,Copper,HG=F,4.881,4.904,4.878,4.896,1081,0.33,0.015,0.016,USD/lb,Authentic Futures Market Feed (1-Year 60m Candles)
2025-10-01 15:00,2025-10-01,15,Copper,HG=F,4.895,4.899,4.887,4.888,615,-0.16,-0.007,-0.022,USD/lb,Authentic Futures Market Feed (1-Year 60m Candles)
2025-10-01 16:00,2025-10-01,16,Copper,HG=F,4.889,4.894,4.888,4.894,201,0.12,0.005,0.012,USD/lb,Authentic Futures Market Feed (1-Year 60m Candles)
2025-10-01 18:00,2025-10-01,18,Copper,HG=F,4.892,4.898,4.883,4.885,0,-0.18,-0.007,-0.012,USD/lb,Authentic Futures Market Feed (1-Year 60m Candles)
2025-10-01 19:00,2025-10-01,19,Copper,HG=F,4.885,4.887,4.88,4.884,104,-0.02,-0.001,0.006,USD/lb,Authentic Futures Market Feed (1-Year 60m Candles)
2025-10-01 20:00,2025-10-01,20,Copper,HG=F,4.883,4.884,4.876,4.878,226,-0.12,-0.005,-0.004,USD/lb,Authentic Futures Market Feed (1-Year 60m Candles)
2025-10-01 21:00,2025-10-01,21,Copper,HG=F,4.878,4.923,4.85,4.92,1560,0.86,0.042,0.047,USD/lb,Authentic Futures Market Feed (1-Year 60m Candles)
2025-10-01 22:00,2025-10-01,22,Copper,HG=F,4.922,4.945,4.916,4.918,1400,-0.04,-0.004,-0.046,USD/lb,Authentic Futures Market Feed (1-Year 60m Candles)
2025-10-01 23:00,2025-10-01,23,Copper,HG=F,4.916,4.916,4.898,4.913,477,-0.1,-0.003,0.001,USD/lb,Authentic Futures Market Feed (1-Year 60m Candles)
2025-10-02 00:00,2025-10-02,0,Copper,HG=F,4.913,4.919,4.906,4.911,269,-0.04,-0.002,0.001,USD/lb,Authentic Futures Market Feed (1-Year 60m Candles)
2025-10-02 01:00,2025-10-02,1,Copper,HG=F,4.911,4.923,4.905,4.912,422,0.02,0.001,0.003,USD/lb,Authentic Futures Market Feed (1-Year 60m Candles)
2025-10-02 02:00,2025-10-02,2,Copper,HG=F,4.913,4.926,4.909,4.921,756,0.18,0.008,0.007,USD/lb,Authentic Futures Market Feed (1-Year 60m Candles)
2025-10-02 03:00,2025-10-02,3,Copper,HG=F,4.922,4.97,4.922,4.959,2331,0.77,0.037,0.029,USD/lb,Authentic Futures Market Feed (1-Year 60m Candles)
2025-10-02 04:00,2025-10-02,4,Copper,HG=F,4.958,4.972,4.944,4.966,1423,0.13999999999999999,0.008,-0.029,USD/lb,Authentic Futures Market Feed (1-Year 60m Candles)
2025-10-02 05:00,2025-10-02,5,Copper,HG=F,4.965,4.97,4.953,4.962,1333,-0.08,-0.003,-0.011,USD/lb,Authentic Futures Market Feed (1-Year 60m Candles)
2025-10-02 06:00,2025-10-02,6,Copper,HG=F,4.962,4.975,4.962,4.967,1191,0.1,0.005,0.008,USD/lb,Authentic Futures Market Feed (1-Year 60m Candles)
2025-10-02 07:00,2025-10-02,7,Copper,HG=F,4.967,4.969,4.948,4.965,1974,-0.04,-0.002,-0.007,USD/lb,Authentic Futures Market Feed (1-Year 60m Candles)
2025-10-02 08:00,2025-10-02,8,Copper,HG=F,4.966,4.99,4.931,4.952,5445,-0.26,-0.014,-0.012,USD/lb,Authentic Futures Market Feed (1-Year 60m Candles)
2025-10-02 09:00,2025-10-02,9,Copper,HG=F,4.951,4.965,4.907,4.918,5615,-0.69,-0.033,-0.019,USD/lb,Authentic Futures Market Feed (1-Year 60m Candles)
2025-10-02 10:00,2025-10-02,10,Copper,HG=F,4.918,4.939,4.893,4.911,6678,-0.13999999999999999,-0.007,0.026,USD/lb,Authentic Futures Market Feed (1-Year 60m Candles)
2025-10-02 11:00,2025-10-02,11,Copper,HG=F,4.911,4.951,4.909,4.931,4319,0.41000000000000003,0.02,0.027,USD/lb,Authentic Futures Market Feed (1-Year 60m Candles)
2025-10-02 12:00,2025-10-02,12,Copper,HG=F,4.931,4.952,4.927,4.947,3826,0.32,0.016,-0.004,USD/lb,Authentic Futures Market Feed (1-Year 60m Candles)
2025-10-02 13:00,2025-10-02,13,Copper,HG=F,4.946,4.952,4.935,4.944,1497,-0.06,-0.002,-0.018,USD/lb,Authentic Futures Market Feed (1-Year 60m Candles)
2025-10-02 14:00,2025-10-02,14,Copper,HG=F,4.943,4.948,4.938,4.943,582,-0.02,0.0,0.002,USD/lb,Authentic Futures Market Feed (1-Year 60m Candles)
2025-10-02 15:00,2025-10-02,15,Copper,HG=F,4.943,4.958,4.943,4.957,677,0.27999999999999997,0.014,0.014,USD/lb,Authentic Futures Market Feed (1-Year 60m Candles)
2025-10-02 16:00,2025-10-02,16,Copper,HG=F,4.957,4.957,4.951,4.954,374,-0.06,-0.003,-0.017,USD/lb,Authentic Futures Market Feed (1-Year 60m Candles)
2025-10-02 18:00,2025-10-02,18,Copper,HG=F,4.954,4.962,4.951,4.954,0,0.0,0.0,0.003,USD/lb,Authentic Futures Market Feed (1-Year 60m Candles)
2025-10-02 19:00,2025-10-02,19,Copper,HG=F,4.953,4.96,4.938,4.958,412,0.08,0.005,0.005,USD/lb,Authentic Futures Market Feed (1-Year 60m Candles)
2025-10-02 20:00,2025-10-02,20,Copper,HG=F,4.957,4.962,4.951,4.952,320,-0.12,-0.005,-0.01,USD/lb,Authentic Futures Market Feed (1-Year 60m Candles)
2025-10-02 21:00,2025-10-02,21,Copper,HG=F,4.954,4.963,4.941,4.962,608,0.2,0.008,0.013,USD/lb,Authentic Futures Market Feed (1-Year 60m Candles)
2025-10-02 22:00,2025-10-02,22,Copper,HG=F,4.962,4.97,4.948,4.958,578,-0.08,-0.004,-0.012,USD/lb,Authentic Futures Market Feed (1-Year 60m Candles)
2025-10-02 23:00,2025-10-02,23,Copper,HG=F,4.958,4.965,4.956,4.96,522,0.04,0.002,0.006,USD/lb,Authentic Futures Market Feed (1-Year 60m Candles)
2025-10-03 00:00,2025-10-03,0,Copper,HG=F,4.96,4.965,4.956,4.957,161,-0.06,-0.003,-0.005,USD/lb,Authentic Futures Market Feed (1-Year 60m Candles)
2025-10-03 01:00,2025-10-03,1,Copper,HG=F,4.957,4.966,4.951,4.962,291,0.1,0.005,0.008,USD/lb,Authentic Futures Market Feed (1-Year 60m Candles)
2025-10-03 02:00,2025-10-03,2,Copper,HG=F,4.962,4.981,4.958,4.975,912,0.26,0.013,0.008,USD/lb,Authentic Futures Market Feed (1-Year 60m Candles)
2025-10-03 03:00,2025-10-03,3,Copper,HG=F,4.976,5.004,4.975,5.002,1804,0.54,0.026,0.013,USD/lb,Authentic Futures Market Feed (1-Year 60m Candles)
2025-10-03 04:00,2025-10-03,4,Copper,HG=F,5.001,5.014,4.996,5.01,1721,0.16,0.009,-0.017,USD/lb,Authentic Futures Market Feed (1-Year 60m Candles)
2025-10-03 05:00,2025-10-03,5,Copper,HG=F,5.011,5.016,5.001,5.011,1608,0.02,0.0,-0.009,USD/lb,Authentic Futures Market Feed (1-Year 60m Candles)
2025-10-03 06:00,2025-10-03,6,Copper,HG=F,5.012,5.016,5.008,5.014,1145,0.06,0.002,0.002,USD/lb,Authentic Futures Market Feed (1-Year 60m Candles)
2025-10-03 07:00,2025-10-03,7,Copper,HG=F,5.015,5.018,4.994,5.018,1941,0.08,0.003,0.001,USD/lb,Authentic Futures Market Feed (1-Year 60m Candles)
2025-10-03 08:00,2025-10-03,8,Copper,HG=F,5.018,5.03,4.995,5.024,3406,0.12,0.006,0.003,USD/lb,Authentic Futures Market Feed (1-Year 60m Candles)
2025-10-03 09:00,2025-10-03,9,Copper,HG=F,5.024,5.071,5.021,5.065,7453,0.8200000000000001,0.041,0.035,USD/lb,Authentic Futures Market Feed (1-Year 60m Candles)
2025-10-03 10:00,2025-10-03,10,Copper,HG=F,5.065,5.092,5.06,5.085,9495,0.38999999999999996,0.02,-0.021,USD/lb,Authentic Futures Market Feed (1-Year 60m Candles)
2025-10-03 11:00,2025-10-03,11,Copper,HG=F,5.084,5.113,5.071,5.103,4903,0.35000000000000003,0.019,-0.001,USD/lb,Authentic Futures Market Feed (1-Year 60m Candles)
2025-10-03 12:00,2025-10-03,12,Copper,HG=F,5.103,5.115,5.095,5.109,6433,0.12,0.006,-0.013,USD/lb,Authentic Futures Market Feed (1-Year 60m Candles)
2025-10-03 13:00,2025-10-03,13,Copper,HG=F,5.109,5.121,5.082,5.088,2938,-0.41000000000000003,-0.021,-0.027,USD/lb,Authentic Futures Market Feed (1-Year 60m Candles)
2025-10-03 14:00,2025-10-03,14,Copper,HG=F,5.09,5.1,5.076,5.086,1002,-0.04,-0.004,0.017,USD/lb,Authentic Futures Market Feed (1-Year 60m Candles)
2025-10-03 15:00,2025-10-03,15,Copper,HG=F,5.086,5.088,5.076,5.083,1150,-0.06,-0.003,0.001,USD/lb,Authentic Futures Market Feed (1-Year 60m Candles)
2025-10-03 16:00,2025-10-03,16,Copper,HG=F,5.083,5.092,5.078,5.085,428,0.04,0.002,0.005,USD/lb,Authentic Futures Market Feed (1-Year 60m Candles)
2025-10-05 18:00,2025-10-05,18,Copper,HG=F,5.085,5.109,5.082,5.097,421,0.24,0.012,0.01,USD/lb,Authentic Futures Market Feed (1-Year 60m Candles)
2025-10-05 19:00,2025-10-05,19,Copper,HG=F,5.097,5.107,5.074,5.082,683,-0.29,-0.015,-0.027,USD/lb,Authentic Futures Market Feed (1-Year 60m Candles)
2025-10-05 20:00,2025-10-05,20,Copper,HG=F,5.083,5.109,5.077,5.102,759,0.38999999999999996,0.019,0.034,USD/lb,Authentic Futures Market Feed (1-Year 60m Candles)
2025-10-05 21:00,2025-10-05,21,Copper,HG=F,5.102,5.124,5.09,5.121,1539,0.37,0.019,0.0,USD/lb,Authentic Futures Market Feed (1-Year 60m Candles)
2025-10-05 22:00,2025-10-05,22,Copper,HG=F,5.122,5.123,5.096,5.096,899,-0.49,-0.026,-0.045,USD/lb,Authentic Futures Market Feed (1-Year 60m Candles)
2025-10-05 23:00,2025-10-05,23,Copper,HG=F,5.095,5.109,5.089,5.109,557,0.26,0.014,0.04,USD/lb,Authentic Futures Market Feed (1-Year 60m Candles)
2025-10-06 00:00,2025-10-06,0,Copper,HG=F,5.107,5.108,5.094,5.096,421,-0.25,-0.011,-0.025,USD/lb,Authentic Futures Market Feed (1-Year 60m Candles)
2025-10-06 01:00,2025-10-06,1,Copper,HG=F,5.098,5.1,5.069,5.08,1138,-0.31,-0.018,-0.007,USD/lb,Authentic Futures Market Feed (1-Year 60m Candles)
2025-10-06 02:00,2025-10-06,2,Copper,HG=F,5.08,5.084,5.052,5.064,1227,-0.31,-0.016,0.002,USD/lb,Authentic Futures Market Feed (1-Year 60m Candles)
2025-10-06 03:00,2025-10-06,3,Copper,HG=F,5.064,5.071,5.045,5.048,2050,-0.32,-0.016,0.0,USD/lb,Authentic Futures Market Feed (1-Year 60m Candles)
2025-10-06 04:00,2025-10-06,4,Copper,HG=F,5.051,5.069,5.046,5.065,1607,0.33999999999999997,0.014,0.03,USD/lb,Authentic Futures Market Feed (1-Year 60m Candles)
2025-10-06 05:00,2025-10-06,5,Copper,HG=F,5.065,5.07,5.055,5.068,683,0.06,0.003,-0.011,USD/lb,Authentic Futures Market Feed (1-Year 60m Candles)
2025-10-06 06:00,2025-10-06,6,Copper,HG=F,5.069,5.069,5.041,5.047,1009,-0.41000000000000003,-0.022,-0.025,USD/lb,Authentic Futures Market Feed (1-Year 60m Candles)
2025-10-06 07:00,2025-10-06,7,Copper,HG=F,5.047,5.065,5.043,5.06,2329,0.26,0.013,0.035,USD/lb,Authentic Futures Market Feed (1-Year 60m Candles)
2025-10-06 08:00,2025-10-06,8,Copper,HG=F,5.06,5.067,5.015,5.038,4657,-0.43,-0.022,-0.035,USD/lb,Authentic Futures Market Feed (1-Year 60m Candles)
2025-10-06 09:00,2025-10-06,9,Copper,HG=F,5.039,5.062,5.026,5.062,4348,0.48,0.023,0.045,USD/lb,Authentic Futures Market Feed (1-Year 60m Candles)
2025-10-06 10:00,2025-10-06,10,Copper,HG=F,5.062,5.062,5.033,5.057,2955,-0.1,-0.005,-0.028,USD/lb,Authentic Futures Market Feed (1-Year 60m Candles)
2025-10-06 11:00,2025-10-06,11,Copper,HG=F,5.056,5.056,5.036,5.049,2983,-0.16,-0.007,-0.002,USD/lb,Authentic Futures Market Feed (1-Year 60m Candles)
2025-10-06 12:00,2025-10-06,12,Copper,HG=F,5.049,5.052,5.034,5.035,4471,-0.27999999999999997,-0.014,-0.007,USD/lb,Authentic Futures Market Feed (1-Year 60m Candles)
2025-10-06 13:00,2025-10-06,13,Copper,HG=F,5.035,5.038,5.027,5.034,2124,-0.02,-0.001,0.013,USD/lb,Authentic Futures Market Feed (1-Year 60m Candles)
2025-10-06 14:00,2025-10-06,14,Copper,HG=F,5.033,5.037,5.03,5.036,455,0.04,0.003,0.004,USD/lb,Authentic Futures Market Feed (1-Year 60m Candles)
2025-10-06 15:00,2025-10-06,15,Copper,HG=F,5.037,5.053,5.037,5.047,825,0.22,0.01,0.007,USD/lb,Authentic Futures Market Feed (1-Year 60m Candles)
2025-10-06 16:00,2025-10-06,16,Copper,HG=F,5.046,5.049,5.038,5.042,226,-0.1,-0.004,-0.014,USD/lb,Authentic Futures Market Feed (1-Year 60m Candles)
2025-10-07 03:00,2025-10-07,3,Copper,HG=F,5.056,5.067,5.049,5.058,851,0.32,0.002,0.006,USD/lb,Authentic Futures Market Feed (1-Year 60m Candles)
2025-10-07 04:00,2025-10-07,4,Copper,HG=F,5.057,5.069,5.04,5.057,1263,-0.02,0.0,-0.002,USD/lb,Authentic Futures Market Feed (1-Year 60m Candles)
2025-10-07 05:00,2025-10-07,5,Copper,HG=F,5.059,5.063,5.052,5.059,441,0.04,0.0,0.0,USD/lb,Authentic Futures Market Feed (1-Year 60m Candles)
2025-10-07 06:00,2025-10-07,6,Copper,HG=F,5.058,5.069,5.056,5.062,546,0.06,0.004,0.004,USD/lb,Authentic Futures Market Feed (1-Year 60m Candles)
2025-10-07 07:00,2025-10-07,7,Copper,HG=F,5.062,5.08,5.062,5.075,1123,0.26,0.013,0.009,USD/lb,Authentic Futures Market Feed (1-Year 60m Candles)
2025-10-07 08:00,2025-10-07,8,Copper,HG=F,5.076,5.116,5.076,5.114,4182,0.77,0.038,0.025,USD/lb,Authentic Futures Market Feed (1-Year 60m Candles)
2025-10-07 09:00,2025-10-07,9,Copper,HG=F,5.116,5.147,5.091,5.126,7169,0.22999999999999998,0.01,-0.028,USD/lb,Authentic Futures Market Feed (1-Year 60m Candles)
2025-10-07 10:00,2025-10-07,10,Copper,HG=F,5.126,5.13,5.1,5.118,4075,-0.16,-0.008,-0.018,USD/lb,Authentic Futures Market Feed (1-Year 60m Candles)
2025-10-07 11:00,2025-10-07,11,Copper,HG=F,5.119,5.129,5.06,5.081,8087,-0.72,-0.038,-0.03,USD/lb,Authentic Futures Market Feed (1-Year 60m Candles)
2025-10-07 12:00,2025-10-07,12,Copper,HG=F,5.081,5.103,5.074,5.096,5246,0.3,0.015,0.053,USD/lb,Authentic Futures Market Feed (1-Year 60m Candles)
2025-10-07 13:00,2025-10-07,13,Copper,HG=F,5.097,5.109,5.092,5.097,1581,0.02,0.0,-0.015,USD/lb,Authentic Futures Market Feed (1-Year 60m Candles)
2025-10-07 14:00,2025-10-07,14,Copper,HG=F,5.096,5.102,5.082,5.09,546,-0.13999999999999999,-0.006,-0.006,USD/lb,Authentic Futures Market Feed (1-Year 60m Candles)
2025-10-07 15:00,2025-10-07,15,Copper,HG=F,5.09,5.094,5.077,5.083,535,-0.13999999999999999,-0.007,-0.001,USD/lb,Authentic Futures Market Feed (1-Year 60m Candles)
2025-10-07 16:00,2025-10-07,16,Copper,HG=F,5.084,5.095,5.084,5.091,170,0.16,0.007,0.014,USD/lb,Authentic Futures Market Feed (1-Year 60m Candles)
2025-10-07 18:00,2025-10-07,18,Copper,HG=F,5.094,5.094,5.08,5.092,0,0.02,-0.002,-0.009,USD/lb,Authentic Futures Market Feed (1-Year 60m Candles)
2025-10-07 19:00,2025-10-07,19,Copper,HG=F,5.093,5.111,5.092,5.1,379,0.16,0.007,0.009,USD/lb,Authentic Futures Market Feed (1-Year 60m Candles)
2025-10-07 20:00,2025-10-07,20,Copper,HG=F,5.1,5.115,5.098,5.11,596,0.2,0.01,0.003,USD/lb,Authentic Futures Market Feed (1-Year 60m Candles)
2025-10-07 21:00,2025-10-07,21,Copper,HG=F,5.11,5.111,5.065,5.078,957,-0.63,-0.032,-0.042,USD/lb,Authentic Futures Market Feed (1-Year 60m Candles)
2025-10-07 22:00,2025-10-07,22,Copper,HG=F,5.078,5.098,5.076,5.089,639,0.22,0.011,0.043,USD/lb,Authentic Futures Market Feed (1-Year 60m Candles)
2025-10-07 23:00,2025-10-07,23,Copper,HG=F,5.09,5.09,5.076,5.088,323,-0.02,-0.002,-0.013,USD/lb,Authentic Futures Market Feed (1-Year 60m Candles)
2025-10-08 00:00,2025-10-08,0,Copper,HG=F,5.088,5.098,5.088,5.094,226,0.12,0.006,0.008,USD/lb,Authentic Futures Market Feed (1-Year 60m Candles)
2025-10-08 01:00,2025-10-08,1,Copper,HG=F,5.093,5.109,5.085,5.105,1089,0.22,0.012,0.006,USD/lb,Authentic Futures Market Feed (1-Year 60m Candles)
2025-10-08 02:00,2025-10-08,2,Copper,HG=F,5.107,5.128,5.104,5.122,1438,0.33,0.015,0.003,USD/lb,Authentic Futures Market Feed (1-Year 60m Candles)
2025-10-08 03:00,2025-10-08,3,Copper,HG=F,5.123,5.128,5.112,5.123,1338,0.02,0.0,-0.015,USD/lb,Authentic Futures Market Feed (1-Year 60m Candles)
2025-10-08 04:00,2025-10-08,4,Copper,HG=F,5.122,5.125,5.101,5.113,963,-0.2,-0.009,-0.009,USD/lb,Authentic Futures Market Feed (1-Year 60m Candles)
2025-10-08 05:00,2025-10-08,5,Copper,HG=F,5.111,5.143,5.109,5.142,2211,0.5700000000000001,0.031,0.04,USD/lb,Authentic Futures Market Feed (1-Year 60m Candles)
2025-10-08 06:00,2025-10-08,6,Copper,HG=F,5.142,5.156,5.128,5.13,2827,-0.22999999999999998,-0.012,-0.043,USD/lb,Authentic Futures Market Feed (1-Year 60m Candles)
2025-10-08 07:00,2025-10-08,7,Copper,HG=F,5.131,5.14,5.12,5.136,1497,0.12,0.005,0.017,USD/lb,Authentic Futures Market Feed (1-Year 60m Candles)
2025-10-08 08:00,2025-10-08,8,Copper,HG=F,5.136,5.138,5.08,5.115,3764,-0.41000000000000003,-0.021,-0.026,USD/lb,Authentic Futures Market Feed (1-Year 60m Candles)
2025-10-08 09:00,2025-10-08,9,Copper,HG=F,5.115,5.115,5.082,5.109,3823,-0.12,-0.006,0.015,USD/lb,Authentic Futures Market Feed (1-Year 60m Candles)
2025-10-08 10:00,2025-10-08,10,Copper,HG=F,5.109,5.11,5.07,5.091,4330,-0.35000000000000003,-0.018,-0.012,USD/lb,Authentic Futures Market Feed (1-Year 60m Candles)
2025-10-08 11:00,2025-10-08,11,Copper,HG=F,5.091,5.097,5.067,5.073,4175,-0.35000000000000003,-0.018,0.0,USD/lb,Authentic Futures Market Feed (1-Year 60m Candles)
2025-10-08 12:00,2025-10-08,12,Copper,HG=F,5.073,5.097,5.073,5.095,4815,0.43,0.022,0.04,USD/lb,Authentic Futures Market Feed (1-Year 60m Candles)
2025-10-08 13:00,2025-10-08,13,Copper,HG=F,5.096,5.099,5.088,5.092,1222,-0.06,-0.004,-0.026,USD/lb,Authentic Futures Market Feed (1-Year 60m Candles)
2025-10-08 14:00,2025-10-08,14,Copper,HG=F,5.092,5.102,5.086,5.098,812,0.12,0.006,0.01,USD/lb,Authentic Futures Market Feed (1-Year 60m Candles)
2025-10-08 15:00,2025-10-08,15,Copper,HG=F,5.099,5.103,5.075,5.085,1150,-0.26,-0.014,-0.02,USD/lb,Authentic Futures Market Feed (1-Year 60m Candles)
2025-10-08 16:00,2025-10-08,16,Copper,HG=F,5.085,5.09,5.07,5.082,372,-0.06,-0.003,0.011,USD/lb,Authentic Futures Market Feed (1-Year 60m Candles)
2025-10-08 18:00,2025-10-08,18,Copper,HG=F,5.081,5.081,5.04,5.067,0,-0.3,-0.014,-0.011,USD/lb,Authentic Futures Market Feed (1-Year 60m Candles)
2025-10-08 19:00,2025-10-08,19,Copper,HG=F,5.067,5.069,5.046,5.057,578,-0.2,-0.01,0.004,USD/lb,Authentic Futures Market Feed (1-Year 60m Candles)
2025-10-08 20:00,2025-10-08,20,Copper,HG=F,5.058,5.075,5.044,5.048,1037,-0.18,-0.01,0.0,USD/lb,Authentic Futures Market Feed (1-Year 60m Candles)
2025-10-08 21:00,2025-10-08,21,Copper,HG=F,5.047,5.121,5.042,5.088,5044,0.79,0.041,0.051,USD/lb,Authentic Futures Market Feed (1-Year 60m Candles)
2025-10-08 22:00,2025-10-08,22,Copper,HG=F,5.088,5.12,5.087,5.115,1296,0.53,0.027,-0.014,USD/lb,Authentic Futures Market Feed (1-Year 60m Candles)
2025-10-08 23:00,2025-10-08,23,Copper,HG=F,5.114,5.137,5.114,5.128,1118,0.25,0.014,-0.013,USD/lb,Authentic Futures Market Feed (1-Year 60m Candles)
2025-10-09 00:00,2025-10-09,0,Copper,HG=F,5.128,5.141,5.128,5.14,384,0.22999999999999998,0.012,-0.002,USD/lb,Authentic Futures Market Feed (1-Year 60m Candles)
2025-10-09 01:00,2025-10-09,1,Copper,HG=F,5.14,5.172,5.139,5.159,2014,0.37,0.019,0.007,USD/lb,Authentic Futures Market Feed (1-Year 60m Candles)
2025-10-09 02:00,2025-10-09,2,Copper,HG=F,5.157,5.173,5.142,5.153,2252,-0.12,-0.004,-0.023,USD/lb,Authentic Futures Market Feed (1-Year 60m Candles)
2025-10-09 03:00,2025-10-09,3,Copper,HG=F,5.155,5.184,5.154,5.17,2086,0.33,0.015,0.019,USD/lb,Authentic Futures Market Feed (1-Year 60m Candles)
2025-10-09 04:00,2025-10-09,4,Copper,HG=F,5.171,5.185,5.162,5.181,1354,0.21,0.01,-0.005,USD/lb,Authentic Futures Market Feed (1-Year 60m Candles)
2025-10-09 05:00,2025-10-09,5,Copper,HG=F,5.181,5.187,5.164,5.177,1310,-0.08,-0.004,-0.014,USD/lb,Authentic Futures Market Feed (1-Year 60m Candles)
2025-10-09 06:00,2025-10-09,6,Copper,HG=F,5.177,5.192,5.168,5.174,1800,-0.06,-0.003,0.001,USD/lb,Authentic Futures Market Feed (1-Year 60m Candles)
2025-10-09 07:00,2025-10-09,7,Copper,HG=F,5.173,5.192,5.167,5.181,2218,0.13999999999999999,0.008,0.011,USD/lb,Authentic Futures Market Feed (1-Year 60m Candles)
2025-10-09 08:00,2025-10-09,8,Copper,HG=F,5.181,5.237,5.181,5.228,6199,0.91,0.047,0.039,USD/lb,Authentic Futures Market Feed (1-Year 60m Candles)
2025-10-09 09:00,2025-10-09,9,Copper,HG=F,5.228,5.261,5.163,5.189,11049,-0.75,-0.039,-0.086,USD/lb,Authentic Futures Market Feed (1-Year 60m Candles)
2025-10-09 10:00,2025-10-09,10,Copper,HG=F,5.189,5.189,5.126,5.185,8633,-0.08,-0.004,0.035,USD/lb,Authentic Futures Market Feed (1-Year 60m Candles)
2025-10-09 11:00,2025-10-09,11,Copper,HG=F,5.185,5.187,5.151,5.173,4140,-0.22999999999999998,-0.012,-0.008,USD/lb,Authentic Futures Market Feed (1-Year 60m Candles)
2025-10-09 12:00,2025-10-09,12,Copper,HG=F,5.172,5.186,5.11,5.123,7679,-0.97,-0.049,-0.037,USD/lb,Authentic Futures Market Feed (1-Year 60m Candles)
2025-10-09 13:00,2025-10-09,13,Copper,HG=F,5.123,5.125,5.084,5.118,4476,-0.1,-0.005,0.044,USD/lb,Authentic Futures Market Feed (1-Year 60m Candles)
2025-10-09 14:00,2025-10-09,14,Copper,HG=F,5.118,5.12,5.107,5.11,918,-0.16,-0.008,-0.003,USD/lb,Authentic Futures Market Feed (1-Year 60m Candles)
2025-10-09 15:00,2025-10-09,15,Copper,HG=F,5.109,5.143,5.108,5.141,1034,0.61,0.032,0.04,USD/lb,Authentic Futures Market Feed (1-Year 60m Candles)
2025-10-09 16:00,2025-10-09,16,Copper,HG=F,5.141,5.144,5.136,5.14,0,-0.02,-0.001,-0.033,USD/lb,Authentic Futures Market Feed (1-Year 60m Candles)
2025-10-09 18:00,2025-10-09,18,Copper,HG=F,5.141,5.149,5.137,5.148,150,0.16,0.007,0.008,USD/lb,Authentic Futures Market Feed (1-Year 60m Candles)
2025-10-09 19:00,2025-10-09,19,Copper,HG=F,5.146,5.168,5.146,5.16,435,0.22999999999999998,0.014,0.007,USD/lb,Authentic Futures Market Feed (1-Year 60m Candles)
2025-10-09 20:00,2025-10-09,20,Copper,HG=F,5.16,5.16,5.128,5.136,606,-0.47000000000000003,-0.024,-0.038,USD/lb,Authentic Futures Market Feed (1-Year 60m Candles)
2025-10-09 21:00,2025-10-09,21,Copper,HG=F,5.137,5.143,5.104,5.122,1340,-0.27,-0.015,0.009,USD/lb,Authentic Futures Market Feed (1-Year 60m Candles)
2025-10-09 22:00,2025-10-09,22,Copper,HG=F,5.122,5.139,5.112,5.124,726,0.04,0.002,0.017,USD/lb,Authentic Futures Market Feed (1-Year 60m Candles)
2025-10-09 23:00,2025-10-09,23,Copper,HG=F,5.121,5.122,5.082,5.091,959,-0.64,-0.03,-0.032,USD/lb,Authentic Futures Market Feed (1-Year 60m Candles)
2025-10-10 00:00,2025-10-10,0,Copper,HG=F,5.091,5.093,5.074,5.087,810,-0.08,-0.004,0.026,USD/lb,Authentic Futures Market Feed (1-Year 60m Candles)
2025-10-10 01:00,2025-10-10,1,Copper,HG=F,5.087,5.101,5.077,5.095,604,0.16,0.008,0.012,USD/lb,Authentic Futures Market Feed (1-Year 60m Candles)
2025-10-10 02:00,2025-10-10,2,Copper,HG=F,5.094,5.111,5.083,5.102,1723,0.13999999999999999,0.008,0.0,USD/lb,Authentic Futures Market Feed (1-Year 60m Candles)
2025-10-10 03:00,2025-10-10,3,Copper,HG=F,5.103,5.115,5.075,5.109,1487,0.13999999999999999,0.006,-0.002,USD/lb,Authentic Futures Market Feed (1-Year 60m Candles)
2025-10-10 04:00,2025-10-10,4,Copper,HG=F,5.109,5.15,5.109,5.142,1641,0.65,0.033,0.027,USD/lb,Authentic Futures Market Feed (1-Year 60m Candles)
2025-10-10 05:00,2025-10-10,5,Copper,HG=F,5.142,5.142,5.109,5.112,1461,-0.58,-0.03,-0.063,USD/lb,Authentic Futures Market Feed (1-Year 60m Candles)
2025-10-10 06:00,2025-10-10,6,Copper,HG=F,5.111,5.125,5.102,5.116,1118,0.08,0.005,0.035,USD/lb,Authentic Futures Market Feed (1-Year 60m Candles)
2025-10-10 07:00,2025-10-10,7,Copper,HG=F,5.115,5.128,5.109,5.11,1128,-0.12,-0.005,-0.01,USD/lb,Authentic Futures Market Feed (1-Year 60m Candles)
2025-10-10 08:00,2025-10-10,8,Copper,HG=F,5.111,5.172,5.109,5.156,4451,0.8999999999999999,0.045,0.05,USD/lb,Authentic Futures Market Feed (1-Year 60m Candles)
2025-10-10 09:00,2025-10-10,9,Copper,HG=F,5.157,5.179,5.143,5.158,3741,0.04,0.001,-0.044,USD/lb,Authentic Futures Market Feed (1-Year 60m Candles)
2025-10-10 10:00,2025-10-10,10,Copper,HG=F,5.156,5.166,5.124,5.126,5077,-0.62,-0.03,-0.031,USD/lb,Authentic Futures Market Feed (1-Year 60m Candles)
2025-10-10 11:00,2025-10-10,11,Copper,HG=F,5.126,5.134,4.942,4.962,22063,-3.2,-0.164,-0.134,USD/lb,Authentic Futures Market Feed (1-Year 60m Candles)
2025-10-10 12:00,2025-10-10,12,Copper,HG=F,4.96,4.963,4.868,4.893,17233,-1.39,-0.067,0.097,USD/lb,Authentic Futures Market Feed (1-Year 60m Candles)
2025-10-10 13:00,2025-10-10,13,Copper,HG=F,4.892,4.92,4.864,4.905,4696,0.25,0.013,0.08,USD/lb,Authentic Futures Market Feed (1-Year 60m Candles)
2025-10-10 14:00,2025-10-10,14,Copper,HG=F,4.905,4.926,4.896,4.904,1578,-0.02,-0.001,-0.014,USD/lb,Authentic Futures Market Feed (1-Year 60m Candles)
2025-10-10 15:00,2025-10-10,15,Copper,HG=F,4.904,4.913,4.894,4.903,1266,-0.02,-0.001,0.0,USD/lb,Authentic Futures Market Feed (1-Year 60m Candles)
2025-10-10 16:00,2025-10-10,16,Copper,HG=F,4.902,4.913,4.822,4.894,2257,-0.18,-0.008,-0.007,USD/lb,Authentic Futures Market Feed (1-Year 60m Candles)
2025-10-12 18:00,2025-10-12,18,Copper,HG=F,4.923,5.043,4.894,4.992,4021,2.0,0.069,0.077,USD/lb,Authentic Futures Market Feed (1-Year 60m Candles)
2025-10-12 19:00,2025-10-12,19,Copper,HG=F,4.994,5.015,4.979,4.985,1139,-0.13999999999999999,-0.009,-0.078,USD/lb,Authentic Futures Market Feed (1-Year 60m Candles)
2025-10-12 20:00,2025-10-12,20,Copper,HG=F,4.985,5.091,4.977,5.07,5748,1.71,0.085,0.094,USD/lb,Authentic Futures Market Feed (1-Year 60m Candles)
2025-10-12 21:00,2025-10-12,21,Copper,HG=F,5.07,5.089,5.05,5.076,3173,0.12,0.006,-0.079,USD/lb,Authentic Futures Market Feed (1-Year 60m Candles)
2025-10-12 22:00,2025-10-12,22,Copper,HG=F,5.076,5.076,5.047,5.047,866,-0.5700000000000001,-0.029,-0.035,USD/lb,Authentic Futures Market Feed (1-Year 60m Candles)
2025-10-12 23:00,2025-10-12,23,Copper,HG=F,5.046,5.05,4.96,4.973,3208,-1.47,-0.073,-0.044,USD/lb,Authentic Futures Market Feed (1-Year 60m Candles)
2025-10-13 00:00,2025-10-13,0,Copper,HG=F,4.983,4.998,4.974,4.996,1103,0.45999999999999996,0.013,0.086,USD/lb,Authentic Futures Market Feed (1-Year 60m Candles)
2025-10-13 01:00,2025-10-13,1,Copper,HG=F,4.996,5.016,4.984,4.998,1113,0.04,0.002,-0.011,USD/lb,Authentic Futures Market Feed (1-Year 60m Candles)
2025-10-13 02:00,2025-10-13,2,Copper,HG=F,4.997,5.017,4.975,5.015,2340,0.33999999999999997,0.018,0.016,USD/lb,Authentic Futures Market Feed (1-Year 60m Candles)
2025-10-13 03:00,2025-10-13,3,Copper,HG=F,5.015,5.027,4.992,5.014,2133,-0.02,-0.001,-0.019,USD/lb,Authentic Futures Market Feed (1-Year 60m Candles)
2025-10-13 04:00,2025-10-13,4,Copper,HG=F,5.013,5.025,4.99,5.016,1269,0.04,0.003,0.004,USD/lb,Authentic Futures Market Feed (1-Year 60m Candles)
2025-10-13 05:00,2025-10-13,5,Copper,HG=F,5.016,5.04,5.013,5.032,992,0.32,0.016,0.013,USD/lb,Authentic Futures Market Feed (1-Year 60m Candles)
2025-10-13 06:00,2025-10-13,6,Copper,HG=F,5.032,5.062,5.023,5.031,1570,-0.02,-0.001,-0.017,USD/lb,Authentic Futures Market Feed (1-Year 60m Candles)
2025-10-13 07:00,2025-10-13,7,Copper,HG=F,5.031,5.049,5.01,5.012,2244,-0.38,-0.019,-0.018,USD/lb,Authentic Futures Market Feed (1-Year 60m Candles)
2025-10-13 08:00,2025-10-13,8,Copper,HG=F,5.014,5.085,5.001,5.071,4613,1.18,0.057,0.076,USD/lb,Authentic Futures Market Feed (1-Year 60m Candles)
2025-10-13 09:00,2025-10-13,9,Copper,HG=F,5.071,5.165,5.062,5.16,13591,1.76,0.089,0.032,USD/lb,Authentic Futures Market Feed (1-Year 60m Candles)
2025-10-13 10:00,2025-10-13,10,Copper,HG=F,5.161,5.18,5.126,5.155,7087,-0.1,-0.006,-0.095,USD/lb,Authentic Futures Market Feed (1-Year 60m Candles)
2025-10-13 11:00,2025-10-13,11,Copper,HG=F,5.155,5.173,5.145,5.165,3877,0.19,0.01,0.016,USD/lb,Authentic Futures Market Feed (1-Year 60m Candles)
2025-10-13 12:00,2025-10-13,12,Copper,HG=F,5.163,5.174,5.135,5.148,5677,-0.33,-0.015,-0.025,USD/lb,Authentic Futures Market Feed (1-Year 60m Candles)
2025-10-13 13:00,2025-10-13,13,Copper,HG=F,5.147,5.149,5.121,5.13,1384,-0.35000000000000003,-0.017,-0.002,USD/lb,Authentic Futures Market Feed (1-Year 60m Candles)
2025-10-13 14:00,2025-10-13,14,Copper,HG=F,5.131,5.144,5.124,5.126,635,-0.08,-0.005,0.012,USD/lb,Authentic Futures Market Feed (1-Year 60m Candles)
2025-10-13 15:00,2025-10-13,15,Copper,HG=F,5.126,5.135,5.114,5.129,741,0.06,0.003,0.008,USD/lb,Authentic Futures Market Feed (1-Year 60m Candles)
2025-10-13 16:00,2025-10-13,16,Copper,HG=F,5.128,5.135,5.125,5.13,370,0.02,0.002,-0.001,USD/lb,Authentic Futures Market Feed (1-Year 60m Candles)
2025-10-13 18:00,2025-10-13,18,Copper,HG=F,5.133,5.161,5.127,5.147,0,0.33,0.014,0.012,USD/lb,Authentic Futures Market Feed (1-Year 60m Candles)
2025-10-13 19:00,2025-10-13,19,Copper,HG=F,5.148,5.178,5.144,5.161,759,0.27,0.013,-0.001,USD/lb,Authentic Futures Market Feed (1-Year 60m Candles)
2025-10-13 20:00,2025-10-13,20,Copper,HG=F,5.161,5.168,5.136,5.142,764,-0.37,-0.019,-0.032,USD/lb,Authentic Futures Market Feed (1-Year 60m Candles)
2025-10-13 21:00,2025-10-13,21,Copper,HG=F,5.142,5.157,5.114,5.122,1361,-0.38999999999999996,-0.02,-0.001,USD/lb,Authentic Futures Market Feed (1-Year 60m Candles)
2025-10-13 22:00,2025-10-13,22,Copper,HG=F,5.122,5.131,5.102,5.113,803,-0.18,-0.009,0.011,USD/lb,Authentic Futures Market Feed (1-Year 60m Candles)
2025-10-13 23:00,2025-10-13,23,Copper,HG=F,5.109,5.144,5.098,5.139,867,0.51,0.03,0.039,USD/lb,Authentic Futures Market Feed (1-Year 60m Candles)
2025-10-14 00:00,2025-10-14,0,Copper,HG=F,5.137,5.141,5.073,5.101,1634,-0.74,-0.036,-0.066,USD/lb,Authentic Futures Market Feed (1-Year 60m Candles)
2025-10-14 01:00,2025-10-14,1,Copper,HG=F,5.1,5.109,5.01,5.021,2797,-1.5699999999999998,-0.079,-0.043,USD/lb,Authentic Futures Market Feed (1-Year 60m Candles)
2025-10-14 02:00,2025-10-14,2,Copper,HG=F,5.018,5.032,4.943,4.962,8972,-1.18,-0.056,0.023,USD/lb,Authentic Futures Market Feed (1-Year 60m Candles)
2025-10-14 03:00,2025-10-14,3,Copper,HG=F,4.962,4.978,4.931,4.975,7006,0.26,0.013,0.069,USD/lb,Authentic Futures Market Feed (1-Year 60m Candles)
2025-10-14 04:00,2025-10-14,4,Copper,HG=F,4.974,5.008,4.967,4.992,2770,0.33999999999999997,0.018,0.005,USD/lb,Authentic Futures Market Feed (1-Year 60m Candles)
2025-10-14 05:00,2025-10-14,5,Copper,HG=F,4.991,5.008,4.965,4.976,1429,-0.32,-0.015,-0.033,USD/lb,Authentic Futures Market Feed (1-Year 60m Candles)
2025-10-14 06:00,2025-10-14,6,Copper,HG=F,4.975,4.986,4.944,4.975,2309,-0.02,0.0,0.015,USD/lb,Authentic Futures Market Feed (1-Year 60m Candles)
2025-10-14 07:00,2025-10-14,7,Copper,HG=F,4.972,5.018,4.966,4.984,2492,0.18,0.012,0.012,USD/lb,Authentic Futures Market Feed (1-Year 60m Candles)
2025-10-14 08:00,2025-10-14,8,Copper,HG=F,4.983,4.983,4.935,4.946,4197,-0.76,-0.037,-0.049,USD/lb,Authentic Futures Market Feed (1-Year 60m Candles)
2025-10-14 09:00,2025-10-14,9,Copper,HG=F,4.947,4.998,4.941,4.986,5430,0.8099999999999999,0.039,0.076,USD/lb,Authentic Futures Market Feed (1-Year 60m Candles)
2025-10-14 10:00,2025-10-14,10,Copper,HG=F,4.985,5.018,4.976,4.997,4935,0.22,0.012,-0.027,USD/lb,Authentic Futures Market Feed (1-Year 60m Candles)
2025-10-14 11:00,2025-10-14,11,Copper,HG=F,4.996,5.015,4.985,5.01,3625,0.26,0.014,0.002,USD/lb,Authentic Futures Market Feed (1-Year 60m Candles)
2025-10-14 12:00,2025-10-14,12,Copper,HG=F,5.01,5.036,5.003,5.019,5367,0.18,0.009,-0.005,USD/lb,Authentic Futures Market Feed (1-Year 60m Candles)
2025-10-14 13:00,2025-10-14,13,Copper,HG=F,5.019,5.032,5.011,5.016,1855,-0.06,-0.003,-0.012,USD/lb,Authentic Futures Market Feed (1-Year 60m Candles)
2025-10-14 14:00,2025-10-14,14,Copper,HG=F,5.016,5.026,5.016,5.021,442,0.1,0.005,0.008,USD/lb,Authentic Futures Market Feed (1-Year 60m Candles)
2025-10-14 15:00,2025-10-14,15,Copper,HG=F,5.022,5.025,4.97,4.996,1436,-0.5,-0.026,-0.031,USD/lb,Authentic Futures Market Feed (1-Year 60m Candles)
2025-10-14 16:00,2025-10-14,16,Copper,HG=F,4.997,5.003,4.99,4.998,0,0.04,0.001,0.027,USD/lb,Authentic Futures Market Feed (1-Year 60m Candles)
2025-10-14 18:00,2025-10-14,18,Copper,HG=F,5.01,5.017,4.991,5.01,357,0.24,0.0,-0.001,USD/lb,Authentic Futures Market Feed (1-Year 60m Candles)
2025-10-14 19:00,2025-10-14,19,Copper,HG=F,5.01,5.022,5.006,5.012,301,0.04,0.002,0.002,USD/lb,Authentic Futures Market Feed (1-Year 60m Candles)
2025-10-14 20:00,2025-10-14,20,Copper,HG=F,5.012,5.022,5.001,5.013,526,0.02,0.001,-0.001,USD/lb,Authentic Futures Market Feed (1-Year 60m Candles)
2025-10-14 21:00,2025-10-14,21,Copper,HG=F,5.012,5.032,5.002,5.02,1250,0.13999999999999999,0.008,0.007,USD/lb,Authentic Futures Market Feed (1-Year 60m Candles)
2025-10-14 22:00,2025-10-14,22,Copper,HG=F,5.023,5.054,5.005,5.01,1076,-0.2,-0.013,-0.021,USD/lb,Authentic Futures Market Feed (1-Year 60m Candles)
2025-10-14 23:00,2025-10-14,23,Copper,HG=F,5.012,5.028,5.011,5.014,298,0.08,0.002,0.015,USD/lb,Authentic Futures Market Feed (1-Year 60m Candles)
2025-10-15 00:00,2025-10-15,0,Copper,HG=F,5.013,5.03,5.009,5.028,262,0.27999999999999997,0.015,0.013,USD/lb,Authentic Futures Market Feed (1-Year 60m Candles)
2025-10-15 01:00,2025-10-15,1,Copper,HG=F,5.027,5.052,5.026,5.049,910,0.42,0.022,0.007,USD/lb,Authentic Futures Market Feed (1-Year 60m Candles)
2025-10-15 02:00,2025-10-15,2,Copper,HG=F,5.047,5.078,5.043,5.074,1141,0.5,0.027,0.005,USD/lb,Authentic Futures Market Feed (1-Year 60m Candles)
2025-10-15 03:00,2025-10-15,3,Copper,HG=F,5.075,5.082,5.038,5.043,1289,-0.61,-0.032,-0.059,USD/lb,Authentic Futures Market Feed (1-Year 60m Candles)
2025-10-15 04:00,2025-10-15,4,Copper,HG=F,5.043,5.049,5.029,5.03,1232,-0.26,-0.013,0.019,USD/lb,Authentic Futures Market Feed (1-Year 60m Candles)
2025-10-15 05:00,2025-10-15,5,Copper,HG=F,5.03,5.055,5.024,5.04,1219,0.2,0.01,0.023,USD/lb,Authentic Futures Market Feed (1-Year 60m Candles)
2025-10-15 06:00,2025-10-15,6,Copper,HG=F,5.04,5.058,5.04,5.054,1130,0.27999999999999997,0.014,0.004,USD/lb,Authentic Futures Market Feed (1-Year 60m Candles)
2025-10-15 07:00,2025-10-15,7,Copper,HG=F,5.055,5.061,5.038,5.046,1398,-0.16,-0.009,-0.023,USD/lb,Authentic Futures Market Feed (1-Year 60m Candles)
2025-10-15 08:00,2025-10-15,8,Copper,HG=F,5.047,5.05,5.016,5.03,2922,-0.32,-0.017,-0.008,USD/lb,Authentic Futures Market Feed (1-Year 60m Candles)
2025-10-15 09:00,2025-10-15,9,Copper,HG=F,5.03,5.036,4.996,5.017,5280,-0.26,-0.013,0.004,USD/lb,Authentic Futures Market Feed (1-Year 60m Candles)
2025-10-15 10:00,2025-10-15,10,Copper,HG=F,5.018,5.033,5.01,5.014,2831,-0.06,-0.004,0.009,USD/lb,Authentic Futures Market Feed (1-Year 60m Candles)
2025-10-15 11:00,2025-10-15,11,Copper,HG=F,5.015,5.025,4.999,5.005,3576,-0.18,-0.01,-0.006,USD/lb,Authentic Futures Market Feed (1-Year 60m Candles)
2025-10-15 12:00,2025-10-15,12,Copper,HG=F,5.006,5.018,5.0,5.015,2989,0.2,0.009,0.019,USD/lb,Authentic Futures Market Feed (1-Year 60m Candles)
2025-10-15 13:00,2025-10-15,13,Copper,HG=F,5.015,5.015,4.945,4.982,4668,-0.66,-0.033,-0.042,USD/lb,Authentic Futures Market Feed (1-Year 60m Candles)
2025-10-15 14:00,2025-10-15,14,Copper,HG=F,4.981,4.992,4.963,4.986,1252,0.08,0.005,0.038,USD/lb,Authentic Futures Market Feed (1-Year 60m Candles)
2025-10-15 15:00,2025-10-15,15,Copper,HG=F,4.985,4.992,4.972,4.98,763,-0.12,-0.005,-0.01,USD/lb,Authentic Futures Market Feed (1-Year 60m Candles)
2025-10-15 16:00,2025-10-15,16,Copper,HG=F,4.98,4.985,4.971,4.972,445,-0.16,-0.008,-0.003,USD/lb,Authentic Futures Market Feed (1-Year 60m Candles)
2025-10-15 18:00,2025-10-15,18,Copper,HG=F,4.977,4.984,4.969,4.973,0,0.02,-0.004,0.004,USD/lb,Authentic Futures Market Feed (1-Year 60m Candles)
2025-10-15 19:00,2025-10-15,19,Copper,HG=F,4.972,4.973,4.959,4.966,335,-0.13999999999999999,-0.006,-0.002,USD/lb,Authentic Futures Market Feed (1-Year 60m Candles)
2025-10-15 20:00,2025-10-15,20,Copper,HG=F,4.968,4.977,4.963,4.967,1386,0.02,-0.001,0.005,USD/lb,Authentic Futures Market Feed (1-Year 60m Candles)
2025-10-15 21:00,2025-10-15,21,Copper,HG=F,4.968,4.994,4.968,4.982,1392,0.3,0.014,0.015,USD/lb,Authentic Futures Market Feed (1-Year 60m Candles)
2025-10-15 22:00,2025-10-15,22,Copper,HG=F,4.982,5.003,4.981,5.001,483,0.38,0.019,0.005,USD/lb,Authentic Futures Market Feed (1-Year 60m Candles)
2025-10-15 23:00,2025-10-15,23,Copper,HG=F,5.002,5.002,4.97,4.977,678,-0.48,-0.025,-0.044,USD/lb,Authentic Futures Market Feed (1-Year 60m Candles)
2025-10-16 00:00,2025-10-16,0,Copper,HG=F,4.976,4.983,4.965,4.971,310,-0.12,-0.005,0.02,USD/lb,Authentic Futures Market Feed (1-Year 60m Candles)
2025-10-16 01:00,2025-10-16,1,Copper,HG=F,4.971,4.972,4.938,4.961,1231,-0.2,-0.01,-0.005,USD/lb,Authentic Futures Market Feed (1-Year 60m Candles)
2025-10-16 02:00,2025-10-16,2,Copper,HG=F,4.958,4.996,4.958,4.996,1668,0.7100000000000001,0.038,0.048,USD/lb,Authentic Futures Market Feed (1-Year 60m Candles)
2025-10-16 03:00,2025-10-16,3,Copper,HG=F,4.996,5.006,4.981,5.001,1613,0.1,0.005,-0.033,USD/lb,Authentic Futures Market Feed (1-Year 60m Candles)
2025-10-16 04:00,2025-10-16,4,Copper,HG=F,5.001,5.003,4.961,4.966,1646,-0.7000000000000001,-0.035,-0.04,USD/lb,Authentic Futures Market Feed (1-Year 60m Candles)
2025-10-16 05:00,2025-10-16,5,Copper,HG=F,4.967,4.975,4.945,4.962,979,-0.08,-0.005,0.03,USD/lb,Authentic Futures Market Feed (1-Year 60m Candles)
2025-10-16 06:00,2025-10-16,6,Copper,HG=F,4.961,4.973,4.955,4.97,691,0.16,0.009,0.014,USD/lb,Authentic Futures Market Feed (1-Year 60m Candles)
2025-10-16 07:00,2025-10-16,7,Copper,HG=F,4.97,4.974,4.931,4.935,2641,-0.7000000000000001,-0.035,-0.044,USD/lb,Authentic Futures Market Feed (1-Year 60m Candles)
2025-10-16 08:00,2025-10-16,8,Copper,HG=F,4.935,4.959,4.931,4.955,2766,0.41000000000000003,0.02,0.055,USD/lb,Authentic Futures Market Feed (1-Year 60m Candles)
2025-10-16 09:00,2025-10-16,9,Copper,HG=F,4.956,4.978,4.953,4.97,3066,0.3,0.014,-0.006,USD/lb,Authentic Futures Market Feed (1-Year 60m Candles)
2025-10-16 10:00,2025-10-16,10,Copper,HG=F,4.969,5.001,4.966,4.998,4161,0.5599999999999999,0.029,0.015,USD/lb,Authentic Futures Market Feed (1-Year 60m Candles)
2025-10-16 11:00,2025-10-16,11,Copper,HG=F,4.998,5.016,4.992,4.998,4176,0.0,0.0,-0.029,USD/lb,Authentic Futures Market Feed (1-Year 60m Candles)
2025-10-16 12:00,2025-10-16,12,Copper,HG=F,4.997,5.015,4.966,5.0,5209,0.04,0.003,0.003,USD/lb,Authentic Futures Market Feed (1-Year 60m Candles)
2025-10-16 13:00,2025-10-16,13,Copper,HG=F,5.0,5.01,4.989,4.992,1645,-0.16,-0.008,-0.011,USD/lb,Authentic Futures Market Feed (1-Year 60m Candles)
2025-10-16 14:00,2025-10-16,14,Copper,HG=F,4.995,4.995,4.959,4.972,1581,-0.4,-0.023,-0.015,USD/lb,Authentic Futures Market Feed (1-Year 60m Candles)
2025-10-16 15:00,2025-10-16,15,Copper,HG=F,4.972,4.998,4.966,4.989,788,0.33999999999999997,0.017,0.04,USD/lb,Authentic Futures Market Feed (1-Year 60m Candles)
2025-10-16 16:00,2025-10-16,16,Copper,HG=F,4.989,4.996,4.984,4.984,0,-0.1,-0.005,-0.022,USD/lb,Authentic Futures Market Feed (1-Year 60m Candles)
2025-10-16 18:00,2025-10-16,18,Copper,HG=F,4.988,4.998,4.971,4.973,497,-0.22,-0.015,-0.01,USD/lb,Authentic Futures Market Feed (1-Year 60m Candles)
2025-10-16 19:00,2025-10-16,19,Copper,HG=F,4.973,4.989,4.972,4.981,195,0.16,0.008,0.023,USD/lb,Authentic Futures Market Feed (1-Year 60m Candles)
2025-10-16 20:00,2025-10-16,20,Copper,HG=F,4.981,5.024,4.977,5.009,878,0.5599999999999999,0.028,0.02,USD/lb,Authentic Futures Market Feed (1-Year 60m Candles)
2025-10-16 21:00,2025-10-16,21,Copper,HG=F,5.008,5.013,4.948,4.962,1469,-0.9400000000000001,-0.046,-0.074,USD/lb,Authentic Futures Market Feed (1-Year 60m Candles)
2025-10-16 22:00,2025-10-16,22,Copper,HG=F,4.958,4.966,4.95,4.96,674,-0.04,0.002,0.048,USD/lb,Authentic Futures Market Feed (1-Year 60m Candles)
2025-10-16 23:00,2025-10-16,23,Copper,HG=F,4.961,4.97,4.955,4.96,277,0.0,-0.001,-0.003,USD/lb,Authentic Futures Market Feed (1-Year 60m Candles)
2025-10-17 00:00,2025-10-17,0,Copper,HG=F,4.962,4.964,4.955,4.958,192,-0.04,-0.004,-0.003,USD/lb,Authentic Futures Market Feed (1-Year 60m Candles)
2025-10-17 01:00,2025-10-17,1,Copper,HG=F,4.957,4.975,4.946,4.961,677,0.06,0.004,0.008,USD/lb,Authentic Futures Market Feed (1-Year 60m Candles)
2025-10-17 02:00,2025-10-17,2,Copper,HG=F,4.962,4.973,4.939,4.953,1379,-0.16,-0.009,-0.013,USD/lb,Authentic Futures Market Feed (1-Year 60m Candles)
2025-10-17 03:00,2025-10-17,3,Copper,HG=F,4.952,4.958,4.93,4.953,2061,0.0,0.001,0.01,USD/lb,Authentic Futures Market Feed (1-Year 60m Candles)
2025-10-17 04:00,2025-10-17,4,Copper,HG=F,4.955,4.964,4.884,4.907,4007,-0.9299999999999999,-0.048,-0.049,USD/lb,Authentic Futures Market Feed (1-Year 60m Candles)
2025-10-17 05:00,2025-10-17,5,Copper,HG=F,4.906,4.918,4.898,4.911,1429,0.08,0.005,0.053,USD/lb,Authentic Futures Market Feed (1-Year 60m Candles)
2025-10-17 06:00,2025-10-17,6,Copper,HG=F,4.911,4.936,4.91,4.918,1449,0.13999999999999999,0.007,0.002,USD/lb,Authentic Futures Market Feed (1-Year 60m Candles)
2025-10-17 07:00,2025-10-17,7,Copper,HG=F,4.92,5.021,4.917,4.964,5547,0.9400000000000001,0.044,0.037,USD/lb,Authentic Futures Market Feed (1-Year 60m Candles)
2025-10-17 08:00,2025-10-17,8,Copper,HG=F,4.963,4.979,4.931,4.954,3391,-0.2,-0.009,-0.053,USD/lb,Authentic Futures Market Feed (1-Year 60m Candles)
2025-10-17 09:00,2025-10-17,9,Copper,HG=F,4.952,4.985,4.948,4.953,3691,-0.02,0.001,0.01,USD/lb,Authentic Futures Market Feed (1-Year 60m Candles)
2025-10-17 10:00,2025-10-17,10,Copper,HG=F,4.951,4.979,4.934,4.966,3559,0.26,0.015,0.014,USD/lb,Authentic Futures Market Feed (1-Year 60m Candles)
2025-10-17 11:00,2025-10-17,11,Copper,HG=F,4.968,4.985,4.948,4.973,2962,0.13999999999999999,0.005,-0.01,USD/lb,Authentic Futures Market Feed (1-Year 60m Candles)
2025-10-17 12:00,2025-10-17,12,Copper,HG=F,4.975,4.98,4.961,4.97,2597,-0.06,-0.005,-0.01,USD/lb,Authentic Futures Market Feed (1-Year 60m Candles)
2025-10-17 13:00,2025-10-17,13,Copper,HG=F,4.97,4.989,4.958,4.986,2027,0.32,0.016,0.021,USD/lb,Authentic Futures Market Feed (1-Year 60m Candles)
2025-10-17 14:00,2025-10-17,14,Copper,HG=F,4.986,5.001,4.984,4.992,895,0.12,0.006,-0.01,USD/lb,Authentic Futures Market Feed (1-Year 60m Candles)
2025-10-17 15:00,2025-10-17,15,Copper,HG=F,4.991,4.995,4.988,4.994,525,0.04,0.003,-0.003,USD/lb,Authentic Futures Market Feed (1-Year 60m Candles)
2025-10-17 16:00,2025-10-17,16,Copper,HG=F,4.994,4.999,4.97,4.97,479,-0.48,-0.024,-0.027,USD/lb,Authentic Futures Market Feed (1-Year 60m Candles)
2025-10-19 18:00,2025-10-19,18,Copper,HG=F,4.989,5.016,4.97,4.999,475,0.58,0.01,0.034,USD/lb,Authentic Futures Market Feed (1-Year 60m Candles)
2025-10-19 19:00,2025-10-19,19,Copper,HG=F,5.002,5.002,4.982,4.986,163,-0.26,-0.016,-0.026,USD/lb,Authentic Futures Market Feed (1-Year 60m Candles)
2025-10-19 20:00,2025-10-19,20,Copper,HG=F,4.986,4.995,4.971,4.992,541,0.12,0.006,0.022,USD/lb,Authentic Futures Market Feed (1-Year 60m Candles)
2025-10-19 21:00,2025-10-19,21,Copper,HG=F,4.992,5.019,4.978,4.999,1045,0.13999999999999999,0.007,0.001,USD/lb,Authentic Futures Market Feed (1-Year 60m Candles)
2025-10-19 22:00,2025-10-19,22,Copper,HG=F,5.003,5.076,4.999,5.058,2886,1.18,0.055,0.048,USD/lb,Authentic Futures Market Feed (1-Year 60m Candles)
2025-10-19 23:00,2025-10-19,23,Copper,HG=F,5.059,5.063,5.045,5.061,1103,0.06,0.002,-0.053,USD/lb,Authentic Futures Market Feed (1-Year 60m Candles)
2025-10-20 00:00,2025-10-20,0,Copper,HG=F,5.061,5.064,5.048,5.053,365,-0.16,-0.008,-0.01,USD/lb,Authentic Futures Market Feed (1-Year 60m Candles)
2025-10-20 01:00,2025-10-20,1,Copper,HG=F,5.052,5.052,5.024,5.028,715,-0.49,-0.024,-0.016,USD/lb,Authentic Futures Market Feed (1-Year 60m Candles)
2025-10-20 02:00,2025-10-20,2,Copper,HG=F,5.028,5.034,5.01,5.018,976,-0.2,-0.01,0.014,USD/lb,Authentic Futures Market Feed (1-Year 60m Candles)
2025-10-20 03:00,2025-10-20,3,Copper,HG=F,5.019,5.03,5.004,5.017,970,-0.02,-0.002,0.008,USD/lb,Authentic Futures Market Feed (1-Year 60m Candles)
2025-10-20 04:00,2025-10-20,4,Copper,HG=F,5.017,5.025,4.991,4.997,1207,-0.4,-0.02,-0.018,USD/lb,Authentic Futures Market Feed (1-Year 60m Candles)
2025-10-20 05:00,2025-10-20,5,Copper,HG=F,4.997,5.003,4.989,4.99,782,-0.13999999999999999,-0.007,0.013,USD/lb,Authentic Futures Market Feed (1-Year 60m Candles)
2025-10-20 06:00,2025-10-20,6,Copper,HG=F,4.99,4.993,4.972,4.978,857,-0.24,-0.012,-0.005,USD/lb,Authentic Futures Market Feed (1-Year 60m Candles)
2025-10-20 07:00,2025-10-20,7,Copper,HG=F,4.977,4.997,4.975,4.995,1291,0.33999999999999997,0.018,0.03,USD/lb,Authentic Futures Market Feed (1-Year 60m Candles)
2025-10-20 08:00,2025-10-20,8,Copper,HG=F,4.996,5.009,4.982,5.004,2316,0.18,0.008,-0.01,USD/lb,Authentic Futures Market Feed (1-Year 60m Candles)
2025-10-20 09:00,2025-10-20,9,Copper,HG=F,5.004,5.02,5.001,5.003,3527,-0.02,-0.001,-0.009,USD/lb,Authentic Futures Market Feed (1-Year 60m Candles)
2025-10-20 10:00,2025-10-20,10,Copper,HG=F,5.003,5.034,4.997,5.03,2894,0.54,0.027,0.028,USD/lb,Authentic Futures Market Feed (1-Year 60m Candles)
2025-10-20 11:00,2025-10-20,11,Copper,HG=F,5.032,5.036,5.012,5.012,2438,-0.36,-0.02,-0.047,USD/lb,Authentic Futures Market Feed (1-Year 60m Candles)
2025-10-20 12:00,2025-10-20,12,Copper,HG=F,5.013,5.045,5.007,5.034,3680,0.44,0.021,0.041,USD/lb,Authentic Futures Market Feed (1-Year 60m Candles)
2025-10-20 13:00,2025-10-20,13,Copper,HG=F,5.034,5.05,5.034,5.044,1224,0.2,0.01,-0.011,USD/lb,Authentic Futures Market Feed (1-Year 60m Candles)
2025-10-20 14:00,2025-10-20,14,Copper,HG=F,5.044,5.058,5.043,5.048,1060,0.08,0.004,-0.006,USD/lb,Authentic Futures Market Feed (1-Year 60m Candles)
2025-10-20 15:00,2025-10-20,15,Copper,HG=F,5.049,5.06,5.045,5.058,505,0.2,0.009,0.005,USD/lb,Authentic Futures Market Feed (1-Year 60m Candles)
2025-10-20 16:00,2025-10-20,16,Copper,HG=F,5.057,5.061,5.042,5.049,0,-0.18,-0.008,-0.017,USD/lb,Authentic Futures Market Feed (1-Year 60m Candles)
2025-10-20 18:00,2025-10-20,18,Copper,HG=F,5.05,5.072,5.048,5.056,310,0.13999999999999999,0.006,0.014,USD/lb,Authentic Futures Market Feed (1-Year 60m Candles)
2025-10-20 19:00,2025-10-20,19,Copper,HG=F,5.054,5.06,5.05,5.055,142,-0.02,0.001,-0.005,USD/lb,Authentic Futures Market Feed (1-Year 60m Candles)
2025-10-20 20:00,2025-10-20,20,Copper,HG=F,5.054,5.061,5.051,5.055,359,0.0,0.001,0.0,USD/lb,Authentic Futures Market Feed (1-Year 60m Candles)
2025-10-20 21:00,2025-10-20,21,Copper,HG=F,5.055,5.056,5.036,5.056,703,0.02,0.001,0.0,USD/lb,Authentic Futures Market Feed (1-Year 60m Candles)
2025-10-20 22:00,2025-10-20,22,Copper,HG=F,5.056,5.062,5.044,5.046,355,-0.2,-0.01,-0.011,USD/lb,Authentic Futures Market Feed (1-Year 60m Candles)
2025-10-20 23:00,2025-10-20,23,Copper,HG=F,5.047,5.054,5.045,5.048,228,0.04,0.001,0.011,USD/lb,Authentic Futures Market Feed (1-Year 60m Candles)
2025-10-21 00:00,2025-10-21,0,Copper,HG=F,5.048,5.048,5.036,5.041,139,-0.13999999999999999,-0.007,-0.008,USD/lb,Authentic Futures Market Feed (1-Year 60m Candles)
2025-10-21 01:00,2025-10-21,1,Copper,HG=F,5.043,5.043,4.995,4.999,1614,-0.83,-0.044,-0.037,USD/lb,Authentic Futures Market Feed (1-Year 60m Candles)
2025-10-21 02:00,2025-10-21,2,Copper,HG=F,4.999,5.014,4.994,5.007,1688,0.16,0.008,0.052,USD/lb,Authentic Futures Market Feed (1-Year 60m Candles)
2025-10-21 03:00,2025-10-21,3,Copper,HG=F,5.007,5.01,4.976,4.986,2017,-0.42,-0.021,-0.029,USD/lb,Authentic Futures Market Feed (1-Year 60m Candles)
2025-10-21 04:00,2025-10-21,4,Copper,HG=F,4.985,4.988,4.949,4.979,2690,-0.13999999999999999,-0.006,0.015,USD/lb,Authentic Futures Market Feed (1-Year 60m Candles)
2025-10-21 05:00,2025-10-21,5,Copper,HG=F,4.979,4.998,4.971,4.994,805,0.3,0.015,0.021,USD/lb,Authentic Futures Market Feed (1-Year 60m Candles)
2025-10-21 06:00,2025-10-21,6,Copper,HG=F,4.995,4.997,4.981,4.985,490,-0.18,-0.01,-0.025,USD/lb,Authentic Futures Market Feed (1-Year 60m Candles)
2025-10-21 07:00,2025-10-21,7,Copper,HG=F,4.985,4.992,4.973,4.992,912,0.13999999999999999,0.007,0.017,USD/lb,Authentic Futures Market Feed (1-Year 60m Candles)
2025-10-21 08:00,2025-10-21,8,Copper,HG=F,4.991,5.002,4.983,4.997,2359,0.1,0.006,-0.001,USD/lb,Authentic Futures Market Feed (1-Year 60m Candles)
2025-10-21 09:00,2025-10-21,9,Copper,HG=F,4.997,5.0,4.943,4.952,5275,-0.8999999999999999,-0.045,-0.051,USD/lb,Authentic Futures Market Feed (1-Year 60m Candles)
2025-10-21 10:00,2025-10-21,10,Copper,HG=F,4.951,4.975,4.915,4.973,5336,0.42,0.022,0.067,USD/lb,Authentic Futures Market Feed (1-Year 60m Candles)
2025-10-21 11:00,2025-10-21,11,Copper,HG=F,4.975,4.99,4.962,4.986,3667,0.26,0.011,-0.011,USD/lb,Authentic Futures Market Feed (1-Year 60m Candles)
2025-10-21 12:00,2025-10-21,12,Copper,HG=F,4.984,4.988,4.961,4.968,4530,-0.36,-0.016,-0.027,USD/lb,Authentic Futures Market Feed (1-Year 60m Candles)
2025-10-21 13:00,2025-10-21,13,Copper,HG=F,4.968,4.97,4.95,4.962,1049,-0.12,-0.006,0.01,USD/lb,Authentic Futures Market Feed (1-Year 60m Candles)
2025-10-21 14:00,2025-10-21,14,Copper,HG=F,4.963,4.968,4.953,4.959,423,-0.06,-0.004,0.002,USD/lb,Authentic Futures Market Feed (1-Year 60m Candles)
2025-10-21 15:00,2025-10-21,15,Copper,HG=F,4.959,4.96,4.944,4.945,480,-0.27999999999999997,-0.014,-0.01,USD/lb,Authentic Futures Market Feed (1-Year 60m Candles)
2025-10-21 16:00,2025-10-21,16,Copper,HG=F,4.945,4.957,4.943,4.952,453,0.13999999999999999,0.007,0.021,USD/lb,Authentic Futures Market Feed (1-Year 60m Candles)
2025-10-21 18:00,2025-10-21,18,Copper,HG=F,4.956,4.956,4.943,4.951,0,-0.02,-0.005,-0.012,USD/lb,Authentic Futures Market Feed (1-Year 60m Candles)
2025-10-21 19:00,2025-10-21,19,Copper,HG=F,4.95,4.952,4.932,4.936,214,-0.3,-0.014,-0.009,USD/lb,Authentic Futures Market Feed (1-Year 60m Candles)
2025-10-21 20:00,2025-10-21,20,Copper,HG=F,4.937,4.944,4.916,4.939,1853,0.06,0.002,0.016,USD/lb,Authentic Futures Market Feed (1-Year 60m Candles)
2025-10-21 21:00,2025-10-21,21,Copper,HG=F,4.938,4.955,4.93,4.942,1069,0.06,0.004,0.002,USD/lb,Authentic Futures Market Feed (1-Year 60m Candles)
2025-10-21 22:00,2025-10-21,22,Copper,HG=F,4.943,4.964,4.939,4.959,537,0.33999999999999997,0.016,0.012,USD/lb,Authentic Futures Market Feed (1-Year 60m Candles)
2025-10-21 23:00,2025-10-21,23,Copper,HG=F,4.959,4.964,4.952,4.962,277,0.06,0.003,-0.013,USD/lb,Authentic Futures Market Feed (1-Year 60m Candles)
2025-10-22 00:00,2025-10-22,0,Copper,HG=F,4.962,4.966,4.958,4.96,280,-0.04,-0.002,-0.005,USD/lb,Authentic Futures Market Feed (1-Year 60m Candles)
2025-10-22 01:00,2025-10-22,1,Copper,HG=F,4.963,4.986,4.96,4.98,720,0.4,0.017,0.019,USD/lb,Authentic Futures Market Feed (1-Year 60m Candles)
2025-10-22 02:00,2025-10-22,2,Copper,HG=F,4.98,5.001,4.974,4.998,860,0.36,0.018,0.001,USD/lb,Authentic Futures Market Feed (1-Year 60m Candles)
2025-10-22 03:00,2025-10-22,3,Copper,HG=F,4.999,4.999,4.978,4.992,904,-0.12,-0.007,-0.025,USD/lb,Authentic Futures Market Feed (1-Year 60m Candles)
2025-10-22 04:00,2025-10-22,4,Copper,HG=F,4.991,4.991,4.957,4.975,1223,-0.33999999999999997,-0.016,-0.009,USD/lb,Authentic Futures Market Feed (1-Year 60m Candles)
2025-10-22 05:00,2025-10-22,5,Copper,HG=F,4.972,4.988,4.964,4.987,718,0.24,0.015,0.031,USD/lb,Authentic Futures Market Feed (1-Year 60m Candles)
2025-10-22 06:00,2025-10-22,6,Copper,HG=F,4.985,4.996,4.973,4.976,1202,-0.22,-0.009,-0.024,USD/lb,Authentic Futures Market Feed (1-Year 60m Candles)
2025-10-22 07:00,2025-10-22,7,Copper,HG=F,4.975,4.978,4.959,4.964,1279,-0.24,-0.011,-0.002,USD/lb,Authentic Futures Market Feed (1-Year 60m Candles)
2025-10-22 08:00,2025-10-22,8,Copper,HG=F,4.964,4.988,4.962,4.979,2229,0.3,0.015,0.026,USD/lb,Authentic Futures Market Feed (1-Year 60m Candles)
2025-10-22 09:00,2025-10-22,9,Copper,HG=F,4.981,5.016,4.971,4.984,3670,0.1,0.003,-0.012,USD/lb,Authentic Futures Market Feed (1-Year 60m Candles)
2025-10-22 10:00,2025-10-22,10,Copper,HG=F,4.984,4.991,4.964,4.981,2621,-0.06,-0.003,-0.006,USD/lb,Authentic Futures Market Feed (1-Year 60m Candles)
2025-10-22 11:00,2025-10-22,11,Copper,HG=F,4.98,4.997,4.979,4.991,2360,0.2,0.011,0.014,USD/lb,Authentic Futures Market Feed (1-Year 60m Candles)
2025-10-22 12:00,2025-10-22,12,Copper,HG=F,4.991,4.999,4.969,4.993,3813,0.04,0.002,-0.009,USD/lb,Authentic Futures Market Feed (1-Year 60m Candles)
2025-10-22 13:00,2025-10-22,13,Copper,HG=F,4.993,5.0,4.977,4.99,1149,-0.06,-0.003,-0.005,USD/lb,Authentic Futures Market Feed (1-Year 60m Candles)
2025-10-22 14:00,2025-10-22,14,Copper,HG=F,4.99,5.004,4.99,5.003,968,0.26,0.013,0.016,USD/lb,Authentic Futures Market Feed (1-Year 60m Candles)
2025-10-22 15:00,2025-10-22,15,Copper,HG=F,5.003,5.016,5.002,5.009,907,0.12,0.006,-0.007,USD/lb,Authentic Futures Market Feed (1-Year 60m Candles)
2025-10-22 16:00,2025-10-22,16,Copper,HG=F,5.009,5.015,5.002,5.005,254,-0.08,-0.004,-0.01,USD/lb,Authentic Futures Market Feed (1-Year 60m Candles)
2025-10-22 18:00,2025-10-22,18,Copper,HG=F,4.992,5.003,4.987,4.997,0,-0.16,0.005,0.009,USD/lb,Authentic Futures Market Feed (1-Year 60m Candles)
2025-10-22 19:00,2025-10-22,19,Copper,HG=F,4.999,5.001,4.988,4.988,137,-0.18,-0.011,-0.016,USD/lb,Authentic Futures Market Feed (1-Year 60m Candles)
2025-10-22 20:00,2025-10-22,20,Copper,HG=F,4.987,5.002,4.978,4.999,428,0.22,0.012,0.023,USD/lb,Authentic Futures Market Feed (1-Year 60m Candles)
2025-10-22 21:00,2025-10-22,21,Copper,HG=F,4.997,5.01,4.99,4.991,564,-0.16,-0.006,-0.018,USD/lb,Authentic Futures Market Feed (1-Year 60m Candles)
2025-10-22 22:00,2025-10-22,22,Copper,HG=F,4.991,5.022,4.986,5.017,1127,0.52,0.026,0.032,USD/lb,Authentic Futures Market Feed (1-Year 60m Candles)
2025-10-22 23:00,2025-10-22,23,Copper,HG=F,5.017,5.025,5.004,5.012,570,-0.1,-0.005,-0.031,USD/lb,Authentic Futures Market Feed (1-Year 60m Candles)
2025-10-23 00:00,2025-10-23,0,Copper,HG=F,5.014,5.014,5.007,5.01,246,-0.04,-0.004,0.001,USD/lb,Authentic Futures Market Feed (1-Year 60m Candles)
2025-10-23 01:00,2025-10-23,1,Copper,HG=F,5.011,5.021,5.004,5.02,474,0.2,0.009,0.013,USD/lb,Authentic Futures Market Feed (1-Year 60m Candles)
2025-10-23 02:00,2025-10-23,2,Copper,HG=F,5.019,5.048,5.019,5.047,2747,0.54,0.028,0.019,USD/lb,Authentic Futures Market Feed (1-Year 60m Candles)
2025-10-23 03:00,2025-10-23,3,Copper,HG=F,5.047,5.076,5.041,5.07,4323,0.45999999999999996,0.023,-0.005,USD/lb,Authentic Futures Market Feed (1-Year 60m Candles)
2025-10-23 04:00,2025-10-23,4,Copper,HG=F,5.07,5.097,5.065,5.077,4334,0.13999999999999999,0.007,-0.016,USD/lb,Authentic Futures Market Feed (1-Year 60m Candles)
2025-10-23 05:00,2025-10-23,5,Copper,HG=F,5.078,5.089,5.066,5.08,1705,0.06,0.002,-0.005,USD/lb,Authentic Futures Market Feed (1-Year 60m Candles)
2025-10-23 06:00,2025-10-23,6,Copper,HG=F,5.081,5.081,5.069,5.072,472,-0.16,-0.009,-0.011,USD/lb,Authentic Futures Market Feed (1-Year 60m Candles)
2025-10-23 07:00,2025-10-23,7,Copper,HG=F,5.072,5.096,5.072,5.089,2194,0.33999999999999997,0.017,0.026,USD/lb,Authentic Futures Market Feed (1-Year 60m Candles)
2025-10-23 08:00,2025-10-23,8,Copper,HG=F,5.088,5.101,5.077,5.084,4356,-0.1,-0.004,-0.021,USD/lb,Authentic Futures Market Feed (1-Year 60m Candles)
2025-10-23 09:00,2025-10-23,9,Copper,HG=F,5.084,5.109,5.067,5.101,5192,0.33,0.017,0.021,USD/lb,Authentic Futures Market Feed (1-Year 60m Candles)
2025-10-23 10:00,2025-10-23,10,Copper,HG=F,5.102,5.115,5.082,5.109,4259,0.16,0.007,-0.01,USD/lb,Authentic Futures Market Feed (1-Year 60m Candles)
2025-10-23 11:00,2025-10-23,11,Copper,HG=F,5.109,5.119,5.096,5.111,2218,0.04,0.002,-0.005,USD/lb,Authentic Futures Market Feed (1-Year 60m Candles)
2025-10-23 12:00,2025-10-23,12,Copper,HG=F,5.111,5.115,5.096,5.11,3745,-0.02,-0.001,-0.003,USD/lb,Authentic Futures Market Feed (1-Year 60m Candles)
2025-10-23 13:00,2025-10-23,13,Copper,HG=F,5.11,5.115,5.08,5.095,2877,-0.29,-0.015,-0.014,USD/lb,Authentic Futures Market Feed (1-Year 60m Candles)
2025-10-23 14:00,2025-10-23,14,Copper,HG=F,5.097,5.103,5.09,5.1,757,0.1,0.003,0.018,USD/lb,Authentic Futures Market Feed (1-Year 60m Candles)
2025-10-23 15:00,2025-10-23,15,Copper,HG=F,5.1,5.1,5.084,5.09,850,-0.2,-0.01,-0.013,USD/lb,Authentic Futures Market Feed (1-Year 60m Candles)
2025-10-23 16:00,2025-10-23,16,Copper,HG=F,5.09,5.093,5.078,5.085,0,-0.1,-0.005,0.005,USD/lb,Authentic Futures Market Feed (1-Year 60m Candles)
2025-10-23 18:00,2025-10-23,18,Copper,HG=F,5.088,5.094,5.084,5.091,144,0.12,0.003,0.008,USD/lb,Authentic Futures Market Feed (1-Year 60m Candles)
2025-10-23 19:00,2025-10-23,19,Copper,HG=F,5.09,5.102,5.089,5.098,280,0.13999999999999999,0.008,0.005,USD/lb,Authentic Futures Market Feed (1-Year 60m Candles)
2025-10-23 20:00,2025-10-23,20,Copper,HG=F,5.097,5.115,5.097,5.113,642,0.29,0.016,0.008,USD/lb,Authentic Futures Market Feed (1-Year 60m Candles)
2025-10-23 21:00,2025-10-23,21,Copper,HG=F,5.113,5.115,5.091,5.098,2122,-0.29,-0.015,-0.031,USD/lb,Authentic Futures Market Feed (1-Year 60m Candles)
2025-10-23 22:00,2025-10-23,22,Copper,HG=F,5.1,5.105,5.086,5.092,711,-0.12,-0.008,0.007,USD/lb,Authentic Futures Market Feed (1-Year 60m Candles)
2025-10-23 23:00,2025-10-23,23,Copper,HG=F,5.094,5.115,5.094,5.108,493,0.31,0.014,0.022,USD/lb,Authentic Futures Market Feed (1-Year 60m Candles)
2025-10-24 00:00,2025-10-24,0,Copper,HG=F,5.108,5.109,5.097,5.103,238,-0.1,-0.005,-0.019,USD/lb,Authentic Futures Market Feed (1-Year 60m Candles)
2025-10-24 01:00,2025-10-24,1,Copper,HG=F,5.102,5.122,5.101,5.122,624,0.37,0.02,0.025,USD/lb,Authentic Futures Market Feed (1-Year 60m Candles)
2025-10-24 02:00,2025-10-24,2,Copper,HG=F,5.122,5.152,5.115,5.147,3146,0.49,0.025,0.005,USD/lb,Authentic Futures Market Feed (1-Year 60m Candles)
2025-10-24 03:00,2025-10-24,3,Copper,HG=F,5.146,5.147,5.12,5.122,1357,-0.49,-0.024,-0.049,USD/lb,Authentic Futures Market Feed (1-Year 60m Candles)
2025-10-24 04:00,2025-10-24,4,Copper,HG=F,5.122,5.126,5.103,5.106,2364,-0.31,-0.016,0.008,USD/lb,Authentic Futures Market Feed (1-Year 60m Candles)
2025-10-24 05:00,2025-10-24,5,Copper,HG=F,5.106,5.117,5.089,5.091,1210,-0.29,-0.015,0.001,USD/lb,Authentic Futures Market Feed (1-Year 60m Candles)
2025-10-24 06:00,2025-10-24,6,Copper,HG=F,5.09,5.102,5.086,5.094,562,0.06,0.004,0.019,USD/lb,Authentic Futures Market Feed (1-Year 60m Candles)
2025-10-24 07:00,2025-10-24,7,Copper,HG=F,5.094,5.102,5.091,5.096,1053,0.04,0.002,-0.002,USD/lb,Authentic Futures Market Feed (1-Year 60m Candles)
2025-10-24 08:00,2025-10-24,8,Copper,HG=F,5.097,5.104,5.076,5.091,4701,-0.1,-0.006,-0.008,USD/lb,Authentic Futures Market Feed (1-Year 60m Candles)
2025-10-24 09:00,2025-10-24,9,Copper,HG=F,5.091,5.12,5.068,5.084,6652,-0.13999999999999999,-0.007,-0.001,USD/lb,Authentic Futures Market Feed (1-Year 60m Candles)
2025-10-24 10:00,2025-10-24,10,Copper,HG=F,5.084,5.115,5.083,5.108,2850,0.47000000000000003,0.024,0.031,USD/lb,Authentic Futures Market Feed (1-Year 60m Candles)
2025-10-24 11:00,2025-10-24,11,Copper,HG=F,5.108,5.147,5.104,5.139,4409,0.61,0.031,0.007,USD/lb,Authentic Futures Market Feed (1-Year 60m Candles)
2025-10-24 12:00,2025-10-24,12,Copper,HG=F,5.138,5.14,5.113,5.124,3212,-0.29,-0.014,-0.045,USD/lb,Authentic Futures Market Feed (1-Year 60m Candles)
2025-10-24 13:00,2025-10-24,13,Copper,HG=F,5.124,5.131,5.12,5.121,1071,-0.06,-0.003,0.011,USD/lb,Authentic Futures Market Feed (1-Year 60m Candles)
2025-10-24 14:00,2025-10-24,14,Copper,HG=F,5.121,5.131,5.114,5.126,563,0.1,0.005,0.008,USD/lb,Authentic Futures Market Feed (1-Year 60m Candles)
2025-10-24 15:00,2025-10-24,15,Copper,HG=F,5.127,5.129,5.113,5.116,654,-0.2,-0.011,-0.016,USD/lb,Authentic Futures Market Feed (1-Year 60m Candles)
2025-10-24 16:00,2025-10-24,16,Copper,HG=F,5.117,5.122,5.113,5.122,211,0.12,0.005,0.016,USD/lb,Authentic Futures Market Feed (1-Year 60m Candles)
2025-10-26 18:00,2025-10-26,18,Copper,HG=F,5.173,5.247,5.122,5.214,2675,1.7999999999999998,0.041,0.036,USD/lb,Authentic Futures Market Feed (1-Year 60m Candles)
2025-10-26 19:00,2025-10-26,19,Copper,HG=F,5.213,5.22,5.202,5.207,597,-0.13,-0.006,-0.047,USD/lb,Authentic Futures Market Feed (1-Year 60m Candles)
2025-10-26 20:00,2025-10-26,20,Copper,HG=F,5.207,5.24,5.194,5.206,2140,-0.02,-0.001,0.005,USD/lb,Authentic Futures Market Feed (1-Year 60m Candles)
2025-10-26 21:00,2025-10-26,21,Copper,HG=F,5.205,5.213,5.173,5.188,3058,-0.35000000000000003,-0.017,-0.016,USD/lb,Authentic Futures Market Feed (1-Year 60m Candles)
2025-10-26 22:00,2025-10-26,22,Copper,HG=F,5.189,5.207,5.182,5.205,928,0.33,0.016,0.033,USD/lb,Authentic Futures Market Feed (1-Year 60m Candles)
2025-10-26 23:00,2025-10-26,23,Copper,HG=F,5.205,5.208,5.192,5.194,437,-0.21,-0.011,-0.027,USD/lb,Authentic Futures Market Feed (1-Year 60m Candles)
2025-10-27 00:00,2025-10-27,0,Copper,HG=F,5.196,5.202,5.187,5.201,462,0.13,0.005,0.016,USD/lb,Authentic Futures Market Feed (1-Year 60m Candles)
2025-10-27 01:00,2025-10-27,1,Copper,HG=F,5.202,5.215,5.194,5.21,945,0.16999999999999998,0.008,0.003,USD/lb,Authentic Futures Market Feed (1-Year 60m Candles)
2025-10-27 02:00,2025-10-27,2,Copper,HG=F,5.212,5.218,5.196,5.2,1485,-0.19,-0.012,-0.02,USD/lb,Authentic Futures Market Feed (1-Year 60m Candles)
2025-10-27 03:00,2025-10-27,3,Copper,HG=F,5.199,5.203,5.18,5.185,1007,-0.29,-0.014,-0.002,USD/lb,Authentic Futures Market Feed (1-Year 60m Candles)
2025-10-27 04:00,2025-10-27,4,Copper,HG=F,5.186,5.192,5.154,5.168,2372,-0.33,-0.018,-0.004,USD/lb,Authentic Futures Market Feed (1-Year 60m Candles)
2025-10-27 05:00,2025-10-27,5,Copper,HG=F,5.168,5.179,5.164,5.174,729,0.12,0.006,0.024,USD/lb,Authentic Futures Market Feed (1-Year 60m Candles)
2025-10-27 06:00,2025-10-27,6,Copper,HG=F,5.174,5.188,5.168,5.174,928,0.0,0.0,-0.006,USD/lb,Authentic Futures Market Feed (1-Year 60m Candles)
2025-10-27 07:00,2025-10-27,7,Copper,HG=F,5.175,5.188,5.17,5.175,1480,0.02,0.0,0.0,USD/lb,Authentic Futures Market Feed (1-Year 60m Candles)
2025-10-27 08:00,2025-10-27,8,Copper,HG=F,5.175,5.18,5.153,5.17,3198,-0.1,-0.005,-0.005,USD/lb,Authentic Futures Market Feed (1-Year 60m Candles)
2025-10-27 09:00,2025-10-27,9,Copper,HG=F,5.17,5.194,5.142,5.174,5453,0.08,0.004,0.009,USD/lb,Authentic Futures Market Feed (1-Year 60m Candles)
2025-10-27 10:00,2025-10-27,10,Copper,HG=F,5.174,5.18,5.12,5.124,6973,-0.97,-0.05,-0.054,USD/lb,Authentic Futures Market Feed (1-Year 60m Candles)
2025-10-27 11:00,2025-10-27,11,Copper,HG=F,5.124,5.159,5.115,5.158,3919,0.66,0.034,0.084,USD/lb,Authentic Futures Market Feed (1-Year 60m Candles)
2025-10-27 12:00,2025-10-27,12,Copper,HG=F,5.159,5.176,5.154,5.17,4176,0.22999999999999998,0.011,-0.023,USD/lb,Authentic Futures Market Feed (1-Year 60m Candles)
2025-10-27 13:00,2025-10-27,13,Copper,HG=F,5.17,5.174,5.153,5.163,2131,-0.13999999999999999,-0.007,-0.018,USD/lb,Authentic Futures Market Feed (1-Year 60m Candles)
2025-10-27 14:00,2025-10-27,14,Copper,HG=F,5.164,5.167,5.156,5.16,739,-0.06,-0.004,0.003,USD/lb,Authentic Futures Market Feed (1-Year 60m Candles)
2025-10-27 15:00,2025-10-27,15,Copper,HG=F,5.159,5.165,5.159,5.162,404,0.04,0.003,0.007,USD/lb,Authentic Futures Market Feed (1-Year 60m Candles)
2025-10-27 16:00,2025-10-27,16,Copper,HG=F,5.162,5.165,5.153,5.159,0,-0.06,-0.003,-0.006,USD/lb,Authentic Futures Market Feed (1-Year 60m Candles)
2025-10-27 18:00,2025-10-27,18,Copper,HG=F,5.163,5.165,5.155,5.161,280,0.04,-0.002,0.001,USD/lb,Authentic Futures Market Feed (1-Year 60m Candles)
2025-10-27 19:00,2025-10-27,19,Copper,HG=F,5.159,5.167,5.151,5.16,207,-0.02,0.001,0.003,USD/lb,Authentic Futures Market Feed (1-Year 60m Candles)
2025-10-27 20:00,2025-10-27,20,Copper,HG=F,5.16,5.162,5.146,5.159,371,-0.02,-0.001,-0.002,USD/lb,Authentic Futures Market Feed (1-Year 60m Candles)
2025-10-27 21:00,2025-10-27,21,Copper,HG=F,5.157,5.181,5.154,5.174,789,0.29,0.017,0.018,USD/lb,Authentic Futures Market Feed (1-Year 60m Candles)
2025-10-27 22:00,2025-10-27,22,Copper,HG=F,5.174,5.18,5.142,5.148,704,-0.5,-0.026,-0.043,USD/lb,Authentic Futures Market Feed (1-Year 60m Candles)
2025-10-27 23:00,2025-10-27,23,Copper,HG=F,5.149,5.158,5.145,5.156,369,0.16,0.007,0.033,USD/lb,Authentic Futures Market Feed (1-Year 60m Candles)
2025-10-28 00:00,2025-10-28,0,Copper,HG=F,5.157,5.157,5.122,5.128,685,-0.54,-0.029,-0.036,USD/lb,Authentic Futures Market Feed (1-Year 60m Candles)
2025-10-28 01:00,2025-10-28,1,Copper,HG=F,5.128,5.142,5.104,5.122,1056,-0.12,-0.006,0.023,USD/lb,Authentic Futures Market Feed (1-Year 60m Candles)
2025-10-28 02:00,2025-10-28,2,Copper,HG=F,5.121,5.122,5.083,5.103,1945,-0.37,-0.018,-0.012,USD/lb,Authentic Futures Market Feed (1-Year 60m Candles)
2025-10-28 03:00,2025-10-28,3,Copper,HG=F,5.104,5.122,5.102,5.115,1115,0.24,0.011,0.029,USD/lb,Authentic Futures Market Feed (1-Year 60m Candles)
2025-10-28 04:00,2025-10-28,4,Copper,HG=F,5.115,5.119,5.089,5.102,1756,-0.25,-0.013,-0.024,USD/lb,Authentic Futures Market Feed (1-Year 60m Candles)
2025-10-28 05:00,2025-10-28,5,Copper,HG=F,5.102,5.126,5.101,5.117,1725,0.29,0.015,0.028,USD/lb,Authentic Futures Market Feed (1-Year 60m Candles)
2025-10-28 06:00,2025-10-28,6,Copper,HG=F,5.118,5.143,5.11,5.134,998,0.33,0.016,0.001,USD/lb,Authentic Futures Market Feed (1-Year 60m Candles)
2025-10-28 07:00,2025-10-28,7,Copper,HG=F,5.133,5.141,5.127,5.129,1005,-0.1,-0.004,-0.02,USD/lb,Authentic Futures Market Feed (1-Year 60m Candles)
2025-10-28 08:00,2025-10-28,8,Copper,HG=F,5.129,5.141,5.122,5.131,2312,0.04,0.002,0.006,USD/lb,Authentic Futures Market Feed (1-Year 60m Candles)
2025-10-28 09:00,2025-10-28,9,Copper,HG=F,5.133,5.147,5.116,5.127,5409,-0.08,-0.006,-0.008,USD/lb,Authentic Futures Market Feed (1-Year 60m Candles)
2025-10-28 10:00,2025-10-28,10,Copper,HG=F,5.127,5.168,5.121,5.167,4074,0.7799999999999999,0.04,0.046,USD/lb,Authentic Futures Market Feed (1-Year 60m Candles)
2025-10-28 11:00,2025-10-28,11,Copper,HG=F,5.166,5.18,5.15,5.163,3924,-0.08,-0.003,-0.043,USD/lb,Authentic Futures Market Feed (1-Year 60m Candles)
2025-10-28 12:00,2025-10-28,12,Copper,HG=F,5.163,5.185,5.163,5.17,5253,0.13999999999999999,0.007,0.01,USD/lb,Authentic Futures Market Feed (1-Year 60m Candles)
2025-10-28 13:00,2025-10-28,13,Copper,HG=F,5.17,5.174,5.164,5.17,2643,0.0,0.0,-0.007,USD/lb,Authentic Futures Market Feed (1-Year 60m Candles)
2025-10-28 14:00,2025-10-28,14,Copper,HG=F,5.169,5.174,5.167,5.168,510,-0.04,-0.001,-0.001,USD/lb,Authentic Futures Market Feed (1-Year 60m Candles)
2025-10-28 15:00,2025-10-28,15,Copper,HG=F,5.168,5.174,5.161,5.17,661,0.04,0.002,0.003,USD/lb,Authentic Futures Market Feed (1-Year 60m Candles)
2025-10-28 16:00,2025-10-28,16,Copper,HG=F,5.169,5.174,5.168,5.169,392,-0.02,0.0,-0.002,USD/lb,Authentic Futures Market Feed (1-Year 60m Candles)
2025-10-28 18:00,2025-10-28,18,Copper,HG=F,5.171,5.173,5.161,5.162,0,-0.13999999999999999,-0.009,-0.009,USD/lb,Authentic Futures Market Feed (1-Year 60m Candles)
2025-10-28 19:00,2025-10-28,19,Copper,HG=F,5.162,5.176,5.162,5.176,351,0.27,0.014,0.023,USD/lb,Authentic Futures Market Feed (1-Year 60m Candles)
2025-10-28 20:00,2025-10-28,20,Copper,HG=F,5.177,5.188,5.166,5.172,912,-0.08,-0.005,-0.019,USD/lb,Authentic Futures Market Feed (1-Year 60m Candles)
2025-10-28 21:00,2025-10-28,21,Copper,HG=F,5.172,5.178,5.161,5.17,1062,-0.04,-0.002,0.003,USD/lb,Authentic Futures Market Feed (1-Year 60m Candles)
2025-10-28 22:00,2025-10-28,22,Copper,HG=F,5.17,5.174,5.149,5.161,464,-0.16999999999999998,-0.009,-0.007,USD/lb,Authentic Futures Market Feed (1-Year 60m Candles)
2025-10-28 23:00,2025-10-28,23,Copper,HG=F,5.162,5.169,5.161,5.165,170,0.08,0.003,0.012,USD/lb,Authentic Futures Market Feed (1-Year 60m Candles)
2025-10-29 00:00,2025-10-29,0,Copper,HG=F,5.165,5.17,5.16,5.168,178,0.06,0.003,0.0,USD/lb,Authentic Futures Market Feed (1-Year 60m Candles)
2025-10-29 01:00,2025-10-29,1,Copper,HG=F,5.169,5.186,5.167,5.186,532,0.35000000000000003,0.017,0.014,USD/lb,Authentic Futures Market Feed (1-Year 60m Candles)
2025-10-29 02:00,2025-10-29,2,Copper,HG=F,5.187,5.229,5.186,5.218,3489,0.62,0.031,0.014,USD/lb,Authentic Futures Market Feed (1-Year 60m Candles)
2025-10-29 03:00,2025-10-29,3,Copper,HG=F,5.217,5.233,5.207,5.215,1762,-0.06,-0.002,-0.033,USD/lb,Authentic Futures Market Feed (1-Year 60m Candles)
2025-10-29 04:00,2025-10-29,4,Copper,HG=F,5.214,5.228,5.205,5.206,2006,-0.16999999999999998,-0.008,-0.006,USD/lb,Authentic Futures Market Feed (1-Year 60m Candles)
2025-10-29 05:00,2025-10-29,5,Copper,HG=F,5.207,5.219,5.191,5.209,1116,0.06,0.002,0.01,USD/lb,Authentic Futures Market Feed (1-Year 60m Candles)
2025-10-29 06:00,2025-10-29,6,Copper,HG=F,5.21,5.221,5.203,5.207,817,-0.04,-0.003,-0.005,USD/lb,Authentic Futures Market Feed (1-Year 60m Candles)
2025-10-29 07:00,2025-10-29,7,Copper,HG=F,5.208,5.216,5.201,5.203,1346,-0.08,-0.005,-0.002,USD/lb,Authentic Futures Market Feed (1-Year 60m Candles)
2025-10-29 08:00,2025-10-29,8,Copper,HG=F,5.204,5.227,5.2,5.227,1961,0.45999999999999996,0.023,0.028,USD/lb,Authentic Futures Market Feed (1-Year 60m Candles)
2025-10-29 09:00,2025-10-29,9,Copper,HG=F,5.227,5.248,5.208,5.221,5582,-0.11,-0.006,-0.029,USD/lb,Authentic Futures Market Feed (1-Year 60m Candles)
2025-10-29 10:00,2025-10-29,10,Copper,HG=F,5.221,5.273,5.218,5.259,4583,0.73,0.038,0.044,USD/lb,Authentic Futures Market Feed (1-Year 60m Candles)
2025-10-29 11:00,2025-10-29,11,Copper,HG=F,5.26,5.279,5.246,5.248,9948,-0.21,-0.012,-0.05,USD/lb,Authentic Futures Market Feed (1-Year 60m Candles)
2025-10-29 12:00,2025-10-29,12,Copper,HG=F,5.249,5.267,5.24,5.262,6150,0.27,0.013,0.025,USD/lb,Authentic Futures Market Feed (1-Year 60m Candles)
2025-10-29 13:00,2025-10-29,13,Copper,HG=F,5.261,5.262,5.236,5.245,2067,-0.32,-0.016,-0.029,USD/lb,Authentic Futures Market Feed (1-Year 60m Candles)
2025-10-29 14:00,2025-10-29,14,Copper,HG=F,5.244,5.255,5.183,5.213,4444,-0.61,-0.031,-0.015,USD/lb,Authentic Futures Market Feed (1-Year 60m Candles)
2025-10-29 15:00,2025-10-29,15,Copper,HG=F,5.215,5.216,5.172,5.209,2056,-0.08,-0.006,0.025,USD/lb,Authentic Futures Market Feed (1-Year 60m Candles)
2025-10-29 16:00,2025-10-29,16,Copper,HG=F,5.207,5.217,5.198,5.201,506,-0.15,-0.006,0.0,USD/lb,Authentic Futures Market Feed (1-Year 60m Candles)
2025-10-29 18:00,2025-10-29,18,Copper,HG=F,5.203,5.203,5.183,5.196,0,-0.1,-0.007,-0.001,USD/lb,Authentic Futures Market Feed (1-Year 60m Candles)
2025-10-29 19:00,2025-10-29,19,Copper,HG=F,5.195,5.205,5.194,5.205,266,0.16999999999999998,0.01,0.017,USD/lb,Authentic Futures Market Feed (1-Year 60m Candles)
2025-10-29 20:00,2025-10-29,20,Copper,HG=F,5.204,5.234,5.203,5.227,832,0.42,0.023,0.013,USD/lb,Authentic Futures Market Feed (1-Year 60m Candles)
2025-10-29 21:00,2025-10-29,21,Copper,HG=F,5.227,5.231,5.189,5.196,1078,-0.59,-0.031,-0.054,USD/lb,Authentic Futures Market Feed (1-Year 60m Candles)
2025-10-29 22:00,2025-10-29,22,Copper,HG=F,5.196,5.205,5.18,5.193,859,-0.06,-0.003,0.028,USD/lb,Authentic Futures Market Feed (1-Year 60m Candles)
2025-10-29 23:00,2025-10-29,23,Copper,HG=F,5.19,5.21,5.185,5.207,498,0.27,0.017,0.02,USD/lb,Authentic Futures Market Feed (1-Year 60m Candles)
2025-10-30 00:00,2025-10-30,0,Copper,HG=F,5.209,5.212,5.16,5.177,2090,-0.58,-0.032,-0.049,USD/lb,Authentic Futures Market Feed (1-Year 60m Candles)
2025-10-30 01:00,2025-10-30,1,Copper,HG=F,5.179,5.188,5.151,5.173,1791,-0.08,-0.006,0.026,USD/lb,Authentic Futures Market Feed (1-Year 60m Candles)
2025-10-30 02:00,2025-10-30,2,Copper,HG=F,5.174,5.186,5.156,5.173,1733,0.0,-0.001,0.005,USD/lb,Authentic Futures Market Feed (1-Year 60m Candles)
2025-10-30 03:00,2025-10-30,3,Copper,HG=F,5.172,5.202,5.17,5.185,1083,0.22999999999999998,0.013,0.014,USD/lb,Authentic Futures Market Feed (1-Year 60m Candles)
2025-10-30 04:00,2025-10-30,4,Copper,HG=F,5.187,5.21,5.174,5.207,978,0.42,0.02,0.007,USD/lb,Authentic Futures Market Feed (1-Year 60m Candles)
2025-10-30 05:00,2025-10-30,5,Copper,HG=F,5.207,5.217,5.182,5.195,1562,-0.22999999999999998,-0.012,-0.032,USD/lb,Authentic Futures Market Feed (1-Year 60m Candles)
2025-10-30 06:00,2025-10-30,6,Copper,HG=F,5.195,5.207,5.186,5.193,848,-0.04,-0.002,0.01,USD/lb,Authentic Futures Market Feed (1-Year 60m Candles)
2025-10-30 07:00,2025-10-30,7,Copper,HG=F,5.194,5.2,5.176,5.18,844,-0.25,-0.014,-0.012,USD/lb,Authentic Futures Market Feed (1-Year 60m Candles)
2025-10-30 08:00,2025-10-30,8,Copper,HG=F,5.18,5.181,5.117,5.122,7519,-1.1199999999999999,-0.058,-0.044,USD/lb,Authentic Futures Market Feed (1-Year 60m Candles)
2025-10-30 09:00,2025-10-30,9,Copper,HG=F,5.122,5.131,5.084,5.12,11139,-0.04,-0.002,0.056,USD/lb,Authentic Futures Market Feed (1-Year 60m Candles)
2025-10-30 10:00,2025-10-30,10,Copper,HG=F,5.119,5.129,5.043,5.062,14239,-1.13,-0.057,-0.055,USD/lb,Authentic Futures Market Feed (1-Year 60m Candles)
2025-10-30 11:00,2025-10-30,11,Copper,HG=F,5.063,5.095,5.055,5.089,7143,0.53,0.026,0.083,USD/lb,Authentic Futures Market Feed (1-Year 60m Candles)
2025-10-30 12:00,2025-10-30,12,Copper,HG=F,5.089,5.109,5.084,5.104,5752,0.29,0.015,-0.011,USD/lb,Authentic Futures Market Feed (1-Year 60m Candles)
2025-10-30 13:00,2025-10-30,13,Copper,HG=F,5.105,5.113,5.095,5.105,2548,0.02,0.0,-0.015,USD/lb,Authentic Futures Market Feed (1-Year 60m Candles)
2025-10-30 14:00,2025-10-30,14,Copper,HG=F,5.105,5.109,5.101,5.103,1069,-0.04,-0.002,-0.002,USD/lb,Authentic Futures Market Feed (1-Year 60m Candles)
2025-10-30 15:00,2025-10-30,15,Copper,HG=F,5.104,5.106,5.094,5.097,502,-0.12,-0.007,-0.005,USD/lb,Authentic Futures Market Feed (1-Year 60m Candles)
2025-10-30 16:00,2025-10-30,16,Copper,HG=F,5.098,5.107,5.097,5.104,291,0.13999999999999999,0.006,0.013,USD/lb,Authentic Futures Market Feed (1-Year 60m Candles)
2025-10-30 18:00,2025-10-30,18,Copper,HG=F,5.111,5.113,5.1,5.107,0,0.06,-0.004,-0.01,USD/lb,Authentic Futures Market Feed (1-Year 60m Candles)
2025-10-30 19:00,2025-10-30,19,Copper,HG=F,5.107,5.115,5.093,5.112,669,0.1,0.005,0.009,USD/lb,Authentic Futures Market Feed (1-Year 60m Candles)
2025-10-30 20:00,2025-10-30,20,Copper,HG=F,5.11,5.111,5.098,5.101,309,-0.22,-0.009,-0.014,USD/lb,Authentic Futures Market Feed (1-Year 60m Candles)
2025-10-30 21:00,2025-10-30,21,Copper,HG=F,5.102,5.12,5.098,5.108,1139,0.13999999999999999,0.006,0.015,USD/lb,Authentic Futures Market Feed (1-Year 60m Candles)
2025-10-30 22:00,2025-10-30,22,Copper,HG=F,5.109,5.12,5.1,5.12,662,0.22999999999999998,0.011,0.005,USD/lb,Authentic Futures Market Feed (1-Year 60m Candles)
2025-10-30 23:00,2025-10-30,23,Copper,HG=F,5.12,5.122,5.088,5.089,720,-0.61,-0.031,-0.042,USD/lb,Authentic Futures Market Feed (1-Year 60m Candles)
2025-10-31 00:00,2025-10-31,0,Copper,HG=F,5.09,5.095,5.085,5.092,340,0.06,0.002,0.033,USD/lb,Authentic Futures Market Feed (1-Year 60m Candles)
2025-10-31 01:00,2025-10-31,1,Copper,HG=F,5.093,5.099,5.069,5.074,790,-0.35000000000000003,-0.019,-0.021,USD/lb,Authentic Futures Market Feed (1-Year 60m Candles)
2025-10-31 02:00,2025-10-31,2,Copper,HG=F,5.075,5.087,5.07,5.081,755,0.13999999999999999,0.006,0.025,USD/lb,Authentic Futures Market Feed (1-Year 60m Candles)
2025-10-31 03:00,2025-10-31,3,Copper,HG=F,5.081,5.091,5.062,5.089,859,0.16,0.008,0.002,USD/lb,Authentic Futures Market Feed (1-Year 60m Candles)
2025-10-31 04:00,2025-10-31,4,Copper,HG=F,5.089,5.091,5.068,5.072,774,-0.33,-0.017,-0.025,USD/lb,Authentic Futures Market Feed (1-Year 60m Candles)
2025-10-31 05:00,2025-10-31,5,Copper,HG=F,5.071,5.073,5.048,5.073,1230,0.02,0.002,0.019,USD/lb,Authentic Futures Market Feed (1-Year 60m Candles)
2025-10-31 06:00,2025-10-31,6,Copper,HG=F,5.074,5.078,5.068,5.073,460,0.0,-0.001,-0.003,USD/lb,Authentic Futures Market Feed (1-Year 60m Candles)
2025-10-31 07:00,2025-10-31,7,Copper,HG=F,5.074,5.12,5.074,5.102,2135,0.5700000000000001,0.028,0.029,USD/lb,Authentic Futures Market Feed (1-Year 60m Candles)
2025-10-31 08:00,2025-10-31,8,Copper,HG=F,5.101,5.115,5.083,5.089,1853,-0.25,-0.012,-0.04,USD/lb,Authentic Futures Market Feed (1-Year 60m Candles)
2025-10-31 09:00,2025-10-31,9,Copper,HG=F,5.09,5.102,5.071,5.083,5221,-0.12,-0.007,0.005,USD/lb,Authentic Futures Market Feed (1-Year 60m Candles)
2025-10-31 10:00,2025-10-31,10,Copper,HG=F,5.084,5.101,5.071,5.098,4691,0.3,0.014,0.021,USD/lb,Authentic Futures Market Feed (1-Year 60m Candles)
2025-10-31 11:00,2025-10-31,11,Copper,HG=F,5.097,5.115,5.09,5.1,10881,0.04,0.003,-0.011,USD/lb,Authentic Futures Market Feed (1-Year 60m Candles)
2025-10-31 12:00,2025-10-31,12,Copper,HG=F,5.1,5.102,5.077,5.089,5596,-0.22,-0.011,-0.014,USD/lb,Authentic Futures Market Feed (1-Year 60m Candles)
2025-10-31 13:00,2025-10-31,13,Copper,HG=F,5.09,5.091,5.081,5.089,2097,0.0,-0.001,0.01,USD/lb,Authentic Futures Market Feed (1-Year 60m Candles)
2025-10-31 14:00,2025-10-31,14,Copper,HG=F,5.089,5.102,5.089,5.102,816,0.26,0.013,0.014,USD/lb,Authentic Futures Market Feed (1-Year 60m Candles)
2025-10-31 15:00,2025-10-31,15,Copper,HG=F,5.101,5.128,5.1,5.11,1789,0.16,0.009,-0.004,USD/lb,Authentic Futures Market Feed (1-Year 60m Candles)
2025-10-31 16:00,2025-10-31,16,Copper,HG=F,5.11,5.115,5.108,5.114,460,0.08,0.004,-0.005,USD/lb,Authentic Futures Market Feed (1-Year 60m Candles)
2025-11-02 18:00,2025-11-02,18,Copper,HG=F,5.123,5.129,5.108,5.109,386,-0.1,-0.014,-0.018,USD/lb,Authentic Futures Market Feed (1-Year 60m Candles)
2025-11-02 19:00,2025-11-02,19,Copper,HG=F,5.109,5.114,5.089,5.099,533,-0.2,-0.01,0.004,USD/lb,Authentic Futures Market Feed (1-Year 60m Candles)
2025-11-02 20:00,2025-11-02,20,Copper,HG=F,5.099,5.105,5.082,5.089,1406,-0.2,-0.01,0.0,USD/lb,Authentic Futures Market Feed (1-Year 60m Candles)
2025-11-02 21:00,2025-11-02,21,Copper,HG=F,5.088,5.094,5.073,5.082,678,-0.13999999999999999,-0.006,0.004,USD/lb,Authentic Futures Market Feed (1-Year 60m Candles)
2025-11-02 22:00,2025-11-02,22,Copper,HG=F,5.081,5.085,5.069,5.084,364,0.04,0.003,0.009,USD/lb,Authentic Futures Market Feed (1-Year 60m Candles)
2025-11-02 23:00,2025-11-02,23,Copper,HG=F,5.084,5.093,5.082,5.088,258,0.08,0.004,0.001,USD/lb,Authentic Futures Market Feed (1-Year 60m Candles)
2025-11-03 00:00,2025-11-03,0,Copper,HG=F,5.089,5.114,5.088,5.107,771,0.37,0.018,0.014,USD/lb,Authentic Futures Market Feed (1-Year 60m Candles)
2025-11-03 01:00,2025-11-03,1,Copper,HG=F,5.108,5.122,5.101,5.114,1021,0.13999999999999999,0.006,-0.012,USD/lb,Authentic Futures Market Feed (1-Year 60m Candles)
2025-11-03 02:00,2025-11-03,2,Copper,HG=F,5.112,5.115,5.095,5.104,533,-0.2,-0.008,-0.014,USD/lb,Authentic Futures Market Feed (1-Year 60m Candles)
2025-11-03 03:00,2025-11-03,3,Copper,HG=F,5.104,5.114,5.093,5.098,1380,-0.12,-0.006,0.002,USD/lb,Authentic Futures Market Feed (1-Year 60m Candles)
2025-11-03 04:00,2025-11-03,4,Copper,HG=F,5.098,5.104,5.078,5.082,886,-0.31,-0.016,-0.01,USD/lb,Authentic Futures Market Feed (1-Year 60m Candles)
2025-11-03 05:00,2025-11-03,5,Copper,HG=F,5.083,5.1,5.081,5.091,910,0.18,0.008,0.024,USD/lb,Authentic Futures Market Feed (1-Year 60m Candles)
2025-11-03 06:00,2025-11-03,6,Copper,HG=F,5.091,5.095,5.081,5.091,503,0.0,0.0,-0.008,USD/lb,Authentic Futures Market Feed (1-Year 60m Candles)
2025-11-03 07:00,2025-11-03,7,Copper,HG=F,5.091,5.109,5.084,5.109,1100,0.35000000000000003,0.018,0.018,USD/lb,Authentic Futures Market Feed (1-Year 60m Candles)
2025-11-03 08:00,2025-11-03,8,Copper,HG=F,5.109,5.12,5.091,5.099,3526,-0.2,-0.01,-0.028,USD/lb,Authentic Futures Market Feed (1-Year 60m Candles)
2025-11-03 09:00,2025-11-03,9,Copper,HG=F,5.1,5.117,5.064,5.071,3702,-0.5499999999999999,-0.029,-0.019,USD/lb,Authentic Futures Market Feed (1-Year 60m Candles)
2025-11-03 10:00,2025-11-03,10,Copper,HG=F,5.073,5.076,5.048,5.069,6095,-0.04,-0.004,0.025,USD/lb,Authentic Futures Market Feed (1-Year 60m Candles)
2025-11-03 11:00,2025-11-03,11,Copper,HG=F,5.068,5.082,5.067,5.075,3247,0.12,0.007,0.011,USD/lb,Authentic Futures Market Feed (1-Year 60m Candles)
2025-11-03 12:00,2025-11-03,12,Copper,HG=F,5.075,5.076,5.061,5.071,4289,-0.08,-0.004,-0.011,USD/lb,Authentic Futures Market Feed (1-Year 60m Candles)
2025-11-03 13:00,2025-11-03,13,Copper,HG=F,5.071,5.074,5.051,5.055,1075,-0.32,-0.016,-0.012,USD/lb,Authentic Futures Market Feed (1-Year 60m Candles)
2025-11-03 14:00,2025-11-03,14,Copper,HG=F,5.055,5.056,5.018,5.045,2384,-0.2,-0.01,0.006,USD/lb,Authentic Futures Market Feed (1-Year 60m Candles)
2025-11-03 15:00,2025-11-03,15,Copper,HG=F,5.046,5.057,5.044,5.055,667,0.2,0.009,0.019,USD/lb,Authentic Futures Market Feed (1-Year 60m Candles)
2025-11-03 16:00,2025-11-03,16,Copper,HG=F,5.055,5.056,5.047,5.051,196,-0.08,-0.004,-0.013,USD/lb,Authentic Futures Market Feed (1-Year 60m Candles)
2025-11-03 18:00,2025-11-03,18,Copper,HG=F,5.055,5.057,5.049,5.05,0,-0.02,-0.005,-0.001,USD/lb,Authentic Futures Market Feed (1-Year 60m Candles)
2025-11-03 19:00,2025-11-03,19,Copper,HG=F,5.051,5.054,5.042,5.047,327,-0.06,-0.004,0.001,USD/lb,Authentic Futures Market Feed (1-Year 60m Candles)
2025-11-03 20:00,2025-11-03,20,Copper,HG=F,5.047,5.066,5.047,5.058,867,0.22,0.011,0.015,USD/lb,Authentic Futures Market Feed (1-Year 60m Candles)
2025-11-03 21:00,2025-11-03,21,Copper,HG=F,5.057,5.057,5.015,5.023,1546,-0.69,-0.034,-0.045,USD/lb,Authentic Futures Market Feed (1-Year 60m Candles)
2025-11-03 22:00,2025-11-03,22,Copper,HG=F,5.023,5.032,5.021,5.025,286,0.04,0.002,0.036,USD/lb,Authentic Futures Market Feed (1-Year 60m Candles)
2025-11-03 23:00,2025-11-03,23,Copper,HG=F,5.023,5.023,5.008,5.011,693,-0.27999999999999997,-0.012,-0.014,USD/lb,Authentic Futures Market Feed (1-Year 60m Candles)
2025-11-04 00:00,2025-11-04,0,Copper,HG=F,5.01,5.015,4.981,4.983,2244,-0.5599999999999999,-0.027,-0.015,USD/lb,Authentic Futures Market Feed (1-Year 60m Candles)
2025-11-04 01:00,2025-11-04,1,Copper,HG=F,4.982,4.99,4.966,4.98,2664,-0.06,-0.002,0.025,USD/lb,Authentic Futures Market Feed (1-Year 60m Candles)
2025-11-04 02:00,2025-11-04,2,Copper,HG=F,4.98,4.981,4.96,4.969,2459,-0.22,-0.011,-0.009,USD/lb,Authentic Futures Market Feed (1-Year 60m Candles)
2025-11-04 03:00,2025-11-04,3,Copper,HG=F,4.969,4.987,4.949,4.983,3925,0.27999999999999997,0.014,0.025,USD/lb,Authentic Futures Market Feed (1-Year 60m Candles)
2025-11-04 04:00,2025-11-04,4,Copper,HG=F,4.983,4.991,4.927,4.928,4800,-1.0999999999999999,-0.055,-0.069,USD/lb,Authentic Futures Market Feed (1-Year 60m Candles)
2025-11-04 05:00,2025-11-04,5,Copper,HG=F,4.928,4.944,4.919,4.933,3902,0.1,0.005,0.06,USD/lb,Authentic Futures Market Feed (1-Year 60m Candles)
2025-11-04 06:00,2025-11-04,6,Copper,HG=F,4.933,4.939,4.918,4.931,2560,-0.04,-0.002,-0.007,USD/lb,Authentic Futures Market Feed (1-Year 60m Candles)
2025-11-04 07:00,2025-11-04,7,Copper,HG=F,4.931,4.936,4.907,4.914,3847,-0.33999999999999997,-0.017,-0.015,USD/lb,Authentic Futures Market Feed (1-Year 60m Candles)
2025-11-04 08:00,2025-11-04,8,Copper,HG=F,4.912,4.962,4.911,4.957,6587,0.88,0.045,0.062,USD/lb,Authentic Futures Market Feed (1-Year 60m Candles)
2025-11-04 09:00,2025-11-04,9,Copper,HG=F,4.956,4.968,4.931,4.957,4058,0.0,0.001,-0.044,USD/lb,Authentic Futures Market Feed (1-Year 60m Candles)
2025-11-04 10:00,2025-11-04,10,Copper,HG=F,4.957,4.972,4.943,4.965,4299,0.16,0.008,0.007,USD/lb,Authentic Futures Market Feed (1-Year 60m Candles)
2025-11-04 11:00,2025-11-04,11,Copper,HG=F,4.966,4.97,4.953,4.962,2736,-0.06,-0.004,-0.012,USD/lb,Authentic Futures Market Feed (1-Year 60m Candles)
2025-11-04 12:00,2025-11-04,12,Copper,HG=F,4.962,4.962,4.942,4.948,4411,-0.27999999999999997,-0.014,-0.01,USD/lb,Authentic Futures Market Feed (1-Year 60m Candles)
2025-11-04 13:00,2025-11-04,13,Copper,HG=F,4.948,4.951,4.94,4.944,1807,-0.08,-0.004,0.01,USD/lb,Authentic Futures Market Feed (1-Year 60m Candles)
2025-11-04 14:00,2025-11-04,14,Copper,HG=F,4.945,4.949,4.93,4.931,613,-0.26,-0.014,-0.01,USD/lb,Authentic Futures Market Feed (1-Year 60m Candles)
2025-11-04 15:00,2025-11-04,15,Copper,HG=F,4.931,4.938,4.925,4.929,517,-0.04,-0.002,0.012,USD/lb,Authentic Futures Market Feed (1-Year 60m Candles)
2025-11-04 16:00,2025-11-04,16,Copper,HG=F,4.93,4.932,4.923,4.925,569,-0.08,-0.005,-0.003,USD/lb,Authentic Futures Market Feed (1-Year 60m Candles)
2025-11-04 18:00,2025-11-04,18,Copper,HG=F,4.928,4.931,4.911,4.92,0,-0.1,-0.008,-0.003,USD/lb,Authentic Futures Market Feed (1-Year 60m Candles)
2025-11-04 19:00,2025-11-04,19,Copper,HG=F,4.92,4.93,4.888,4.925,1338,0.1,0.005,0.013,USD/lb,Authentic Futures Market Feed (1-Year 60m Candles)
2025-11-04 20:00,2025-11-04,20,Copper,HG=F,4.926,4.935,4.909,4.93,2631,0.1,0.004,-0.001,USD/lb,Authentic Futures Market Feed (1-Year 60m Candles)
2025-11-04 21:00,2025-11-04,21,Copper,HG=F,4.93,4.941,4.927,4.938,666,0.16,0.008,0.004,USD/lb,Authentic Futures Market Feed (1-Year 60m Candles)
2025-11-04 22:00,2025-11-04,22,Copper,HG=F,4.938,4.962,4.937,4.957,799,0.38,0.019,0.011,USD/lb,Authentic Futures Market Feed (1-Year 60m Candles)
2025-11-04 23:00,2025-11-04,23,Copper,HG=F,4.957,4.959,4.945,4.952,272,-0.1,-0.005,-0.024,USD/lb,Authentic Futures Market Feed (1-Year 60m Candles)
2025-11-05 00:00,2025-11-05,0,Copper,HG=F,4.951,4.973,4.949,4.956,914,0.08,0.005,0.01,USD/lb,Authentic Futures Market Feed (1-Year 60m Candles)
2025-11-05 01:00,2025-11-05,1,Copper,HG=F,4.956,4.963,4.939,4.948,935,-0.16,-0.008,-0.013,USD/lb,Authentic Futures Market Feed (1-Year 60m Candles)
2025-11-05 02:00,2025-11-05,2,Copper,HG=F,4.946,4.948,4.932,4.943,907,-0.1,-0.003,0.005,USD/lb,Authentic Futures Market Feed (1-Year 60m Candles)
2025-11-05 03:00,2025-11-05,3,Copper,HG=F,4.944,4.968,4.937,4.962,1305,0.38,0.018,0.021,USD/lb,Authentic Futures Market Feed (1-Year 60m Candles)
2025-11-05 04:00,2025-11-05,4,Copper,HG=F,4.959,4.965,4.929,4.944,1836,-0.36,-0.015,-0.033,USD/lb,Authentic Futures Market Feed (1-Year 60m Candles)
2025-11-05 05:00,2025-11-05,5,Copper,HG=F,4.944,4.944,4.922,4.922,619,-0.44,-0.022,-0.007,USD/lb,Authentic Futures Market Feed (1-Year 60m Candles)
2025-11-05 06:00,2025-11-05,6,Copper,HG=F,4.922,4.928,4.911,4.926,835,0.08,0.004,0.026,USD/lb,Authentic Futures Market Feed (1-Year 60m Candles)
2025-11-05 07:00,2025-11-05,7,Copper,HG=F,4.924,4.941,4.916,4.936,1415,0.2,0.012,0.008,USD/lb,Authentic Futures Market Feed (1-Year 60m Candles)
2025-11-05 08:00,2025-11-05,8,Copper,HG=F,4.935,4.968,4.924,4.957,2650,0.43,0.022,0.01,USD/lb,Authentic Futures Market Feed (1-Year 60m Candles)
2025-11-05 09:00,2025-11-05,9,Copper,HG=F,4.957,4.957,4.938,4.951,3165,-0.12,-0.006,-0.028,USD/lb,Authentic Futures Market Feed (1-Year 60m Candles)
2025-11-05 10:00,2025-11-05,10,Copper,HG=F,4.95,4.978,4.941,4.977,4497,0.53,0.027,0.033,USD/lb,Authentic Futures Market Feed (1-Year 60m Candles)
2025-11-05 11:00,2025-11-05,11,Copper,HG=F,4.977,4.983,4.959,4.981,3801,0.08,0.004,-0.023,USD/lb,Authentic Futures Market Feed (1-Year 60m Candles)
2025-11-05 12:00,2025-11-05,12,Copper,HG=F,4.981,4.99,4.978,4.984,4284,0.06,0.003,-0.001,USD/lb,Authentic Futures Market Feed (1-Year 60m Candles)
2025-11-05 13:00,2025-11-05,13,Copper,HG=F,4.984,4.991,4.978,4.99,1473,0.12,0.006,0.003,USD/lb,Authentic Futures Market Feed (1-Year 60m Candles)
2025-11-05 14:00,2025-11-05,14,Copper,HG=F,4.99,4.998,4.989,4.997,837,0.13999999999999999,0.007,0.001,USD/lb,Authentic Futures Market Feed (1-Year 60m Candles)
2025-11-05 15:00,2025-11-05,15,Copper,HG=F,4.997,5.007,4.99,4.991,1614,-0.12,-0.006,-0.013,USD/lb,Authentic Futures Market Feed (1-Year 60m Candles)
2025-11-05 16:00,2025-11-05,16,Copper,HG=F,4.99,4.991,4.986,4.989,246,-0.04,-0.001,0.005,USD/lb,Authentic Futures Market Feed (1-Year 60m Candles)
2025-11-05 18:00,2025-11-05,18,Copper,HG=F,4.993,4.997,4.99,4.991,0,0.04,-0.002,-0.001,USD/lb,Authentic Futures Market Feed (1-Year 60m Candles)
2025-11-05 19:00,2025-11-05,19,Copper,HG=F,4.991,4.995,4.986,4.995,273,0.08,0.004,0.006,USD/lb,Authentic Futures Market Feed (1-Year 60m Candles)
2025-11-05 20:00,2025-11-05,20,Copper,HG=F,4.994,4.994,4.98,4.986,901,-0.18,-0.008,-0.012,USD/lb,Authentic Futures Market Feed (1-Year 60m Candles)
2025-11-05 21:00,2025-11-05,21,Copper,HG=F,4.987,5.019,4.983,5.014,813,0.5599999999999999,0.027,0.035,USD/lb,Authentic Futures Market Feed (1-Year 60m Candles)
2025-11-05 22:00,2025-11-05,22,Copper,HG=F,5.016,5.018,5.009,5.012,835,-0.04,-0.004,-0.031,USD/lb,Authentic Futures Market Feed (1-Year 60m Candles)
2025-11-05 23:00,2025-11-05,23,Copper,HG=F,5.011,5.02,5.009,5.019,271,0.13999999999999999,0.008,0.012,USD/lb,Authentic Futures Market Feed (1-Year 60m Candles)
2025-11-06 00:00,2025-11-06,0,Copper,HG=F,5.018,5.02,5.011,5.018,565,-0.02,0.0,-0.008,USD/lb,Authentic Futures Market Feed (1-Year 60m Candles)
2025-11-06 01:00,2025-11-06,1,Copper,HG=F,5.019,5.027,5.003,5.011,1218,-0.13999999999999999,-0.008,-0.008,USD/lb,Authentic Futures Market Feed (1-Year 60m Candles)
2025-11-06 02:00,2025-11-06,2,Copper,HG=F,5.012,5.024,5.005,5.006,774,-0.1,-0.006,0.002,USD/lb,Authentic Futures Market Feed (1-Year 60m Candles)
2025-11-06 03:00,2025-11-06,3,Copper,HG=F,5.006,5.037,5.006,5.029,1397,0.45999999999999996,0.023,0.029,USD/lb,Authentic Futures Market Feed (1-Year 60m Candles)
2025-11-06 04:00,2025-11-06,4,Copper,HG=F,5.028,5.033,5.01,5.012,940,-0.33999999999999997,-0.016,-0.039,USD/lb,Authentic Futures Market Feed (1-Year 60m Candles)
2025-11-06 05:00,2025-11-06,5,Copper,HG=F,5.013,5.016,5.006,5.008,599,-0.08,-0.005,0.011,USD/lb,Authentic Futures Market Feed (1-Year 60m Candles)
2025-11-06 06:00,2025-11-06,6,Copper,HG=F,5.007,5.016,5.001,5.011,1194,0.06,0.004,0.009,USD/lb,Authentic Futures Market Feed (1-Year 60m Candles)
2025-11-06 07:00,2025-11-06,7,Copper,HG=F,5.012,5.023,5.009,5.021,3060,0.2,0.009,0.005,USD/lb,Authentic Futures Market Feed (1-Year 60m Candles)
2025-11-06 08:00,2025-11-06,8,Copper,HG=F,5.019,5.024,4.995,4.997,2493,-0.48,-0.022,-0.031,USD/lb,Authentic Futures Market Feed (1-Year 60m Candles)
2025-11-06 09:00,2025-11-06,9,Copper,HG=F,4.997,5.002,4.967,4.969,4588,-0.5599999999999999,-0.028,-0.006,USD/lb,Authentic Futures Market Feed (1-Year 60m Candles)
2025-11-06 10:00,2025-11-06,10,Copper,HG=F,4.969,4.989,4.961,4.964,3784,-0.1,-0.005,0.023,USD/lb,Authentic Futures Market Feed (1-Year 60m Candles)
2025-11-06 11:00,2025-11-06,11,Copper,HG=F,4.964,4.971,4.952,4.959,4841,-0.1,-0.005,0.0,USD/lb,Authentic Futures Market Feed (1-Year 60m Candles)
2025-11-06 12:00,2025-11-06,12,Copper,HG=F,4.959,4.971,4.953,4.967,3385,0.16,0.008,0.013,USD/lb,Authentic Futures Market Feed (1-Year 60m Candles)
2025-11-06 13:00,2025-11-06,13,Copper,HG=F,4.967,4.981,4.958,4.972,2000,0.1,0.005,-0.003,USD/lb,Authentic Futures Market Feed (1-Year 60m Candles)
2025-11-06 14:00,2025-11-06,14,Copper,HG=F,4.972,4.984,4.972,4.983,478,0.22,0.011,0.006,USD/lb,Authentic Futures Market Feed (1-Year 60m Candles)
2025-11-06 15:00,2025-11-06,15,Copper,HG=F,4.982,4.986,4.974,4.977,435,-0.12,-0.005,-0.016,USD/lb,Authentic Futures Market Feed (1-Year 60m Candles)
2025-11-06 16:00,2025-11-06,16,Copper,HG=F,4.977,4.978,4.973,4.976,160,-0.02,-0.001,0.004,USD/lb,Authentic Futures Market Feed (1-Year 60m Candles)
2025-11-06 18:00,2025-11-06,18,Copper,HG=F,4.973,4.984,4.966,4.982,0,0.12,0.009,0.01,USD/lb,Authentic Futures Market Feed (1-Year 60m Candles)
2025-11-06 19:00,2025-11-06,19,Copper,HG=F,4.979,4.985,4.976,4.979,234,-0.06,0.0,-0.009,USD/lb,Authentic Futures Market Feed (1-Year 60m Candles)
2025-11-06 20:00,2025-11-06,20,Copper,HG=F,4.978,4.991,4.975,4.99,581,0.22,0.012,0.012,USD/lb,Authentic Futures Market Feed (1-Year 60m Candles)
2025-11-06 21:00,2025-11-06,21,Copper,HG=F,4.99,4.991,4.974,4.98,236,-0.2,-0.01,-0.022,USD/lb,Authentic Futures Market Feed (1-Year 60m Candles)
2025-11-06 22:00,2025-11-06,22,Copper,HG=F,4.98,4.984,4.962,4.967,420,-0.26,-0.013,-0.003,USD/lb,Authentic Futures Market Feed (1-Year 60m Candles)
2025-11-06 23:00,2025-11-06,23,Copper,HG=F,4.966,4.977,4.963,4.977,130,0.2,0.011,0.024,USD/lb,Authentic Futures Market Feed (1-Year 60m Candles)
2025-11-07 00:00,2025-11-07,0,Copper,HG=F,4.976,4.986,4.969,4.971,342,-0.12,-0.005,-0.016,USD/lb,Authentic Futures Market Feed (1-Year 60m Candles)
2025-11-07 01:00,2025-11-07,1,Copper,HG=F,4.973,4.984,4.967,4.98,276,0.18,0.007,0.012,USD/lb,Authentic Futures Market Feed (1-Year 60m Candles)
2025-11-07 02:00,2025-11-07,2,Copper,HG=F,4.981,5.008,4.981,4.998,1060,0.36,0.017,0.01,USD/lb,Authentic Futures Market Feed (1-Year 60m Candles)
2025-11-07 03:00,2025-11-07,3,Copper,HG=F,4.999,5.002,4.982,4.99,939,-0.16,-0.009,-0.026,USD/lb,Authentic Futures Market Feed (1-Year 60m Candles)
2025-11-07 04:00,2025-11-07,4,Copper,HG=F,4.989,4.997,4.965,4.996,1184,0.12,0.007,0.016,USD/lb,Authentic Futures Market Feed (1-Year 60m Candles)
2025-11-07 05:00,2025-11-07,5,Copper,HG=F,4.995,5.003,4.99,4.992,405,-0.08,-0.003,-0.01,USD/lb,Authentic Futures Market Feed (1-Year 60m Candles)
2025-11-07 06:00,2025-11-07,6,Copper,HG=F,4.99,4.991,4.959,4.977,2206,-0.3,-0.013,-0.01,USD/lb,Authentic Futures Market Feed (1-Year 60m Candles)
2025-11-07 07:00,2025-11-07,7,Copper,HG=F,4.978,4.99,4.973,4.984,712,0.13999999999999999,0.006,0.019,USD/lb,Authentic Futures Market Feed (1-Year 60m Candles)
2025-11-07 08:00,2025-11-07,8,Copper,HG=F,4.984,5.004,4.968,4.968,3100,-0.32,-0.016,-0.022,USD/lb,Authentic Futures Market Feed (1-Year 60m Candles)
2025-11-07 09:00,2025-11-07,9,Copper,HG=F,4.968,4.974,4.953,4.964,4837,-0.08,-0.004,0.012,USD/lb,Authentic Futures Market Feed (1-Year 60m Candles)
2025-11-07 10:00,2025-11-07,10,Copper,HG=F,4.963,4.969,4.951,4.956,3640,-0.16,-0.007,-0.003,USD/lb,Authentic Futures Market Feed (1-Year 60m Candles)
2025-11-07 11:00,2025-11-07,11,Copper,HG=F,4.956,4.978,4.954,4.963,3025,0.13999999999999999,0.007,0.014,USD/lb,Authentic Futures Market Feed (1-Year 60m Candles)
2025-11-07 12:00,2025-11-07,12,Copper,HG=F,4.962,4.964,4.953,4.955,9022,-0.16,-0.007,-0.014,USD/lb,Authentic Futures Market Feed (1-Year 60m Candles)
2025-11-07 13:00,2025-11-07,13,Copper,HG=F,4.955,4.964,4.952,4.958,1505,0.06,0.003,0.01,USD/lb,Authentic Futures Market Feed (1-Year 60m Candles)
2025-11-07 14:00,2025-11-07,14,Copper,HG=F,4.957,4.965,4.957,4.961,1121,0.06,0.004,0.001,USD/lb,Authentic Futures Market Feed (1-Year 60m Candles)
2025-11-07 15:00,2025-11-07,15,Copper,HG=F,4.96,4.96,4.953,4.957,658,-0.08,-0.003,-0.007,USD/lb,Authentic Futures Market Feed (1-Year 60m Candles)
2025-11-07 16:00,2025-11-07,16,Copper,HG=F,4.957,4.961,4.956,4.958,276,0.02,0.001,0.004,USD/lb,Authentic Futures Market Feed (1-Year 60m Candles)
2025-11-09 18:00,2025-11-09,18,Copper,HG=F,4.977,4.989,4.957,4.984,290,0.52,0.007,0.006,USD/lb,Authentic Futures Market Feed (1-Year 60m Candles)
2025-11-09 19:00,2025-11-09,19,Copper,HG=F,4.984,4.991,4.979,4.99,466,0.12,0.006,-0.001,USD/lb,Authentic Futures Market Feed (1-Year 60m Candles)
2025-11-09 20:00,2025-11-09,20,Copper,HG=F,4.989,5.032,4.986,5.023,2311,0.66,0.034,0.028,USD/lb,Authentic Futures Market Feed (1-Year 60m Candles)
2025-11-09 21:00,2025-11-09,21,Copper,HG=F,5.023,5.033,5.011,5.028,788,0.1,0.005,-0.029,USD/lb,Authentic Futures Market Feed (1-Year 60m Candles)
2025-11-09 22:00,2025-11-09,22,Copper,HG=F,5.029,5.035,5.023,5.028,604,0.0,-0.001,-0.006,USD/lb,Authentic Futures Market Feed (1-Year 60m Candles)
2025-11-09 23:00,2025-11-09,23,Copper,HG=F,5.03,5.048,5.029,5.046,1184,0.36,0.016,0.017,USD/lb,Authentic Futures Market Feed (1-Year 60m Candles)
2025-11-10 00:00,2025-11-10,0,Copper,HG=F,5.045,5.05,5.033,5.033,1331,-0.26,-0.012,-0.028,USD/lb,Authentic Futures Market Feed (1-Year 60m Candles)
2025-11-10 01:00,2025-11-10,1,Copper,HG=F,5.034,5.038,5.023,5.027,1250,-0.12,-0.007,0.005,USD/lb,Authentic Futures Market Feed (1-Year 60m Candles)
2025-11-10 02:00,2025-11-10,2,Copper,HG=F,5.025,5.04,5.023,5.027,1120,0.0,0.002,0.009,USD/lb,Authentic Futures Market Feed (1-Year 60m Candles)
2025-11-10 03:00,2025-11-10,3,Copper,HG=F,5.026,5.041,5.02,5.02,1002,-0.13999999999999999,-0.006,-0.008,USD/lb,Authentic Futures Market Feed (1-Year 60m Candles)
2025-11-10 04:00,2025-11-10,4,Copper,HG=F,5.021,5.046,5.015,5.043,795,0.45999999999999996,0.022,0.028,USD/lb,Authentic Futures Market Feed (1-Year 60m Candles)
2025-11-10 05:00,2025-11-10,5,Copper,HG=F,5.044,5.049,5.038,5.043,872,0.0,-0.001,-0.023,USD/lb,Authentic Futures Market Feed (1-Year 60m Candles)
2025-11-10 06:00,2025-11-10,6,Copper,HG=F,5.043,5.045,5.035,5.039,917,-0.08,-0.004,-0.003,USD/lb,Authentic Futures Market Feed (1-Year 60m Candles)
2025-11-10 07:00,2025-11-10,7,Copper,HG=F,5.038,5.05,5.031,5.045,1833,0.12,0.007,0.011,USD/lb,Authentic Futures Market Feed (1-Year 60m Candles)
2025-11-10 08:00,2025-11-10,8,Copper,HG=F,5.045,5.048,5.023,5.037,4896,-0.16,-0.008,-0.015,USD/lb,Authentic Futures Market Feed (1-Year 60m Candles)
2025-11-10 09:00,2025-11-10,9,Copper,HG=F,5.038,5.04,5.022,5.027,3920,-0.2,-0.011,-0.003,USD/lb,Authentic Futures Market Feed (1-Year 60m Candles)
2025-11-10 10:00,2025-11-10,10,Copper,HG=F,5.028,5.033,5.014,5.016,7255,-0.22,-0.012,-0.001,USD/lb,Authentic Futures Market Feed (1-Year 60m Candles)
2025-11-10 11:00,2025-11-10,11,Copper,HG=F,5.016,5.033,5.009,5.031,3066,0.3,0.015,0.027,USD/lb,Authentic Futures Market Feed (1-Year 60m Candles)
2025-11-10 12:00,2025-11-10,12,Copper,HG=F,5.031,5.12,5.03,5.102,16721,1.41,0.071,0.056,USD/lb,Authentic Futures Market Feed (1-Year 60m Candles)
2025-11-10 13:00,2025-11-10,13,Copper,HG=F,5.103,5.116,5.093,5.094,6522,-0.16,-0.009,-0.08,USD/lb,Authentic Futures Market Feed (1-Year 60m Candles)
2025-11-10 14:00,2025-11-10,14,Copper,HG=F,5.093,5.106,5.085,5.102,1663,0.16,0.009,0.018,USD/lb,Authentic Futures Market Feed (1-Year 60m Candles)
2025-11-10 15:00,2025-11-10,15,Copper,HG=F,5.102,5.109,5.094,5.097,859,-0.1,-0.005,-0.014,USD/lb,Authentic Futures Market Feed (1-Year 60m Candles)
2025-11-10 16:00,2025-11-10,16,Copper,HG=F,5.098,5.104,5.096,5.1,284,0.06,0.002,0.007,USD/lb,Authentic Futures Market Feed (1-Year 60m Candles)
2025-11-10 18:00,2025-11-10,18,Copper,HG=F,5.095,5.104,5.092,5.095,0,-0.1,0.0,-0.002,USD/lb,Authentic Futures Market Feed (1-Year 60m Candles)
2025-11-10 19:00,2025-11-10,19,Copper,HG=F,5.094,5.103,5.082,5.088,936,-0.13999999999999999,-0.006,-0.006,USD/lb,Authentic Futures Market Feed (1-Year 60m Candles)
2025-11-10 20:00,2025-11-10,20,Copper,HG=F,5.088,5.1,5.077,5.08,2151,-0.16,-0.008,-0.002,USD/lb,Authentic Futures Market Feed (1-Year 60m Candles)
2025-11-10 21:00,2025-11-10,21,Copper,HG=F,5.08,5.087,5.072,5.076,628,-0.08,-0.004,0.004,USD/lb,Authentic Futures Market Feed (1-Year 60m Candles)
2025-11-10 22:00,2025-11-10,22,Copper,HG=F,5.076,5.093,5.074,5.09,463,0.27999999999999997,0.014,0.018,USD/lb,Authentic Futures Market Feed (1-Year 60m Candles)
2025-11-10 23:00,2025-11-10,23,Copper,HG=F,5.091,5.096,5.08,5.08,213,-0.2,-0.011,-0.025,USD/lb,Authentic Futures Market Feed (1-Year 60m Candles)
2025-11-11 00:00,2025-11-11,0,Copper,HG=F,5.082,5.085,5.068,5.069,447,-0.22,-0.013,-0.002,USD/lb,Authentic Futures Market Feed (1-Year 60m Candles)
2025-11-11 01:00,2025-11-11,1,Copper,HG=F,5.069,5.082,5.064,5.069,612,0.0,0.0,0.013,USD/lb,Authentic Futures Market Feed (1-Year 60m Candles)
2025-11-11 02:00,2025-11-11,2,Copper,HG=F,5.069,5.082,5.054,5.078,962,0.18,0.009,0.009,USD/lb,Authentic Futures Market Feed (1-Year 60m Candles)
2025-11-11 03:00,2025-11-11,3,Copper,HG=F,5.08,5.095,5.068,5.069,1329,-0.18,-0.011,-0.02,USD/lb,Authentic Futures Market Feed (1-Year 60m Candles)
2025-11-11 04:00,2025-11-11,4,Copper,HG=F,5.068,5.08,5.062,5.075,1296,0.12,0.007,0.018,USD/lb,Authentic Futures Market Feed (1-Year 60m Candles)
2025-11-11 05:00,2025-11-11,5,Copper,HG=F,5.075,5.08,5.061,5.07,1436,-0.1,-0.005,-0.012,USD/lb,Authentic Futures Market Feed (1-Year 60m Candles)
2025-11-11 06:00,2025-11-11,6,Copper,HG=F,5.07,5.079,5.065,5.068,745,-0.04,-0.002,0.003,USD/lb,Authentic Futures Market Feed (1-Year 60m Candles)
2025-11-11 07:00,2025-11-11,7,Copper,HG=F,5.069,5.071,5.056,5.061,1478,-0.13999999999999999,-0.008,-0.006,USD/lb,Authentic Futures Market Feed (1-Year 60m Candles)
2025-11-11 08:00,2025-11-11,8,Copper,HG=F,5.061,5.098,5.061,5.09,5244,0.5700000000000001,0.029,0.037,USD/lb,Authentic Futures Market Feed (1-Year 60m Candles)
2025-11-11 09:00,2025-11-11,9,Copper,HG=F,5.09,5.095,5.071,5.082,3078,-0.16,-0.008,-0.037,USD/lb,Authentic Futures Market Feed (1-Year 60m Candles)
2025-11-11 10:00,2025-11-11,10,Copper,HG=F,5.082,5.088,5.052,5.06,3682,-0.43,-0.022,-0.014,USD/lb,Authentic Futures Market Feed (1-Year 60m Candles)
2025-11-11 11:00,2025-11-11,11,Copper,HG=F,5.061,5.071,5.056,5.062,3059,0.04,0.001,0.023,USD/lb,Authentic Futures Market Feed (1-Year 60m Candles)
2025-11-11 12:00,2025-11-11,12,Copper,HG=F,5.062,5.071,5.057,5.067,5088,0.1,0.005,0.004,USD/lb,Authentic Futures Market Feed (1-Year 60m Candles)
2025-11-11 13:00,2025-11-11,13,Copper,HG=F,5.068,5.07,5.063,5.069,929,0.04,0.001,-0.004,USD/lb,Authentic Futures Market Feed (1-Year 60m Candles)
2025-11-11 14:00,2025-11-11,14,Copper,HG=F,5.068,5.071,5.067,5.067,168,-0.04,-0.001,-0.002,USD/lb,Authentic Futures Market Feed (1-Year 60m Candles)
2025-11-11 15:00,2025-11-11,15,Copper,HG=F,5.068,5.07,5.064,5.068,757,0.02,0.0,0.001,USD/lb,Authentic Futures Market Feed (1-Year 60m Candles)
2025-11-11 16:00,2025-11-11,16,Copper,HG=F,5.068,5.069,5.06,5.063,0,-0.1,-0.005,-0.005,USD/lb,Authentic Futures Market Feed (1-Year 60m Candles)
2025-11-11 18:00,2025-11-11,18,Copper,HG=F,5.063,5.076,5.063,5.07,294,0.13999999999999999,0.007,0.012,USD/lb,Authentic Futures Market Feed (1-Year 60m Candles)
2025-11-11 19:00,2025-11-11,19,Copper,HG=F,5.07,5.076,5.064,5.067,275,-0.06,-0.003,-0.01,USD/lb,Authentic Futures Market Feed (1-Year 60m Candles)
2025-11-11 20:00,2025-11-11,20,Copper,HG=F,5.068,5.077,5.054,5.074,601,0.13999999999999999,0.006,0.009,USD/lb,Authentic Futures Market Feed (1-Year 60m Candles)
2025-11-11 21:00,2025-11-11,21,Copper,HG=F,5.075,5.087,5.062,5.062,539,-0.24,-0.013,-0.019,USD/lb,Authentic Futures Market Feed (1-Year 60m Candles)
2025-11-11 22:00,2025-11-11,22,Copper,HG=F,5.062,5.068,5.058,5.063,299,0.02,0.001,0.014,USD/lb,Authentic Futures Market Feed (1-Year 60m Candles)
2025-11-11 23:00,2025-11-11,23,Copper,HG=F,5.061,5.061,5.046,5.048,501,-0.3,-0.013,-0.014,USD/lb,Authentic Futures Market Feed (1-Year 60m Candles)
2025-11-12 00:00,2025-11-12,0,Copper,HG=F,5.048,5.054,5.025,5.05,895,0.04,0.002,0.015,USD/lb,Authentic Futures Market Feed (1-Year 60m Candles)
2025-11-12 01:00,2025-11-12,1,Copper,HG=F,5.049,5.075,5.049,5.072,589,0.44,0.023,0.021,USD/lb,Authentic Futures Market Feed (1-Year 60m Candles)
2025-11-12 02:00,2025-11-12,2,Copper,HG=F,5.073,5.089,5.069,5.075,783,0.06,0.002,-0.021,USD/lb,Authentic Futures Market Feed (1-Year 60m Candles)
2025-11-12 03:00,2025-11-12,3,Copper,HG=F,5.075,5.081,5.067,5.072,531,-0.06,-0.003,-0.005,USD/lb,Authentic Futures Market Feed (1-Year 60m Candles)
2025-11-12 04:00,2025-11-12,4,Copper,HG=F,5.07,5.073,5.058,5.067,414,-0.1,-0.003,0.0,USD/lb,Authentic Futures Market Feed (1-Year 60m Candles)
2025-11-12 05:00,2025-11-12,5,Copper,HG=F,5.068,5.07,5.056,5.068,1264,0.02,0.0,0.003,USD/lb,Authentic Futures Market Feed (1-Year 60m Candles)
2025-11-12 06:00,2025-11-12,6,Copper,HG=F,5.069,5.073,5.065,5.068,473,0.0,-0.001,-0.001,USD/lb,Authentic Futures Market Feed (1-Year 60m Candles)
2025-11-12 07:00,2025-11-12,7,Copper,HG=F,5.067,5.1,5.067,5.097,1703,0.5700000000000001,0.03,0.031,USD/lb,Authentic Futures Market Feed (1-Year 60m Candles)
2025-11-12 08:00,2025-11-12,8,Copper,HG=F,5.098,5.138,5.08,5.133,6855,0.7100000000000001,0.035,0.005,USD/lb,Authentic Futures Market Feed (1-Year 60m Candles)
2025-11-12 09:00,2025-11-12,9,Copper,HG=F,5.133,5.15,5.123,5.142,6413,0.18,0.009,-0.026,USD/lb,Authentic Futures Market Feed (1-Year 60m Candles)
2025-11-12 10:00,2025-11-12,10,Copper,HG=F,5.142,5.145,5.123,5.129,5095,-0.25,-0.013,-0.022,USD/lb,Authentic Futures Market Feed (1-Year 60m Candles)
2025-11-12 11:00,2025-11-12,11,Copper,HG=F,5.129,5.136,5.116,5.122,5285,-0.13999999999999999,-0.007,0.006,USD/lb,Authentic Futures Market Feed (1-Year 60m Candles)
2025-11-12 12:00,2025-11-12,12,Copper,HG=F,5.122,5.123,5.095,5.107,9689,-0.29,-0.015,-0.008,USD/lb,Authentic Futures Market Feed (1-Year 60m Candles)
2025-11-12 13:00,2025-11-12,13,Copper,HG=F,5.105,5.108,5.095,5.096,1570,-0.22,-0.009,0.006,USD/lb,Authentic Futures Market Feed (1-Year 60m Candles)
2025-11-12 14:00,2025-11-12,14,Copper,HG=F,5.096,5.097,5.08,5.084,1031,-0.24,-0.012,-0.003,USD/lb,Authentic Futures Market Feed (1-Year 60m Candles)
2025-11-12 15:00,2025-11-12,15,Copper,HG=F,5.082,5.089,5.077,5.085,772,0.02,0.003,0.015,USD/lb,Authentic Futures Market Feed (1-Year 60m Candles)
2025-11-12 16:00,2025-11-12,16,Copper,HG=F,5.087,5.091,5.081,5.087,425,0.04,0.0,-0.003,USD/lb,Authentic Futures Market Feed (1-Year 60m Candles)
2025-11-12 18:00,2025-11-12,18,Copper,HG=F,5.093,5.093,5.083,5.085,0,-0.04,-0.008,-0.008,USD/lb,Authentic Futures Market Feed (1-Year 60m Candles)
2025-11-12 19:00,2025-11-12,19,Copper,HG=F,5.085,5.096,5.083,5.095,605,0.2,0.01,0.018,USD/lb,Authentic Futures Market Feed (1-Year 60m Candles)
2025-11-12 20:00,2025-11-12,20,Copper,HG=F,5.096,5.106,5.082,5.104,1172,0.18,0.008,-0.002,USD/lb,Authentic Futures Market Feed (1-Year 60m Candles)
2025-11-12 21:00,2025-11-12,21,Copper,HG=F,5.105,5.113,5.1,5.106,444,0.04,0.001,-0.007,USD/lb,Authentic Futures Market Feed (1-Year 60m Candles)
2025-11-12 22:00,2025-11-12,22,Copper,HG=F,5.107,5.123,5.106,5.122,572,0.31,0.015,0.014,USD/lb,Authentic Futures Market Feed (1-Year 60m Candles)
2025-11-12 23:00,2025-11-12,23,Copper,HG=F,5.12,5.128,5.119,5.127,392,0.1,0.007,-0.008,USD/lb,Authentic Futures Market Feed (1-Year 60m Candles)
2025-11-13 00:00,2025-11-13,0,Copper,HG=F,5.126,5.133,5.119,5.121,459,-0.12,-0.005,-0.012,USD/lb,Authentic Futures Market Feed (1-Year 60m Candles)
2025-11-13 01:00,2025-11-13,1,Copper,HG=F,5.119,5.142,5.114,5.138,900,0.33,0.019,0.024,USD/lb,Authentic Futures Market Feed (1-Year 60m Candles)
2025-11-13 02:00,2025-11-13,2,Copper,HG=F,5.137,5.148,5.134,5.135,969,-0.06,-0.002,-0.021,USD/lb,Authentic Futures Market Feed (1-Year 60m Candles)
2025-11-13 03:00,2025-11-13,3,Copper,HG=F,5.134,5.146,5.131,5.145,758,0.19,0.011,0.013,USD/lb,Authentic Futures Market Feed (1-Year 60m Candles)
2025-11-13 04:00,2025-11-13,4,Copper,HG=F,5.144,5.148,5.111,5.127,1232,-0.35000000000000003,-0.017,-0.028,USD/lb,Authentic Futures Market Feed (1-Year 60m Candles)
2025-11-13 05:00,2025-11-13,5,Copper,HG=F,5.124,5.127,5.106,5.107,1747,-0.38999999999999996,-0.017,0.0,USD/lb,Authentic Futures Market Feed (1-Year 60m Candles)
2025-11-13 06:00,2025-11-13,6,Copper,HG=F,5.107,5.125,5.102,5.122,1149,0.29,0.015,0.032,USD/lb,Authentic Futures Market Feed (1-Year 60m Candles)
2025-11-13 07:00,2025-11-13,7,Copper,HG=F,5.122,5.141,5.12,5.141,1945,0.37,0.019,0.004,USD/lb,Authentic Futures Market Feed (1-Year 60m Candles)
2025-11-13 08:00,2025-11-13,8,Copper,HG=F,5.141,5.163,5.12,5.156,3710,0.29,0.015,-0.004,USD/lb,Authentic Futures Market Feed (1-Year 60m Candles)
2025-11-13 09:00,2025-11-13,9,Copper,HG=F,5.157,5.159,5.115,5.134,4193,-0.43,-0.023,-0.038,USD/lb,Authentic Futures Market Feed (1-Year 60m Candles)
2025-11-13 10:00,2025-11-13,10,Copper,HG=F,5.133,5.155,5.122,5.128,3002,-0.12,-0.005,0.018,USD/lb,Authentic Futures Market Feed (1-Year 60m Candles)
2025-11-13 11:00,2025-11-13,11,Copper,HG=F,5.129,5.142,5.11,5.118,4163,-0.2,-0.011,-0.006,USD/lb,Authentic Futures Market Feed (1-Year 60m Candles)
2025-11-13 12:00,2025-11-13,12,Copper,HG=F,5.118,5.12,5.082,5.101,7222,-0.33,-0.017,-0.006,USD/lb,Authentic Futures Market Feed (1-Year 60m Candles)
2025-11-13 13:00,2025-11-13,13,Copper,HG=F,5.101,5.104,5.044,5.057,4216,-0.86,-0.044,-0.027,USD/lb,Authentic Futures Market Feed (1-Year 60m Candles)
2025-11-13 14:00,2025-11-13,14,Copper,HG=F,5.056,5.062,5.036,5.049,2003,-0.16,-0.007,0.037,USD/lb,Authentic Futures Market Feed (1-Year 60m Candles)
2025-11-13 15:00,2025-11-13,15,Copper,HG=F,5.049,5.054,5.043,5.052,499,0.06,0.003,0.01,USD/lb,Authentic Futures Market Feed (1-Year 60m Candles)
2025-11-13 16:00,2025-11-13,16,Copper,HG=F,5.052,5.063,5.05,5.057,0,0.1,0.005,0.002,USD/lb,Authentic Futures Market Feed (1-Year 60m Candles)
2025-11-13 18:00,2025-11-13,18,Copper,HG=F,5.062,5.067,5.057,5.057,466,0.0,-0.005,-0.01,USD/lb,Authentic Futures Market Feed (1-Year 60m Candles)
2025-11-13 19:00,2025-11-13,19,Copper,HG=F,5.057,5.07,5.053,5.068,482,0.22,0.011,0.016,USD/lb,Authentic Futures Market Feed (1-Year 60m Candles)
2025-11-13 20:00,2025-11-13,20,Copper,HG=F,5.068,5.075,5.045,5.071,1846,0.06,0.003,-0.008,USD/lb,Authentic Futures Market Feed (1-Year 60m Candles)
2025-11-13 21:00,2025-11-13,21,Copper,HG=F,5.072,5.08,5.057,5.068,695,-0.06,-0.004,-0.007,USD/lb,Authentic Futures Market Feed (1-Year 60m Candles)
2025-11-13 22:00,2025-11-13,22,Copper,HG=F,5.067,5.081,5.056,5.078,656,0.2,0.011,0.015,USD/lb,Authentic Futures Market Feed (1-Year 60m Candles)
2025-11-13 23:00,2025-11-13,23,Copper,HG=F,5.078,5.08,5.068,5.07,270,-0.16,-0.008,-0.019,USD/lb,Authentic Futures Market Feed (1-Year 60m Candles)
2025-11-14 00:00,2025-11-14,0,Copper,HG=F,5.071,5.085,5.05,5.083,1289,0.26,0.012,0.02,USD/lb,Authentic Futures Market Feed (1-Year 60m Candles)
2025-11-14 01:00,2025-11-14,1,Copper,HG=F,5.084,5.092,5.063,5.072,976,-0.22,-0.012,-0.024,USD/lb,Authentic Futures Market Feed (1-Year 60m Candles)
2025-11-14 02:00,2025-11-14,2,Copper,HG=F,5.069,5.081,5.062,5.076,679,0.08,0.007,0.019,USD/lb,Authentic Futures Market Feed (1-Year 60m Candles)
2025-11-14 03:00,2025-11-14,3,Copper,HG=F,5.076,5.078,5.035,5.063,1673,-0.26,-0.013,-0.02,USD/lb,Authentic Futures Market Feed (1-Year 60m Candles)
2025-11-14 04:00,2025-11-14,4,Copper,HG=F,5.062,5.075,5.059,5.069,1220,0.12,0.007,0.02,USD/lb,Authentic Futures Market Feed (1-Year 60m Candles)
2025-11-14 05:00,2025-11-14,5,Copper,HG=F,5.07,5.088,5.069,5.073,955,0.08,0.003,-0.004,USD/lb,Authentic Futures Market Feed (1-Year 60m Candles)
2025-11-14 06:00,2025-11-14,6,Copper,HG=F,5.072,5.076,5.044,5.052,1424,-0.41000000000000003,-0.02,-0.023,USD/lb,Authentic Futures Market Feed (1-Year 60m Candles)
2025-11-14 07:00,2025-11-14,7,Copper,HG=F,5.052,5.062,5.041,5.055,2489,0.06,0.003,0.023,USD/lb,Authentic Futures Market Feed (1-Year 60m Candles)
2025-11-14 08:00,2025-11-14,8,Copper,HG=F,5.054,5.062,5.002,5.018,9351,-0.73,-0.036,-0.039,USD/lb,Authentic Futures Market Feed (1-Year 60m Candles)
2025-11-14 09:00,2025-11-14,9,Copper,HG=F,5.019,5.058,5.008,5.056,4697,0.76,0.037,0.073,USD/lb,Authentic Futures Market Feed (1-Year 60m Candles)
2025-11-14 10:00,2025-11-14,10,Copper,HG=F,5.057,5.078,5.042,5.076,6090,0.4,0.019,-0.018,USD/lb,Authentic Futures Market Feed (1-Year 60m Candles)
2025-11-14 11:00,2025-11-14,11,Copper,HG=F,5.076,5.084,5.069,5.074,4623,-0.04,-0.002,-0.021,USD/lb,Authentic Futures Market Feed (1-Year 60m Candles)
2025-11-14 12:00,2025-11-14,12,Copper,HG=F,5.074,5.074,5.057,5.062,5130,-0.24,-0.012,-0.01,USD/lb,Authentic Futures Market Feed (1-Year 60m Candles)
2025-11-14 13:00,2025-11-14,13,Copper,HG=F,5.062,5.064,5.048,5.061,2072,-0.02,-0.001,0.011,USD/lb,Authentic Futures Market Feed (1-Year 60m Candles)
2025-11-14 14:00,2025-11-14,14,Copper,HG=F,5.061,5.066,5.052,5.061,527,0.0,0.0,0.001,USD/lb,Authentic Futures Market Feed (1-Year 60m Candles)
2025-11-14 15:00,2025-11-14,15,Copper,HG=F,5.061,5.065,5.049,5.052,653,-0.18,-0.009,-0.009,USD/lb,Authentic Futures Market Feed (1-Year 60m Candles)
2025-11-14 16:00,2025-11-14,16,Copper,HG=F,5.054,5.063,5.048,5.063,345,0.22,0.009,0.018,USD/lb,Authentic Futures Market Feed (1-Year 60m Candles)
2025-11-16 18:00,2025-11-16,18,Copper,HG=F,5.042,5.052,5.038,5.05,339,-0.26,0.008,-0.001,USD/lb,Authentic Futures Market Feed (1-Year 60m Candles)
2025-11-16 19:00,2025-11-16,19,Copper,HG=F,5.05,5.05,5.037,5.045,490,-0.1,-0.005,-0.013,USD/lb,Authentic Futures Market Feed (1-Year 60m Candles)
2025-11-16 20:00,2025-11-16,20,Copper,HG=F,5.046,5.054,5.03,5.03,693,-0.3,-0.016,-0.011,USD/lb,Authentic Futures Market Feed (1-Year 60m Candles)
2025-11-16 21:00,2025-11-16,21,Copper,HG=F,5.029,5.046,5.022,5.042,452,0.24,0.013,0.029,USD/lb,Authentic Futures Market Feed (1-Year 60m Candles)
2025-11-16 22:00,2025-11-16,22,Copper,HG=F,5.042,5.049,5.027,5.032,459,-0.2,-0.01,-0.023,USD/lb,Authentic Futures Market Feed (1-Year 60m Candles)
2025-11-16 23:00,2025-11-16,23,Copper,HG=F,5.03,5.044,5.029,5.037,199,0.1,0.007,0.017,USD/lb,Authentic Futures Market Feed (1-Year 60m Candles)
2025-11-17 00:00,2025-11-17,0,Copper,HG=F,5.037,5.043,5.028,5.031,841,-0.12,-0.006,-0.013,USD/lb,Authentic Futures Market Feed (1-Year 60m Candles)
2025-11-17 01:00,2025-11-17,1,Copper,HG=F,5.031,5.042,5.021,5.033,1114,0.04,0.002,0.008,USD/lb,Authentic Futures Market Feed (1-Year 60m Candles)
2025-11-17 02:00,2025-11-17,2,Copper,HG=F,5.033,5.057,5.033,5.056,815,0.45999999999999996,0.023,0.021,USD/lb,Authentic Futures Market Feed (1-Year 60m Candles)
2025-11-17 03:00,2025-11-17,3,Copper,HG=F,5.055,5.056,5.024,5.032,1967,-0.47000000000000003,-0.023,-0.046,USD/lb,Authentic Futures Market Feed (1-Year 60m Candles)
2025-11-17 04:00,2025-11-17,4,Copper,HG=F,5.031,5.047,5.019,5.037,958,0.1,0.006,0.029,USD/lb,Authentic Futures Market Feed (1-Year 60m Candles)
2025-11-17 05:00,2025-11-17,5,Copper,HG=F,5.036,5.047,5.024,5.027,1900,-0.2,-0.009,-0.015,USD/lb,Authentic Futures Market Feed (1-Year 60m Candles)
2025-11-17 06:00,2025-11-17,6,Copper,HG=F,5.027,5.035,5.019,5.032,1110,0.1,0.005,0.014,USD/lb,Authentic Futures Market Feed (1-Year 60m Candles)
2025-11-17 07:00,2025-11-17,7,Copper,HG=F,5.032,5.043,5.026,5.036,1229,0.08,0.004,-0.001,USD/lb,Authentic Futures Market Feed (1-Year 60m Candles)
2025-11-17 08:00,2025-11-17,8,Copper,HG=F,5.036,5.039,5.008,5.012,3659,-0.48,-0.024,-0.028,USD/lb,Authentic Futures Market Feed (1-Year 60m Candles)
2025-11-17 09:00,2025-11-17,9,Copper,HG=F,5.012,5.035,5.006,5.022,3429,0.2,0.01,0.034,USD/lb,Authentic Futures Market Feed (1-Year 60m Candles)
2025-11-17 10:00,2025-11-17,10,Copper,HG=F,5.023,5.027,5.008,5.022,3683,0.0,-0.001,-0.011,USD/lb,Authentic Futures Market Feed (1-Year 60m Candles)
2025-11-17 11:00,2025-11-17,11,Copper,HG=F,5.023,5.025,5.006,5.024,3943,0.04,0.001,0.002,USD/lb,Authentic Futures Market Feed (1-Year 60m Candles)
2025-11-17 12:00,2025-11-17,12,Copper,HG=F,5.023,5.025,5.006,5.015,3541,-0.18,-0.008,-0.009,USD/lb,Authentic Futures Market Feed (1-Year 60m Candles)
2025-11-17 13:00,2025-11-17,13,Copper,HG=F,5.014,5.015,5.003,5.005,1201,-0.2,-0.009,-0.001,USD/lb,Authentic Futures Market Feed (1-Year 60m Candles)
2025-11-17 14:00,2025-11-17,14,Copper,HG=F,5.005,5.01,4.97,4.972,2902,-0.66,-0.033,-0.024,USD/lb,Authentic Futures Market Feed (1-Year 60m Candles)
2025-11-17 15:00,2025-11-17,15,Copper,HG=F,4.97,4.992,4.961,4.991,2743,0.38,0.021,0.054,USD/lb,Authentic Futures Market Feed (1-Year 60m Candles)
2025-11-17 16:00,2025-11-17,16,Copper,HG=F,4.991,4.995,4.986,4.99,0,-0.02,-0.001,-0.022,USD/lb,Authentic Futures Market Feed (1-Year 60m Candles)
2025-11-17 18:00,2025-11-17,18,Copper,HG=F,4.992,4.997,4.983,4.99,295,0.0,-0.002,-0.001,USD/lb,Authentic Futures Market Feed (1-Year 60m Candles)
2025-11-17 19:00,2025-11-17,19,Copper,HG=F,4.99,4.994,4.983,4.989,506,-0.02,-0.001,0.001,USD/lb,Authentic Futures Market Feed (1-Year 60m Candles)
2025-11-17 20:00,2025-11-17,20,Copper,HG=F,4.99,5.002,4.983,4.986,1367,-0.06,-0.004,-0.003,USD/lb,Authentic Futures Market Feed (1-Year 60m Candles)
2025-11-17 21:00,2025-11-17,21,Copper,HG=F,4.985,4.995,4.978,4.985,1521,-0.02,0.0,0.004,USD/lb,Authentic Futures Market Feed (1-Year 60m Candles)
2025-11-17 22:00,2025-11-17,22,Copper,HG=F,4.985,4.986,4.965,4.966,1140,-0.38,-0.019,-0.019,USD/lb,Authentic Futures Market Feed (1-Year 60m Candles)
2025-11-17 23:00,2025-11-17,23,Copper,HG=F,4.968,4.968,4.948,4.953,1854,-0.26,-0.015,0.004,USD/lb,Authentic Futures Market Feed (1-Year 60m Candles)
2025-11-18 00:00,2025-11-18,0,Copper,HG=F,4.952,4.97,4.952,4.964,901,0.22,0.012,0.027,USD/lb,Authentic Futures Market Feed (1-Year 60m Candles)
2025-11-18 01:00,2025-11-18,1,Copper,HG=F,4.965,4.973,4.958,4.969,1272,0.1,0.004,-0.008,USD/lb,Authentic Futures Market Feed (1-Year 60m Candles)
2025-11-18 02:00,2025-11-18,2,Copper,HG=F,4.969,4.978,4.957,4.976,1064,0.13999999999999999,0.007,0.003,USD/lb,Authentic Futures Market Feed (1-Year 60m Candles)
2025-11-18 03:00,2025-11-18,3,Copper,HG=F,4.976,4.996,4.972,4.991,2166,0.3,0.015,0.008,USD/lb,Authentic Futures Market Feed (1-Year 60m Candles)
2025-11-18 04:00,2025-11-18,4,Copper,HG=F,4.99,4.995,4.98,4.991,1291,0.0,0.001,-0.014,USD/lb,Authentic Futures Market Feed (1-Year 60m Candles)
2025-11-18 05:00,2025-11-18,5,Copper,HG=F,4.991,4.992,4.976,4.985,1490,-0.12,-0.006,-0.007,USD/lb,Authentic Futures Market Feed (1-Year 60m Candles)
2025-11-18 06:00,2025-11-18,6,Copper,HG=F,4.985,4.985,4.973,4.979,1063,-0.12,-0.006,0.0,USD/lb,Authentic Futures Market Feed (1-Year 60m Candles)
2025-11-18 07:00,2025-11-18,7,Copper,HG=F,4.979,4.989,4.962,4.97,2142,-0.18,-0.009,-0.003,USD/lb,Authentic Futures Market Feed (1-Year 60m Candles)
2025-11-18 08:00,2025-11-18,8,Copper,HG=F,4.969,5.007,4.956,4.986,8818,0.32,0.017,0.026,USD/lb,Authentic Futures Market Feed (1-Year 60m Candles)
2025-11-18 09:00,2025-11-18,9,Copper,HG=F,4.986,5.006,4.976,4.979,4237,-0.13999999999999999,-0.007,-0.024,USD/lb,Authentic Futures Market Feed (1-Year 60m Candles)
2025-11-18 10:00,2025-11-18,10,Copper,HG=F,4.98,4.982,4.967,4.969,3833,-0.2,-0.011,-0.004,USD/lb,Authentic Futures Market Feed (1-Year 60m Candles)
2025-11-18 11:00,2025-11-18,11,Copper,HG=F,4.969,4.992,4.962,4.989,4010,0.4,0.02,0.031,USD/lb,Authentic Futures Market Feed (1-Year 60m Candles)
2025-11-18 12:00,2025-11-18,12,Copper,HG=F,4.988,4.991,4.964,4.972,5481,-0.33999999999999997,-0.016,-0.036,USD/lb,Authentic Futures Market Feed (1-Year 60m Candles)
2025-11-18 13:00,2025-11-18,13,Copper,HG=F,4.972,4.982,4.969,4.976,2455,0.08,0.004,0.02,USD/lb,Authentic Futures Market Feed (1-Year 60m Candles)
2025-11-18 14:00,2025-11-18,14,Copper,HG=F,4.976,4.986,4.975,4.984,643,0.16,0.008,0.004,USD/lb,Authentic Futures Market Feed (1-Year 60m Candles)
2025-11-18 15:00,2025-11-18,15,Copper,HG=F,4.984,4.985,4.961,4.961,617,-0.45999999999999996,-0.023,-0.031,USD/lb,Authentic Futures Market Feed (1-Year 60m Candles)
2025-11-18 16:00,2025-11-18,16,Copper,HG=F,4.963,4.97,4.959,4.97,399,0.18,0.007,0.03,USD/lb,Authentic Futures Market Feed (1-Year 60m Candles)
2025-11-18 18:00,2025-11-18,18,Copper,HG=F,4.968,4.972,4.96,4.964,0,-0.12,-0.004,-0.011,USD/lb,Authentic Futures Market Feed (1-Year 60m Candles)
2025-11-18 19:00,2025-11-18,19,Copper,HG=F,4.964,4.966,4.953,4.964,514,0.0,0.0,0.004,USD/lb,Authentic Futures Market Feed (1-Year 60m Candles)
2025-11-18 20:00,2025-11-18,20,Copper,HG=F,4.962,4.978,4.962,4.97,1142,0.12,0.008,0.008,USD/lb,Authentic Futures Market Feed (1-Year 60m Candles)
2025-11-18 21:00,2025-11-18,21,Copper,HG=F,4.972,4.995,4.971,4.983,805,0.26,0.011,0.003,USD/lb,Authentic Futures Market Feed (1-Year 60m Candles)
2025-11-18 22:00,2025-11-18,22,Copper,HG=F,4.982,4.984,4.969,4.97,651,-0.26,-0.012,-0.023,USD/lb,Authentic Futures Market Feed (1-Year 60m Candles)
2025-11-18 23:00,2025-11-18,23,Copper,HG=F,4.97,4.977,4.964,4.969,188,-0.02,-0.001,0.011,USD/lb,Authentic Futures Market Feed (1-Year 60m Candles)
2025-11-19 00:00,2025-11-19,0,Copper,HG=F,4.969,4.986,4.968,4.985,454,0.32,0.016,0.017,USD/lb,Authentic Futures Market Feed (1-Year 60m Candles)
2025-11-19 01:00,2025-11-19,1,Copper,HG=F,4.986,4.995,4.98,4.987,872,0.04,0.001,-0.015,USD/lb,Authentic Futures Market Feed (1-Year 60m Candles)
2025-11-19 02:00,2025-11-19,2,Copper,HG=F,4.988,4.997,4.981,4.989,477,0.04,0.001,0.0,USD/lb,Authentic Futures Market Feed (1-Year 60m Candles)
2025-11-19 03:00,2025-11-19,3,Copper,HG=F,4.989,4.995,4.977,4.982,1120,-0.13999999999999999,-0.007,-0.008,USD/lb,Authentic Futures Market Feed (1-Year 60m Candles)
2025-11-19 04:00,2025-11-19,4,Copper,HG=F,4.981,5.017,4.973,5.012,3731,0.6,0.031,0.038,USD/lb,Authentic Futures Market Feed (1-Year 60m Candles)
2025-11-19 05:00,2025-11-19,5,Copper,HG=F,5.012,5.036,5.01,5.03,2301,0.36,0.018,-0.013,USD/lb,Authentic Futures Market Feed (1-Year 60m Candles)
2025-11-19 06:00,2025-11-19,6,Copper,HG=F,5.031,5.04,5.023,5.026,1170,-0.08,-0.005,-0.023,USD/lb,Authentic Futures Market Feed (1-Year 60m Candles)
2025-11-19 07:00,2025-11-19,7,Copper,HG=F,5.026,5.038,5.019,5.029,1842,0.06,0.003,0.008,USD/lb,Authentic Futures Market Feed (1-Year 60m Candles)
2025-11-19 08:00,2025-11-19,8,Copper,HG=F,5.029,5.038,5.017,5.023,3703,-0.12,-0.006,-0.009,USD/lb,Authentic Futures Market Feed (1-Year 60m Candles)
2025-11-19 09:00,2025-11-19,9,Copper,HG=F,5.022,5.024,5.002,5.023,3651,0.0,0.001,0.007,USD/lb,Authentic Futures Market Feed (1-Year 60m Candles)
2025-11-19 10:00,2025-11-19,10,Copper,HG=F,5.023,5.035,4.996,5.003,9300,-0.4,-0.02,-0.021,USD/lb,Authentic Futures Market Feed (1-Year 60m Candles)
2025-11-19 11:00,2025-11-19,11,Copper,HG=F,5.002,5.007,4.989,4.997,3054,-0.12,-0.005,0.015,USD/lb,Authentic Futures Market Feed (1-Year 60m Candles)
2025-11-19 12:00,2025-11-19,12,Copper,HG=F,4.995,5.023,4.99,5.017,5505,0.4,0.022,0.027,USD/lb,Authentic Futures Market Feed (1-Year 60m Candles)
2025-11-19 13:00,2025-11-19,13,Copper,HG=F,5.017,5.034,5.017,5.03,2310,0.26,0.013,-0.009,USD/lb,Authentic Futures Market Feed (1-Year 60m Candles)
2025-11-19 14:00,2025-11-19,14,Copper,HG=F,5.03,5.031,5.009,5.018,556,-0.24,-0.012,-0.025,USD/lb,Authentic Futures Market Feed (1-Year 60m Candles)
2025-11-19 15:00,2025-11-19,15,Copper,HG=F,5.02,5.032,5.015,5.022,562,0.08,0.002,0.014,USD/lb,Authentic Futures Market Feed (1-Year 60m Candles)
2025-11-19 16:00,2025-11-19,16,Copper,HG=F,5.022,5.035,5.011,5.031,1017,0.18,0.009,0.007,USD/lb,Authentic Futures Market Feed (1-Year 60m Candles)
2025-11-19 18:00,2025-11-19,18,Copper,HG=F,5.029,5.054,5.023,5.049,0,0.36,0.02,0.011,USD/lb,Authentic Futures Market Feed (1-Year 60m Candles)
2025-11-19 19:00,2025-11-19,19,Copper,HG=F,5.05,5.055,5.041,5.044,785,-0.1,-0.006,-0.026,USD/lb,Authentic Futures Market Feed (1-Year 60m Candles)
2025-11-19 20:00,2025-11-19,20,Copper,HG=F,5.044,5.049,5.035,5.038,1462,-0.12,-0.006,0.0,USD/lb,Authentic Futures Market Feed (1-Year 60m Candles)
2025-11-19 21:00,2025-11-19,21,Copper,HG=F,5.039,5.04,5.015,5.015,938,-0.45999999999999996,-0.024,-0.018,USD/lb,Authentic Futures Market Feed (1-Year 60m Candles)
2025-11-19 22:00,2025-11-19,22,Copper,HG=F,5.016,5.038,5.015,5.023,1158,0.16,0.007,0.031,USD/lb,Authentic Futures Market Feed (1-Year 60m Candles)
2025-11-19 23:00,2025-11-19,23,Copper,HG=F,5.023,5.041,5.023,5.036,344,0.26,0.013,0.006,USD/lb,Authentic Futures Market Feed (1-Year 60m Candles)
2025-11-20 00:00,2025-11-20,0,Copper,HG=F,5.036,5.036,5.01,5.011,588,-0.5,-0.025,-0.038,USD/lb,Authentic Futures Market Feed (1-Year 60m Candles)
2025-11-20 01:00,2025-11-20,1,Copper,HG=F,5.011,5.022,5.01,5.013,738,0.04,0.002,0.027,USD/lb,Authentic Futures Market Feed (1-Year 60m Candles)
2025-11-20 02:00,2025-11-20,2,Copper,HG=F,5.012,5.016,4.998,5.003,885,-0.2,-0.009,-0.011,USD/lb,Authentic Futures Market Feed (1-Year 60m Candles)
2025-11-20 03:00,2025-11-20,3,Copper,HG=F,5.003,5.006,4.984,5.004,1114,0.02,0.001,0.01,USD/lb,Authentic Futures Market Feed (1-Year 60m Candles)
2025-11-20 04:00,2025-11-20,4,Copper,HG=F,5.004,5.022,5.004,5.015,1208,0.22,0.011,0.01,USD/lb,Authentic Futures Market Feed (1-Year 60m Candles)
2025-11-20 05:00,2025-11-20,5,Copper,HG=F,5.016,5.025,5.013,5.016,1249,0.02,0.0,-0.011,USD/lb,Authentic Futures Market Feed (1-Year 60m Candles)
2025-11-20 06:00,2025-11-20,6,Copper,HG=F,5.016,5.022,5.01,5.02,563,0.08,0.004,0.004,USD/lb,Authentic Futures Market Feed (1-Year 60m Candles)
2025-11-20 07:00,2025-11-20,7,Copper,HG=F,5.021,5.036,5.017,5.031,785,0.22,0.01,0.006,USD/lb,Authentic Futures Market Feed (1-Year 60m Candles)
2025-11-20 08:00,2025-11-20,8,Copper,HG=F,5.031,5.043,5.015,5.035,3200,0.08,0.004,-0.006,USD/lb,Authentic Futures Market Feed (1-Year 60m Candles)
2025-11-20 09:00,2025-11-20,9,Copper,HG=F,5.035,5.036,5.013,5.026,5829,-0.18,-0.009,-0.013,USD/lb,Authentic Futures Market Feed (1-Year 60m Candles)
2025-11-20 10:00,2025-11-20,10,Copper,HG=F,5.028,5.031,5.006,5.009,5648,-0.33999999999999997,-0.019,-0.01,USD/lb,Authentic Futures Market Feed (1-Year 60m Candles)
2025-11-20 11:00,2025-11-20,11,Copper,HG=F,5.009,5.01,4.979,4.982,5670,-0.54,-0.027,-0.008,USD/lb,Authentic Futures Market Feed (1-Year 60m Candles)
2025-11-20 12:00,2025-11-20,12,Copper,HG=F,4.981,4.991,4.965,4.969,7268,-0.26,-0.012,0.015,USD/lb,Authentic Futures Market Feed (1-Year 60m Candles)
2025-11-20 13:00,2025-11-20,13,Copper,HG=F,4.969,4.978,4.951,4.956,2940,-0.26,-0.013,-0.001,USD/lb,Authentic Futures Market Feed (1-Year 60m Candles)
2025-11-20 14:00,2025-11-20,14,Copper,HG=F,4.954,4.978,4.945,4.977,1250,0.42,0.023,0.036,USD/lb,Authentic Futures Market Feed (1-Year 60m Candles)
2025-11-20 15:00,2025-11-20,15,Copper,HG=F,4.977,4.977,4.95,4.952,849,-0.5,-0.025,-0.048,USD/lb,Authentic Futures Market Feed (1-Year 60m Candles)
2025-11-20 16:00,2025-11-20,16,Copper,HG=F,4.952,4.959,4.951,4.953,0,0.02,0.001,0.026,USD/lb,Authentic Futures Market Feed (1-Year 60m Candles)
2025-11-20 18:00,2025-11-20,18,Copper,HG=F,4.953,4.962,4.951,4.96,336,0.13999999999999999,0.007,0.006,USD/lb,Authentic Futures Market Feed (1-Year 60m Candles)
2025-11-20 19:00,2025-11-20,19,Copper,HG=F,4.961,4.971,4.959,4.968,294,0.16,0.007,0.0,USD/lb,Authentic Futures Market Feed (1-Year 60m Candles)
2025-11-20 20:00,2025-11-20,20,Copper,HG=F,4.969,4.972,4.96,4.964,771,-0.08,-0.005,-0.012,USD/lb,Authentic Futures Market Feed (1-Year 60m Candles)
2025-11-20 21:00,2025-11-20,21,Copper,HG=F,4.963,4.975,4.948,4.952,684,-0.24,-0.011,-0.006,USD/lb,Authentic Futures Market Feed (1-Year 60m Candles)
2025-11-20 22:00,2025-11-20,22,Copper,HG=F,4.952,4.958,4.946,4.952,579,0.0,0.0,0.011,USD/lb,Authentic Futures Market Feed (1-Year 60m Candles)
2025-11-20 23:00,2025-11-20,23,Copper,HG=F,4.951,4.952,4.926,4.929,1055,-0.45999999999999996,-0.022,-0.022,USD/lb,Authentic Futures Market Feed (1-Year 60m Candles)
2025-11-21 00:00,2025-11-21,0,Copper,HG=F,4.931,4.961,4.93,4.958,1140,0.59,0.027,0.049,USD/lb,Authentic Futures Market Feed (1-Year 60m Candles)
2025-11-21 01:00,2025-11-21,1,Copper,HG=F,4.958,4.973,4.958,4.963,1610,0.1,0.005,-0.022,USD/lb,Authentic Futures Market Feed (1-Year 60m Candles)
2025-11-21 02:00,2025-11-21,2,Copper,HG=F,4.962,4.963,4.936,4.937,1056,-0.52,-0.025,-0.03,USD/lb,Authentic Futures Market Feed (1-Year 60m Candles)
2025-11-21 03:00,2025-11-21,3,Copper,HG=F,4.936,4.964,4.932,4.953,1830,0.32,0.017,0.042,USD/lb,Authentic Futures Market Feed (1-Year 60m Candles)
2025-11-21 04:00,2025-11-21,4,Copper,HG=F,4.953,4.96,4.928,4.928,1470,-0.5,-0.025,-0.042,USD/lb,Authentic Futures Market Feed (1-Year 60m Candles)
2025-11-21 05:00,2025-11-21,5,Copper,HG=F,4.929,4.949,4.915,4.944,2459,0.32,0.015,0.04,USD/lb,Authentic Futures Market Feed (1-Year 60m Candles)
2025-11-21 06:00,2025-11-21,6,Copper,HG=F,4.944,4.951,4.927,4.938,823,-0.12,-0.006,-0.021,USD/lb,Authentic Futures Market Feed (1-Year 60m Candles)
2025-11-21 07:00,2025-11-21,7,Copper,HG=F,4.938,4.982,4.926,4.97,3443,0.65,0.032,0.038,USD/lb,Authentic Futures Market Feed (1-Year 60m Candles)
2025-11-21 08:00,2025-11-21,8,Copper,HG=F,4.971,4.985,4.965,4.983,3905,0.26,0.012,-0.02,USD/lb,Authentic Futures Market Feed (1-Year 60m Candles)
2025-11-21 09:00,2025-11-21,9,Copper,HG=F,4.982,4.983,4.952,4.971,4767,-0.24,-0.011,-0.023,USD/lb,Authentic Futures Market Feed (1-Year 60m Candles)
2025-11-21 10:00,2025-11-21,10,Copper,HG=F,4.971,4.986,4.957,4.977,5767,0.12,0.006,0.017,USD/lb,Authentic Futures Market Feed (1-Year 60m Candles)
2025-11-21 11:00,2025-11-21,11,Copper,HG=F,4.977,5.013,4.964,5.012,6935,0.7000000000000001,0.035,0.029,USD/lb,Authentic Futures Market Feed (1-Year 60m Candles)
2025-11-21 12:00,2025-11-21,12,Copper,HG=F,5.012,5.023,5.001,5.016,9160,0.08,0.004,-0.031,USD/lb,Authentic Futures Market Feed (1-Year 60m Candles)
2025-11-21 13:00,2025-11-21,13,Copper,HG=F,5.016,5.022,5.001,5.013,1608,-0.06,-0.003,-0.007,USD/lb,Authentic Futures Market Feed (1-Year 60m Candles)
2025-11-21 14:00,2025-11-21,14,Copper,HG=F,5.014,5.02,5.01,5.011,843,-0.04,-0.003,0.0,USD/lb,Authentic Futures Market Feed (1-Year 60m Candles)
2025-11-21 15:00,2025-11-21,15,Copper,HG=F,5.011,5.014,5.0,5.003,672,-0.16,-0.008,-0.005,USD/lb,Authentic Futures Market Feed (1-Year 60m Candles)
2025-11-21 16:00,2025-11-21,16,Copper,HG=F,5.004,5.015,4.995,5.015,410,0.24,0.011,0.019,USD/lb,Authentic Futures Market Feed (1-Year 60m Candles)
2025-11-23 18:00,2025-11-23,18,Copper,HG=F,5.016,5.017,5.005,5.012,196,-0.06,-0.004,-0.015,USD/lb,Authentic Futures Market Feed (1-Year 60m Candles)
2025-11-23 19:00,2025-11-23,19,Copper,HG=F,5.012,5.014,5.005,5.01,345,-0.04,-0.002,0.002,USD/lb,Authentic Futures Market Feed (1-Year 60m Candles)
2025-11-23 20:00,2025-11-23,20,Copper,HG=F,5.01,5.016,4.996,4.999,563,-0.22,-0.011,-0.009,USD/lb,Authentic Futures Market Feed (1-Year 60m Candles)
2025-11-23 21:00,2025-11-23,21,Copper,HG=F,5.0,5.016,4.997,5.005,236,0.12,0.005,0.016,USD/lb,Authentic Futures Market Feed (1-Year 60m Candles)
2025-11-23 22:00,2025-11-23,22,Copper,HG=F,5.006,5.016,5.003,5.006,245,0.02,0.0,-0.005,USD/lb,Authentic Futures Market Feed (1-Year 60m Candles)
2025-11-23 23:00,2025-11-23,23,Copper,HG=F,5.005,5.008,4.995,4.995,204,-0.22,-0.01,-0.01,USD/lb,Authentic Futures Market Feed (1-Year 60m Candles)
2025-11-24 00:00,2025-11-24,0,Copper,HG=F,4.995,5.013,4.994,5.009,495,0.27999999999999997,0.014,0.024,USD/lb,Authentic Futures Market Feed (1-Year 60m Candles)
2025-11-24 01:00,2025-11-24,1,Copper,HG=F,5.009,5.02,4.997,5.002,486,-0.13999999999999999,-0.007,-0.021,USD/lb,Authentic Futures Market Feed (1-Year 60m Candles)
2025-11-24 02:00,2025-11-24,2,Copper,HG=F,5.002,5.008,4.997,5.003,156,0.02,0.001,0.008,USD/lb,Authentic Futures Market Feed (1-Year 60m Candles)
2025-11-24 03:00,2025-11-24,3,Copper,HG=F,5.002,5.099,4.994,5.015,698,0.24,0.013,0.012,USD/lb,Authentic Futures Market Feed (1-Year 60m Candles)
2025-11-24 04:00,2025-11-24,4,Copper,HG=F,5.014,5.095,4.981,5.069,5779,1.08,0.055,0.042,USD/lb,Authentic Futures Market Feed (1-Year 60m Candles)
2025-11-24 05:00,2025-11-24,5,Copper,HG=F,4.988,5.077,4.982,5.065,1195,-0.08,0.077,0.022,USD/lb,Authentic Futures Market Feed (1-Year 60m Candles)
2025-11-24 06:00,2025-11-24,6,Copper,HG=F,5.064,5.077,4.983,5.075,678,0.2,0.011,-0.066,USD/lb,Authentic Futures Market Feed (1-Year 60m Candles)
2025-11-24 07:00,2025-11-24,7,Copper,HG=F,5.075,5.081,4.984,4.994,0,-1.6,-0.081,-0.092,USD/lb,Authentic Futures Market Feed (1-Year 60m Candles)
2025-11-24 08:00,2025-11-24,8,Copper,HG=F,4.994,5.082,4.972,4.972,3890,-0.44,-0.022,0.059,USD/lb,Authentic Futures Market Feed (1-Year 60m Candles)
2025-11-24 09:00,2025-11-24,9,Copper,HG=F,4.971,5.067,4.97,5.065,11237,1.87,0.094,0.116,USD/lb,Authentic Futures Market Feed (1-Year 60m Candles)
2025-11-24 10:00,2025-11-24,10,Copper,HG=F,5.065,5.069,4.972,4.973,717,-1.82,-0.092,-0.186,USD/lb,Authentic Futures Market Feed (1-Year 60m Candles)
2025-11-24 11:00,2025-11-24,11,Copper,HG=F,5.058,5.067,4.968,5.057,11906,1.69,-0.001,0.091,USD/lb,Authentic Futures Market Feed (1-Year 60m Candles)
2025-11-24 12:00,2025-11-24,12,Copper,HG=F,5.057,5.057,4.96,4.967,0,-1.78,-0.09,-0.089,USD/lb,Authentic Futures Market Feed (1-Year 60m Candles)
2025-11-24 13:00,2025-11-24,13,Copper,HG=F,5.053,5.076,4.964,5.072,13367,2.11,0.019,0.109,USD/lb,Authentic Futures Market Feed (1-Year 60m Candles)
2025-11-24 14:00,2025-11-24,14,Copper,HG=F,5.071,5.077,4.983,5.076,0,0.08,0.005,-0.014,USD/lb,Authentic Futures Market Feed (1-Year 60m Candles)
2025-11-24 15:00,2025-11-24,15,Copper,HG=F,5.076,5.095,4.988,5.093,10671,0.33,0.017,0.012,USD/lb,Authentic Futures Market Feed (1-Year 60m Candles)
2025-11-24 16:00,2025-11-24,16,Copper,HG=F,5.008,5.093,5.001,5.089,936,-0.08,0.081,0.064,USD/lb,Authentic Futures Market Feed (1-Year 60m Candles)
2025-11-24 18:00,2025-11-24,18,Copper,HG=F,5.087,5.09,4.997,5.084,0,-0.1,-0.003,-0.084,USD/lb,Authentic Futures Market Feed (1-Year 60m Candles)
2025-11-24 19:00,2025-11-24,19,Copper,HG=F,4.997,5.084,4.994,4.995,280,-1.7500000000000002,-0.002,0.001,USD/lb,Authentic Futures Market Feed (1-Year 60m Candles)
2025-11-24 20:00,2025-11-24,20,Copper,HG=F,4.994,5.109,4.994,5.019,586,0.48,0.025,0.027,USD/lb,Authentic Futures Market Feed (1-Year 60m Candles)
2025-11-24 21:00,2025-11-24,21,Copper,HG=F,5.105,5.14,5.017,5.049,709,0.6,-0.056,-0.081,USD/lb,Authentic Futures Market Feed (1-Year 60m Candles)
2025-11-24 22:00,2025-11-24,22,Copper,HG=F,5.048,5.138,5.043,5.135,2676,1.7000000000000002,0.087,0.143,USD/lb,Authentic Futures Market Feed (1-Year 60m Candles)
2025-11-24 23:00,2025-11-24,23,Copper,HG=F,5.135,5.145,5.049,5.143,984,0.16,0.008,-0.079,USD/lb,Authentic Futures Market Feed (1-Year 60m Candles)
2025-11-25 00:00,2025-11-25,0,Copper,HG=F,5.143,5.147,5.049,5.143,872,0.0,0.0,-0.008,USD/lb,Authentic Futures Market Feed (1-Year 60m Candles)
2025-11-25 01:00,2025-11-25,1,Copper,HG=F,5.143,5.147,5.041,5.13,992,-0.25,-0.013,-0.013,USD/lb,Authentic Futures Market Feed (1-Year 60m Candles)
2025-11-25 02:00,2025-11-25,2,Copper,HG=F,5.13,5.139,5.04,5.129,1286,-0.02,-0.001,0.012,USD/lb,Authentic Futures Market Feed (1-Year 60m Candles)
2025-11-25 03:00,2025-11-25,3,Copper,HG=F,5.129,5.135,5.029,5.122,2794,-0.13999999999999999,-0.007,-0.006,USD/lb,Authentic Futures Market Feed (1-Year 60m Candles)
2025-11-25 04:00,2025-11-25,4,Copper,HG=F,5.122,5.133,5.027,5.115,1801,-0.13999999999999999,-0.007,0.0,USD/lb,Authentic Futures Market Feed (1-Year 60m Candles)
2025-11-25 05:00,2025-11-25,5,Copper,HG=F,5.115,5.129,5.028,5.123,1623,0.16,0.008,0.015,USD/lb,Authentic Futures Market Feed (1-Year 60m Candles)
2025-11-25 06:00,2025-11-25,6,Copper,HG=F,5.122,5.129,5.032,5.122,1689,-0.02,0.0,-0.008,USD/lb,Authentic Futures Market Feed (1-Year 60m Candles)
2025-11-25 07:00,2025-11-25,7,Copper,HG=F,5.035,5.152,5.032,5.149,3215,0.53,0.114,0.114,USD/lb,Authentic Futures Market Feed (1-Year 60m Candles)
2025-11-25 08:00,2025-11-25,8,Copper,HG=F,5.15,5.192,5.065,5.17,8525,0.41000000000000003,0.02,-0.094,USD/lb,Authentic Futures Market Feed (1-Year 60m Candles)
2025-11-25 09:00,2025-11-25,9,Copper,HG=F,5.086,5.173,5.005,5.026,0,-2.79,-0.06,-0.08,USD/lb,Authentic Futures Market Feed (1-Year 60m Candles)
2025-11-25 10:00,2025-11-25,10,Copper,HG=F,5.113,5.113,5.003,5.09,24204,1.27,-0.023,0.037,USD/lb,Authentic Futures Market Feed (1-Year 60m Candles)
2025-11-25 11:00,2025-11-25,11,Copper,HG=F,5.09,5.091,4.997,5.087,4935,-0.06,-0.003,0.02,USD/lb,Authentic Futures Market Feed (1-Year 60m Candles)
2025-11-25 12:00,2025-11-25,12,Copper,HG=F,5.087,5.114,4.999,5.092,9217,0.1,0.005,0.008,USD/lb,Authentic Futures Market Feed (1-Year 60m Candles)
2025-11-25 13:00,2025-11-25,13,Copper,HG=F,5.091,5.104,5.004,5.095,2311,0.06,0.004,-0.001,USD/lb,Authentic Futures Market Feed (1-Year 60m Candles)
2025-11-25 14:00,2025-11-25,14,Copper,HG=F,5.095,5.104,5.006,5.103,1557,0.16,0.008,0.004,USD/lb,Authentic Futures Market Feed (1-Year 60m Candles)
2025-11-25 15:00,2025-11-25,15,Copper,HG=F,5.105,5.11,5.014,5.109,988,0.12,0.004,-0.004,USD/lb,Authentic Futures Market Feed (1-Year 60m Candles)
2025-11-25 16:00,2025-11-25,16,Copper,HG=F,5.107,5.113,5.017,5.09,558,-0.37,-0.017,-0.021,USD/lb,Authentic Futures Market Feed (1-Year 60m Candles)
2025-11-25 18:00,2025-11-25,18,Copper,HG=F,5.021,5.109,5.016,5.105,0,0.29,0.084,0.101,USD/lb,Authentic Futures Market Feed (1-Year 60m Candles)
2025-11-25 19:00,2025-11-25,19,Copper,HG=F,5.106,5.12,5.021,5.12,734,0.29,0.014,-0.07,USD/lb,Authentic Futures Market Feed (1-Year 60m Candles)
2025-11-25 20:00,2025-11-25,20,Copper,HG=F,5.118,5.126,5.024,5.124,1001,0.08,0.006,-0.008,USD/lb,Authentic Futures Market Feed (1-Year 60m Candles)
2025-11-25 21:00,2025-11-25,21,Copper,HG=F,5.124,5.127,5.03,5.116,925,-0.16,-0.008,-0.014,USD/lb,Authentic Futures Market Feed (1-Year 60m Candles)
2025-11-25 22:00,2025-11-25,22,Copper,HG=F,5.116,5.128,5.035,5.128,540,0.22999999999999998,0.012,0.02,USD/lb,Authentic Futures Market Feed (1-Year 60m Candles)
2025-11-25 23:00,2025-11-25,23,Copper,HG=F,5.127,5.134,5.036,5.131,285,0.06,0.004,-0.008,USD/lb,Authentic Futures Market Feed (1-Year 60m Candles)
2025-11-26 00:00,2025-11-26,0,Copper,HG=F,5.132,5.139,5.04,5.129,534,-0.04,-0.003,-0.007,USD/lb,Authentic Futures Market Feed (1-Year 60m Candles)
2025-11-26 01:00,2025-11-26,1,Copper,HG=F,5.13,5.131,5.034,5.124,724,-0.1,-0.006,-0.003,USD/lb,Authentic Futures Market Feed (1-Year 60m Candles)
2025-11-26 02:00,2025-11-26,2,Copper,HG=F,5.124,5.148,5.038,5.146,843,0.43,0.022,0.028,USD/lb,Authentic Futures Market Feed (1-Year 60m Candles)
2025-11-26 03:00,2025-11-26,3,Copper,HG=F,5.145,5.155,5.04,5.137,2340,-0.16999999999999998,-0.008,-0.03,USD/lb,Authentic Futures Market Feed (1-Year 60m Candles)
2025-11-26 04:00,2025-11-26,4,Copper,HG=F,5.137,5.185,5.052,5.185,2973,0.9299999999999999,0.048,0.056,USD/lb,Authentic Futures Market Feed (1-Year 60m Candles)
2025-11-26 05:00,2025-11-26,5,Copper,HG=F,5.185,5.203,5.089,5.188,3948,0.06,0.003,-0.045,USD/lb,Authentic Futures Market Feed (1-Year 60m Candles)
2025-11-26 06:00,2025-11-26,6,Copper,HG=F,5.188,5.21,5.1,5.201,2970,0.25,0.013,0.01,USD/lb,Authentic Futures Market Feed (1-Year 60m Candles)
2025-11-26 07:00,2025-11-26,7,Copper,HG=F,5.201,5.204,5.085,5.175,3204,-0.5,-0.026,-0.039,USD/lb,Authentic Futures Market Feed (1-Year 60m Candles)
2025-11-26 08:00,2025-11-26,8,Copper,HG=F,5.175,5.193,5.083,5.189,4056,0.27,0.014,0.04,USD/lb,Authentic Futures Market Feed (1-Year 60m Candles)
2025-11-26 09:00,2025-11-26,9,Copper,HG=F,5.189,5.195,5.07,5.161,4407,-0.54,-0.028,-0.042,USD/lb,Authentic Futures Market Feed (1-Year 60m Candles)
2025-11-26 10:00,2025-11-26,10,Copper,HG=F,5.161,5.185,5.065,5.183,3191,0.43,0.022,0.05,USD/lb,Authentic Futures Market Feed (1-Year 60m Candles)
2025-11-26 11:00,2025-11-26,11,Copper,HG=F,5.185,5.2,5.089,5.19,4018,0.13999999999999999,0.005,-0.017,USD/lb,Authentic Futures Market Feed (1-Year 60m Candles)
2025-11-26 12:00,2025-11-26,12,Copper,HG=F,5.192,5.2,5.095,5.193,5092,0.06,0.001,-0.004,USD/lb,Authentic Futures Market Feed (1-Year 60m Candles)
2025-11-26 13:00,2025-11-26,13,Copper,HG=F,5.194,5.195,5.101,5.193,1919,0.0,-0.001,-0.002,USD/lb,Authentic Futures Market Feed (1-Year 60m Candles)
2025-11-26 14:00,2025-11-26,14,Copper,HG=F,5.193,5.201,5.103,5.199,439,0.12,0.006,0.007,USD/lb,Authentic Futures Market Feed (1-Year 60m Candles)
2025-11-26 15:00,2025-11-26,15,Copper,HG=F,5.11,5.209,5.11,5.207,792,0.15,0.097,0.091,USD/lb,Authentic Futures Market Feed (1-Year 60m Candles)
2025-11-26 16:00,2025-11-26,16,Copper,HG=F,5.207,5.208,5.111,5.203,0,-0.08,-0.004,-0.101,USD/lb,Authentic Futures Market Feed (1-Year 60m Candles)
2025-11-26 18:00,2025-11-26,18,Copper,HG=F,5.206,5.209,5.12,5.207,249,0.08,0.001,0.005,USD/lb,Authentic Futures Market Feed (1-Year 60m Candles)
2025-11-26 19:00,2025-11-26,19,Copper,HG=F,5.208,5.21,5.12,5.205,208,-0.04,-0.003,-0.004,USD/lb,Authentic Futures Market Feed (1-Year 60m Candles)
2025-11-26 20:00,2025-11-26,20,Copper,HG=F,5.204,5.208,5.105,5.187,786,-0.35000000000000003,-0.017,-0.014,USD/lb,Authentic Futures Market Feed (1-Year 60m Candles)
2025-11-26 21:00,2025-11-26,21,Copper,HG=F,5.189,5.198,5.106,5.185,441,-0.04,-0.004,0.013,USD/lb,Authentic Futures Market Feed (1-Year 60m Candles)
2025-11-26 22:00,2025-11-26,22,Copper,HG=F,5.183,5.185,5.176,5.183,265,-0.04,0.0,0.004,USD/lb,Authentic Futures Market Feed (1-Year 60m Candles)
2025-11-26 23:00,2025-11-26,23,Copper,HG=F,5.18,5.186,5.177,5.179,154,-0.08,-0.001,-0.001,USD/lb,Authentic Futures Market Feed (1-Year 60m Candles)
2025-11-28 09:00,2025-11-28,9,Copper,HG=F,5.242,5.31,5.161,5.267,7189,1.7000000000000002,0.025,0.026,USD/lb,Authentic Futures Market Feed (1-Year 60m Candles)
2025-11-28 10:00,2025-11-28,10,Copper,HG=F,5.265,5.298,5.188,5.286,2890,0.36,0.021,-0.004,USD/lb,Authentic Futures Market Feed (1-Year 60m Candles)
2025-11-28 11:00,2025-11-28,11,Copper,HG=F,5.286,5.299,5.196,5.296,3272,0.19,0.01,-0.011,USD/lb,Authentic Futures Market Feed (1-Year 60m Candles)
2025-11-28 12:00,2025-11-28,12,Copper,HG=F,5.296,5.305,5.183,5.273,3560,-0.43,-0.023,-0.033,USD/lb,Authentic Futures Market Feed (1-Year 60m Candles)
2025-11-30 18:00,2025-11-30,18,Copper,HG=F,5.31,5.32,5.306,5.312,1558,0.74,0.002,0.025,USD/lb,Authentic Futures Market Feed (1-Year 60m Candles)
2025-11-30 19:00,2025-11-30,19,Copper,HG=F,5.312,5.335,5.241,5.322,1299,0.19,0.01,0.008,USD/lb,Authentic Futures Market Feed (1-Year 60m Candles)
2025-11-30 20:00,2025-11-30,20,Copper,HG=F,5.321,5.356,5.241,5.345,3587,0.43,0.024,0.014,USD/lb,Authentic Futures Market Feed (1-Year 60m Candles)
2025-11-30 21:00,2025-11-30,21,Copper,HG=F,5.261,5.346,5.261,5.321,1299,-0.44999999999999996,0.06,0.036,USD/lb,Authentic Futures Market Feed (1-Year 60m Candles)
2025-11-30 22:00,2025-11-30,22,Copper,HG=F,5.323,5.332,5.311,5.332,705,0.21,0.009,-0.051,USD/lb,Authentic Futures Market Feed (1-Year 60m Candles)
2025-11-30 23:00,2025-11-30,23,Copper,HG=F,5.332,5.332,5.244,5.326,401,-0.11,-0.006,-0.015,USD/lb,Authentic Futures Market Feed (1-Year 60m Candles)
2025-12-01 00:00,2025-12-01,0,Copper,HG=F,5.325,5.326,5.236,5.313,1559,-0.24,-0.012,-0.006,USD/lb,Authentic Futures Market Feed (1-Year 60m Candles)
2025-12-01 01:00,2025-12-01,1,Copper,HG=F,5.313,5.321,5.303,5.317,1445,0.08,0.004,0.016,USD/lb,Authentic Futures Market Feed (1-Year 60m Candles)
2025-12-01 02:00,2025-12-01,2,Copper,HG=F,5.317,5.318,5.294,5.306,848,-0.21,-0.011,-0.015,USD/lb,Authentic Futures Market Feed (1-Year 60m Candles)
2025-12-01 03:00,2025-12-01,3,Copper,HG=F,5.306,5.318,5.292,5.3,1317,-0.11,-0.006,0.005,USD/lb,Authentic Futures Market Feed (1-Year 60m Candles)
2025-12-01 04:00,2025-12-01,4,Copper,HG=F,5.3,5.305,5.275,5.285,2831,-0.27999999999999997,-0.015,-0.009,USD/lb,Authentic Futures Market Feed (1-Year 60m Candles)
2025-12-01 05:00,2025-12-01,5,Copper,HG=F,5.285,5.304,5.284,5.293,1447,0.15,0.008,0.023,USD/lb,Authentic Futures Market Feed (1-Year 60m Candles)
2025-12-01 06:00,2025-12-01,6,Copper,HG=F,5.293,5.299,5.284,5.298,707,0.09,0.005,-0.003,USD/lb,Authentic Futures Market Feed (1-Year 60m Candles)
2025-12-01 07:00,2025-12-01,7,Copper,HG=F,5.298,5.326,5.213,5.317,2014,0.36,0.019,0.014,USD/lb,Authentic Futures Market Feed (1-Year 60m Candles)
2025-12-01 08:00,2025-12-01,8,Copper,HG=F,5.318,5.364,5.269,5.354,7229,0.7000000000000001,0.036,0.017,USD/lb,Authentic Futures Market Feed (1-Year 60m Candles)
2025-12-01 09:00,2025-12-01,9,Copper,HG=F,5.354,5.354,5.227,5.322,6784,-0.6,-0.032,-0.068,USD/lb,Authentic Futures Market Feed (1-Year 60m Candles)
2025-12-01 10:00,2025-12-01,10,Copper,HG=F,5.324,5.329,5.24,5.299,4909,-0.43,-0.025,0.007,USD/lb,Authentic Futures Market Feed (1-Year 60m Candles)
2025-12-01 11:00,2025-12-01,11,Copper,HG=F,5.299,5.317,5.212,5.308,3987,0.16999999999999998,0.009,0.034,USD/lb,Authentic Futures Market Feed (1-Year 60m Candles)
2025-12-01 12:00,2025-12-01,12,Copper,HG=F,5.309,5.317,5.221,5.304,5645,-0.08,-0.005,-0.014,USD/lb,Authentic Futures Market Feed (1-Year 60m Candles)
2025-12-01 13:00,2025-12-01,13,Copper,HG=F,5.304,5.304,5.201,5.291,2474,-0.25,-0.013,-0.008,USD/lb,Authentic Futures Market Feed (1-Year 60m Candles)
2025-12-01 14:00,2025-12-01,14,Copper,HG=F,5.291,5.291,5.196,5.277,1048,-0.26,-0.014,-0.001,USD/lb,Authentic Futures Market Feed (1-Year 60m Candles)
2025-12-01 15:00,2025-12-01,15,Copper,HG=F,5.277,5.28,5.186,5.274,782,-0.06,-0.003,0.011,USD/lb,Authentic Futures Market Feed (1-Year 60m Candles)
2025-12-01 16:00,2025-12-01,16,Copper,HG=F,5.274,5.275,5.188,5.269,561,-0.09,-0.005,-0.002,USD/lb,Authentic Futures Market Feed (1-Year 60m Candles)
2025-12-01 18:00,2025-12-01,18,Copper,HG=F,5.27,5.271,5.231,5.255,0,-0.27,-0.015,-0.01,USD/lb,Authentic Futures Market Feed (1-Year 60m Candles)
2025-12-01 19:00,2025-12-01,19,Copper,HG=F,5.256,5.263,5.174,5.26,619,0.1,0.004,0.019,USD/lb,Authentic Futures Market Feed (1-Year 60m Candles)
2025-12-01 20:00,2025-12-01,20,Copper,HG=F,5.177,5.267,5.15,5.252,2078,-0.15,0.075,0.071,USD/lb,Authentic Futures Market Feed (1-Year 60m Candles)
2025-12-01 21:00,2025-12-01,21,Copper,HG=F,5.251,5.255,5.24,5.241,806,-0.21,-0.01,-0.085,USD/lb,Authentic Futures Market Feed (1-Year 60m Candles)
2025-12-01 22:00,2025-12-01,22,Copper,HG=F,5.241,5.25,5.15,5.227,701,-0.27,-0.014,-0.004,USD/lb,Authentic Futures Market Feed (1-Year 60m Candles)
2025-12-01 23:00,2025-12-01,23,Copper,HG=F,5.227,5.234,5.225,5.226,278,-0.02,-0.001,0.013,USD/lb,Authentic Futures Market Feed (1-Year 60m Candles)
2025-12-02 00:00,2025-12-02,0,Copper,HG=F,5.225,5.246,5.148,5.245,768,0.36,0.02,0.021,USD/lb,Authentic Futures Market Feed (1-Year 60m Candles)
2025-12-02 01:00,2025-12-02,1,Copper,HG=F,5.245,5.265,5.161,5.259,1482,0.27,0.014,-0.006,USD/lb,Authentic Futures Market Feed (1-Year 60m Candles)
2025-12-02 02:00,2025-12-02,2,Copper,HG=F,5.259,5.279,5.178,5.275,918,0.3,0.016,0.002,USD/lb,Authentic Futures Market Feed (1-Year 60m Candles)
2025-12-02 03:00,2025-12-02,3,Copper,HG=F,5.275,5.297,5.274,5.287,1124,0.22999999999999998,0.012,-0.004,USD/lb,Authentic Futures Market Feed (1-Year 60m Candles)
2025-12-02 04:00,2025-12-02,4,Copper,HG=F,5.287,5.293,5.186,5.268,1620,-0.36,-0.019,-0.031,USD/lb,Authentic Futures Market Feed (1-Year 60m Candles)
2025-12-02 05:00,2025-12-02,5,Copper,HG=F,5.268,5.279,5.266,5.279,630,0.21,0.011,0.03,USD/lb,Authentic Futures Market Feed (1-Year 60m Candles)
2025-12-02 06:00,2025-12-02,6,Copper,HG=F,5.279,5.282,5.269,5.28,1077,0.02,0.001,-0.01,USD/lb,Authentic Futures Market Feed (1-Year 60m Candles)
2025-12-02 07:00,2025-12-02,7,Copper,HG=F,5.28,5.28,5.195,5.276,969,-0.08,-0.004,-0.005,USD/lb,Authentic Futures Market Feed (1-Year 60m Candles)
2025-12-02 08:00,2025-12-02,8,Copper,HG=F,5.276,5.286,5.174,5.279,4484,0.06,0.003,0.007,USD/lb,Authentic Futures Market Feed (1-Year 60m Candles)
2025-12-02 09:00,2025-12-02,9,Copper,HG=F,5.279,5.316,5.216,5.31,6220,0.59,0.031,0.028,USD/lb,Authentic Futures Market Feed (1-Year 60m Candles)
2025-12-02 10:00,2025-12-02,10,Copper,HG=F,5.308,5.31,5.167,5.252,8191,-1.09,-0.056,-0.087,USD/lb,Authentic Futures Market Feed (1-Year 60m Candles)
2025-12-02 11:00,2025-12-02,11,Copper,HG=F,5.251,5.26,5.173,5.247,4350,-0.1,-0.004,0.052,USD/lb,Authentic Futures Market Feed (1-Year 60m Candles)
2025-12-02 12:00,2025-12-02,12,Copper,HG=F,5.247,5.262,5.159,5.24,4059,-0.13,-0.007,-0.003,USD/lb,Authentic Futures Market Feed (1-Year 60m Candles)
2025-12-02 13:00,2025-12-02,13,Copper,HG=F,5.24,5.253,5.155,5.242,2291,0.04,0.002,0.009,USD/lb,Authentic Futures Market Feed (1-Year 60m Candles)
2025-12-02 14:00,2025-12-02,14,Copper,HG=F,5.241,5.252,5.241,5.252,260,0.19,0.011,0.009,USD/lb,Authentic Futures Market Feed (1-Year 60m Candles)
2025-12-02 15:00,2025-12-02,15,Copper,HG=F,5.252,5.254,5.247,5.248,455,-0.08,-0.004,-0.015,USD/lb,Authentic Futures Market Feed (1-Year 60m Candles)
2025-12-02 16:00,2025-12-02,16,Copper,HG=F,5.248,5.248,5.163,5.243,0,-0.1,-0.005,-0.001,USD/lb,Authentic Futures Market Feed (1-Year 60m Candles)
2025-12-02 18:00,2025-12-02,18,Copper,HG=F,5.247,5.267,5.162,5.263,589,0.38,0.016,0.021,USD/lb,Authentic Futures Market Feed (1-Year 60m Candles)
2025-12-02 19:00,2025-12-02,19,Copper,HG=F,5.263,5.269,5.258,5.267,495,0.08,0.004,-0.012,USD/lb,Authentic Futures Market Feed (1-Year 60m Candles)
2025-12-02 20:00,2025-12-02,20,Copper,HG=F,5.267,5.277,5.262,5.263,840,-0.08,-0.004,-0.008,USD/lb,Authentic Futures Market Feed (1-Year 60m Candles)
2025-12-02 21:00,2025-12-02,21,Copper,HG=F,5.265,5.275,5.255,5.273,757,0.19,0.008,0.012,USD/lb,Authentic Futures Market Feed (1-Year 60m Candles)
2025-12-02 22:00,2025-12-02,22,Copper,HG=F,5.273,5.284,5.266,5.283,537,0.19,0.01,0.002,USD/lb,Authentic Futures Market Feed (1-Year 60m Candles)
2025-12-02 23:00,2025-12-02,23,Copper,HG=F,5.282,5.292,5.28,5.287,608,0.08,0.005,-0.005,USD/lb,Authentic Futures Market Feed (1-Year 60m Candles)
2025-12-03 00:00,2025-12-03,0,Copper,HG=F,5.286,5.291,5.262,5.272,718,-0.27999999999999997,-0.014,-0.019,USD/lb,Authentic Futures Market Feed (1-Year 60m Candles)
2025-12-03 01:00,2025-12-03,1,Copper,HG=F,5.271,5.291,5.269,5.291,737,0.36,0.02,0.034,USD/lb,Authentic Futures Market Feed (1-Year 60m Candles)
2025-12-03 02:00,2025-12-03,2,Copper,HG=F,5.291,5.295,5.275,5.288,742,-0.06,-0.003,-0.023,USD/lb,Authentic Futures Market Feed (1-Year 60m Candles)
2025-12-03 03:00,2025-12-03,3,Copper,HG=F,5.288,5.32,5.231,5.306,2096,0.33999999999999997,0.018,0.021,USD/lb,Authentic Futures Market Feed (1-Year 60m Candles)
2025-12-03 04:00,2025-12-03,4,Copper,HG=F,5.24,5.365,5.24,5.356,6006,0.9400000000000001,0.116,0.098,USD/lb,Authentic Futures Market Feed (1-Year 60m Candles)
2025-12-03 05:00,2025-12-03,5,Copper,HG=F,5.357,5.388,5.292,5.354,5364,-0.04,-0.003,-0.119,USD/lb,Authentic Futures Market Feed (1-Year 60m Candles)
2025-12-03 06:00,2025-12-03,6,Copper,HG=F,5.356,5.357,5.247,5.348,3066,-0.11,-0.008,-0.005,USD/lb,Authentic Futures Market Feed (1-Year 60m Candles)
2025-12-03 07:00,2025-12-03,7,Copper,HG=F,5.347,5.353,5.26,5.346,1688,-0.04,-0.001,0.007,USD/lb,Authentic Futures Market Feed (1-Year 60m Candles)
2025-12-03 08:00,2025-12-03,8,Copper,HG=F,5.347,5.407,5.27,5.406,7734,1.1199999999999999,0.059,0.06,USD/lb,Authentic Futures Market Feed (1-Year 60m Candles)
2025-12-03 09:00,2025-12-03,9,Copper,HG=F,5.406,5.411,5.291,5.378,8573,-0.52,-0.028,-0.087,USD/lb,Authentic Futures Market Feed (1-Year 60m Candles)
2025-12-03 10:00,2025-12-03,10,Copper,HG=F,5.377,5.437,5.319,5.432,7932,1.0,0.055,0.083,USD/lb,Authentic Futures Market Feed (1-Year 60m Candles)
2025-12-03 11:00,2025-12-03,11,Copper,HG=F,5.431,5.434,5.331,5.39,5498,-0.77,-0.041,-0.096,USD/lb,Authentic Futures Market Feed (1-Year 60m Candles)
2025-12-03 12:00,2025-12-03,12,Copper,HG=F,5.39,5.408,5.305,5.389,4402,-0.02,-0.001,0.04,USD/lb,Authentic Futures Market Feed (1-Year 60m Candles)
2025-12-03 13:00,2025-12-03,13,Copper,HG=F,5.39,5.393,5.306,5.387,1482,-0.04,-0.003,-0.002,USD/lb,Authentic Futures Market Feed (1-Year 60m Candles)
2025-12-03 14:00,2025-12-03,14,Copper,HG=F,5.387,5.405,5.31,5.397,840,0.19,0.01,0.013,USD/lb,Authentic Futures Market Feed (1-Year 60m Candles)
2025-12-03 15:00,2025-12-03,15,Copper,HG=F,5.398,5.401,5.316,5.394,473,-0.06,-0.004,-0.014,USD/lb,Authentic Futures Market Feed (1-Year 60m Candles)
2025-12-03 16:00,2025-12-03,16,Copper,HG=F,5.394,5.398,5.308,5.389,327,-0.09,-0.005,-0.001,USD/lb,Authentic Futures Market Feed (1-Year 60m Candles)
2025-12-03 18:00,2025-12-03,18,Copper,HG=F,5.393,5.399,5.308,5.39,0,0.02,-0.003,0.002,USD/lb,Authentic Futures Market Feed (1-Year 60m Candles)
2025-12-03 19:00,2025-12-03,19,Copper,HG=F,5.39,5.397,5.385,5.39,250,0.0,0.0,0.003,USD/lb,Authentic Futures Market Feed (1-Year 60m Candles)
2025-12-03 20:00,2025-12-03,20,Copper,HG=F,5.389,5.418,5.385,5.409,1097,0.35000000000000003,0.02,0.02,USD/lb,Authentic Futures Market Feed (1-Year 60m Candles)
2025-12-03 21:00,2025-12-03,21,Copper,HG=F,5.408,5.424,5.392,5.402,1433,-0.13,-0.006,-0.026,USD/lb,Authentic Futures Market Feed (1-Year 60m Candles)
2025-12-03 22:00,2025-12-03,22,Copper,HG=F,5.4,5.423,5.395,5.418,1074,0.3,0.018,0.024,USD/lb,Authentic Futures Market Feed (1-Year 60m Candles)
2025-12-03 23:00,2025-12-03,23,Copper,HG=F,5.418,5.419,5.41,5.418,517,0.0,0.0,-0.018,USD/lb,Authentic Futures Market Feed (1-Year 60m Candles)
2025-12-04 00:00,2025-12-04,0,Copper,HG=F,5.418,5.425,5.383,5.392,984,-0.48,-0.026,-0.026,USD/lb,Authentic Futures Market Feed (1-Year 60m Candles)
2025-12-04 01:00,2025-12-04,1,Copper,HG=F,5.393,5.407,5.381,5.404,1341,0.22,0.011,0.037,USD/lb,Authentic Futures Market Feed (1-Year 60m Candles)
2025-12-04 02:00,2025-12-04,2,Copper,HG=F,5.402,5.404,5.385,5.396,511,-0.15,-0.006,-0.017,USD/lb,Authentic Futures Market Feed (1-Year 60m Candles)
2025-12-04 03:00,2025-12-04,3,Copper,HG=F,5.396,5.399,5.336,5.339,4087,-1.06,-0.057,-0.051,USD/lb,Authentic Futures Market Feed (1-Year 60m Candles)
2025-12-04 04:00,2025-12-04,4,Copper,HG=F,5.34,5.356,5.233,5.354,3958,0.27999999999999997,0.014,0.071,USD/lb,Authentic Futures Market Feed (1-Year 60m Candles)
2025-12-04 05:00,2025-12-04,5,Copper,HG=F,5.354,5.357,5.272,5.348,706,-0.11,-0.006,-0.02,USD/lb,Authentic Futures Market Feed (1-Year 60m Candles)
2025-12-04 06:00,2025-12-04,6,Copper,HG=F,5.348,5.359,5.347,5.354,719,0.11,0.006,0.012,USD/lb,Authentic Futures Market Feed (1-Year 60m Candles)
2025-12-04 07:00,2025-12-04,7,Copper,HG=F,5.354,5.363,5.347,5.356,1488,0.04,0.002,-0.004,USD/lb,Authentic Futures Market Feed (1-Year 60m Candles)
2025-12-04 08:00,2025-12-04,8,Copper,HG=F,5.356,5.368,5.267,5.365,5368,0.16999999999999998,0.009,0.007,USD/lb,Authentic Futures Market Feed (1-Year 60m Candles)
2025-12-04 09:00,2025-12-04,9,Copper,HG=F,5.365,5.377,5.268,5.35,4649,-0.27999999999999997,-0.015,-0.024,USD/lb,Authentic Futures Market Feed (1-Year 60m Candles)
2025-12-04 10:00,2025-12-04,10,Copper,HG=F,5.351,5.383,5.295,5.379,3329,0.54,0.028,0.043,USD/lb,Authentic Futures Market Feed (1-Year 60m Candles)
2025-12-04 11:00,2025-12-04,11,Copper,HG=F,5.38,5.382,5.282,5.368,2155,-0.2,-0.012,-0.04,USD/lb,Authentic Futures Market Feed (1-Year 60m Candles)
2025-12-04 12:00,2025-12-04,12,Copper,HG=F,5.366,5.377,5.288,5.376,3915,0.15,0.01,0.022,USD/lb,Authentic Futures Market Feed (1-Year 60m Candles)
2025-12-04 13:00,2025-12-04,13,Copper,HG=F,5.374,5.376,5.293,5.356,1468,-0.37,-0.018,-0.028,USD/lb,Authentic Futures Market Feed (1-Year 60m Candles)
2025-12-04 14:00,2025-12-04,14,Copper,HG=F,5.356,5.36,5.274,5.357,711,0.02,0.001,0.019,USD/lb,Authentic Futures Market Feed (1-Year 60m Candles)
2025-12-04 15:00,2025-12-04,15,Copper,HG=F,5.357,5.363,5.276,5.362,493,0.09,0.005,0.004,USD/lb,Authentic Futures Market Feed (1-Year 60m Candles)
2025-12-04 16:00,2025-12-04,16,Copper,HG=F,5.362,5.364,5.279,5.362,0,0.0,0.0,-0.005,USD/lb,Authentic Futures Market Feed (1-Year 60m Candles)
2025-12-04 18:00,2025-12-04,18,Copper,HG=F,5.36,5.363,5.281,5.354,191,-0.15,-0.006,-0.006,USD/lb,Authentic Futures Market Feed (1-Year 60m Candles)
2025-12-04 19:00,2025-12-04,19,Copper,HG=F,5.356,5.364,5.352,5.354,327,0.0,-0.002,0.004,USD/lb,Authentic Futures Market Feed (1-Year 60m Candles)
2025-12-04 20:00,2025-12-04,20,Copper,HG=F,5.353,5.378,5.269,5.377,994,0.43,0.024,0.026,USD/lb,Authentic Futures Market Feed (1-Year 60m Candles)
2025-12-04 21:00,2025-12-04,21,Copper,HG=F,5.378,5.41,5.3,5.409,1618,0.6,0.031,0.007,USD/lb,Authentic Futures Market Feed (1-Year 60m Candles)
2025-12-04 22:00,2025-12-04,22,Copper,HG=F,5.409,5.412,5.399,5.403,1022,-0.11,-0.006,-0.037,USD/lb,Authentic Futures Market Feed (1-Year 60m Candles)
2025-12-04 23:00,2025-12-04,23,Copper,HG=F,5.402,5.417,5.334,5.415,571,0.22,0.013,0.019,USD/lb,Authentic Futures Market Feed (1-Year 60m Candles)
2025-12-05 00:00,2025-12-05,0,Copper,HG=F,5.415,5.465,5.336,5.464,2683,0.8999999999999999,0.049,0.036,USD/lb,Authentic Futures Market Feed (1-Year 60m Candles)
2025-12-05 01:00,2025-12-05,1,Copper,HG=F,5.464,5.485,5.39,5.474,1966,0.18,0.01,-0.039,USD/lb,Authentic Futures Market Feed (1-Year 60m Candles)
2025-12-05 02:00,2025-12-05,2,Copper,HG=F,5.473,5.49,5.463,5.472,1201,-0.04,-0.001,-0.011,USD/lb,Authentic Futures Market Feed (1-Year 60m Candles)
2025-12-05 03:00,2025-12-05,3,Copper,HG=F,5.472,5.478,5.458,5.464,2033,-0.15,-0.008,-0.007,USD/lb,Authentic Futures Market Feed (1-Year 60m Candles)
2025-12-05 04:00,2025-12-05,4,Copper,HG=F,5.463,5.467,5.442,5.453,1767,-0.2,-0.01,-0.002,USD/lb,Authentic Futures Market Feed (1-Year 60m Candles)
2025-12-05 05:00,2025-12-05,5,Copper,HG=F,5.452,5.457,5.434,5.436,1122,-0.31,-0.016,-0.006,USD/lb,Authentic Futures Market Feed (1-Year 60m Candles)
2025-12-05 06:00,2025-12-05,6,Copper,HG=F,5.437,5.445,5.426,5.438,1397,0.04,0.001,0.017,USD/lb,Authentic Futures Market Feed (1-Year 60m Candles)
2025-12-05 07:00,2025-12-05,7,Copper,HG=F,5.439,5.457,5.373,5.456,1298,0.33,0.017,0.016,USD/lb,Authentic Futures Market Feed (1-Year 60m Candles)
2025-12-05 08:00,2025-12-05,8,Copper,HG=F,5.457,5.464,5.349,5.409,5533,-0.86,-0.048,-0.065,USD/lb,Authentic Futures Market Feed (1-Year 60m Candles)
2025-12-05 09:00,2025-12-05,9,Copper,HG=F,5.409,5.458,5.34,5.452,4953,0.79,0.043,0.091,USD/lb,Authentic Futures Market Feed (1-Year 60m Candles)
2025-12-05 10:00,2025-12-05,10,Copper,HG=F,5.452,5.478,5.366,5.457,5268,0.09,0.005,-0.038,USD/lb,Authentic Futures Market Feed (1-Year 60m Candles)
2025-12-05 11:00,2025-12-05,11,Copper,HG=F,5.458,5.469,5.353,5.437,5983,-0.37,-0.021,-0.026,USD/lb,Authentic Futures Market Feed (1-Year 60m Candles)
2025-12-05 12:00,2025-12-05,12,Copper,HG=F,5.436,5.466,5.352,5.463,5276,0.48,0.027,0.048,USD/lb,Authentic Futures Market Feed (1-Year 60m Candles)
2025-12-05 13:00,2025-12-05,13,Copper,HG=F,5.463,5.471,5.382,5.46,2352,-0.05,-0.003,-0.03,USD/lb,Authentic Futures Market Feed (1-Year 60m Candles)
2025-12-05 14:00,2025-12-05,14,Copper,HG=F,5.46,5.46,5.446,5.451,718,-0.16,-0.009,-0.006,USD/lb,Authentic Futures Market Feed (1-Year 60m Candles)
2025-12-05 15:00,2025-12-05,15,Copper,HG=F,5.451,5.46,5.371,5.455,1100,0.06999999999999999,0.004,0.013,USD/lb,Authentic Futures Market Feed (1-Year 60m Candles)
2025-12-05 16:00,2025-12-05,16,Copper,HG=F,5.455,5.462,5.371,5.462,334,0.13,0.007,0.003,USD/lb,Authentic Futures Market Feed (1-Year 60m Candles)
2025-12-07 18:00,2025-12-07,18,Copper,HG=F,5.449,5.459,5.37,5.446,298,-0.29,-0.003,-0.01,USD/lb,Authentic Futures Market Feed (1-Year 60m Candles)
2025-12-07 19:00,2025-12-07,19,Copper,HG=F,5.447,5.452,5.365,5.448,250,0.04,0.001,0.004,USD/lb,Authentic Futures Market Feed (1-Year 60m Candles)
2025-12-07 20:00,2025-12-07,20,Copper,HG=F,5.449,5.456,5.355,5.427,1263,-0.38999999999999996,-0.022,-0.023,USD/lb,Authentic Futures Market Feed (1-Year 60m Candles)
2025-12-07 21:00,2025-12-07,21,Copper,HG=F,5.428,5.443,5.415,5.439,774,0.22,0.011,0.033,USD/lb,Authentic Futures Market Feed (1-Year 60m Candles)
2025-12-07 22:00,2025-12-07,22,Copper,HG=F,5.439,5.451,5.357,5.438,547,-0.02,-0.001,-0.012,USD/lb,Authentic Futures Market Feed (1-Year 60m Candles)
2025-12-07 23:00,2025-12-07,23,Copper,HG=F,5.438,5.445,5.438,5.442,156,0.06999999999999999,0.004,0.005,USD/lb,Authentic Futures Market Feed (1-Year 60m Candles)
2025-12-08 00:00,2025-12-08,0,Copper,HG=F,5.444,5.495,5.441,5.479,1441,0.6799999999999999,0.035,0.031,USD/lb,Authentic Futures Market Feed (1-Year 60m Candles)
2025-12-08 01:00,2025-12-08,1,Copper,HG=F,5.478,5.485,5.467,5.469,973,-0.18,-0.009,-0.044,USD/lb,Authentic Futures Market Feed (1-Year 60m Candles)
2025-12-08 02:00,2025-12-08,2,Copper,HG=F,5.47,5.476,5.466,5.47,640,0.02,0.0,0.009,USD/lb,Authentic Futures Market Feed (1-Year 60m Candles)
2025-12-08 03:00,2025-12-08,3,Copper,HG=F,5.471,5.477,5.46,5.473,1152,0.05,0.002,0.002,USD/lb,Authentic Futures Market Feed (1-Year 60m Candles)
2025-12-08 04:00,2025-12-08,4,Copper,HG=F,5.472,5.472,5.442,5.443,1598,-0.5499999999999999,-0.029,-0.031,USD/lb,Authentic Futures Market Feed (1-Year 60m Candles)
2025-12-08 05:00,2025-12-08,5,Copper,HG=F,5.443,5.452,5.439,5.449,884,0.11,0.006,0.035,USD/lb,Authentic Futures Market Feed (1-Year 60m Candles)
2025-12-08 06:00,2025-12-08,6,Copper,HG=F,5.447,5.455,5.372,5.442,842,-0.13,-0.005,-0.011,USD/lb,Authentic Futures Market Feed (1-Year 60m Candles)
2025-12-08 07:00,2025-12-08,7,Copper,HG=F,5.442,5.46,5.439,5.457,1102,0.27999999999999997,0.015,0.02,USD/lb,Authentic Futures Market Feed (1-Year 60m Candles)
2025-12-08 08:00,2025-12-08,8,Copper,HG=F,5.457,5.467,5.377,5.438,3087,-0.35000000000000003,-0.019,-0.034,USD/lb,Authentic Futures Market Feed (1-Year 60m Candles)
2025-12-08 09:00,2025-12-08,9,Copper,HG=F,5.438,5.457,5.426,5.444,4136,0.11,0.006,0.025,USD/lb,Authentic Futures Market Feed (1-Year 60m Candles)
2025-12-08 10:00,2025-12-08,10,Copper,HG=F,5.444,5.444,5.395,5.415,4868,-0.53,-0.029,-0.035,USD/lb,Authentic Futures Market Feed (1-Year 60m Candles)
2025-12-08 11:00,2025-12-08,11,Copper,HG=F,5.413,5.433,5.404,5.425,1781,0.18,0.012,0.041,USD/lb,Authentic Futures Market Feed (1-Year 60m Candles)
2025-12-08 12:00,2025-12-08,12,Copper,HG=F,5.423,5.451,5.414,5.444,3763,0.35000000000000003,0.021,0.009,USD/lb,Authentic Futures Market Feed (1-Year 60m Candles)
2025-12-08 13:00,2025-12-08,13,Copper,HG=F,5.444,5.45,5.437,5.441,1614,-0.06,-0.003,-0.024,USD/lb,Authentic Futures Market Feed (1-Year 60m Candles)
2025-12-08 14:00,2025-12-08,14,Copper,HG=F,5.441,5.443,5.432,5.441,764,0.0,0.0,0.003,USD/lb,Authentic Futures Market Feed (1-Year 60m Candles)
2025-12-08 15:00,2025-12-08,15,Copper,HG=F,5.441,5.441,5.424,5.428,949,-0.24,-0.013,-0.013,USD/lb,Authentic Futures Market Feed (1-Year 60m Candles)
2025-12-08 16:00,2025-12-08,16,Copper,HG=F,5.429,5.43,5.42,5.426,0,-0.04,-0.003,0.01,USD/lb,Authentic Futures Market Feed (1-Year 60m Candles)
2025-12-08 18:00,2025-12-08,18,Copper,HG=F,5.43,5.432,5.425,5.432,286,0.11,0.002,0.005,USD/lb,Authentic Futures Market Feed (1-Year 60m Candles)
2025-12-08 19:00,2025-12-08,19,Copper,HG=F,5.432,5.435,5.431,5.431,212,-0.02,-0.001,-0.003,USD/lb,Authentic Futures Market Feed (1-Year 60m Candles)
2025-12-08 20:00,2025-12-08,20,Copper,HG=F,5.431,5.44,5.423,5.432,859,0.02,0.001,0.002,USD/lb,Authentic Futures Market Feed (1-Year 60m Candles)
2025-12-08 21:00,2025-12-08,21,Copper,HG=F,5.432,5.433,5.391,5.397,1538,-0.64,-0.035,-0.036,USD/lb,Authentic Futures Market Feed (1-Year 60m Candles)
2025-12-08 22:00,2025-12-08,22,Copper,HG=F,5.394,5.419,5.393,5.416,605,0.35000000000000003,0.022,0.057,USD/lb,Authentic Futures Market Feed (1-Year 60m Candles)
2025-12-08 23:00,2025-12-08,23,Copper,HG=F,5.416,5.419,5.411,5.413,248,-0.06,-0.003,-0.025,USD/lb,Authentic Futures Market Feed (1-Year 60m Candles)
2025-12-09 00:00,2025-12-09,0,Copper,HG=F,5.411,5.412,5.365,5.37,1451,-0.79,-0.041,-0.038,USD/lb,Authentic Futures Market Feed (1-Year 60m Candles)
2025-12-09 01:00,2025-12-09,1,Copper,HG=F,5.37,5.37,5.334,5.347,3042,-0.43,-0.023,0.018,USD/lb,Authentic Futures Market Feed (1-Year 60m Candles)
2025-12-09 02:00,2025-12-09,2,Copper,HG=F,5.346,5.35,5.319,5.347,2833,0.0,0.001,0.024,USD/lb,Authentic Futures Market Feed (1-Year 60m Candles)
2025-12-09 03:00,2025-12-09,3,Copper,HG=F,5.347,5.366,5.344,5.358,1519,0.21,0.011,0.01,USD/lb,Authentic Futures Market Feed (1-Year 60m Candles)
2025-12-09 04:00,2025-12-09,4,Copper,HG=F,5.359,5.378,5.348,5.374,1407,0.3,0.015,0.004,USD/lb,Authentic Futures Market Feed (1-Year 60m Candles)
2025-12-09 05:00,2025-12-09,5,Copper,HG=F,5.375,5.377,5.363,5.374,766,0.0,-0.001,-0.016,USD/lb,Authentic Futures Market Feed (1-Year 60m Candles)
2025-12-09 06:00,2025-12-09,6,Copper,HG=F,5.374,5.375,5.366,5.371,436,-0.06,-0.003,-0.002,USD/lb,Authentic Futures Market Feed (1-Year 60m Candles)
2025-12-09 07:00,2025-12-09,7,Copper,HG=F,5.371,5.379,5.362,5.366,1066,-0.09,-0.005,-0.002,USD/lb,Authentic Futures Market Feed (1-Year 60m Candles)
2025-12-09 08:00,2025-12-09,8,Copper,HG=F,5.366,5.379,5.338,5.343,3569,-0.43,-0.023,-0.018,USD/lb,Authentic Futures Market Feed (1-Year 60m Candles)
2025-12-09 09:00,2025-12-09,9,Copper,HG=F,5.343,5.345,5.313,5.338,5506,-0.09,-0.005,0.018,USD/lb,Authentic Futures Market Feed (1-Year 60m Candles)
2025-12-09 10:00,2025-12-09,10,Copper,HG=F,5.337,5.357,5.326,5.339,4326,0.02,0.002,0.007,USD/lb,Authentic Futures Market Feed (1-Year 60m Candles)
2025-12-09 11:00,2025-12-09,11,Copper,HG=F,5.339,5.346,5.324,5.327,3232,-0.22,-0.012,-0.014,USD/lb,Authentic Futures Market Feed (1-Year 60m Candles)
2025-12-09 12:00,2025-12-09,12,Copper,HG=F,5.326,5.333,5.316,5.319,3709,-0.15,-0.007,0.005,USD/lb,Authentic Futures Market Feed (1-Year 60m Candles)
2025-12-09 13:00,2025-12-09,13,Copper,HG=F,5.319,5.326,5.317,5.321,1570,0.04,0.002,0.009,USD/lb,Authentic Futures Market Feed (1-Year 60m Candles)
2025-12-09 14:00,2025-12-09,14,Copper,HG=F,5.321,5.335,5.319,5.332,784,0.21,0.011,0.009,USD/lb,Authentic Futures Market Feed (1-Year 60m Candles)
2025-12-09 15:00,2025-12-09,15,Copper,HG=F,5.332,5.338,5.331,5.332,896,0.0,0.0,-0.011,USD/lb,Authentic Futures Market Feed (1-Year 60m Candles)
2025-12-09 16:00,2025-12-09,16,Copper,HG=F,5.332,5.337,5.326,5.33,626,-0.04,-0.002,-0.002,USD/lb,Authentic Futures Market Feed (1-Year 60m Candles)
2025-12-09 18:00,2025-12-09,18,Copper,HG=F,5.332,5.334,5.323,5.326,0,-0.08,-0.006,-0.004,USD/lb,Authentic Futures Market Feed (1-Year 60m Candles)
2025-12-09 19:00,2025-12-09,19,Copper,HG=F,5.326,5.335,5.326,5.334,250,0.15,0.008,0.014,USD/lb,Authentic Futures Market Feed (1-Year 60m Candles)
2025-12-09 20:00,2025-12-09,20,Copper,HG=F,5.333,5.366,5.333,5.359,2014,0.47000000000000003,0.026,0.018,USD/lb,Authentic Futures Market Feed (1-Year 60m Candles)
2025-12-09 21:00,2025-12-09,21,Copper,HG=F,5.358,5.37,5.349,5.369,775,0.19,0.011,-0.015,USD/lb,Authentic Futures Market Feed (1-Year 60m Candles)
2025-12-09 22:00,2025-12-09,22,Copper,HG=F,5.367,5.368,5.359,5.36,595,-0.16999999999999998,-0.007,-0.018,USD/lb,Authentic Futures Market Feed (1-Year 60m Candles)
2025-12-09 23:00,2025-12-09,23,Copper,HG=F,5.36,5.371,5.36,5.364,294,0.06999999999999999,0.004,0.011,USD/lb,Authentic Futures Market Feed (1-Year 60m Candles)
2025-12-10 00:00,2025-12-10,0,Copper,HG=F,5.365,5.396,5.36,5.371,1694,0.13,0.006,0.002,USD/lb,Authentic Futures Market Feed (1-Year 60m Candles)
2025-12-10 01:00,2025-12-10,1,Copper,HG=F,5.37,5.386,5.363,5.366,986,-0.09,-0.004,-0.01,USD/lb,Authentic Futures Market Feed (1-Year 60m Candles)
2025-12-10 02:00,2025-12-10,2,Copper,HG=F,5.366,5.371,5.358,5.365,666,-0.02,-0.001,0.003,USD/lb,Authentic Futures Market Feed (1-Year 60m Candles)
2025-12-10 03:00,2025-12-10,3,Copper,HG=F,5.365,5.387,5.365,5.372,984,0.13,0.007,0.008,USD/lb,Authentic Futures Market Feed (1-Year 60m Candles)
2025-12-10 04:00,2025-12-10,4,Copper,HG=F,5.372,5.404,5.366,5.394,1873,0.41000000000000003,0.022,0.015,USD/lb,Authentic Futures Market Feed (1-Year 60m Candles)
2025-12-10 05:00,2025-12-10,5,Copper,HG=F,5.397,5.423,5.391,5.401,1408,0.13,0.004,-0.018,USD/lb,Authentic Futures Market Feed (1-Year 60m Candles)
2025-12-10 06:00,2025-12-10,6,Copper,HG=F,5.4,5.405,5.386,5.392,819,-0.16999999999999998,-0.008,-0.012,USD/lb,Authentic Futures Market Feed (1-Year 60m Candles)
2025-12-10 07:00,2025-12-10,7,Copper,HG=F,5.391,5.4,5.391,5.396,1228,0.06999999999999999,0.005,0.013,USD/lb,Authentic Futures Market Feed (1-Year 60m Candles)
2025-12-10 08:00,2025-12-10,8,Copper,HG=F,5.396,5.411,5.373,5.376,3979,-0.37,-0.02,-0.025,USD/lb,Authentic Futures Market Feed (1-Year 60m Candles)
2025-12-10 09:00,2025-12-10,9,Copper,HG=F,5.376,5.383,5.34,5.354,4804,-0.41000000000000003,-0.022,-0.002,USD/lb,Authentic Futures Market Feed (1-Year 60m Candles)
2025-12-10 10:00,2025-12-10,10,Copper,HG=F,5.353,5.366,5.346,5.35,3902,-0.06999999999999999,-0.003,0.019,USD/lb,Authentic Futures Market Feed (1-Year 60m Candles)
2025-12-10 11:00,2025-12-10,11,Copper,HG=F,5.347,5.358,5.343,5.352,1656,0.04,0.005,0.008,USD/lb,Authentic Futures Market Feed (1-Year 60m Candles)
2025-12-10 12:00,2025-12-10,12,Copper,HG=F,5.352,5.358,5.342,5.352,2947,0.0,0.0,-0.005,USD/lb,Authentic Futures Market Feed (1-Year 60m Candles)
2025-12-10 13:00,2025-12-10,13,Copper,HG=F,5.352,5.357,5.344,5.344,1206,-0.15,-0.008,-0.008,USD/lb,Authentic Futures Market Feed (1-Year 60m Candles)
2025-12-10 14:00,2025-12-10,14,Copper,HG=F,5.345,5.402,5.345,5.401,3748,1.0699999999999998,0.056,0.064,USD/lb,Authentic Futures Market Feed (1-Year 60m Candles)
2025-12-10 15:00,2025-12-10,15,Copper,HG=F,5.4,5.419,5.394,5.401,2087,0.0,0.001,-0.055,USD/lb,Authentic Futures Market Feed (1-Year 60m Candles)
2025-12-10 16:00,2025-12-10,16,Copper,HG=F,5.401,5.407,5.396,5.407,490,0.11,0.006,0.005,USD/lb,Authentic Futures Market Feed (1-Year 60m Candles)
2025-12-10 18:00,2025-12-10,18,Copper,HG=F,5.402,5.411,5.395,5.404,0,-0.06,0.002,-0.004,USD/lb,Authentic Futures Market Feed (1-Year 60m Candles)
2025-12-10 19:00,2025-12-10,19,Copper,HG=F,5.405,5.41,5.394,5.398,711,-0.11,-0.007,-0.009,USD/lb,Authentic Futures Market Feed (1-Year 60m Candles)
2025-12-10 20:00,2025-12-10,20,Copper,HG=F,5.397,5.444,5.396,5.439,2226,0.76,0.042,0.049,USD/lb,Authentic Futures Market Feed (1-Year 60m Candles)
2025-12-10 21:00,2025-12-10,21,Copper,HG=F,5.44,5.442,5.391,5.392,1234,-0.86,-0.048,-0.09,USD/lb,Authentic Futures Market Feed (1-Year 60m Candles)
2025-12-10 22:00,2025-12-10,22,Copper,HG=F,5.394,5.398,5.369,5.376,1792,-0.3,-0.018,0.03,USD/lb,Authentic Futures Market Feed (1-Year 60m Candles)
2025-12-10 23:00,2025-12-10,23,Copper,HG=F,5.377,5.385,5.372,5.378,306,0.04,0.001,0.019,USD/lb,Authentic Futures Market Feed (1-Year 60m Candles)
2025-12-11 00:00,2025-12-11,0,Copper,HG=F,5.377,5.379,5.36,5.373,916,-0.09,-0.004,-0.005,USD/lb,Authentic Futures Market Feed (1-Year 60m Candles)
2025-12-11 01:00,2025-12-11,1,Copper,HG=F,5.373,5.384,5.366,5.379,551,0.11,0.006,0.01,USD/lb,Authentic Futures Market Feed (1-Year 60m Candles)
2025-12-11 02:00,2025-12-11,2,Copper,HG=F,5.378,5.383,5.365,5.378,490,-0.02,0.0,-0.006,USD/lb,Authentic Futures Market Feed (1-Year 60m Candles)
2025-12-11 03:00,2025-12-11,3,Copper,HG=F,5.378,5.39,5.36,5.385,1029,0.13,0.007,0.007,USD/lb,Authentic Futures Market Feed (1-Year 60m Candles)
2025-12-11 04:00,2025-12-11,4,Copper,HG=F,5.385,5.385,5.366,5.379,1324,-0.11,-0.006,-0.013,USD/lb,Authentic Futures Market Feed (1-Year 60m Candles)
2025-12-11 05:00,2025-12-11,5,Copper,HG=F,5.38,5.4,5.38,5.399,965,0.37,0.019,0.025,USD/lb,Authentic Futures Market Feed (1-Year 60m Candles)
2025-12-11 06:00,2025-12-11,6,Copper,HG=F,5.398,5.407,5.397,5.405,862,0.11,0.007,-0.012,USD/lb,Authentic Futures Market Feed (1-Year 60m Candles)
2025-12-11 07:00,2025-12-11,7,Copper,HG=F,5.404,5.425,5.403,5.424,1811,0.35000000000000003,0.02,0.013,USD/lb,Authentic Futures Market Feed (1-Year 60m Candles)
2025-12-11 08:00,2025-12-11,8,Copper,HG=F,5.424,5.43,5.401,5.419,2517,-0.09,-0.005,-0.025,USD/lb,Authentic Futures Market Feed (1-Year 60m Candles)
2025-12-11 09:00,2025-12-11,9,Copper,HG=F,5.421,5.463,5.418,5.441,7798,0.41000000000000003,0.02,0.025,USD/lb,Authentic Futures Market Feed (1-Year 60m Candles)
2025-12-11 10:00,2025-12-11,10,Copper,HG=F,5.44,5.484,5.433,5.477,6123,0.66,0.037,0.017,USD/lb,Authentic Futures Market Feed (1-Year 60m Candles)
2025-12-11 11:00,2025-12-11,11,Copper,HG=F,5.477,5.514,5.471,5.51,6321,0.6,0.033,-0.004,USD/lb,Authentic Futures Market Feed (1-Year 60m Candles)
2025-12-11 12:00,2025-12-11,12,Copper,HG=F,5.51,5.516,5.49,5.502,5362,-0.15,-0.008,-0.041,USD/lb,Authentic Futures Market Feed (1-Year 60m Candles)
2025-12-11 13:00,2025-12-11,13,Copper,HG=F,5.501,5.507,5.491,5.494,2078,-0.15,-0.007,0.001,USD/lb,Authentic Futures Market Feed (1-Year 60m Candles)
2025-12-11 14:00,2025-12-11,14,Copper,HG=F,5.494,5.497,5.488,5.49,787,-0.06999999999999999,-0.004,0.003,USD/lb,Authentic Futures Market Feed (1-Year 60m Candles)
2025-12-11 15:00,2025-12-11,15,Copper,HG=F,5.492,5.495,5.478,5.486,836,-0.06999999999999999,-0.006,-0.002,USD/lb,Authentic Futures Market Feed (1-Year 60m Candles)
2025-12-11 16:00,2025-12-11,16,Copper,HG=F,5.486,5.49,5.484,5.488,383,0.04,0.002,0.008,USD/lb,Authentic Futures Market Feed (1-Year 60m Candles)
2025-12-11 18:00,2025-12-11,18,Copper,HG=F,5.489,5.492,5.483,5.484,0,-0.06999999999999999,-0.005,-0.007,USD/lb,Authentic Futures Market Feed (1-Year 60m Candles)
2025-12-11 19:00,2025-12-11,19,Copper,HG=F,5.485,5.492,5.477,5.477,327,-0.13,-0.008,-0.003,USD/lb,Authentic Futures Market Feed (1-Year 60m Candles)
2025-12-11 20:00,2025-12-11,20,Copper,HG=F,5.479,5.489,5.453,5.474,1744,-0.05,-0.005,0.003,USD/lb,Authentic Futures Market Feed (1-Year 60m Candles)
2025-12-11 21:00,2025-12-11,21,Copper,HG=F,5.475,5.493,5.47,5.473,683,-0.02,-0.002,0.003,USD/lb,Authentic Futures Market Feed (1-Year 60m Candles)
2025-12-11 22:00,2025-12-11,22,Copper,HG=F,5.472,5.487,5.469,5.48,520,0.13,0.008,0.01,USD/lb,Authentic Futures Market Feed (1-Year 60m Candles)
2025-12-11 23:00,2025-12-11,23,Copper,HG=F,5.48,5.48,5.466,5.468,223,-0.22,-0.012,-0.02,USD/lb,Authentic Futures Market Feed (1-Year 60m Candles)
2025-12-12 00:00,2025-12-12,0,Copper,HG=F,5.469,5.51,5.468,5.501,955,0.6,0.032,0.044,USD/lb,Authentic Futures Market Feed (1-Year 60m Candles)
2025-12-12 01:00,2025-12-12,1,Copper,HG=F,5.503,5.528,5.501,5.503,2084,0.04,0.0,-0.032,USD/lb,Authentic Futures Market Feed (1-Year 60m Candles)
2025-12-12 02:00,2025-12-12,2,Copper,HG=F,5.502,5.503,5.486,5.494,1059,-0.16,-0.008,-0.008,USD/lb,Authentic Futures Market Feed (1-Year 60m Candles)
2025-12-12 03:00,2025-12-12,3,Copper,HG=F,5.493,5.495,5.477,5.481,1418,-0.24,-0.012,-0.004,USD/lb,Authentic Futures Market Feed (1-Year 60m Candles)
2025-12-12 04:00,2025-12-12,4,Copper,HG=F,5.48,5.498,5.455,5.481,1933,0.0,0.001,0.013,USD/lb,Authentic Futures Market Feed (1-Year 60m Candles)
2025-12-12 05:00,2025-12-12,5,Copper,HG=F,5.477,5.477,5.462,5.473,1709,-0.15,-0.004,-0.005,USD/lb,Authentic Futures Market Feed (1-Year 60m Candles)
2025-12-12 06:00,2025-12-12,6,Copper,HG=F,5.471,5.476,5.452,5.469,1283,-0.06999999999999999,-0.002,0.002,USD/lb,Authentic Futures Market Feed (1-Year 60m Candles)
2025-12-12 07:00,2025-12-12,7,Copper,HG=F,5.468,5.471,5.453,5.459,1167,-0.18,-0.009,-0.007,USD/lb,Authentic Futures Market Feed (1-Year 60m Candles)
2025-12-12 08:00,2025-12-12,8,Copper,HG=F,5.46,5.496,5.449,5.489,4048,0.5499999999999999,0.029,0.038,USD/lb,Authentic Futures Market Feed (1-Year 60m Candles)
2025-12-12 09:00,2025-12-12,9,Copper,HG=F,5.489,5.53,5.485,5.511,5444,0.4,0.022,-0.007,USD/lb,Authentic Futures Market Feed (1-Year 60m Candles)
2025-12-12 10:00,2025-12-12,10,Copper,HG=F,5.51,5.51,5.335,5.343,13926,-3.05,-0.167,-0.189,USD/lb,Authentic Futures Market Feed (1-Year 60m Candles)
2025-12-12 11:00,2025-12-12,11,Copper,HG=F,5.341,5.359,5.28,5.341,13621,-0.04,0.0,0.167,USD/lb,Authentic Futures Market Feed (1-Year 60m Candles)
2025-12-12 12:00,2025-12-12,12,Copper,HG=F,5.341,5.379,5.338,5.356,7028,0.27999999999999997,0.015,0.015,USD/lb,Authentic Futures Market Feed (1-Year 60m Candles)
2025-12-12 13:00,2025-12-12,13,Copper,HG=F,5.357,5.379,5.353,5.362,1848,0.11,0.005,-0.01,USD/lb,Authentic Futures Market Feed (1-Year 60m Candles)
2025-12-12 14:00,2025-12-12,14,Copper,HG=F,5.361,5.367,5.353,5.365,767,0.06,0.004,-0.001,USD/lb,Authentic Futures Market Feed (1-Year 60m Candles)
2025-12-12 15:00,2025-12-12,15,Copper,HG=F,5.364,5.364,5.345,5.356,718,-0.16999999999999998,-0.008,-0.012,USD/lb,Authentic Futures Market Feed (1-Year 60m Candles)
2025-12-12 16:00,2025-12-12,16,Copper,HG=F,5.357,5.364,5.356,5.359,261,0.06,0.002,0.01,USD/lb,Authentic Futures Market Feed (1-Year 60m Candles)
2025-12-14 18:00,2025-12-14,18,Copper,HG=F,5.355,5.358,5.347,5.35,322,-0.16999999999999998,-0.005,-0.007,USD/lb,Authentic Futures Market Feed (1-Year 60m Candles)
2025-12-14 19:00,2025-12-14,19,Copper,HG=F,5.349,5.353,5.346,5.35,282,0.0,0.001,0.006,USD/lb,Authentic Futures Market Feed (1-Year 60m Candles)
2025-12-14 20:00,2025-12-14,20,Copper,HG=F,5.351,5.404,5.346,5.393,2276,0.8,0.042,0.041,USD/lb,Authentic Futures Market Feed (1-Year 60m Candles)
2025-12-14 21:00,2025-12-14,21,Copper,HG=F,5.391,5.409,5.385,5.391,1076,-0.04,0.0,-0.042,USD/lb,Authentic Futures Market Feed (1-Year 60m Candles)
2025-12-14 22:00,2025-12-14,22,Copper,HG=F,5.392,5.399,5.381,5.391,396,0.0,-0.001,-0.001,USD/lb,Authentic Futures Market Feed (1-Year 60m Candles)
2025-12-14 23:00,2025-12-14,23,Copper,HG=F,5.391,5.396,5.384,5.396,322,0.09,0.005,0.006,USD/lb,Authentic Futures Market Feed (1-Year 60m Candles)
2025-12-15 00:00,2025-12-15,0,Copper,HG=F,5.393,5.409,5.391,5.403,612,0.13,0.01,0.005,USD/lb,Authentic Futures Market Feed (1-Year 60m Candles)
2025-12-15 01:00,2025-12-15,1,Copper,HG=F,5.404,5.418,5.389,5.405,1007,0.04,0.001,-0.009,USD/lb,Authentic Futures Market Feed (1-Year 60m Candles)
2025-12-15 02:00,2025-12-15,2,Copper,HG=F,5.406,5.41,5.383,5.388,989,-0.31,-0.018,-0.019,USD/lb,Authentic Futures Market Feed (1-Year 60m Candles)
2025-12-15 03:00,2025-12-15,3,Copper,HG=F,5.389,5.411,5.386,5.407,1065,0.35000000000000003,0.018,0.036,USD/lb,Authentic Futures Market Feed (1-Year 60m Candles)
2025-12-15 04:00,2025-12-15,4,Copper,HG=F,5.407,5.431,5.402,5.413,1963,0.11,0.006,-0.012,USD/lb,Authentic Futures Market Feed (1-Year 60m Candles)
2025-12-15 05:00,2025-12-15,5,Copper,HG=F,5.413,5.424,5.411,5.414,623,0.02,0.001,-0.005,USD/lb,Authentic Futures Market Feed (1-Year 60m Candles)
2025-12-15 06:00,2025-12-15,6,Copper,HG=F,5.413,5.43,5.409,5.426,1003,0.22,0.013,0.012,USD/lb,Authentic Futures Market Feed (1-Year 60m Candles)
2025-12-15 07:00,2025-12-15,7,Copper,HG=F,5.426,5.52,5.422,5.505,5729,1.46,0.079,0.066,USD/lb,Authentic Futures Market Feed (1-Year 60m Candles)
2025-12-15 08:00,2025-12-15,8,Copper,HG=F,5.504,5.509,5.453,5.453,5442,-0.9400000000000001,-0.051,-0.13,USD/lb,Authentic Futures Market Feed (1-Year 60m Candles)
2025-12-15 09:00,2025-12-15,9,Copper,HG=F,5.454,5.475,5.425,5.437,4426,-0.29,-0.017,0.034,USD/lb,Authentic Futures Market Feed (1-Year 60m Candles)
2025-12-15 10:00,2025-12-15,10,Copper,HG=F,5.438,5.449,5.419,5.434,3157,-0.06,-0.004,0.013,USD/lb,Authentic Futures Market Feed (1-Year 60m Candles)
2025-12-15 11:00,2025-12-15,11,Copper,HG=F,5.435,5.435,5.398,5.412,3588,-0.4,-0.023,-0.019,USD/lb,Authentic Futures Market Feed (1-Year 60m Candles)
2025-12-15 12:00,2025-12-15,12,Copper,HG=F,5.411,5.423,5.4,5.413,3250,0.02,0.002,0.025,USD/lb,Authentic Futures Market Feed (1-Year 60m Candles)
2025-12-15 13:00,2025-12-15,13,Copper,HG=F,5.413,5.42,5.401,5.418,1273,0.09,0.005,0.003,USD/lb,Authentic Futures Market Feed (1-Year 60m Candles)
2025-12-15 14:00,2025-12-15,14,Copper,HG=F,5.418,5.424,5.415,5.418,431,0.0,0.0,-0.005,USD/lb,Authentic Futures Market Feed (1-Year 60m Candles)
2025-12-15 15:00,2025-12-15,15,Copper,HG=F,5.417,5.418,5.405,5.407,1019,-0.2,-0.01,-0.01,USD/lb,Authentic Futures Market Feed (1-Year 60m Candles)
2025-12-15 16:00,2025-12-15,16,Copper,HG=F,5.408,5.41,5.405,5.407,0,0.0,-0.001,0.009,USD/lb,Authentic Futures Market Feed (1-Year 60m Candles)
2025-12-15 18:00,2025-12-15,18,Copper,HG=F,5.411,5.413,5.403,5.403,219,-0.06999999999999999,-0.008,-0.007,USD/lb,Authentic Futures Market Feed (1-Year 60m Candles)
2025-12-15 19:00,2025-12-15,19,Copper,HG=F,5.404,5.408,5.396,5.397,324,-0.11,-0.007,0.001,USD/lb,Authentic Futures Market Feed (1-Year 60m Candles)
2025-12-15 20:00,2025-12-15,20,Copper,HG=F,5.397,5.41,5.363,5.37,2014,-0.5,-0.027,-0.02,USD/lb,Authentic Futures Market Feed (1-Year 60m Candles)
2025-12-15 21:00,2025-12-15,21,Copper,HG=F,5.368,5.374,5.333,5.336,3201,-0.63,-0.032,-0.005,USD/lb,Authentic Futures Market Feed (1-Year 60m Candles)
2025-12-15 22:00,2025-12-15,22,Copper,HG=F,5.337,5.344,5.321,5.343,2248,0.13,0.006,0.038,USD/lb,Authentic Futures Market Feed (1-Year 60m Candles)
2025-12-15 23:00,2025-12-15,23,Copper,HG=F,5.343,5.349,5.338,5.342,545,-0.02,-0.001,-0.007,USD/lb,Authentic Futures Market Feed (1-Year 60m Candles)
2025-12-16 00:00,2025-12-16,0,Copper,HG=F,5.342,5.347,5.318,5.337,672,-0.09,-0.005,-0.004,USD/lb,Authentic Futures Market Feed (1-Year 60m Candles)
2025-12-16 01:00,2025-12-16,1,Copper,HG=F,5.339,5.357,5.335,5.356,733,0.36,0.017,0.022,USD/lb,Authentic Futures Market Feed (1-Year 60m Candles)
2025-12-16 02:00,2025-12-16,2,Copper,HG=F,5.357,5.359,5.338,5.346,668,-0.19,-0.011,-0.028,USD/lb,Authentic Futures Market Feed (1-Year 60m Candles)
2025-12-16 03:00,2025-12-16,3,Copper,HG=F,5.348,5.36,5.344,5.358,1025,0.22,0.01,0.021,USD/lb,Authentic Futures Market Feed (1-Year 60m Candles)
2025-12-16 04:00,2025-12-16,4,Copper,HG=F,5.356,5.358,5.343,5.347,771,-0.21,-0.009,-0.019,USD/lb,Authentic Futures Market Feed (1-Year 60m Candles)
2025-12-16 05:00,2025-12-16,5,Copper,HG=F,5.347,5.375,5.347,5.361,607,0.26,0.014,0.023,USD/lb,Authentic Futures Market Feed (1-Year 60m Candles)
2025-12-16 06:00,2025-12-16,6,Copper,HG=F,5.361,5.367,5.359,5.366,442,0.09,0.005,-0.009,USD/lb,Authentic Futures Market Feed (1-Year 60m Candles)
2025-12-16 07:00,2025-12-16,7,Copper,HG=F,5.366,5.377,5.364,5.375,1200,0.16999999999999998,0.009,0.004,USD/lb,Authentic Futures Market Feed (1-Year 60m Candles)
2025-12-16 08:00,2025-12-16,8,Copper,HG=F,5.376,5.397,5.353,5.373,4580,-0.04,-0.003,-0.012,USD/lb,Authentic Futures Market Feed (1-Year 60m Candles)
2025-12-16 09:00,2025-12-16,9,Copper,HG=F,5.373,5.38,5.355,5.364,3387,-0.16999999999999998,-0.009,-0.006,USD/lb,Authentic Futures Market Feed (1-Year 60m Candles)
2025-12-16 10:00,2025-12-16,10,Copper,HG=F,5.364,5.373,5.339,5.354,3361,-0.19,-0.01,-0.001,USD/lb,Authentic Futures Market Feed (1-Year 60m Candles)
2025-12-16 11:00,2025-12-16,11,Copper,HG=F,5.354,5.358,5.336,5.353,1739,-0.02,-0.001,0.009,USD/lb,Authentic Futures Market Feed (1-Year 60m Candles)
2025-12-16 12:00,2025-12-16,12,Copper,HG=F,5.355,5.372,5.348,5.36,4101,0.13,0.005,0.006,USD/lb,Authentic Futures Market Feed (1-Year 60m Candles)
2025-12-16 13:00,2025-12-16,13,Copper,HG=F,5.36,5.369,5.347,5.36,1353,0.0,0.0,-0.005,USD/lb,Authentic Futures Market Feed (1-Year 60m Candles)
2025-12-16 14:00,2025-12-16,14,Copper,HG=F,5.361,5.369,5.343,5.365,481,0.09,0.004,0.004,USD/lb,Authentic Futures Market Feed (1-Year 60m Candles)
2025-12-16 15:00,2025-12-16,15,Copper,HG=F,5.365,5.372,5.364,5.365,329,0.0,0.0,-0.004,USD/lb,Authentic Futures Market Feed (1-Year 60m Candles)
2025-12-16 16:00,2025-12-16,16,Copper,HG=F,5.364,5.365,5.358,5.363,264,-0.04,-0.001,-0.001,USD/lb,Authentic Futures Market Feed (1-Year 60m Candles)
2025-12-16 18:00,2025-12-16,18,Copper,HG=F,5.361,5.369,5.361,5.367,0,0.06999999999999999,0.006,0.007,USD/lb,Authentic Futures Market Feed (1-Year 60m Candles)
2025-12-16 19:00,2025-12-16,19,Copper,HG=F,5.366,5.372,5.365,5.365,233,-0.04,-0.001,-0.007,USD/lb,Authentic Futures Market Feed (1-Year 60m Candles)
2025-12-16 20:00,2025-12-16,20,Copper,HG=F,5.365,5.397,5.365,5.391,1540,0.48,0.026,0.027,USD/lb,Authentic Futures Market Feed (1-Year 60m Candles)
2025-12-16 21:00,2025-12-16,21,Copper,HG=F,5.392,5.397,5.373,5.383,852,-0.15,-0.009,-0.035,USD/lb,Authentic Futures Market Feed (1-Year 60m Candles)
2025-12-16 22:00,2025-12-16,22,Copper,HG=F,5.383,5.42,5.381,5.42,1254,0.69,0.037,0.046,USD/lb,Authentic Futures Market Feed (1-Year 60m Candles)
2025-12-16 23:00,2025-12-16,23,Copper,HG=F,5.42,5.42,5.406,5.409,507,-0.2,-0.011,-0.048,USD/lb,Authentic Futures Market Feed (1-Year 60m Candles)
2025-12-17 00:00,2025-12-17,0,Copper,HG=F,5.407,5.435,5.402,5.413,1228,0.06999999999999999,0.006,0.017,USD/lb,Authentic Futures Market Feed (1-Year 60m Candles)
2025-12-17 01:00,2025-12-17,1,Copper,HG=F,5.416,5.419,5.395,5.409,816,-0.06999999999999999,-0.007,-0.013,USD/lb,Authentic Futures Market Feed (1-Year 60m Candles)
2025-12-17 02:00,2025-12-17,2,Copper,HG=F,5.409,5.409,5.387,5.391,1095,-0.33,-0.018,-0.011,USD/lb,Authentic Futures Market Feed (1-Year 60m Candles)
2025-12-17 03:00,2025-12-17,3,Copper,HG=F,5.391,5.397,5.383,5.395,851,0.06999999999999999,0.004,0.022,USD/lb,Authentic Futures Market Feed (1-Year 60m Candles)
2025-12-17 04:00,2025-12-17,4,Copper,HG=F,5.394,5.412,5.39,5.399,1059,0.06999999999999999,0.005,0.001,USD/lb,Authentic Futures Market Feed (1-Year 60m Candles)
2025-12-17 05:00,2025-12-17,5,Copper,HG=F,5.399,5.418,5.398,5.413,1288,0.26,0.014,0.009,USD/lb,Authentic Futures Market Feed (1-Year 60m Candles)
2025-12-17 06:00,2025-12-17,6,Copper,HG=F,5.414,5.415,5.399,5.402,687,-0.2,-0.012,-0.026,USD/lb,Authentic Futures Market Feed (1-Year 60m Candles)
2025-12-17 07:00,2025-12-17,7,Copper,HG=F,5.402,5.42,5.399,5.415,707,0.24,0.013,0.025,USD/lb,Authentic Futures Market Feed (1-Year 60m Candles)
2025-12-17 08:00,2025-12-17,8,Copper,HG=F,5.415,5.465,5.405,5.462,3598,0.8699999999999999,0.047,0.034,USD/lb,Authentic Futures Market Feed (1-Year 60m Candles)
2025-12-17 09:00,2025-12-17,9,Copper,HG=F,5.462,5.464,5.408,5.431,4887,-0.5700000000000001,-0.031,-0.078,USD/lb,Authentic Futures Market Feed (1-Year 60m Candles)
2025-12-17 10:00,2025-12-17,10,Copper,HG=F,5.431,5.441,5.405,5.418,3152,-0.24,-0.013,0.018,USD/lb,Authentic Futures Market Feed (1-Year 60m Candles)
2025-12-17 11:00,2025-12-17,11,Copper,HG=F,5.418,5.432,5.403,5.424,2707,0.11,0.006,0.019,USD/lb,Authentic Futures Market Feed (1-Year 60m Candles)
2025-12-17 12:00,2025-12-17,12,Copper,HG=F,5.424,5.441,5.414,5.438,3708,0.26,0.014,0.008,USD/lb,Authentic Futures Market Feed (1-Year 60m Candles)
2025-12-17 13:00,2025-12-17,13,Copper,HG=F,5.437,5.444,5.413,5.418,2321,-0.37,-0.019,-0.033,USD/lb,Authentic Futures Market Feed (1-Year 60m Candles)
2025-12-17 14:00,2025-12-17,14,Copper,HG=F,5.419,5.428,5.413,5.423,573,0.09,0.004,0.023,USD/lb,Authentic Futures Market Feed (1-Year 60m Candles)
2025-12-17 15:00,2025-12-17,15,Copper,HG=F,5.423,5.43,5.419,5.422,435,-0.02,-0.001,-0.005,USD/lb,Authentic Futures Market Feed (1-Year 60m Candles)
2025-12-17 16:00,2025-12-17,16,Copper,HG=F,5.422,5.43,5.421,5.426,198,0.06999999999999999,0.004,0.005,USD/lb,Authentic Futures Market Feed (1-Year 60m Candles)
2025-12-17 18:00,2025-12-17,18,Copper,HG=F,5.427,5.431,5.424,5.424,0,-0.04,-0.003,-0.007,USD/lb,Authentic Futures Market Feed (1-Year 60m Candles)
2025-12-17 19:00,2025-12-17,19,Copper,HG=F,5.425,5.428,5.416,5.418,343,-0.11,-0.007,-0.004,USD/lb,Authentic Futures Market Feed (1-Year 60m Candles)
2025-12-17 20:00,2025-12-17,20,Copper,HG=F,5.418,5.418,5.38,5.398,1751,-0.37,-0.02,-0.013,USD/lb,Authentic Futures Market Feed (1-Year 60m Candles)
2025-12-17 21:00,2025-12-17,21,Copper,HG=F,5.398,5.406,5.389,5.394,554,-0.06999999999999999,-0.004,0.016,USD/lb,Authentic Futures Market Feed (1-Year 60m Candles)
2025-12-17 22:00,2025-12-17,22,Copper,HG=F,5.392,5.401,5.386,5.393,409,-0.02,0.001,0.005,USD/lb,Authentic Futures Market Feed (1-Year 60m Candles)
2025-12-17 23:00,2025-12-17,23,Copper,HG=F,5.391,5.398,5.386,5.397,237,0.06999999999999999,0.006,0.005,USD/lb,Authentic Futures Market Feed (1-Year 60m Candles)
2025-12-18 00:00,2025-12-18,0,Copper,HG=F,5.394,5.418,5.384,5.392,774,-0.09,-0.002,-0.008,USD/lb,Authentic Futures Market Feed (1-Year 60m Candles)
2025-12-18 01:00,2025-12-18,1,Copper,HG=F,5.391,5.409,5.387,5.407,599,0.27999999999999997,0.016,0.018,USD/lb,Authentic Futures Market Feed (1-Year 60m Candles)
2025-12-18 02:00,2025-12-18,2,Copper,HG=F,5.407,5.423,5.405,5.41,600,0.06,0.003,-0.013,USD/lb,Authentic Futures Market Feed (1-Year 60m Candles)
2025-12-18 03:00,2025-12-18,3,Copper,HG=F,5.41,5.422,5.405,5.406,784,-0.06999999999999999,-0.004,-0.007,USD/lb,Authentic Futures Market Feed (1-Year 60m Candles)
2025-12-18 04:00,2025-12-18,4,Copper,HG=F,5.406,5.424,5.403,5.408,702,0.04,0.002,0.006,USD/lb,Authentic Futures Market Feed (1-Year 60m Candles)
2025-12-18 05:00,2025-12-18,5,Copper,HG=F,5.407,5.424,5.407,5.412,408,0.06999999999999999,0.005,0.003,USD/lb,Authentic Futures Market Feed (1-Year 60m Candles)
2025-12-18 06:00,2025-12-18,6,Copper,HG=F,5.412,5.418,5.406,5.416,372,0.06999999999999999,0.004,-0.001,USD/lb,Authentic Futures Market Feed (1-Year 60m Candles)
2025-12-18 07:00,2025-12-18,7,Copper,HG=F,5.416,5.431,5.398,5.404,1391,-0.22,-0.012,-0.016,USD/lb,Authentic Futures Market Feed (1-Year 60m Candles)
2025-12-18 08:00,2025-12-18,8,Copper,HG=F,5.404,5.469,5.384,5.429,6196,0.45999999999999996,0.025,0.037,USD/lb,Authentic Futures Market Feed (1-Year 60m Candles)
2025-12-18 09:00,2025-12-18,9,Copper,HG=F,5.426,5.443,5.385,5.426,4278,-0.06,0.0,-0.025,USD/lb,Authentic Futures Market Feed (1-Year 60m Candles)
2025-12-18 10:00,2025-12-18,10,Copper,HG=F,5.428,5.454,5.424,5.438,3645,0.22,0.01,0.01,USD/lb,Authentic Futures Market Feed (1-Year 60m Candles)
2025-12-18 11:00,2025-12-18,11,Copper,HG=F,5.437,5.461,5.436,5.457,2788,0.35000000000000003,0.02,0.01,USD/lb,Authentic Futures Market Feed (1-Year 60m Candles)
2025-12-18 12:00,2025-12-18,12,Copper,HG=F,5.456,5.458,5.414,5.438,4302,-0.35000000000000003,-0.018,-0.038,USD/lb,Authentic Futures Market Feed (1-Year 60m Candles)
2025-12-18 13:00,2025-12-18,13,Copper,HG=F,5.437,5.445,5.427,5.434,809,-0.06999999999999999,-0.003,0.015,USD/lb,Authentic Futures Market Feed (1-Year 60m Candles)
2025-12-18 14:00,2025-12-18,14,Copper,HG=F,5.434,5.436,5.419,5.422,434,-0.22,-0.012,-0.009,USD/lb,Authentic Futures Market Feed (1-Year 60m Candles)
2025-12-18 15:00,2025-12-18,15,Copper,HG=F,5.42,5.434,5.42,5.426,365,0.06999999999999999,0.006,0.018,USD/lb,Authentic Futures Market Feed (1-Year 60m Candles)
2025-12-18 16:00,2025-12-18,16,Copper,HG=F,5.426,5.427,5.421,5.424,186,-0.04,-0.002,-0.008,USD/lb,Authentic Futures Market Feed (1-Year 60m Candles)
2025-12-18 18:00,2025-12-18,18,Copper,HG=F,5.427,5.429,5.422,5.426,0,0.04,-0.001,0.001,USD/lb,Authentic Futures Market Feed (1-Year 60m Candles)
2025-12-18 19:00,2025-12-18,19,Copper,HG=F,5.426,5.432,5.423,5.428,191,0.04,0.002,0.003,USD/lb,Authentic Futures Market Feed (1-Year 60m Candles)
2025-12-18 20:00,2025-12-18,20,Copper,HG=F,5.429,5.43,5.405,5.425,975,-0.06,-0.004,-0.006,USD/lb,Authentic Futures Market Feed (1-Year 60m Candles)
2025-12-18 21:00,2025-12-18,21,Copper,HG=F,5.425,5.451,5.424,5.431,877,0.11,0.006,0.01,USD/lb,Authentic Futures Market Feed (1-Year 60m Candles)
2025-12-18 22:00,2025-12-18,22,Copper,HG=F,5.431,5.453,5.418,5.449,778,0.33,0.018,0.012,USD/lb,Authentic Futures Market Feed (1-Year 60m Candles)
2025-12-18 23:00,2025-12-18,23,Copper,HG=F,5.446,5.47,5.446,5.46,662,0.2,0.014,-0.004,USD/lb,Authentic Futures Market Feed (1-Year 60m Candles)
2025-12-19 00:00,2025-12-19,0,Copper,HG=F,5.462,5.5,5.462,5.489,3091,0.53,0.027,0.013,USD/lb,Authentic Futures Market Feed (1-Year 60m Candles)
2025-12-19 01:00,2025-12-19,1,Copper,HG=F,5.488,5.503,5.468,5.485,1666,-0.06999999999999999,-0.003,-0.03,USD/lb,Authentic Futures Market Feed (1-Year 60m Candles)
2025-12-19 02:00,2025-12-19,2,Copper,HG=F,5.485,5.492,5.47,5.473,769,-0.22,-0.012,-0.009,USD/lb,Authentic Futures Market Feed (1-Year 60m Candles)
2025-12-19 03:00,2025-12-19,3,Copper,HG=F,5.472,5.492,5.471,5.49,1055,0.31,0.018,0.03,USD/lb,Authentic Futures Market Feed (1-Year 60m Candles)
2025-12-19 04:00,2025-12-19,4,Copper,HG=F,5.489,5.503,5.483,5.502,1602,0.22,0.013,-0.005,USD/lb,Authentic Futures Market Feed (1-Year 60m Candles)
2025-12-19 05:00,2025-12-19,5,Copper,HG=F,5.501,5.502,5.485,5.489,968,-0.24,-0.012,-0.025,USD/lb,Authentic Futures Market Feed (1-Year 60m Candles)
2025-12-19 06:00,2025-12-19,6,Copper,HG=F,5.489,5.504,5.484,5.499,1984,0.18,0.01,0.022,USD/lb,Authentic Futures Market Feed (1-Year 60m Candles)
2025-12-19 07:00,2025-12-19,7,Copper,HG=F,5.498,5.517,5.491,5.515,2673,0.29,0.017,0.007,USD/lb,Authentic Futures Market Feed (1-Year 60m Candles)
2025-12-19 08:00,2025-12-19,8,Copper,HG=F,5.516,5.565,5.512,5.517,10741,0.04,0.001,-0.016,USD/lb,Authentic Futures Market Feed (1-Year 60m Candles)
2025-12-19 09:00,2025-12-19,9,Copper,HG=F,5.517,5.554,5.507,5.536,5632,0.33999999999999997,0.019,0.018,USD/lb,Authentic Futures Market Feed (1-Year 60m Candles)
2025-12-19 10:00,2025-12-19,10,Copper,HG=F,5.537,5.544,5.497,5.503,5495,-0.6,-0.034,-0.053,USD/lb,Authentic Futures Market Feed (1-Year 60m Candles)
2025-12-19 11:00,2025-12-19,11,Copper,HG=F,5.503,5.518,5.492,5.498,3110,-0.09,-0.005,0.029,USD/lb,Authentic Futures Market Feed (1-Year 60m Candles)
2025-12-19 12:00,2025-12-19,12,Copper,HG=F,5.497,5.518,5.497,5.509,3188,0.2,0.012,0.017,USD/lb,Authentic Futures Market Feed (1-Year 60m Candles)
2025-12-19 13:00,2025-12-19,13,Copper,HG=F,5.509,5.51,5.501,5.501,1159,-0.15,-0.008,-0.02,USD/lb,Authentic Futures Market Feed (1-Year 60m Candles)
2025-12-19 14:00,2025-12-19,14,Copper,HG=F,5.501,5.506,5.495,5.5,599,-0.02,-0.001,0.007,USD/lb,Authentic Futures Market Feed (1-Year 60m Candles)
2025-12-19 15:00,2025-12-19,15,Copper,HG=F,5.499,5.499,5.475,5.485,863,-0.27,-0.014,-0.013,USD/lb,Authentic Futures Market Feed (1-Year 60m Candles)
2025-12-19 16:00,2025-12-19,16,Copper,HG=F,5.486,5.51,5.481,5.51,475,0.45999999999999996,0.024,0.038,USD/lb,Authentic Futures Market Feed (1-Year 60m Candles)
2025-12-21 18:00,2025-12-21,18,Copper,HG=F,5.504,5.505,5.489,5.5,520,-0.18,-0.004,-0.028,USD/lb,Authentic Futures Market Feed (1-Year 60m Candles)
2025-12-21 19:00,2025-12-21,19,Copper,HG=F,5.5,5.505,5.494,5.495,383,-0.09,-0.005,-0.001,USD/lb,Authentic Futures Market Feed (1-Year 60m Candles)
2025-12-21 20:00,2025-12-21,20,Copper,HG=F,5.495,5.525,5.495,5.515,1718,0.36,0.02,0.025,USD/lb,Authentic Futures Market Feed (1-Year 60m Candles)
2025-12-21 21:00,2025-12-21,21,Copper,HG=F,5.515,5.536,5.514,5.527,909,0.22,0.012,-0.008,USD/lb,Authentic Futures Market Feed (1-Year 60m Candles)
2025-12-21 22:00,2025-12-21,22,Copper,HG=F,5.525,5.544,5.521,5.538,684,0.2,0.013,0.001,USD/lb,Authentic Futures Market Feed (1-Year 60m Candles)
2025-12-21 23:00,2025-12-21,23,Copper,HG=F,5.539,5.541,5.534,5.537,362,-0.02,-0.002,-0.015,USD/lb,Authentic Futures Market Feed (1-Year 60m Candles)
2025-12-22 00:00,2025-12-22,0,Copper,HG=F,5.536,5.549,5.488,5.494,1614,-0.7799999999999999,-0.042,-0.04,USD/lb,Authentic Futures Market Feed (1-Year 60m Candles)
2025-12-22 01:00,2025-12-22,1,Copper,HG=F,5.492,5.549,5.492,5.543,1923,0.89,0.051,0.093,USD/lb,Authentic Futures Market Feed (1-Year 60m Candles)
2025-12-22 02:00,2025-12-22,2,Copper,HG=F,5.543,5.547,5.532,5.54,666,-0.05,-0.003,-0.054,USD/lb,Authentic Futures Market Feed (1-Year 60m Candles)
2025-12-22 03:00,2025-12-22,3,Copper,HG=F,5.542,5.553,5.511,5.516,1656,-0.43,-0.026,-0.023,USD/lb,Authentic Futures Market Feed (1-Year 60m Candles)
2025-12-22 04:00,2025-12-22,4,Copper,HG=F,5.516,5.523,5.503,5.505,1554,-0.2,-0.011,0.015,USD/lb,Authentic Futures Market Feed (1-Year 60m Candles)
2025-12-22 05:00,2025-12-22,5,Copper,HG=F,5.505,5.522,5.504,5.521,677,0.29,0.016,0.027,USD/lb,Authentic Futures Market Feed (1-Year 60m Candles)
2025-12-22 06:00,2025-12-22,6,Copper,HG=F,5.521,5.529,5.514,5.515,769,-0.11,-0.006,-0.022,USD/lb,Authentic Futures Market Feed (1-Year 60m Candles)
2025-12-22 07:00,2025-12-22,7,Copper,HG=F,5.516,5.518,5.504,5.51,1452,-0.09,-0.006,0.0,USD/lb,Authentic Futures Market Feed (1-Year 60m Candles)
2025-12-22 08:00,2025-12-22,8,Copper,HG=F,5.51,5.523,5.494,5.503,2959,-0.13,-0.007,-0.001,USD/lb,Authentic Futures Market Feed (1-Year 60m Candles)
2025-12-22 09:00,2025-12-22,9,Copper,HG=F,5.504,5.516,5.489,5.502,2375,-0.02,-0.002,0.005,USD/lb,Authentic Futures Market Feed (1-Year 60m Candles)
2025-12-22 10:00,2025-12-22,10,Copper,HG=F,5.503,5.506,5.481,5.501,2374,-0.02,-0.002,0.0,USD/lb,Authentic Futures Market Feed (1-Year 60m Candles)
2025-12-22 11:00,2025-12-22,11,Copper,HG=F,5.501,5.514,5.499,5.505,1422,0.06999999999999999,0.004,0.006,USD/lb,Authentic Futures Market Feed (1-Year 60m Candles)
2025-12-22 12:00,2025-12-22,12,Copper,HG=F,5.505,5.513,5.497,5.509,3968,0.06999999999999999,0.004,0.0,USD/lb,Authentic Futures Market Feed (1-Year 60m Candles)
2025-12-22 13:00,2025-12-22,13,Copper,HG=F,5.509,5.51,5.496,5.501,809,-0.15,-0.008,-0.012,USD/lb,Authentic Futures Market Feed (1-Year 60m Candles)
2025-12-22 14:00,2025-12-22,14,Copper,HG=F,5.501,5.501,5.492,5.497,321,-0.06999999999999999,-0.004,0.004,USD/lb,Authentic Futures Market Feed (1-Year 60m Candles)
2025-12-22 15:00,2025-12-22,15,Copper,HG=F,5.497,5.503,5.497,5.502,412,0.09,0.005,0.009,USD/lb,Authentic Futures Market Feed (1-Year 60m Candles)
2025-12-22 16:00,2025-12-22,16,Copper,HG=F,5.501,5.503,5.497,5.503,278,0.02,0.002,-0.003,USD/lb,Authentic Futures Market Feed (1-Year 60m Candles)
2025-12-22 18:00,2025-12-22,18,Copper,HG=F,5.501,5.516,5.499,5.514,0,0.2,0.013,0.011,USD/lb,Authentic Futures Market Feed (1-Year 60m Candles)
2025-12-22 19:00,2025-12-22,19,Copper,HG=F,5.514,5.518,5.506,5.514,407,0.0,0.0,-0.013,USD/lb,Authentic Futures Market Feed (1-Year 60m Candles)
2025-12-22 20:00,2025-12-22,20,Copper,HG=F,5.514,5.523,5.484,5.495,1877,-0.33999999999999997,-0.019,-0.019,USD/lb,Authentic Futures Market Feed (1-Year 60m Candles)
2025-12-22 21:00,2025-12-22,21,Copper,HG=F,5.493,5.51,5.486,5.508,837,0.24,0.015,0.034,USD/lb,Authentic Futures Market Feed (1-Year 60m Candles)
2025-12-22 22:00,2025-12-22,22,Copper,HG=F,5.508,5.515,5.501,5.503,561,-0.09,-0.005,-0.02,USD/lb,Authentic Futures Market Feed (1-Year 60m Candles)
2025-12-22 23:00,2025-12-22,23,Copper,HG=F,5.503,5.51,5.501,5.505,303,0.04,0.002,0.007,USD/lb,Authentic Futures Market Feed (1-Year 60m Candles)
2025-12-23 00:00,2025-12-23,0,Copper,HG=F,5.506,5.508,5.489,5.49,566,-0.27,-0.016,-0.018,USD/lb,Authentic Futures Market Feed (1-Year 60m Candles)
2025-12-23 01:00,2025-12-23,1,Copper,HG=F,5.488,5.512,5.487,5.51,639,0.36,0.022,0.038,USD/lb,Authentic Futures Market Feed (1-Year 60m Candles)
2025-12-23 02:00,2025-12-23,2,Copper,HG=F,5.511,5.525,5.51,5.521,852,0.2,0.01,-0.012,USD/lb,Authentic Futures Market Feed (1-Year 60m Candles)
2025-12-23 03:00,2025-12-23,3,Copper,HG=F,5.52,5.545,5.513,5.542,1436,0.38,0.022,0.012,USD/lb,Authentic Futures Market Feed (1-Year 60m Candles)
2025-12-23 04:00,2025-12-23,4,Copper,HG=F,5.542,5.556,5.534,5.544,1720,0.04,0.002,-0.02,USD/lb,Authentic Futures Market Feed (1-Year 60m Candles)
2025-12-23 05:00,2025-12-23,5,Copper,HG=F,5.544,5.576,5.542,5.568,1480,0.43,0.024,0.022,USD/lb,Authentic Futures Market Feed (1-Year 60m Candles)
2025-12-23 06:00,2025-12-23,6,Copper,HG=F,5.566,5.577,5.565,5.575,1989,0.13,0.009,-0.015,USD/lb,Authentic Futures Market Feed (1-Year 60m Candles)
2025-12-23 07:00,2025-12-23,7,Copper,HG=F,5.574,5.576,5.56,5.571,2320,-0.06999999999999999,-0.003,-0.012,USD/lb,Authentic Futures Market Feed (1-Year 60m Candles)
2025-12-23 08:00,2025-12-23,8,Copper,HG=F,5.571,5.621,5.571,5.598,7108,0.48,0.027,0.03,USD/lb,Authentic Futures Market Feed (1-Year 60m Candles)
2025-12-23 09:00,2025-12-23,9,Copper,HG=F,5.597,5.6,5.528,5.544,7809,-0.96,-0.053,-0.08,USD/lb,Authentic Futures Market Feed (1-Year 60m Candles)
2025-12-23 10:00,2025-12-23,10,Copper,HG=F,5.541,5.562,5.516,5.56,4666,0.29,0.019,0.072,USD/lb,Authentic Futures Market Feed (1-Year 60m Candles)
2025-12-23 11:00,2025-12-23,11,Copper,HG=F,5.56,5.577,5.548,5.56,2805,0.0,0.0,-0.019,USD/lb,Authentic Futures Market Feed (1-Year 60m Candles)
2025-12-23 12:00,2025-12-23,12,Copper,HG=F,5.561,5.57,5.548,5.551,4179,-0.16,-0.01,-0.01,USD/lb,Authentic Futures Market Feed (1-Year 60m Candles)
2025-12-23 13:00,2025-12-23,13,Copper,HG=F,5.551,5.561,5.542,5.56,2047,0.16,0.009,0.019,USD/lb,Authentic Futures Market Feed (1-Year 60m Candles)
2025-12-23 14:00,2025-12-23,14,Copper,HG=F,5.56,5.577,5.56,5.571,565,0.2,0.011,0.002,USD/lb,Authentic Futures Market Feed (1-Year 60m Candles)
2025-12-23 15:00,2025-12-23,15,Copper,HG=F,5.571,5.576,5.565,5.569,757,-0.04,-0.002,-0.013,USD/lb,Authentic Futures Market Feed (1-Year 60m Candles)
2025-12-23 16:00,2025-12-23,16,Copper,HG=F,5.569,5.569,5.557,5.56,408,-0.16,-0.009,-0.007,USD/lb,Authentic Futures Market Feed (1-Year 60m Candles)
2025-12-23 18:00,2025-12-23,18,Copper,HG=F,5.563,5.589,5.561,5.588,0,0.5,0.025,0.034,USD/lb,Authentic Futures Market Feed (1-Year 60m Candles)
2025-12-23 19:00,2025-12-23,19,Copper,HG=F,5.588,5.615,5.586,5.601,1215,0.22999999999999998,0.013,-0.012,USD/lb,Authentic Futures Market Feed (1-Year 60m Candles)
2025-12-23 20:00,2025-12-23,20,Copper,HG=F,5.601,5.607,5.58,5.589,1801,-0.21,-0.012,-0.025,USD/lb,Authentic Futures Market Feed (1-Year 60m Candles)
2025-12-23 21:00,2025-12-23,21,Copper,HG=F,5.589,5.593,5.561,5.561,1682,-0.5,-0.028,-0.016,USD/lb,Authentic Futures Market Feed (1-Year 60m Candles)
2025-12-23 22:00,2025-12-23,22,Copper,HG=F,5.561,5.587,5.552,5.58,925,0.33999999999999997,0.019,0.047,USD/lb,Authentic Futures Market Feed (1-Year 60m Candles)
2025-12-23 23:00,2025-12-23,23,Copper,HG=F,5.58,5.588,5.58,5.583,191,0.05,0.003,-0.016,USD/lb,Authentic Futures Market Feed (1-Year 60m Candles)
2025-12-24 09:00,2025-12-24,9,Copper,HG=F,5.6,5.616,5.554,5.562,2974,-0.38,-0.038,-0.041,USD/lb,Authentic Futures Market Feed (1-Year 60m Candles)
2025-12-24 10:00,2025-12-24,10,Copper,HG=F,5.561,5.571,5.531,5.558,3810,-0.06999999999999999,-0.003,0.035,USD/lb,Authentic Futures Market Feed (1-Year 60m Candles)
2025-12-24 11:00,2025-12-24,11,Copper,HG=F,5.556,5.59,5.552,5.573,2527,0.27,0.017,0.02,USD/lb,Authentic Futures Market Feed (1-Year 60m Candles)
2025-12-24 12:00,2025-12-24,12,Copper,HG=F,5.571,5.583,5.569,5.576,1057,0.05,0.005,-0.012,USD/lb,Authentic Futures Market Feed (1-Year 60m Candles)
2025-12-26 00:00,2025-12-26,0,Copper,HG=F,5.732,5.778,5.721,5.775,1485,3.5700000000000003,0.043,0.038,USD/lb,Authentic Futures Market Feed (1-Year 60m Candles)
2025-12-26 01:00,2025-12-26,1,Copper,HG=F,5.774,5.786,5.725,5.741,2842,-0.59,-0.033,-0.076,USD/lb,Authentic Futures Market Feed (1-Year 60m Candles)
2025-12-26 02:00,2025-12-26,2,Copper,HG=F,5.744,5.78,5.742,5.76,1113,0.33,0.016,0.049,USD/lb,Authentic Futures Market Feed (1-Year 60m Candles)
2025-12-26 03:00,2025-12-26,3,Copper,HG=F,5.76,5.807,5.76,5.788,1644,0.49,0.028,0.012,USD/lb,Authentic Futures Market Feed (1-Year 60m Candles)
2025-12-26 04:00,2025-12-26,4,Copper,HG=F,5.787,5.799,5.747,5.768,1685,-0.35000000000000003,-0.019,-0.047,USD/lb,Authentic Futures Market Feed (1-Year 60m Candles)
2025-12-26 05:00,2025-12-26,5,Copper,HG=F,5.768,5.79,5.752,5.754,1110,-0.24,-0.014,0.005,USD/lb,Authentic Futures Market Feed (1-Year 60m Candles)
2025-12-26 06:00,2025-12-26,6,Copper,HG=F,5.755,5.76,5.719,5.734,1651,-0.35000000000000003,-0.021,-0.007,USD/lb,Authentic Futures Market Feed (1-Year 60m Candles)
2025-12-26 07:00,2025-12-26,7,Copper,HG=F,5.736,5.742,5.715,5.728,952,-0.1,-0.008,0.013,USD/lb,Authentic Futures Market Feed (1-Year 60m Candles)
2025-12-26 08:00,2025-12-26,8,Copper,HG=F,5.727,5.759,5.719,5.754,3167,0.44999999999999996,0.027,0.035,USD/lb,Authentic Futures Market Feed (1-Year 60m Candles)
2025-12-26 09:00,2025-12-26,9,Copper,HG=F,5.753,5.839,5.751,5.832,7123,1.3599999999999999,0.079,0.052,USD/lb,Authentic Futures Market Feed (1-Year 60m Candles)
2025-12-26 10:00,2025-12-26,10,Copper,HG=F,5.832,5.865,5.799,5.861,5009,0.5,0.029,-0.05,USD/lb,Authentic Futures Market Feed (1-Year 60m Candles)
2025-12-26 11:00,2025-12-26,11,Copper,HG=F,5.861,5.888,5.811,5.856,7377,-0.09,-0.005,-0.034,USD/lb,Authentic Futures Market Feed (1-Year 60m Candles)
2025-12-26 12:00,2025-12-26,12,Copper,HG=F,5.854,5.867,5.809,5.845,4106,-0.19,-0.009,-0.004,USD/lb,Authentic Futures Market Feed (1-Year 60m Candles)
2025-12-26 13:00,2025-12-26,13,Copper,HG=F,5.845,5.865,5.828,5.831,2184,-0.24,-0.014,-0.005,USD/lb,Authentic Futures Market Feed (1-Year 60m Candles)
2025-12-26 14:00,2025-12-26,14,Copper,HG=F,5.831,5.839,5.811,5.819,1396,-0.21,-0.012,0.002,USD/lb,Authentic Futures Market Feed (1-Year 60m Candles)
2025-12-26 15:00,2025-12-26,15,Copper,HG=F,5.82,5.845,5.819,5.837,921,0.31,0.017,0.029,USD/lb,Authentic Futures Market Feed (1-Year 60m Candles)
2025-12-26 16:00,2025-12-26,16,Copper,HG=F,5.838,5.859,5.836,5.839,693,0.03,0.001,-0.016,USD/lb,Authentic Futures Market Feed (1-Year 60m Candles)
2025-12-28 18:00,2025-12-28,18,Copper,HG=F,5.879,5.879,5.826,5.852,1794,0.22,-0.027,-0.028,USD/lb,Authentic Futures Market Feed (1-Year 60m Candles)
2025-12-28 19:00,2025-12-28,19,Copper,HG=F,5.852,5.866,5.778,5.791,4214,-1.04,-0.061,-0.034,USD/lb,Authentic Futures Market Feed (1-Year 60m Candles)
2025-12-28 20:00,2025-12-28,20,Copper,HG=F,5.791,5.902,5.765,5.864,8630,1.26,0.073,0.134,USD/lb,Authentic Futures Market Feed (1-Year 60m Candles)
2025-12-28 21:00,2025-12-28,21,Copper,HG=F,5.863,5.913,5.86,5.892,2166,0.48,0.029,-0.044,USD/lb,Authentic Futures Market Feed (1-Year 60m Candles)
2025-12-28 22:00,2025-12-28,22,Copper,HG=F,5.893,5.924,5.893,5.903,2138,0.19,0.01,-0.019,USD/lb,Authentic Futures Market Feed (1-Year 60m Candles)
2025-12-28 23:00,2025-12-28,23,Copper,HG=F,5.902,5.903,5.886,5.897,911,-0.1,-0.005,-0.015,USD/lb,Authentic Futures Market Feed (1-Year 60m Candles)
2025-12-29 00:00,2025-12-29,0,Copper,HG=F,5.894,5.909,5.839,5.848,1711,-0.83,-0.046,-0.041,USD/lb,Authentic Futures Market Feed (1-Year 60m Candles)
2025-12-29 01:00,2025-12-29,1,Copper,HG=F,5.85,5.86,5.744,5.769,6844,-1.35,-0.081,-0.035,USD/lb,Authentic Futures Market Feed (1-Year 60m Candles)
2025-12-29 02:00,2025-12-29,2,Copper,HG=F,5.771,5.792,5.736,5.749,3568,-0.35000000000000003,-0.022,0.059,USD/lb,Authentic Futures Market Feed (1-Year 60m Candles)
2025-12-29 03:00,2025-12-29,3,Copper,HG=F,5.747,5.766,5.685,5.703,4185,-0.8,-0.044,-0.022,USD/lb,Authentic Futures Market Feed (1-Year 60m Candles)
2025-12-29 04:00,2025-12-29,4,Copper,HG=F,5.706,5.715,5.685,5.705,2322,0.04,-0.001,0.043,USD/lb,Authentic Futures Market Feed (1-Year 60m Candles)
2025-12-29 05:00,2025-12-29,5,Copper,HG=F,5.704,5.719,5.695,5.701,1206,-0.06999999999999999,-0.003,-0.002,USD/lb,Authentic Futures Market Feed (1-Year 60m Candles)
2025-12-29 06:00,2025-12-29,6,Copper,HG=F,5.701,5.702,5.575,5.585,8121,-2.03,-0.116,-0.113,USD/lb,Authentic Futures Market Feed (1-Year 60m Candles)
2025-12-29 07:00,2025-12-29,7,Copper,HG=F,5.584,5.632,5.56,5.622,9571,0.66,0.038,0.154,USD/lb,Authentic Futures Market Feed (1-Year 60m Candles)
2025-12-29 08:00,2025-12-29,8,Copper,HG=F,5.622,5.694,5.614,5.647,12130,0.44,0.025,-0.013,USD/lb,Authentic Futures Market Feed (1-Year 60m Candles)
2025-12-29 09:00,2025-12-29,9,Copper,HG=F,5.647,5.649,5.572,5.584,8046,-1.1199999999999999,-0.063,-0.088,USD/lb,Authentic Futures Market Feed (1-Year 60m Candles)
2025-12-29 10:00,2025-12-29,10,Copper,HG=F,5.584,5.595,5.557,5.593,6634,0.16,0.009,0.072,USD/lb,Authentic Futures Market Feed (1-Year 60m Candles)
2025-12-29 11:00,2025-12-29,11,Copper,HG=F,5.593,5.608,5.574,5.591,4536,-0.04,-0.002,-0.011,USD/lb,Authentic Futures Market Feed (1-Year 60m Candles)
2025-12-29 12:00,2025-12-29,12,Copper,HG=F,5.592,5.593,5.562,5.567,3962,-0.43,-0.025,-0.023,USD/lb,Authentic Futures Market Feed (1-Year 60m Candles)
2025-12-29 13:00,2025-12-29,13,Copper,HG=F,5.567,5.575,5.562,5.565,1654,-0.04,-0.002,0.023,USD/lb,Authentic Futures Market Feed (1-Year 60m Candles)
2025-12-29 14:00,2025-12-29,14,Copper,HG=F,5.565,5.58,5.561,5.574,505,0.16,0.009,0.011,USD/lb,Authentic Futures Market Feed (1-Year 60m Candles)
2025-12-29 15:00,2025-12-29,15,Copper,HG=F,5.576,5.586,5.573,5.576,693,0.04,0.0,-0.009,USD/lb,Authentic Futures Market Feed (1-Year 60m Candles)
2025-12-29 16:00,2025-12-29,16,Copper,HG=F,5.576,5.577,5.564,5.57,613,-0.11,-0.006,-0.006,USD/lb,Authentic Futures Market Feed (1-Year 60m Candles)
2025-12-29 18:00,2025-12-29,18,Copper,HG=F,5.575,5.585,5.535,5.577,0,0.13,0.002,0.008,USD/lb,Authentic Futures Market Feed (1-Year 60m Candles)
2025-12-29 19:00,2025-12-29,19,Copper,HG=F,5.576,5.589,5.57,5.576,489,-0.02,0.0,-0.002,USD/lb,Authentic Futures Market Feed (1-Year 60m Candles)
2025-12-29 20:00,2025-12-29,20,Copper,HG=F,5.576,5.669,5.574,5.666,3349,1.6099999999999999,0.09,0.09,USD/lb,Authentic Futures Market Feed (1-Year 60m Candles)
2025-12-29 21:00,2025-12-29,21,Copper,HG=F,5.666,5.688,5.635,5.684,2563,0.32,0.018,-0.072,USD/lb,Authentic Futures Market Feed (1-Year 60m Candles)
2025-12-29 22:00,2025-12-29,22,Copper,HG=F,5.682,5.709,5.675,5.701,2410,0.3,0.019,0.001,USD/lb,Authentic Futures Market Feed (1-Year 60m Candles)
2025-12-29 23:00,2025-12-29,23,Copper,HG=F,5.701,5.71,5.7,5.702,411,0.02,0.001,-0.018,USD/lb,Authentic Futures Market Feed (1-Year 60m Candles)
2025-12-30 00:00,2025-12-30,0,Copper,HG=F,5.702,5.742,5.694,5.739,2010,0.65,0.037,0.036,USD/lb,Authentic Futures Market Feed (1-Year 60m Candles)
2025-12-30 01:00,2025-12-30,1,Copper,HG=F,5.739,5.745,5.671,5.706,3789,-0.58,-0.033,-0.07,USD/lb,Authentic Futures Market Feed (1-Year 60m Candles)
2025-12-30 02:00,2025-12-30,2,Copper,HG=F,5.705,5.712,5.682,5.682,1558,-0.42,-0.023,0.01,USD/lb,Authentic Futures Market Feed (1-Year 60m Candles)
2025-12-30 03:00,2025-12-30,3,Copper,HG=F,5.683,5.693,5.664,5.672,1523,-0.18,-0.011,0.012,USD/lb,Authentic Futures Market Feed (1-Year 60m Candles)
2025-12-30 04:00,2025-12-30,4,Copper,HG=F,5.673,5.687,5.658,5.661,1392,-0.19,-0.012,-0.001,USD/lb,Authentic Futures Market Feed (1-Year 60m Candles)
2025-12-30 05:00,2025-12-30,5,Copper,HG=F,5.661,5.688,5.66,5.688,939,0.48,0.027,0.039,USD/lb,Authentic Futures Market Feed (1-Year 60m Candles)
2025-12-30 06:00,2025-12-30,6,Copper,HG=F,5.688,5.703,5.688,5.7,865,0.21,0.012,-0.015,USD/lb,Authentic Futures Market Feed (1-Year 60m Candles)
2025-12-30 07:00,2025-12-30,7,Copper,HG=F,5.699,5.724,5.699,5.721,2200,0.37,0.022,0.01,USD/lb,Authentic Futures Market Feed (1-Year 60m Candles)
2025-12-30 08:00,2025-12-30,8,Copper,HG=F,5.721,5.758,5.706,5.734,5742,0.22999999999999998,0.013,-0.009,USD/lb,Authentic Futures Market Feed (1-Year 60m Candles)
2025-12-30 09:00,2025-12-30,9,Copper,HG=F,5.734,5.741,5.694,5.712,3699,-0.38,-0.022,-0.035,USD/lb,Authentic Futures Market Feed (1-Year 60m Candles)
2025-12-30 10:00,2025-12-30,10,Copper,HG=F,5.713,5.738,5.701,5.733,2439,0.37,0.02,0.042,USD/lb,Authentic Futures Market Feed (1-Year 60m Candles)
2025-12-30 11:00,2025-12-30,11,Copper,HG=F,5.732,5.766,5.72,5.76,2676,0.47000000000000003,0.028,0.008,USD/lb,Authentic Futures Market Feed (1-Year 60m Candles)
2025-12-30 12:00,2025-12-30,12,Copper,HG=F,5.761,5.786,5.76,5.78,5123,0.35000000000000003,0.019,-0.009,USD/lb,Authentic Futures Market Feed (1-Year 60m Candles)
2025-12-30 13:00,2025-12-30,13,Copper,HG=F,5.781,5.795,5.773,5.79,1428,0.16999999999999998,0.009,-0.01,USD/lb,Authentic Futures Market Feed (1-Year 60m Candles)
2025-12-30 14:00,2025-12-30,14,Copper,HG=F,5.787,5.791,5.734,5.745,967,-0.7799999999999999,-0.042,-0.051,USD/lb,Authentic Futures Market Feed (1-Year 60m Candles)
2025-12-30 15:00,2025-12-30,15,Copper,HG=F,5.744,5.755,5.732,5.747,1149,0.03,0.003,0.045,USD/lb,Authentic Futures Market Feed (1-Year 60m Candles)
2025-12-30 16:00,2025-12-30,16,Copper,HG=F,5.747,5.76,5.744,5.747,486,0.0,0.0,-0.003,USD/lb,Authentic Futures Market Feed (1-Year 60m Candles)
2025-12-30 18:00,2025-12-30,18,Copper,HG=F,5.753,5.758,5.707,5.723,0,-0.42,-0.03,-0.03,USD/lb,Authentic Futures Market Feed (1-Year 60m Candles)
2025-12-30 19:00,2025-12-30,19,Copper,HG=F,5.725,5.731,5.694,5.714,785,-0.16,-0.011,0.019,USD/lb,Authentic Futures Market Feed (1-Year 60m Candles)
2025-12-30 20:00,2025-12-30,20,Copper,HG=F,5.715,5.754,5.695,5.733,2028,0.33,0.018,0.029,USD/lb,Authentic Futures Market Feed (1-Year 60m Candles)
2025-12-30 21:00,2025-12-30,21,Copper,HG=F,5.732,5.779,5.706,5.715,2272,-0.31,-0.017,-0.035,USD/lb,Authentic Futures Market Feed (1-Year 60m Candles)
2025-12-30 22:00,2025-12-30,22,Copper,HG=F,5.716,5.765,5.702,5.706,1387,-0.16,-0.01,0.007,USD/lb,Authentic Futures Market Feed (1-Year 60m Candles)
2025-12-30 23:00,2025-12-30,23,Copper,HG=F,5.706,5.72,5.683,5.687,838,-0.33,-0.019,-0.009,USD/lb,Authentic Futures Market Feed (1-Year 60m Candles)
2025-12-31 00:00,2025-12-31,0,Copper,HG=F,5.688,5.695,5.659,5.678,2196,-0.16,-0.01,0.009,USD/lb,Authentic Futures Market Feed (1-Year 60m Candles)
2025-12-31 01:00,2025-12-31,1,Copper,HG=F,5.679,5.711,5.672,5.71,1989,0.5599999999999999,0.031,0.041,USD/lb,Authentic Futures Market Feed (1-Year 60m Candles)
2025-12-31 02:00,2025-12-31,2,Copper,HG=F,5.71,5.715,5.685,5.7,694,-0.18,-0.01,-0.041,USD/lb,Authentic Futures Market Feed (1-Year 60m Candles)
2025-12-31 03:00,2025-12-31,3,Copper,HG=F,5.701,5.702,5.637,5.641,1378,-1.04,-0.06,-0.05,USD/lb,Authentic Futures Market Feed (1-Year 60m Candles)
2025-12-31 04:00,2025-12-31,4,Copper,HG=F,5.642,5.666,5.642,5.664,925,0.41000000000000003,0.022,0.082,USD/lb,Authentic Futures Market Feed (1-Year 60m Candles)
2025-12-31 05:00,2025-12-31,5,Copper,HG=F,5.662,5.669,5.657,5.663,612,-0.02,0.001,-0.021,USD/lb,Authentic Futures Market Feed (1-Year 60m Candles)
2025-12-31 06:00,2025-12-31,6,Copper,HG=F,5.665,5.688,5.66,5.686,935,0.41000000000000003,0.021,0.02,USD/lb,Authentic Futures Market Feed (1-Year 60m Candles)
2025-12-31 07:00,2025-12-31,7,Copper,HG=F,5.688,5.691,5.672,5.682,885,-0.06999999999999999,-0.006,-0.027,USD/lb,Authentic Futures Market Feed (1-Year 60m Candles)
2025-12-31 08:00,2025-12-31,8,Copper,HG=F,5.683,5.703,5.668,5.698,2016,0.27999999999999997,0.015,0.021,USD/lb,Authentic Futures Market Feed (1-Year 60m Candles)
2025-12-31 09:00,2025-12-31,9,Copper,HG=F,5.697,5.699,5.653,5.671,2786,-0.47000000000000003,-0.026,-0.041,USD/lb,Authentic Futures Market Feed (1-Year 60m Candles)
2025-12-31 10:00,2025-12-31,10,Copper,HG=F,5.671,5.68,5.648,5.679,1929,0.13999999999999999,0.008,0.034,USD/lb,Authentic Futures Market Feed (1-Year 60m Candles)
2025-12-31 11:00,2025-12-31,11,Copper,HG=F,5.678,5.693,5.673,5.687,1597,0.13999999999999999,0.009,0.001,USD/lb,Authentic Futures Market Feed (1-Year 60m Candles)
2025-12-31 12:00,2025-12-31,12,Copper,HG=F,5.686,5.694,5.672,5.684,2405,-0.05,-0.002,-0.011,USD/lb,Authentic Futures Market Feed (1-Year 60m Candles)
2025-12-31 13:00,2025-12-31,13,Copper,HG=F,5.684,5.7,5.684,5.698,1395,0.25,0.014,0.016,USD/lb,Authentic Futures Market Feed (1-Year 60m Candles)
2025-12-31 14:00,2025-12-31,14,Copper,HG=F,5.698,5.705,5.69,5.693,421,-0.09,-0.005,-0.019,USD/lb,Authentic Futures Market Feed (1-Year 60m Candles)
2025-12-31 15:00,2025-12-31,15,Copper,HG=F,5.694,5.709,5.689,5.694,700,0.02,0.0,0.005,USD/lb,Authentic Futures Market Feed (1-Year 60m Candles)
2025-12-31 16:00,2025-12-31,16,Copper,HG=F,5.695,5.7,5.691,5.694,193,0.0,-0.001,-0.001,USD/lb,Authentic Futures Market Feed (1-Year 60m Candles)
2026-01-02 00:00,2026-01-02,0,Copper,HG=F,5.741,5.751,5.733,5.741,733,0.83,0.0,0.001,USD/lb,Authentic Futures Market Feed (1-Year 60m Candles)
2026-01-02 01:00,2026-01-02,1,Copper,HG=F,5.741,5.749,5.732,5.741,536,0.0,0.0,0.0,USD/lb,Authentic Futures Market Feed (1-Year 60m Candles)
2026-01-02 02:00,2026-01-02,2,Copper,HG=F,5.741,5.746,5.72,5.722,804,-0.33,-0.019,-0.019,USD/lb,Authentic Futures Market Feed (1-Year 60m Candles)
2026-01-02 03:00,2026-01-02,3,Copper,HG=F,5.721,5.747,5.715,5.736,1399,0.24,0.015,0.034,USD/lb,Authentic Futures Market Feed (1-Year 60m Candles)
2026-01-02 04:00,2026-01-02,4,Copper,HG=F,5.736,5.738,5.719,5.731,757,-0.09,-0.005,-0.02,USD/lb,Authentic Futures Market Feed (1-Year 60m Candles)
2026-01-02 05:00,2026-01-02,5,Copper,HG=F,5.732,5.735,5.721,5.733,567,0.03,0.001,0.006,USD/lb,Authentic Futures Market Feed (1-Year 60m Candles)
2026-01-02 06:00,2026-01-02,6,Copper,HG=F,5.732,5.738,5.719,5.726,579,-0.12,-0.006,-0.007,USD/lb,Authentic Futures Market Feed (1-Year 60m Candles)
2026-01-02 07:00,2026-01-02,7,Copper,HG=F,5.725,5.731,5.709,5.725,989,-0.02,0.0,0.006,USD/lb,Authentic Futures Market Feed (1-Year 60m Candles)
2026-01-02 08:00,2026-01-02,8,Copper,HG=F,5.725,5.734,5.703,5.712,2224,-0.22999999999999998,-0.013,-0.013,USD/lb,Authentic Futures Market Feed (1-Year 60m Candles)
2026-01-02 09:00,2026-01-02,9,Copper,HG=F,5.713,5.727,5.692,5.708,3042,-0.06999999999999999,-0.005,0.008,USD/lb,Authentic Futures Market Feed (1-Year 60m Candles)
2026-01-02 10:00,2026-01-02,10,Copper,HG=F,5.71,5.726,5.67,5.699,3718,-0.16,-0.011,-0.006,USD/lb,Authentic Futures Market Feed (1-Year 60m Candles)
2026-01-02 11:00,2026-01-02,11,Copper,HG=F,5.7,5.707,5.689,5.706,2715,0.12,0.006,0.017,USD/lb,Authentic Futures Market Feed (1-Year 60m Candles)
2026-01-02 12:00,2026-01-02,12,Copper,HG=F,5.705,5.722,5.687,5.69,3768,-0.27999999999999997,-0.015,-0.021,USD/lb,Authentic Futures Market Feed (1-Year 60m Candles)
2026-01-02 13:00,2026-01-02,13,Copper,HG=F,5.689,5.692,5.668,5.677,1705,-0.22999999999999998,-0.012,0.003,USD/lb,Authentic Futures Market Feed (1-Year 60m Candles)
2026-01-02 14:00,2026-01-02,14,Copper,HG=F,5.678,5.697,5.675,5.692,394,0.26,0.014,0.026,USD/lb,Authentic Futures Market Feed (1-Year 60m Candles)
2026-01-02 15:00,2026-01-02,15,Copper,HG=F,5.692,5.703,5.689,5.699,510,0.12,0.007,-0.007,USD/lb,Authentic Futures Market Feed (1-Year 60m Candles)
2026-01-02 16:00,2026-01-02,16,Copper,HG=F,5.7,5.707,5.692,5.692,510,-0.12,-0.008,-0.015,USD/lb,Authentic Futures Market Feed (1-Year 60m Candles)
2026-01-04 18:00,2026-01-04,18,Copper,HG=F,5.707,5.728,5.705,5.722,584,0.53,0.015,0.023,USD/lb,Authentic Futures Market Feed (1-Year 60m Candles)
2026-01-04 19:00,2026-01-04,19,Copper,HG=F,5.721,5.743,5.72,5.736,1107,0.24,0.015,0.0,USD/lb,Authentic Futures Market Feed (1-Year 60m Candles)
2026-01-04 20:00,2026-01-04,20,Copper,HG=F,5.737,5.865,5.73,5.848,7613,1.95,0.111,0.096,USD/lb,Authentic Futures Market Feed (1-Year 60m Candles)
2026-01-04 21:00,2026-01-04,21,Copper,HG=F,5.849,5.887,5.827,5.857,2225,0.15,0.008,-0.103,USD/lb,Authentic Futures Market Feed (1-Year 60m Candles)
2026-01-04 22:00,2026-01-04,22,Copper,HG=F,5.857,5.875,5.847,5.85,973,-0.12,-0.007,-0.015,USD/lb,Authentic Futures Market Feed (1-Year 60m Candles)
2026-01-04 23:00,2026-01-04,23,Copper,HG=F,5.85,5.867,5.848,5.863,708,0.22,0.013,0.02,USD/lb,Authentic Futures Market Feed (1-Year 60m Candles)
2026-01-05 00:00,2026-01-05,0,Copper,HG=F,5.863,5.871,5.841,5.867,1131,0.06999999999999999,0.004,-0.009,USD/lb,Authentic Futures Market Feed (1-Year 60m Candles)
2026-01-05 01:00,2026-01-05,1,Copper,HG=F,5.868,5.91,5.86,5.903,1668,0.61,0.035,0.031,USD/lb,Authentic Futures Market Feed (1-Year 60m Candles)
2026-01-05 02:00,2026-01-05,2,Copper,HG=F,5.902,5.905,5.863,5.864,1258,-0.66,-0.038,-0.073,USD/lb,Authentic Futures Market Feed (1-Year 60m Candles)
2026-01-05 03:00,2026-01-05,3,Copper,HG=F,5.864,5.871,5.843,5.858,1432,-0.1,-0.006,0.032,USD/lb,Authentic Futures Market Feed (1-Year 60m Candles)
2026-01-05 04:00,2026-01-05,4,Copper,HG=F,5.857,5.877,5.857,5.87,2186,0.2,0.013,0.019,USD/lb,Authentic Futures Market Feed (1-Year 60m Candles)
2026-01-05 05:00,2026-01-05,5,Copper,HG=F,5.87,5.878,5.858,5.865,828,-0.09,-0.005,-0.018,USD/lb,Authentic Futures Market Feed (1-Year 60m Candles)
2026-01-05 06:00,2026-01-05,6,Copper,HG=F,5.864,5.868,5.849,5.865,921,0.0,0.001,0.006,USD/lb,Authentic Futures Market Feed (1-Year 60m Candles)
2026-01-05 07:00,2026-01-05,7,Copper,HG=F,5.865,5.872,5.846,5.851,1543,-0.24,-0.014,-0.015,USD/lb,Authentic Futures Market Feed (1-Year 60m Candles)
2026-01-05 08:00,2026-01-05,8,Copper,HG=F,5.85,5.957,5.843,5.939,7115,1.5,0.089,0.103,USD/lb,Authentic Futures Market Feed (1-Year 60m Candles)
2026-01-05 09:00,2026-01-05,9,Copper,HG=F,5.941,5.955,5.907,5.937,5065,-0.03,-0.004,-0.093,USD/lb,Authentic Futures Market Feed (1-Year 60m Candles)
2026-01-05 10:00,2026-01-05,10,Copper,HG=F,5.938,5.951,5.923,5.945,4202,0.13,0.007,0.011,USD/lb,Authentic Futures Market Feed (1-Year 60m Candles)
2026-01-05 11:00,2026-01-05,11,Copper,HG=F,5.944,5.947,5.916,5.941,3426,-0.06999999999999999,-0.003,-0.01,USD/lb,Authentic Futures Market Feed (1-Year 60m Candles)
2026-01-05 12:00,2026-01-05,12,Copper,HG=F,5.942,5.98,5.938,5.976,5386,0.59,0.034,0.037,USD/lb,Authentic Futures Market Feed (1-Year 60m Candles)
2026-01-05 13:00,2026-01-05,13,Copper,HG=F,5.976,5.986,5.972,5.979,1889,0.05,0.003,-0.031,USD/lb,Authentic Futures Market Feed (1-Year 60m Candles)
2026-01-05 14:00,2026-01-05,14,Copper,HG=F,5.98,6.007,5.977,6.002,1590,0.38,0.022,0.019,USD/lb,Authentic Futures Market Feed (1-Year 60m Candles)
2026-01-05 15:00,2026-01-05,15,Copper,HG=F,6.002,6.006,5.975,5.988,1281,-0.22999999999999998,-0.014,-0.036,USD/lb,Authentic Futures Market Feed (1-Year 60m Candles)
2026-01-05 16:00,2026-01-05,16,Copper,HG=F,5.989,5.994,5.982,5.99,442,0.03,0.001,0.015,USD/lb,Authentic Futures Market Feed (1-Year 60m Candles)
2026-01-05 18:00,2026-01-05,18,Copper,HG=F,5.989,6.0,5.959,5.967,0,-0.38,-0.022,-0.023,USD/lb,Authentic Futures Market Feed (1-Year 60m Candles)
2026-01-05 19:00,2026-01-05,19,Copper,HG=F,5.968,5.977,5.964,5.966,376,-0.02,-0.002,0.02,USD/lb,Authentic Futures Market Feed (1-Year 60m Candles)
2026-01-05 20:00,2026-01-05,20,Copper,HG=F,5.966,6.049,5.959,6.027,5610,1.02,0.061,0.063,USD/lb,Authentic Futures Market Feed (1-Year 60m Candles)
2026-01-05 21:00,2026-01-05,21,Copper,HG=F,6.027,6.049,5.98,6.026,2405,-0.02,-0.001,-0.062,USD/lb,Authentic Futures Market Feed (1-Year 60m Candles)
2026-01-05 22:00,2026-01-05,22,Copper,HG=F,6.028,6.073,6.023,6.071,1607,0.75,0.043,0.044,USD/lb,Authentic Futures Market Feed (1-Year 60m Candles)
2026-01-05 23:00,2026-01-05,23,Copper,HG=F,6.072,6.079,6.06,6.066,1038,-0.08,-0.006,-0.049,USD/lb,Authentic Futures Market Feed (1-Year 60m Candles)
2026-01-06 00:00,2026-01-06,0,Copper,HG=F,6.067,6.093,6.021,6.032,3018,-0.5599999999999999,-0.035,-0.029,USD/lb,Authentic Futures Market Feed (1-Year 60m Candles)
2026-01-06 01:00,2026-01-06,1,Copper,HG=F,6.035,6.113,6.031,6.099,3083,1.11,0.064,0.099,USD/lb,Authentic Futures Market Feed (1-Year 60m Candles)
2026-01-06 02:00,2026-01-06,2,Copper,HG=F,6.103,6.103,6.075,6.082,2341,-0.27999999999999997,-0.021,-0.085,USD/lb,Authentic Futures Market Feed (1-Year 60m Candles)
2026-01-06 03:00,2026-01-06,3,Copper,HG=F,6.08,6.089,6.051,6.052,3584,-0.49,-0.028,-0.007,USD/lb,Authentic Futures Market Feed (1-Year 60m Candles)
2026-01-06 04:00,2026-01-06,4,Copper,HG=F,6.052,6.052,5.945,5.96,6651,-1.52,-0.092,-0.064,USD/lb,Authentic Futures Market Feed (1-Year 60m Candles)
2026-01-06 05:00,2026-01-06,5,Copper,HG=F,5.96,5.984,5.951,5.982,2643,0.37,0.022,0.114,USD/lb,Authentic Futures Market Feed (1-Year 60m Candles)
2026-01-06 06:00,2026-01-06,6,Copper,HG=F,5.984,6.011,5.983,6.01,2547,0.47000000000000003,0.026,0.004,USD/lb,Authentic Futures Market Feed (1-Year 60m Candles)
2026-01-06 07:00,2026-01-06,7,Copper,HG=F,6.01,6.031,6.0,6.029,3391,0.32,0.019,-0.007,USD/lb,Authentic Futures Market Feed (1-Year 60m Candles)
2026-01-06 08:00,2026-01-06,8,Copper,HG=F,6.028,6.07,5.989,6.042,10820,0.22,0.014,-0.005,USD/lb,Authentic Futures Market Feed (1-Year 60m Candles)
2026-01-06 09:00,2026-01-06,9,Copper,HG=F,6.043,6.08,6.029,6.069,5961,0.44999999999999996,0.026,0.012,USD/lb,Authentic Futures Market Feed (1-Year 60m Candles)
2026-01-06 10:00,2026-01-06,10,Copper,HG=F,6.069,6.083,6.034,6.062,4932,-0.12,-0.007,-0.033,USD/lb,Authentic Futures Market Feed (1-Year 60m Candles)
2026-01-06 11:00,2026-01-06,11,Copper,HG=F,6.062,6.069,6.046,6.047,4645,-0.25,-0.015,-0.008,USD/lb,Authentic Futures Market Feed (1-Year 60m Candles)
2026-01-06 12:00,2026-01-06,12,Copper,HG=F,6.048,6.065,6.035,6.06,5168,0.21,0.012,0.027,USD/lb,Authentic Futures Market Feed (1-Year 60m Candles)
2026-01-06 13:00,2026-01-06,13,Copper,HG=F,6.061,6.061,6.037,6.055,2875,-0.08,-0.006,-0.018,USD/lb,Authentic Futures Market Feed (1-Year 60m Candles)
2026-01-06 14:00,2026-01-06,14,Copper,HG=F,6.051,6.052,6.041,6.044,966,-0.18,-0.007,-0.001,USD/lb,Authentic Futures Market Feed (1-Year 60m Candles)
2026-01-06 15:00,2026-01-06,15,Copper,HG=F,6.044,6.07,6.043,6.067,787,0.38,0.023,0.03,USD/lb,Authentic Futures Market Feed (1-Year 60m Candles)
2026-01-06 16:00,2026-01-06,16,Copper,HG=F,6.068,6.069,6.06,6.062,0,-0.08,-0.006,-0.029,USD/lb,Authentic Futures Market Feed (1-Year 60m Candles)
2026-01-06 18:00,2026-01-06,18,Copper,HG=F,6.062,6.069,6.058,6.061,629,-0.02,-0.001,0.005,USD/lb,Authentic Futures Market Feed (1-Year 60m Candles)
2026-01-06 19:00,2026-01-06,19,Copper,HG=F,6.061,6.065,6.059,6.062,297,0.02,0.001,0.002,USD/lb,Authentic Futures Market Feed (1-Year 60m Candles)
2026-01-06 20:00,2026-01-06,20,Copper,HG=F,6.061,6.069,5.962,5.982,6149,-1.32,-0.079,-0.08,USD/lb,Authentic Futures Market Feed (1-Year 60m Candles)
2026-01-06 21:00,2026-01-06,21,Copper,HG=F,5.981,6.038,5.964,6.023,2296,0.69,0.042,0.121,USD/lb,Authentic Futures Market Feed (1-Year 60m Candles)
2026-01-06 22:00,2026-01-06,22,Copper,HG=F,6.023,6.031,6.0,6.014,1137,-0.15,-0.009,-0.051,USD/lb,Authentic Futures Market Feed (1-Year 60m Candles)
2026-01-06 23:00,2026-01-06,23,Copper,HG=F,6.011,6.011,5.996,6.002,610,-0.2,-0.009,0.0,USD/lb,Authentic Futures Market Feed (1-Year 60m Candles)
2026-01-07 00:00,2026-01-07,0,Copper,HG=F,6.001,6.007,5.925,5.971,3207,-0.52,-0.03,-0.021,USD/lb,Authentic Futures Market Feed (1-Year 60m Candles)
2026-01-07 01:00,2026-01-07,1,Copper,HG=F,5.97,6.006,5.957,5.978,2381,0.12,0.008,0.038,USD/lb,Authentic Futures Market Feed (1-Year 60m Candles)
2026-01-07 02:00,2026-01-07,2,Copper,HG=F,5.977,6.004,5.972,5.995,1234,0.27999999999999997,0.018,0.01,USD/lb,Authentic Futures Market Feed (1-Year 60m Candles)
2026-01-07 03:00,2026-01-07,3,Copper,HG=F,5.994,5.998,5.965,5.969,2196,-0.43,-0.025,-0.043,USD/lb,Authentic Futures Market Feed (1-Year 60m Candles)
2026-01-07 04:00,2026-01-07,4,Copper,HG=F,5.969,6.01,5.957,6.003,1837,0.5700000000000001,0.034,0.059,USD/lb,Authentic Futures Market Feed (1-Year 60m Candles)
2026-01-07 05:00,2026-01-07,5,Copper,HG=F,6.003,6.01,5.99,5.997,1142,-0.1,-0.006,-0.04,USD/lb,Authentic Futures Market Feed (1-Year 60m Candles)
2026-01-07 06:00,2026-01-07,6,Copper,HG=F,5.998,6.01,5.976,5.977,1203,-0.33,-0.021,-0.015,USD/lb,Authentic Futures Market Feed (1-Year 60m Candles)
2026-01-07 07:00,2026-01-07,7,Copper,HG=F,5.977,5.987,5.961,5.962,1776,-0.25,-0.015,0.006,USD/lb,Authentic Futures Market Feed (1-Year 60m Candles)
2026-01-07 08:00,2026-01-07,8,Copper,HG=F,5.96,5.984,5.927,5.969,5933,0.12,0.009,0.024,USD/lb,Authentic Futures Market Feed (1-Year 60m Candles)
2026-01-07 09:00,2026-01-07,9,Copper,HG=F,5.968,5.973,5.864,5.881,11635,-1.47,-0.087,-0.096,USD/lb,Authentic Futures Market Feed (1-Year 60m Candles)
2026-01-07 10:00,2026-01-07,10,Copper,HG=F,5.875,5.906,5.861,5.866,6983,-0.26,-0.009,0.078,USD/lb,Authentic Futures Market Feed (1-Year 60m Candles)
2026-01-07 11:00,2026-01-07,11,Copper,HG=F,5.863,5.898,5.861,5.887,5901,0.36,0.024,0.033,USD/lb,Authentic Futures Market Feed (1-Year 60m Candles)
2026-01-07 12:00,2026-01-07,12,Copper,HG=F,5.887,5.894,5.857,5.859,6613,-0.48,-0.028,-0.052,USD/lb,Authentic Futures Market Feed (1-Year 60m Candles)
2026-01-07 13:00,2026-01-07,13,Copper,HG=F,5.859,5.867,5.853,5.864,3669,0.09,0.005,0.033,USD/lb,Authentic Futures Market Feed (1-Year 60m Candles)
2026-01-07 14:00,2026-01-07,14,Copper,HG=F,5.863,5.866,5.845,5.854,1707,-0.16999999999999998,-0.009,-0.014,USD/lb,Authentic Futures Market Feed (1-Year 60m Candles)
2026-01-07 15:00,2026-01-07,15,Copper,HG=F,5.854,5.857,5.843,5.845,1241,-0.15,-0.009,0.0,USD/lb,Authentic Futures Market Feed (1-Year 60m Candles)
2026-01-07 16:00,2026-01-07,16,Copper,HG=F,5.845,5.854,5.841,5.852,674,0.12,0.007,0.016,USD/lb,Authentic Futures Market Feed (1-Year 60m Candles)
2026-01-07 18:00,2026-01-07,18,Copper,HG=F,5.854,5.873,5.851,5.873,0,0.36,0.019,0.012,USD/lb,Authentic Futures Market Feed (1-Year 60m Candles)
2026-01-07 19:00,2026-01-07,19,Copper,HG=F,5.873,5.875,5.851,5.857,731,-0.27,-0.016,-0.035,USD/lb,Authentic Futures Market Feed (1-Year 60m Candles)
2026-01-07 20:00,2026-01-07,20,Copper,HG=F,5.857,5.929,5.851,5.926,4407,1.18,0.069,0.085,USD/lb,Authentic Futures Market Feed (1-Year 60m Candles)
2026-01-07 21:00,2026-01-07,21,Copper,HG=F,5.925,5.926,5.868,5.886,1998,-0.67,-0.039,-0.108,USD/lb,Authentic Futures Market Feed (1-Year 60m Candles)
2026-01-07 22:00,2026-01-07,22,Copper,HG=F,5.887,5.889,5.853,5.873,1676,-0.22,-0.014,0.025,USD/lb,Authentic Futures Market Feed (1-Year 60m Candles)
2026-01-07 23:00,2026-01-07,23,Copper,HG=F,5.873,5.873,5.863,5.868,307,-0.09,-0.005,0.009,USD/lb,Authentic Futures Market Feed (1-Year 60m Candles)
2026-01-08 00:00,2026-01-08,0,Copper,HG=F,5.869,5.869,5.797,5.826,4380,-0.72,-0.043,-0.038,USD/lb,Authentic Futures Market Feed (1-Year 60m Candles)
2026-01-08 01:00,2026-01-08,1,Copper,HG=F,5.826,5.856,5.773,5.844,4505,0.31,0.018,0.061,USD/lb,Authentic Futures Market Feed (1-Year 60m Candles)
2026-01-08 02:00,2026-01-08,2,Copper,HG=F,5.844,5.857,5.831,5.834,1200,-0.16999999999999998,-0.01,-0.028,USD/lb,Authentic Futures Market Feed (1-Year 60m Candles)
2026-01-08 03:00,2026-01-08,3,Copper,HG=F,5.833,5.843,5.812,5.825,1829,-0.15,-0.008,0.002,USD/lb,Authentic Futures Market Feed (1-Year 60m Candles)
2026-01-08 04:00,2026-01-08,4,Copper,HG=F,5.824,5.842,5.824,5.841,793,0.27,0.017,0.025,USD/lb,Authentic Futures Market Feed (1-Year 60m Candles)
2026-01-08 05:00,2026-01-08,5,Copper,HG=F,5.841,5.86,5.837,5.858,1023,0.29,0.017,0.0,USD/lb,Authentic Futures Market Feed (1-Year 60m Candles)
2026-01-08 06:00,2026-01-08,6,Copper,HG=F,5.858,5.86,5.844,5.852,935,-0.1,-0.006,-0.023,USD/lb,Authentic Futures Market Feed (1-Year 60m Candles)
2026-01-08 07:00,2026-01-08,7,Copper,HG=F,5.85,5.88,5.836,5.878,2068,0.44,0.028,0.034,USD/lb,Authentic Futures Market Feed (1-Year 60m Candles)
2026-01-08 08:00,2026-01-08,8,Copper,HG=F,5.878,5.886,5.801,5.808,6004,-1.1900000000000002,-0.07,-0.098,USD/lb,Authentic Futures Market Feed (1-Year 60m Candles)
2026-01-08 09:00,2026-01-08,9,Copper,HG=F,5.806,5.806,5.695,5.733,13712,-1.29,-0.073,-0.003,USD/lb,Authentic Futures Market Feed (1-Year 60m Candles)
2026-01-08 10:00,2026-01-08,10,Copper,HG=F,5.731,5.806,5.721,5.798,7108,1.13,0.067,0.14,USD/lb,Authentic Futures Market Feed (1-Year 60m Candles)
2026-01-08 11:00,2026-01-08,11,Copper,HG=F,5.798,5.813,5.783,5.788,3315,-0.16999999999999998,-0.01,-0.077,USD/lb,Authentic Futures Market Feed (1-Year 60m Candles)
2026-01-08 12:00,2026-01-08,12,Copper,HG=F,5.788,5.799,5.782,5.797,4590,0.16,0.009,0.019,USD/lb,Authentic Futures Market Feed (1-Year 60m Candles)
2026-01-08 13:00,2026-01-08,13,Copper,HG=F,5.796,5.799,5.781,5.786,1708,-0.19,-0.01,-0.019,USD/lb,Authentic Futures Market Feed (1-Year 60m Candles)
2026-01-08 14:00,2026-01-08,14,Copper,HG=F,5.788,5.8,5.78,5.79,487,0.06999999999999999,0.002,0.012,USD/lb,Authentic Futures Market Feed (1-Year 60m Candles)
2026-01-08 15:00,2026-01-08,15,Copper,HG=F,5.79,5.808,5.789,5.806,829,0.27999999999999997,0.016,0.014,USD/lb,Authentic Futures Market Feed (1-Year 60m Candles)
2026-01-08 16:00,2026-01-08,16,Copper,HG=F,5.807,5.81,5.803,5.806,371,0.0,-0.001,-0.017,USD/lb,Authentic Futures Market Feed (1-Year 60m Candles)
2026-01-08 18:00,2026-01-08,18,Copper,HG=F,5.807,5.812,5.8,5.804,0,-0.03,-0.003,-0.002,USD/lb,Authentic Futures Market Feed (1-Year 60m Candles)
2026-01-08 19:00,2026-01-08,19,Copper,HG=F,5.804,5.805,5.782,5.785,332,-0.33,-0.019,-0.016,USD/lb,Authentic Futures Market Feed (1-Year 60m Candles)
2026-01-08 20:00,2026-01-08,20,Copper,HG=F,5.785,5.797,5.739,5.795,2471,0.16999999999999998,0.01,0.029,USD/lb,Authentic Futures Market Feed (1-Year 60m Candles)
2026-01-08 21:00,2026-01-08,21,Copper,HG=F,5.795,5.857,5.794,5.852,2986,0.98,0.057,0.047,USD/lb,Authentic Futures Market Feed (1-Year 60m Candles)
2026-01-08 22:00,2026-01-08,22,Copper,HG=F,5.852,5.854,5.81,5.825,1240,-0.45999999999999996,-0.027,-0.084,USD/lb,Authentic Futures Market Feed (1-Year 60m Candles)
2026-01-08 23:00,2026-01-08,23,Copper,HG=F,5.825,5.83,5.819,5.827,247,0.03,0.002,0.029,USD/lb,Authentic Futures Market Feed (1-Year 60m Candles)
2026-01-09 00:00,2026-01-09,0,Copper,HG=F,5.825,5.866,5.818,5.854,1385,0.45999999999999996,0.029,0.027,USD/lb,Authentic Futures Market Feed (1-Year 60m Candles)
2026-01-09 01:00,2026-01-09,1,Copper,HG=F,5.854,5.881,5.839,5.864,2443,0.16999999999999998,0.01,-0.019,USD/lb,Authentic Futures Market Feed (1-Year 60m Candles)
2026-01-09 02:00,2026-01-09,2,Copper,HG=F,5.864,5.866,5.844,5.855,855,-0.15,-0.009,-0.019,USD/lb,Authentic Futures Market Feed (1-Year 60m Candles)
2026-01-09 03:00,2026-01-09,3,Copper,HG=F,5.854,5.863,5.835,5.848,1214,-0.12,-0.006,0.003,USD/lb,Authentic Futures Market Feed (1-Year 60m Candles)
2026-01-09 04:00,2026-01-09,4,Copper,HG=F,5.849,5.887,5.848,5.883,1564,0.6,0.034,0.04,USD/lb,Authentic Futures Market Feed (1-Year 60m Candles)
2026-01-09 05:00,2026-01-09,5,Copper,HG=F,5.883,5.905,5.876,5.89,1461,0.12,0.007,-0.027,USD/lb,Authentic Futures Market Feed (1-Year 60m Candles)
2026-01-09 06:00,2026-01-09,6,Copper,HG=F,5.89,5.907,5.887,5.906,990,0.27,0.016,0.009,USD/lb,Authentic Futures Market Feed (1-Year 60m Candles)
2026-01-09 07:00,2026-01-09,7,Copper,HG=F,5.905,5.925,5.89,5.898,3035,-0.13999999999999999,-0.007,-0.023,USD/lb,Authentic Futures Market Feed (1-Year 60m Candles)
2026-01-09 08:00,2026-01-09,8,Copper,HG=F,5.897,5.939,5.876,5.891,7550,-0.12,-0.006,0.001,USD/lb,Authentic Futures Market Feed (1-Year 60m Candles)
2026-01-09 09:00,2026-01-09,9,Copper,HG=F,5.89,5.92,5.878,5.91,4174,0.32,0.02,0.026,USD/lb,Authentic Futures Market Feed (1-Year 60m Candles)
2026-01-09 10:00,2026-01-09,10,Copper,HG=F,5.909,5.936,5.884,5.92,4421,0.16999999999999998,0.011,-0.009,USD/lb,Authentic Futures Market Feed (1-Year 60m Candles)
2026-01-09 11:00,2026-01-09,11,Copper,HG=F,5.921,5.931,5.898,5.92,3136,0.0,-0.001,-0.012,USD/lb,Authentic Futures Market Feed (1-Year 60m Candles)
2026-01-09 12:00,2026-01-09,12,Copper,HG=F,5.922,5.929,5.897,5.902,3521,-0.3,-0.02,-0.019,USD/lb,Authentic Futures Market Feed (1-Year 60m Candles)
2026-01-09 13:00,2026-01-09,13,Copper,HG=F,5.902,5.909,5.893,5.904,1495,0.03,0.002,0.022,USD/lb,Authentic Futures Market Feed (1-Year 60m Candles)
2026-01-09 14:00,2026-01-09,14,Copper,HG=F,5.904,5.904,5.89,5.891,335,-0.22,-0.013,-0.015,USD/lb,Authentic Futures Market Feed (1-Year 60m Candles)
2026-01-09 15:00,2026-01-09,15,Copper,HG=F,5.89,5.896,5.881,5.886,646,-0.08,-0.004,0.009,USD/lb,Authentic Futures Market Feed (1-Year 60m Candles)
2026-01-09 16:00,2026-01-09,16,Copper,HG=F,5.885,5.903,5.883,5.903,416,0.29,0.018,0.022,USD/lb,Authentic Futures Market Feed (1-Year 60m Candles)
2026-01-11 18:00,2026-01-11,18,Copper,HG=F,5.911,5.948,5.91,5.938,976,0.59,0.027,0.009,USD/lb,Authentic Futures Market Feed (1-Year 60m Candles)
2026-01-11 19:00,2026-01-11,19,Copper,HG=F,5.938,6.013,5.934,5.984,2772,0.77,0.046,0.019,USD/lb,Authentic Futures Market Feed (1-Year 60m Candles)
2026-01-11 20:00,2026-01-11,20,Copper,HG=F,5.983,6.026,5.959,5.977,3933,-0.12,-0.006,-0.052,USD/lb,Authentic Futures Market Feed (1-Year 60m Candles)
2026-01-11 21:00,2026-01-11,21,Copper,HG=F,5.976,5.986,5.953,5.969,1418,-0.13,-0.007,-0.001,USD/lb,Authentic Futures Market Feed (1-Year 60m Candles)
2026-01-11 22:00,2026-01-11,22,Copper,HG=F,5.97,6.01,5.958,6.006,1397,0.62,0.036,0.043,USD/lb,Authentic Futures Market Feed (1-Year 60m Candles)
2026-01-11 23:00,2026-01-11,23,Copper,HG=F,6.008,6.008,5.991,5.993,371,-0.22,-0.015,-0.051,USD/lb,Authentic Futures Market Feed (1-Year 60m Candles)
2026-01-12 00:00,2026-01-12,0,Copper,HG=F,5.993,6.001,5.973,5.991,935,-0.03,-0.002,0.013,USD/lb,Authentic Futures Market Feed (1-Year 60m Candles)
2026-01-12 01:00,2026-01-12,1,Copper,HG=F,5.991,6.017,5.978,6.012,1794,0.35000000000000003,0.021,0.023,USD/lb,Authentic Futures Market Feed (1-Year 60m Candles)
2026-01-12 02:00,2026-01-12,2,Copper,HG=F,6.012,6.023,5.999,6.023,1539,0.18,0.011,-0.01,USD/lb,Authentic Futures Market Feed (1-Year 60m Candles)
2026-01-12 03:00,2026-01-12,3,Copper,HG=F,6.023,6.025,5.99,6.023,1620,0.0,0.0,-0.011,USD/lb,Authentic Futures Market Feed (1-Year 60m Candles)
2026-01-12 04:00,2026-01-12,4,Copper,HG=F,6.023,6.045,6.021,6.035,3613,0.2,0.012,0.012,USD/lb,Authentic Futures Market Feed (1-Year 60m Candles)
2026-01-12 05:00,2026-01-12,5,Copper,HG=F,6.036,6.038,6.014,6.016,842,-0.31,-0.02,-0.032,USD/lb,Authentic Futures Market Feed (1-Year 60m Candles)
2026-01-12 06:00,2026-01-12,6,Copper,HG=F,6.016,6.029,6.01,6.026,560,0.16999999999999998,0.01,0.03,USD/lb,Authentic Futures Market Feed (1-Year 60m Candles)
2026-01-12 07:00,2026-01-12,7,Copper,HG=F,6.025,6.056,6.024,6.054,1481,0.45999999999999996,0.029,0.019,USD/lb,Authentic Futures Market Feed (1-Year 60m Candles)
2026-01-12 08:00,2026-01-12,8,Copper,HG=F,6.054,6.069,6.042,6.055,3934,0.02,0.001,-0.028,USD/lb,Authentic Futures Market Feed (1-Year 60m Candles)
2026-01-12 09:00,2026-01-12,9,Copper,HG=F,6.054,6.057,5.929,5.965,15247,-1.49,-0.089,-0.09,USD/lb,Authentic Futures Market Feed (1-Year 60m Candles)
2026-01-12 10:00,2026-01-12,10,Copper,HG=F,5.965,6.017,5.964,6.006,4710,0.69,0.041,0.13,USD/lb,Authentic Futures Market Feed (1-Year 60m Candles)
2026-01-12 11:00,2026-01-12,11,Copper,HG=F,6.006,6.038,6.006,6.027,3853,0.35000000000000003,0.021,-0.02,USD/lb,Authentic Futures Market Feed (1-Year 60m Candles)
2026-01-12 12:00,2026-01-12,12,Copper,HG=F,6.026,6.035,6.014,6.03,5655,0.05,0.004,-0.017,USD/lb,Authentic Futures Market Feed (1-Year 60m Candles)
2026-01-12 13:00,2026-01-12,13,Copper,HG=F,6.03,6.036,6.001,6.016,1862,-0.22999999999999998,-0.014,-0.018,USD/lb,Authentic Futures Market Feed (1-Year 60m Candles)
2026-01-12 14:00,2026-01-12,14,Copper,HG=F,6.016,6.026,6.013,6.019,518,0.05,0.003,0.017,USD/lb,Authentic Futures Market Feed (1-Year 60m Candles)
2026-01-12 15:00,2026-01-12,15,Copper,HG=F,6.019,6.019,5.998,6.002,615,-0.27999999999999997,-0.017,-0.02,USD/lb,Authentic Futures Market Feed (1-Year 60m Candles)
2026-01-12 16:00,2026-01-12,16,Copper,HG=F,6.002,6.009,6.0,6.007,0,0.08,0.005,0.022,USD/lb,Authentic Futures Market Feed (1-Year 60m Candles)
2026-01-12 18:00,2026-01-12,18,Copper,HG=F,6.009,6.015,5.982,5.993,1078,-0.22999999999999998,-0.016,-0.021,USD/lb,Authentic Futures Market Feed (1-Year 60m Candles)
2026-01-12 19:00,2026-01-12,19,Copper,HG=F,5.994,5.994,5.972,5.976,729,-0.27999999999999997,-0.018,-0.002,USD/lb,Authentic Futures Market Feed (1-Year 60m Candles)
2026-01-12 20:00,2026-01-12,20,Copper,HG=F,5.977,5.991,5.948,5.956,2846,-0.33,-0.021,-0.003,USD/lb,Authentic Futures Market Feed (1-Year 60m Candles)
2026-01-12 21:00,2026-01-12,21,Copper,HG=F,5.955,6.025,5.952,6.018,1935,1.04,0.063,0.084,USD/lb,Authentic Futures Market Feed (1-Year 60m Candles)
2026-01-12 22:00,2026-01-12,22,Copper,HG=F,6.018,6.042,6.014,6.019,1228,0.02,0.001,-0.062,USD/lb,Authentic Futures Market Feed (1-Year 60m Candles)
2026-01-12 23:00,2026-01-12,23,Copper,HG=F,6.018,6.025,6.016,6.025,270,0.1,0.007,0.006,USD/lb,Authentic Futures Market Feed (1-Year 60m Candles)
2026-01-13 00:00,2026-01-13,0,Copper,HG=F,6.025,6.03,5.991,6.006,3010,-0.32,-0.019,-0.026,USD/lb,Authentic Futures Market Feed (1-Year 60m Candles)
2026-01-13 01:00,2026-01-13,1,Copper,HG=F,6.004,6.005,5.964,5.976,2646,-0.5,-0.028,-0.009,USD/lb,Authentic Futures Market Feed (1-Year 60m Candles)
2026-01-13 02:00,2026-01-13,2,Copper,HG=F,5.975,6.006,5.975,6.0,985,0.4,0.025,0.053,USD/lb,Authentic Futures Market Feed (1-Year 60m Candles)
2026-01-13 03:00,2026-01-13,3,Copper,HG=F,6.0,6.05,5.998,6.049,2746,0.8200000000000001,0.049,0.024,USD/lb,Authentic Futures Market Feed (1-Year 60m Candles)
2026-01-13 04:00,2026-01-13,4,Copper,HG=F,6.049,6.071,6.04,6.054,2262,0.08,0.005,-0.044,USD/lb,Authentic Futures Market Feed (1-Year 60m Candles)
2026-01-13 05:00,2026-01-13,5,Copper,HG=F,6.055,6.055,6.031,6.036,759,-0.3,-0.019,-0.024,USD/lb,Authentic Futures Market Feed (1-Year 60m Candles)
2026-01-13 06:00,2026-01-13,6,Copper,HG=F,6.036,6.06,6.021,6.06,1693,0.4,0.024,0.043,USD/lb,Authentic Futures Market Feed (1-Year 60m Candles)
2026-01-13 07:00,2026-01-13,7,Copper,HG=F,6.058,6.066,6.037,6.041,2048,-0.31,-0.017,-0.041,USD/lb,Authentic Futures Market Feed (1-Year 60m Candles)
2026-01-13 08:00,2026-01-13,8,Copper,HG=F,6.039,6.067,6.025,6.056,5992,0.25,0.017,0.034,USD/lb,Authentic Futures Market Feed (1-Year 60m Candles)
2026-01-13 09:00,2026-01-13,9,Copper,HG=F,6.056,6.094,6.026,6.038,7519,-0.3,-0.018,-0.035,USD/lb,Authentic Futures Market Feed (1-Year 60m Candles)
2026-01-13 10:00,2026-01-13,10,Copper,HG=F,6.037,6.038,5.983,6.034,4687,-0.06999999999999999,-0.003,0.015,USD/lb,Authentic Futures Market Feed (1-Year 60m Candles)
2026-01-13 11:00,2026-01-13,11,Copper,HG=F,6.034,6.036,6.001,6.026,2153,-0.13,-0.008,-0.005,USD/lb,Authentic Futures Market Feed (1-Year 60m Candles)
2026-01-13 12:00,2026-01-13,12,Copper,HG=F,6.025,6.033,6.008,6.017,2917,-0.15,-0.008,0.0,USD/lb,Authentic Futures Market Feed (1-Year 60m Candles)
2026-01-13 13:00,2026-01-13,13,Copper,HG=F,6.016,6.021,6.001,6.012,1900,-0.08,-0.004,0.004,USD/lb,Authentic Futures Market Feed (1-Year 60m Candles)
2026-01-13 14:00,2026-01-13,14,Copper,HG=F,6.014,6.02,6.004,6.01,511,-0.03,-0.004,0.0,USD/lb,Authentic Futures Market Feed (1-Year 60m Candles)
2026-01-13 15:00,2026-01-13,15,Copper,HG=F,6.01,6.013,5.99,6.002,608,-0.13,-0.008,-0.004,USD/lb,Authentic Futures Market Feed (1-Year 60m Candles)
2026-01-13 16:00,2026-01-13,16,Copper,HG=F,6.001,6.008,5.999,6.004,248,0.03,0.003,0.011,USD/lb,Authentic Futures Market Feed (1-Year 60m Candles)
2026-01-13 18:00,2026-01-13,18,Copper,HG=F,6.005,6.016,6.004,6.015,0,0.18,0.01,0.007,USD/lb,Authentic Futures Market Feed (1-Year 60m Candles)
2026-01-13 19:00,2026-01-13,19,Copper,HG=F,6.014,6.025,6.014,6.022,439,0.12,0.008,-0.002,USD/lb,Authentic Futures Market Feed (1-Year 60m Candles)
2026-01-13 20:00,2026-01-13,20,Copper,HG=F,6.022,6.073,6.016,6.07,2512,0.8,0.048,0.04,USD/lb,Authentic Futures Market Feed (1-Year 60m Candles)
2026-01-13 21:00,2026-01-13,21,Copper,HG=F,6.069,6.097,6.063,6.082,2959,0.2,0.013,-0.035,USD/lb,Authentic Futures Market Feed (1-Year 60m Candles)
2026-01-13 22:00,2026-01-13,22,Copper,HG=F,6.082,6.154,6.079,6.148,4400,1.09,0.066,0.053,USD/lb,Authentic Futures Market Feed (1-Year 60m Candles)
2026-01-13 23:00,2026-01-13,23,Copper,HG=F,6.148,6.154,6.126,6.13,1162,-0.29,-0.018,-0.084,USD/lb,Authentic Futures Market Feed (1-Year 60m Candles)
2026-01-14 00:00,2026-01-14,0,Copper,HG=F,6.13,6.13,6.043,6.052,3934,-1.27,-0.078,-0.06,USD/lb,Authentic Futures Market Feed (1-Year 60m Candles)
2026-01-14 01:00,2026-01-14,1,Copper,HG=F,6.049,6.098,6.043,6.072,2539,0.33,0.023,0.101,USD/lb,Authentic Futures Market Feed (1-Year 60m Candles)
2026-01-14 02:00,2026-01-14,2,Copper,HG=F,6.073,6.081,6.056,6.059,1119,-0.21,-0.014,-0.037,USD/lb,Authentic Futures Market Feed (1-Year 60m Candles)
2026-01-14 03:00,2026-01-14,3,Copper,HG=F,6.059,6.063,6.026,6.045,1797,-0.22999999999999998,-0.014,0.0,USD/lb,Authentic Futures Market Feed (1-Year 60m Candles)
2026-01-14 04:00,2026-01-14,4,Copper,HG=F,6.045,6.052,6.031,6.042,1363,-0.05,-0.003,0.011,USD/lb,Authentic Futures Market Feed (1-Year 60m Candles)
2026-01-14 05:00,2026-01-14,5,Copper,HG=F,6.042,6.052,6.023,6.036,1905,-0.1,-0.006,-0.003,USD/lb,Authentic Futures Market Feed (1-Year 60m Candles)
2026-01-14 06:00,2026-01-14,6,Copper,HG=F,6.035,6.052,6.03,6.051,908,0.25,0.016,0.022,USD/lb,Authentic Futures Market Feed (1-Year 60m Candles)
2026-01-14 07:00,2026-01-14,7,Copper,HG=F,6.051,6.081,6.05,6.079,1865,0.45999999999999996,0.028,0.012,USD/lb,Authentic Futures Market Feed (1-Year 60m Candles)
2026-01-14 08:00,2026-01-14,8,Copper,HG=F,6.08,6.088,6.009,6.049,7407,-0.49,-0.031,-0.059,USD/lb,Authentic Futures Market Feed (1-Year 60m Candles)
2026-01-14 09:00,2026-01-14,9,Copper,HG=F,6.049,6.082,6.034,6.057,5681,0.13,0.008,0.039,USD/lb,Authentic Futures Market Feed (1-Year 60m Candles)
2026-01-14 10:00,2026-01-14,10,Copper,HG=F,6.056,6.076,6.025,6.051,4646,-0.1,-0.005,-0.013,USD/lb,Authentic Futures Market Feed (1-Year 60m Candles)
2026-01-14 11:00,2026-01-14,11,Copper,HG=F,6.052,6.067,6.014,6.026,3911,-0.41000000000000003,-0.026,-0.021,USD/lb,Authentic Futures Market Feed (1-Year 60m Candles)
2026-01-14 12:00,2026-01-14,12,Copper,HG=F,6.027,6.061,6.023,6.054,5190,0.45999999999999996,0.027,0.053,USD/lb,Authentic Futures Market Feed (1-Year 60m Candles)
2026-01-14 13:00,2026-01-14,13,Copper,HG=F,6.054,6.088,6.045,6.087,2197,0.5499999999999999,0.033,0.006,USD/lb,Authentic Futures Market Feed (1-Year 60m Candles)
2026-01-14 14:00,2026-01-14,14,Copper,HG=F,6.087,6.096,6.078,6.086,1626,-0.02,-0.001,-0.034,USD/lb,Authentic Futures Market Feed (1-Year 60m Candles)
2026-01-14 15:00,2026-01-14,15,Copper,HG=F,6.086,6.101,6.081,6.099,889,0.21,0.013,0.014,USD/lb,Authentic Futures Market Feed (1-Year 60m Candles)
2026-01-14 16:00,2026-01-14,16,Copper,HG=F,6.098,6.098,6.089,6.095,337,-0.06999999999999999,-0.003,-0.016,USD/lb,Authentic Futures Market Feed (1-Year 60m Candles)
2026-01-14 18:00,2026-01-14,18,Copper,HG=F,6.099,6.109,6.032,6.055,0,-0.66,-0.044,-0.041,USD/lb,Authentic Futures Market Feed (1-Year 60m Candles)
2026-01-14 19:00,2026-01-14,19,Copper,HG=F,6.056,6.068,6.055,6.056,360,0.02,0.0,0.044,USD/lb,Authentic Futures Market Feed (1-Year 60m Candles)
2026-01-14 20:00,2026-01-14,20,Copper,HG=F,6.056,6.06,5.975,6.0,4121,-0.9199999999999999,-0.056,-0.056,USD/lb,Authentic Futures Market Feed (1-Year 60m Candles)
2026-01-14 21:00,2026-01-14,21,Copper,HG=F,5.998,6.029,5.987,5.994,1695,-0.1,-0.004,0.052,USD/lb,Authentic Futures Market Feed (1-Year 60m Candles)
2026-01-14 22:00,2026-01-14,22,Copper,HG=F,5.995,5.999,5.925,5.945,2781,-0.8200000000000001,-0.05,-0.046,USD/lb,Authentic Futures Market Feed (1-Year 60m Candles)
2026-01-14 23:00,2026-01-14,23,Copper,HG=F,5.948,5.964,5.943,5.95,629,0.08,0.002,0.052,USD/lb,Authentic Futures Market Feed (1-Year 60m Candles)
2026-01-15 00:00,2026-01-15,0,Copper,HG=F,5.95,5.967,5.908,5.939,2196,-0.18,-0.011,-0.013,USD/lb,Authentic Futures Market Feed (1-Year 60m Candles)
2026-01-15 01:00,2026-01-15,1,Copper,HG=F,5.938,6.001,5.932,5.995,2114,0.9400000000000001,0.057,0.068,USD/lb,Authentic Futures Market Feed (1-Year 60m Candles)
2026-01-15 02:00,2026-01-15,2,Copper,HG=F,5.995,6.008,5.971,5.98,1327,-0.25,-0.015,-0.072,USD/lb,Authentic Futures Market Feed (1-Year 60m Candles)
2026-01-15 03:00,2026-01-15,3,Copper,HG=F,5.982,5.985,5.938,5.957,2095,-0.38,-0.025,-0.01,USD/lb,Authentic Futures Market Feed (1-Year 60m Candles)
2026-01-15 04:00,2026-01-15,4,Copper,HG=F,5.957,5.985,5.955,5.98,1263,0.38999999999999996,0.023,0.048,USD/lb,Authentic Futures Market Feed (1-Year 60m Candles)
2026-01-15 05:00,2026-01-15,5,Copper,HG=F,5.981,6.005,5.977,6.002,1607,0.37,0.021,-0.002,USD/lb,Authentic Futures Market Feed (1-Year 60m Candles)
2026-01-15 06:00,2026-01-15,6,Copper,HG=F,6.002,6.011,5.99,6.009,1537,0.12,0.007,-0.014,USD/lb,Authentic Futures Market Feed (1-Year 60m Candles)
2026-01-15 07:00,2026-01-15,7,Copper,HG=F,6.01,6.021,6.0,6.01,2417,0.02,0.0,-0.007,USD/lb,Authentic Futures Market Feed (1-Year 60m Candles)
2026-01-15 08:00,2026-01-15,8,Copper,HG=F,6.01,6.013,5.909,5.929,9510,-1.35,-0.081,-0.081,USD/lb,Authentic Futures Market Feed (1-Year 60m Candles)
2026-01-15 09:00,2026-01-15,9,Copper,HG=F,5.929,5.962,5.919,5.95,6101,0.35000000000000003,0.021,0.102,USD/lb,Authentic Futures Market Feed (1-Year 60m Candles)
2026-01-15 10:00,2026-01-15,10,Copper,HG=F,5.948,5.976,5.946,5.975,3486,0.42,0.027,0.006,USD/lb,Authentic Futures Market Feed (1-Year 60m Candles)
2026-01-15 11:00,2026-01-15,11,Copper,HG=F,5.976,5.998,5.964,5.982,4215,0.12,0.006,-0.021,USD/lb,Authentic Futures Market Feed (1-Year 60m Candles)
2026-01-15 12:00,2026-01-15,12,Copper,HG=F,5.981,6.002,5.978,5.991,3707,0.15,0.01,0.004,USD/lb,Authentic Futures Market Feed (1-Year 60m Candles)
2026-01-15 13:00,2026-01-15,13,Copper,HG=F,5.991,6.008,5.99,6.003,1866,0.2,0.012,0.002,USD/lb,Authentic Futures Market Feed (1-Year 60m Candles)
2026-01-15 14:00,2026-01-15,14,Copper,HG=F,6.002,6.006,5.987,5.989,610,-0.22999999999999998,-0.013,-0.025,USD/lb,Authentic Futures Market Feed (1-Year 60m Candles)
2026-01-15 15:00,2026-01-15,15,Copper,HG=F,5.989,5.99,5.965,5.983,1256,-0.1,-0.006,0.007,USD/lb,Authentic Futures Market Feed (1-Year 60m Candles)
2026-01-15 16:00,2026-01-15,16,Copper,HG=F,5.982,5.993,5.982,5.991,0,0.13,0.009,0.015,USD/lb,Authentic Futures Market Feed (1-Year 60m Candles)
2026-01-15 18:00,2026-01-15,18,Copper,HG=F,5.993,6.001,5.972,5.988,549,-0.05,-0.005,-0.014,USD/lb,Authentic Futures Market Feed (1-Year 60m Candles)
2026-01-15 19:00,2026-01-15,19,Copper,HG=F,5.987,6.0,5.981,5.986,652,-0.03,-0.001,0.004,USD/lb,Authentic Futures Market Feed (1-Year 60m Candles)
2026-01-15 20:00,2026-01-15,20,Copper,HG=F,5.985,6.024,5.968,5.975,3764,-0.18,-0.01,-0.009,USD/lb,Authentic Futures Market Feed (1-Year 60m Candles)
2026-01-15 21:00,2026-01-15,21,Copper,HG=F,5.973,5.979,5.91,5.912,2895,-1.05,-0.061,-0.051,USD/lb,Authentic Futures Market Feed (1-Year 60m Candles)
2026-01-15 22:00,2026-01-15,22,Copper,HG=F,5.911,5.929,5.9,5.917,1660,0.08,0.006,0.067,USD/lb,Authentic Futures Market Feed (1-Year 60m Candles)
2026-01-15 23:00,2026-01-15,23,Copper,HG=F,5.915,5.919,5.909,5.917,742,0.0,0.002,-0.004,USD/lb,Authentic Futures Market Feed (1-Year 60m Candles)
2026-01-16 00:00,2026-01-16,0,Copper,HG=F,5.917,5.932,5.9,5.916,1332,-0.02,-0.001,-0.003,USD/lb,Authentic Futures Market Feed (1-Year 60m Candles)
2026-01-16 01:00,2026-01-16,1,Copper,HG=F,5.914,5.914,5.831,5.866,4014,-0.8500000000000001,-0.048,-0.047,USD/lb,Authentic Futures Market Feed (1-Year 60m Candles)
2026-01-16 02:00,2026-01-16,2,Copper,HG=F,5.866,5.887,5.86,5.877,1257,0.19,0.011,0.059,USD/lb,Authentic Futures Market Feed (1-Year 60m Candles)
2026-01-16 03:00,2026-01-16,3,Copper,HG=F,5.876,5.898,5.876,5.887,1095,0.16999999999999998,0.011,0.0,USD/lb,Authentic Futures Market Feed (1-Year 60m Candles)
2026-01-16 04:00,2026-01-16,4,Copper,HG=F,5.886,5.896,5.869,5.895,1304,0.13999999999999999,0.009,-0.002,USD/lb,Authentic Futures Market Feed (1-Year 60m Candles)
2026-01-16 05:00,2026-01-16,5,Copper,HG=F,5.893,5.911,5.887,5.909,926,0.24,0.016,0.007,USD/lb,Authentic Futures Market Feed (1-Year 60m Candles)
2026-01-16 06:00,2026-01-16,6,Copper,HG=F,5.909,5.919,5.902,5.914,1102,0.08,0.005,-0.011,USD/lb,Authentic Futures Market Feed (1-Year 60m Candles)
2026-01-16 07:00,2026-01-16,7,Copper,HG=F,5.915,5.918,5.863,5.868,2439,-0.7799999999999999,-0.047,-0.052,USD/lb,Authentic Futures Market Feed (1-Year 60m Candles)
2026-01-16 08:00,2026-01-16,8,Copper,HG=F,5.867,5.867,5.79,5.828,12195,-0.6799999999999999,-0.039,0.008,USD/lb,Authentic Futures Market Feed (1-Year 60m Candles)
2026-01-16 09:00,2026-01-16,9,Copper,HG=F,5.828,5.845,5.808,5.814,6813,-0.24,-0.014,0.025,USD/lb,Authentic Futures Market Feed (1-Year 60m Candles)
2026-01-16 10:00,2026-01-16,10,Copper,HG=F,5.814,5.852,5.772,5.799,11632,-0.26,-0.015,-0.001,USD/lb,Authentic Futures Market Feed (1-Year 60m Candles)
2026-01-16 11:00,2026-01-16,11,Copper,HG=F,5.798,5.829,5.797,5.818,5123,0.33,0.02,0.035,USD/lb,Authentic Futures Market Feed (1-Year 60m Candles)
2026-01-16 12:00,2026-01-16,12,Copper,HG=F,5.818,5.836,5.809,5.832,4213,0.24,0.014,-0.006,USD/lb,Authentic Futures Market Feed (1-Year 60m Candles)
2026-01-16 13:00,2026-01-16,13,Copper,HG=F,5.832,5.842,5.826,5.832,1609,0.0,0.0,-0.014,USD/lb,Authentic Futures Market Feed (1-Year 60m Candles)
2026-01-16 14:00,2026-01-16,14,Copper,HG=F,5.83,5.838,5.824,5.835,644,0.05,0.005,0.005,USD/lb,Authentic Futures Market Feed (1-Year 60m Candles)
2026-01-16 15:00,2026-01-16,15,Copper,HG=F,5.834,5.845,5.831,5.845,677,0.16999999999999998,0.011,0.006,USD/lb,Authentic Futures Market Feed (1-Year 60m Candles)
2026-01-16 16:00,2026-01-16,16,Copper,HG=F,5.845,5.852,5.841,5.848,613,0.05,0.003,-0.008,USD/lb,Authentic Futures Market Feed (1-Year 60m Candles)
2026-01-18 23:00,2026-01-18,23,Copper,HG=F,5.831,5.904,5.831,5.902,173,0.9199999999999999,0.071,0.068,USD/lb,Authentic Futures Market Feed (1-Year 60m Candles)
2026-01-20 00:00,2026-01-20,0,Copper,HG=F,5.879,5.898,5.872,5.888,1400,-0.24,0.009,-0.062,USD/lb,Authentic Futures Market Feed (1-Year 60m Candles)
2026-01-20 01:00,2026-01-20,1,Copper,HG=F,5.886,5.891,5.857,5.873,1206,-0.25,-0.013,-0.022,USD/lb,Authentic Futures Market Feed (1-Year 60m Candles)
2026-01-20 02:00,2026-01-20,2,Copper,HG=F,5.874,5.899,5.871,5.898,799,0.43,0.024,0.037,USD/lb,Authentic Futures Market Feed (1-Year 60m Candles)
2026-01-20 03:00,2026-01-20,3,Copper,HG=F,5.896,5.896,5.852,5.852,2075,-0.7799999999999999,-0.044,-0.068,USD/lb,Authentic Futures Market Feed (1-Year 60m Candles)
2026-01-20 04:00,2026-01-20,4,Copper,HG=F,5.853,5.856,5.826,5.838,3003,-0.24,-0.015,0.029,USD/lb,Authentic Futures Market Feed (1-Year 60m Candles)
2026-01-20 05:00,2026-01-20,5,Copper,HG=F,5.838,5.86,5.812,5.856,3005,0.31,0.018,0.033,USD/lb,Authentic Futures Market Feed (1-Year 60m Candles)
2026-01-20 06:00,2026-01-20,6,Copper,HG=F,5.858,5.882,5.852,5.879,1592,0.38999999999999996,0.021,0.003,USD/lb,Authentic Futures Market Feed (1-Year 60m Candles)
2026-01-20 07:00,2026-01-20,7,Copper,HG=F,5.879,5.884,5.866,5.867,2015,-0.2,-0.012,-0.033,USD/lb,Authentic Futures Market Feed (1-Year 60m Candles)
2026-01-20 08:00,2026-01-20,8,Copper,HG=F,5.867,5.87,5.809,5.81,5965,-0.97,-0.057,-0.045,USD/lb,Authentic Futures Market Feed (1-Year 60m Candles)
2026-01-20 09:00,2026-01-20,9,Copper,HG=F,5.809,5.83,5.77,5.795,10558,-0.26,-0.014,0.043,USD/lb,Authentic Futures Market Feed (1-Year 60m Candles)
2026-01-20 10:00,2026-01-20,10,Copper,HG=F,5.794,5.799,5.744,5.777,7147,-0.31,-0.017,-0.003,USD/lb,Authentic Futures Market Feed (1-Year 60m Candles)
2026-01-20 11:00,2026-01-20,11,Copper,HG=F,5.777,5.811,5.777,5.793,6204,0.27999999999999997,0.016,0.033,USD/lb,Authentic Futures Market Feed (1-Year 60m Candles)
2026-01-20 12:00,2026-01-20,12,Copper,HG=F,5.792,5.82,5.772,5.812,6145,0.33,0.02,0.004,USD/lb,Authentic Futures Market Feed (1-Year 60m Candles)
2026-01-20 13:00,2026-01-20,13,Copper,HG=F,5.812,5.812,5.793,5.805,2037,-0.12,-0.007,-0.027,USD/lb,Authentic Futures Market Feed (1-Year 60m Candles)
2026-01-20 14:00,2026-01-20,14,Copper,HG=F,5.806,5.811,5.799,5.806,1078,0.02,0.0,0.007,USD/lb,Authentic Futures Market Feed (1-Year 60m Candles)
2026-01-20 15:00,2026-01-20,15,Copper,HG=F,5.806,5.828,5.8,5.819,1172,0.22,0.013,0.013,USD/lb,Authentic Futures Market Feed (1-Year 60m Candles)
2026-01-20 16:00,2026-01-20,16,Copper,HG=F,5.818,5.835,5.815,5.83,709,0.19,0.012,-0.001,USD/lb,Authentic Futures Market Feed (1-Year 60m Candles)
2026-01-20 18:00,2026-01-20,18,Copper,HG=F,5.833,5.833,5.819,5.828,0,-0.03,-0.005,-0.017,USD/lb,Authentic Futures Market Feed (1-Year 60m Candles)
2026-01-20 19:00,2026-01-20,19,Copper,HG=F,5.83,5.837,5.823,5.826,898,-0.03,-0.004,0.001,USD/lb,Authentic Futures Market Feed (1-Year 60m Candles)
2026-01-20 20:00,2026-01-20,20,Copper,HG=F,5.824,5.834,5.785,5.829,3203,0.05,0.005,0.009,USD/lb,Authentic Futures Market Feed (1-Year 60m Candles)
2026-01-20 21:00,2026-01-20,21,Copper,HG=F,5.832,5.848,5.826,5.833,1144,0.06999999999999999,0.001,-0.004,USD/lb,Authentic Futures Market Feed (1-Year 60m Candles)
2026-01-20 22:00,2026-01-20,22,Copper,HG=F,5.833,5.85,5.833,5.837,767,0.06999999999999999,0.004,0.003,USD/lb,Authentic Futures Market Feed (1-Year 60m Candles)
2026-01-20 23:00,2026-01-20,23,Copper,HG=F,5.836,5.845,5.83,5.841,344,0.06999999999999999,0.005,0.001,USD/lb,Authentic Futures Market Feed (1-Year 60m Candles)
2026-01-21 00:00,2026-01-21,0,Copper,HG=F,5.841,5.866,5.841,5.861,1003,0.33999999999999997,0.02,0.015,USD/lb,Authentic Futures Market Feed (1-Year 60m Candles)
2026-01-21 01:00,2026-01-21,1,Copper,HG=F,5.864,5.896,5.859,5.872,2567,0.19,0.008,-0.012,USD/lb,Authentic Futures Market Feed (1-Year 60m Candles)
2026-01-21 02:00,2026-01-21,2,Copper,HG=F,5.871,5.877,5.856,5.858,1108,-0.24,-0.013,-0.021,USD/lb,Authentic Futures Market Feed (1-Year 60m Candles)
2026-01-21 03:00,2026-01-21,3,Copper,HG=F,5.858,5.862,5.833,5.839,1641,-0.32,-0.019,-0.006,USD/lb,Authentic Futures Market Feed (1-Year 60m Candles)
2026-01-21 04:00,2026-01-21,4,Copper,HG=F,5.839,5.874,5.838,5.862,1867,0.38999999999999996,0.023,0.042,USD/lb,Authentic Futures Market Feed (1-Year 60m Candles)
2026-01-21 05:00,2026-01-21,5,Copper,HG=F,5.862,5.875,5.861,5.865,638,0.05,0.003,-0.02,USD/lb,Authentic Futures Market Feed (1-Year 60m Candles)
2026-01-21 06:00,2026-01-21,6,Copper,HG=F,5.865,5.879,5.856,5.86,994,-0.09,-0.005,-0.008,USD/lb,Authentic Futures Market Feed (1-Year 60m Candles)
2026-01-21 07:00,2026-01-21,7,Copper,HG=F,5.86,5.865,5.839,5.843,1987,-0.29,-0.017,-0.012,USD/lb,Authentic Futures Market Feed (1-Year 60m Candles)
2026-01-21 08:00,2026-01-21,8,Copper,HG=F,5.843,5.868,5.838,5.854,3721,0.19,0.011,0.028,USD/lb,Authentic Futures Market Feed (1-Year 60m Candles)
2026-01-21 09:00,2026-01-21,9,Copper,HG=F,5.857,5.859,5.817,5.83,4941,-0.41000000000000003,-0.027,-0.038,USD/lb,Authentic Futures Market Feed (1-Year 60m Candles)
2026-01-21 10:00,2026-01-21,10,Copper,HG=F,5.831,5.85,5.79,5.821,6543,-0.15,-0.01,0.017,USD/lb,Authentic Futures Market Feed (1-Year 60m Candles)
2026-01-21 11:00,2026-01-21,11,Copper,HG=F,5.821,5.822,5.776,5.791,5434,-0.52,-0.03,-0.02,USD/lb,Authentic Futures Market Feed (1-Year 60m Candles)
2026-01-21 12:00,2026-01-21,12,Copper,HG=F,5.791,5.793,5.757,5.766,6555,-0.43,-0.025,0.005,USD/lb,Authentic Futures Market Feed (1-Year 60m Candles)
2026-01-21 13:00,2026-01-21,13,Copper,HG=F,5.766,5.769,5.734,5.761,3688,-0.09,-0.005,0.02,USD/lb,Authentic Futures Market Feed (1-Year 60m Candles)
2026-01-21 14:00,2026-01-21,14,Copper,HG=F,5.761,5.773,5.738,5.772,2484,0.19,0.011,0.016,USD/lb,Authentic Futures Market Feed (1-Year 60m Candles)
2026-01-21 15:00,2026-01-21,15,Copper,HG=F,5.771,5.806,5.768,5.806,2190,0.59,0.035,0.024,USD/lb,Authentic Futures Market Feed (1-Year 60m Candles)
2026-01-21 16:00,2026-01-21,16,Copper,HG=F,5.806,5.809,5.794,5.806,602,0.0,0.0,-0.035,USD/lb,Authentic Futures Market Feed (1-Year 60m Candles)
2026-01-21 18:00,2026-01-21,18,Copper,HG=F,5.81,5.813,5.774,5.777,0,-0.5,-0.033,-0.033,USD/lb,Authentic Futures Market Feed (1-Year 60m Candles)
2026-01-21 19:00,2026-01-21,19,Copper,HG=F,5.779,5.791,5.779,5.791,496,0.24,0.012,0.045,USD/lb,Authentic Futures Market Feed (1-Year 60m Candles)
2026-01-21 20:00,2026-01-21,20,Copper,HG=F,5.79,5.813,5.752,5.802,2364,0.19,0.012,0.0,USD/lb,Authentic Futures Market Feed (1-Year 60m Candles)
2026-01-21 21:00,2026-01-21,21,Copper,HG=F,5.8,5.808,5.77,5.792,1106,-0.16999999999999998,-0.008,-0.02,USD/lb,Authentic Futures Market Feed (1-Year 60m Candles)
2026-01-21 22:00,2026-01-21,22,Copper,HG=F,5.787,5.806,5.787,5.804,459,0.21,0.017,0.025,USD/lb,Authentic Futures Market Feed (1-Year 60m Candles)
2026-01-21 23:00,2026-01-21,23,Copper,HG=F,5.804,5.809,5.794,5.8,394,-0.06999999999999999,-0.004,-0.021,USD/lb,Authentic Futures Market Feed (1-Year 60m Candles)
2026-01-22 00:00,2026-01-22,0,Copper,HG=F,5.798,5.811,5.793,5.806,579,0.1,0.008,0.012,USD/lb,Authentic Futures Market Feed (1-Year 60m Candles)
2026-01-22 01:00,2026-01-22,1,Copper,HG=F,5.808,5.817,5.791,5.808,869,0.03,0.0,-0.008,USD/lb,Authentic Futures Market Feed (1-Year 60m Candles)
2026-01-22 02:00,2026-01-22,2,Copper,HG=F,5.806,5.807,5.762,5.766,1372,-0.72,-0.04,-0.04,USD/lb,Authentic Futures Market Feed (1-Year 60m Candles)
2026-01-22 03:00,2026-01-22,3,Copper,HG=F,5.765,5.775,5.71,5.726,4201,-0.69,-0.039,0.001,USD/lb,Authentic Futures Market Feed (1-Year 60m Candles)
2026-01-22 04:00,2026-01-22,4,Copper,HG=F,5.725,5.747,5.696,5.745,3454,0.33,0.02,0.059,USD/lb,Authentic Futures Market Feed (1-Year 60m Candles)
2026-01-22 05:00,2026-01-22,5,Copper,HG=F,5.745,5.745,5.71,5.719,1103,-0.44999999999999996,-0.026,-0.046,USD/lb,Authentic Futures Market Feed (1-Year 60m Candles)
2026-01-22 06:00,2026-01-22,6,Copper,HG=F,5.718,5.727,5.71,5.714,1258,-0.09,-0.004,0.022,USD/lb,Authentic Futures Market Feed (1-Year 60m Candles)
2026-01-22 07:00,2026-01-22,7,Copper,HG=F,5.714,5.746,5.705,5.725,1764,0.19,0.011,0.015,USD/lb,Authentic Futures Market Feed (1-Year 60m Candles)
2026-01-22 08:00,2026-01-22,8,Copper,HG=F,5.723,5.77,5.709,5.766,4544,0.72,0.043,0.032,USD/lb,Authentic Futures Market Feed (1-Year 60m Candles)
2026-01-22 09:00,2026-01-22,9,Copper,HG=F,5.766,5.772,5.732,5.733,3566,-0.5700000000000001,-0.033,-0.076,USD/lb,Authentic Futures Market Feed (1-Year 60m Candles)
2026-01-22 10:00,2026-01-22,10,Copper,HG=F,5.733,5.767,5.723,5.741,5305,0.13999999999999999,0.008,0.041,USD/lb,Authentic Futures Market Feed (1-Year 60m Candles)
2026-01-22 11:00,2026-01-22,11,Copper,HG=F,5.742,5.774,5.734,5.766,3015,0.44,0.024,0.016,USD/lb,Authentic Futures Market Feed (1-Year 60m Candles)
2026-01-22 12:00,2026-01-22,12,Copper,HG=F,5.766,5.781,5.76,5.78,4134,0.24,0.014,-0.01,USD/lb,Authentic Futures Market Feed (1-Year 60m Candles)
2026-01-22 13:00,2026-01-22,13,Copper,HG=F,5.78,5.819,5.78,5.801,3979,0.36,0.021,0.007,USD/lb,Authentic Futures Market Feed (1-Year 60m Candles)
2026-01-22 14:00,2026-01-22,14,Copper,HG=F,5.801,5.81,5.797,5.799,600,-0.03,-0.002,-0.023,USD/lb,Authentic Futures Market Feed (1-Year 60m Candles)
2026-01-22 15:00,2026-01-22,15,Copper,HG=F,5.799,5.81,5.793,5.799,910,0.0,0.0,0.002,USD/lb,Authentic Futures Market Feed (1-Year 60m Candles)
2026-01-22 16:00,2026-01-22,16,Copper,HG=F,5.799,5.805,5.795,5.803,520,0.06999999999999999,0.004,0.004,USD/lb,Authentic Futures Market Feed (1-Year 60m Candles)
2026-01-22 18:00,2026-01-22,18,Copper,HG=F,5.806,5.812,5.799,5.81,0,0.12,0.004,0.0,USD/lb,Authentic Futures Market Feed (1-Year 60m Candles)
2026-01-22 19:00,2026-01-22,19,Copper,HG=F,5.808,5.82,5.804,5.81,979,0.0,0.002,-0.002,USD/lb,Authentic Futures Market Feed (1-Year 60m Candles)
2026-01-22 20:00,2026-01-22,20,Copper,HG=F,5.808,5.846,5.802,5.837,2927,0.45999999999999996,0.029,0.027,USD/lb,Authentic Futures Market Feed (1-Year 60m Candles)
2026-01-22 21:00,2026-01-22,21,Copper,HG=F,5.838,5.843,5.819,5.824,1636,-0.22,-0.014,-0.043,USD/lb,Authentic Futures Market Feed (1-Year 60m Candles)
2026-01-22 22:00,2026-01-22,22,Copper,HG=F,5.824,5.833,5.804,5.827,813,0.05,0.003,0.017,USD/lb,Authentic Futures Market Feed (1-Year 60m Candles)
2026-01-22 23:00,2026-01-22,23,Copper,HG=F,5.825,5.831,5.82,5.83,250,0.05,0.005,0.002,USD/lb,Authentic Futures Market Feed (1-Year 60m Candles)
2026-01-23 00:00,2026-01-23,0,Copper,HG=F,5.83,5.864,5.83,5.854,1436,0.41000000000000003,0.024,0.019,USD/lb,Authentic Futures Market Feed (1-Year 60m Candles)
2026-01-23 01:00,2026-01-23,1,Copper,HG=F,5.853,5.857,5.826,5.836,947,-0.31,-0.017,-0.041,USD/lb,Authentic Futures Market Feed (1-Year 60m Candles)
2026-01-23 02:00,2026-01-23,2,Copper,HG=F,5.833,5.837,5.807,5.819,1062,-0.29,-0.014,0.003,USD/lb,Authentic Futures Market Feed (1-Year 60m Candles)
2026-01-23 03:00,2026-01-23,3,Copper,HG=F,5.819,5.828,5.786,5.797,2423,-0.38,-0.022,-0.008,USD/lb,Authentic Futures Market Feed (1-Year 60m Candles)
2026-01-23 04:00,2026-01-23,4,Copper,HG=F,5.796,5.83,5.793,5.825,1333,0.48,0.029,0.051,USD/lb,Authentic Futures Market Feed (1-Year 60m Candles)
2026-01-23 05:00,2026-01-23,5,Copper,HG=F,5.825,5.83,5.813,5.819,1126,-0.1,-0.006,-0.035,USD/lb,Authentic Futures Market Feed (1-Year 60m Candles)
2026-01-23 06:00,2026-01-23,6,Copper,HG=F,5.821,5.86,5.816,5.847,2141,0.48,0.026,0.032,USD/lb,Authentic Futures Market Feed (1-Year 60m Candles)
2026-01-23 07:00,2026-01-23,7,Copper,HG=F,5.847,5.938,5.847,5.93,4201,1.4200000000000002,0.083,0.057,USD/lb,Authentic Futures Market Feed (1-Year 60m Candles)
2026-01-23 08:00,2026-01-23,8,Copper,HG=F,5.93,5.951,5.871,5.905,6597,-0.42,-0.025,-0.108,USD/lb,Authentic Futures Market Feed (1-Year 60m Candles)
2026-01-23 09:00,2026-01-23,9,Copper,HG=F,5.905,5.931,5.894,5.923,4273,0.3,0.018,0.043,USD/lb,Authentic Futures Market Feed (1-Year 60m Candles)
2026-01-23 10:00,2026-01-23,10,Copper,HG=F,5.923,5.961,5.915,5.942,6421,0.32,0.019,0.001,USD/lb,Authentic Futures Market Feed (1-Year 60m Candles)
2026-01-23 11:00,2026-01-23,11,Copper,HG=F,5.942,5.963,5.923,5.935,4088,-0.12,-0.007,-0.026,USD/lb,Authentic Futures Market Feed (1-Year 60m Candles)
2026-01-23 12:00,2026-01-23,12,Copper,HG=F,5.936,5.967,5.935,5.947,4794,0.2,0.011,0.018,USD/lb,Authentic Futures Market Feed (1-Year 60m Candles)
2026-01-23 13:00,2026-01-23,13,Copper,HG=F,5.947,5.954,5.916,5.929,2581,-0.3,-0.018,-0.029,USD/lb,Authentic Futures Market Feed (1-Year 60m Candles)
2026-01-23 14:00,2026-01-23,14,Copper,HG=F,5.929,5.936,5.924,5.933,903,0.06999999999999999,0.004,0.022,USD/lb,Authentic Futures Market Feed (1-Year 60m Candles)
2026-01-23 15:00,2026-01-23,15,Copper,HG=F,5.933,5.939,5.927,5.936,986,0.05,0.003,-0.001,USD/lb,Authentic Futures Market Feed (1-Year 60m Candles)
2026-01-23 16:00,2026-01-23,16,Copper,HG=F,5.936,5.947,5.935,5.937,1053,0.02,0.001,-0.002,USD/lb,Authentic Futures Market Feed (1-Year 60m Candles)
2026-01-25 18:00,2026-01-25,18,Copper,HG=F,5.963,5.985,5.935,5.982,1838,0.76,0.019,0.018,USD/lb,Authentic Futures Market Feed (1-Year 60m Candles)
2026-01-25 19:00,2026-01-25,19,Copper,HG=F,5.981,5.992,5.972,5.977,1483,-0.08,-0.004,-0.023,USD/lb,Authentic Futures Market Feed (1-Year 60m Candles)
2026-01-25 20:00,2026-01-25,20,Copper,HG=F,5.976,5.992,5.946,5.951,3412,-0.44,-0.025,-0.021,USD/lb,Authentic Futures Market Feed (1-Year 60m Candles)
2026-01-25 21:00,2026-01-25,21,Copper,HG=F,5.951,5.968,5.939,5.951,1851,0.0,0.0,0.025,USD/lb,Authentic Futures Market Feed (1-Year 60m Candles)
2026-01-25 22:00,2026-01-25,22,Copper,HG=F,5.951,5.956,5.933,5.945,1185,-0.1,-0.006,-0.006,USD/lb,Authentic Futures Market Feed (1-Year 60m Candles)
2026-01-25 23:00,2026-01-25,23,Copper,HG=F,5.948,5.964,5.945,5.956,532,0.19,0.008,0.014,USD/lb,Authentic Futures Market Feed (1-Year 60m Candles)
2026-01-26 00:00,2026-01-26,0,Copper,HG=F,5.955,5.957,5.889,5.917,2374,-0.65,-0.038,-0.046,USD/lb,Authentic Futures Market Feed (1-Year 60m Candles)
2026-01-26 01:00,2026-01-26,1,Copper,HG=F,5.917,5.931,5.897,5.903,1374,-0.24,-0.014,0.024,USD/lb,Authentic Futures Market Feed (1-Year 60m Candles)
2026-01-26 02:00,2026-01-26,2,Copper,HG=F,5.903,5.944,5.903,5.941,1106,0.64,0.038,0.052,USD/lb,Authentic Futures Market Feed (1-Year 60m Candles)
2026-01-26 03:00,2026-01-26,3,Copper,HG=F,5.941,5.95,5.925,5.93,1339,-0.19,-0.011,-0.049,USD/lb,Authentic Futures Market Feed (1-Year 60m Candles)
2026-01-26 04:00,2026-01-26,4,Copper,HG=F,5.931,5.962,5.926,5.936,1669,0.1,0.005,0.016,USD/lb,Authentic Futures Market Feed (1-Year 60m Candles)
2026-01-26 05:00,2026-01-26,5,Copper,HG=F,5.937,5.955,5.929,5.954,1005,0.3,0.017,0.012,USD/lb,Authentic Futures Market Feed (1-Year 60m Candles)
2026-01-26 06:00,2026-01-26,6,Copper,HG=F,5.953,5.975,5.942,5.974,1857,0.33999999999999997,0.021,0.004,USD/lb,Authentic Futures Market Feed (1-Year 60m Candles)
2026-01-26 07:00,2026-01-26,7,Copper,HG=F,5.973,6.008,5.97,5.987,4372,0.22,0.014,-0.007,USD/lb,Authentic Futures Market Feed (1-Year 60m Candles)
2026-01-26 08:00,2026-01-26,8,Copper,HG=F,5.986,6.0,5.957,5.967,5532,-0.33,-0.019,-0.033,USD/lb,Authentic Futures Market Feed (1-Year 60m Candles)
2026-01-26 09:00,2026-01-26,9,Copper,HG=F,5.968,6.034,5.957,6.024,6847,0.96,0.056,0.075,USD/lb,Authentic Futures Market Feed (1-Year 60m Candles)
2026-01-26 10:00,2026-01-26,10,Copper,HG=F,6.024,6.028,5.977,5.999,6047,-0.42,-0.025,-0.081,USD/lb,Authentic Futures Market Feed (1-Year 60m Candles)
2026-01-26 11:00,2026-01-26,11,Copper,HG=F,5.999,6.005,5.972,5.99,4966,-0.15,-0.009,0.016,USD/lb,Authentic Futures Market Feed (1-Year 60m Candles)
2026-01-26 12:00,2026-01-26,12,Copper,HG=F,5.991,6.023,5.991,6.019,4313,0.48,0.028,0.037,USD/lb,Authentic Futures Market Feed (1-Year 60m Candles)
2026-01-26 13:00,2026-01-26,13,Copper,HG=F,6.019,6.028,5.966,5.973,3442,-0.76,-0.046,-0.074,USD/lb,Authentic Futures Market Feed (1-Year 60m Candles)
2026-01-26 14:00,2026-01-26,14,Copper,HG=F,5.974,5.974,5.913,5.927,3416,-0.77,-0.047,-0.001,USD/lb,Authentic Futures Market Feed (1-Year 60m Candles)
2026-01-26 15:00,2026-01-26,15,Copper,HG=F,5.926,5.951,5.924,5.942,1736,0.25,0.016,0.063,USD/lb,Authentic Futures Market Feed (1-Year 60m Candles)
2026-01-26 16:00,2026-01-26,16,Copper,HG=F,5.943,5.944,5.902,5.905,2493,-0.62,-0.038,-0.054,USD/lb,Authentic Futures Market Feed (1-Year 60m Candles)
2026-01-26 18:00,2026-01-26,18,Copper,HG=F,5.905,5.931,5.902,5.913,0,0.13999999999999999,0.008,0.046,USD/lb,Authentic Futures Market Feed (1-Year 60m Candles)
2026-01-26 19:00,2026-01-26,19,Copper,HG=F,5.913,5.924,5.902,5.921,833,0.13999999999999999,0.008,0.0,USD/lb,Authentic Futures Market Feed (1-Year 60m Candles)
2026-01-26 20:00,2026-01-26,20,Copper,HG=F,5.922,5.926,5.879,5.889,4855,-0.54,-0.033,-0.041,USD/lb,Authentic Futures Market Feed (1-Year 60m Candles)
2026-01-26 21:00,2026-01-26,21,Copper,HG=F,5.887,5.915,5.873,5.906,1645,0.29,0.019,0.052,USD/lb,Authentic Futures Market Feed (1-Year 60m Candles)
2026-01-26 22:00,2026-01-26,22,Copper,HG=F,5.906,5.909,5.884,5.892,982,-0.24,-0.014,-0.033,USD/lb,Authentic Futures Market Feed (1-Year 60m Candles)
2026-01-26 23:00,2026-01-26,23,Copper,HG=F,5.893,5.9,5.865,5.869,1517,-0.38999999999999996,-0.024,-0.01,USD/lb,Authentic Futures Market Feed (1-Year 60m Candles)
2026-01-27 00:00,2026-01-27,0,Copper,HG=F,5.872,5.9,5.868,5.899,1512,0.51,0.027,0.051,USD/lb,Authentic Futures Market Feed (1-Year 60m Candles)
2026-01-27 01:00,2026-01-27,1,Copper,HG=F,5.898,5.931,5.89,5.923,1623,0.41000000000000003,0.025,-0.002,USD/lb,Authentic Futures Market Feed (1-Year 60m Candles)
2026-01-27 02:00,2026-01-27,2,Copper,HG=F,5.924,5.945,5.917,5.917,1715,-0.1,-0.007,-0.032,USD/lb,Authentic Futures Market Feed (1-Year 60m Candles)
2026-01-27 03:00,2026-01-27,3,Copper,HG=F,5.917,5.918,5.89,5.895,2634,-0.37,-0.022,-0.015,USD/lb,Authentic Futures Market Feed (1-Year 60m Candles)
2026-01-27 04:00,2026-01-27,4,Copper,HG=F,5.894,5.918,5.879,5.918,1525,0.38999999999999996,0.024,0.046,USD/lb,Authentic Futures Market Feed (1-Year 60m Candles)
2026-01-27 05:00,2026-01-27,5,Copper,HG=F,5.917,5.919,5.907,5.909,1009,-0.15,-0.008,-0.032,USD/lb,Authentic Futures Market Feed (1-Year 60m Candles)
2026-01-27 06:00,2026-01-27,6,Copper,HG=F,5.911,5.911,5.885,5.897,2746,-0.2,-0.014,-0.006,USD/lb,Authentic Futures Market Feed (1-Year 60m Candles)
2026-01-27 07:00,2026-01-27,7,Copper,HG=F,5.897,5.898,5.87,5.876,1972,-0.36,-0.021,-0.007,USD/lb,Authentic Futures Market Feed (1-Year 60m Candles)
2026-01-27 08:00,2026-01-27,8,Copper,HG=F,5.876,5.915,5.874,5.911,6374,0.6,0.035,0.056,USD/lb,Authentic Futures Market Feed (1-Year 60m Candles)
2026-01-27 09:00,2026-01-27,9,Copper,HG=F,5.911,5.914,5.833,5.835,9653,-1.29,-0.076,-0.111,USD/lb,Authentic Futures Market Feed (1-Year 60m Candles)
2026-01-27 10:00,2026-01-27,10,Copper,HG=F,5.834,5.861,5.81,5.861,7993,0.44999999999999996,0.027,0.103,USD/lb,Authentic Futures Market Feed (1-Year 60m Candles)
2026-01-27 11:00,2026-01-27,11,Copper,HG=F,5.861,5.881,5.853,5.863,4824,0.03,0.002,-0.025,USD/lb,Authentic Futures Market Feed (1-Year 60m Candles)
2026-01-27 12:00,2026-01-27,12,Copper,HG=F,5.863,5.878,5.855,5.859,7737,-0.06999999999999999,-0.004,-0.006,USD/lb,Authentic Futures Market Feed (1-Year 60m Candles)
2026-01-27 13:00,2026-01-27,13,Copper,HG=F,5.859,5.877,5.851,5.873,3266,0.24,0.014,0.018,USD/lb,Authentic Futures Market Feed (1-Year 60m Candles)
2026-01-27 14:00,2026-01-27,14,Copper,HG=F,5.872,5.901,5.872,5.899,1747,0.44,0.027,0.013,USD/lb,Authentic Futures Market Feed (1-Year 60m Candles)
2026-01-27 15:00,2026-01-27,15,Copper,HG=F,5.899,5.957,5.899,5.947,3745,0.8099999999999999,0.048,0.021,USD/lb,Authentic Futures Market Feed (1-Year 60m Candles)
2026-01-27 16:00,2026-01-27,16,Copper,HG=F,5.948,5.955,5.936,5.951,2264,0.06999999999999999,0.003,-0.045,USD/lb,Authentic Futures Market Feed (1-Year 60m Candles)
2026-01-27 18:00,2026-01-27,18,Copper,HG=F,5.964,5.967,5.938,5.949,0,-0.03,-0.015,-0.018,USD/lb,Authentic Futures Market Feed (1-Year 60m Candles)
2026-01-27 19:00,2026-01-27,19,Copper,HG=F,5.951,5.953,5.927,5.939,1102,-0.16999999999999998,-0.012,0.003,USD/lb,Authentic Futures Market Feed (1-Year 60m Candles)
2026-01-27 20:00,2026-01-27,20,Copper,HG=F,5.939,5.944,5.911,5.914,4029,-0.42,-0.025,-0.013,USD/lb,Authentic Futures Market Feed (1-Year 60m Candles)
2026-01-27 21:00,2026-01-27,21,Copper,HG=F,5.912,5.945,5.91,5.932,2494,0.3,0.02,0.045,USD/lb,Authentic Futures Market Feed (1-Year 60m Candles)
2026-01-27 22:00,2026-01-27,22,Copper,HG=F,5.932,6.002,5.931,5.972,3869,0.67,0.04,0.02,USD/lb,Authentic Futures Market Feed (1-Year 60m Candles)
2026-01-27 23:00,2026-01-27,23,Copper,HG=F,5.971,5.984,5.969,5.982,632,0.16999999999999998,0.011,-0.029,USD/lb,Authentic Futures Market Feed (1-Year 60m Candles)
2026-01-28 00:00,2026-01-28,0,Copper,HG=F,5.982,5.998,5.968,5.99,1908,0.13,0.008,-0.003,USD/lb,Authentic Futures Market Feed (1-Year 60m Candles)
2026-01-28 01:00,2026-01-28,1,Copper,HG=F,5.99,6.0,5.96,5.973,2137,-0.27999999999999997,-0.017,-0.025,USD/lb,Authentic Futures Market Feed (1-Year 60m Candles)
2026-01-28 02:00,2026-01-28,2,Copper,HG=F,5.973,5.988,5.954,5.965,2849,-0.13,-0.008,0.009,USD/lb,Authentic Futures Market Feed (1-Year 60m Candles)
2026-01-28 03:00,2026-01-28,3,Copper,HG=F,5.966,5.996,5.962,5.969,2262,0.06999999999999999,0.003,0.011,USD/lb,Authentic Futures Market Feed (1-Year 60m Candles)
2026-01-28 04:00,2026-01-28,4,Copper,HG=F,5.968,5.97,5.938,5.944,1995,-0.42,-0.024,-0.027,USD/lb,Authentic Futures Market Feed (1-Year 60m Candles)
2026-01-28 05:00,2026-01-28,5,Copper,HG=F,5.944,5.949,5.926,5.938,1643,-0.1,-0.006,0.018,USD/lb,Authentic Futures Market Feed (1-Year 60m Candles)
2026-01-28 06:00,2026-01-28,6,Copper,HG=F,5.938,5.938,5.909,5.922,2312,-0.27,-0.016,-0.01,USD/lb,Authentic Futures Market Feed (1-Year 60m Candles)
2026-01-28 07:00,2026-01-28,7,Copper,HG=F,5.922,5.928,5.911,5.925,1631,0.05,0.003,0.019,USD/lb,Authentic Futures Market Feed (1-Year 60m Candles)
2026-01-28 08:00,2026-01-28,8,Copper,HG=F,5.925,5.933,5.895,5.927,5539,0.03,0.002,-0.001,USD/lb,Authentic Futures Market Feed (1-Year 60m Candles)
2026-01-28 09:00,2026-01-28,9,Copper,HG=F,5.928,5.952,5.912,5.944,4367,0.29,0.016,0.014,USD/lb,Authentic Futures Market Feed (1-Year 60m Candles)
2026-01-28 10:00,2026-01-28,10,Copper,HG=F,5.943,5.959,5.9,5.907,5780,-0.62,-0.036,-0.052,USD/lb,Authentic Futures Market Feed (1-Year 60m Candles)
2026-01-28 11:00,2026-01-28,11,Copper,HG=F,5.907,5.922,5.903,5.907,3102,0.0,0.0,0.036,USD/lb,Authentic Futures Market Feed (1-Year 60m Candles)
2026-01-28 12:00,2026-01-28,12,Copper,HG=F,5.909,5.931,5.909,5.924,4224,0.29,0.015,0.015,USD/lb,Authentic Futures Market Feed (1-Year 60m Candles)
2026-01-28 13:00,2026-01-28,13,Copper,HG=F,5.924,5.933,5.91,5.922,2193,-0.03,-0.002,-0.017,USD/lb,Authentic Futures Market Feed (1-Year 60m Candles)
2026-01-28 14:00,2026-01-28,14,Copper,HG=F,5.925,5.96,5.914,5.957,1733,0.59,0.032,0.034,USD/lb,Authentic Futures Market Feed (1-Year 60m Candles)
2026-01-28 15:00,2026-01-28,15,Copper,HG=F,5.956,5.997,5.953,5.978,2208,0.35000000000000003,0.022,-0.01,USD/lb,Authentic Futures Market Feed (1-Year 60m Candles)
2026-01-28 16:00,2026-01-28,16,Copper,HG=F,5.978,6.008,5.974,5.997,1465,0.32,0.019,-0.003,USD/lb,Authentic Futures Market Feed (1-Year 60m Candles)
2026-01-28 18:00,2026-01-28,18,Copper,HG=F,5.997,6.03,5.992,6.011,0,0.22999999999999998,0.014,-0.005,USD/lb,Authentic Futures Market Feed (1-Year 60m Candles)
2026-01-28 19:00,2026-01-28,19,Copper,HG=F,6.01,6.017,5.982,5.996,1946,-0.25,-0.014,-0.028,USD/lb,Authentic Futures Market Feed (1-Year 60m Candles)
2026-01-28 20:00,2026-01-28,20,Copper,HG=F,5.994,5.994,5.955,5.972,4335,-0.4,-0.022,-0.008,USD/lb,Authentic Futures Market Feed (1-Year 60m Candles)
2026-01-28 21:00,2026-01-28,21,Copper,HG=F,5.972,6.129,5.956,6.123,6475,2.53,0.151,0.173,USD/lb,Authentic Futures Market Feed (1-Year 60m Candles)
2026-01-28 22:00,2026-01-28,22,Copper,HG=F,6.123,6.292,6.112,6.266,14897,2.34,0.143,-0.008,USD/lb,Authentic Futures Market Feed (1-Year 60m Candles)
2026-01-28 23:00,2026-01-28,23,Copper,HG=F,6.266,6.341,6.239,6.335,5525,1.0999999999999999,0.069,-0.074,USD/lb,Authentic Futures Market Feed (1-Year 60m Candles)
2026-01-29 00:00,2026-01-29,0,Copper,HG=F,6.333,6.363,6.273,6.307,8057,-0.44,-0.026,-0.095,USD/lb,Authentic Futures Market Feed (1-Year 60m Candles)
2026-01-29 01:00,2026-01-29,1,Copper,HG=F,6.308,6.385,6.293,6.299,8430,-0.13,-0.009,0.017,USD/lb,Authentic Futures Market Feed (1-Year 60m Candles)
2026-01-29 02:00,2026-01-29,2,Copper,HG=F,6.299,6.318,6.265,6.306,4511,0.11,0.007,0.016,USD/lb,Authentic Futures Market Feed (1-Year 60m Candles)
2026-01-29 03:00,2026-01-29,3,Copper,HG=F,6.306,6.333,6.276,6.313,3923,0.11,0.007,0.0,USD/lb,Authentic Futures Market Feed (1-Year 60m Candles)
2026-01-29 04:00,2026-01-29,4,Copper,HG=F,6.313,6.328,6.27,6.281,4673,-0.51,-0.032,-0.039,USD/lb,Authentic Futures Market Feed (1-Year 60m Candles)
2026-01-29 05:00,2026-01-29,5,Copper,HG=F,6.281,6.32,6.275,6.286,2215,0.08,0.005,0.037,USD/lb,Authentic Futures Market Feed (1-Year 60m Candles)
2026-01-29 06:00,2026-01-29,6,Copper,HG=F,6.287,6.304,6.275,6.285,2002,-0.02,-0.002,-0.007,USD/lb,Authentic Futures Market Feed (1-Year 60m Candles)
2026-01-29 07:00,2026-01-29,7,Copper,HG=F,6.284,6.367,6.28,6.365,4572,1.27,0.081,0.083,USD/lb,Authentic Futures Market Feed (1-Year 60m Candles)
2026-01-29 08:00,2026-01-29,8,Copper,HG=F,6.366,6.507,6.357,6.483,17123,1.8499999999999999,0.117,0.036,USD/lb,Authentic Futures Market Feed (1-Year 60m Candles)
2026-01-29 09:00,2026-01-29,9,Copper,HG=F,6.484,6.583,6.449,6.47,25919,-0.2,-0.014,-0.131,USD/lb,Authentic Futures Market Feed (1-Year 60m Candles)
2026-01-29 10:00,2026-01-29,10,Copper,HG=F,6.472,6.483,6.021,6.11,40885,-5.56,-0.362,-0.348,USD/lb,Authentic Futures Market Feed (1-Year 60m Candles)
2026-01-29 11:00,2026-01-29,11,Copper,HG=F,6.109,6.187,6.088,6.156,12080,0.75,0.047,0.409,USD/lb,Authentic Futures Market Feed (1-Year 60m Candles)
2026-01-29 12:00,2026-01-29,12,Copper,HG=F,6.159,6.278,6.159,6.205,12553,0.8,0.046,-0.001,USD/lb,Authentic Futures Market Feed (1-Year 60m Candles)
2026-01-29 13:00,2026-01-29,13,Copper,HG=F,6.207,6.252,6.16,6.206,4657,0.02,-0.001,-0.047,USD/lb,Authentic Futures Market Feed (1-Year 60m Candles)
2026-01-29 14:00,2026-01-29,14,Copper,HG=F,6.203,6.215,6.165,6.183,2126,-0.37,-0.02,-0.019,USD/lb,Authentic Futures Market Feed (1-Year 60m Candles)
2026-01-29 15:00,2026-01-29,15,Copper,HG=F,6.182,6.312,6.174,6.291,3046,1.7500000000000002,0.109,0.129,USD/lb,Authentic Futures Market Feed (1-Year 60m Candles)
2026-01-29 16:00,2026-01-29,16,Copper,HG=F,6.291,6.297,6.241,6.282,1690,-0.13999999999999999,-0.009,-0.118,USD/lb,Authentic Futures Market Feed (1-Year 60m Candles)
2026-01-29 18:00,2026-01-29,18,Copper,HG=F,6.285,6.387,6.271,6.351,0,1.0999999999999999,0.066,0.075,USD/lb,Authentic Futures Market Feed (1-Year 60m Candles)
2026-01-29 19:00,2026-01-29,19,Copper,HG=F,6.348,6.386,6.202,6.232,3245,-1.87,-0.116,-0.182,USD/lb,Authentic Futures Market Feed (1-Year 60m Candles)
2026-01-29 20:00,2026-01-29,20,Copper,HG=F,6.234,6.306,6.057,6.063,8754,-2.71,-0.171,-0.055,USD/lb,Authentic Futures Market Feed (1-Year 60m Candles)
2026-01-29 21:00,2026-01-29,21,Copper,HG=F,6.065,6.115,5.896,6.029,13651,-0.5599999999999999,-0.036,0.135,USD/lb,Authentic Futures Market Feed (1-Year 60m Candles)
2026-01-29 22:00,2026-01-29,22,Copper,HG=F,6.028,6.043,5.976,6.017,3251,-0.2,-0.011,0.025,USD/lb,Authentic Futures Market Feed (1-Year 60m Candles)
2026-01-29 23:00,2026-01-29,23,Copper,HG=F,6.016,6.053,6.016,6.037,1797,0.33,0.021,0.032,USD/lb,Authentic Futures Market Feed (1-Year 60m Candles)
2026-01-30 00:00,2026-01-30,0,Copper,HG=F,6.036,6.109,6.034,6.049,3188,0.2,0.013,-0.008,USD/lb,Authentic Futures Market Feed (1-Year 60m Candles)
2026-01-30 01:00,2026-01-30,1,Copper,HG=F,6.049,6.065,5.962,5.986,3963,-1.04,-0.063,-0.076,USD/lb,Authentic Futures Market Feed (1-Year 60m Candles)
2026-01-30 02:00,2026-01-30,2,Copper,HG=F,5.99,6.023,5.966,6.003,2429,0.27999999999999997,0.013,0.076,USD/lb,Authentic Futures Market Feed (1-Year 60m Candles)
2026-01-30 03:00,2026-01-30,3,Copper,HG=F,6.004,6.048,5.985,6.027,5188,0.4,0.023,0.01,USD/lb,Authentic Futures Market Feed (1-Year 60m Candles)
2026-01-30 04:00,2026-01-30,4,Copper,HG=F,6.027,6.043,5.904,5.957,7274,-1.16,-0.07,-0.093,USD/lb,Authentic Futures Market Feed (1-Year 60m Candles)
2026-01-30 05:00,2026-01-30,5,Copper,HG=F,5.954,6.01,5.943,5.997,3461,0.67,0.043,0.113,USD/lb,Authentic Futures Market Feed (1-Year 60m Candles)
2026-01-30 06:00,2026-01-30,6,Copper,HG=F,5.995,6.101,5.988,6.091,3224,1.5699999999999998,0.096,0.053,USD/lb,Authentic Futures Market Feed (1-Year 60m Candles)
2026-01-30 07:00,2026-01-30,7,Copper,HG=F,6.09,6.102,6.009,6.013,4666,-1.28,-0.077,-0.173,USD/lb,Authentic Futures Market Feed (1-Year 60m Candles)
2026-01-30 08:00,2026-01-30,8,Copper,HG=F,6.011,6.04,5.945,5.976,10895,-0.62,-0.035,0.042,USD/lb,Authentic Futures Market Feed (1-Year 60m Candles)
2026-01-30 09:00,2026-01-30,9,Copper,HG=F,5.975,6.072,5.973,6.02,7577,0.74,0.045,0.08,USD/lb,Authentic Futures Market Feed (1-Year 60m Candles)
2026-01-30 10:00,2026-01-30,10,Copper,HG=F,6.019,6.048,5.986,6.015,3025,-0.08,-0.004,-0.049,USD/lb,Authentic Futures Market Feed (1-Year 60m Candles)
2026-02-02 13:00,2026-02-02,13,Copper,HG=F,5.811,5.818,5.804,5.813,13747,-3.36,0.002,0.006,USD/lb,Authentic Futures Market Feed (1-Year 60m Candles)
2026-02-02 14:00,2026-02-02,14,Copper,HG=F,5.812,5.844,5.798,5.832,909,0.33,0.02,0.018,USD/lb,Authentic Futures Market Feed (1-Year 60m Candles)
2026-02-02 15:00,2026-02-02,15,Copper,HG=F,5.832,5.846,5.808,5.833,1538,0.02,0.001,-0.019,USD/lb,Authentic Futures Market Feed (1-Year 60m Candles)
2026-02-02 16:00,2026-02-02,16,Copper,HG=F,5.832,5.845,5.827,5.832,720,-0.02,0.0,-0.001,USD/lb,Authentic Futures Market Feed (1-Year 60m Candles)
2026-02-02 18:00,2026-02-02,18,Copper,HG=F,5.839,5.891,5.83,5.89,0,0.9900000000000001,0.051,0.051,USD/lb,Authentic Futures Market Feed (1-Year 60m Candles)
2026-02-02 19:00,2026-02-02,19,Copper,HG=F,5.889,5.938,5.863,5.872,1967,-0.31,-0.017,-0.068,USD/lb,Authentic Futures Market Feed (1-Year 60m Candles)
2026-02-02 20:00,2026-02-02,20,Copper,HG=F,5.87,5.942,5.85,5.942,4383,1.1900000000000002,0.072,0.089,USD/lb,Authentic Futures Market Feed (1-Year 60m Candles)
2026-02-02 21:00,2026-02-02,21,Copper,HG=F,5.944,5.944,5.835,5.862,2518,-1.35,-0.082,-0.154,USD/lb,Authentic Futures Market Feed (1-Year 60m Candles)
2026-02-02 22:00,2026-02-02,22,Copper,HG=F,5.859,5.909,5.857,5.905,1284,0.73,0.046,0.128,USD/lb,Authentic Futures Market Feed (1-Year 60m Candles)
2026-02-02 23:00,2026-02-02,23,Copper,HG=F,5.904,5.919,5.898,5.898,915,-0.12,-0.006,-0.052,USD/lb,Authentic Futures Market Feed (1-Year 60m Candles)
2026-02-03 00:00,2026-02-03,0,Copper,HG=F,5.9,5.937,5.884,5.922,1839,0.41000000000000003,0.022,0.028,USD/lb,Authentic Futures Market Feed (1-Year 60m Candles)
2026-02-03 01:00,2026-02-03,1,Copper,HG=F,5.924,6.061,5.916,6.038,7951,1.96,0.114,0.092,USD/lb,Authentic Futures Market Feed (1-Year 60m Candles)
2026-02-03 02:00,2026-02-03,2,Copper,HG=F,6.037,6.095,6.035,6.052,5375,0.22999999999999998,0.015,-0.099,USD/lb,Authentic Futures Market Feed (1-Year 60m Candles)
2026-02-03 03:00,2026-02-03,3,Copper,HG=F,6.052,6.096,6.035,6.04,3859,-0.2,-0.012,-0.027,USD/lb,Authentic Futures Market Feed (1-Year 60m Candles)
2026-02-03 04:00,2026-02-03,4,Copper,HG=F,6.04,6.054,5.976,6.018,3096,-0.36,-0.022,-0.01,USD/lb,Authentic Futures Market Feed (1-Year 60m Candles)
2026-02-03 05:00,2026-02-03,5,Copper,HG=F,6.019,6.038,6.003,6.021,2351,0.05,0.002,0.024,USD/lb,Authentic Futures Market Feed (1-Year 60m Candles)
2026-02-03 06:00,2026-02-03,6,Copper,HG=F,6.021,6.036,6.001,6.02,1257,-0.02,-0.001,-0.003,USD/lb,Authentic Futures Market Feed (1-Year 60m Candles)
2026-02-03 07:00,2026-02-03,7,Copper,HG=F,6.022,6.069,6.018,6.068,2536,0.8,0.046,0.047,USD/lb,Authentic Futures Market Feed (1-Year 60m Candles)
2026-02-03 08:00,2026-02-03,8,Copper,HG=F,6.069,6.115,6.039,6.063,8072,-0.08,-0.006,-0.052,USD/lb,Authentic Futures Market Feed (1-Year 60m Candles)
2026-02-03 09:00,2026-02-03,9,Copper,HG=F,6.064,6.09,6.025,6.057,7349,-0.1,-0.007,-0.001,USD/lb,Authentic Futures Market Feed (1-Year 60m Candles)
2026-02-03 10:00,2026-02-03,10,Copper,HG=F,6.058,6.07,6.029,6.064,4636,0.12,0.006,0.013,USD/lb,Authentic Futures Market Feed (1-Year 60m Candles)
2026-02-03 11:00,2026-02-03,11,Copper,HG=F,6.063,6.106,6.057,6.069,3554,0.08,0.006,0.0,USD/lb,Authentic Futures Market Feed (1-Year 60m Candles)
2026-02-03 12:00,2026-02-03,12,Copper,HG=F,6.069,6.095,6.04,6.087,4958,0.3,0.018,0.012,USD/lb,Authentic Futures Market Feed (1-Year 60m Candles)
2026-02-03 13:00,2026-02-03,13,Copper,HG=F,6.087,6.101,6.025,6.044,3123,-0.7100000000000001,-0.043,-0.061,USD/lb,Authentic Futures Market Feed (1-Year 60m Candles)
2026-02-03 14:00,2026-02-03,14,Copper,HG=F,6.045,6.073,6.023,6.073,956,0.48,0.028,0.071,USD/lb,Authentic Futures Market Feed (1-Year 60m Candles)
2026-02-03 15:00,2026-02-03,15,Copper,HG=F,6.071,6.102,6.056,6.093,1477,0.33,0.022,-0.006,USD/lb,Authentic Futures Market Feed (1-Year 60m Candles)
2026-02-03 16:00,2026-02-03,16,Copper,HG=F,6.093,6.103,6.084,6.095,0,0.03,0.002,-0.02,USD/lb,Authentic Futures Market Feed (1-Year 60m Candles)
2026-02-03 18:00,2026-02-03,18,Copper,HG=F,6.1,6.115,6.054,6.079,706,-0.26,-0.021,-0.023,USD/lb,Authentic Futures Market Feed (1-Year 60m Candles)
2026-02-03 19:00,2026-02-03,19,Copper,HG=F,6.08,6.109,6.08,6.1,908,0.35000000000000003,0.02,0.041,USD/lb,Authentic Futures Market Feed (1-Year 60m Candles)
2026-02-03 20:00,2026-02-03,20,Copper,HG=F,6.1,6.115,6.062,6.083,3043,-0.27999999999999997,-0.017,-0.037,USD/lb,Authentic Futures Market Feed (1-Year 60m Candles)
2026-02-03 21:00,2026-02-03,21,Copper,HG=F,6.087,6.11,6.025,6.03,2480,-0.8699999999999999,-0.057,-0.04,USD/lb,Authentic Futures Market Feed (1-Year 60m Candles)
2026-02-03 22:00,2026-02-03,22,Copper,HG=F,6.03,6.059,6.003,6.049,2218,0.32,0.019,0.076,USD/lb,Authentic Futures Market Feed (1-Year 60m Candles)
2026-02-03 23:00,2026-02-03,23,Copper,HG=F,6.05,6.05,6.026,6.043,654,-0.1,-0.007,-0.026,USD/lb,Authentic Futures Market Feed (1-Year 60m Candles)
2026-02-04 00:00,2026-02-04,0,Copper,HG=F,6.043,6.06,6.035,6.043,1176,0.0,0.0,0.007,USD/lb,Authentic Futures Market Feed (1-Year 60m Candles)
2026-02-04 01:00,2026-02-04,1,Copper,HG=F,6.043,6.083,6.021,6.082,1345,0.65,0.039,0.039,USD/lb,Authentic Futures Market Feed (1-Year 60m Candles)
2026-02-04 02:00,2026-02-04,2,Copper,HG=F,6.082,6.091,6.06,6.088,1052,0.1,0.006,-0.033,USD/lb,Authentic Futures Market Feed (1-Year 60m Candles)
2026-02-04 03:00,2026-02-04,3,Copper,HG=F,6.089,6.095,6.056,6.076,1334,-0.2,-0.013,-0.019,USD/lb,Authentic Futures Market Feed (1-Year 60m Candles)
2026-02-04 04:00,2026-02-04,4,Copper,HG=F,6.075,6.075,6.016,6.03,3238,-0.76,-0.045,-0.032,USD/lb,Authentic Futures Market Feed (1-Year 60m Candles)
2026-02-04 05:00,2026-02-04,5,Copper,HG=F,6.028,6.055,6.025,6.049,3171,0.32,0.021,0.066,USD/lb,Authentic Futures Market Feed (1-Year 60m Candles)
2026-02-04 06:00,2026-02-04,6,Copper,HG=F,6.049,6.055,6.023,6.047,2464,-0.03,-0.002,-0.023,USD/lb,Authentic Futures Market Feed (1-Year 60m Candles)
2026-02-04 07:00,2026-02-04,7,Copper,HG=F,6.047,6.05,6.001,6.01,1840,-0.61,-0.037,-0.035,USD/lb,Authentic Futures Market Feed (1-Year 60m Candles)
2026-02-04 08:00,2026-02-04,8,Copper,HG=F,6.009,6.044,5.99,6.032,3717,0.37,0.023,0.06,USD/lb,Authentic Futures Market Feed (1-Year 60m Candles)
2026-02-04 09:00,2026-02-04,9,Copper,HG=F,6.033,6.035,5.936,5.954,5967,-1.29,-0.079,-0.102,USD/lb,Authentic Futures Market Feed (1-Year 60m Candles)
2026-02-04 10:00,2026-02-04,10,Copper,HG=F,5.956,5.987,5.896,5.903,7192,-0.86,-0.053,0.026,USD/lb,Authentic Futures Market Feed (1-Year 60m Candles)
2026-02-04 11:00,2026-02-04,11,Copper,HG=F,5.903,5.936,5.868,5.905,6529,0.03,0.002,0.055,USD/lb,Authentic Futures Market Feed (1-Year 60m Candles)
2026-02-04 12:00,2026-02-04,12,Copper,HG=F,5.905,5.925,5.845,5.85,7244,-0.9299999999999999,-0.055,-0.057,USD/lb,Authentic Futures Market Feed (1-Year 60m Candles)
2026-02-04 13:00,2026-02-04,13,Copper,HG=F,5.848,5.881,5.832,5.872,3053,0.38,0.024,0.079,USD/lb,Authentic Futures Market Feed (1-Year 60m Candles)
2026-02-04 14:00,2026-02-04,14,Copper,HG=F,5.87,5.9,5.859,5.895,1682,0.38999999999999996,0.025,0.001,USD/lb,Authentic Futures Market Feed (1-Year 60m Candles)
2026-02-04 15:00,2026-02-04,15,Copper,HG=F,5.894,5.925,5.864,5.895,1312,0.0,0.001,-0.024,USD/lb,Authentic Futures Market Feed (1-Year 60m Candles)
2026-02-04 16:00,2026-02-04,16,Copper,HG=F,5.894,5.966,5.889,5.927,1177,0.54,0.033,0.032,USD/lb,Authentic Futures Market Feed (1-Year 60m Candles)
2026-02-04 18:00,2026-02-04,18,Copper,HG=F,5.936,5.964,5.888,5.938,0,0.19,0.002,-0.031,USD/lb,Authentic Futures Market Feed (1-Year 60m Candles)
2026-02-04 19:00,2026-02-04,19,Copper,HG=F,5.938,5.95,5.922,5.927,1442,-0.19,-0.011,-0.013,USD/lb,Authentic Futures Market Feed (1-Year 60m Candles)
2026-02-04 20:00,2026-02-04,20,Copper,HG=F,5.925,5.951,5.863,5.873,2586,-0.91,-0.052,-0.041,USD/lb,Authentic Futures Market Feed (1-Year 60m Candles)
2026-02-04 21:00,2026-02-04,21,Copper,HG=F,5.874,5.875,5.785,5.795,5940,-1.3299999999999998,-0.079,-0.027,USD/lb,Authentic Futures Market Feed (1-Year 60m Candles)
2026-02-04 22:00,2026-02-04,22,Copper,HG=F,5.792,5.844,5.787,5.802,2713,0.12,0.01,0.089,USD/lb,Authentic Futures Market Feed (1-Year 60m Candles)
2026-02-04 23:00,2026-02-04,23,Copper,HG=F,5.804,5.812,5.787,5.787,835,-0.26,-0.017,-0.027,USD/lb,Authentic Futures Market Feed (1-Year 60m Candles)
2026-02-05 00:00,2026-02-05,0,Copper,HG=F,5.787,5.836,5.775,5.825,2122,0.66,0.038,0.055,USD/lb,Authentic Futures Market Feed (1-Year 60m Candles)
2026-02-05 01:00,2026-02-05,1,Copper,HG=F,5.826,5.855,5.806,5.819,1478,-0.1,-0.007,-0.045,USD/lb,Authentic Futures Market Feed (1-Year 60m Candles)
2026-02-05 02:00,2026-02-05,2,Copper,HG=F,5.818,5.859,5.814,5.859,1310,0.69,0.041,0.048,USD/lb,Authentic Futures Market Feed (1-Year 60m Candles)
2026-02-05 03:00,2026-02-05,3,Copper,HG=F,5.859,5.878,5.824,5.832,2146,-0.45999999999999996,-0.027,-0.068,USD/lb,Authentic Futures Market Feed (1-Year 60m Candles)
2026-02-05 04:00,2026-02-05,4,Copper,HG=F,5.832,5.852,5.799,5.837,1704,0.09,0.005,0.032,USD/lb,Authentic Futures Market Feed (1-Year 60m Candles)
2026-02-05 05:00,2026-02-05,5,Copper,HG=F,5.836,5.852,5.82,5.844,1311,0.12,0.008,0.003,USD/lb,Authentic Futures Market Feed (1-Year 60m Candles)
2026-02-05 06:00,2026-02-05,6,Copper,HG=F,5.841,5.856,5.835,5.845,1117,0.02,0.004,-0.004,USD/lb,Authentic Futures Market Feed (1-Year 60m Candles)
2026-02-05 07:00,2026-02-05,7,Copper,HG=F,5.846,5.85,5.773,5.784,3553,-1.04,-0.062,-0.066,USD/lb,Authentic Futures Market Feed (1-Year 60m Candles)
2026-02-05 08:00,2026-02-05,8,Copper,HG=F,5.784,5.823,5.747,5.803,5573,0.33,0.019,0.081,USD/lb,Authentic Futures Market Feed (1-Year 60m Candles)
2026-02-05 09:00,2026-02-05,9,Copper,HG=F,5.804,5.843,5.788,5.807,4967,0.06999999999999999,0.003,-0.016,USD/lb,Authentic Futures Market Feed (1-Year 60m Candles)
2026-02-05 10:00,2026-02-05,10,Copper,HG=F,5.806,5.825,5.751,5.771,4464,-0.62,-0.035,-0.038,USD/lb,Authentic Futures Market Feed (1-Year 60m Candles)
2026-02-05 11:00,2026-02-05,11,Copper,HG=F,5.772,5.83,5.768,5.824,3890,0.9199999999999999,0.052,0.087,USD/lb,Authentic Futures Market Feed (1-Year 60m Candles)
2026-02-05 12:00,2026-02-05,12,Copper,HG=F,5.822,5.833,5.804,5.821,5157,-0.05,-0.001,-0.053,USD/lb,Authentic Futures Market Feed (1-Year 60m Candles)
2026-02-05 13:00,2026-02-05,13,Copper,HG=F,5.821,5.826,5.788,5.793,2024,-0.48,-0.028,-0.027,USD/lb,Authentic Futures Market Feed (1-Year 60m Candles)
2026-02-05 14:00,2026-02-05,14,Copper,HG=F,5.793,5.813,5.775,5.783,709,-0.16999999999999998,-0.01,0.018,USD/lb,Authentic Futures Market Feed (1-Year 60m Candles)
2026-02-05 15:00,2026-02-05,15,Copper,HG=F,5.784,5.796,5.739,5.748,1490,-0.61,-0.036,-0.026,USD/lb,Authentic Futures Market Feed (1-Year 60m Candles)
2026-02-05 16:00,2026-02-05,16,Copper,HG=F,5.749,5.752,5.685,5.72,2498,-0.49,-0.029,0.007,USD/lb,Authentic Futures Market Feed (1-Year 60m Candles)
2026-02-05 18:00,2026-02-05,18,Copper,HG=F,5.732,5.747,5.655,5.676,0,-0.77,-0.056,-0.027,USD/lb,Authentic Futures Market Feed (1-Year 60m Candles)
2026-02-05 19:00,2026-02-05,19,Copper,HG=F,5.676,5.712,5.595,5.705,3713,0.51,0.029,0.085,USD/lb,Authentic Futures Market Feed (1-Year 60m Candles)
2026-02-05 20:00,2026-02-05,20,Copper,HG=F,5.706,5.734,5.623,5.717,5676,0.21,0.011,-0.018,USD/lb,Authentic Futures Market Feed (1-Year 60m Candles)
2026-02-05 21:00,2026-02-05,21,Copper,HG=F,5.719,5.817,5.712,5.769,3219,0.91,0.05,0.039,USD/lb,Authentic Futures Market Feed (1-Year 60m Candles)
2026-02-05 22:00,2026-02-05,22,Copper,HG=F,5.768,5.789,5.743,5.756,1005,-0.22999999999999998,-0.012,-0.062,USD/lb,Authentic Futures Market Feed (1-Year 60m Candles)
2026-02-05 23:00,2026-02-05,23,Copper,HG=F,5.758,5.761,5.723,5.729,388,-0.47000000000000003,-0.029,-0.017,USD/lb,Authentic Futures Market Feed (1-Year 60m Candles)
2026-02-06 00:00,2026-02-06,0,Copper,HG=F,5.729,5.795,5.727,5.791,940,1.08,0.062,0.091,USD/lb,Authentic Futures Market Feed (1-Year 60m Candles)
2026-02-06 01:00,2026-02-06,1,Copper,HG=F,5.794,5.798,5.743,5.755,924,-0.62,-0.039,-0.101,USD/lb,Authentic Futures Market Feed (1-Year 60m Candles)
2026-02-06 02:00,2026-02-06,2,Copper,HG=F,5.754,5.762,5.74,5.747,500,-0.13999999999999999,-0.007,0.032,USD/lb,Authentic Futures Market Feed (1-Year 60m Candles)
2026-02-06 03:00,2026-02-06,3,Copper,HG=F,5.746,5.78,5.729,5.771,1301,0.42,0.025,0.032,USD/lb,Authentic Futures Market Feed (1-Year 60m Candles)
2026-02-06 04:00,2026-02-06,4,Copper,HG=F,5.77,5.799,5.754,5.794,1164,0.4,0.024,-0.001,USD/lb,Authentic Futures Market Feed (1-Year 60m Candles)
2026-02-06 05:00,2026-02-06,5,Copper,HG=F,5.794,5.814,5.78,5.786,2464,-0.13999999999999999,-0.008,-0.032,USD/lb,Authentic Futures Market Feed (1-Year 60m Candles)
2026-02-06 06:00,2026-02-06,6,Copper,HG=F,5.785,5.834,5.768,5.828,1641,0.73,0.043,0.051,USD/lb,Authentic Futures Market Feed (1-Year 60m Candles)
2026-02-06 07:00,2026-02-06,7,Copper,HG=F,5.827,5.839,5.799,5.814,1697,-0.24,-0.013,-0.056,USD/lb,Authentic Futures Market Feed (1-Year 60m Candles)
2026-02-06 08:00,2026-02-06,8,Copper,HG=F,5.815,5.833,5.799,5.813,3262,-0.02,-0.002,0.011,USD/lb,Authentic Futures Market Feed (1-Year 60m Candles)
2026-02-06 09:00,2026-02-06,9,Copper,HG=F,5.813,5.861,5.79,5.861,4138,0.83,0.048,0.05,USD/lb,Authentic Futures Market Feed (1-Year 60m Candles)
2026-02-06 10:00,2026-02-06,10,Copper,HG=F,5.862,5.878,5.834,5.847,4425,-0.24,-0.015,-0.063,USD/lb,Authentic Futures Market Feed (1-Year 60m Candles)
2026-02-06 11:00,2026-02-06,11,Copper,HG=F,5.859,5.872,5.839,5.858,4640,0.19,-0.001,0.014,USD/lb,Authentic Futures Market Feed (1-Year 60m Candles)
2026-02-06 12:00,2026-02-06,12,Copper,HG=F,5.859,5.891,5.856,5.885,4054,0.45999999999999996,0.026,0.027,USD/lb,Authentic Futures Market Feed (1-Year 60m Candles)
2026-02-06 13:00,2026-02-06,13,Copper,HG=F,5.885,5.89,5.871,5.883,4747,-0.03,-0.002,-0.028,USD/lb,Authentic Futures Market Feed (1-Year 60m Candles)
2026-02-06 14:00,2026-02-06,14,Copper,HG=F,5.883,5.885,5.873,5.881,951,-0.03,-0.002,0.0,USD/lb,Authentic Futures Market Feed (1-Year 60m Candles)
2026-02-06 15:00,2026-02-06,15,Copper,HG=F,5.879,5.891,5.876,5.887,1490,0.1,0.008,0.01,USD/lb,Authentic Futures Market Feed (1-Year 60m Candles)
2026-02-06 16:00,2026-02-06,16,Copper,HG=F,5.886,5.889,5.878,5.887,504,0.0,0.001,-0.007,USD/lb,Authentic Futures Market Feed (1-Year 60m Candles)
2026-02-08 18:00,2026-02-08,18,Copper,HG=F,5.953,5.981,5.938,5.95,1140,1.0699999999999998,-0.003,-0.004,USD/lb,Authentic Futures Market Feed (1-Year 60m Candles)
2026-02-08 19:00,2026-02-08,19,Copper,HG=F,5.951,5.957,5.903,5.905,1144,-0.76,-0.046,-0.043,USD/lb,Authentic Futures Market Feed (1-Year 60m Candles)
2026-02-08 20:00,2026-02-08,20,Copper,HG=F,5.905,5.927,5.873,5.878,2626,-0.45999999999999996,-0.027,0.019,USD/lb,Authentic Futures Market Feed (1-Year 60m Candles)
2026-02-08 21:00,2026-02-08,21,Copper,HG=F,5.876,5.918,5.865,5.88,1344,0.03,0.004,0.031,USD/lb,Authentic Futures Market Feed (1-Year 60m Candles)
2026-02-08 22:00,2026-02-08,22,Copper,HG=F,5.879,5.899,5.868,5.891,708,0.19,0.012,0.008,USD/lb,Authentic Futures Market Feed (1-Year 60m Candles)
2026-02-08 23:00,2026-02-08,23,Copper,HG=F,5.892,5.9,5.89,5.895,252,0.06999999999999999,0.003,-0.009,USD/lb,Authentic Futures Market Feed (1-Year 60m Candles)
2026-02-09 00:00,2026-02-09,0,Copper,HG=F,5.893,5.915,5.884,5.906,863,0.19,0.013,0.01,USD/lb,Authentic Futures Market Feed (1-Year 60m Candles)
2026-02-09 01:00,2026-02-09,1,Copper,HG=F,5.91,5.913,5.874,5.897,947,-0.15,-0.013,-0.026,USD/lb,Authentic Futures Market Feed (1-Year 60m Candles)
2026-02-09 02:00,2026-02-09,2,Copper,HG=F,5.897,5.905,5.881,5.896,593,-0.02,-0.001,0.012,USD/lb,Authentic Futures Market Feed (1-Year 60m Candles)
2026-02-09 03:00,2026-02-09,3,Copper,HG=F,5.897,5.91,5.88,5.91,1078,0.24,0.013,0.014,USD/lb,Authentic Futures Market Feed (1-Year 60m Candles)
2026-02-09 04:00,2026-02-09,4,Copper,HG=F,5.909,5.911,5.884,5.885,1846,-0.42,-0.024,-0.037,USD/lb,Authentic Futures Market Feed (1-Year 60m Candles)
2026-02-09 05:00,2026-02-09,5,Copper,HG=F,5.885,5.897,5.844,5.867,2238,-0.31,-0.018,0.006,USD/lb,Authentic Futures Market Feed (1-Year 60m Candles)
2026-02-09 06:00,2026-02-09,6,Copper,HG=F,5.867,5.899,5.863,5.899,1653,0.5499999999999999,0.032,0.05,USD/lb,Authentic Futures Market Feed (1-Year 60m Candles)
2026-02-09 07:00,2026-02-09,7,Copper,HG=F,5.9,5.909,5.88,5.891,1556,-0.13999999999999999,-0.009,-0.041,USD/lb,Authentic Futures Market Feed (1-Year 60m Candles)
2026-02-09 08:00,2026-02-09,8,Copper,HG=F,5.891,5.898,5.866,5.896,2675,0.08,0.005,0.014,USD/lb,Authentic Futures Market Feed (1-Year 60m Candles)
2026-02-09 09:00,2026-02-09,9,Copper,HG=F,5.894,5.923,5.887,5.918,3659,0.37,0.024,0.019,USD/lb,Authentic Futures Market Feed (1-Year 60m Candles)
2026-02-09 10:00,2026-02-09,10,Copper,HG=F,5.918,5.941,5.916,5.931,3128,0.22,0.013,-0.011,USD/lb,Authentic Futures Market Feed (1-Year 60m Candles)
2026-02-09 11:00,2026-02-09,11,Copper,HG=F,5.932,5.959,5.931,5.956,3283,0.42,0.024,0.011,USD/lb,Authentic Futures Market Feed (1-Year 60m Candles)
2026-02-09 12:00,2026-02-09,12,Copper,HG=F,5.956,5.973,5.95,5.962,6495,0.1,0.006,-0.018,USD/lb,Authentic Futures Market Feed (1-Year 60m Candles)
2026-02-09 13:00,2026-02-09,13,Copper,HG=F,5.962,5.972,5.95,5.955,2025,-0.12,-0.007,-0.013,USD/lb,Authentic Futures Market Feed (1-Year 60m Candles)
2026-02-09 14:00,2026-02-09,14,Copper,HG=F,5.956,5.971,5.954,5.971,580,0.27,0.015,0.022,USD/lb,Authentic Futures Market Feed (1-Year 60m Candles)
2026-02-09 15:00,2026-02-09,15,Copper,HG=F,5.97,5.976,5.963,5.971,1447,0.0,0.001,-0.014,USD/lb,Authentic Futures Market Feed (1-Year 60m Candles)
2026-02-09 16:00,2026-02-09,16,Copper,HG=F,5.972,5.974,5.957,5.962,585,-0.15,-0.01,-0.011,USD/lb,Authentic Futures Market Feed (1-Year 60m Candles)
2026-02-09 18:00,2026-02-09,18,Copper,HG=F,5.958,5.962,5.937,5.944,0,-0.3,-0.014,-0.004,USD/lb,Authentic Futures Market Feed (1-Year 60m Candles)
2026-02-09 19:00,2026-02-09,19,Copper,HG=F,5.944,5.951,5.936,5.942,1126,-0.03,-0.002,0.012,USD/lb,Authentic Futures Market Feed (1-Year 60m Candles)
2026-02-09 20:00,2026-02-09,20,Copper,HG=F,5.942,5.95,5.917,5.949,1813,0.12,0.007,0.009,USD/lb,Authentic Futures Market Feed (1-Year 60m Candles)
2026-02-09 21:00,2026-02-09,21,Copper,HG=F,5.951,5.957,5.932,5.936,643,-0.22,-0.015,-0.022,USD/lb,Authentic Futures Market Feed (1-Year 60m Candles)
2026-02-09 22:00,2026-02-09,22,Copper,HG=F,5.935,5.938,5.905,5.909,851,-0.44999999999999996,-0.026,-0.011,USD/lb,Authentic Futures Market Feed (1-Year 60m Candles)
2026-02-09 23:00,2026-02-09,23,Copper,HG=F,5.909,5.914,5.906,5.91,266,0.02,0.001,0.027,USD/lb,Authentic Futures Market Feed (1-Year 60m Candles)
2026-02-10 00:00,2026-02-10,0,Copper,HG=F,5.909,5.924,5.883,5.921,623,0.19,0.012,0.011,USD/lb,Authentic Futures Market Feed (1-Year 60m Candles)
2026-02-10 01:00,2026-02-10,1,Copper,HG=F,5.919,5.925,5.894,5.9,501,-0.35000000000000003,-0.019,-0.031,USD/lb,Authentic Futures Market Feed (1-Year 60m Candles)
2026-02-10 02:00,2026-02-10,2,Copper,HG=F,5.9,5.914,5.892,5.907,429,0.12,0.007,0.026,USD/lb,Authentic Futures Market Feed (1-Year 60m Candles)
2026-02-10 03:00,2026-02-10,3,Copper,HG=F,5.906,5.926,5.891,5.924,1111,0.29,0.018,0.011,USD/lb,Authentic Futures Market Feed (1-Year 60m Candles)
2026-02-10 04:00,2026-02-10,4,Copper,HG=F,5.923,5.939,5.901,5.902,1045,-0.37,-0.021,-0.039,USD/lb,Authentic Futures Market Feed (1-Year 60m Candles)
2026-02-10 05:00,2026-02-10,5,Copper,HG=F,5.903,5.92,5.893,5.904,726,0.03,0.001,0.022,USD/lb,Authentic Futures Market Feed (1-Year 60m Candles)
2026-02-10 06:00,2026-02-10,6,Copper,HG=F,5.903,5.926,5.896,5.918,1361,0.24,0.015,0.014,USD/lb,Authentic Futures Market Feed (1-Year 60m Candles)
2026-02-10 07:00,2026-02-10,7,Copper,HG=F,5.919,5.927,5.898,5.909,926,-0.15,-0.01,-0.025,USD/lb,Authentic Futures Market Feed (1-Year 60m Candles)
2026-02-10 08:00,2026-02-10,8,Copper,HG=F,5.91,5.926,5.904,5.92,1944,0.19,0.01,0.02,USD/lb,Authentic Futures Market Feed (1-Year 60m Candles)
2026-02-10 09:00,2026-02-10,9,Copper,HG=F,5.92,5.944,5.9,5.932,3372,0.2,0.012,0.002,USD/lb,Authentic Futures Market Feed (1-Year 60m Candles)
2026-02-10 10:00,2026-02-10,10,Copper,HG=F,5.93,5.937,5.903,5.909,2755,-0.38999999999999996,-0.021,-0.033,USD/lb,Authentic Futures Market Feed (1-Year 60m Candles)
2026-02-10 11:00,2026-02-10,11,Copper,HG=F,5.91,5.916,5.891,5.909,3838,0.0,-0.001,0.02,USD/lb,Authentic Futures Market Feed (1-Year 60m Candles)
2026-02-10 12:00,2026-02-10,12,Copper,HG=F,5.91,5.919,5.902,5.916,5169,0.12,0.006,0.007,USD/lb,Authentic Futures Market Feed (1-Year 60m Candles)
2026-02-10 13:00,2026-02-10,13,Copper,HG=F,5.914,5.922,5.889,5.905,4320,-0.19,-0.009,-0.015,USD/lb,Authentic Futures Market Feed (1-Year 60m Candles)
2026-02-10 14:00,2026-02-10,14,Copper,HG=F,5.904,5.918,5.901,5.913,681,0.13999999999999999,0.009,0.018,USD/lb,Authentic Futures Market Feed (1-Year 60m Candles)
2026-02-10 15:00,2026-02-10,15,Copper,HG=F,5.913,5.919,5.904,5.906,1796,-0.12,-0.007,-0.016,USD/lb,Authentic Futures Market Feed (1-Year 60m Candles)
2026-02-10 16:00,2026-02-10,16,Copper,HG=F,5.907,5.907,5.898,5.907,312,0.02,0.0,0.007,USD/lb,Authentic Futures Market Feed (1-Year 60m Candles)
2026-02-10 18:00,2026-02-10,18,Copper,HG=F,5.909,5.912,5.902,5.904,0,-0.05,-0.005,-0.005,USD/lb,Authentic Futures Market Feed (1-Year 60m Candles)
2026-02-10 19:00,2026-02-10,19,Copper,HG=F,5.904,5.909,5.897,5.907,306,0.05,0.003,0.008,USD/lb,Authentic Futures Market Feed (1-Year 60m Candles)
2026-02-10 20:00,2026-02-10,20,Copper,HG=F,5.907,5.913,5.896,5.909,1903,0.03,0.002,-0.001,USD/lb,Authentic Futures Market Feed (1-Year 60m Candles)
2026-02-10 21:00,2026-02-10,21,Copper,HG=F,5.911,5.932,5.893,5.922,835,0.22,0.011,0.009,USD/lb,Authentic Futures Market Feed (1-Year 60m Candles)
2026-02-10 22:00,2026-02-10,22,Copper,HG=F,5.923,5.932,5.907,5.928,592,0.1,0.005,-0.006,USD/lb,Authentic Futures Market Feed (1-Year 60m Candles)
2026-02-10 23:00,2026-02-10,23,Copper,HG=F,5.927,5.93,5.923,5.925,172,-0.05,-0.002,-0.007,USD/lb,Authentic Futures Market Feed (1-Year 60m Candles)
2026-02-11 00:00,2026-02-11,0,Copper,HG=F,5.925,5.951,5.924,5.938,681,0.22,0.013,0.015,USD/lb,Authentic Futures Market Feed (1-Year 60m Candles)
2026-02-11 01:00,2026-02-11,1,Copper,HG=F,5.938,5.954,5.924,5.932,927,-0.1,-0.006,-0.019,USD/lb,Authentic Futures Market Feed (1-Year 60m Candles)
2026-02-11 02:00,2026-02-11,2,Copper,HG=F,5.931,5.948,5.93,5.942,890,0.16999999999999998,0.011,0.017,USD/lb,Authentic Futures Market Feed (1-Year 60m Candles)
2026-02-11 03:00,2026-02-11,3,Copper,HG=F,5.941,5.962,5.94,5.952,1285,0.16999999999999998,0.011,0.0,USD/lb,Authentic Futures Market Feed (1-Year 60m Candles)
2026-02-11 04:00,2026-02-11,4,Copper,HG=F,5.953,5.99,5.953,5.988,1875,0.6,0.035,0.024,USD/lb,Authentic Futures Market Feed (1-Year 60m Candles)
2026-02-11 05:00,2026-02-11,5,Copper,HG=F,5.989,6.056,5.984,6.047,6518,0.9900000000000001,0.058,0.023,USD/lb,Authentic Futures Market Feed (1-Year 60m Candles)
2026-02-11 06:00,2026-02-11,6,Copper,HG=F,6.049,6.088,6.046,6.07,5764,0.38,0.021,-0.037,USD/lb,Authentic Futures Market Feed (1-Year 60m Candles)
2026-02-11 07:00,2026-02-11,7,Copper,HG=F,6.07,6.076,6.027,6.035,3055,-0.58,-0.035,-0.056,USD/lb,Authentic Futures Market Feed (1-Year 60m Candles)
2026-02-11 08:00,2026-02-11,8,Copper,HG=F,6.035,6.035,5.938,6.009,9396,-0.43,-0.026,0.009,USD/lb,Authentic Futures Market Feed (1-Year 60m Candles)
2026-02-11 09:00,2026-02-11,9,Copper,HG=F,6.008,6.017,5.95,5.97,4384,-0.65,-0.038,-0.012,USD/lb,Authentic Futures Market Feed (1-Year 60m Candles)
2026-02-11 10:00,2026-02-11,10,Copper,HG=F,5.969,5.986,5.902,5.937,9015,-0.5499999999999999,-0.032,0.006,USD/lb,Authentic Futures Market Feed (1-Year 60m Candles)
2026-02-11 11:00,2026-02-11,11,Copper,HG=F,5.936,5.945,5.918,5.945,4460,0.13,0.009,0.041,USD/lb,Authentic Futures Market Feed (1-Year 60m Candles)
2026-02-11 12:00,2026-02-11,12,Copper,HG=F,5.945,5.973,5.944,5.965,7317,0.33999999999999997,0.02,0.011,USD/lb,Authentic Futures Market Feed (1-Year 60m Candles)
2026-02-11 13:00,2026-02-11,13,Copper,HG=F,5.965,5.976,5.953,5.965,3810,0.0,0.0,-0.02,USD/lb,Authentic Futures Market Feed (1-Year 60m Candles)
2026-02-11 14:00,2026-02-11,14,Copper,HG=F,5.966,5.983,5.962,5.964,833,-0.02,-0.002,-0.002,USD/lb,Authentic Futures Market Feed (1-Year 60m Candles)
2026-02-11 15:00,2026-02-11,15,Copper,HG=F,5.965,5.979,5.96,5.976,1325,0.2,0.011,0.013,USD/lb,Authentic Futures Market Feed (1-Year 60m Candles)
2026-02-11 16:00,2026-02-11,16,Copper,HG=F,5.977,5.996,5.976,5.99,0,0.22999999999999998,0.013,0.002,USD/lb,Authentic Futures Market Feed (1-Year 60m Candles)
2026-02-11 18:00,2026-02-11,18,Copper,HG=F,5.986,5.996,5.965,5.986,737,-0.06999999999999999,0.0,-0.013,USD/lb,Authentic Futures Market Feed (1-Year 60m Candles)
2026-02-11 19:00,2026-02-11,19,Copper,HG=F,5.985,5.994,5.982,5.985,595,-0.02,0.0,0.0,USD/lb,Authentic Futures Market Feed (1-Year 60m Candles)
2026-02-11 20:00,2026-02-11,20,Copper,HG=F,5.984,5.99,5.957,5.987,2912,0.03,0.003,0.003,USD/lb,Authentic Futures Market Feed (1-Year 60m Candles)
2026-02-11 21:00,2026-02-11,21,Copper,HG=F,5.99,5.992,5.965,5.969,467,-0.3,-0.021,-0.024,USD/lb,Authentic Futures Market Feed (1-Year 60m Candles)
2026-02-11 22:00,2026-02-11,22,Copper,HG=F,5.97,5.989,5.963,5.967,448,-0.03,-0.003,0.018,USD/lb,Authentic Futures Market Feed (1-Year 60m Candles)
2026-02-11 23:00,2026-02-11,23,Copper,HG=F,5.967,5.974,5.962,5.969,253,0.03,0.002,0.005,USD/lb,Authentic Futures Market Feed (1-Year 60m Candles)
2026-02-12 00:00,2026-02-12,0,Copper,HG=F,5.97,5.982,5.96,5.975,534,0.1,0.005,0.003,USD/lb,Authentic Futures Market Feed (1-Year 60m Candles)
2026-02-12 01:00,2026-02-12,1,Copper,HG=F,5.976,5.977,5.953,5.965,757,-0.16999999999999998,-0.011,-0.016,USD/lb,Authentic Futures Market Feed (1-Year 60m Candles)
2026-02-12 02:00,2026-02-12,2,Copper,HG=F,5.964,5.987,5.962,5.986,695,0.35000000000000003,0.022,0.033,USD/lb,Authentic Futures Market Feed (1-Year 60m Candles)
2026-02-12 03:00,2026-02-12,3,Copper,HG=F,5.987,5.999,5.971,5.996,1037,0.16999999999999998,0.009,-0.013,USD/lb,Authentic Futures Market Feed (1-Year 60m Candles)
2026-02-12 04:00,2026-02-12,4,Copper,HG=F,5.996,6.023,5.988,6.008,1836,0.2,0.012,0.003,USD/lb,Authentic Futures Market Feed (1-Year 60m Candles)
2026-02-12 05:00,2026-02-12,5,Copper,HG=F,6.008,6.009,5.988,5.99,4165,-0.3,-0.018,-0.03,USD/lb,Authentic Futures Market Feed (1-Year 60m Candles)
2026-02-12 06:00,2026-02-12,6,Copper,HG=F,5.99,5.991,5.982,5.989,855,-0.02,-0.001,0.017,USD/lb,Authentic Futures Market Feed (1-Year 60m Candles)
2026-02-12 07:00,2026-02-12,7,Copper,HG=F,5.99,5.994,5.952,5.953,1681,-0.6,-0.037,-0.036,USD/lb,Authentic Futures Market Feed (1-Year 60m Candles)
2026-02-12 08:00,2026-02-12,8,Copper,HG=F,5.955,5.975,5.946,5.971,3603,0.3,0.016,0.053,USD/lb,Authentic Futures Market Feed (1-Year 60m Candles)
2026-02-12 09:00,2026-02-12,9,Copper,HG=F,5.97,5.976,5.945,5.953,3684,-0.3,-0.017,-0.033,USD/lb,Authentic Futures Market Feed (1-Year 60m Candles)
2026-02-12 10:00,2026-02-12,10,Copper,HG=F,5.952,5.964,5.929,5.94,4145,-0.22,-0.012,0.005,USD/lb,Authentic Futures Market Feed (1-Year 60m Candles)
2026-02-12 11:00,2026-02-12,11,Copper,HG=F,5.939,5.94,5.766,5.809,16517,-2.21,-0.13,-0.118,USD/lb,Authentic Futures Market Feed (1-Year 60m Candles)
2026-02-12 12:00,2026-02-12,12,Copper,HG=F,5.809,5.821,5.778,5.785,10323,-0.41000000000000003,-0.024,0.106,USD/lb,Authentic Futures Market Feed (1-Year 60m Candles)
2026-02-12 13:00,2026-02-12,13,Copper,HG=F,5.786,5.799,5.754,5.791,3613,0.1,0.005,0.029,USD/lb,Authentic Futures Market Feed (1-Year 60m Candles)
2026-02-12 14:00,2026-02-12,14,Copper,HG=F,5.79,5.796,5.773,5.787,1001,-0.06999999999999999,-0.003,-0.008,USD/lb,Authentic Futures Market Feed (1-Year 60m Candles)
2026-02-12 15:00,2026-02-12,15,Copper,HG=F,5.788,5.791,5.758,5.766,960,-0.36,-0.022,-0.019,USD/lb,Authentic Futures Market Feed (1-Year 60m Candles)
2026-02-12 16:00,2026-02-12,16,Copper,HG=F,5.766,5.777,5.759,5.775,619,0.16,0.009,0.031,USD/lb,Authentic Futures Market Feed (1-Year 60m Candles)
2026-02-12 18:00,2026-02-12,18,Copper,HG=F,5.769,5.779,5.727,5.772,0,-0.05,0.003,-0.006,USD/lb,Authentic Futures Market Feed (1-Year 60m Candles)
2026-02-12 19:00,2026-02-12,19,Copper,HG=F,5.771,5.786,5.769,5.777,850,0.09,0.006,0.003,USD/lb,Authentic Futures Market Feed (1-Year 60m Candles)
2026-02-12 20:00,2026-02-12,20,Copper,HG=F,5.777,5.838,5.777,5.817,3027,0.69,0.04,0.034,USD/lb,Authentic Futures Market Feed (1-Year 60m Candles)
2026-02-12 21:00,2026-02-12,21,Copper,HG=F,5.819,5.841,5.815,5.834,855,0.29,0.015,-0.025,USD/lb,Authentic Futures Market Feed (1-Year 60m Candles)
2026-02-12 22:00,2026-02-12,22,Copper,HG=F,5.833,5.843,5.827,5.833,558,-0.02,0.0,-0.015,USD/lb,Authentic Futures Market Feed (1-Year 60m Candles)
2026-02-12 23:00,2026-02-12,23,Copper,HG=F,5.832,5.849,5.832,5.835,621,0.03,0.003,0.003,USD/lb,Authentic Futures Market Feed (1-Year 60m Candles)
2026-02-13 00:00,2026-02-13,0,Copper,HG=F,5.835,5.838,5.782,5.786,2974,-0.84,-0.049,-0.052,USD/lb,Authentic Futures Market Feed (1-Year 60m Candles)
2026-02-13 01:00,2026-02-13,1,Copper,HG=F,5.785,5.799,5.777,5.795,1295,0.16,0.01,0.059,USD/lb,Authentic Futures Market Feed (1-Year 60m Candles)
2026-02-13 02:00,2026-02-13,2,Copper,HG=F,5.796,5.82,5.785,5.809,1165,0.24,0.013,0.003,USD/lb,Authentic Futures Market Feed (1-Year 60m Candles)
2026-02-13 03:00,2026-02-13,3,Copper,HG=F,5.81,5.823,5.778,5.78,2270,-0.5,-0.03,-0.043,USD/lb,Authentic Futures Market Feed (1-Year 60m Candles)
2026-02-13 04:00,2026-02-13,4,Copper,HG=F,5.78,5.78,5.747,5.754,2706,-0.44999999999999996,-0.026,0.004,USD/lb,Authentic Futures Market Feed (1-Year 60m Candles)
2026-02-13 05:00,2026-02-13,5,Copper,HG=F,5.753,5.764,5.728,5.738,3494,-0.27999999999999997,-0.015,0.011,USD/lb,Authentic Futures Market Feed (1-Year 60m Candles)
2026-02-13 06:00,2026-02-13,6,Copper,HG=F,5.741,5.741,5.677,5.703,7451,-0.61,-0.038,-0.023,USD/lb,Authentic Futures Market Feed (1-Year 60m Candles)
2026-02-13 07:00,2026-02-13,7,Copper,HG=F,5.703,5.757,5.692,5.73,4624,0.47000000000000003,0.027,0.065,USD/lb,Authentic Futures Market Feed (1-Year 60m Candles)
2026-02-13 08:00,2026-02-13,8,Copper,HG=F,5.731,5.769,5.712,5.749,5727,0.33,0.018,-0.009,USD/lb,Authentic Futures Market Feed (1-Year 60m Candles)
2026-02-13 09:00,2026-02-13,9,Copper,HG=F,5.748,5.791,5.72,5.737,4798,-0.21,-0.011,-0.029,USD/lb,Authentic Futures Market Feed (1-Year 60m Candles)
2026-02-13 10:00,2026-02-13,10,Copper,HG=F,5.739,5.806,5.734,5.767,7398,0.52,0.028,0.039,USD/lb,Authentic Futures Market Feed (1-Year 60m Candles)
2026-02-13 11:00,2026-02-13,11,Copper,HG=F,5.767,5.804,5.767,5.785,4999,0.31,0.018,-0.01,USD/lb,Authentic Futures Market Feed (1-Year 60m Candles)
2026-02-13 12:00,2026-02-13,12,Copper,HG=F,5.785,5.811,5.785,5.802,5727,0.29,0.017,-0.001,USD/lb,Authentic Futures Market Feed (1-Year 60m Candles)
2026-02-13 13:00,2026-02-13,13,Copper,HG=F,5.803,5.822,5.802,5.81,1834,0.13999999999999999,0.007,-0.01,USD/lb,Authentic Futures Market Feed (1-Year 60m Candles)
2026-02-13 14:00,2026-02-13,14,Copper,HG=F,5.808,5.818,5.78,5.782,695,-0.48,-0.026,-0.033,USD/lb,Authentic Futures Market Feed (1-Year 60m Candles)
2026-02-13 15:00,2026-02-13,15,Copper,HG=F,5.781,5.792,5.773,5.783,1861,0.02,0.002,0.028,USD/lb,Authentic Futures Market Feed (1-Year 60m Candles)
2026-02-13 16:00,2026-02-13,16,Copper,HG=F,5.784,5.788,5.779,5.788,278,0.09,0.004,0.002,USD/lb,Authentic Futures Market Feed (1-Year 60m Candles)
2026-02-15 18:00,2026-02-15,18,Copper,HG=F,5.803,5.803,5.766,5.775,100,-0.22,-0.028,-0.032,USD/lb,Authentic Futures Market Feed (1-Year 60m Candles)
2026-02-15 19:00,2026-02-15,19,Copper,HG=F,5.777,5.785,5.768,5.782,252,0.12,0.005,0.033,USD/lb,Authentic Futures Market Feed (1-Year 60m Candles)
2026-02-15 20:00,2026-02-15,20,Copper,HG=F,5.783,5.793,5.761,5.789,1101,0.12,0.006,0.001,USD/lb,Authentic Futures Market Feed (1-Year 60m Candles)
2026-02-15 21:00,2026-02-15,21,Copper,HG=F,5.79,5.799,5.758,5.765,556,-0.41000000000000003,-0.025,-0.031,USD/lb,Authentic Futures Market Feed (1-Year 60m Candles)
2026-02-15 22:00,2026-02-15,22,Copper,HG=F,5.763,5.772,5.736,5.746,634,-0.33,-0.017,0.008,USD/lb,Authentic Futures Market Feed (1-Year 60m Candles)
2026-02-15 23:00,2026-02-15,23,Copper,HG=F,5.747,5.76,5.747,5.751,128,0.09,0.004,0.021,USD/lb,Authentic Futures Market Feed (1-Year 60m Candles)
2026-02-17 00:00,2026-02-17,0,Copper,HG=F,5.711,5.712,5.681,5.692,1039,-1.03,-0.019,-0.023,USD/lb,Authentic Futures Market Feed (1-Year 60m Candles)
2026-02-17 01:00,2026-02-17,1,Copper,HG=F,5.692,5.714,5.692,5.709,576,0.3,0.017,0.036,USD/lb,Authentic Futures Market Feed (1-Year 60m Candles)
2026-02-17 02:00,2026-02-17,2,Copper,HG=F,5.707,5.716,5.701,5.716,646,0.12,0.009,-0.008,USD/lb,Authentic Futures Market Feed (1-Year 60m Candles)
2026-02-17 03:00,2026-02-17,3,Copper,HG=F,5.716,5.729,5.706,5.709,2980,-0.12,-0.007,-0.016,USD/lb,Authentic Futures Market Feed (1-Year 60m Candles)
2026-02-17 04:00,2026-02-17,4,Copper,HG=F,5.709,5.72,5.699,5.715,1157,0.11,0.006,0.013,USD/lb,Authentic Futures Market Feed (1-Year 60m Candles)
2026-02-17 05:00,2026-02-17,5,Copper,HG=F,5.714,5.72,5.689,5.69,878,-0.44,-0.024,-0.03,USD/lb,Authentic Futures Market Feed (1-Year 60m Candles)
2026-02-17 06:00,2026-02-17,6,Copper,HG=F,5.69,5.712,5.687,5.702,1174,0.21,0.012,0.036,USD/lb,Authentic Futures Market Feed (1-Year 60m Candles)
2026-02-17 07:00,2026-02-17,7,Copper,HG=F,5.701,5.705,5.66,5.666,2549,-0.63,-0.035,-0.047,USD/lb,Authentic Futures Market Feed (1-Year 60m Candles)
2026-02-17 08:00,2026-02-17,8,Copper,HG=F,5.664,5.686,5.654,5.655,4034,-0.19,-0.009,0.026,USD/lb,Authentic Futures Market Feed (1-Year 60m Candles)
2026-02-17 09:00,2026-02-17,9,Copper,HG=F,5.655,5.679,5.629,5.631,5728,-0.42,-0.024,-0.015,USD/lb,Authentic Futures Market Feed (1-Year 60m Candles)
2026-02-17 10:00,2026-02-17,10,Copper,HG=F,5.63,5.669,5.627,5.65,7152,0.33999999999999997,0.02,0.044,USD/lb,Authentic Futures Market Feed (1-Year 60m Candles)
2026-02-17 11:00,2026-02-17,11,Copper,HG=F,5.65,5.684,5.649,5.667,8610,0.3,0.017,-0.003,USD/lb,Authentic Futures Market Feed (1-Year 60m Candles)
2026-02-17 12:00,2026-02-17,12,Copper,HG=F,5.666,5.666,5.633,5.643,8622,-0.42,-0.023,-0.04,USD/lb,Authentic Futures Market Feed (1-Year 60m Candles)
2026-02-17 13:00,2026-02-17,13,Copper,HG=F,5.642,5.682,5.642,5.679,2559,0.64,0.037,0.06,USD/lb,Authentic Futures Market Feed (1-Year 60m Candles)
2026-02-17 14:00,2026-02-17,14,Copper,HG=F,5.68,5.689,5.677,5.679,555,0.0,-0.001,-0.038,USD/lb,Authentic Futures Market Feed (1-Year 60m Candles)
2026-02-17 15:00,2026-02-17,15,Copper,HG=F,5.678,5.68,5.668,5.672,602,-0.12,-0.006,-0.005,USD/lb,Authentic Futures Market Feed (1-Year 60m Candles)
2026-02-17 16:00,2026-02-17,16,Copper,HG=F,5.672,5.682,5.672,5.676,290,0.06999999999999999,0.004,0.01,USD/lb,Authentic Futures Market Feed (1-Year 60m Candles)
2026-02-17 18:00,2026-02-17,18,Copper,HG=F,5.676,5.689,5.667,5.668,0,-0.13999999999999999,-0.008,-0.012,USD/lb,Authentic Futures Market Feed (1-Year 60m Candles)
2026-02-17 19:00,2026-02-17,19,Copper,HG=F,5.669,5.681,5.669,5.674,282,0.11,0.005,0.013,USD/lb,Authentic Futures Market Feed (1-Year 60m Candles)
2026-02-17 20:00,2026-02-17,20,Copper,HG=F,5.674,5.684,5.666,5.682,352,0.13999999999999999,0.008,0.003,USD/lb,Authentic Futures Market Feed (1-Year 60m Candles)
2026-02-17 21:00,2026-02-17,21,Copper,HG=F,5.682,5.686,5.672,5.677,413,-0.09,-0.005,-0.013,USD/lb,Authentic Futures Market Feed (1-Year 60m Candles)
2026-02-17 22:00,2026-02-17,22,Copper,HG=F,5.677,5.686,5.674,5.682,419,0.09,0.005,0.01,USD/lb,Authentic Futures Market Feed (1-Year 60m Candles)
2026-02-17 23:00,2026-02-17,23,Copper,HG=F,5.683,5.712,5.681,5.706,832,0.42,0.023,0.018,USD/lb,Authentic Futures Market Feed (1-Year 60m Candles)
2026-02-18 00:00,2026-02-18,0,Copper,HG=F,5.707,5.709,5.696,5.696,322,-0.18,-0.011,-0.034,USD/lb,Authentic Futures Market Feed (1-Year 60m Candles)
2026-02-18 01:00,2026-02-18,1,Copper,HG=F,5.696,5.703,5.684,5.698,520,0.04,0.002,0.013,USD/lb,Authentic Futures Market Feed (1-Year 60m Candles)
2026-02-18 02:00,2026-02-18,2,Copper,HG=F,5.698,5.705,5.686,5.688,601,-0.18,-0.01,-0.012,USD/lb,Authentic Futures Market Feed (1-Year 60m Candles)
2026-02-18 03:00,2026-02-18,3,Copper,HG=F,5.687,5.711,5.685,5.698,1583,0.18,0.011,0.021,USD/lb,Authentic Futures Market Feed (1-Year 60m Candles)
2026-02-18 04:00,2026-02-18,4,Copper,HG=F,5.699,5.716,5.693,5.703,955,0.09,0.004,-0.007,USD/lb,Authentic Futures Market Feed (1-Year 60m Candles)
2026-02-18 05:00,2026-02-18,5,Copper,HG=F,5.706,5.724,5.706,5.714,863,0.19,0.008,0.004,USD/lb,Authentic Futures Market Feed (1-Year 60m Candles)
2026-02-18 06:00,2026-02-18,6,Copper,HG=F,5.714,5.717,5.702,5.708,745,-0.11,-0.006,-0.014,USD/lb,Authentic Futures Market Feed (1-Year 60m Candles)
2026-02-18 07:00,2026-02-18,7,Copper,HG=F,5.707,5.725,5.697,5.714,1463,0.11,0.007,0.013,USD/lb,Authentic Futures Market Feed (1-Year 60m Candles)
2026-02-18 08:00,2026-02-18,8,Copper,HG=F,5.714,5.764,5.714,5.744,4457,0.53,0.03,0.023,USD/lb,Authentic Futures Market Feed (1-Year 60m Candles)
2026-02-18 09:00,2026-02-18,9,Copper,HG=F,5.745,5.772,5.734,5.767,3018,0.4,0.022,-0.008,USD/lb,Authentic Futures Market Feed (1-Year 60m Candles)
2026-02-18 10:00,2026-02-18,10,Copper,HG=F,5.768,5.795,5.768,5.791,4471,0.42,0.023,0.001,USD/lb,Authentic Futures Market Feed (1-Year 60m Candles)
2026-02-18 11:00,2026-02-18,11,Copper,HG=F,5.791,5.81,5.785,5.795,7022,0.06999999999999999,0.004,-0.019,USD/lb,Authentic Futures Market Feed (1-Year 60m Candles)
2026-02-18 12:00,2026-02-18,12,Copper,HG=F,5.794,5.812,5.791,5.8,6325,0.09,0.006,0.002,USD/lb,Authentic Futures Market Feed (1-Year 60m Candles)
2026-02-18 13:00,2026-02-18,13,Copper,HG=F,5.8,5.806,5.764,5.772,2449,-0.48,-0.028,-0.034,USD/lb,Authentic Futures Market Feed (1-Year 60m Candles)
2026-02-18 14:00,2026-02-18,14,Copper,HG=F,5.771,5.777,5.756,5.761,1326,-0.19,-0.01,0.018,USD/lb,Authentic Futures Market Feed (1-Year 60m Candles)
2026-02-18 15:00,2026-02-18,15,Copper,HG=F,5.761,5.78,5.759,5.777,642,0.27999999999999997,0.016,0.026,USD/lb,Authentic Futures Market Feed (1-Year 60m Candles)
2026-02-18 16:00,2026-02-18,16,Copper,HG=F,5.777,5.783,5.773,5.778,288,0.02,0.001,-0.015,USD/lb,Authentic Futures Market Feed (1-Year 60m Candles)
2026-02-18 18:00,2026-02-18,18,Copper,HG=F,5.78,5.786,5.775,5.777,0,-0.02,-0.003,-0.004,USD/lb,Authentic Futures Market Feed (1-Year 60m Candles)
2026-02-18 19:00,2026-02-18,19,Copper,HG=F,5.778,5.78,5.772,5.772,241,-0.09,-0.006,-0.003,USD/lb,Authentic Futures Market Feed (1-Year 60m Candles)
2026-02-18 20:00,2026-02-18,20,Copper,HG=F,5.771,5.786,5.77,5.785,343,0.22999999999999998,0.014,0.02,USD/lb,Authentic Futures Market Feed (1-Year 60m Candles)
2026-02-18 21:00,2026-02-18,21,Copper,HG=F,5.785,5.789,5.777,5.782,351,-0.05,-0.003,-0.017,USD/lb,Authentic Futures Market Feed (1-Year 60m Candles)
2026-02-18 22:00,2026-02-18,22,Copper,HG=F,5.782,5.795,5.778,5.788,357,0.1,0.006,0.009,USD/lb,Authentic Futures Market Feed (1-Year 60m Candles)
2026-02-18 23:00,2026-02-18,23,Copper,HG=F,5.787,5.792,5.773,5.774,291,-0.24,-0.013,-0.019,USD/lb,Authentic Futures Market Feed (1-Year 60m Candles)
2026-02-19 00:00,2026-02-19,0,Copper,HG=F,5.774,5.788,5.773,5.787,371,0.22999999999999998,0.013,0.026,USD/lb,Authentic Futures Market Feed (1-Year 60m Candles)
2026-02-19 01:00,2026-02-19,1,Copper,HG=F,5.786,5.805,5.779,5.802,825,0.26,0.016,0.003,USD/lb,Authentic Futures Market Feed (1-Year 60m Candles)
2026-02-19 02:00,2026-02-19,2,Copper,HG=F,5.801,5.813,5.798,5.801,1028,-0.02,0.0,-0.016,USD/lb,Authentic Futures Market Feed (1-Year 60m Candles)
2026-02-19 03:00,2026-02-19,3,Copper,HG=F,5.801,5.801,5.775,5.787,1022,-0.24,-0.014,-0.014,USD/lb,Authentic Futures Market Feed (1-Year 60m Candles)
2026-02-19 04:00,2026-02-19,4,Copper,HG=F,5.788,5.8,5.76,5.762,1214,-0.43,-0.026,-0.012,USD/lb,Authentic Futures Market Feed (1-Year 60m Candles)
2026-02-19 05:00,2026-02-19,5,Copper,HG=F,5.762,5.765,5.738,5.742,1798,-0.35000000000000003,-0.02,0.006,USD/lb,Authentic Futures Market Feed (1-Year 60m Candles)
2026-02-19 06:00,2026-02-19,6,Copper,HG=F,5.741,5.751,5.714,5.715,1112,-0.47000000000000003,-0.026,-0.006,USD/lb,Authentic Futures Market Feed (1-Year 60m Candles)
2026-02-19 07:00,2026-02-19,7,Copper,HG=F,5.714,5.724,5.7,5.705,2265,-0.16999999999999998,-0.009,0.017,USD/lb,Authentic Futures Market Feed (1-Year 60m Candles)
2026-02-19 08:00,2026-02-19,8,Copper,HG=F,5.705,5.726,5.68,5.716,4898,0.19,0.011,0.02,USD/lb,Authentic Futures Market Feed (1-Year 60m Candles)
2026-02-19 09:00,2026-02-19,9,Copper,HG=F,5.715,5.719,5.686,5.71,3724,-0.1,-0.005,-0.016,USD/lb,Authentic Futures Market Feed (1-Year 60m Candles)
2026-02-19 10:00,2026-02-19,10,Copper,HG=F,5.712,5.767,5.708,5.76,6406,0.88,0.048,0.053,USD/lb,Authentic Futures Market Feed (1-Year 60m Candles)
2026-02-19 11:00,2026-02-19,11,Copper,HG=F,5.76,5.775,5.736,5.74,2010,-0.35000000000000003,-0.02,-0.068,USD/lb,Authentic Futures Market Feed (1-Year 60m Candles)
2026-02-19 12:00,2026-02-19,12,Copper,HG=F,5.74,5.755,5.731,5.741,4277,0.02,0.001,0.021,USD/lb,Authentic Futures Market Feed (1-Year 60m Candles)
2026-02-19 13:00,2026-02-19,13,Copper,HG=F,5.741,5.761,5.741,5.76,1348,0.33,0.019,0.018,USD/lb,Authentic Futures Market Feed (1-Year 60m Candles)
2026-02-19 14:00,2026-02-19,14,Copper,HG=F,5.76,5.766,5.746,5.751,881,-0.16,-0.009,-0.028,USD/lb,Authentic Futures Market Feed (1-Year 60m Candles)
2026-02-19 15:00,2026-02-19,15,Copper,HG=F,5.752,5.768,5.751,5.766,482,0.26,0.014,0.023,USD/lb,Authentic Futures Market Feed (1-Year 60m Candles)
2026-02-19 16:00,2026-02-19,16,Copper,HG=F,5.766,5.768,5.76,5.762,544,-0.06999999999999999,-0.004,-0.018,USD/lb,Authentic Futures Market Feed (1-Year 60m Candles)
2026-02-19 18:00,2026-02-19,18,Copper,HG=F,5.763,5.772,5.762,5.764,0,0.03,0.001,0.005,USD/lb,Authentic Futures Market Feed (1-Year 60m Candles)
2026-02-19 19:00,2026-02-19,19,Copper,HG=F,5.762,5.773,5.754,5.77,384,0.1,0.008,0.007,USD/lb,Authentic Futures Market Feed (1-Year 60m Candles)
2026-02-19 20:00,2026-02-19,20,Copper,HG=F,5.769,5.769,5.745,5.751,686,-0.33,-0.018,-0.026,USD/lb,Authentic Futures Market Feed (1-Year 60m Candles)
2026-02-19 21:00,2026-02-19,21,Copper,HG=F,5.751,5.771,5.741,5.746,448,-0.09,-0.005,0.013,USD/lb,Authentic Futures Market Feed (1-Year 60m Candles)
2026-02-19 22:00,2026-02-19,22,Copper,HG=F,5.748,5.753,5.731,5.734,539,-0.21,-0.014,-0.009,USD/lb,Authentic Futures Market Feed (1-Year 60m Candles)
2026-02-19 23:00,2026-02-19,23,Copper,HG=F,5.734,5.748,5.731,5.746,190,0.21,0.012,0.026,USD/lb,Authentic Futures Market Feed (1-Year 60m Candles)
2026-02-20 00:00,2026-02-20,0,Copper,HG=F,5.75,5.772,5.75,5.771,339,0.44,0.021,0.009,USD/lb,Authentic Futures Market Feed (1-Year 60m Candles)
2026-02-20 01:00,2026-02-20,1,Copper,HG=F,5.769,5.774,5.761,5.768,570,-0.05,-0.001,-0.022,USD/lb,Authentic Futures Market Feed (1-Year 60m Candles)
2026-02-20 02:00,2026-02-20,2,Copper,HG=F,5.768,5.781,5.753,5.754,1063,-0.24,-0.014,-0.013,USD/lb,Authentic Futures Market Feed (1-Year 60m Candles)
2026-02-20 03:00,2026-02-20,3,Copper,HG=F,5.754,5.797,5.753,5.792,1855,0.66,0.038,0.052,USD/lb,Authentic Futures Market Feed (1-Year 60m Candles)
2026-02-20 04:00,2026-02-20,4,Copper,HG=F,5.792,5.796,5.763,5.764,1986,-0.48,-0.028,-0.066,USD/lb,Authentic Futures Market Feed (1-Year 60m Candles)
2026-02-20 05:00,2026-02-20,5,Copper,HG=F,5.764,5.773,5.757,5.762,651,-0.03,-0.002,0.026,USD/lb,Authentic Futures Market Feed (1-Year 60m Candles)
2026-02-20 06:00,2026-02-20,6,Copper,HG=F,5.759,5.769,5.753,5.759,967,-0.05,0.0,0.002,USD/lb,Authentic Futures Market Feed (1-Year 60m Candles)
2026-02-20 07:00,2026-02-20,7,Copper,HG=F,5.758,5.769,5.742,5.766,2406,0.12,0.008,0.008,USD/lb,Authentic Futures Market Feed (1-Year 60m Candles)
2026-02-20 08:00,2026-02-20,8,Copper,HG=F,5.766,5.768,5.74,5.755,3550,-0.19,-0.011,-0.019,USD/lb,Authentic Futures Market Feed (1-Year 60m Candles)
2026-02-20 09:00,2026-02-20,9,Copper,HG=F,5.754,5.778,5.733,5.777,6646,0.38,0.023,0.034,USD/lb,Authentic Futures Market Feed (1-Year 60m Candles)
2026-02-20 10:00,2026-02-20,10,Copper,HG=F,5.775,5.827,5.747,5.806,10461,0.5,0.031,0.008,USD/lb,Authentic Futures Market Feed (1-Year 60m Candles)
2026-02-20 11:00,2026-02-20,11,Copper,HG=F,5.806,5.841,5.799,5.83,5863,0.41000000000000003,0.024,-0.007,USD/lb,Authentic Futures Market Feed (1-Year 60m Candles)
2026-02-20 12:00,2026-02-20,12,Copper,HG=F,5.831,5.846,5.8,5.838,6160,0.13999999999999999,0.007,-0.017,USD/lb,Authentic Futures Market Feed (1-Year 60m Candles)
2026-02-20 13:00,2026-02-20,13,Copper,HG=F,5.837,5.872,5.827,5.86,5883,0.38,0.023,0.016,USD/lb,Authentic Futures Market Feed (1-Year 60m Candles)
2026-02-20 14:00,2026-02-20,14,Copper,HG=F,5.861,5.867,5.854,5.863,760,0.05,0.002,-0.021,USD/lb,Authentic Futures Market Feed (1-Year 60m Candles)
2026-02-20 15:00,2026-02-20,15,Copper,HG=F,5.863,5.877,5.863,5.874,2101,0.19,0.011,0.009,USD/lb,Authentic Futures Market Feed (1-Year 60m Candles)
2026-02-20 16:00,2026-02-20,16,Copper,HG=F,5.874,5.876,5.839,5.839,452,-0.6,-0.035,-0.046,USD/lb,Authentic Futures Market Feed (1-Year 60m Candles)
2026-02-22 18:00,2026-02-22,18,Copper,HG=F,5.886,5.904,5.88,5.903,688,1.0999999999999999,0.017,0.052,USD/lb,Authentic Futures Market Feed (1-Year 60m Candles)
2026-02-22 19:00,2026-02-22,19,Copper,HG=F,5.902,5.902,5.872,5.874,548,-0.49,-0.028,-0.045,USD/lb,Authentic Futures Market Feed (1-Year 60m Candles)
2026-02-22 20:00,2026-02-22,20,Copper,HG=F,5.873,5.883,5.851,5.855,1498,-0.32,-0.018,0.01,USD/lb,Authentic Futures Market Feed (1-Year 60m Candles)
2026-02-22 21:00,2026-02-22,21,Copper,HG=F,5.857,5.858,5.823,5.835,1214,-0.33999999999999997,-0.022,-0.004,USD/lb,Authentic Futures Market Feed (1-Year 60m Candles)
2026-02-22 22:00,2026-02-22,22,Copper,HG=F,5.837,5.841,5.818,5.832,585,-0.05,-0.005,0.017,USD/lb,Authentic Futures Market Feed (1-Year 60m Candles)
2026-02-22 23:00,2026-02-22,23,Copper,HG=F,5.832,5.832,5.823,5.826,414,-0.1,-0.006,-0.001,USD/lb,Authentic Futures Market Feed (1-Year 60m Candles)
2026-02-23 00:00,2026-02-23,0,Copper,HG=F,5.826,5.827,5.813,5.823,392,-0.05,-0.003,0.003,USD/lb,Authentic Futures Market Feed (1-Year 60m Candles)
2026-02-23 01:00,2026-02-23,1,Copper,HG=F,5.824,5.831,5.81,5.811,761,-0.21,-0.013,-0.01,USD/lb,Authentic Futures Market Feed (1-Year 60m Candles)
2026-02-23 02:00,2026-02-23,2,Copper,HG=F,5.811,5.83,5.81,5.83,928,0.33,0.019,0.032,USD/lb,Authentic Futures Market Feed (1-Year 60m Candles)
2026-02-23 03:00,2026-02-23,3,Copper,HG=F,5.83,5.83,5.809,5.818,1681,-0.21,-0.012,-0.031,USD/lb,Authentic Futures Market Feed (1-Year 60m Candles)
2026-02-23 04:00,2026-02-23,4,Copper,HG=F,5.817,5.839,5.811,5.833,869,0.26,0.016,0.028,USD/lb,Authentic Futures Market Feed (1-Year 60m Candles)
2026-02-23 05:00,2026-02-23,5,Copper,HG=F,5.834,5.845,5.826,5.838,1415,0.09,0.004,-0.012,USD/lb,Authentic Futures Market Feed (1-Year 60m Candles)
2026-02-23 06:00,2026-02-23,6,Copper,HG=F,5.839,5.839,5.824,5.825,1139,-0.22,-0.014,-0.018,USD/lb,Authentic Futures Market Feed (1-Year 60m Candles)
2026-02-23 07:00,2026-02-23,7,Copper,HG=F,5.825,5.826,5.804,5.808,1634,-0.29,-0.017,-0.003,USD/lb,Authentic Futures Market Feed (1-Year 60m Candles)
2026-02-23 08:00,2026-02-23,8,Copper,HG=F,5.807,5.818,5.781,5.784,5060,-0.41000000000000003,-0.023,-0.006,USD/lb,Authentic Futures Market Feed (1-Year 60m Candles)
2026-02-23 09:00,2026-02-23,9,Copper,HG=F,5.786,5.823,5.782,5.815,1962,0.54,0.029,0.052,USD/lb,Authentic Futures Market Feed (1-Year 60m Candles)
2026-02-23 10:00,2026-02-23,10,Copper,HG=F,5.815,5.819,5.78,5.782,3830,-0.5700000000000001,-0.033,-0.062,USD/lb,Authentic Futures Market Feed (1-Year 60m Candles)
2026-02-23 11:00,2026-02-23,11,Copper,HG=F,5.782,5.791,5.757,5.774,3131,-0.13999999999999999,-0.008,0.025,USD/lb,Authentic Futures Market Feed (1-Year 60m Candles)
2026-02-23 12:00,2026-02-23,12,Copper,HG=F,5.774,5.786,5.751,5.78,5080,0.1,0.006,0.014,USD/lb,Authentic Futures Market Feed (1-Year 60m Candles)
2026-02-23 13:00,2026-02-23,13,Copper,HG=F,5.78,5.797,5.778,5.792,1146,0.21,0.012,0.006,USD/lb,Authentic Futures Market Feed (1-Year 60m Candles)
2026-02-23 14:00,2026-02-23,14,Copper,HG=F,5.791,5.794,5.786,5.789,516,-0.05,-0.002,-0.014,USD/lb,Authentic Futures Market Feed (1-Year 60m Candles)
2026-02-23 15:00,2026-02-23,15,Copper,HG=F,5.788,5.799,5.785,5.799,508,0.16999999999999998,0.011,0.013,USD/lb,Authentic Futures Market Feed (1-Year 60m Candles)
2026-02-23 16:00,2026-02-23,16,Copper,HG=F,5.799,5.806,5.795,5.798,519,-0.02,-0.001,-0.012,USD/lb,Authentic Futures Market Feed (1-Year 60m Candles)
2026-02-23 18:00,2026-02-23,18,Copper,HG=F,5.799,5.808,5.793,5.805,0,0.12,0.006,0.007,USD/lb,Authentic Futures Market Feed (1-Year 60m Candles)
2026-02-23 19:00,2026-02-23,19,Copper,HG=F,5.802,5.811,5.786,5.808,518,0.05,0.006,0.0,USD/lb,Authentic Futures Market Feed (1-Year 60m Candles)
2026-02-23 20:00,2026-02-23,20,Copper,HG=F,5.808,5.876,5.803,5.856,3621,0.83,0.048,0.042,USD/lb,Authentic Futures Market Feed (1-Year 60m Candles)
2026-02-23 21:00,2026-02-23,21,Copper,HG=F,5.856,5.904,5.854,5.902,1390,0.79,0.046,-0.002,USD/lb,Authentic Futures Market Feed (1-Year 60m Candles)
2026-02-23 22:00,2026-02-23,22,Copper,HG=F,5.903,5.903,5.876,5.879,848,-0.38999999999999996,-0.024,-0.07,USD/lb,Authentic Futures Market Feed (1-Year 60m Candles)
2026-02-23 23:00,2026-02-23,23,Copper,HG=F,5.878,5.881,5.874,5.878,187,-0.02,0.0,0.024,USD/lb,Authentic Futures Market Feed (1-Year 60m Candles)
2026-02-24 00:00,2026-02-24,0,Copper,HG=F,5.877,5.894,5.87,5.891,1430,0.22,0.014,0.014,USD/lb,Authentic Futures Market Feed (1-Year 60m Candles)
2026-02-24 01:00,2026-02-24,1,Copper,HG=F,5.894,5.903,5.869,5.869,1800,-0.37,-0.025,-0.039,USD/lb,Authentic Futures Market Feed (1-Year 60m Candles)
2026-02-24 02:00,2026-02-24,2,Copper,HG=F,5.868,5.872,5.847,5.851,720,-0.31,-0.017,0.008,USD/lb,Authentic Futures Market Feed (1-Year 60m Candles)
2026-02-24 03:00,2026-02-24,3,Copper,HG=F,5.851,5.924,5.84,5.915,6839,1.09,0.064,0.081,USD/lb,Authentic Futures Market Feed (1-Year 60m Candles)
2026-02-24 04:00,2026-02-24,4,Copper,HG=F,5.913,5.93,5.912,5.921,1319,0.1,0.008,-0.056,USD/lb,Authentic Futures Market Feed (1-Year 60m Candles)
2026-02-24 05:00,2026-02-24,5,Copper,HG=F,5.922,5.929,5.917,5.922,705,0.02,0.0,-0.008,USD/lb,Authentic Futures Market Feed (1-Year 60m Candles)
2026-02-24 06:00,2026-02-24,6,Copper,HG=F,5.923,5.939,5.918,5.925,3175,0.05,0.002,0.002,USD/lb,Authentic Futures Market Feed (1-Year 60m Candles)
2026-02-24 07:00,2026-02-24,7,Copper,HG=F,5.925,5.948,5.918,5.947,2527,0.37,0.022,0.02,USD/lb,Authentic Futures Market Feed (1-Year 60m Candles)
2026-02-24 08:00,2026-02-24,8,Copper,HG=F,5.948,5.984,5.92,5.923,5313,-0.4,-0.025,-0.047,USD/lb,Authentic Futures Market Feed (1-Year 60m Candles)
2026-02-24 09:00,2026-02-24,9,Copper,HG=F,5.922,5.967,5.914,5.949,4727,0.44,0.027,0.052,USD/lb,Authentic Futures Market Feed (1-Year 60m Candles)
2026-02-24 10:00,2026-02-24,10,Copper,HG=F,5.949,5.973,5.942,5.971,4762,0.37,0.022,-0.005,USD/lb,Authentic Futures Market Feed (1-Year 60m Candles)
2026-02-24 11:00,2026-02-24,11,Copper,HG=F,5.972,5.983,5.958,5.976,3697,0.08,0.004,-0.018,USD/lb,Authentic Futures Market Feed (1-Year 60m Candles)
2026-02-24 12:00,2026-02-24,12,Copper,HG=F,5.975,5.997,5.975,5.99,7483,0.22999999999999998,0.015,0.011,USD/lb,Authentic Futures Market Feed (1-Year 60m Candles)
2026-02-24 13:00,2026-02-24,13,Copper,HG=F,5.99,5.991,5.973,5.973,3378,-0.27999999999999997,-0.017,-0.032,USD/lb,Authentic Futures Market Feed (1-Year 60m Candles)
2026-02-24 14:00,2026-02-24,14,Copper,HG=F,5.973,5.973,5.947,5.957,958,-0.27,-0.016,0.001,USD/lb,Authentic Futures Market Feed (1-Year 60m Candles)
2026-02-24 15:00,2026-02-24,15,Copper,HG=F,5.957,5.977,5.952,5.964,1375,0.12,0.007,0.023,USD/lb,Authentic Futures Market Feed (1-Year 60m Candles)
2026-02-24 16:00,2026-02-24,16,Copper,HG=F,5.964,5.966,5.958,5.96,628,-0.06999999999999999,-0.004,-0.011,USD/lb,Authentic Futures Market Feed (1-Year 60m Candles)
2026-02-24 18:00,2026-02-24,18,Copper,HG=F,5.956,5.968,5.956,5.964,0,0.06999999999999999,0.008,0.012,USD/lb,Authentic Futures Market Feed (1-Year 60m Candles)
2026-02-24 19:00,2026-02-24,19,Copper,HG=F,5.962,5.969,5.955,5.967,383,0.05,0.005,-0.003,USD/lb,Authentic Futures Market Feed (1-Year 60m Candles)
2026-02-24 20:00,2026-02-24,20,Copper,HG=F,5.968,6.003,5.966,5.982,1514,0.25,0.014,0.009,USD/lb,Authentic Futures Market Feed (1-Year 60m Candles)
2026-02-24 21:00,2026-02-24,21,Copper,HG=F,5.982,6.023,5.981,6.017,1694,0.59,0.035,0.021,USD/lb,Authentic Futures Market Feed (1-Year 60m Candles)
2026-02-24 22:00,2026-02-24,22,Copper,HG=F,6.017,6.024,6.002,6.013,1271,-0.06999999999999999,-0.004,-0.039,USD/lb,Authentic Futures Market Feed (1-Year 60m Candles)
2026-02-24 23:00,2026-02-24,23,Copper,HG=F,6.012,6.013,5.996,5.997,476,-0.27,-0.015,-0.011,USD/lb,Authentic Futures Market Feed (1-Year 60m Candles)
2026-02-25 00:00,2026-02-25,0,Copper,HG=F,5.997,6.036,5.996,6.021,1251,0.4,0.024,0.039,USD/lb,Authentic Futures Market Feed (1-Year 60m Candles)
2026-02-25 01:00,2026-02-25,1,Copper,HG=F,6.02,6.032,6.004,6.027,799,0.1,0.007,-0.017,USD/lb,Authentic Futures Market Feed (1-Year 60m Candles)
2026-02-25 02:00,2026-02-25,2,Copper,HG=F,6.026,6.03,6.003,6.007,1034,-0.33,-0.019,-0.026,USD/lb,Authentic Futures Market Feed (1-Year 60m Candles)
2026-02-25 03:00,2026-02-25,3,Copper,HG=F,6.006,6.031,6.005,6.027,3698,0.33,0.021,0.04,USD/lb,Authentic Futures Market Feed (1-Year 60m Candles)
2026-02-25 04:00,2026-02-25,4,Copper,HG=F,6.025,6.044,6.012,6.028,3901,0.02,0.003,-0.018,USD/lb,Authentic Futures Market Feed (1-Year 60m Candles)
2026-02-25 05:00,2026-02-25,5,Copper,HG=F,6.03,6.03,6.007,6.009,742,-0.32,-0.021,-0.024,USD/lb,Authentic Futures Market Feed (1-Year 60m Candles)
2026-02-25 06:00,2026-02-25,6,Copper,HG=F,6.009,6.024,5.991,6.023,1368,0.22999999999999998,0.014,0.035,USD/lb,Authentic Futures Market Feed (1-Year 60m Candles)
2026-02-25 07:00,2026-02-25,7,Copper,HG=F,6.023,6.035,6.011,6.033,2161,0.16999999999999998,0.01,-0.004,USD/lb,Authentic Futures Market Feed (1-Year 60m Candles)
2026-02-25 08:00,2026-02-25,8,Copper,HG=F,6.032,6.05,6.009,6.014,5376,-0.31,-0.018,-0.028,USD/lb,Authentic Futures Market Feed (1-Year 60m Candles)
2026-02-25 09:00,2026-02-25,9,Copper,HG=F,6.012,6.024,5.997,6.022,4574,0.13,0.01,0.028,USD/lb,Authentic Futures Market Feed (1-Year 60m Candles)
2026-02-25 10:00,2026-02-25,10,Copper,HG=F,6.022,6.031,6.01,6.025,8615,0.05,0.003,-0.007,USD/lb,Authentic Futures Market Feed (1-Year 60m Candles)
2026-02-25 11:00,2026-02-25,11,Copper,HG=F,6.024,6.044,6.023,6.042,4545,0.27999999999999997,0.018,0.015,USD/lb,Authentic Futures Market Feed (1-Year 60m Candles)
2026-02-25 12:00,2026-02-25,12,Copper,HG=F,6.042,6.051,6.03,6.043,4851,0.02,0.001,-0.017,USD/lb,Authentic Futures Market Feed (1-Year 60m Candles)
2026-02-25 13:00,2026-02-25,13,Copper,HG=F,6.043,6.043,6.043,6.043,200,0.0,0.0,-0.001,USD/lb,Authentic Futures Market Feed (1-Year 60m Candles)
2026-02-25 14:00,2026-02-25,14,Copper,HG=F,6.044,6.054,6.041,6.052,1198,0.15,0.008,0.008,USD/lb,Authentic Futures Market Feed (1-Year 60m Candles)
2026-02-25 15:00,2026-02-25,15,Copper,HG=F,6.052,6.068,6.029,6.033,2087,-0.31,-0.019,-0.027,USD/lb,Authentic Futures Market Feed (1-Year 60m Candles)
2026-02-25 16:00,2026-02-25,16,Copper,HG=F,6.032,6.049,6.031,6.043,0,0.16999999999999998,0.011,0.03,USD/lb,Authentic Futures Market Feed (1-Year 60m Candles)
2026-02-25 18:00,2026-02-25,18,Copper,HG=F,6.048,6.053,6.037,6.041,567,-0.03,-0.007,-0.018,USD/lb,Authentic Futures Market Feed (1-Year 60m Candles)
2026-02-25 19:00,2026-02-25,19,Copper,HG=F,6.041,6.055,6.036,6.048,557,0.12,0.007,0.014,USD/lb,Authentic Futures Market Feed (1-Year 60m Candles)
2026-02-25 20:00,2026-02-25,20,Copper,HG=F,6.048,6.048,6.023,6.035,1339,-0.21,-0.013,-0.02,USD/lb,Authentic Futures Market Feed (1-Year 60m Candles)
2026-02-25 21:00,2026-02-25,21,Copper,HG=F,6.032,6.04,5.983,6.01,1885,-0.41000000000000003,-0.022,-0.009,USD/lb,Authentic Futures Market Feed (1-Year 60m Candles)
2026-02-25 22:00,2026-02-25,22,Copper,HG=F,6.011,6.027,6.009,6.021,543,0.18,0.01,0.032,USD/lb,Authentic Futures Market Feed (1-Year 60m Candles)
2026-02-25 23:00,2026-02-25,23,Copper,HG=F,6.019,6.036,6.019,6.034,479,0.22,0.015,0.005,USD/lb,Authentic Futures Market Feed (1-Year 60m Candles)
2026-02-26 00:00,2026-02-26,0,Copper,HG=F,6.033,6.043,6.023,6.032,544,-0.03,-0.001,-0.016,USD/lb,Authentic Futures Market Feed (1-Year 60m Candles)
2026-02-26 01:00,2026-02-26,1,Copper,HG=F,6.034,6.052,6.024,6.047,712,0.25,0.013,0.014,USD/lb,Authentic Futures Market Feed (1-Year 60m Candles)
2026-02-26 02:00,2026-02-26,2,Copper,HG=F,6.047,6.049,6.02,6.03,859,-0.27999999999999997,-0.017,-0.03,USD/lb,Authentic Futures Market Feed (1-Year 60m Candles)
2026-02-26 03:00,2026-02-26,3,Copper,HG=F,6.028,6.029,5.997,6.016,1791,-0.22999999999999998,-0.012,0.005,USD/lb,Authentic Futures Market Feed (1-Year 60m Candles)
2026-02-26 04:00,2026-02-26,4,Copper,HG=F,6.016,6.037,6.015,6.032,1106,0.27,0.016,0.028,USD/lb,Authentic Futures Market Feed (1-Year 60m Candles)
2026-02-26 05:00,2026-02-26,5,Copper,HG=F,6.032,6.047,6.022,6.023,1118,-0.15,-0.009,-0.025,USD/lb,Authentic Futures Market Feed (1-Year 60m Candles)
2026-02-26 06:00,2026-02-26,6,Copper,HG=F,6.025,6.044,6.019,6.02,853,-0.05,-0.005,0.004,USD/lb,Authentic Futures Market Feed (1-Year 60m Candles)
2026-02-26 07:00,2026-02-26,7,Copper,HG=F,6.022,6.044,6.01,6.041,1149,0.35000000000000003,0.019,0.024,USD/lb,Authentic Futures Market Feed (1-Year 60m Candles)
2026-02-26 08:00,2026-02-26,8,Copper,HG=F,6.04,6.045,6.008,6.03,2931,-0.18,-0.01,-0.029,USD/lb,Authentic Futures Market Feed (1-Year 60m Candles)
2026-02-26 09:00,2026-02-26,9,Copper,HG=F,6.029,6.034,6.009,6.023,4916,-0.12,-0.006,0.004,USD/lb,Authentic Futures Market Feed (1-Year 60m Candles)
2026-02-26 10:00,2026-02-26,10,Copper,HG=F,6.023,6.036,5.964,6.036,5787,0.22,0.013,0.019,USD/lb,Authentic Futures Market Feed (1-Year 60m Candles)
2026-02-26 11:00,2026-02-26,11,Copper,HG=F,6.037,6.061,6.03,6.036,3663,0.0,-0.001,-0.014,USD/lb,Authentic Futures Market Feed (1-Year 60m Candles)
2026-02-26 12:00,2026-02-26,12,Copper,HG=F,6.037,6.05,6.002,6.006,5977,-0.5,-0.031,-0.03,USD/lb,Authentic Futures Market Feed (1-Year 60m Candles)
2026-02-26 13:00,2026-02-26,13,Copper,HG=F,6.005,6.018,5.996,6.016,1829,0.16999999999999998,0.011,0.042,USD/lb,Authentic Futures Market Feed (1-Year 60m Candles)
2026-02-26 14:00,2026-02-26,14,Copper,HG=F,6.017,6.032,6.015,6.026,1096,0.16999999999999998,0.009,-0.002,USD/lb,Authentic Futures Market Feed (1-Year 60m Candles)
2026-02-26 15:00,2026-02-26,15,Copper,HG=F,6.026,6.037,6.024,6.033,623,0.12,0.007,-0.002,USD/lb,Authentic Futures Market Feed (1-Year 60m Candles)
2026-02-26 16:00,2026-02-26,16,Copper,HG=F,6.033,6.036,6.022,6.025,485,-0.13,-0.008,-0.015,USD/lb,Authentic Futures Market Feed (1-Year 60m Candles)
2026-02-26 18:00,2026-02-26,18,Copper,HG=F,6.029,6.029,6.015,6.017,0,-0.13,-0.012,-0.004,USD/lb,Authentic Futures Market Feed (1-Year 60m Candles)
2026-02-26 19:00,2026-02-26,19,Copper,HG=F,6.017,6.027,6.006,6.014,281,-0.05,-0.003,0.009,USD/lb,Authentic Futures Market Feed (1-Year 60m Candles)
2026-02-26 20:00,2026-02-26,20,Copper,HG=F,6.013,6.031,5.997,6.031,766,0.27999999999999997,0.018,0.021,USD/lb,Authentic Futures Market Feed (1-Year 60m Candles)
2026-02-26 21:00,2026-02-26,21,Copper,HG=F,6.032,6.055,6.031,6.052,1298,0.35000000000000003,0.02,0.002,USD/lb,Authentic Futures Market Feed (1-Year 60m Candles)
2026-02-26 22:00,2026-02-26,22,Copper,HG=F,6.051,6.057,6.032,6.043,971,-0.15,-0.008,-0.028,USD/lb,Authentic Futures Market Feed (1-Year 60m Candles)
2026-02-26 23:00,2026-02-26,23,Copper,HG=F,6.043,6.049,6.038,6.043,706,0.0,0.0,0.008,USD/lb,Authentic Futures Market Feed (1-Year 60m Candles)
2026-02-27 00:00,2026-02-27,0,Copper,HG=F,6.045,6.069,6.042,6.058,1387,0.25,0.013,0.013,USD/lb,Authentic Futures Market Feed (1-Year 60m Candles)
2026-02-27 01:00,2026-02-27,1,Copper,HG=F,6.057,6.12,6.052,6.108,3166,0.83,0.051,0.038,USD/lb,Authentic Futures Market Feed (1-Year 60m Candles)
2026-02-27 02:00,2026-02-27,2,Copper,HG=F,6.109,6.133,6.106,6.113,1751,0.08,0.004,-0.047,USD/lb,Authentic Futures Market Feed (1-Year 60m Candles)
2026-02-27 03:00,2026-02-27,3,Copper,HG=F,6.113,6.128,6.1,6.107,1536,-0.1,-0.006,-0.01,USD/lb,Authentic Futures Market Feed (1-Year 60m Candles)
2026-02-27 04:00,2026-02-27,4,Copper,HG=F,6.107,6.129,6.103,6.115,1685,0.13,0.008,0.014,USD/lb,Authentic Futures Market Feed (1-Year 60m Candles)
2026-02-27 05:00,2026-02-27,5,Copper,HG=F,6.115,6.127,6.1,6.123,2375,0.13,0.008,0.0,USD/lb,Authentic Futures Market Feed (1-Year 60m Candles)
2026-02-27 06:00,2026-02-27,6,Copper,HG=F,6.124,6.134,6.115,6.127,1094,0.06999999999999999,0.003,-0.005,USD/lb,Authentic Futures Market Feed (1-Year 60m Candles)
2026-02-27 07:00,2026-02-27,7,Copper,HG=F,6.123,6.138,6.112,6.126,1770,-0.02,0.003,0.0,USD/lb,Authentic Futures Market Feed (1-Year 60m Candles)
2026-02-27 08:00,2026-02-27,8,Copper,HG=F,6.127,6.141,6.076,6.089,4737,-0.6,-0.038,-0.041,USD/lb,Authentic Futures Market Feed (1-Year 60m Candles)
2026-02-27 09:00,2026-02-27,9,Copper,HG=F,6.09,6.099,6.069,6.082,3426,-0.11,-0.008,0.03,USD/lb,Authentic Futures Market Feed (1-Year 60m Candles)
2026-02-27 10:00,2026-02-27,10,Copper,HG=F,6.082,6.097,6.073,6.081,3298,-0.02,-0.001,0.007,USD/lb,Authentic Futures Market Feed (1-Year 60m Candles)
2026-02-27 11:00,2026-02-27,11,Copper,HG=F,6.081,6.083,6.048,6.058,3544,-0.38,-0.023,-0.022,USD/lb,Authentic Futures Market Feed (1-Year 60m Candles)
2026-02-27 12:00,2026-02-27,12,Copper,HG=F,6.059,6.073,6.051,6.058,4497,0.0,-0.001,0.022,USD/lb,Authentic Futures Market Feed (1-Year 60m Candles)
2026-02-27 13:00,2026-02-27,13,Copper,HG=F,6.057,6.06,6.031,6.036,2735,-0.36,-0.021,-0.02,USD/lb,Authentic Futures Market Feed (1-Year 60m Candles)
2026-02-27 14:00,2026-02-27,14,Copper,HG=F,6.038,6.046,6.031,6.034,814,-0.03,-0.004,0.017,USD/lb,Authentic Futures Market Feed (1-Year 60m Candles)
2026-02-27 15:00,2026-02-27,15,Copper,HG=F,6.034,6.055,6.034,6.052,1092,0.3,0.018,0.022,USD/lb,Authentic Futures Market Feed (1-Year 60m Candles)
2026-02-27 16:00,2026-02-27,16,Copper,HG=F,6.051,6.066,6.051,6.061,942,0.15,0.01,-0.008,USD/lb,Authentic Futures Market Feed (1-Year 60m Candles)
2026-03-01 18:00,2026-03-01,18,Copper,HG=F,6.066,6.068,6.041,6.055,937,-0.1,-0.011,-0.021,USD/lb,Authentic Futures Market Feed (1-Year 60m Candles)
2026-03-01 19:00,2026-03-01,19,Copper,HG=F,6.056,6.068,6.046,6.062,599,0.12,0.006,0.017,USD/lb,Authentic Futures Market Feed (1-Year 60m Candles)
2026-03-01 20:00,2026-03-01,20,Copper,HG=F,6.062,6.09,6.013,6.03,3843,-0.53,-0.032,-0.038,USD/lb,Authentic Futures Market Feed (1-Year 60m Candles)
2026-03-01 21:00,2026-03-01,21,Copper,HG=F,6.032,6.049,5.995,6.047,1852,0.27999999999999997,0.015,0.047,USD/lb,Authentic Futures Market Feed (1-Year 60m Candles)
2026-03-01 22:00,2026-03-01,22,Copper,HG=F,6.047,6.062,6.04,6.053,457,0.1,0.006,-0.009,USD/lb,Authentic Futures Market Feed (1-Year 60m Candles)
2026-03-01 23:00,2026-03-01,23,Copper,HG=F,6.053,6.056,6.032,6.032,349,-0.35000000000000003,-0.021,-0.027,USD/lb,Authentic Futures Market Feed (1-Year 60m Candles)
2026-03-02 00:00,2026-03-02,0,Copper,HG=F,6.032,6.078,6.025,6.07,814,0.63,0.038,0.059,USD/lb,Authentic Futures Market Feed (1-Year 60m Candles)
2026-03-02 01:00,2026-03-02,1,Copper,HG=F,6.069,6.085,6.061,6.072,1052,0.03,0.003,-0.035,USD/lb,Authentic Futures Market Feed (1-Year 60m Candles)
2026-03-02 02:00,2026-03-02,2,Copper,HG=F,6.072,6.095,6.056,6.076,1420,0.06999999999999999,0.004,0.001,USD/lb,Authentic Futures Market Feed (1-Year 60m Candles)
2026-03-02 03:00,2026-03-02,3,Copper,HG=F,6.076,6.076,6.011,6.063,2834,-0.21,-0.013,-0.017,USD/lb,Authentic Futures Market Feed (1-Year 60m Candles)
2026-03-02 04:00,2026-03-02,4,Copper,HG=F,6.062,6.078,6.049,6.066,942,0.05,0.004,0.017,USD/lb,Authentic Futures Market Feed (1-Year 60m Candles)
2026-03-02 05:00,2026-03-02,5,Copper,HG=F,6.067,6.076,6.051,6.058,826,-0.13,-0.009,-0.013,USD/lb,Authentic Futures Market Feed (1-Year 60m Candles)
2026-03-02 06:00,2026-03-02,6,Copper,HG=F,6.061,6.068,6.042,6.046,756,-0.2,-0.015,-0.006,USD/lb,Authentic Futures Market Feed (1-Year 60m Candles)
2026-03-02 07:00,2026-03-02,7,Copper,HG=F,6.045,6.051,6.016,6.024,1989,-0.36,-0.021,-0.006,USD/lb,Authentic Futures Market Feed (1-Year 60m Candles)
2026-03-02 08:00,2026-03-02,8,Copper,HG=F,6.023,6.042,6.0,6.016,3232,-0.13,-0.007,0.014,USD/lb,Authentic Futures Market Feed (1-Year 60m Candles)
2026-03-02 09:00,2026-03-02,9,Copper,HG=F,6.015,6.016,5.944,5.96,7659,-0.9299999999999999,-0.055,-0.048,USD/lb,Authentic Futures Market Feed (1-Year 60m Candles)
2026-03-02 10:00,2026-03-02,10,Copper,HG=F,5.959,5.982,5.945,5.957,3975,-0.05,-0.002,0.053,USD/lb,Authentic Futures Market Feed (1-Year 60m Candles)
2026-03-02 11:00,2026-03-02,11,Copper,HG=F,5.953,5.964,5.935,5.943,2628,-0.24,-0.01,-0.008,USD/lb,Authentic Futures Market Feed (1-Year 60m Candles)
2026-03-02 12:00,2026-03-02,12,Copper,HG=F,5.942,5.951,5.927,5.948,4270,0.08,0.006,0.016,USD/lb,Authentic Futures Market Feed (1-Year 60m Candles)
2026-03-02 13:00,2026-03-02,13,Copper,HG=F,5.947,5.951,5.936,5.938,1423,-0.16999999999999998,-0.009,-0.015,USD/lb,Authentic Futures Market Feed (1-Year 60m Candles)
2026-03-02 14:00,2026-03-02,14,Copper,HG=F,5.938,5.972,5.938,5.971,937,0.5599999999999999,0.033,0.042,USD/lb,Authentic Futures Market Feed (1-Year 60m Candles)
2026-03-02 15:00,2026-03-02,15,Copper,HG=F,5.971,5.984,5.962,5.968,1724,-0.05,-0.003,-0.036,USD/lb,Authentic Futures Market Feed (1-Year 60m Candles)
2026-03-02 16:00,2026-03-02,16,Copper,HG=F,5.969,5.971,5.962,5.964,298,-0.06999999999999999,-0.005,-0.002,USD/lb,Authentic Futures Market Feed (1-Year 60m Candles)
2026-03-02 18:00,2026-03-02,18,Copper,HG=F,5.962,5.973,5.96,5.968,0,0.06999999999999999,0.006,0.011,USD/lb,Authentic Futures Market Feed (1-Year 60m Candles)
2026-03-02 19:00,2026-03-02,19,Copper,HG=F,5.967,5.97,5.962,5.966,354,-0.03,-0.001,-0.007,USD/lb,Authentic Futures Market Feed (1-Year 60m Candles)
2026-03-02 20:00,2026-03-02,20,Copper,HG=F,5.966,6.006,5.949,5.949,2442,-0.27999999999999997,-0.017,-0.016,USD/lb,Authentic Futures Market Feed (1-Year 60m Candles)
2026-03-02 21:00,2026-03-02,21,Copper,HG=F,5.949,5.992,5.942,5.99,1265,0.69,0.041,0.058,USD/lb,Authentic Futures Market Feed (1-Year 60m Candles)
2026-03-02 22:00,2026-03-02,22,Copper,HG=F,5.994,6.012,5.985,6.002,821,0.2,0.008,-0.033,USD/lb,Authentic Futures Market Feed (1-Year 60m Candles)
2026-03-02 23:00,2026-03-02,23,Copper,HG=F,6.001,6.002,5.978,5.979,318,-0.38,-0.022,-0.03,USD/lb,Authentic Futures Market Feed (1-Year 60m Candles)
2026-03-03 00:00,2026-03-03,0,Copper,HG=F,5.98,5.999,5.917,5.921,1855,-0.97,-0.059,-0.037,USD/lb,Authentic Futures Market Feed (1-Year 60m Candles)
2026-03-03 01:00,2026-03-03,1,Copper,HG=F,5.923,5.958,5.898,5.95,2335,0.49,0.027,0.086,USD/lb,Authentic Futures Market Feed (1-Year 60m Candles)
2026-03-03 02:00,2026-03-03,2,Copper,HG=F,5.948,5.956,5.923,5.935,1482,-0.25,-0.013,-0.04,USD/lb,Authentic Futures Market Feed (1-Year 60m Candles)
2026-03-03 03:00,2026-03-03,3,Copper,HG=F,5.935,5.935,5.787,5.801,6417,-2.26,-0.134,-0.121,USD/lb,Authentic Futures Market Feed (1-Year 60m Candles)
2026-03-03 04:00,2026-03-03,4,Copper,HG=F,5.802,5.818,5.77,5.791,3854,-0.16999999999999998,-0.011,0.123,USD/lb,Authentic Futures Market Feed (1-Year 60m Candles)
2026-03-03 05:00,2026-03-03,5,Copper,HG=F,5.793,5.827,5.789,5.811,2507,0.35000000000000003,0.018,0.029,USD/lb,Authentic Futures Market Feed (1-Year 60m Candles)
2026-03-03 06:00,2026-03-03,6,Copper,HG=F,5.808,5.812,5.747,5.793,4111,-0.31,-0.015,-0.033,USD/lb,Authentic Futures Market Feed (1-Year 60m Candles)
2026-03-03 07:00,2026-03-03,7,Copper,HG=F,5.792,5.841,5.781,5.835,2955,0.73,0.043,0.058,USD/lb,Authentic Futures Market Feed (1-Year 60m Candles)
2026-03-03 08:00,2026-03-03,8,Copper,HG=F,5.837,5.859,5.817,5.835,5388,0.0,-0.002,-0.045,USD/lb,Authentic Futures Market Feed (1-Year 60m Candles)
2026-03-03 09:00,2026-03-03,9,Copper,HG=F,5.836,5.851,5.777,5.781,6614,-0.9299999999999999,-0.055,-0.053,USD/lb,Authentic Futures Market Feed (1-Year 60m Candles)
2026-03-03 10:00,2026-03-03,10,Copper,HG=F,5.781,5.831,5.77,5.828,6330,0.8099999999999999,0.047,0.102,USD/lb,Authentic Futures Market Feed (1-Year 60m Candles)
2026-03-03 11:00,2026-03-03,11,Copper,HG=F,5.829,5.873,5.824,5.852,5370,0.41000000000000003,0.023,-0.024,USD/lb,Authentic Futures Market Feed (1-Year 60m Candles)
2026-03-03 12:00,2026-03-03,12,Copper,HG=F,5.852,5.852,5.82,5.823,4678,-0.5,-0.029,-0.052,USD/lb,Authentic Futures Market Feed (1-Year 60m Candles)
2026-03-03 13:00,2026-03-03,13,Copper,HG=F,5.823,5.871,5.821,5.859,1776,0.62,0.036,0.065,USD/lb,Authentic Futures Market Feed (1-Year 60m Candles)
2026-03-03 14:00,2026-03-03,14,Copper,HG=F,5.861,5.868,5.837,5.858,911,-0.02,-0.003,-0.039,USD/lb,Authentic Futures Market Feed (1-Year 60m Candles)
2026-03-03 15:00,2026-03-03,15,Copper,HG=F,5.859,5.872,5.831,5.84,1917,-0.31,-0.019,-0.016,USD/lb,Authentic Futures Market Feed (1-Year 60m Candles)
2026-03-03 16:00,2026-03-03,16,Copper,HG=F,5.841,5.845,5.83,5.832,0,-0.13999999999999999,-0.009,0.01,USD/lb,Authentic Futures Market Feed (1-Year 60m Candles)
2026-03-03 18:00,2026-03-03,18,Copper,HG=F,5.843,5.852,5.812,5.846,439,0.24,0.003,0.012,USD/lb,Authentic Futures Market Feed (1-Year 60m Candles)
2026-03-03 19:00,2026-03-03,19,Copper,HG=F,5.846,5.856,5.828,5.854,546,0.13999999999999999,0.008,0.005,USD/lb,Authentic Futures Market Feed (1-Year 60m Candles)
2026-03-03 20:00,2026-03-03,20,Copper,HG=F,5.853,5.869,5.843,5.866,1744,0.2,0.013,0.005,USD/lb,Authentic Futures Market Feed (1-Year 60m Candles)
2026-03-03 21:00,2026-03-03,21,Copper,HG=F,5.867,5.929,5.866,5.894,2711,0.48,0.027,0.014,USD/lb,Authentic Futures Market Feed (1-Year 60m Candles)
2026-03-03 22:00,2026-03-03,22,Copper,HG=F,5.894,5.928,5.881,5.924,1241,0.51,0.03,0.003,USD/lb,Authentic Futures Market Feed (1-Year 60m Candles)
2026-03-03 23:00,2026-03-03,23,Copper,HG=F,5.924,5.929,5.893,5.9,385,-0.41000000000000003,-0.024,-0.054,USD/lb,Authentic Futures Market Feed (1-Year 60m Candles)
2026-03-04 00:00,2026-03-04,0,Copper,HG=F,5.899,5.917,5.891,5.899,801,-0.02,0.0,0.024,USD/lb,Authentic Futures Market Feed (1-Year 60m Candles)
2026-03-04 01:00,2026-03-04,1,Copper,HG=F,5.898,5.909,5.884,5.89,1099,-0.15,-0.008,-0.008,USD/lb,Authentic Futures Market Feed (1-Year 60m Candles)
2026-03-04 02:00,2026-03-04,2,Copper,HG=F,5.89,5.935,5.889,5.918,1439,0.48,0.028,0.036,USD/lb,Authentic Futures Market Feed (1-Year 60m Candles)
2026-03-04 03:00,2026-03-04,3,Copper,HG=F,5.917,5.952,5.91,5.937,1725,0.32,0.02,-0.008,USD/lb,Authentic Futures Market Feed (1-Year 60m Candles)
2026-03-04 04:00,2026-03-04,4,Copper,HG=F,5.936,5.952,5.924,5.943,1466,0.1,0.007,-0.013,USD/lb,Authentic Futures Market Feed (1-Year 60m Candles)
2026-03-04 05:00,2026-03-04,5,Copper,HG=F,5.943,5.966,5.925,5.93,2331,-0.22,-0.013,-0.02,USD/lb,Authentic Futures Market Feed (1-Year 60m Candles)
2026-03-04 06:00,2026-03-04,6,Copper,HG=F,5.929,5.943,5.919,5.927,1838,-0.05,-0.002,0.011,USD/lb,Authentic Futures Market Feed (1-Year 60m Candles)
2026-03-04 07:00,2026-03-04,7,Copper,HG=F,5.926,5.946,5.886,5.913,2370,-0.24,-0.013,-0.011,USD/lb,Authentic Futures Market Feed (1-Year 60m Candles)
2026-03-04 08:00,2026-03-04,8,Copper,HG=F,5.912,5.937,5.895,5.895,3489,-0.3,-0.017,-0.004,USD/lb,Authentic Futures Market Feed (1-Year 60m Candles)
2026-03-04 09:00,2026-03-04,9,Copper,HG=F,5.894,5.916,5.874,5.875,4120,-0.33999999999999997,-0.019,-0.002,USD/lb,Authentic Futures Market Feed (1-Year 60m Candles)
2026-03-04 10:00,2026-03-04,10,Copper,HG=F,5.873,5.919,5.872,5.897,3160,0.37,0.024,0.043,USD/lb,Authentic Futures Market Feed (1-Year 60m Candles)
2026-03-04 11:00,2026-03-04,11,Copper,HG=F,5.897,5.928,5.882,5.925,2782,0.47000000000000003,0.028,0.004,USD/lb,Authentic Futures Market Feed (1-Year 60m Candles)
2026-03-04 12:00,2026-03-04,12,Copper,HG=F,5.925,5.926,5.899,5.907,3621,-0.3,-0.018,-0.046,USD/lb,Authentic Futures Market Feed (1-Year 60m Candles)
2026-03-04 13:00,2026-03-04,13,Copper,HG=F,5.907,5.911,5.89,5.896,2188,-0.19,-0.011,0.007,USD/lb,Authentic Futures Market Feed (1-Year 60m Candles)
2026-03-04 14:00,2026-03-04,14,Copper,HG=F,5.897,5.907,5.897,5.906,283,0.16999999999999998,0.009,0.02,USD/lb,Authentic Futures Market Feed (1-Year 60m Candles)
2026-03-04 15:00,2026-03-04,15,Copper,HG=F,5.905,5.906,5.889,5.897,543,-0.15,-0.008,-0.017,USD/lb,Authentic Futures Market Feed (1-Year 60m Candles)
2026-03-04 16:00,2026-03-04,16,Copper,HG=F,5.897,5.907,5.893,5.904,0,0.12,0.007,0.015,USD/lb,Authentic Futures Market Feed (1-Year 60m Candles)
2026-03-04 18:00,2026-03-04,18,Copper,HG=F,5.91,5.91,5.901,5.909,266,0.08,-0.001,-0.008,USD/lb,Authentic Futures Market Feed (1-Year 60m Candles)
2026-03-04 19:00,2026-03-04,19,Copper,HG=F,5.908,5.948,5.902,5.938,1273,0.49,0.03,0.031,USD/lb,Authentic Futures Market Feed (1-Year 60m Candles)
2026-03-04 20:00,2026-03-04,20,Copper,HG=F,5.937,5.953,5.912,5.923,1669,-0.25,-0.014,-0.044,USD/lb,Authentic Futures Market Feed (1-Year 60m Candles)
2026-03-04 21:00,2026-03-04,21,Copper,HG=F,5.923,5.943,5.915,5.934,1330,0.19,0.011,0.025,USD/lb,Authentic Futures Market Feed (1-Year 60m Candles)
2026-03-04 22:00,2026-03-04,22,Copper,HG=F,5.937,5.949,5.886,5.89,1315,-0.74,-0.047,-0.058,USD/lb,Authentic Futures Market Feed (1-Year 60m Candles)
2026-03-04 23:00,2026-03-04,23,Copper,HG=F,5.89,5.903,5.881,5.891,679,0.02,0.001,0.048,USD/lb,Authentic Futures Market Feed (1-Year 60m Candles)
2026-03-05 00:00,2026-03-05,0,Copper,HG=F,5.893,5.908,5.837,5.837,1569,-0.9199999999999999,-0.056,-0.057,USD/lb,Authentic Futures Market Feed (1-Year 60m Candles)
2026-03-05 01:00,2026-03-05,1,Copper,HG=F,5.838,5.875,5.824,5.87,1829,0.5700000000000001,0.032,0.088,USD/lb,Authentic Futures Market Feed (1-Year 60m Candles)
2026-03-05 02:00,2026-03-05,2,Copper,HG=F,5.871,5.879,5.849,5.868,733,-0.03,-0.003,-0.035,USD/lb,Authentic Futures Market Feed (1-Year 60m Candles)
2026-03-05 03:00,2026-03-05,3,Copper,HG=F,5.869,5.872,5.819,5.833,1528,-0.6,-0.036,-0.033,USD/lb,Authentic Futures Market Feed (1-Year 60m Candles)
2026-03-05 04:00,2026-03-05,4,Copper,HG=F,5.833,5.886,5.819,5.865,3623,0.5499999999999999,0.032,0.068,USD/lb,Authentic Futures Market Feed (1-Year 60m Candles)
2026-03-05 05:00,2026-03-05,5,Copper,HG=F,5.864,5.867,5.829,5.833,842,-0.5499999999999999,-0.031,-0.063,USD/lb,Authentic Futures Market Feed (1-Year 60m Candles)
2026-03-05 06:00,2026-03-05,6,Copper,HG=F,5.832,5.844,5.816,5.828,1616,-0.09,-0.004,0.027,USD/lb,Authentic Futures Market Feed (1-Year 60m Candles)
2026-03-05 07:00,2026-03-05,7,Copper,HG=F,5.83,5.839,5.81,5.822,2232,-0.1,-0.008,-0.004,USD/lb,Authentic Futures Market Feed (1-Year 60m Candles)
2026-03-05 08:00,2026-03-05,8,Copper,HG=F,5.821,5.825,5.793,5.798,4044,-0.41000000000000003,-0.023,-0.015,USD/lb,Authentic Futures Market Feed (1-Year 60m Candles)
2026-03-05 09:00,2026-03-05,9,Copper,HG=F,5.797,5.823,5.775,5.82,5905,0.38,0.023,0.046,USD/lb,Authentic Futures Market Feed (1-Year 60m Candles)
2026-03-05 10:00,2026-03-05,10,Copper,HG=F,5.819,5.856,5.799,5.855,5339,0.6,0.036,0.013,USD/lb,Authentic Futures Market Feed (1-Year 60m Candles)
2026-03-05 11:00,2026-03-05,11,Copper,HG=F,5.855,5.858,5.819,5.838,3228,-0.29,-0.017,-0.053,USD/lb,Authentic Futures Market Feed (1-Year 60m Candles)
2026-03-05 12:00,2026-03-05,12,Copper,HG=F,5.837,5.853,5.801,5.805,4528,-0.5700000000000001,-0.032,-0.015,USD/lb,Authentic Futures Market Feed (1-Year 60m Candles)
2026-03-05 13:00,2026-03-05,13,Copper,HG=F,5.804,5.819,5.793,5.803,1536,-0.03,-0.001,0.031,USD/lb,Authentic Futures Market Feed (1-Year 60m Candles)
2026-03-05 14:00,2026-03-05,14,Copper,HG=F,5.803,5.81,5.784,5.795,665,-0.13999999999999999,-0.008,-0.007,USD/lb,Authentic Futures Market Feed (1-Year 60m Candles)
2026-03-05 15:00,2026-03-05,15,Copper,HG=F,5.794,5.827,5.793,5.826,866,0.53,0.032,0.04,USD/lb,Authentic Futures Market Feed (1-Year 60m Candles)
2026-03-05 16:00,2026-03-05,16,Copper,HG=F,5.827,5.828,5.818,5.827,303,0.02,0.0,-0.032,USD/lb,Authentic Futures Market Feed (1-Year 60m Candles)
2026-03-05 18:00,2026-03-05,18,Copper,HG=F,5.829,5.843,5.828,5.837,0,0.16999999999999998,0.008,0.008,USD/lb,Authentic Futures Market Feed (1-Year 60m Candles)
2026-03-05 19:00,2026-03-05,19,Copper,HG=F,5.836,5.843,5.829,5.832,369,-0.09,-0.004,-0.012,USD/lb,Authentic Futures Market Feed (1-Year 60m Candles)
2026-03-05 20:00,2026-03-05,20,Copper,HG=F,5.831,5.861,5.81,5.859,1364,0.45999999999999996,0.028,0.032,USD/lb,Authentic Futures Market Feed (1-Year 60m Candles)
2026-03-05 21:00,2026-03-05,21,Copper,HG=F,5.858,5.88,5.851,5.86,876,0.02,0.002,-0.026,USD/lb,Authentic Futures Market Feed (1-Year 60m Candles)
2026-03-05 22:00,2026-03-05,22,Copper,HG=F,5.861,5.878,5.861,5.871,499,0.19,0.01,0.008,USD/lb,Authentic Futures Market Feed (1-Year 60m Candles)
2026-03-05 23:00,2026-03-05,23,Copper,HG=F,5.867,5.872,5.859,5.859,278,-0.2,-0.008,-0.018,USD/lb,Authentic Futures Market Feed (1-Year 60m Candles)
2026-03-06 00:00,2026-03-06,0,Copper,HG=F,5.859,5.869,5.832,5.852,902,-0.12,-0.007,0.001,USD/lb,Authentic Futures Market Feed (1-Year 60m Candles)
2026-03-06 01:00,2026-03-06,1,Copper,HG=F,5.85,5.859,5.839,5.852,570,0.0,0.002,0.009,USD/lb,Authentic Futures Market Feed (1-Year 60m Candles)
2026-03-06 02:00,2026-03-06,2,Copper,HG=F,5.851,5.861,5.837,5.851,645,-0.02,0.0,-0.002,USD/lb,Authentic Futures Market Feed (1-Year 60m Candles)
2026-03-06 03:00,2026-03-06,3,Copper,HG=F,5.851,5.881,5.849,5.865,1195,0.24,0.014,0.014,USD/lb,Authentic Futures Market Feed (1-Year 60m Candles)
2026-03-06 04:00,2026-03-06,4,Copper,HG=F,5.865,5.865,5.807,5.812,1737,-0.8999999999999999,-0.053,-0.067,USD/lb,Authentic Futures Market Feed (1-Year 60m Candles)
2026-03-06 05:00,2026-03-06,5,Copper,HG=F,5.812,5.824,5.8,5.817,1509,0.09,0.005,0.058,USD/lb,Authentic Futures Market Feed (1-Year 60m Candles)
2026-03-06 06:00,2026-03-06,6,Copper,HG=F,5.816,5.825,5.784,5.792,1576,-0.43,-0.024,-0.029,USD/lb,Authentic Futures Market Feed (1-Year 60m Candles)
2026-03-06 07:00,2026-03-06,7,Copper,HG=F,5.794,5.82,5.792,5.794,1938,0.03,0.0,0.024,USD/lb,Authentic Futures Market Feed (1-Year 60m Candles)
2026-03-06 08:00,2026-03-06,8,Copper,HG=F,5.793,5.828,5.779,5.782,4599,-0.21,-0.011,-0.011,USD/lb,Authentic Futures Market Feed (1-Year 60m Candles)
2026-03-06 09:00,2026-03-06,9,Copper,HG=F,5.782,5.817,5.78,5.814,4692,0.5499999999999999,0.032,0.043,USD/lb,Authentic Futures Market Feed (1-Year 60m Candles)
2026-03-06 10:00,2026-03-06,10,Copper,HG=F,5.814,5.841,5.791,5.805,4587,-0.15,-0.009,-0.041,USD/lb,Authentic Futures Market Feed (1-Year 60m Candles)
2026-03-06 11:00,2026-03-06,11,Copper,HG=F,5.804,5.833,5.801,5.808,2895,0.05,0.004,0.013,USD/lb,Authentic Futures Market Feed (1-Year 60m Candles)
2026-03-06 12:00,2026-03-06,12,Copper,HG=F,5.808,5.832,5.804,5.807,3112,-0.02,-0.001,-0.005,USD/lb,Authentic Futures Market Feed (1-Year 60m Candles)
2026-03-06 13:00,2026-03-06,13,Copper,HG=F,5.806,5.82,5.803,5.812,1569,0.09,0.006,0.007,USD/lb,Authentic Futures Market Feed (1-Year 60m Candles)
2026-03-06 14:00,2026-03-06,14,Copper,HG=F,5.813,5.829,5.812,5.827,801,0.26,0.014,0.008,USD/lb,Authentic Futures Market Feed (1-Year 60m Candles)
2026-03-06 15:00,2026-03-06,15,Copper,HG=F,5.828,5.845,5.821,5.837,1382,0.16999999999999998,0.009,-0.005,USD/lb,Authentic Futures Market Feed (1-Year 60m Candles)
2026-03-06 16:00,2026-03-06,16,Copper,HG=F,5.837,5.845,5.834,5.838,955,0.02,0.001,-0.008,USD/lb,Authentic Futures Market Feed (1-Year 60m Candles)
2026-03-08 18:00,2026-03-08,18,Copper,HG=F,5.718,5.736,5.694,5.72,2150,-2.02,0.002,0.001,USD/lb,Authentic Futures Market Feed (1-Year 60m Candles)
2026-03-08 19:00,2026-03-08,19,Copper,HG=F,5.72,5.727,5.64,5.664,3645,-0.98,-0.056,-0.058,USD/lb,Authentic Futures Market Feed (1-Year 60m Candles)
2026-03-08 20:00,2026-03-08,20,Copper,HG=F,5.665,5.718,5.655,5.697,3109,0.58,0.032,0.088,USD/lb,Authentic Futures Market Feed (1-Year 60m Candles)
2026-03-08 21:00,2026-03-08,21,Copper,HG=F,5.699,5.725,5.673,5.705,5257,0.13999999999999999,0.006,-0.026,USD/lb,Authentic Futures Market Feed (1-Year 60m Candles)
2026-03-08 22:00,2026-03-08,22,Copper,HG=F,5.701,5.781,5.693,5.754,3571,0.86,0.053,0.047,USD/lb,Authentic Futures Market Feed (1-Year 60m Candles)
2026-03-08 23:00,2026-03-08,23,Copper,HG=F,5.753,5.763,5.742,5.757,838,0.05,0.004,-0.049,USD/lb,Authentic Futures Market Feed (1-Year 60m Candles)
2026-03-09 00:00,2026-03-09,0,Copper,HG=F,5.758,5.764,5.748,5.751,426,-0.1,-0.007,-0.011,USD/lb,Authentic Futures Market Feed (1-Year 60m Candles)
2026-03-09 01:00,2026-03-09,1,Copper,HG=F,5.747,5.781,5.739,5.764,1566,0.22999999999999998,0.017,0.024,USD/lb,Authentic Futures Market Feed (1-Year 60m Candles)
2026-03-09 02:00,2026-03-09,2,Copper,HG=F,5.764,5.786,5.754,5.76,1401,-0.06999999999999999,-0.004,-0.021,USD/lb,Authentic Futures Market Feed (1-Year 60m Candles)
2026-03-09 03:00,2026-03-09,3,Copper,HG=F,5.76,5.761,5.732,5.74,1668,-0.35000000000000003,-0.02,-0.016,USD/lb,Authentic Futures Market Feed (1-Year 60m Candles)
2026-03-09 04:00,2026-03-09,4,Copper,HG=F,5.741,5.768,5.732,5.758,1841,0.31,0.017,0.037,USD/lb,Authentic Futures Market Feed (1-Year 60m Candles)
2026-03-09 05:00,2026-03-09,5,Copper,HG=F,5.759,5.804,5.75,5.765,2743,0.12,0.006,-0.011,USD/lb,Authentic Futures Market Feed (1-Year 60m Candles)
2026-03-09 06:00,2026-03-09,6,Copper,HG=F,5.766,5.777,5.751,5.762,1053,-0.05,-0.004,-0.01,USD/lb,Authentic Futures Market Feed (1-Year 60m Candles)
2026-03-09 07:00,2026-03-09,7,Copper,HG=F,5.761,5.768,5.736,5.742,1419,-0.35000000000000003,-0.019,-0.015,USD/lb,Authentic Futures Market Feed (1-Year 60m Candles)
2026-03-09 08:00,2026-03-09,8,Copper,HG=F,5.744,5.779,5.738,5.764,2411,0.38,0.02,0.039,USD/lb,Authentic Futures Market Feed (1-Year 60m Candles)
2026-03-09 09:00,2026-03-09,9,Copper,HG=F,5.764,5.794,5.76,5.761,3679,-0.05,-0.003,-0.023,USD/lb,Authentic Futures Market Feed (1-Year 60m Candles)
2026-03-09 10:00,2026-03-09,10,Copper,HG=F,5.761,5.797,5.758,5.795,2189,0.59,0.034,0.037,USD/lb,Authentic Futures Market Feed (1-Year 60m Candles)
2026-03-09 11:00,2026-03-09,11,Copper,HG=F,5.795,5.84,5.795,5.827,4785,0.5499999999999999,0.032,-0.002,USD/lb,Authentic Futures Market Feed (1-Year 60m Candles)
2026-03-09 12:00,2026-03-09,12,Copper,HG=F,5.828,5.858,5.828,5.85,6144,0.38999999999999996,0.022,-0.01,USD/lb,Authentic Futures Market Feed (1-Year 60m Candles)
2026-03-09 13:00,2026-03-09,13,Copper,HG=F,5.849,5.856,5.82,5.824,2189,-0.44,-0.025,-0.047,USD/lb,Authentic Futures Market Feed (1-Year 60m Candles)
2026-03-09 14:00,2026-03-09,14,Copper,HG=F,5.825,5.834,5.819,5.825,967,0.02,0.0,0.025,USD/lb,Authentic Futures Market Feed (1-Year 60m Candles)
2026-03-09 15:00,2026-03-09,15,Copper,HG=F,5.823,5.895,5.823,5.89,2217,1.1199999999999999,0.067,0.067,USD/lb,Authentic Futures Market Feed (1-Year 60m Candles)
2026-03-09 16:00,2026-03-09,16,Copper,HG=F,5.891,5.905,5.887,5.9,1536,0.16999999999999998,0.009,-0.058,USD/lb,Authentic Futures Market Feed (1-Year 60m Candles)
2026-03-09 18:00,2026-03-09,18,Copper,HG=F,5.906,5.906,5.883,5.897,0,-0.05,-0.009,-0.018,USD/lb,Authentic Futures Market Feed (1-Year 60m Candles)
2026-03-09 19:00,2026-03-09,19,Copper,HG=F,5.896,5.905,5.885,5.888,342,-0.15,-0.008,0.001,USD/lb,Authentic Futures Market Feed (1-Year 60m Candles)
2026-03-09 20:00,2026-03-09,20,Copper,HG=F,5.885,5.906,5.88,5.887,799,-0.02,0.002,0.01,USD/lb,Authentic Futures Market Feed (1-Year 60m Candles)
2026-03-09 21:00,2026-03-09,21,Copper,HG=F,5.886,5.917,5.863,5.917,2743,0.51,0.031,0.029,USD/lb,Authentic Futures Market Feed (1-Year 60m Candles)
2026-03-09 22:00,2026-03-09,22,Copper,HG=F,5.917,5.935,5.899,5.903,1944,-0.24,-0.014,-0.045,USD/lb,Authentic Futures Market Feed (1-Year 60m Candles)
2026-03-09 23:00,2026-03-09,23,Copper,HG=F,5.903,5.916,5.89,5.898,662,-0.08,-0.005,0.009,USD/lb,Authentic Futures Market Feed (1-Year 60m Candles)
2026-03-10 00:00,2026-03-10,0,Copper,HG=F,5.898,5.903,5.893,5.897,283,-0.02,-0.001,0.004,USD/lb,Authentic Futures Market Feed (1-Year 60m Candles)
2026-03-10 01:00,2026-03-10,1,Copper,HG=F,5.898,5.911,5.891,5.906,566,0.15,0.008,0.009,USD/lb,Authentic Futures Market Feed (1-Year 60m Candles)
2026-03-10 02:00,2026-03-10,2,Copper,HG=F,5.909,5.921,5.905,5.916,741,0.16999999999999998,0.007,-0.001,USD/lb,Authentic Futures Market Feed (1-Year 60m Candles)
2026-03-10 03:00,2026-03-10,3,Copper,HG=F,5.915,5.939,5.907,5.939,1313,0.38999999999999996,0.024,0.017,USD/lb,Authentic Futures Market Feed (1-Year 60m Candles)
2026-03-10 04:00,2026-03-10,4,Copper,HG=F,5.939,5.944,5.924,5.931,1870,-0.13,-0.008,-0.032,USD/lb,Authentic Futures Market Feed (1-Year 60m Candles)
2026-03-10 05:00,2026-03-10,5,Copper,HG=F,5.931,5.957,5.931,5.945,1644,0.24,0.014,0.022,USD/lb,Authentic Futures Market Feed (1-Year 60m Candles)
2026-03-10 06:00,2026-03-10,6,Copper,HG=F,5.944,5.944,5.895,5.907,1356,-0.64,-0.037,-0.051,USD/lb,Authentic Futures Market Feed (1-Year 60m Candles)
2026-03-10 07:00,2026-03-10,7,Copper,HG=F,5.908,5.922,5.896,5.9,1447,-0.12,-0.008,0.029,USD/lb,Authentic Futures Market Feed (1-Year 60m Candles)
2026-03-10 08:00,2026-03-10,8,Copper,HG=F,5.9,5.9,5.871,5.899,3258,-0.02,-0.001,0.007,USD/lb,Authentic Futures Market Feed (1-Year 60m Candles)
2026-03-10 09:00,2026-03-10,9,Copper,HG=F,5.897,5.936,5.889,5.928,4069,0.49,0.031,0.032,USD/lb,Authentic Futures Market Feed (1-Year 60m Candles)
2026-03-10 10:00,2026-03-10,10,Copper,HG=F,5.927,5.941,5.916,5.94,2933,0.2,0.013,-0.018,USD/lb,Authentic Futures Market Feed (1-Year 60m Candles)
2026-03-10 11:00,2026-03-10,11,Copper,HG=F,5.94,5.957,5.931,5.951,2405,0.19,0.011,-0.002,USD/lb,Authentic Futures Market Feed (1-Year 60m Candles)
2026-03-10 12:00,2026-03-10,12,Copper,HG=F,5.951,5.955,5.931,5.953,3561,0.03,0.002,-0.009,USD/lb,Authentic Futures Market Feed (1-Year 60m Candles)
2026-03-10 13:00,2026-03-10,13,Copper,HG=F,5.952,5.962,5.945,5.952,1772,-0.02,0.0,-0.002,USD/lb,Authentic Futures Market Feed (1-Year 60m Candles)
2026-03-10 14:00,2026-03-10,14,Copper,HG=F,5.953,5.953,5.913,5.924,1606,-0.47000000000000003,-0.029,-0.029,USD/lb,Authentic Futures Market Feed (1-Year 60m Candles)
2026-03-10 15:00,2026-03-10,15,Copper,HG=F,5.924,5.938,5.915,5.918,787,-0.1,-0.006,0.023,USD/lb,Authentic Futures Market Feed (1-Year 60m Candles)
2026-03-10 16:00,2026-03-10,16,Copper,HG=F,5.919,5.922,5.915,5.917,0,-0.02,-0.002,0.004,USD/lb,Authentic Futures Market Feed (1-Year 60m Candles)
2026-03-10 18:00,2026-03-10,18,Copper,HG=F,5.925,5.925,5.917,5.919,171,0.03,-0.006,-0.004,USD/lb,Authentic Futures Market Feed (1-Year 60m Candles)
2026-03-10 19:00,2026-03-10,19,Copper,HG=F,5.919,5.924,5.918,5.923,131,0.06999999999999999,0.004,0.01,USD/lb,Authentic Futures Market Feed (1-Year 60m Candles)
2026-03-10 20:00,2026-03-10,20,Copper,HG=F,5.924,5.942,5.923,5.94,576,0.29,0.016,0.012,USD/lb,Authentic Futures Market Feed (1-Year 60m Candles)
2026-03-10 21:00,2026-03-10,21,Copper,HG=F,5.939,5.941,5.92,5.926,810,-0.24,-0.013,-0.029,USD/lb,Authentic Futures Market Feed (1-Year 60m Candles)
2026-03-10 22:00,2026-03-10,22,Copper,HG=F,5.926,5.943,5.921,5.933,602,0.12,0.007,0.02,USD/lb,Authentic Futures Market Feed (1-Year 60m Candles)
2026-03-10 23:00,2026-03-10,23,Copper,HG=F,5.935,5.94,5.924,5.937,302,0.06999999999999999,0.002,-0.005,USD/lb,Authentic Futures Market Feed (1-Year 60m Candles)
2026-03-11 00:00,2026-03-11,0,Copper,HG=F,5.935,5.943,5.933,5.942,204,0.08,0.007,0.005,USD/lb,Authentic Futures Market Feed (1-Year 60m Candles)
2026-03-11 01:00,2026-03-11,1,Copper,HG=F,5.941,5.942,5.917,5.923,613,-0.32,-0.018,-0.025,USD/lb,Authentic Futures Market Feed (1-Year 60m Candles)
2026-03-11 02:00,2026-03-11,2,Copper,HG=F,5.924,5.936,5.887,5.89,1910,-0.5599999999999999,-0.034,-0.016,USD/lb,Authentic Futures Market Feed (1-Year 60m Candles)
2026-03-11 03:00,2026-03-11,3,Copper,HG=F,5.891,5.9,5.867,5.877,1438,-0.22,-0.014,0.02,USD/lb,Authentic Futures Market Feed (1-Year 60m Candles)
2026-03-11 04:00,2026-03-11,4,Copper,HG=F,5.876,5.877,5.839,5.855,2370,-0.37,-0.021,-0.007,USD/lb,Authentic Futures Market Feed (1-Year 60m Candles)
2026-03-11 05:00,2026-03-11,5,Copper,HG=F,5.855,5.863,5.837,5.85,1246,-0.09,-0.005,0.016,USD/lb,Authentic Futures Market Feed (1-Year 60m Candles)
2026-03-11 06:00,2026-03-11,6,Copper,HG=F,5.85,5.873,5.85,5.861,909,0.19,0.011,0.016,USD/lb,Authentic Futures Market Feed (1-Year 60m Candles)
2026-03-11 07:00,2026-03-11,7,Copper,HG=F,5.863,5.873,5.845,5.846,1020,-0.26,-0.017,-0.028,USD/lb,Authentic Futures Market Feed (1-Year 60m Candles)
2026-03-11 08:00,2026-03-11,8,Copper,HG=F,5.845,5.862,5.834,5.838,2202,-0.13999999999999999,-0.007,0.01,USD/lb,Authentic Futures Market Feed (1-Year 60m Candles)
2026-03-11 09:00,2026-03-11,9,Copper,HG=F,5.838,5.883,5.838,5.882,3178,0.75,0.044,0.051,USD/lb,Authentic Futures Market Feed (1-Year 60m Candles)
2026-03-11 10:00,2026-03-11,10,Copper,HG=F,5.881,5.911,5.874,5.896,3145,0.24,0.015,-0.029,USD/lb,Authentic Futures Market Feed (1-Year 60m Candles)
2026-03-11 11:00,2026-03-11,11,Copper,HG=F,5.899,5.904,5.872,5.873,2060,-0.38999999999999996,-0.026,-0.041,USD/lb,Authentic Futures Market Feed (1-Year 60m Candles)
2026-03-11 12:00,2026-03-11,12,Copper,HG=F,5.873,5.894,5.87,5.89,3352,0.29,0.017,0.043,USD/lb,Authentic Futures Market Feed (1-Year 60m Candles)
2026-03-11 13:00,2026-03-11,13,Copper,HG=F,5.891,5.894,5.858,5.882,2121,-0.13999999999999999,-0.009,-0.026,USD/lb,Authentic Futures Market Feed (1-Year 60m Candles)
2026-03-11 14:00,2026-03-11,14,Copper,HG=F,5.881,5.899,5.878,5.894,969,0.2,0.013,0.022,USD/lb,Authentic Futures Market Feed (1-Year 60m Candles)
2026-03-11 15:00,2026-03-11,15,Copper,HG=F,5.894,5.929,5.894,5.924,1199,0.51,0.03,0.017,USD/lb,Authentic Futures Market Feed (1-Year 60m Candles)
2026-03-11 16:00,2026-03-11,16,Copper,HG=F,5.924,5.924,5.905,5.91,0,-0.24,-0.014,-0.044,USD/lb,Authentic Futures Market Feed (1-Year 60m Candles)
2026-03-11 18:00,2026-03-11,18,Copper,HG=F,5.919,5.919,5.882,5.884,587,-0.44,-0.035,-0.021,USD/lb,Authentic Futures Market Feed (1-Year 60m Candles)
2026-03-11 19:00,2026-03-11,19,Copper,HG=F,5.884,5.889,5.876,5.879,381,-0.08,-0.005,0.03,USD/lb,Authentic Futures Market Feed (1-Year 60m Candles)
2026-03-11 20:00,2026-03-11,20,Copper,HG=F,5.881,5.896,5.879,5.886,310,0.12,0.005,0.01,USD/lb,Authentic Futures Market Feed (1-Year 60m Candles)
2026-03-11 21:00,2026-03-11,21,Copper,HG=F,5.886,5.892,5.87,5.883,982,-0.05,-0.003,-0.008,USD/lb,Authentic Futures Market Feed (1-Year 60m Candles)
2026-03-11 22:00,2026-03-11,22,Copper,HG=F,5.881,5.891,5.833,5.835,1864,-0.8200000000000001,-0.046,-0.043,USD/lb,Authentic Futures Market Feed (1-Year 60m Candles)
2026-03-11 23:00,2026-03-11,23,Copper,HG=F,5.834,5.848,5.833,5.839,741,0.06999999999999999,0.005,0.051,USD/lb,Authentic Futures Market Feed (1-Year 60m Candles)
2026-03-12 00:00,2026-03-12,0,Copper,HG=F,5.839,5.844,5.821,5.822,787,-0.29,-0.017,-0.022,USD/lb,Authentic Futures Market Feed (1-Year 60m Candles)
2026-03-12 01:00,2026-03-12,1,Copper,HG=F,5.824,5.848,5.824,5.844,695,0.38,0.02,0.037,USD/lb,Authentic Futures Market Feed (1-Year 60m Candles)
2026-03-12 02:00,2026-03-12,2,Copper,HG=F,5.845,5.869,5.844,5.866,531,0.38,0.021,0.001,USD/lb,Authentic Futures Market Feed (1-Year 60m Candles)
2026-03-12 03:00,2026-03-12,3,Copper,HG=F,5.865,5.889,5.86,5.889,871,0.38999999999999996,0.024,0.003,USD/lb,Authentic Futures Market Feed (1-Year 60m Candles)
2026-03-12 04:00,2026-03-12,4,Copper,HG=F,5.889,5.9,5.885,5.892,1056,0.05,0.003,-0.021,USD/lb,Authentic Futures Market Feed (1-Year 60m Candles)
2026-03-12 05:00,2026-03-12,5,Copper,HG=F,5.894,5.905,5.885,5.902,1604,0.16999999999999998,0.008,0.005,USD/lb,Authentic Futures Market Feed (1-Year 60m Candles)
2026-03-12 06:00,2026-03-12,6,Copper,HG=F,5.901,5.903,5.882,5.887,505,-0.25,-0.014,-0.022,USD/lb,Authentic Futures Market Feed (1-Year 60m Candles)
2026-03-12 07:00,2026-03-12,7,Copper,HG=F,5.886,5.899,5.88,5.899,859,0.2,0.013,0.027,USD/lb,Authentic Futures Market Feed (1-Year 60m Candles)
2026-03-12 08:00,2026-03-12,8,Copper,HG=F,5.899,5.902,5.867,5.885,1901,-0.24,-0.014,-0.027,USD/lb,Authentic Futures Market Feed (1-Year 60m Candles)
2026-03-12 09:00,2026-03-12,9,Copper,HG=F,5.885,5.89,5.849,5.851,3054,-0.58,-0.034,-0.02,USD/lb,Authentic Futures Market Feed (1-Year 60m Candles)
2026-03-12 10:00,2026-03-12,10,Copper,HG=F,5.85,5.867,5.839,5.845,2984,-0.1,-0.005,0.029,USD/lb,Authentic Futures Market Feed (1-Year 60m Candles)
2026-03-12 11:00,2026-03-12,11,Copper,HG=F,5.846,5.867,5.828,5.865,2796,0.33999999999999997,0.019,0.024,USD/lb,Authentic Futures Market Feed (1-Year 60m Candles)
2026-03-12 12:00,2026-03-12,12,Copper,HG=F,5.865,5.88,5.853,5.867,4435,0.03,0.002,-0.017,USD/lb,Authentic Futures Market Feed (1-Year 60m Candles)
2026-03-12 13:00,2026-03-12,13,Copper,HG=F,5.867,5.869,5.843,5.847,1527,-0.33999999999999997,-0.02,-0.022,USD/lb,Authentic Futures Market Feed (1-Year 60m Candles)
2026-03-12 14:00,2026-03-12,14,Copper,HG=F,5.848,5.854,5.833,5.839,874,-0.13999999999999999,-0.009,0.011,USD/lb,Authentic Futures Market Feed (1-Year 60m Candles)
2026-03-12 15:00,2026-03-12,15,Copper,HG=F,5.839,5.844,5.828,5.831,745,-0.13999999999999999,-0.008,0.001,USD/lb,Authentic Futures Market Feed (1-Year 60m Candles)
2026-03-12 16:00,2026-03-12,16,Copper,HG=F,5.831,5.832,5.808,5.821,0,-0.16999999999999998,-0.01,-0.002,USD/lb,Authentic Futures Market Feed (1-Year 60m Candles)
2026-03-12 18:00,2026-03-12,18,Copper,HG=F,5.826,5.832,5.823,5.831,230,0.16999999999999998,0.005,0.015,USD/lb,Authentic Futures Market Feed (1-Year 60m Candles)
2026-03-12 19:00,2026-03-12,19,Copper,HG=F,5.832,5.833,5.828,5.828,115,-0.05,-0.004,-0.009,USD/lb,Authentic Futures Market Feed (1-Year 60m Candles)
2026-03-12 20:00,2026-03-12,20,Copper,HG=F,5.828,5.842,5.825,5.84,467,0.21,0.012,0.016,USD/lb,Authentic Futures Market Feed (1-Year 60m Candles)
2026-03-12 21:00,2026-03-12,21,Copper,HG=F,5.839,5.857,5.838,5.848,1205,0.13999999999999999,0.009,-0.003,USD/lb,Authentic Futures Market Feed (1-Year 60m Candles)
2026-03-12 22:00,2026-03-12,22,Copper,HG=F,5.848,5.856,5.826,5.832,596,-0.27,-0.016,-0.025,USD/lb,Authentic Futures Market Feed (1-Year 60m Candles)
2026-03-12 23:00,2026-03-12,23,Copper,HG=F,5.831,5.838,5.819,5.827,562,-0.09,-0.004,0.012,USD/lb,Authentic Futures Market Feed (1-Year 60m Candles)
2026-03-13 00:00,2026-03-13,0,Copper,HG=F,5.827,5.832,5.817,5.824,360,-0.05,-0.003,0.001,USD/lb,Authentic Futures Market Feed (1-Year 60m Candles)
2026-03-13 01:00,2026-03-13,1,Copper,HG=F,5.825,5.827,5.799,5.805,1705,-0.33,-0.02,-0.017,USD/lb,Authentic Futures Market Feed (1-Year 60m Candles)
2026-03-13 02:00,2026-03-13,2,Copper,HG=F,5.805,5.812,5.795,5.802,1124,-0.05,-0.003,0.017,USD/lb,Authentic Futures Market Feed (1-Year 60m Candles)
2026-03-13 03:00,2026-03-13,3,Copper,HG=F,5.802,5.804,5.783,5.786,1022,-0.27999999999999997,-0.016,-0.013,USD/lb,Authentic Futures Market Feed (1-Year 60m Candles)
2026-03-13 04:00,2026-03-13,4,Copper,HG=F,5.785,5.802,5.767,5.799,2115,0.22,0.014,0.03,USD/lb,Authentic Futures Market Feed (1-Year 60m Candles)
2026-03-13 05:00,2026-03-13,5,Copper,HG=F,5.799,5.813,5.789,5.797,944,-0.03,-0.002,-0.016,USD/lb,Authentic Futures Market Feed (1-Year 60m Candles)
2026-03-13 06:00,2026-03-13,6,Copper,HG=F,5.796,5.82,5.796,5.813,1108,0.27999999999999997,0.017,0.019,USD/lb,Authentic Futures Market Feed (1-Year 60m Candles)
2026-03-13 07:00,2026-03-13,7,Copper,HG=F,5.813,5.818,5.796,5.8,995,-0.22,-0.013,-0.03,USD/lb,Authentic Futures Market Feed (1-Year 60m Candles)
2026-03-13 08:00,2026-03-13,8,Copper,HG=F,5.799,5.825,5.787,5.824,2865,0.41000000000000003,0.025,0.038,USD/lb,Authentic Futures Market Feed (1-Year 60m Candles)
2026-03-13 09:00,2026-03-13,9,Copper,HG=F,5.823,5.842,5.798,5.814,3365,-0.16999999999999998,-0.009,-0.034,USD/lb,Authentic Futures Market Feed (1-Year 60m Candles)
2026-03-13 10:00,2026-03-13,10,Copper,HG=F,5.813,5.818,5.793,5.797,2885,-0.29,-0.016,-0.007,USD/lb,Authentic Futures Market Feed (1-Year 60m Candles)
2026-03-13 11:00,2026-03-13,11,Copper,HG=F,5.797,5.807,5.776,5.777,2740,-0.35000000000000003,-0.02,-0.004,USD/lb,Authentic Futures Market Feed (1-Year 60m Candles)
2026-03-13 12:00,2026-03-13,12,Copper,HG=F,5.778,5.784,5.754,5.755,4097,-0.38,-0.023,-0.003,USD/lb,Authentic Futures Market Feed (1-Year 60m Candles)
2026-03-13 13:00,2026-03-13,13,Copper,HG=F,5.755,5.762,5.747,5.753,2124,-0.03,-0.002,0.021,USD/lb,Authentic Futures Market Feed (1-Year 60m Candles)
2026-03-13 14:00,2026-03-13,14,Copper,HG=F,5.753,5.76,5.735,5.744,1528,-0.16,-0.009,-0.007,USD/lb,Authentic Futures Market Feed (1-Year 60m Candles)
2026-03-13 15:00,2026-03-13,15,Copper,HG=F,5.744,5.745,5.695,5.702,2305,-0.73,-0.042,-0.033,USD/lb,Authentic Futures Market Feed (1-Year 60m Candles)
2026-03-13 16:00,2026-03-13,16,Copper,HG=F,5.702,5.757,5.659,5.757,2026,0.96,0.055,0.097,USD/lb,Authentic Futures Market Feed (1-Year 60m Candles)
2026-03-15 18:00,2026-03-15,18,Copper,HG=F,5.674,5.703,5.669,5.697,666,-1.04,0.023,-0.032,USD/lb,Authentic Futures Market Feed (1-Year 60m Candles)
2026-03-15 19:00,2026-03-15,19,Copper,HG=F,5.696,5.701,5.681,5.693,723,-0.06999999999999999,-0.003,-0.026,USD/lb,Authentic Futures Market Feed (1-Year 60m Candles)
2026-03-15 20:00,2026-03-15,20,Copper,HG=F,5.694,5.739,5.694,5.734,1758,0.72,0.04,0.043,USD/lb,Authentic Futures Market Feed (1-Year 60m Candles)
2026-03-15 21:00,2026-03-15,21,Copper,HG=F,5.735,5.757,5.701,5.743,3464,0.16,0.008,-0.032,USD/lb,Authentic Futures Market Feed (1-Year 60m Candles)
2026-03-15 22:00,2026-03-15,22,Copper,HG=F,5.743,5.745,5.717,5.72,1094,-0.4,-0.023,-0.031,USD/lb,Authentic Futures Market Feed (1-Year 60m Candles)
2026-03-15 23:00,2026-03-15,23,Copper,HG=F,5.719,5.741,5.705,5.739,905,0.33,0.02,0.043,USD/lb,Authentic Futures Market Feed (1-Year 60m Candles)
2026-03-16 00:00,2026-03-16,0,Copper,HG=F,5.738,5.75,5.737,5.739,453,0.0,0.001,-0.019,USD/lb,Authentic Futures Market Feed (1-Year 60m Candles)
2026-03-16 01:00,2026-03-16,1,Copper,HG=F,5.739,5.774,5.736,5.769,1208,0.52,0.03,0.029,USD/lb,Authentic Futures Market Feed (1-Year 60m Candles)
2026-03-16 02:00,2026-03-16,2,Copper,HG=F,5.768,5.775,5.761,5.761,736,-0.13999999999999999,-0.007,-0.037,USD/lb,Authentic Futures Market Feed (1-Year 60m Candles)
2026-03-16 03:00,2026-03-16,3,Copper,HG=F,5.761,5.771,5.728,5.732,1052,-0.5,-0.029,-0.022,USD/lb,Authentic Futures Market Feed (1-Year 60m Candles)
2026-03-16 04:00,2026-03-16,4,Copper,HG=F,5.732,5.742,5.715,5.736,1142,0.06999999999999999,0.004,0.033,USD/lb,Authentic Futures Market Feed (1-Year 60m Candles)
2026-03-16 05:00,2026-03-16,5,Copper,HG=F,5.736,5.746,5.723,5.728,832,-0.13999999999999999,-0.008,-0.012,USD/lb,Authentic Futures Market Feed (1-Year 60m Candles)
2026-03-16 06:00,2026-03-16,6,Copper,HG=F,5.727,5.755,5.722,5.755,1132,0.47000000000000003,0.028,0.036,USD/lb,Authentic Futures Market Feed (1-Year 60m Candles)
2026-03-16 07:00,2026-03-16,7,Copper,HG=F,5.754,5.776,5.75,5.775,1111,0.35000000000000003,0.021,-0.007,USD/lb,Authentic Futures Market Feed (1-Year 60m Candles)
2026-03-16 08:00,2026-03-16,8,Copper,HG=F,5.775,5.802,5.774,5.793,3106,0.31,0.018,-0.003,USD/lb,Authentic Futures Market Feed (1-Year 60m Candles)
2026-03-16 09:00,2026-03-16,9,Copper,HG=F,5.793,5.826,5.787,5.823,3228,0.52,0.03,0.012,USD/lb,Authentic Futures Market Feed (1-Year 60m Candles)
2026-03-16 10:00,2026-03-16,10,Copper,HG=F,5.823,5.832,5.8,5.825,4100,0.03,0.002,-0.028,USD/lb,Authentic Futures Market Feed (1-Year 60m Candles)
2026-03-16 11:00,2026-03-16,11,Copper,HG=F,5.826,5.86,5.815,5.833,4620,0.13999999999999999,0.007,0.005,USD/lb,Authentic Futures Market Feed (1-Year 60m Candles)
2026-03-16 12:00,2026-03-16,12,Copper,HG=F,5.833,5.846,5.827,5.827,3715,-0.1,-0.006,-0.013,USD/lb,Authentic Futures Market Feed (1-Year 60m Candles)
2026-03-16 13:00,2026-03-16,13,Copper,HG=F,5.828,5.832,5.817,5.821,2131,-0.1,-0.007,-0.001,USD/lb,Authentic Futures Market Feed (1-Year 60m Candles)
2026-03-16 14:00,2026-03-16,14,Copper,HG=F,5.821,5.842,5.821,5.833,1262,0.21,0.012,0.019,USD/lb,Authentic Futures Market Feed (1-Year 60m Candles)
2026-03-16 15:00,2026-03-16,15,Copper,HG=F,5.834,5.85,5.833,5.843,750,0.16999999999999998,0.009,-0.003,USD/lb,Authentic Futures Market Feed (1-Year 60m Candles)
2026-03-16 16:00,2026-03-16,16,Copper,HG=F,5.842,5.844,5.833,5.838,0,-0.09,-0.004,-0.013,USD/lb,Authentic Futures Market Feed (1-Year 60m Candles)
2026-03-16 18:00,2026-03-16,18,Copper,HG=F,5.845,5.85,5.832,5.832,167,-0.1,-0.013,-0.009,USD/lb,Authentic Futures Market Feed (1-Year 60m Candles)
2026-03-16 19:00,2026-03-16,19,Copper,HG=F,5.832,5.84,5.832,5.839,112,0.12,0.007,0.02,USD/lb,Authentic Futures Market Feed (1-Year 60m Candles)
2026-03-16 20:00,2026-03-16,20,Copper,HG=F,5.838,5.84,5.828,5.834,213,-0.09,-0.004,-0.011,USD/lb,Authentic Futures Market Feed (1-Year 60m Candles)
2026-03-16 21:00,2026-03-16,21,Copper,HG=F,5.833,5.846,5.82,5.844,1797,0.16999999999999998,0.011,0.015,USD/lb,Authentic Futures Market Feed (1-Year 60m Candles)
2026-03-16 22:00,2026-03-16,22,Copper,HG=F,5.846,5.854,5.826,5.826,730,-0.31,-0.02,-0.031,USD/lb,Authentic Futures Market Feed (1-Year 60m Candles)
2026-03-16 23:00,2026-03-16,23,Copper,HG=F,5.826,5.832,5.818,5.822,483,-0.06999999999999999,-0.004,0.016,USD/lb,Authentic Futures Market Feed (1-Year 60m Candles)
2026-03-17 00:00,2026-03-17,0,Copper,HG=F,5.823,5.839,5.821,5.834,267,0.21,0.011,0.015,USD/lb,Authentic Futures Market Feed (1-Year 60m Candles)
2026-03-17 01:00,2026-03-17,1,Copper,HG=F,5.835,5.838,5.804,5.805,595,-0.5,-0.03,-0.041,USD/lb,Authentic Futures Market Feed (1-Year 60m Candles)
2026-03-17 02:00,2026-03-17,2,Copper,HG=F,5.806,5.808,5.769,5.773,1042,-0.5499999999999999,-0.033,-0.003,USD/lb,Authentic Futures Market Feed (1-Year 60m Candles)
2026-03-17 03:00,2026-03-17,3,Copper,HG=F,5.775,5.791,5.771,5.777,1073,0.06999999999999999,0.002,0.035,USD/lb,Authentic Futures Market Feed (1-Year 60m Candles)
2026-03-17 04:00,2026-03-17,4,Copper,HG=F,5.777,5.784,5.758,5.777,1177,0.0,0.0,-0.002,USD/lb,Authentic Futures Market Feed (1-Year 60m Candles)
2026-03-17 05:00,2026-03-17,5,Copper,HG=F,5.777,5.777,5.75,5.764,1527,-0.22999999999999998,-0.013,-0.013,USD/lb,Authentic Futures Market Feed (1-Year 60m Candles)
2026-03-17 06:00,2026-03-17,6,Copper,HG=F,5.763,5.766,5.752,5.756,690,-0.13999999999999999,-0.007,0.006,USD/lb,Authentic Futures Market Feed (1-Year 60m Candles)
2026-03-17 07:00,2026-03-17,7,Copper,HG=F,5.755,5.772,5.749,5.762,738,0.1,0.007,0.014,USD/lb,Authentic Futures Market Feed (1-Year 60m Candles)
2026-03-17 08:00,2026-03-17,8,Copper,HG=F,5.762,5.787,5.758,5.779,2373,0.3,0.017,0.01,USD/lb,Authentic Futures Market Feed (1-Year 60m Candles)
2026-03-17 09:00,2026-03-17,9,Copper,HG=F,5.779,5.8,5.775,5.786,2792,0.12,0.007,-0.01,USD/lb,Authentic Futures Market Feed (1-Year 60m Candles)
2026-03-17 10:00,2026-03-17,10,Copper,HG=F,5.786,5.789,5.767,5.778,4010,-0.13999999999999999,-0.008,-0.015,USD/lb,Authentic Futures Market Feed (1-Year 60m Candles)
2026-03-17 11:00,2026-03-17,11,Copper,HG=F,5.777,5.784,5.737,5.761,2794,-0.29,-0.016,-0.008,USD/lb,Authentic Futures Market Feed (1-Year 60m Candles)
2026-03-17 12:00,2026-03-17,12,Copper,HG=F,5.761,5.778,5.753,5.766,3108,0.09,0.005,0.021,USD/lb,Authentic Futures Market Feed (1-Year 60m Candles)
2026-03-17 13:00,2026-03-17,13,Copper,HG=F,5.767,5.775,5.759,5.773,1255,0.12,0.006,0.001,USD/lb,Authentic Futures Market Feed (1-Year 60m Candles)
2026-03-17 14:00,2026-03-17,14,Copper,HG=F,5.773,5.773,5.766,5.771,305,-0.03,-0.002,-0.008,USD/lb,Authentic Futures Market Feed (1-Year 60m Candles)
2026-03-17 15:00,2026-03-17,15,Copper,HG=F,5.771,5.771,5.765,5.769,270,-0.03,-0.002,0.0,USD/lb,Authentic Futures Market Feed (1-Year 60m Candles)
2026-03-17 16:00,2026-03-17,16,Copper,HG=F,5.769,5.774,5.761,5.766,0,-0.05,-0.003,-0.001,USD/lb,Authentic Futures Market Feed (1-Year 60m Candles)
2026-03-17 18:00,2026-03-17,18,Copper,HG=F,5.777,5.779,5.765,5.769,105,0.05,-0.008,-0.005,USD/lb,Authentic Futures Market Feed (1-Year 60m Candles)
2026-03-17 19:00,2026-03-17,19,Copper,HG=F,5.768,5.769,5.764,5.764,91,-0.09,-0.004,0.004,USD/lb,Authentic Futures Market Feed (1-Year 60m Candles)
2026-03-17 20:00,2026-03-17,20,Copper,HG=F,5.764,5.777,5.755,5.766,493,0.03,0.002,0.006,USD/lb,Authentic Futures Market Feed (1-Year 60m Candles)
2026-03-17 21:00,2026-03-17,21,Copper,HG=F,5.765,5.779,5.742,5.755,1278,-0.19,-0.01,-0.012,USD/lb,Authentic Futures Market Feed (1-Year 60m Candles)
2026-03-17 22:00,2026-03-17,22,Copper,HG=F,5.755,5.773,5.746,5.752,848,-0.05,-0.003,0.007,USD/lb,Authentic Futures Market Feed (1-Year 60m Candles)
2026-03-17 23:00,2026-03-17,23,Copper,HG=F,5.753,5.756,5.715,5.723,1367,-0.5,-0.03,-0.027,USD/lb,Authentic Futures Market Feed (1-Year 60m Candles)
2026-03-18 00:00,2026-03-18,0,Copper,HG=F,5.722,5.729,5.72,5.725,429,0.03,0.003,0.033,USD/lb,Authentic Futures Market Feed (1-Year 60m Candles)
2026-03-18 01:00,2026-03-18,1,Copper,HG=F,5.725,5.743,5.699,5.706,1706,-0.33,-0.019,-0.022,USD/lb,Authentic Futures Market Feed (1-Year 60m Candles)
2026-03-18 02:00,2026-03-18,2,Copper,HG=F,5.705,5.738,5.703,5.735,1358,0.51,0.03,0.049,USD/lb,Authentic Futures Market Feed (1-Year 60m Candles)
2026-03-18 03:00,2026-03-18,3,Copper,HG=F,5.735,5.747,5.707,5.718,620,-0.3,-0.017,-0.047,USD/lb,Authentic Futures Market Feed (1-Year 60m Candles)
2026-03-18 04:00,2026-03-18,4,Copper,HG=F,5.717,5.721,5.7,5.709,1027,-0.16,-0.008,0.009,USD/lb,Authentic Futures Market Feed (1-Year 60m Candles)
2026-03-18 05:00,2026-03-18,5,Copper,HG=F,5.708,5.746,5.707,5.742,1319,0.58,0.034,0.042,USD/lb,Authentic Futures Market Feed (1-Year 60m Candles)
2026-03-18 06:00,2026-03-18,6,Copper,HG=F,5.741,5.744,5.721,5.723,843,-0.33,-0.018,-0.052,USD/lb,Authentic Futures Market Feed (1-Year 60m Candles)
2026-03-18 07:00,2026-03-18,7,Copper,HG=F,5.724,5.736,5.698,5.71,1980,-0.22999999999999998,-0.014,0.004,USD/lb,Authentic Futures Market Feed (1-Year 60m Candles)
2026-03-18 08:00,2026-03-18,8,Copper,HG=F,5.711,5.712,5.665,5.67,4265,-0.7000000000000001,-0.041,-0.027,USD/lb,Authentic Futures Market Feed (1-Year 60m Candles)
2026-03-18 09:00,2026-03-18,9,Copper,HG=F,5.67,5.674,5.559,5.576,20252,-1.66,-0.094,-0.053,USD/lb,Authentic Futures Market Feed (1-Year 60m Candles)
2026-03-18 10:00,2026-03-18,10,Copper,HG=F,5.576,5.615,5.572,5.602,5337,0.47000000000000003,0.026,0.12,USD/lb,Authentic Futures Market Feed (1-Year 60m Candles)
2026-03-18 11:00,2026-03-18,11,Copper,HG=F,5.603,5.612,5.591,5.601,3462,-0.02,-0.002,-0.028,USD/lb,Authentic Futures Market Feed (1-Year 60m Candles)
2026-03-18 12:00,2026-03-18,12,Copper,HG=F,5.6,5.616,5.588,5.592,4063,-0.16,-0.008,-0.006,USD/lb,Authentic Futures Market Feed (1-Year 60m Candles)
2026-03-18 13:00,2026-03-18,13,Copper,HG=F,5.593,5.598,5.583,5.585,2123,-0.13,-0.008,0.0,USD/lb,Authentic Futures Market Feed (1-Year 60m Candles)
2026-03-18 14:00,2026-03-18,14,Copper,HG=F,5.586,5.592,5.56,5.561,1575,-0.43,-0.025,-0.017,USD/lb,Authentic Futures Market Feed (1-Year 60m Candles)
2026-03-18 15:00,2026-03-18,15,Copper,HG=F,5.561,5.561,5.502,5.508,3243,-0.95,-0.053,-0.028,USD/lb,Authentic Futures Market Feed (1-Year 60m Candles)
2026-03-18 16:00,2026-03-18,16,Copper,HG=F,5.508,5.514,5.46,5.473,0,-0.64,-0.035,0.018,USD/lb,Authentic Futures Market Feed (1-Year 60m Candles)
2026-03-18 18:00,2026-03-18,18,Copper,HG=F,5.489,5.503,5.478,5.497,777,0.44,0.008,0.043,USD/lb,Authentic Futures Market Feed (1-Year 60m Candles)
2026-03-18 19:00,2026-03-18,19,Copper,HG=F,5.495,5.511,5.495,5.508,453,0.2,0.013,0.005,USD/lb,Authentic Futures Market Feed (1-Year 60m Candles)
2026-03-18 20:00,2026-03-18,20,Copper,HG=F,5.507,5.543,5.502,5.54,1697,0.58,0.033,0.02,USD/lb,Authentic Futures Market Feed (1-Year 60m Candles)
2026-03-18 21:00,2026-03-18,21,Copper,HG=F,5.537,5.555,5.509,5.514,3054,-0.47000000000000003,-0.023,-0.056,USD/lb,Authentic Futures Market Feed (1-Year 60m Candles)
2026-03-18 22:00,2026-03-18,22,Copper,HG=F,5.515,5.531,5.506,5.516,873,0.04,0.001,0.024,USD/lb,Authentic Futures Market Feed (1-Year 60m Candles)
2026-03-18 23:00,2026-03-18,23,Copper,HG=F,5.516,5.528,5.513,5.52,391,0.06999999999999999,0.004,0.003,USD/lb,Authentic Futures Market Feed (1-Year 60m Candles)
2026-03-19 00:00,2026-03-19,0,Copper,HG=F,5.519,5.519,5.505,5.515,511,-0.09,-0.004,-0.008,USD/lb,Authentic Futures Market Feed (1-Year 60m Candles)
2026-03-19 01:00,2026-03-19,1,Copper,HG=F,5.516,5.522,5.46,5.465,1548,-0.91,-0.051,-0.047,USD/lb,Authentic Futures Market Feed (1-Year 60m Candles)
2026-03-19 02:00,2026-03-19,2,Copper,HG=F,5.464,5.483,5.428,5.458,3815,-0.13,-0.006,0.045,USD/lb,Authentic Futures Market Feed (1-Year 60m Candles)
2026-03-19 03:00,2026-03-19,3,Copper,HG=F,5.459,5.49,5.437,5.438,2427,-0.37,-0.021,-0.015,USD/lb,Authentic Futures Market Feed (1-Year 60m Candles)
2026-03-19 04:00,2026-03-19,4,Copper,HG=F,5.439,5.461,5.419,5.447,2582,0.16999999999999998,0.008,0.029,USD/lb,Authentic Futures Market Feed (1-Year 60m Candles)
2026-03-19 05:00,2026-03-19,5,Copper,HG=F,5.445,5.477,5.436,5.467,2592,0.37,0.022,0.014,USD/lb,Authentic Futures Market Feed (1-Year 60m Candles)
2026-03-19 06:00,2026-03-19,6,Copper,HG=F,5.466,5.466,5.436,5.444,1483,-0.42,-0.022,-0.044,USD/lb,Authentic Futures Market Feed (1-Year 60m Candles)
2026-03-19 07:00,2026-03-19,7,Copper,HG=F,5.444,5.45,5.425,5.437,1726,-0.13,-0.007,0.015,USD/lb,Authentic Futures Market Feed (1-Year 60m Candles)
2026-03-19 08:00,2026-03-19,8,Copper,HG=F,5.436,5.437,5.311,5.324,11298,-2.08,-0.112,-0.105,USD/lb,Authentic Futures Market Feed (1-Year 60m Candles)
2026-03-19 09:00,2026-03-19,9,Copper,HG=F,5.324,5.424,5.297,5.421,13721,1.82,0.097,0.209,USD/lb,Authentic Futures Market Feed (1-Year 60m Candles)
2026-03-19 10:00,2026-03-19,10,Copper,HG=F,5.42,5.481,5.418,5.471,11489,0.9199999999999999,0.051,-0.046,USD/lb,Authentic Futures Market Feed (1-Year 60m Candles)
2026-03-19 11:00,2026-03-19,11,Copper,HG=F,5.471,5.51,5.446,5.484,5544,0.24,0.013,-0.038,USD/lb,Authentic Futures Market Feed (1-Year 60m Candles)
2026-03-19 12:00,2026-03-19,12,Copper,HG=F,5.485,5.504,5.458,5.469,4384,-0.27,-0.016,-0.029,USD/lb,Authentic Futures Market Feed (1-Year 60m Candles)
2026-03-19 13:00,2026-03-19,13,Copper,HG=F,5.47,5.5,5.457,5.49,1962,0.38,0.02,0.036,USD/lb,Authentic Futures Market Feed (1-Year 60m Candles)
2026-03-19 14:00,2026-03-19,14,Copper,HG=F,5.491,5.497,5.479,5.496,1242,0.11,0.005,-0.015,USD/lb,Authentic Futures Market Feed (1-Year 60m Candles)
2026-03-19 15:00,2026-03-19,15,Copper,HG=F,5.497,5.54,5.496,5.518,2118,0.4,0.021,0.016,USD/lb,Authentic Futures Market Feed (1-Year 60m Candles)
2026-03-19 16:00,2026-03-19,16,Copper,HG=F,5.518,5.529,5.516,5.521,0,0.05,0.003,-0.018,USD/lb,Authentic Futures Market Feed (1-Year 60m Candles)
2026-03-19 18:00,2026-03-19,18,Copper,HG=F,5.525,5.535,5.511,5.512,491,-0.16,-0.013,-0.016,USD/lb,Authentic Futures Market Feed (1-Year 60m Candles)
2026-03-19 19:00,2026-03-19,19,Copper,HG=F,5.514,5.529,5.514,5.517,398,0.09,0.003,0.016,USD/lb,Authentic Futures Market Feed (1-Year 60m Candles)
2026-03-19 20:00,2026-03-19,20,Copper,HG=F,5.518,5.528,5.505,5.515,572,-0.04,-0.003,-0.006,USD/lb,Authentic Futures Market Feed (1-Year 60m Candles)
2026-03-19 21:00,2026-03-19,21,Copper,HG=F,5.515,5.565,5.501,5.535,2259,0.36,0.02,0.023,USD/lb,Authentic Futures Market Feed (1-Year 60m Candles)
2026-03-19 22:00,2026-03-19,22,Copper,HG=F,5.538,5.545,5.521,5.534,978,-0.02,-0.004,-0.024,USD/lb,Authentic Futures Market Feed (1-Year 60m Candles)
2026-03-19 23:00,2026-03-19,23,Copper,HG=F,5.536,5.549,5.524,5.547,633,0.22999999999999998,0.011,0.015,USD/lb,Authentic Futures Market Feed (1-Year 60m Candles)
2026-03-20 00:00,2026-03-20,0,Copper,HG=F,5.548,5.553,5.543,5.549,447,0.04,0.001,-0.01,USD/lb,Authentic Futures Market Feed (1-Year 60m Candles)
2026-03-20 01:00,2026-03-20,1,Copper,HG=F,5.548,5.55,5.497,5.5,1097,-0.88,-0.048,-0.049,USD/lb,Authentic Futures Market Feed (1-Year 60m Candles)
2026-03-20 02:00,2026-03-20,2,Copper,HG=F,5.5,5.514,5.476,5.481,1206,-0.35000000000000003,-0.019,0.029,USD/lb,Authentic Futures Market Feed (1-Year 60m Candles)
2026-03-20 03:00,2026-03-20,3,Copper,HG=F,5.482,5.522,5.476,5.517,868,0.66,0.035,0.054,USD/lb,Authentic Futures Market Feed (1-Year 60m Candles)
2026-03-20 04:00,2026-03-20,4,Copper,HG=F,5.516,5.528,5.499,5.506,1227,-0.2,-0.01,-0.045,USD/lb,Authentic Futures Market Feed (1-Year 60m Candles)
2026-03-20 05:00,2026-03-20,5,Copper,HG=F,5.504,5.506,5.455,5.46,1871,-0.84,-0.044,-0.034,USD/lb,Authentic Futures Market Feed (1-Year 60m Candles)
2026-03-20 06:00,2026-03-20,6,Copper,HG=F,5.459,5.47,5.442,5.458,1381,-0.04,-0.001,0.043,USD/lb,Authentic Futures Market Feed (1-Year 60m Candles)
2026-03-20 07:00,2026-03-20,7,Copper,HG=F,5.458,5.477,5.453,5.464,1608,0.11,0.006,0.007,USD/lb,Authentic Futures Market Feed (1-Year 60m Candles)
2026-03-20 08:00,2026-03-20,8,Copper,HG=F,5.464,5.478,5.451,5.478,2447,0.26,0.014,0.008,USD/lb,Authentic Futures Market Feed (1-Year 60m Candles)
2026-03-20 09:00,2026-03-20,9,Copper,HG=F,5.478,5.479,5.379,5.384,7452,-1.72,-0.094,-0.108,USD/lb,Authentic Futures Market Feed (1-Year 60m Candles)
2026-03-20 10:00,2026-03-20,10,Copper,HG=F,5.383,5.386,5.354,5.372,6217,-0.22,-0.011,0.083,USD/lb,Authentic Futures Market Feed (1-Year 60m Candles)
2026-03-20 11:00,2026-03-20,11,Copper,HG=F,5.371,5.386,5.352,5.36,5371,-0.22,-0.011,0.0,USD/lb,Authentic Futures Market Feed (1-Year 60m Candles)
2026-03-20 12:00,2026-03-20,12,Copper,HG=F,5.36,5.403,5.359,5.372,5091,0.22,0.012,0.023,USD/lb,Authentic Futures Market Feed (1-Year 60m Candles)
2026-03-20 13:00,2026-03-20,13,Copper,HG=F,5.372,5.377,5.348,5.367,2821,-0.09,-0.005,-0.017,USD/lb,Authentic Futures Market Feed (1-Year 60m Candles)
2026-03-20 14:00,2026-03-20,14,Copper,HG=F,5.369,5.37,5.326,5.331,1829,-0.67,-0.038,-0.033,USD/lb,Authentic Futures Market Feed (1-Year 60m Candles)
2026-03-20 15:00,2026-03-20,15,Copper,HG=F,5.332,5.339,5.288,5.3,2712,-0.58,-0.032,0.006,USD/lb,Authentic Futures Market Feed (1-Year 60m Candles)
2026-03-20 16:00,2026-03-20,16,Copper,HG=F,5.299,5.31,5.271,5.302,1916,0.04,0.003,0.035,USD/lb,Authentic Futures Market Feed (1-Year 60m Candles)
2026-03-22 18:00,2026-03-22,18,Copper,HG=F,5.284,5.317,5.275,5.301,795,-0.02,0.017,0.014,USD/lb,Authentic Futures Market Feed (1-Year 60m Candles)
2026-03-22 19:00,2026-03-22,19,Copper,HG=F,5.302,5.315,5.299,5.311,464,0.19,0.009,-0.008,USD/lb,Authentic Futures Market Feed (1-Year 60m Candles)
2026-03-22 20:00,2026-03-22,20,Copper,HG=F,5.31,5.313,5.246,5.279,4769,-0.6,-0.031,-0.04,USD/lb,Authentic Futures Market Feed (1-Year 60m Candles)
2026-03-22 21:00,2026-03-22,21,Copper,HG=F,5.279,5.345,5.268,5.325,6508,0.8699999999999999,0.046,0.077,USD/lb,Authentic Futures Market Feed (1-Year 60m Candles)
2026-03-22 22:00,2026-03-22,22,Copper,HG=F,5.324,5.352,5.299,5.327,2638,0.04,0.003,-0.043,USD/lb,Authentic Futures Market Feed (1-Year 60m Candles)
2026-03-22 23:00,2026-03-22,23,Copper,HG=F,5.327,5.333,5.298,5.305,968,-0.41000000000000003,-0.022,-0.025,USD/lb,Authentic Futures Market Feed (1-Year 60m Candles)
2026-03-23 00:00,2026-03-23,0,Copper,HG=F,5.306,5.318,5.302,5.311,341,0.11,0.005,0.027,USD/lb,Authentic Futures Market Feed (1-Year 60m Candles)
2026-03-23 01:00,2026-03-23,1,Copper,HG=F,5.31,5.323,5.272,5.29,1514,-0.4,-0.02,-0.025,USD/lb,Authentic Futures Market Feed (1-Year 60m Candles)
2026-03-23 02:00,2026-03-23,2,Copper,HG=F,5.285,5.287,5.254,5.279,2611,-0.21,-0.006,0.014,USD/lb,Authentic Futures Market Feed (1-Year 60m Candles)
2026-03-23 03:00,2026-03-23,3,Copper,HG=F,5.279,5.285,5.255,5.26,2227,-0.36,-0.019,-0.013,USD/lb,Authentic Futures Market Feed (1-Year 60m Candles)
2026-03-23 04:00,2026-03-23,4,Copper,HG=F,5.259,5.324,5.259,5.316,2345,1.06,0.057,0.076,USD/lb,Authentic Futures Market Feed (1-Year 60m Candles)
2026-03-23 05:00,2026-03-23,5,Copper,HG=F,5.313,5.337,5.302,5.324,1972,0.15,0.011,-0.046,USD/lb,Authentic Futures Market Feed (1-Year 60m Candles)
2026-03-23 06:00,2026-03-23,6,Copper,HG=F,5.325,5.331,5.301,5.317,1310,-0.13,-0.008,-0.019,USD/lb,Authentic Futures Market Feed (1-Year 60m Candles)
2026-03-23 07:00,2026-03-23,7,Copper,HG=F,5.318,5.585,5.318,5.418,19032,1.9,0.1,0.108,USD/lb,Authentic Futures Market Feed (1-Year 60m Candles)
2026-03-23 08:00,2026-03-23,8,Copper,HG=F,5.416,5.494,5.386,5.488,10196,1.29,0.072,-0.028,USD/lb,Authentic Futures Market Feed (1-Year 60m Candles)
2026-03-23 09:00,2026-03-23,9,Copper,HG=F,5.489,5.495,5.429,5.479,5902,-0.16,-0.01,-0.082,USD/lb,Authentic Futures Market Feed (1-Year 60m Candles)
2026-03-23 10:00,2026-03-23,10,Copper,HG=F,5.481,5.512,5.456,5.499,6150,0.37,0.018,0.028,USD/lb,Authentic Futures Market Feed (1-Year 60m Candles)
2026-03-23 11:00,2026-03-23,11,Copper,HG=F,5.499,5.544,5.452,5.459,7275,-0.73,-0.04,-0.058,USD/lb,Authentic Futures Market Feed (1-Year 60m Candles)
2026-03-23 12:00,2026-03-23,12,Copper,HG=F,5.459,5.49,5.451,5.471,4104,0.22,0.012,0.052,USD/lb,Authentic Futures Market Feed (1-Year 60m Candles)
2026-03-23 13:00,2026-03-23,13,Copper,HG=F,5.471,5.505,5.462,5.497,1777,0.48,0.026,0.014,USD/lb,Authentic Futures Market Feed (1-Year 60m Candles)
2026-03-23 14:00,2026-03-23,14,Copper,HG=F,5.498,5.514,5.482,5.507,1670,0.18,0.009,-0.017,USD/lb,Authentic Futures Market Feed (1-Year 60m Candles)
2026-03-23 15:00,2026-03-23,15,Copper,HG=F,5.508,5.508,5.477,5.484,1501,-0.42,-0.024,-0.033,USD/lb,Authentic Futures Market Feed (1-Year 60m Candles)
2026-03-23 16:00,2026-03-23,16,Copper,HG=F,5.484,5.489,5.478,5.486,298,0.04,0.002,0.026,USD/lb,Authentic Futures Market Feed (1-Year 60m Candles)
2026-03-23 18:00,2026-03-23,18,Copper,HG=F,5.485,5.501,5.474,5.5,0,0.26,0.015,0.013,USD/lb,Authentic Futures Market Feed (1-Year 60m Candles)
2026-03-23 19:00,2026-03-23,19,Copper,HG=F,5.498,5.501,5.489,5.489,109,-0.2,-0.009,-0.024,USD/lb,Authentic Futures Market Feed (1-Year 60m Candles)
2026-03-23 20:00,2026-03-23,20,Copper,HG=F,5.494,5.494,5.445,5.464,709,-0.45999999999999996,-0.03,-0.021,USD/lb,Authentic Futures Market Feed (1-Year 60m Candles)
2026-03-23 21:00,2026-03-23,21,Copper,HG=F,5.464,5.467,5.404,5.406,1918,-1.06,-0.058,-0.028,USD/lb,Authentic Futures Market Feed (1-Year 60m Candles)
2026-03-23 22:00,2026-03-23,22,Copper,HG=F,5.405,5.438,5.4,5.423,955,0.31,0.018,0.076,USD/lb,Authentic Futures Market Feed (1-Year 60m Candles)
2026-03-23 23:00,2026-03-23,23,Copper,HG=F,5.422,5.425,5.4,5.405,568,-0.33,-0.017,-0.035,USD/lb,Authentic Futures Market Feed (1-Year 60m Candles)
2026-03-24 00:00,2026-03-24,0,Copper,HG=F,5.405,5.41,5.374,5.386,1069,-0.35000000000000003,-0.019,-0.002,USD/lb,Authentic Futures Market Feed (1-Year 60m Candles)
2026-03-24 01:00,2026-03-24,1,Copper,HG=F,5.387,5.397,5.356,5.373,2834,-0.24,-0.014,0.005,USD/lb,Authentic Futures Market Feed (1-Year 60m Candles)
2026-03-24 02:00,2026-03-24,2,Copper,HG=F,5.372,5.424,5.37,5.42,1458,0.8699999999999999,0.048,0.062,USD/lb,Authentic Futures Market Feed (1-Year 60m Candles)
2026-03-24 03:00,2026-03-24,3,Copper,HG=F,5.421,5.451,5.406,5.417,1723,-0.06,-0.004,-0.052,USD/lb,Authentic Futures Market Feed (1-Year 60m Candles)
2026-03-24 04:00,2026-03-24,4,Copper,HG=F,5.416,5.417,5.394,5.402,2188,-0.27999999999999997,-0.014,-0.01,USD/lb,Authentic Futures Market Feed (1-Year 60m Candles)
2026-03-24 05:00,2026-03-24,5,Copper,HG=F,5.4,5.406,5.382,5.404,1225,0.04,0.004,0.018,USD/lb,Authentic Futures Market Feed (1-Year 60m Candles)
2026-03-24 06:00,2026-03-24,6,Copper,HG=F,5.403,5.42,5.392,5.413,1374,0.16999999999999998,0.01,0.006,USD/lb,Authentic Futures Market Feed (1-Year 60m Candles)
2026-03-24 07:00,2026-03-24,7,Copper,HG=F,5.414,5.424,5.397,5.419,1496,0.11,0.005,-0.005,USD/lb,Authentic Futures Market Feed (1-Year 60m Candles)
2026-03-24 08:00,2026-03-24,8,Copper,HG=F,5.418,5.425,5.386,5.394,3487,-0.45999999999999996,-0.024,-0.029,USD/lb,Authentic Futures Market Feed (1-Year 60m Candles)
2026-03-24 09:00,2026-03-24,9,Copper,HG=F,5.393,5.426,5.389,5.423,3962,0.54,0.03,0.054,USD/lb,Authentic Futures Market Feed (1-Year 60m Candles)
2026-03-24 10:00,2026-03-24,10,Copper,HG=F,5.422,5.473,5.42,5.449,4441,0.48,0.027,-0.003,USD/lb,Authentic Futures Market Feed (1-Year 60m Candles)
2026-03-24 11:00,2026-03-24,11,Copper,HG=F,5.451,5.477,5.451,5.451,3076,0.04,0.0,-0.027,USD/lb,Authentic Futures Market Feed (1-Year 60m Candles)
2026-03-24 12:00,2026-03-24,12,Copper,HG=F,5.452,5.47,5.444,5.456,2931,0.09,0.004,0.004,USD/lb,Authentic Futures Market Feed (1-Year 60m Candles)
2026-03-24 13:00,2026-03-24,13,Copper,HG=F,5.456,5.459,5.42,5.443,2052,-0.24,-0.013,-0.017,USD/lb,Authentic Futures Market Feed (1-Year 60m Candles)
2026-03-24 14:00,2026-03-24,14,Copper,HG=F,5.444,5.473,5.435,5.455,1036,0.22,0.011,0.024,USD/lb,Authentic Futures Market Feed (1-Year 60m Candles)
2026-03-24 15:00,2026-03-24,15,Copper,HG=F,5.457,5.472,5.451,5.454,775,-0.02,-0.003,-0.014,USD/lb,Authentic Futures Market Feed (1-Year 60m Candles)
2026-03-24 16:00,2026-03-24,16,Copper,HG=F,5.454,5.57,5.453,5.558,3708,1.91,0.104,0.107,USD/lb,Authentic Futures Market Feed (1-Year 60m Candles)
2026-03-24 18:00,2026-03-24,18,Copper,HG=F,5.558,5.558,5.52,5.533,0,-0.44999999999999996,-0.025,-0.129,USD/lb,Authentic Futures Market Feed (1-Year 60m Candles)
2026-03-24 19:00,2026-03-24,19,Copper,HG=F,5.533,5.555,5.521,5.555,869,0.4,0.022,0.047,USD/lb,Authentic Futures Market Feed (1-Year 60m Candles)
2026-03-24 20:00,2026-03-24,20,Copper,HG=F,5.555,5.58,5.542,5.558,2794,0.05,0.003,-0.019,USD/lb,Authentic Futures Market Feed (1-Year 60m Candles)
2026-03-24 21:00,2026-03-24,21,Copper,HG=F,5.557,5.571,5.515,5.535,3780,-0.41000000000000003,-0.022,-0.025,USD/lb,Authentic Futures Market Feed (1-Year 60m Candles)
2026-03-24 22:00,2026-03-24,22,Copper,HG=F,5.536,5.544,5.519,5.521,991,-0.25,-0.015,0.007,USD/lb,Authentic Futures Market Feed (1-Year 60m Candles)
2026-03-24 23:00,2026-03-24,23,Copper,HG=F,5.52,5.537,5.517,5.533,475,0.22,0.013,0.028,USD/lb,Authentic Futures Market Feed (1-Year 60m Candles)
2026-03-25 00:00,2026-03-25,0,Copper,HG=F,5.532,5.545,5.53,5.541,413,0.13999999999999999,0.009,-0.004,USD/lb,Authentic Futures Market Feed (1-Year 60m Candles)
2026-03-25 01:00,2026-03-25,1,Copper,HG=F,5.539,5.542,5.509,5.518,835,-0.42,-0.021,-0.03,USD/lb,Authentic Futures Market Feed (1-Year 60m Candles)
2026-03-25 02:00,2026-03-25,2,Copper,HG=F,5.517,5.535,5.501,5.519,737,0.02,0.002,0.023,USD/lb,Authentic Futures Market Feed (1-Year 60m Candles)
2026-03-25 03:00,2026-03-25,3,Copper,HG=F,5.518,5.537,5.505,5.506,764,-0.24,-0.012,-0.014,USD/lb,Authentic Futures Market Feed (1-Year 60m Candles)
2026-03-25 04:00,2026-03-25,4,Copper,HG=F,5.506,5.549,5.504,5.525,1810,0.35000000000000003,0.019,0.031,USD/lb,Authentic Futures Market Feed (1-Year 60m Candles)
2026-03-25 05:00,2026-03-25,5,Copper,HG=F,5.525,5.546,5.506,5.536,1735,0.2,0.011,-0.008,USD/lb,Authentic Futures Market Feed (1-Year 60m Candles)
2026-03-25 06:00,2026-03-25,6,Copper,HG=F,5.536,5.549,5.523,5.54,1538,0.06999999999999999,0.004,-0.007,USD/lb,Authentic Futures Market Feed (1-Year 60m Candles)
2026-03-25 07:00,2026-03-25,7,Copper,HG=F,5.54,5.554,5.534,5.547,1392,0.13,0.007,0.003,USD/lb,Authentic Futures Market Feed (1-Year 60m Candles)
2026-03-25 08:00,2026-03-25,8,Copper,HG=F,5.548,5.567,5.505,5.535,4316,-0.22,-0.013,-0.02,USD/lb,Authentic Futures Market Feed (1-Year 60m Candles)
2026-03-25 09:00,2026-03-25,9,Copper,HG=F,5.536,5.54,5.517,5.518,2333,-0.31,-0.018,-0.005,USD/lb,Authentic Futures Market Feed (1-Year 60m Candles)
2026-03-25 10:00,2026-03-25,10,Copper,HG=F,5.519,5.596,5.512,5.563,5592,0.8200000000000001,0.044,0.062,USD/lb,Authentic Futures Market Feed (1-Year 60m Candles)
2026-03-25 11:00,2026-03-25,11,Copper,HG=F,5.563,5.567,5.519,5.541,2620,-0.4,-0.022,-0.066,USD/lb,Authentic Futures Market Feed (1-Year 60m Candles)
2026-03-25 12:00,2026-03-25,12,Copper,HG=F,5.542,5.565,5.538,5.561,3483,0.36,0.019,0.041,USD/lb,Authentic Futures Market Feed (1-Year 60m Candles)
2026-03-25 13:00,2026-03-25,13,Copper,HG=F,5.56,5.571,5.549,5.552,1958,-0.16,-0.008,-0.027,USD/lb,Authentic Futures Market Feed (1-Year 60m Candles)
2026-03-25 14:00,2026-03-25,14,Copper,HG=F,5.553,5.569,5.538,5.543,1788,-0.16,-0.01,-0.002,USD/lb,Authentic Futures Market Feed (1-Year 60m Candles)
2026-03-25 15:00,2026-03-25,15,Copper,HG=F,5.543,5.543,5.511,5.532,1137,-0.2,-0.011,-0.001,USD/lb,Authentic Futures Market Feed (1-Year 60m Candles)
2026-03-25 16:00,2026-03-25,16,Copper,HG=F,5.532,5.535,5.505,5.52,0,-0.22,-0.012,-0.001,USD/lb,Authentic Futures Market Feed (1-Year 60m Candles)
2026-03-25 18:00,2026-03-25,18,Copper,HG=F,5.524,5.53,5.517,5.521,232,0.02,-0.003,0.009,USD/lb,Authentic Futures Market Feed (1-Year 60m Candles)
2026-03-25 19:00,2026-03-25,19,Copper,HG=F,5.52,5.52,5.51,5.519,252,-0.04,-0.001,0.002,USD/lb,Authentic Futures Market Feed (1-Year 60m Candles)
2026-03-25 20:00,2026-03-25,20,Copper,HG=F,5.519,5.539,5.519,5.535,486,0.29,0.016,0.017,USD/lb,Authentic Futures Market Feed (1-Year 60m Candles)
2026-03-25 21:00,2026-03-25,21,Copper,HG=F,5.535,5.536,5.506,5.515,1068,-0.36,-0.02,-0.036,USD/lb,Authentic Futures Market Feed (1-Year 60m Candles)
2026-03-25 22:00,2026-03-25,22,Copper,HG=F,5.515,5.519,5.483,5.49,981,-0.44999999999999996,-0.025,-0.005,USD/lb,Authentic Futures Market Feed (1-Year 60m Candles)
2026-03-25 23:00,2026-03-25,23,Copper,HG=F,5.49,5.504,5.478,5.484,759,-0.11,-0.006,0.019,USD/lb,Authentic Futures Market Feed (1-Year 60m Candles)
2026-03-26 00:00,2026-03-26,0,Copper,HG=F,5.485,5.489,5.48,5.484,236,0.0,-0.001,0.005,USD/lb,Authentic Futures Market Feed (1-Year 60m Candles)
2026-03-26 01:00,2026-03-26,1,Copper,HG=F,5.484,5.486,5.462,5.462,1049,-0.4,-0.022,-0.021,USD/lb,Authentic Futures Market Feed (1-Year 60m Candles)
2026-03-26 02:00,2026-03-26,2,Copper,HG=F,5.462,5.508,5.46,5.5,1205,0.7000000000000001,0.038,0.06,USD/lb,Authentic Futures Market Feed (1-Year 60m Candles)
2026-03-26 03:00,2026-03-26,3,Copper,HG=F,5.501,5.503,5.479,5.49,797,-0.18,-0.011,-0.049,USD/lb,Authentic Futures Market Feed (1-Year 60m Candles)
2026-03-26 04:00,2026-03-26,4,Copper,HG=F,5.49,5.517,5.49,5.506,1289,0.29,0.016,0.027,USD/lb,Authentic Futures Market Feed (1-Year 60m Candles)
2026-03-26 05:00,2026-03-26,5,Copper,HG=F,5.506,5.528,5.499,5.51,1596,0.06999999999999999,0.004,-0.012,USD/lb,Authentic Futures Market Feed (1-Year 60m Candles)
2026-03-26 06:00,2026-03-26,6,Copper,HG=F,5.51,5.54,5.504,5.517,1300,0.13,0.007,0.003,USD/lb,Authentic Futures Market Feed (1-Year 60m Candles)
2026-03-26 07:00,2026-03-26,7,Copper,HG=F,5.518,5.529,5.508,5.51,975,-0.13,-0.008,-0.015,USD/lb,Authentic Futures Market Feed (1-Year 60m Candles)
2026-03-26 08:00,2026-03-26,8,Copper,HG=F,5.512,5.523,5.492,5.496,3117,-0.25,-0.016,-0.008,USD/lb,Authentic Futures Market Feed (1-Year 60m Candles)
2026-03-26 09:00,2026-03-26,9,Copper,HG=F,5.495,5.53,5.49,5.528,5329,0.58,0.033,0.049,USD/lb,Authentic Futures Market Feed (1-Year 60m Candles)
2026-03-26 10:00,2026-03-26,10,Copper,HG=F,5.527,5.541,5.507,5.518,3763,-0.18,-0.009,-0.042,USD/lb,Authentic Futures Market Feed (1-Year 60m Candles)
2026-03-26 11:00,2026-03-26,11,Copper,HG=F,5.519,5.529,5.504,5.504,3250,-0.25,-0.015,-0.006,USD/lb,Authentic Futures Market Feed (1-Year 60m Candles)
2026-03-26 12:00,2026-03-26,12,Copper,HG=F,5.504,5.507,5.471,5.473,5880,-0.5599999999999999,-0.031,-0.016,USD/lb,Authentic Futures Market Feed (1-Year 60m Candles)
2026-03-26 13:00,2026-03-26,13,Copper,HG=F,5.475,5.489,5.458,5.463,3940,-0.18,-0.012,0.019,USD/lb,Authentic Futures Market Feed (1-Year 60m Candles)
2026-03-26 14:00,2026-03-26,14,Copper,HG=F,5.463,5.472,5.445,5.469,1562,0.11,0.006,0.018,USD/lb,Authentic Futures Market Feed (1-Year 60m Candles)
2026-03-26 15:00,2026-03-26,15,Copper,HG=F,5.47,5.471,5.453,5.454,468,-0.27,-0.016,-0.022,USD/lb,Authentic Futures Market Feed (1-Year 60m Candles)
2026-03-26 16:00,2026-03-26,16,Copper,HG=F,5.453,5.499,5.448,5.47,0,0.29,0.017,0.033,USD/lb,Authentic Futures Market Feed (1-Year 60m Candles)
2026-03-26 18:00,2026-03-26,18,Copper,HG=F,5.485,5.49,5.469,5.488,350,0.33,0.003,-0.014,USD/lb,Authentic Futures Market Feed (1-Year 60m Candles)
2026-03-26 19:00,2026-03-26,19,Copper,HG=F,5.49,5.491,5.481,5.49,148,0.04,0.0,-0.003,USD/lb,Authentic Futures Market Feed (1-Year 60m Candles)
2026-03-26 20:00,2026-03-26,20,Copper,HG=F,5.49,5.494,5.464,5.468,455,-0.4,-0.022,-0.022,USD/lb,Authentic Futures Market Feed (1-Year 60m Candles)
2026-03-26 21:00,2026-03-26,21,Copper,HG=F,5.469,5.504,5.466,5.502,924,0.62,0.033,0.055,USD/lb,Authentic Futures Market Feed (1-Year 60m Candles)
2026-03-26 22:00,2026-03-26,22,Copper,HG=F,5.502,5.517,5.502,5.51,791,0.15,0.008,-0.025,USD/lb,Authentic Futures Market Feed (1-Year 60m Candles)
2026-03-26 23:00,2026-03-26,23,Copper,HG=F,5.511,5.539,5.511,5.537,636,0.49,0.026,0.018,USD/lb,Authentic Futures Market Feed (1-Year 60m Candles)
2026-03-27 00:00,2026-03-27,0,Copper,HG=F,5.538,5.543,5.536,5.542,521,0.09,0.004,-0.022,USD/lb,Authentic Futures Market Feed (1-Year 60m Candles)
2026-03-27 01:00,2026-03-27,1,Copper,HG=F,5.543,5.569,5.538,5.539,1442,-0.05,-0.004,-0.008,USD/lb,Authentic Futures Market Feed (1-Year 60m Candles)
2026-03-27 02:00,2026-03-27,2,Copper,HG=F,5.538,5.548,5.528,5.532,567,-0.13,-0.006,-0.002,USD/lb,Authentic Futures Market Feed (1-Year 60m Candles)
2026-03-27 03:00,2026-03-27,3,Copper,HG=F,5.532,5.536,5.505,5.509,840,-0.42,-0.023,-0.017,USD/lb,Authentic Futures Market Feed (1-Year 60m Candles)
2026-03-27 04:00,2026-03-27,4,Copper,HG=F,5.509,5.513,5.499,5.5,718,-0.16,-0.009,0.014,USD/lb,Authentic Futures Market Feed (1-Year 60m Candles)
2026-03-27 05:00,2026-03-27,5,Copper,HG=F,5.502,5.516,5.478,5.483,1855,-0.31,-0.019,-0.01,USD/lb,Authentic Futures Market Feed (1-Year 60m Candles)
2026-03-27 06:00,2026-03-27,6,Copper,HG=F,5.482,5.494,5.464,5.469,1113,-0.26,-0.013,0.006,USD/lb,Authentic Futures Market Feed (1-Year 60m Candles)
2026-03-27 07:00,2026-03-27,7,Copper,HG=F,5.47,5.479,5.458,5.469,1386,0.0,-0.001,0.012,USD/lb,Authentic Futures Market Feed (1-Year 60m Candles)
2026-03-27 08:00,2026-03-27,8,Copper,HG=F,5.469,5.474,5.459,5.468,2973,-0.02,-0.001,0.0,USD/lb,Authentic Futures Market Feed (1-Year 60m Candles)
2026-03-27 09:00,2026-03-27,9,Copper,HG=F,5.469,5.495,5.464,5.477,3405,0.16,0.008,0.009,USD/lb,Authentic Futures Market Feed (1-Year 60m Candles)
2026-03-27 10:00,2026-03-27,10,Copper,HG=F,5.477,5.511,5.476,5.508,3691,0.5700000000000001,0.031,0.023,USD/lb,Authentic Futures Market Feed (1-Year 60m Candles)
2026-03-27 11:00,2026-03-27,11,Copper,HG=F,5.508,5.531,5.502,5.505,4709,-0.05,-0.003,-0.034,USD/lb,Authentic Futures Market Feed (1-Year 60m Candles)
2026-03-27 12:00,2026-03-27,12,Copper,HG=F,5.505,5.51,5.491,5.497,4121,-0.15,-0.008,-0.005,USD/lb,Authentic Futures Market Feed (1-Year 60m Candles)
2026-03-27 13:00,2026-03-27,13,Copper,HG=F,5.496,5.502,5.457,5.471,2863,-0.47000000000000003,-0.025,-0.017,USD/lb,Authentic Futures Market Feed (1-Year 60m Candles)
2026-03-27 14:00,2026-03-27,14,Copper,HG=F,5.472,5.488,5.462,5.475,1026,0.06999999999999999,0.003,0.028,USD/lb,Authentic Futures Market Feed (1-Year 60m Candles)
2026-03-27 15:00,2026-03-27,15,Copper,HG=F,5.475,5.477,5.46,5.47,749,-0.09,-0.005,-0.008,USD/lb,Authentic Futures Market Feed (1-Year 60m Candles)
2026-03-27 16:00,2026-03-27,16,Copper,HG=F,5.469,5.474,5.455,5.462,628,-0.15,-0.007,-0.002,USD/lb,Authentic Futures Market Feed (1-Year 60m Candles)
2026-03-29 18:00,2026-03-29,18,Copper,HG=F,5.41,5.428,5.405,5.419,829,-0.79,0.009,0.016,USD/lb,Authentic Futures Market Feed (1-Year 60m Candles)
2026-03-29 19:00,2026-03-29,19,Copper,HG=F,5.42,5.426,5.406,5.426,701,0.13,0.006,-0.003,USD/lb,Authentic Futures Market Feed (1-Year 60m Candles)
2026-03-29 20:00,2026-03-29,20,Copper,HG=F,5.426,5.449,5.412,5.446,1940,0.37,0.02,0.014,USD/lb,Authentic Futures Market Feed (1-Year 60m Candles)
2026-03-29 21:00,2026-03-29,21,Copper,HG=F,5.448,5.469,5.446,5.456,1530,0.18,0.008,-0.012,USD/lb,Authentic Futures Market Feed (1-Year 60m Candles)
2026-03-29 22:00,2026-03-29,22,Copper,HG=F,5.456,5.484,5.453,5.48,939,0.44,0.024,0.016,USD/lb,Authentic Futures Market Feed (1-Year 60m Candles)
2026-03-29 23:00,2026-03-29,23,Copper,HG=F,5.479,5.508,5.479,5.503,748,0.42,0.024,0.0,USD/lb,Authentic Futures Market Feed (1-Year 60m Candles)
2026-03-30 00:00,2026-03-30,0,Copper,HG=F,5.503,5.511,5.5,5.502,336,-0.02,-0.001,-0.025,USD/lb,Authentic Futures Market Feed (1-Year 60m Candles)
2026-03-30 01:00,2026-03-30,1,Copper,HG=F,5.499,5.512,5.494,5.505,755,0.05,0.006,0.007,USD/lb,Authentic Futures Market Feed (1-Year 60m Candles)
2026-03-30 02:00,2026-03-30,2,Copper,HG=F,5.503,5.525,5.502,5.508,842,0.05,0.005,-0.001,USD/lb,Authentic Futures Market Feed (1-Year 60m Candles)
2026-03-30 03:00,2026-03-30,3,Copper,HG=F,5.508,5.525,5.492,5.523,1215,0.27,0.015,0.01,USD/lb,Authentic Futures Market Feed (1-Year 60m Candles)
2026-03-30 04:00,2026-03-30,4,Copper,HG=F,5.523,5.524,5.504,5.51,1003,-0.24,-0.013,-0.028,USD/lb,Authentic Futures Market Feed (1-Year 60m Candles)
2026-03-30 05:00,2026-03-30,5,Copper,HG=F,5.51,5.525,5.506,5.518,673,0.15,0.008,0.021,USD/lb,Authentic Futures Market Feed (1-Year 60m Candles)
2026-03-30 06:00,2026-03-30,6,Copper,HG=F,5.517,5.524,5.512,5.514,511,-0.06999999999999999,-0.003,-0.011,USD/lb,Authentic Futures Market Feed (1-Year 60m Candles)
2026-03-30 07:00,2026-03-30,7,Copper,HG=F,5.515,5.536,5.505,5.528,2148,0.25,0.013,0.016,USD/lb,Authentic Futures Market Feed (1-Year 60m Candles)
2026-03-30 08:00,2026-03-30,8,Copper,HG=F,5.528,5.538,5.507,5.534,2034,0.11,0.006,-0.007,USD/lb,Authentic Futures Market Feed (1-Year 60m Candles)
2026-03-30 09:00,2026-03-30,9,Copper,HG=F,5.535,5.542,5.484,5.49,3255,-0.8,-0.045,-0.051,USD/lb,Authentic Futures Market Feed (1-Year 60m Candles)
2026-03-30 10:00,2026-03-30,10,Copper,HG=F,5.49,5.511,5.483,5.506,4803,0.29,0.016,0.061,USD/lb,Authentic Futures Market Feed (1-Year 60m Candles)
2026-03-30 11:00,2026-03-30,11,Copper,HG=F,5.506,5.525,5.496,5.515,3082,0.16,0.009,-0.007,USD/lb,Authentic Futures Market Feed (1-Year 60m Candles)
2026-03-30 12:00,2026-03-30,12,Copper,HG=F,5.514,5.516,5.501,5.502,3867,-0.24,-0.012,-0.021,USD/lb,Authentic Futures Market Feed (1-Year 60m Candles)
2026-03-30 13:00,2026-03-30,13,Copper,HG=F,5.502,5.503,5.487,5.503,1951,0.02,0.001,0.013,USD/lb,Authentic Futures Market Feed (1-Year 60m Candles)
2026-03-30 14:00,2026-03-30,14,Copper,HG=F,5.502,5.505,5.492,5.493,523,-0.18,-0.009,-0.01,USD/lb,Authentic Futures Market Feed (1-Year 60m Candles)
2026-03-30 15:00,2026-03-30,15,Copper,HG=F,5.492,5.495,5.476,5.495,810,0.04,0.003,0.012,USD/lb,Authentic Futures Market Feed (1-Year 60m Candles)
2026-03-30 16:00,2026-03-30,16,Copper,HG=F,5.494,5.494,5.483,5.487,281,-0.15,-0.007,-0.01,USD/lb,Authentic Futures Market Feed (1-Year 60m Candles)
2026-03-30 18:00,2026-03-30,18,Copper,HG=F,5.486,5.494,5.483,5.483,0,-0.06999999999999999,-0.003,0.004,USD/lb,Authentic Futures Market Feed (1-Year 60m Candles)
2026-03-30 19:00,2026-03-30,19,Copper,HG=F,5.484,5.487,5.477,5.482,235,-0.02,-0.002,0.001,USD/lb,Authentic Futures Market Feed (1-Year 60m Candles)
2026-03-30 20:00,2026-03-30,20,Copper,HG=F,5.483,5.51,5.464,5.51,979,0.51,0.027,0.029,USD/lb,Authentic Futures Market Feed (1-Year 60m Candles)
2026-03-30 21:00,2026-03-30,21,Copper,HG=F,5.509,5.549,5.503,5.536,1913,0.47000000000000003,0.027,0.0,USD/lb,Authentic Futures Market Feed (1-Year 60m Candles)
2026-03-30 22:00,2026-03-30,22,Copper,HG=F,5.541,5.541,5.517,5.518,830,-0.33,-0.023,-0.05,USD/lb,Authentic Futures Market Feed (1-Year 60m Candles)
2026-03-30 23:00,2026-03-30,23,Copper,HG=F,5.518,5.525,5.499,5.5,385,-0.33,-0.018,0.005,USD/lb,Authentic Futures Market Feed (1-Year 60m Candles)
2026-03-31 00:00,2026-03-31,0,Copper,HG=F,5.501,5.505,5.495,5.496,208,-0.06999999999999999,-0.005,0.013,USD/lb,Authentic Futures Market Feed (1-Year 60m Candles)
2026-03-31 01:00,2026-03-31,1,Copper,HG=F,5.495,5.524,5.485,5.512,914,0.29,0.017,0.022,USD/lb,Authentic Futures Market Feed (1-Year 60m Candles)
2026-03-31 02:00,2026-03-31,2,Copper,HG=F,5.511,5.514,5.497,5.512,486,0.0,0.001,-0.016,USD/lb,Authentic Futures Market Feed (1-Year 60m Candles)
2026-03-31 03:00,2026-03-31,3,Copper,HG=F,5.512,5.549,5.512,5.534,1605,0.4,0.022,0.021,USD/lb,Authentic Futures Market Feed (1-Year 60m Candles)
2026-03-31 04:00,2026-03-31,4,Copper,HG=F,5.532,5.535,5.513,5.518,1065,-0.29,-0.014,-0.036,USD/lb,Authentic Futures Market Feed (1-Year 60m Candles)
2026-03-31 05:00,2026-03-31,5,Copper,HG=F,5.517,5.523,5.504,5.509,834,-0.16,-0.008,0.006,USD/lb,Authentic Futures Market Feed (1-Year 60m Candles)
2026-03-31 06:00,2026-03-31,6,Copper,HG=F,5.509,5.522,5.497,5.521,659,0.22,0.012,0.02,USD/lb,Authentic Futures Market Feed (1-Year 60m Candles)
2026-03-31 07:00,2026-03-31,7,Copper,HG=F,5.521,5.544,5.518,5.54,2189,0.33999999999999997,0.019,0.007,USD/lb,Authentic Futures Market Feed (1-Year 60m Candles)
2026-03-31 08:00,2026-03-31,8,Copper,HG=F,5.54,5.554,5.525,5.548,4230,0.13999999999999999,0.008,-0.011,USD/lb,Authentic Futures Market Feed (1-Year 60m Candles)
2026-03-31 09:00,2026-03-31,9,Copper,HG=F,5.548,5.558,5.53,5.555,3878,0.13,0.007,-0.001,USD/lb,Authentic Futures Market Feed (1-Year 60m Candles)
2026-03-31 10:00,2026-03-31,10,Copper,HG=F,5.554,5.591,5.551,5.56,6150,0.09,0.006,-0.001,USD/lb,Authentic Futures Market Feed (1-Year 60m Candles)
2026-03-31 11:00,2026-03-31,11,Copper,HG=F,5.56,5.584,5.56,5.569,3833,0.16,0.009,0.003,USD/lb,Authentic Futures Market Feed (1-Year 60m Candles)
2026-03-31 12:00,2026-03-31,12,Copper,HG=F,5.57,5.62,5.569,5.614,12323,0.8099999999999999,0.044,0.035,USD/lb,Authentic Futures Market Feed (1-Year 60m Candles)
2026-03-31 13:00,2026-03-31,13,Copper,HG=F,5.614,5.622,5.594,5.603,4025,-0.2,-0.011,-0.055,USD/lb,Authentic Futures Market Feed (1-Year 60m Candles)
2026-03-31 14:00,2026-03-31,14,Copper,HG=F,5.602,5.626,5.602,5.623,1531,0.36,0.021,0.032,USD/lb,Authentic Futures Market Feed (1-Year 60m Candles)
2026-03-31 15:00,2026-03-31,15,Copper,HG=F,5.623,5.638,5.618,5.634,936,0.2,0.011,-0.01,USD/lb,Authentic Futures Market Feed (1-Year 60m Candles)
2026-03-31 16:00,2026-03-31,16,Copper,HG=F,5.634,5.654,5.633,5.652,1464,0.32,0.018,0.007,USD/lb,Authentic Futures Market Feed (1-Year 60m Candles)
2026-03-31 18:00,2026-03-31,18,Copper,HG=F,5.648,5.656,5.643,5.649,0,-0.05,0.001,-0.017,USD/lb,Authentic Futures Market Feed (1-Year 60m Candles)
2026-03-31 19:00,2026-03-31,19,Copper,HG=F,5.649,5.652,5.643,5.644,566,-0.09,-0.005,-0.006,USD/lb,Authentic Futures Market Feed (1-Year 60m Candles)
2026-03-31 20:00,2026-03-31,20,Copper,HG=F,5.645,5.647,5.625,5.642,1992,-0.04,-0.003,0.002,USD/lb,Authentic Futures Market Feed (1-Year 60m Candles)
2026-03-31 21:00,2026-03-31,21,Copper,HG=F,5.644,5.655,5.63,5.641,1349,-0.02,-0.003,0.0,USD/lb,Authentic Futures Market Feed (1-Year 60m Candles)
2026-03-31 22:00,2026-03-31,22,Copper,HG=F,5.642,5.655,5.639,5.641,864,0.0,-0.001,0.002,USD/lb,Authentic Futures Market Feed (1-Year 60m Candles)
2026-03-31 23:00,2026-03-31,23,Copper,HG=F,5.641,5.649,5.63,5.63,486,-0.2,-0.011,-0.01,USD/lb,Authentic Futures Market Feed (1-Year 60m Candles)
2026-04-01 00:00,2026-04-01,0,Copper,HG=F,5.632,5.632,5.617,5.627,512,-0.05,-0.005,0.006,USD/lb,Authentic Futures Market Feed (1-Year 60m Candles)
2026-04-01 01:00,2026-04-01,1,Copper,HG=F,5.628,5.647,5.623,5.624,761,-0.05,-0.004,0.001,USD/lb,Authentic Futures Market Feed (1-Year 60m Candles)
2026-04-01 02:00,2026-04-01,2,Copper,HG=F,5.624,5.658,5.624,5.656,1566,0.5700000000000001,0.032,0.036,USD/lb,Authentic Futures Market Feed (1-Year 60m Candles)
2026-04-01 03:00,2026-04-01,3,Copper,HG=F,5.656,5.663,5.635,5.637,1959,-0.33999999999999997,-0.019,-0.051,USD/lb,Authentic Futures Market Feed (1-Year 60m Candles)
2026-04-01 04:00,2026-04-01,4,Copper,HG=F,5.637,5.661,5.633,5.646,1593,0.16,0.009,0.028,USD/lb,Authentic Futures Market Feed (1-Year 60m Candles)
2026-04-01 05:00,2026-04-01,5,Copper,HG=F,5.646,5.647,5.616,5.621,1354,-0.44,-0.025,-0.034,USD/lb,Authentic Futures Market Feed (1-Year 60m Candles)
2026-04-01 06:00,2026-04-01,6,Copper,HG=F,5.621,5.63,5.606,5.627,1719,0.11,0.006,0.031,USD/lb,Authentic Futures Market Feed (1-Year 60m Candles)
2026-04-01 07:00,2026-04-01,7,Copper,HG=F,5.627,5.634,5.596,5.617,3251,-0.18,-0.01,-0.016,USD/lb,Authentic Futures Market Feed (1-Year 60m Candles)
2026-04-01 08:00,2026-04-01,8,Copper,HG=F,5.617,5.617,5.584,5.595,4755,-0.38999999999999996,-0.022,-0.012,USD/lb,Authentic Futures Market Feed (1-Year 60m Candles)
2026-04-01 09:00,2026-04-01,9,Copper,HG=F,5.595,5.623,5.59,5.604,3737,0.16,0.009,0.031,USD/lb,Authentic Futures Market Feed (1-Year 60m Candles)
2026-04-01 10:00,2026-04-01,10,Copper,HG=F,5.603,5.624,5.592,5.623,3249,0.33999999999999997,0.02,0.011,USD/lb,Authentic Futures Market Feed (1-Year 60m Candles)
2026-04-01 11:00,2026-04-01,11,Copper,HG=F,5.624,5.64,5.618,5.63,3953,0.12,0.006,-0.014,USD/lb,Authentic Futures Market Feed (1-Year 60m Candles)
2026-04-01 12:00,2026-04-01,12,Copper,HG=F,5.63,5.65,5.627,5.647,5815,0.3,0.017,0.011,USD/lb,Authentic Futures Market Feed (1-Year 60m Candles)
2026-04-01 13:00,2026-04-01,13,Copper,HG=F,5.646,5.654,5.642,5.644,1631,-0.05,-0.002,-0.019,USD/lb,Authentic Futures Market Feed (1-Year 60m Candles)
2026-04-01 14:00,2026-04-01,14,Copper,HG=F,5.643,5.643,5.595,5.609,1680,-0.62,-0.034,-0.032,USD/lb,Authentic Futures Market Feed (1-Year 60m Candles)
2026-04-01 15:00,2026-04-01,15,Copper,HG=F,5.609,5.627,5.607,5.625,841,0.29,0.016,0.05,USD/lb,Authentic Futures Market Feed (1-Year 60m Candles)
2026-04-01 16:00,2026-04-01,16,Copper,HG=F,5.624,5.627,5.617,5.617,246,-0.13999999999999999,-0.007,-0.023,USD/lb,Authentic Futures Market Feed (1-Year 60m Candles)
2026-04-01 18:00,2026-04-01,18,Copper,HG=F,5.626,5.626,5.617,5.621,0,0.06999999999999999,-0.005,0.002,USD/lb,Authentic Futures Market Feed (1-Year 60m Candles)
2026-04-01 19:00,2026-04-01,19,Copper,HG=F,5.621,5.63,5.621,5.625,207,0.06999999999999999,0.004,0.009,USD/lb,Authentic Futures Market Feed (1-Year 60m Candles)
2026-04-01 20:00,2026-04-01,20,Copper,HG=F,5.626,5.637,5.62,5.635,381,0.18,0.009,0.005,USD/lb,Authentic Futures Market Feed (1-Year 60m Candles)
2026-04-01 21:00,2026-04-01,21,Copper,HG=F,5.634,5.637,5.564,5.578,2805,-1.01,-0.056,-0.065,USD/lb,Authentic Futures Market Feed (1-Year 60m Candles)
2026-04-01 22:00,2026-04-01,22,Copper,HG=F,5.577,5.582,5.55,5.562,1063,-0.29,-0.015,0.041,USD/lb,Authentic Futures Market Feed (1-Year 60m Candles)
2026-04-01 23:00,2026-04-01,23,Copper,HG=F,5.559,5.57,5.554,5.555,591,-0.13,-0.004,0.011,USD/lb,Authentic Futures Market Feed (1-Year 60m Candles)
2026-04-02 00:00,2026-04-02,0,Copper,HG=F,5.555,5.56,5.547,5.556,316,0.02,0.001,0.005,USD/lb,Authentic Futures Market Feed (1-Year 60m Candles)
2026-04-02 01:00,2026-04-02,1,Copper,HG=F,5.557,5.56,5.532,5.537,1103,-0.33999999999999997,-0.02,-0.021,USD/lb,Authentic Futures Market Feed (1-Year 60m Candles)
2026-04-02 02:00,2026-04-02,2,Copper,HG=F,5.537,5.552,5.532,5.549,945,0.22,0.012,0.032,USD/lb,Authentic Futures Market Feed (1-Year 60m Candles)
2026-04-02 03:00,2026-04-02,3,Copper,HG=F,5.549,5.575,5.549,5.575,805,0.47000000000000003,0.026,0.014,USD/lb,Authentic Futures Market Feed (1-Year 60m Candles)
2026-04-02 04:00,2026-04-02,4,Copper,HG=F,5.574,5.575,5.556,5.56,1355,-0.27,-0.014,-0.04,USD/lb,Authentic Futures Market Feed (1-Year 60m Candles)
2026-04-02 05:00,2026-04-02,5,Copper,HG=F,5.558,5.561,5.548,5.552,670,-0.13999999999999999,-0.006,0.008,USD/lb,Authentic Futures Market Feed (1-Year 60m Candles)
2026-04-02 06:00,2026-04-02,6,Copper,HG=F,5.552,5.557,5.54,5.545,471,-0.13,-0.007,-0.001,USD/lb,Authentic Futures Market Feed (1-Year 60m Candles)
2026-04-02 07:00,2026-04-02,7,Copper,HG=F,5.545,5.548,5.513,5.521,1696,-0.43,-0.024,-0.017,USD/lb,Authentic Futures Market Feed (1-Year 60m Candles)
2026-04-02 08:00,2026-04-02,8,Copper,HG=F,5.521,5.544,5.516,5.535,2284,0.25,0.014,0.038,USD/lb,Authentic Futures Market Feed (1-Year 60m Candles)
2026-04-02 09:00,2026-04-02,9,Copper,HG=F,5.535,5.578,5.527,5.574,4096,0.7000000000000001,0.039,0.025,USD/lb,Authentic Futures Market Feed (1-Year 60m Candles)
2026-04-02 10:00,2026-04-02,10,Copper,HG=F,5.575,5.618,5.567,5.615,6767,0.74,0.04,0.001,USD/lb,Authentic Futures Market Feed (1-Year 60m Candles)
2026-04-02 11:00,2026-04-02,11,Copper,HG=F,5.615,5.615,5.586,5.589,3477,-0.45999999999999996,-0.026,-0.066,USD/lb,Authentic Futures Market Feed (1-Year 60m Candles)
2026-04-02 12:00,2026-04-02,12,Copper,HG=F,5.589,5.595,5.577,5.58,4097,-0.16,-0.009,0.017,USD/lb,Authentic Futures Market Feed (1-Year 60m Candles)
2026-04-02 13:00,2026-04-02,13,Copper,HG=F,5.58,5.594,5.576,5.59,1321,0.18,0.01,0.019,USD/lb,Authentic Futures Market Feed (1-Year 60m Candles)
2026-04-02 14:00,2026-04-02,14,Copper,HG=F,5.589,5.598,5.587,5.597,485,0.13,0.008,-0.002,USD/lb,Authentic Futures Market Feed (1-Year 60m Candles)
2026-04-02 15:00,2026-04-02,15,Copper,HG=F,5.599,5.727,5.598,5.628,7547,0.5499999999999999,0.029,0.021,USD/lb,Authentic Futures Market Feed (1-Year 60m Candles)
2026-04-02 16:00,2026-04-02,16,Copper,HG=F,5.628,5.701,5.627,5.683,2274,0.98,0.055,0.026,USD/lb,Authentic Futures Market Feed (1-Year 60m Candles)
2026-04-05 18:00,2026-04-05,18,Copper,HG=F,5.662,5.67,5.613,5.64,1191,-0.76,-0.022,-0.077,USD/lb,Authentic Futures Market Feed (1-Year 60m Candles)
2026-04-05 19:00,2026-04-05,19,Copper,HG=F,5.641,5.644,5.633,5.639,442,-0.02,-0.002,0.02,USD/lb,Authentic Futures Market Feed (1-Year 60m Candles)
2026-04-05 20:00,2026-04-05,20,Copper,HG=F,5.64,5.654,5.631,5.635,437,-0.06999999999999999,-0.005,-0.003,USD/lb,Authentic Futures Market Feed (1-Year 60m Candles)
2026-04-05 21:00,2026-04-05,21,Copper,HG=F,5.636,5.639,5.615,5.616,502,-0.33999999999999997,-0.02,-0.015,USD/lb,Authentic Futures Market Feed (1-Year 60m Candles)
2026-04-05 22:00,2026-04-05,22,Copper,HG=F,5.615,5.647,5.614,5.625,283,0.16,0.01,0.03,USD/lb,Authentic Futures Market Feed (1-Year 60m Candles)
2026-04-05 23:00,2026-04-05,23,Copper,HG=F,5.625,5.625,5.603,5.609,383,-0.27999999999999997,-0.016,-0.026,USD/lb,Authentic Futures Market Feed (1-Year 60m Candles)
2026-04-06 00:00,2026-04-06,0,Copper,HG=F,5.607,5.621,5.607,5.616,125,0.12,0.009,0.025,USD/lb,Authentic Futures Market Feed (1-Year 60m Candles)
2026-04-06 01:00,2026-04-06,1,Copper,HG=F,5.617,5.628,5.617,5.619,192,0.05,0.002,-0.007,USD/lb,Authentic Futures Market Feed (1-Year 60m Candles)
2026-04-06 02:00,2026-04-06,2,Copper,HG=F,5.616,5.63,5.611,5.623,431,0.06999999999999999,0.007,0.005,USD/lb,Authentic Futures Market Feed (1-Year 60m Candles)
2026-04-06 03:00,2026-04-06,3,Copper,HG=F,5.623,5.626,5.587,5.613,742,-0.18,-0.01,-0.017,USD/lb,Authentic Futures Market Feed (1-Year 60m Candles)
2026-04-06 04:00,2026-04-06,4,Copper,HG=F,5.614,5.659,5.61,5.655,600,0.75,0.041,0.051,USD/lb,Authentic Futures Market Feed (1-Year 60m Candles)
2026-04-06 05:00,2026-04-06,5,Copper,HG=F,5.655,5.697,5.655,5.665,1293,0.18,0.01,-0.031,USD/lb,Authentic Futures Market Feed (1-Year 60m Candles)
2026-04-06 06:00,2026-04-06,6,Copper,HG=F,5.665,5.674,5.645,5.649,1158,-0.27999999999999997,-0.016,-0.026,USD/lb,Authentic Futures Market Feed (1-Year 60m Candles)
2026-04-06 07:00,2026-04-06,7,Copper,HG=F,5.648,5.697,5.648,5.673,1167,0.42,0.025,0.041,USD/lb,Authentic Futures Market Feed (1-Year 60m Candles)
2026-04-06 08:00,2026-04-06,8,Copper,HG=F,5.673,5.683,5.638,5.641,1828,-0.5599999999999999,-0.032,-0.057,USD/lb,Authentic Futures Market Feed (1-Year 60m Candles)
2026-04-06 09:00,2026-04-06,9,Copper,HG=F,5.642,5.643,5.603,5.61,2479,-0.5499999999999999,-0.032,0.0,USD/lb,Authentic Futures Market Feed (1-Year 60m Candles)
2026-04-06 10:00,2026-04-06,10,Copper,HG=F,5.61,5.624,5.577,5.577,3728,-0.59,-0.033,-0.001,USD/lb,Authentic Futures Market Feed (1-Year 60m Candles)
2026-04-06 11:00,2026-04-06,11,Copper,HG=F,5.576,5.596,5.574,5.589,1816,0.22,0.013,0.046,USD/lb,Authentic Futures Market Feed (1-Year 60m Candles)
2026-04-06 12:00,2026-04-06,12,Copper,HG=F,5.59,5.603,5.589,5.603,2575,0.25,0.013,0.0,USD/lb,Authentic Futures Market Feed (1-Year 60m Candles)
2026-04-06 13:00,2026-04-06,13,Copper,HG=F,5.602,5.609,5.594,5.596,1195,-0.12,-0.006,-0.019,USD/lb,Authentic Futures Market Feed (1-Year 60m Candles)
2026-04-06 14:00,2026-04-06,14,Copper,HG=F,5.597,5.615,5.595,5.613,827,0.3,0.016,0.022,USD/lb,Authentic Futures Market Feed (1-Year 60m Candles)
2026-04-06 15:00,2026-04-06,15,Copper,HG=F,5.613,5.615,5.607,5.613,211,0.0,0.0,-0.016,USD/lb,Authentic Futures Market Feed (1-Year 60m Candles)
2026-04-06 16:00,2026-04-06,16,Copper,HG=F,5.614,5.615,5.606,5.606,212,-0.12,-0.008,-0.008,USD/lb,Authentic Futures Market Feed (1-Year 60m Candles)
2026-04-06 18:00,2026-04-06,18,Copper,HG=F,5.611,5.623,5.609,5.609,0,0.05,-0.002,0.006,USD/lb,Authentic Futures Market Feed (1-Year 60m Candles)
2026-04-06 19:00,2026-04-06,19,Copper,HG=F,5.61,5.613,5.608,5.609,146,0.0,-0.001,0.001,USD/lb,Authentic Futures Market Feed (1-Year 60m Candles)
2026-04-06 20:00,2026-04-06,20,Copper,HG=F,5.609,5.625,5.603,5.609,838,0.0,0.0,0.001,USD/lb,Authentic Futures Market Feed (1-Year 60m Candles)
2026-04-06 21:00,2026-04-06,21,Copper,HG=F,5.61,5.641,5.596,5.624,1178,0.27,0.014,0.014,USD/lb,Authentic Futures Market Feed (1-Year 60m Candles)
2026-04-06 22:00,2026-04-06,22,Copper,HG=F,5.625,5.628,5.614,5.624,374,0.0,-0.001,-0.015,USD/lb,Authentic Futures Market Feed (1-Year 60m Candles)
2026-04-06 23:00,2026-04-06,23,Copper,HG=F,5.624,5.63,5.601,5.621,385,-0.05,-0.003,-0.002,USD/lb,Authentic Futures Market Feed (1-Year 60m Candles)
2026-04-07 00:00,2026-04-07,0,Copper,HG=F,5.622,5.629,5.62,5.625,185,0.06999999999999999,0.003,0.006,USD/lb,Authentic Futures Market Feed (1-Year 60m Candles)
2026-04-07 01:00,2026-04-07,1,Copper,HG=F,5.626,5.627,5.603,5.618,541,-0.12,-0.008,-0.011,USD/lb,Authentic Futures Market Feed (1-Year 60m Candles)
2026-04-07 02:00,2026-04-07,2,Copper,HG=F,5.617,5.628,5.612,5.616,536,-0.04,-0.001,0.007,USD/lb,Authentic Futures Market Feed (1-Year 60m Candles)
2026-04-07 03:00,2026-04-07,3,Copper,HG=F,5.601,5.635,5.601,5.628,906,0.21,0.027,0.028,USD/lb,Authentic Futures Market Feed (1-Year 60m Candles)
2026-04-07 04:00,2026-04-07,4,Copper,HG=F,5.628,5.634,5.602,5.631,2055,0.05,0.003,-0.024,USD/lb,Authentic Futures Market Feed (1-Year 60m Candles)
2026-04-07 05:00,2026-04-07,5,Copper,HG=F,5.63,5.637,5.621,5.624,856,-0.12,-0.006,-0.009,USD/lb,Authentic Futures Market Feed (1-Year 60m Candles)
2026-04-07 06:00,2026-04-07,6,Copper,HG=F,5.626,5.626,5.588,5.592,1397,-0.5700000000000001,-0.034,-0.028,USD/lb,Authentic Futures Market Feed (1-Year 60m Candles)
2026-04-07 07:00,2026-04-07,7,Copper,HG=F,5.594,5.596,5.575,5.582,1311,-0.18,-0.012,0.022,USD/lb,Authentic Futures Market Feed (1-Year 60m Candles)
2026-04-07 08:00,2026-04-07,8,Copper,HG=F,5.584,5.598,5.57,5.585,2985,0.05,0.001,0.013,USD/lb,Authentic Futures Market Feed (1-Year 60m Candles)
2026-04-07 09:00,2026-04-07,9,Copper,HG=F,5.585,5.599,5.558,5.56,3738,-0.44999999999999996,-0.025,-0.026,USD/lb,Authentic Futures Market Feed (1-Year 60m Candles)
2026-04-07 10:00,2026-04-07,10,Copper,HG=F,5.559,5.582,5.547,5.554,3892,-0.11,-0.005,0.02,USD/lb,Authentic Futures Market Feed (1-Year 60m Candles)
2026-04-07 11:00,2026-04-07,11,Copper,HG=F,5.553,5.574,5.543,5.57,4876,0.29,0.017,0.022,USD/lb,Authentic Futures Market Feed (1-Year 60m Candles)
2026-04-07 12:00,2026-04-07,12,Copper,HG=F,5.571,5.585,5.561,5.562,3067,-0.13999999999999999,-0.009,-0.026,USD/lb,Authentic Futures Market Feed (1-Year 60m Candles)
2026-04-07 13:00,2026-04-07,13,Copper,HG=F,5.561,5.565,5.547,5.563,1451,0.02,0.002,0.011,USD/lb,Authentic Futures Market Feed (1-Year 60m Candles)
2026-04-07 14:00,2026-04-07,14,Copper,HG=F,5.562,5.563,5.542,5.542,406,-0.38,-0.02,-0.022,USD/lb,Authentic Futures Market Feed (1-Year 60m Candles)
2026-04-07 15:00,2026-04-07,15,Copper,HG=F,5.543,5.591,5.538,5.58,1777,0.69,0.037,0.057,USD/lb,Authentic Futures Market Feed (1-Year 60m Candles)
2026-04-07 16:00,2026-04-07,16,Copper,HG=F,5.58,5.602,5.576,5.595,1019,0.27,0.015,-0.022,USD/lb,Authentic Futures Market Feed (1-Year 60m Candles)
2026-04-07 18:00,2026-04-07,18,Copper,HG=F,5.602,5.685,5.602,5.682,0,1.55,0.08,0.065,USD/lb,Authentic Futures Market Feed (1-Year 60m Candles)
2026-04-07 19:00,2026-04-07,19,Copper,HG=F,5.685,5.749,5.678,5.678,3752,-0.06999999999999999,-0.007,-0.087,USD/lb,Authentic Futures Market Feed (1-Year 60m Candles)
2026-04-07 20:00,2026-04-07,20,Copper,HG=F,5.68,5.709,5.658,5.687,3932,0.16,0.007,0.014,USD/lb,Authentic Futures Market Feed (1-Year 60m Candles)
2026-04-07 21:00,2026-04-07,21,Copper,HG=F,5.687,5.728,5.683,5.714,2543,0.47000000000000003,0.027,0.02,USD/lb,Authentic Futures Market Feed (1-Year 60m Candles)
2026-04-07 22:00,2026-04-07,22,Copper,HG=F,5.715,5.729,5.71,5.72,963,0.11,0.005,-0.022,USD/lb,Authentic Futures Market Feed (1-Year 60m Candles)
2026-04-07 23:00,2026-04-07,23,Copper,HG=F,5.724,5.728,5.702,5.705,1223,-0.26,-0.019,-0.024,USD/lb,Authentic Futures Market Feed (1-Year 60m Candles)
2026-04-08 00:00,2026-04-08,0,Copper,HG=F,5.704,5.72,5.704,5.714,408,0.16,0.01,0.029,USD/lb,Authentic Futures Market Feed (1-Year 60m Candles)
2026-04-08 01:00,2026-04-08,1,Copper,HG=F,5.713,5.74,5.705,5.731,860,0.3,0.018,0.008,USD/lb,Authentic Futures Market Feed (1-Year 60m Candles)
2026-04-08 02:00,2026-04-08,2,Copper,HG=F,5.731,5.769,5.729,5.759,2746,0.49,0.028,0.01,USD/lb,Authentic Futures Market Feed (1-Year 60m Candles)
2026-04-08 03:00,2026-04-08,3,Copper,HG=F,5.759,5.766,5.728,5.73,1943,-0.5,-0.029,-0.057,USD/lb,Authentic Futures Market Feed (1-Year 60m Candles)
2026-04-08 04:00,2026-04-08,4,Copper,HG=F,5.729,5.765,5.72,5.762,2583,0.5599999999999999,0.033,0.062,USD/lb,Authentic Futures Market Feed (1-Year 60m Candles)
2026-04-08 05:00,2026-04-08,5,Copper,HG=F,5.764,5.775,5.742,5.744,2389,-0.31,-0.02,-0.053,USD/lb,Authentic Futures Market Feed (1-Year 60m Candles)
2026-04-08 06:00,2026-04-08,6,Copper,HG=F,5.745,5.751,5.741,5.743,959,-0.02,-0.002,0.018,USD/lb,Authentic Futures Market Feed (1-Year 60m Candles)
2026-04-08 07:00,2026-04-08,7,Copper,HG=F,5.742,5.76,5.727,5.753,2138,0.16999999999999998,0.011,0.013,USD/lb,Authentic Futures Market Feed (1-Year 60m Candles)
2026-04-08 08:00,2026-04-08,8,Copper,HG=F,5.753,5.77,5.735,5.755,5384,0.03,0.002,-0.009,USD/lb,Authentic Futures Market Feed (1-Year 60m Candles)
2026-04-08 09:00,2026-04-08,9,Copper,HG=F,5.754,5.772,5.745,5.762,7792,0.12,0.008,0.006,USD/lb,Authentic Futures Market Feed (1-Year 60m Candles)
2026-04-08 10:00,2026-04-08,10,Copper,HG=F,5.76,5.778,5.732,5.745,8053,-0.3,-0.015,-0.023,USD/lb,Authentic Futures Market Feed (1-Year 60m Candles)
2026-04-08 11:00,2026-04-08,11,Copper,HG=F,5.745,5.765,5.744,5.754,5985,0.16,0.009,0.024,USD/lb,Authentic Futures Market Feed (1-Year 60m Candles)
2026-04-08 12:00,2026-04-08,12,Copper,HG=F,5.754,5.779,5.75,5.777,13281,0.4,0.023,0.014,USD/lb,Authentic Futures Market Feed (1-Year 60m Candles)
2026-04-08 13:00,2026-04-08,13,Copper,HG=F,5.777,5.783,5.762,5.771,2278,-0.1,-0.006,-0.029,USD/lb,Authentic Futures Market Feed (1-Year 60m Candles)
2026-04-08 14:00,2026-04-08,14,Copper,HG=F,5.771,5.786,5.744,5.749,2051,-0.38,-0.022,-0.016,USD/lb,Authentic Futures Market Feed (1-Year 60m Candles)
2026-04-08 15:00,2026-04-08,15,Copper,HG=F,5.748,5.764,5.74,5.762,997,0.22999999999999998,0.014,0.036,USD/lb,Authentic Futures Market Feed (1-Year 60m Candles)
2026-04-08 16:00,2026-04-08,16,Copper,HG=F,5.763,5.765,5.752,5.753,0,-0.16,-0.01,-0.024,USD/lb,Authentic Futures Market Feed (1-Year 60m Candles)
2026-04-08 18:00,2026-04-08,18,Copper,HG=F,5.746,5.753,5.745,5.745,252,-0.13999999999999999,-0.001,0.009,USD/lb,Authentic Futures Market Feed (1-Year 60m Candles)
2026-04-08 19:00,2026-04-08,19,Copper,HG=F,5.744,5.752,5.744,5.747,203,0.03,0.003,0.004,USD/lb,Authentic Futures Market Feed (1-Year 60m Candles)
2026-04-08 20:00,2026-04-08,20,Copper,HG=F,5.747,5.749,5.735,5.739,474,-0.13999999999999999,-0.008,-0.011,USD/lb,Authentic Futures Market Feed (1-Year 60m Candles)
2026-04-08 21:00,2026-04-08,21,Copper,HG=F,5.738,5.74,5.705,5.722,1342,-0.3,-0.016,-0.008,USD/lb,Authentic Futures Market Feed (1-Year 60m Candles)
2026-04-08 22:00,2026-04-08,22,Copper,HG=F,5.722,5.731,5.715,5.721,654,-0.02,-0.001,0.015,USD/lb,Authentic Futures Market Feed (1-Year 60m Candles)
2026-04-08 23:00,2026-04-08,23,Copper,HG=F,5.72,5.733,5.717,5.72,362,-0.02,0.0,0.001,USD/lb,Authentic Futures Market Feed (1-Year 60m Candles)
2026-04-09 00:00,2026-04-09,0,Copper,HG=F,5.72,5.726,5.716,5.717,242,-0.05,-0.003,-0.003,USD/lb,Authentic Futures Market Feed (1-Year 60m Candles)
2026-04-09 01:00,2026-04-09,1,Copper,HG=F,5.718,5.731,5.713,5.722,438,0.09,0.004,0.007,USD/lb,Authentic Futures Market Feed (1-Year 60m Candles)
2026-04-09 02:00,2026-04-09,2,Copper,HG=F,5.725,5.733,5.716,5.731,849,0.16,0.006,0.002,USD/lb,Authentic Futures Market Feed (1-Year 60m Candles)
2026-04-09 03:00,2026-04-09,3,Copper,HG=F,5.732,5.739,5.708,5.714,1023,-0.3,-0.018,-0.024,USD/lb,Authentic Futures Market Feed (1-Year 60m Candles)
2026-04-09 04:00,2026-04-09,4,Copper,HG=F,5.715,5.729,5.707,5.708,1710,-0.11,-0.007,0.011,USD/lb,Authentic Futures Market Feed (1-Year 60m Candles)
2026-04-09 05:00,2026-04-09,5,Copper,HG=F,5.708,5.712,5.697,5.701,1137,-0.12,-0.007,0.0,USD/lb,Authentic Futures Market Feed (1-Year 60m Candles)
2026-04-09 06:00,2026-04-09,6,Copper,HG=F,5.701,5.707,5.696,5.696,850,-0.09,-0.005,0.002,USD/lb,Authentic Futures Market Feed (1-Year 60m Candles)
2026-04-09 07:00,2026-04-09,7,Copper,HG=F,5.697,5.713,5.692,5.712,1772,0.27999999999999997,0.015,0.02,USD/lb,Authentic Futures Market Feed (1-Year 60m Candles)
2026-04-09 08:00,2026-04-09,8,Copper,HG=F,5.713,5.734,5.712,5.734,2536,0.38999999999999996,0.021,0.006,USD/lb,Authentic Futures Market Feed (1-Year 60m Candles)
2026-04-09 09:00,2026-04-09,9,Copper,HG=F,5.734,5.766,5.729,5.753,4307,0.33,0.019,-0.002,USD/lb,Authentic Futures Market Feed (1-Year 60m Candles)
2026-04-09 10:00,2026-04-09,10,Copper,HG=F,5.753,5.759,5.734,5.745,4251,-0.13999999999999999,-0.008,-0.027,USD/lb,Authentic Futures Market Feed (1-Year 60m Candles)
2026-04-09 11:00,2026-04-09,11,Copper,HG=F,5.744,5.773,5.732,5.76,5009,0.26,0.016,0.024,USD/lb,Authentic Futures Market Feed (1-Year 60m Candles)
2026-04-09 12:00,2026-04-09,12,Copper,HG=F,5.76,5.769,5.756,5.764,8577,0.06999999999999999,0.004,-0.012,USD/lb,Authentic Futures Market Feed (1-Year 60m Candles)
2026-04-09 13:00,2026-04-09,13,Copper,HG=F,5.763,5.778,5.76,5.774,2185,0.16999999999999998,0.011,0.007,USD/lb,Authentic Futures Market Feed (1-Year 60m Candles)
2026-04-09 14:00,2026-04-09,14,Copper,HG=F,5.774,5.774,5.76,5.762,1091,-0.21,-0.012,-0.023,USD/lb,Authentic Futures Market Feed (1-Year 60m Candles)
2026-04-09 15:00,2026-04-09,15,Copper,HG=F,5.764,5.769,5.755,5.755,619,-0.12,-0.009,0.003,USD/lb,Authentic Futures Market Feed (1-Year 60m Candles)
2026-04-09 16:00,2026-04-09,16,Copper,HG=F,5.758,5.759,5.752,5.755,583,0.0,-0.003,0.006,USD/lb,Authentic Futures Market Feed (1-Year 60m Candles)
2026-04-09 18:00,2026-04-09,18,Copper,HG=F,5.755,5.759,5.747,5.751,0,-0.06999999999999999,-0.004,-0.001,USD/lb,Authentic Futures Market Feed (1-Year 60m Candles)
2026-04-09 19:00,2026-04-09,19,Copper,HG=F,5.748,5.751,5.745,5.751,80,0.0,0.003,0.007,USD/lb,Authentic Futures Market Feed (1-Year 60m Candles)
2026-04-09 20:00,2026-04-09,20,Copper,HG=F,5.75,5.752,5.738,5.752,410,0.02,0.002,-0.001,USD/lb,Authentic Futures Market Feed (1-Year 60m Candles)
2026-04-09 21:00,2026-04-09,21,Copper,HG=F,5.75,5.787,5.75,5.782,745,0.52,0.032,0.03,USD/lb,Authentic Futures Market Feed (1-Year 60m Candles)
2026-04-09 22:00,2026-04-09,22,Copper,HG=F,5.783,5.785,5.768,5.771,884,-0.19,-0.012,-0.044,USD/lb,Authentic Futures Market Feed (1-Year 60m Candles)
2026-04-09 23:00,2026-04-09,23,Copper,HG=F,5.77,5.79,5.769,5.776,489,0.09,0.006,0.018,USD/lb,Authentic Futures Market Feed (1-Year 60m Candles)
2026-04-10 00:00,2026-04-10,0,Copper,HG=F,5.777,5.786,5.776,5.781,343,0.09,0.004,-0.002,USD/lb,Authentic Futures Market Feed (1-Year 60m Candles)
2026-04-10 01:00,2026-04-10,1,Copper,HG=F,5.782,5.805,5.779,5.805,706,0.42,0.023,0.019,USD/lb,Authentic Futures Market Feed (1-Year 60m Candles)
2026-04-10 02:00,2026-04-10,2,Copper,HG=F,5.804,5.806,5.777,5.777,956,-0.48,-0.027,-0.05,USD/lb,Authentic Futures Market Feed (1-Year 60m Candles)
2026-04-10 03:00,2026-04-10,3,Copper,HG=F,5.777,5.812,5.771,5.797,2310,0.35000000000000003,0.02,0.047,USD/lb,Authentic Futures Market Feed (1-Year 60m Candles)
2026-04-10 04:00,2026-04-10,4,Copper,HG=F,5.798,5.798,5.772,5.776,1568,-0.36,-0.022,-0.042,USD/lb,Authentic Futures Market Feed (1-Year 60m Candles)
2026-04-10 05:00,2026-04-10,5,Copper,HG=F,5.777,5.82,5.775,5.811,2565,0.61,0.034,0.056,USD/lb,Authentic Futures Market Feed (1-Year 60m Candles)
2026-04-10 06:00,2026-04-10,6,Copper,HG=F,5.81,5.819,5.801,5.813,947,0.03,0.003,-0.031,USD/lb,Authentic Futures Market Feed (1-Year 60m Candles)
2026-04-10 07:00,2026-04-10,7,Copper,HG=F,5.813,5.871,5.812,5.867,5082,0.9299999999999999,0.054,0.051,USD/lb,Authentic Futures Market Feed (1-Year 60m Candles)
2026-04-10 08:00,2026-04-10,8,Copper,HG=F,5.866,5.922,5.864,5.887,8694,0.33999999999999997,0.021,-0.033,USD/lb,Authentic Futures Market Feed (1-Year 60m Candles)
2026-04-10 09:00,2026-04-10,9,Copper,HG=F,5.887,5.903,5.881,5.901,5218,0.24,0.014,-0.007,USD/lb,Authentic Futures Market Feed (1-Year 60m Candles)
2026-04-10 10:00,2026-04-10,10,Copper,HG=F,5.901,5.936,5.897,5.925,5744,0.41000000000000003,0.024,0.01,USD/lb,Authentic Futures Market Feed (1-Year 60m Candles)
2026-04-10 11:00,2026-04-10,11,Copper,HG=F,5.925,5.925,5.868,5.871,6613,-0.91,-0.054,-0.078,USD/lb,Authentic Futures Market Feed (1-Year 60m Candles)
2026-04-10 12:00,2026-04-10,12,Copper,HG=F,5.872,5.894,5.87,5.884,12052,0.22,0.012,0.066,USD/lb,Authentic Futures Market Feed (1-Year 60m Candles)
2026-04-10 13:00,2026-04-10,13,Copper,HG=F,5.884,5.885,5.869,5.877,2661,-0.12,-0.007,-0.019,USD/lb,Authentic Futures Market Feed (1-Year 60m Candles)
2026-04-10 14:00,2026-04-10,14,Copper,HG=F,5.877,5.88,5.866,5.875,611,-0.03,-0.002,0.005,USD/lb,Authentic Futures Market Feed (1-Year 60m Candles)
2026-04-10 15:00,2026-04-10,15,Copper,HG=F,5.876,5.881,5.867,5.867,563,-0.13999999999999999,-0.009,-0.007,USD/lb,Authentic Futures Market Feed (1-Year 60m Candles)
2026-04-10 16:00,2026-04-10,16,Copper,HG=F,5.868,5.886,5.861,5.886,359,0.32,0.018,0.027,USD/lb,Authentic Futures Market Feed (1-Year 60m Candles)
2026-04-12 18:00,2026-04-12,18,Copper,HG=F,5.786,5.798,5.766,5.777,1762,-1.8499999999999999,-0.009,-0.027,USD/lb,Authentic Futures Market Feed (1-Year 60m Candles)
2026-04-12 19:00,2026-04-12,19,Copper,HG=F,5.777,5.797,5.764,5.797,768,0.35000000000000003,0.02,0.029,USD/lb,Authentic Futures Market Feed (1-Year 60m Candles)
2026-04-12 20:00,2026-04-12,20,Copper,HG=F,5.797,5.812,5.787,5.807,1916,0.16999999999999998,0.01,-0.01,USD/lb,Authentic Futures Market Feed (1-Year 60m Candles)
2026-04-12 21:00,2026-04-12,21,Copper,HG=F,5.807,5.819,5.8,5.812,2152,0.09,0.005,-0.005,USD/lb,Authentic Futures Market Feed (1-Year 60m Candles)
2026-04-12 22:00,2026-04-12,22,Copper,HG=F,5.812,5.817,5.798,5.815,763,0.05,0.003,-0.002,USD/lb,Authentic Futures Market Feed (1-Year 60m Candles)
2026-04-12 23:00,2026-04-12,23,Copper,HG=F,5.815,5.817,5.802,5.812,505,-0.05,-0.003,-0.006,USD/lb,Authentic Futures Market Feed (1-Year 60m Candles)
2026-04-13 00:00,2026-04-13,0,Copper,HG=F,5.811,5.818,5.807,5.818,229,0.1,0.007,0.01,USD/lb,Authentic Futures Market Feed (1-Year 60m Candles)
2026-04-13 01:00,2026-04-13,1,Copper,HG=F,5.819,5.839,5.815,5.837,852,0.33,0.018,0.011,USD/lb,Authentic Futures Market Feed (1-Year 60m Candles)
2026-04-13 02:00,2026-04-13,2,Copper,HG=F,5.838,5.872,5.837,5.871,1543,0.58,0.033,0.015,USD/lb,Authentic Futures Market Feed (1-Year 60m Candles)
2026-04-13 03:00,2026-04-13,3,Copper,HG=F,5.871,5.885,5.858,5.867,1230,-0.06999999999999999,-0.004,-0.037,USD/lb,Authentic Futures Market Feed (1-Year 60m Candles)
2026-04-13 04:00,2026-04-13,4,Copper,HG=F,5.867,5.868,5.858,5.865,883,-0.03,-0.002,0.002,USD/lb,Authentic Futures Market Feed (1-Year 60m Candles)
2026-04-13 05:00,2026-04-13,5,Copper,HG=F,5.865,5.877,5.846,5.853,1281,-0.2,-0.012,-0.01,USD/lb,Authentic Futures Market Feed (1-Year 60m Candles)
2026-04-13 06:00,2026-04-13,6,Copper,HG=F,5.852,5.871,5.846,5.87,2226,0.29,0.018,0.03,USD/lb,Authentic Futures Market Feed (1-Year 60m Candles)
2026-04-13 07:00,2026-04-13,7,Copper,HG=F,5.872,5.878,5.859,5.873,2576,0.05,0.001,-0.017,USD/lb,Authentic Futures Market Feed (1-Year 60m Candles)
2026-04-13 08:00,2026-04-13,8,Copper,HG=F,5.872,5.88,5.854,5.866,2624,-0.12,-0.006,-0.007,USD/lb,Authentic Futures Market Feed (1-Year 60m Candles)
2026-04-13 09:00,2026-04-13,9,Copper,HG=F,5.868,5.9,5.861,5.896,4511,0.51,0.028,0.034,USD/lb,Authentic Futures Market Feed (1-Year 60m Candles)
2026-04-13 10:00,2026-04-13,10,Copper,HG=F,5.897,5.976,5.896,5.971,9556,1.27,0.074,0.046,USD/lb,Authentic Futures Market Feed (1-Year 60m Candles)
2026-04-13 11:00,2026-04-13,11,Copper,HG=F,5.971,5.976,5.958,5.96,4624,-0.18,-0.011,-0.085,USD/lb,Authentic Futures Market Feed (1-Year 60m Candles)
2026-04-13 12:00,2026-04-13,12,Copper,HG=F,5.961,5.993,5.953,5.992,12297,0.54,0.031,0.042,USD/lb,Authentic Futures Market Feed (1-Year 60m Candles)
2026-04-13 13:00,2026-04-13,13,Copper,HG=F,5.991,6.024,5.991,6.009,4607,0.27999999999999997,0.018,-0.013,USD/lb,Authentic Futures Market Feed (1-Year 60m Candles)
2026-04-13 14:00,2026-04-13,14,Copper,HG=F,6.009,6.014,6.004,6.006,658,-0.05,-0.003,-0.021,USD/lb,Authentic Futures Market Feed (1-Year 60m Candles)
2026-04-13 15:00,2026-04-13,15,Copper,HG=F,6.006,6.017,6.003,6.008,1602,0.03,0.002,0.005,USD/lb,Authentic Futures Market Feed (1-Year 60m Candles)
2026-04-13 16:00,2026-04-13,16,Copper,HG=F,6.01,6.01,5.995,6.003,0,-0.08,-0.007,-0.009,USD/lb,Authentic Futures Market Feed (1-Year 60m Candles)
2026-04-13 18:00,2026-04-13,18,Copper,HG=F,6.003,6.01,5.997,6.003,169,0.0,0.0,0.007,USD/lb,Authentic Futures Market Feed (1-Year 60m Candles)
2026-04-13 19:00,2026-04-13,19,Copper,HG=F,6.002,6.01,6.001,6.01,238,0.12,0.008,0.008,USD/lb,Authentic Futures Market Feed (1-Year 60m Candles)
2026-04-13 20:00,2026-04-13,20,Copper,HG=F,6.009,6.036,6.003,6.029,1521,0.32,0.02,0.012,USD/lb,Authentic Futures Market Feed (1-Year 60m Candles)
2026-04-13 21:00,2026-04-13,21,Copper,HG=F,6.029,6.051,6.011,6.016,1706,-0.22,-0.013,-0.033,USD/lb,Authentic Futures Market Feed (1-Year 60m Candles)
2026-04-13 22:00,2026-04-13,22,Copper,HG=F,6.015,6.028,6.007,6.008,867,-0.13,-0.007,0.006,USD/lb,Authentic Futures Market Feed (1-Year 60m Candles)
2026-04-13 23:00,2026-04-13,23,Copper,HG=F,6.008,6.018,6.004,6.01,539,0.03,0.002,0.009,USD/lb,Authentic Futures Market Feed (1-Year 60m Candles)
2026-04-14 00:00,2026-04-14,0,Copper,HG=F,6.011,6.014,6.006,6.007,312,-0.05,-0.004,-0.006,USD/lb,Authentic Futures Market Feed (1-Year 60m Candles)
2026-04-14 01:00,2026-04-14,1,Copper,HG=F,6.008,6.025,5.997,6.021,1353,0.22999999999999998,0.013,0.017,USD/lb,Authentic Futures Market Feed (1-Year 60m Candles)
2026-04-14 02:00,2026-04-14,2,Copper,HG=F,6.019,6.028,6.013,6.024,993,0.05,0.005,-0.008,USD/lb,Authentic Futures Market Feed (1-Year 60m Candles)
2026-04-14 03:00,2026-04-14,3,Copper,HG=F,6.024,6.04,6.017,6.024,2886,0.0,0.0,-0.005,USD/lb,Authentic Futures Market Feed (1-Year 60m Candles)
2026-04-14 04:00,2026-04-14,4,Copper,HG=F,6.024,6.062,6.024,6.053,1696,0.48,0.029,0.029,USD/lb,Authentic Futures Market Feed (1-Year 60m Candles)
2026-04-14 05:00,2026-04-14,5,Copper,HG=F,6.054,6.056,6.031,6.042,1099,-0.18,-0.012,-0.041,USD/lb,Authentic Futures Market Feed (1-Year 60m Candles)
2026-04-14 06:00,2026-04-14,6,Copper,HG=F,6.041,6.05,6.037,6.042,2414,0.0,0.001,0.013,USD/lb,Authentic Futures Market Feed (1-Year 60m Candles)
2026-04-14 07:00,2026-04-14,7,Copper,HG=F,6.04,6.046,6.024,6.043,2427,0.02,0.003,0.002,USD/lb,Authentic Futures Market Feed (1-Year 60m Candles)
2026-04-14 08:00,2026-04-14,8,Copper,HG=F,6.042,6.075,6.014,6.069,5339,0.43,0.027,0.024,USD/lb,Authentic Futures Market Feed (1-Year 60m Candles)
2026-04-14 09:00,2026-04-14,9,Copper,HG=F,6.069,6.09,6.061,6.083,5669,0.22999999999999998,0.014,-0.013,USD/lb,Authentic Futures Market Feed (1-Year 60m Candles)
2026-04-14 10:00,2026-04-14,10,Copper,HG=F,6.083,6.095,6.073,6.088,6749,0.08,0.005,-0.009,USD/lb,Authentic Futures Market Feed (1-Year 60m Candles)
2026-04-14 11:00,2026-04-14,11,Copper,HG=F,6.088,6.095,6.069,6.092,4349,0.06999999999999999,0.004,-0.001,USD/lb,Authentic Futures Market Feed (1-Year 60m Candles)
2026-04-14 12:00,2026-04-14,12,Copper,HG=F,6.091,6.095,6.081,6.082,10392,-0.16,-0.009,-0.013,USD/lb,Authentic Futures Market Feed (1-Year 60m Candles)
2026-04-14 13:00,2026-04-14,13,Copper,HG=F,6.082,6.09,6.076,6.084,2582,0.03,0.002,0.011,USD/lb,Authentic Futures Market Feed (1-Year 60m Candles)
2026-04-14 14:00,2026-04-14,14,Copper,HG=F,6.084,6.088,6.078,6.084,925,0.0,0.0,-0.002,USD/lb,Authentic Futures Market Feed (1-Year 60m Candles)
2026-04-14 15:00,2026-04-14,15,Copper,HG=F,6.084,6.09,6.082,6.089,606,0.08,0.005,0.005,USD/lb,Authentic Futures Market Feed (1-Year 60m Candles)
2026-04-14 16:00,2026-04-14,16,Copper,HG=F,6.089,6.089,6.079,6.082,960,-0.11,-0.007,-0.012,USD/lb,Authentic Futures Market Feed (1-Year 60m Candles)
2026-04-14 18:00,2026-04-14,18,Copper,HG=F,6.082,6.093,6.079,6.079,0,-0.05,-0.003,0.004,USD/lb,Authentic Futures Market Feed (1-Year 60m Candles)
2026-04-14 19:00,2026-04-14,19,Copper,HG=F,6.079,6.086,6.079,6.084,121,0.08,0.005,0.008,USD/lb,Authentic Futures Market Feed (1-Year 60m Candles)
2026-04-14 20:00,2026-04-14,20,Copper,HG=F,6.083,6.093,6.08,6.093,464,0.15,0.01,0.005,USD/lb,Authentic Futures Market Feed (1-Year 60m Candles)
2026-04-14 21:00,2026-04-14,21,Copper,HG=F,6.094,6.137,6.094,6.135,2100,0.69,0.041,0.031,USD/lb,Authentic Futures Market Feed (1-Year 60m Candles)
2026-04-14 22:00,2026-04-14,22,Copper,HG=F,6.135,6.148,6.091,6.094,1740,-0.67,-0.041,-0.082,USD/lb,Authentic Futures Market Feed (1-Year 60m Candles)
2026-04-14 23:00,2026-04-14,23,Copper,HG=F,6.094,6.11,6.089,6.105,546,0.18,0.011,0.052,USD/lb,Authentic Futures Market Feed (1-Year 60m Candles)
2026-04-15 00:00,2026-04-15,0,Copper,HG=F,6.104,6.109,6.096,6.097,284,-0.13,-0.007,-0.018,USD/lb,Authentic Futures Market Feed (1-Year 60m Candles)
2026-04-15 01:00,2026-04-15,1,Copper,HG=F,6.098,6.107,6.077,6.1,1056,0.05,0.002,0.009,USD/lb,Authentic Futures Market Feed (1-Year 60m Candles)
2026-04-15 02:00,2026-04-15,2,Copper,HG=F,6.101,6.106,6.082,6.084,851,-0.26,-0.017,-0.019,USD/lb,Authentic Futures Market Feed (1-Year 60m Candles)
2026-04-15 03:00,2026-04-15,3,Copper,HG=F,6.085,6.108,6.085,6.102,1189,0.3,0.017,0.034,USD/lb,Authentic Futures Market Feed (1-Year 60m Candles)
2026-04-15 04:00,2026-04-15,4,Copper,HG=F,6.102,6.107,6.091,6.098,3584,-0.06999999999999999,-0.004,-0.021,USD/lb,Authentic Futures Market Feed (1-Year 60m Candles)
2026-04-15 05:00,2026-04-15,5,Copper,HG=F,6.098,6.101,6.07,6.077,1656,-0.33999999999999997,-0.021,-0.017,USD/lb,Authentic Futures Market Feed (1-Year 60m Candles)
2026-04-15 06:00,2026-04-15,6,Copper,HG=F,6.078,6.089,6.066,6.082,1637,0.08,0.004,0.025,USD/lb,Authentic Futures Market Feed (1-Year 60m Candles)
2026-04-15 07:00,2026-04-15,7,Copper,HG=F,6.081,6.087,6.069,6.079,2179,-0.05,-0.002,-0.006,USD/lb,Authentic Futures Market Feed (1-Year 60m Candles)
2026-04-15 08:00,2026-04-15,8,Copper,HG=F,6.079,6.093,6.072,6.083,1929,0.06999999999999999,0.004,0.006,USD/lb,Authentic Futures Market Feed (1-Year 60m Candles)
2026-04-15 09:00,2026-04-15,9,Copper,HG=F,6.083,6.098,6.065,6.084,4868,0.02,0.001,-0.003,USD/lb,Authentic Futures Market Feed (1-Year 60m Candles)
2026-04-15 10:00,2026-04-15,10,Copper,HG=F,6.084,6.093,6.069,6.083,2643,-0.02,-0.001,-0.002,USD/lb,Authentic Futures Market Feed (1-Year 60m Candles)
2026-04-15 11:00,2026-04-15,11,Copper,HG=F,6.084,6.089,6.063,6.078,3646,-0.08,-0.006,-0.005,USD/lb,Authentic Futures Market Feed (1-Year 60m Candles)
2026-04-15 12:00,2026-04-15,12,Copper,HG=F,6.079,6.095,6.078,6.084,3174,0.1,0.005,0.011,USD/lb,Authentic Futures Market Feed (1-Year 60m Candles)
2026-04-15 13:00,2026-04-15,13,Copper,HG=F,6.083,6.093,6.083,6.089,918,0.08,0.006,0.001,USD/lb,Authentic Futures Market Feed (1-Year 60m Candles)
2026-04-15 14:00,2026-04-15,14,Copper,HG=F,6.089,6.098,6.085,6.095,676,0.1,0.006,0.0,USD/lb,Authentic Futures Market Feed (1-Year 60m Candles)
2026-04-15 15:00,2026-04-15,15,Copper,HG=F,6.094,6.098,6.088,6.09,285,-0.08,-0.004,-0.01,USD/lb,Authentic Futures Market Feed (1-Year 60m Candles)
2026-04-15 16:00,2026-04-15,16,Copper,HG=F,6.09,6.09,6.076,6.078,0,-0.2,-0.012,-0.008,USD/lb,Authentic Futures Market Feed (1-Year 60m Candles)
2026-04-15 18:00,2026-04-15,18,Copper,HG=F,6.076,6.085,6.076,6.084,91,0.1,0.008,0.02,USD/lb,Authentic Futures Market Feed (1-Year 60m Candles)
2026-04-15 19:00,2026-04-15,19,Copper,HG=F,6.085,6.098,6.084,6.096,139,0.2,0.011,0.003,USD/lb,Authentic Futures Market Feed (1-Year 60m Candles)
2026-04-15 20:00,2026-04-15,20,Copper,HG=F,6.096,6.111,6.095,6.106,915,0.16,0.01,-0.001,USD/lb,Authentic Futures Market Feed (1-Year 60m Candles)
2026-04-15 21:00,2026-04-15,21,Copper,HG=F,6.107,6.112,6.097,6.102,725,-0.06999999999999999,-0.005,-0.015,USD/lb,Authentic Futures Market Feed (1-Year 60m Candles)
2026-04-15 22:00,2026-04-15,22,Copper,HG=F,6.103,6.116,6.099,6.113,729,0.18,0.01,0.015,USD/lb,Authentic Futures Market Feed (1-Year 60m Candles)
2026-04-15 23:00,2026-04-15,23,Copper,HG=F,6.112,6.121,6.11,6.115,428,0.03,0.003,-0.007,USD/lb,Authentic Futures Market Feed (1-Year 60m Candles)
2026-04-16 00:00,2026-04-16,0,Copper,HG=F,6.112,6.121,6.109,6.12,255,0.08,0.008,0.005,USD/lb,Authentic Futures Market Feed (1-Year 60m Candles)
2026-04-16 01:00,2026-04-16,1,Copper,HG=F,6.122,6.129,6.115,6.123,917,0.05,0.001,-0.007,USD/lb,Authentic Futures Market Feed (1-Year 60m Candles)
2026-04-16 02:00,2026-04-16,2,Copper,HG=F,6.123,6.127,6.115,6.124,779,0.02,0.001,0.0,USD/lb,Authentic Futures Market Feed (1-Year 60m Candles)
2026-04-16 03:00,2026-04-16,3,Copper,HG=F,6.124,6.132,6.099,6.104,1090,-0.33,-0.02,-0.021,USD/lb,Authentic Futures Market Feed (1-Year 60m Candles)
2026-04-16 04:00,2026-04-16,4,Copper,HG=F,6.102,6.111,6.09,6.094,1120,-0.16,-0.008,0.012,USD/lb,Authentic Futures Market Feed (1-Year 60m Candles)
2026-04-16 05:00,2026-04-16,5,Copper,HG=F,6.095,6.097,6.078,6.08,878,-0.22999999999999998,-0.015,-0.007,USD/lb,Authentic Futures Market Feed (1-Year 60m Candles)
2026-04-16 06:00,2026-04-16,6,Copper,HG=F,6.08,6.083,6.07,6.078,1213,-0.03,-0.002,0.013,USD/lb,Authentic Futures Market Feed (1-Year 60m Candles)
2026-04-16 07:00,2026-04-16,7,Copper,HG=F,6.077,6.083,6.07,6.077,1569,-0.02,0.0,0.002,USD/lb,Authentic Futures Market Feed (1-Year 60m Candles)
2026-04-16 08:00,2026-04-16,8,Copper,HG=F,6.078,6.102,6.069,6.096,2254,0.31,0.018,0.018,USD/lb,Authentic Futures Market Feed (1-Year 60m Candles)
2026-04-16 09:00,2026-04-16,9,Copper,HG=F,6.097,6.104,6.045,6.064,3930,-0.52,-0.033,-0.051,USD/lb,Authentic Futures Market Feed (1-Year 60m Candles)
2026-04-16 10:00,2026-04-16,10,Copper,HG=F,6.063,6.082,6.056,6.064,3749,0.0,0.001,0.034,USD/lb,Authentic Futures Market Feed (1-Year 60m Candles)
2026-04-16 11:00,2026-04-16,11,Copper,HG=F,6.064,6.095,6.064,6.091,4149,0.44999999999999996,0.027,0.026,USD/lb,Authentic Futures Market Feed (1-Year 60m Candles)
2026-04-16 12:00,2026-04-16,12,Copper,HG=F,6.091,6.092,6.067,6.076,4162,-0.25,-0.015,-0.042,USD/lb,Authentic Futures Market Feed (1-Year 60m Candles)
2026-04-16 13:00,2026-04-16,13,Copper,HG=F,6.076,6.078,6.067,6.07,716,-0.1,-0.006,0.009,USD/lb,Authentic Futures Market Feed (1-Year 60m Candles)
2026-04-16 14:00,2026-04-16,14,Copper,HG=F,6.069,6.081,6.062,6.064,463,-0.1,-0.005,0.001,USD/lb,Authentic Futures Market Feed (1-Year 60m Candles)
2026-04-16 15:00,2026-04-16,15,Copper,HG=F,6.068,6.069,6.031,6.034,3791,-0.49,-0.034,-0.029,USD/lb,Authentic Futures Market Feed (1-Year 60m Candles)
2026-04-16 16:00,2026-04-16,16,Copper,HG=F,6.035,6.043,6.028,6.036,0,0.03,0.001,0.035,USD/lb,Authentic Futures Market Feed (1-Year 60m Candles)
2026-04-16 18:00,2026-04-16,18,Copper,HG=F,6.037,6.051,6.036,6.048,419,0.2,0.011,0.01,USD/lb,Authentic Futures Market Feed (1-Year 60m Candles)
2026-04-16 19:00,2026-04-16,19,Copper,HG=F,6.047,6.052,6.045,6.05,218,0.03,0.003,-0.008,USD/lb,Authentic Futures Market Feed (1-Year 60m Candles)
2026-04-16 20:00,2026-04-16,20,Copper,HG=F,6.05,6.054,6.038,6.052,563,0.03,0.002,-0.001,USD/lb,Authentic Futures Market Feed (1-Year 60m Candles)
2026-04-16 21:00,2026-04-16,21,Copper,HG=F,6.052,6.058,6.018,6.043,1370,-0.15,-0.009,-0.011,USD/lb,Authentic Futures Market Feed (1-Year 60m Candles)
2026-04-16 22:00,2026-04-16,22,Copper,HG=F,6.042,6.052,6.037,6.038,419,-0.08,-0.004,0.005,USD/lb,Authentic Futures Market Feed (1-Year 60m Candles)
2026-04-16 23:00,2026-04-16,23,Copper,HG=F,6.04,6.052,6.038,6.043,255,0.08,0.003,0.007,USD/lb,Authentic Futures Market Feed (1-Year 60m Candles)
2026-04-17 00:00,2026-04-17,0,Copper,HG=F,6.043,6.049,6.041,6.044,180,0.02,0.001,-0.002,USD/lb,Authentic Futures Market Feed (1-Year 60m Candles)
2026-04-17 01:00,2026-04-17,1,Copper,HG=F,6.044,6.062,6.042,6.056,429,0.2,0.012,0.011,USD/lb,Authentic Futures Market Feed (1-Year 60m Candles)
2026-04-17 02:00,2026-04-17,2,Copper,HG=F,6.056,6.06,6.034,6.051,990,-0.08,-0.005,-0.017,USD/lb,Authentic Futures Market Feed (1-Year 60m Candles)
2026-04-17 03:00,2026-04-17,3,Copper,HG=F,6.051,6.056,6.037,6.056,894,0.08,0.005,0.01,USD/lb,Authentic Futures Market Feed (1-Year 60m Candles)
2026-04-17 04:00,2026-04-17,4,Copper,HG=F,6.056,6.086,6.056,6.082,1334,0.43,0.026,0.021,USD/lb,Authentic Futures Market Feed (1-Year 60m Candles)
2026-04-17 05:00,2026-04-17,5,Copper,HG=F,6.081,6.083,6.056,6.056,1324,-0.43,-0.025,-0.051,USD/lb,Authentic Futures Market Feed (1-Year 60m Candles)
2026-04-17 06:00,2026-04-17,6,Copper,HG=F,6.056,6.056,6.041,6.044,794,-0.2,-0.012,0.013,USD/lb,Authentic Futures Market Feed (1-Year 60m Candles)
2026-04-17 07:00,2026-04-17,7,Copper,HG=F,6.044,6.049,6.03,6.048,1494,0.06999999999999999,0.004,0.016,USD/lb,Authentic Futures Market Feed (1-Year 60m Candles)
2026-04-17 08:00,2026-04-17,8,Copper,HG=F,6.048,6.09,6.043,6.089,4556,0.6799999999999999,0.041,0.037,USD/lb,Authentic Futures Market Feed (1-Year 60m Candles)
2026-04-17 09:00,2026-04-17,9,Copper,HG=F,6.089,6.116,6.036,6.101,8064,0.2,0.012,-0.029,USD/lb,Authentic Futures Market Feed (1-Year 60m Candles)
2026-04-17 10:00,2026-04-17,10,Copper,HG=F,6.101,6.127,6.088,6.109,4144,0.13,0.008,-0.004,USD/lb,Authentic Futures Market Feed (1-Year 60m Candles)
2026-04-17 11:00,2026-04-17,11,Copper,HG=F,6.109,6.123,6.102,6.109,3174,0.0,0.0,-0.008,USD/lb,Authentic Futures Market Feed (1-Year 60m Candles)
2026-04-17 12:00,2026-04-17,12,Copper,HG=F,6.11,6.122,6.104,6.114,3427,0.08,0.004,0.004,USD/lb,Authentic Futures Market Feed (1-Year 60m Candles)
2026-04-17 13:00,2026-04-17,13,Copper,HG=F,6.115,6.122,6.095,6.102,2055,-0.2,-0.013,-0.017,USD/lb,Authentic Futures Market Feed (1-Year 60m Candles)
2026-04-17 14:00,2026-04-17,14,Copper,HG=F,6.102,6.103,6.081,6.088,568,-0.22999999999999998,-0.014,-0.001,USD/lb,Authentic Futures Market Feed (1-Year 60m Candles)
2026-04-17 15:00,2026-04-17,15,Copper,HG=F,6.087,6.094,6.081,6.088,916,0.0,0.001,0.015,USD/lb,Authentic Futures Market Feed (1-Year 60m Candles)
2026-04-17 16:00,2026-04-17,16,Copper,HG=F,6.087,6.115,6.079,6.115,533,0.44,0.028,0.027,USD/lb,Authentic Futures Market Feed (1-Year 60m Candles)
2026-04-19 18:00,2026-04-19,18,Copper,HG=F,6.02,6.032,6.013,6.03,538,-1.39,0.01,-0.018,USD/lb,Authentic Futures Market Feed (1-Year 60m Candles)
2026-04-19 19:00,2026-04-19,19,Copper,HG=F,6.03,6.039,6.019,6.037,895,0.12,0.007,-0.003,USD/lb,Authentic Futures Market Feed (1-Year 60m Candles)
2026-04-19 20:00,2026-04-19,20,Copper,HG=F,6.037,6.058,6.027,6.055,1667,0.3,0.018,0.011,USD/lb,Authentic Futures Market Feed (1-Year 60m Candles)
2026-04-19 21:00,2026-04-19,21,Copper,HG=F,6.056,6.092,6.051,6.082,1481,0.44999999999999996,0.026,0.008,USD/lb,Authentic Futures Market Feed (1-Year 60m Candles)
2026-04-19 22:00,2026-04-19,22,Copper,HG=F,6.082,6.098,6.078,6.08,681,-0.03,-0.002,-0.028,USD/lb,Authentic Futures Market Feed (1-Year 60m Candles)
2026-04-20 05:00,2026-04-20,5,Copper,HG=F,6.115,6.115,6.012,6.026,7470,-0.89,-0.089,-0.087,USD/lb,Authentic Futures Market Feed (1-Year 60m Candles)
2026-04-20 06:00,2026-04-20,6,Copper,HG=F,6.027,6.115,6.022,6.022,574,-0.06999999999999999,-0.005,0.084,USD/lb,Authentic Futures Market Feed (1-Year 60m Candles)
2026-04-20 07:00,2026-04-20,7,Copper,HG=F,6.023,6.115,6.012,6.036,1746,0.22999999999999998,0.013,0.018,USD/lb,Authentic Futures Market Feed (1-Year 60m Candles)
2026-04-20 08:00,2026-04-20,8,Copper,HG=F,6.036,6.048,6.023,6.045,7148,0.15,0.009,-0.004,USD/lb,Authentic Futures Market Feed (1-Year 60m Candles)
2026-04-20 09:00,2026-04-20,9,Copper,HG=F,6.046,6.074,6.043,6.07,3097,0.41000000000000003,0.024,0.015,USD/lb,Authentic Futures Market Feed (1-Year 60m Candles)
2026-04-20 10:00,2026-04-20,10,Copper,HG=F,6.069,6.07,6.043,6.052,4304,-0.3,-0.017,-0.041,USD/lb,Authentic Futures Market Feed (1-Year 60m Candles)
2026-04-20 11:00,2026-04-20,11,Copper,HG=F,6.054,6.058,6.041,6.048,2584,-0.06999999999999999,-0.006,0.011,USD/lb,Authentic Futures Market Feed (1-Year 60m Candles)
2026-04-20 12:00,2026-04-20,12,Copper,HG=F,6.047,6.057,6.041,6.043,3338,-0.08,-0.004,0.002,USD/lb,Authentic Futures Market Feed (1-Year 60m Candles)
2026-04-20 13:00,2026-04-20,13,Copper,HG=F,6.044,6.048,6.03,6.035,1289,-0.13,-0.009,-0.005,USD/lb,Authentic Futures Market Feed (1-Year 60m Candles)
2026-04-20 14:00,2026-04-20,14,Copper,HG=F,6.035,6.043,6.033,6.042,2820,0.12,0.007,0.016,USD/lb,Authentic Futures Market Feed (1-Year 60m Candles)
2026-04-20 15:00,2026-04-20,15,Copper,HG=F,6.043,6.049,6.042,6.045,764,0.05,0.002,-0.005,USD/lb,Authentic Futures Market Feed (1-Year 60m Candles)
2026-04-20 16:00,2026-04-20,16,Copper,HG=F,6.047,6.049,6.044,6.045,328,0.0,-0.002,-0.004,USD/lb,Authentic Futures Market Feed (1-Year 60m Candles)
2026-04-20 18:00,2026-04-20,18,Copper,HG=F,6.05,6.05,6.043,6.045,0,0.0,-0.005,-0.003,USD/lb,Authentic Futures Market Feed (1-Year 60m Candles)
2026-04-20 19:00,2026-04-20,19,Copper,HG=F,6.047,6.049,6.043,6.044,185,-0.02,-0.003,0.002,USD/lb,Authentic Futures Market Feed (1-Year 60m Candles)
2026-04-20 20:00,2026-04-20,20,Copper,HG=F,6.043,6.045,6.03,6.045,272,0.02,0.002,0.005,USD/lb,Authentic Futures Market Feed (1-Year 60m Candles)
2026-04-20 21:00,2026-04-20,21,Copper,HG=F,6.045,6.049,6.021,6.029,690,-0.26,-0.016,-0.018,USD/lb,Authentic Futures Market Feed (1-Year 60m Candles)
2026-04-20 22:00,2026-04-20,22,Copper,HG=F,6.028,6.031,6.016,6.023,543,-0.1,-0.005,0.011,USD/lb,Authentic Futures Market Feed (1-Year 60m Candles)
2026-04-20 23:00,2026-04-20,23,Copper,HG=F,6.024,6.027,6.001,6.011,625,-0.2,-0.013,-0.008,USD/lb,Authentic Futures Market Feed (1-Year 60m Candles)
2026-04-21 00:00,2026-04-21,0,Copper,HG=F,6.011,6.011,6.008,6.009,191,-0.03,-0.002,0.011,USD/lb,Authentic Futures Market Feed (1-Year 60m Candles)
2026-04-21 01:00,2026-04-21,1,Copper,HG=F,6.009,6.039,6.008,6.017,666,0.13,0.008,0.01,USD/lb,Authentic Futures Market Feed (1-Year 60m Candles)
2026-04-21 02:00,2026-04-21,2,Copper,HG=F,6.017,6.046,6.008,6.019,666,0.03,0.002,-0.006,USD/lb,Authentic Futures Market Feed (1-Year 60m Candles)
2026-04-21 03:00,2026-04-21,3,Copper,HG=F,6.02,6.043,6.009,6.034,1005,0.25,0.014,0.012,USD/lb,Authentic Futures Market Feed (1-Year 60m Candles)
2026-04-21 04:00,2026-04-21,4,Copper,HG=F,6.031,6.041,6.023,6.036,1552,0.03,0.005,-0.009,USD/lb,Authentic Futures Market Feed (1-Year 60m Candles)
2026-04-21 05:00,2026-04-21,5,Copper,HG=F,6.036,6.039,6.031,6.037,442,0.02,0.001,-0.004,USD/lb,Authentic Futures Market Feed (1-Year 60m Candles)
2026-04-21 06:00,2026-04-21,6,Copper,HG=F,6.036,6.054,6.036,6.051,865,0.22999999999999998,0.015,0.014,USD/lb,Authentic Futures Market Feed (1-Year 60m Candles)
2026-04-21 07:00,2026-04-21,7,Copper,HG=F,6.051,6.056,6.035,6.055,1798,0.06999999999999999,0.004,-0.011,USD/lb,Authentic Futures Market Feed (1-Year 60m Candles)
2026-04-21 08:00,2026-04-21,8,Copper,HG=F,6.056,6.062,6.037,6.042,1981,-0.21,-0.014,-0.018,USD/lb,Authentic Futures Market Feed (1-Year 60m Candles)
2026-04-21 09:00,2026-04-21,9,Copper,HG=F,6.042,6.073,6.04,6.062,3310,0.33,0.02,0.034,USD/lb,Authentic Futures Market Feed (1-Year 60m Candles)
2026-04-21 10:00,2026-04-21,10,Copper,HG=F,6.062,6.07,6.027,6.032,2501,-0.49,-0.03,-0.05,USD/lb,Authentic Futures Market Feed (1-Year 60m Candles)
2026-04-21 11:00,2026-04-21,11,Copper,HG=F,6.034,6.049,6.018,6.022,4288,-0.16999999999999998,-0.012,0.018,USD/lb,Authentic Futures Market Feed (1-Year 60m Candles)
2026-04-21 12:00,2026-04-21,12,Copper,HG=F,6.024,6.029,6.008,6.009,5329,-0.22,-0.015,-0.003,USD/lb,Authentic Futures Market Feed (1-Year 60m Candles)
2026-04-21 13:00,2026-04-21,13,Copper,HG=F,6.009,6.009,5.985,5.994,4366,-0.25,-0.015,0.0,USD/lb,Authentic Futures Market Feed (1-Year 60m Candles)
2026-04-21 14:00,2026-04-21,14,Copper,HG=F,5.994,6.006,5.986,6.002,685,0.13,0.008,0.023,USD/lb,Authentic Futures Market Feed (1-Year 60m Candles)
2026-04-21 15:00,2026-04-21,15,Copper,HG=F,6.002,6.017,5.968,5.972,1724,-0.5,-0.03,-0.038,USD/lb,Authentic Futures Market Feed (1-Year 60m Candles)
2026-04-21 16:00,2026-04-21,16,Copper,HG=F,5.973,6.02,5.971,6.017,1252,0.75,0.044,0.074,USD/lb,Authentic Futures Market Feed (1-Year 60m Candles)
2026-04-21 18:00,2026-04-21,18,Copper,HG=F,6.016,6.03,6.008,6.008,0,-0.15,-0.008,-0.052,USD/lb,Authentic Futures Market Feed (1-Year 60m Candles)
2026-04-21 19:00,2026-04-21,19,Copper,HG=F,6.009,6.018,6.009,6.014,130,0.1,0.005,0.013,USD/lb,Authentic Futures Market Feed (1-Year 60m Candles)
2026-04-21 20:00,2026-04-21,20,Copper,HG=F,6.014,6.03,6.014,6.028,801,0.22999999999999998,0.014,0.009,USD/lb,Authentic Futures Market Feed (1-Year 60m Candles)
2026-04-21 21:00,2026-04-21,21,Copper,HG=F,6.027,6.042,6.027,6.03,540,0.03,0.003,-0.011,USD/lb,Authentic Futures Market Feed (1-Year 60m Candles)
2026-04-21 22:00,2026-04-21,22,Copper,HG=F,6.032,6.045,6.029,6.035,660,0.08,0.003,0.0,USD/lb,Authentic Futures Market Feed (1-Year 60m Candles)
2026-04-21 23:00,2026-04-21,23,Copper,HG=F,6.033,6.049,6.033,6.043,314,0.13,0.01,0.007,USD/lb,Authentic Futures Market Feed (1-Year 60m Candles)
2026-04-22 00:00,2026-04-22,0,Copper,HG=F,6.043,6.049,6.04,6.043,290,0.0,0.0,-0.01,USD/lb,Authentic Futures Market Feed (1-Year 60m Candles)
2026-04-22 01:00,2026-04-22,1,Copper,HG=F,6.043,6.063,6.037,6.056,1497,0.22,0.013,0.013,USD/lb,Authentic Futures Market Feed (1-Year 60m Candles)
2026-04-22 02:00,2026-04-22,2,Copper,HG=F,6.057,6.065,6.049,6.059,889,0.05,0.002,-0.011,USD/lb,Authentic Futures Market Feed (1-Year 60m Candles)
2026-04-22 03:00,2026-04-22,3,Copper,HG=F,6.059,6.069,6.053,6.056,1026,-0.05,-0.003,-0.005,USD/lb,Authentic Futures Market Feed (1-Year 60m Candles)
2026-04-22 04:00,2026-04-22,4,Copper,HG=F,6.058,6.076,6.058,6.07,1472,0.22999999999999998,0.012,0.015,USD/lb,Authentic Futures Market Feed (1-Year 60m Candles)
2026-04-22 05:00,2026-04-22,5,Copper,HG=F,6.069,6.08,6.068,6.07,1055,0.0,0.001,-0.011,USD/lb,Authentic Futures Market Feed (1-Year 60m Candles)
2026-04-22 06:00,2026-04-22,6,Copper,HG=F,6.071,6.071,6.061,6.061,695,-0.15,-0.01,-0.011,USD/lb,Authentic Futures Market Feed (1-Year 60m Candles)
2026-04-22 07:00,2026-04-22,7,Copper,HG=F,6.061,6.061,6.049,6.054,733,-0.12,-0.007,0.003,USD/lb,Authentic Futures Market Feed (1-Year 60m Candles)
2026-04-22 08:00,2026-04-22,8,Copper,HG=F,6.055,6.064,6.048,6.05,2187,-0.06999999999999999,-0.005,0.002,USD/lb,Authentic Futures Market Feed (1-Year 60m Candles)
2026-04-22 09:00,2026-04-22,9,Copper,HG=F,6.051,6.064,6.047,6.062,2513,0.2,0.011,0.016,USD/lb,Authentic Futures Market Feed (1-Year 60m Candles)
2026-04-22 10:00,2026-04-22,10,Copper,HG=F,6.062,6.112,6.06,6.103,6421,0.6799999999999999,0.041,0.03,USD/lb,Authentic Futures Market Feed (1-Year 60m Candles)
2026-04-22 11:00,2026-04-22,11,Copper,HG=F,6.104,6.128,6.102,6.123,5688,0.33,0.019,-0.022,USD/lb,Authentic Futures Market Feed (1-Year 60m Candles)
2026-04-22 12:00,2026-04-22,12,Copper,HG=F,6.123,6.129,6.12,6.129,4148,0.1,0.006,-0.013,USD/lb,Authentic Futures Market Feed (1-Year 60m Candles)
2026-04-22 13:00,2026-04-22,13,Copper,HG=F,6.129,6.152,6.128,6.141,4608,0.2,0.012,0.006,USD/lb,Authentic Futures Market Feed (1-Year 60m Candles)
2026-04-22 14:00,2026-04-22,14,Copper,HG=F,6.14,6.148,6.135,6.145,895,0.06999999999999999,0.005,-0.007,USD/lb,Authentic Futures Market Feed (1-Year 60m Candles)
2026-04-22 15:00,2026-04-22,15,Copper,HG=F,6.144,6.144,6.135,6.137,1068,-0.13,-0.007,-0.012,USD/lb,Authentic Futures Market Feed (1-Year 60m Candles)
2026-04-22 16:00,2026-04-22,16,Copper,HG=F,6.137,6.139,6.131,6.137,0,0.0,0.0,0.007,USD/lb,Authentic Futures Market Feed (1-Year 60m Candles)
2026-04-22 18:00,2026-04-22,18,Copper,HG=F,6.137,6.14,6.129,6.134,111,-0.05,-0.003,-0.003,USD/lb,Authentic Futures Market Feed (1-Year 60m Candles)
2026-04-22 19:00,2026-04-22,19,Copper,HG=F,6.135,6.136,6.13,6.135,92,0.02,0.0,0.003,USD/lb,Authentic Futures Market Feed (1-Year 60m Candles)
2026-04-22 20:00,2026-04-22,20,Copper,HG=F,6.133,6.148,6.106,6.14,1727,0.08,0.007,0.007,USD/lb,Authentic Futures Market Feed (1-Year 60m Candles)
2026-04-22 21:00,2026-04-22,21,Copper,HG=F,6.141,6.148,6.085,6.09,1613,-0.8099999999999999,-0.051,-0.058,USD/lb,Authentic Futures Market Feed (1-Year 60m Candles)
2026-04-22 22:00,2026-04-22,22,Copper,HG=F,6.089,6.091,6.031,6.032,1919,-0.95,-0.057,-0.006,USD/lb,Authentic Futures Market Feed (1-Year 60m Candles)
2026-04-22 23:00,2026-04-22,23,Copper,HG=F,6.034,6.046,6.011,6.032,1747,0.0,-0.002,0.055,USD/lb,Authentic Futures Market Feed (1-Year 60m Candles)
2026-04-23 00:00,2026-04-23,0,Copper,HG=F,6.031,6.046,6.027,6.046,389,0.22999999999999998,0.015,0.017,USD/lb,Authentic Futures Market Feed (1-Year 60m Candles)
2026-04-23 01:00,2026-04-23,1,Copper,HG=F,6.045,6.057,6.033,6.055,981,0.15,0.01,-0.005,USD/lb,Authentic Futures Market Feed (1-Year 60m Candles)
2026-04-23 02:00,2026-04-23,2,Copper,HG=F,6.056,6.062,6.043,6.056,797,0.02,0.0,-0.01,USD/lb,Authentic Futures Market Feed (1-Year 60m Candles)
2026-04-23 03:00,2026-04-23,3,Copper,HG=F,6.056,6.057,6.035,6.037,973,-0.31,-0.019,-0.019,USD/lb,Authentic Futures Market Feed (1-Year 60m Candles)
2026-04-23 04:00,2026-04-23,4,Copper,HG=F,6.038,6.049,6.025,6.033,1298,-0.06999999999999999,-0.005,0.014,USD/lb,Authentic Futures Market Feed (1-Year 60m Candles)
2026-04-23 05:00,2026-04-23,5,Copper,HG=F,6.032,6.039,6.023,6.034,1126,0.02,0.002,0.007,USD/lb,Authentic Futures Market Feed (1-Year 60m Candles)
2026-04-23 06:00,2026-04-23,6,Copper,HG=F,6.032,6.037,6.018,6.029,1000,-0.08,-0.003,-0.005,USD/lb,Authentic Futures Market Feed (1-Year 60m Candles)
2026-04-23 07:00,2026-04-23,7,Copper,HG=F,6.03,6.05,6.028,6.049,1326,0.33,0.019,0.022,USD/lb,Authentic Futures Market Feed (1-Year 60m Candles)
2026-04-23 08:00,2026-04-23,8,Copper,HG=F,6.047,6.077,6.047,6.069,3543,0.33,0.022,0.003,USD/lb,Authentic Futures Market Feed (1-Year 60m Candles)
2026-04-23 09:00,2026-04-23,9,Copper,HG=F,6.07,6.077,6.057,6.057,4518,-0.2,-0.013,-0.035,USD/lb,Authentic Futures Market Feed (1-Year 60m Candles)
2026-04-23 10:00,2026-04-23,10,Copper,HG=F,6.058,6.094,6.048,6.09,3663,0.54,0.032,0.045,USD/lb,Authentic Futures Market Feed (1-Year 60m Candles)
2026-04-23 11:00,2026-04-23,11,Copper,HG=F,6.091,6.109,6.069,6.08,5316,-0.16,-0.011,-0.043,USD/lb,Authentic Futures Market Feed (1-Year 60m Candles)
2026-04-23 12:00,2026-04-23,12,Copper,HG=F,6.08,6.084,6.07,6.081,4304,0.02,0.001,0.012,USD/lb,Authentic Futures Market Feed (1-Year 60m Candles)
2026-04-23 13:00,2026-04-23,13,Copper,HG=F,6.081,6.084,6.01,6.05,5894,-0.51,-0.031,-0.032,USD/lb,Authentic Futures Market Feed (1-Year 60m Candles)
2026-04-23 14:00,2026-04-23,14,Copper,HG=F,6.05,6.063,6.036,6.04,754,-0.16999999999999998,-0.01,0.021,USD/lb,Authentic Futures Market Feed (1-Year 60m Candles)
2026-04-23 15:00,2026-04-23,15,Copper,HG=F,6.039,6.047,6.032,6.043,493,0.05,0.004,0.014,USD/lb,Authentic Futures Market Feed (1-Year 60m Candles)
2026-04-23 16:00,2026-04-23,16,Copper,HG=F,6.042,6.042,6.012,6.025,903,-0.3,-0.017,-0.021,USD/lb,Authentic Futures Market Feed (1-Year 60m Candles)
2026-04-23 18:00,2026-04-23,18,Copper,HG=F,6.028,6.036,6.025,6.032,0,0.12,0.004,0.021,USD/lb,Authentic Futures Market Feed (1-Year 60m Candles)
2026-04-23 19:00,2026-04-23,19,Copper,HG=F,6.034,6.04,6.031,6.037,174,0.08,0.003,-0.001,USD/lb,Authentic Futures Market Feed (1-Year 60m Candles)
2026-04-23 20:00,2026-04-23,20,Copper,HG=F,6.039,6.047,6.036,6.043,559,0.1,0.004,0.001,USD/lb,Authentic Futures Market Feed (1-Year 60m Candles)
2026-04-23 21:00,2026-04-23,21,Copper,HG=F,6.043,6.047,6.01,6.023,1536,-0.33,-0.02,-0.024,USD/lb,Authentic Futures Market Feed (1-Year 60m Candles)
2026-04-23 22:00,2026-04-23,22,Copper,HG=F,6.022,6.023,6.01,6.016,976,-0.12,-0.006,0.014,USD/lb,Authentic Futures Market Feed (1-Year 60m Candles)
2026-04-23 23:00,2026-04-23,23,Copper,HG=F,6.015,6.016,5.992,5.996,857,-0.33,-0.019,-0.013,USD/lb,Authentic Futures Market Feed (1-Year 60m Candles)
2026-04-24 00:00,2026-04-24,0,Copper,HG=F,5.995,6.001,5.991,5.997,287,0.02,0.002,0.021,USD/lb,Authentic Futures Market Feed (1-Year 60m Candles)
2026-04-24 01:00,2026-04-24,1,Copper,HG=F,5.997,6.013,5.996,6.01,1160,0.22,0.013,0.011,USD/lb,Authentic Futures Market Feed (1-Year 60m Candles)
2026-04-24 02:00,2026-04-24,2,Copper,HG=F,6.01,6.021,5.993,6.002,725,-0.13,-0.008,-0.021,USD/lb,Authentic Futures Market Feed (1-Year 60m Candles)
2026-04-24 03:00,2026-04-24,3,Copper,HG=F,6.001,6.017,5.992,6.016,1379,0.22999999999999998,0.015,0.023,USD/lb,Authentic Futures Market Feed (1-Year 60m Candles)
2026-04-24 04:00,2026-04-24,4,Copper,HG=F,6.017,6.024,6.006,6.016,1134,0.0,-0.001,-0.016,USD/lb,Authentic Futures Market Feed (1-Year 60m Candles)
2026-04-24 05:00,2026-04-24,5,Copper,HG=F,6.016,6.016,5.984,5.988,1158,-0.47000000000000003,-0.028,-0.027,USD/lb,Authentic Futures Market Feed (1-Year 60m Candles)
2026-04-24 06:00,2026-04-24,6,Copper,HG=F,5.987,5.999,5.985,5.991,653,0.05,0.004,0.032,USD/lb,Authentic Futures Market Feed (1-Year 60m Candles)
2026-04-24 07:00,2026-04-24,7,Copper,HG=F,5.991,6.035,5.991,6.026,1943,0.58,0.035,0.031,USD/lb,Authentic Futures Market Feed (1-Year 60m Candles)
2026-04-24 08:00,2026-04-24,8,Copper,HG=F,6.027,6.033,5.999,6.011,5015,-0.25,-0.016,-0.051,USD/lb,Authentic Futures Market Feed (1-Year 60m Candles)
2026-04-24 09:00,2026-04-24,9,Copper,HG=F,6.013,6.036,6.013,6.034,3929,0.38,0.021,0.037,USD/lb,Authentic Futures Market Feed (1-Year 60m Candles)
2026-04-24 10:00,2026-04-24,10,Copper,HG=F,6.032,6.038,6.018,6.037,3255,0.05,0.005,-0.016,USD/lb,Authentic Futures Market Feed (1-Year 60m Candles)
2026-04-24 11:00,2026-04-24,11,Copper,HG=F,6.037,6.047,6.027,6.036,3653,-0.02,-0.001,-0.006,USD/lb,Authentic Futures Market Feed (1-Year 60m Candles)
2026-04-24 12:00,2026-04-24,12,Copper,HG=F,6.037,6.04,6.024,6.025,3169,-0.18,-0.012,-0.011,USD/lb,Authentic Futures Market Feed (1-Year 60m Candles)
2026-04-24 13:00,2026-04-24,13,Copper,HG=F,6.025,6.03,6.016,6.026,1359,0.02,0.001,0.013,USD/lb,Authentic Futures Market Feed (1-Year 60m Candles)
2026-04-24 14:00,2026-04-24,14,Copper,HG=F,6.026,6.03,6.023,6.03,429,0.06999999999999999,0.004,0.003,USD/lb,Authentic Futures Market Feed (1-Year 60m Candles)
2026-04-24 15:00,2026-04-24,15,Copper,HG=F,6.03,6.036,6.025,6.029,617,-0.02,-0.001,-0.005,USD/lb,Authentic Futures Market Feed (1-Year 60m Candles)
2026-04-24 16:00,2026-04-24,16,Copper,HG=F,6.029,6.034,6.023,6.029,1417,0.0,0.0,0.001,USD/lb,Authentic Futures Market Feed (1-Year 60m Candles)
2026-04-26 18:00,2026-04-26,18,Copper,HG=F,6.004,6.023,6.0,6.018,203,-0.18,0.014,0.014,USD/lb,Authentic Futures Market Feed (1-Year 60m Candles)
2026-04-26 19:00,2026-04-26,19,Copper,HG=F,6.017,6.023,6.01,6.017,392,-0.02,0.0,-0.014,USD/lb,Authentic Futures Market Feed (1-Year 60m Candles)
2026-04-26 20:00,2026-04-26,20,Copper,HG=F,6.018,6.037,6.013,6.036,298,0.32,0.018,0.018,USD/lb,Authentic Futures Market Feed (1-Year 60m Candles)
2026-04-26 21:00,2026-04-26,21,Copper,HG=F,6.036,6.065,6.033,6.049,565,0.22,0.013,-0.005,USD/lb,Authentic Futures Market Feed (1-Year 60m Candles)
2026-04-26 22:00,2026-04-26,22,Copper,HG=F,6.055,6.076,6.048,6.07,399,0.35000000000000003,0.015,0.002,USD/lb,Authentic Futures Market Feed (1-Year 60m Candles)
2026-04-26 23:00,2026-04-26,23,Copper,HG=F,6.069,6.074,6.056,6.066,256,-0.06999999999999999,-0.003,-0.018,USD/lb,Authentic Futures Market Feed (1-Year 60m Candles)
2026-04-27 00:00,2026-04-27,0,Copper,HG=F,6.065,6.069,6.062,6.064,271,-0.03,-0.001,0.002,USD/lb,Authentic Futures Market Feed (1-Year 60m Candles)
2026-04-27 01:00,2026-04-27,1,Copper,HG=F,6.062,6.062,6.04,6.042,431,-0.36,-0.02,-0.019,USD/lb,Authentic Futures Market Feed (1-Year 60m Candles)
2026-04-27 02:00,2026-04-27,2,Copper,HG=F,6.042,6.043,6.03,6.035,631,-0.12,-0.007,0.013,USD/lb,Authentic Futures Market Feed (1-Year 60m Candles)
2026-04-27 03:00,2026-04-27,3,Copper,HG=F,6.034,6.111,6.03,6.107,2140,1.1900000000000002,0.073,0.08,USD/lb,Authentic Futures Market Feed (1-Year 60m Candles)
2026-04-27 04:00,2026-04-27,4,Copper,HG=F,6.103,6.105,6.088,6.103,1852,-0.06999999999999999,0.0,-0.073,USD/lb,Authentic Futures Market Feed (1-Year 60m Candles)
2026-04-27 05:00,2026-04-27,5,Copper,HG=F,6.103,6.111,6.101,6.107,2618,0.06999999999999999,0.004,0.004,USD/lb,Authentic Futures Market Feed (1-Year 60m Candles)
2026-04-27 06:00,2026-04-27,6,Copper,HG=F,6.107,6.115,6.101,6.102,891,-0.08,-0.005,-0.009,USD/lb,Authentic Futures Market Feed (1-Year 60m Candles)
2026-04-27 07:00,2026-04-27,7,Copper,HG=F,6.102,6.102,6.08,6.089,1637,-0.21,-0.013,-0.008,USD/lb,Authentic Futures Market Feed (1-Year 60m Candles)
2026-04-27 08:00,2026-04-27,8,Copper,HG=F,6.089,6.095,6.076,6.082,3058,-0.11,-0.007,0.006,USD/lb,Authentic Futures Market Feed (1-Year 60m Candles)
2026-04-27 09:00,2026-04-27,9,Copper,HG=F,6.083,6.088,6.065,6.085,3737,0.05,0.002,0.009,USD/lb,Authentic Futures Market Feed (1-Year 60m Candles)
2026-04-27 10:00,2026-04-27,10,Copper,HG=F,6.085,6.087,6.068,6.072,2301,-0.21,-0.013,-0.015,USD/lb,Authentic Futures Market Feed (1-Year 60m Candles)
2026-04-27 11:00,2026-04-27,11,Copper,HG=F,6.072,6.074,6.05,6.062,5495,-0.16,-0.01,0.003,USD/lb,Authentic Futures Market Feed (1-Year 60m Candles)
2026-04-27 12:00,2026-04-27,12,Copper,HG=F,6.062,6.082,6.057,6.078,5026,0.26,0.016,0.026,USD/lb,Authentic Futures Market Feed (1-Year 60m Candles)
2026-04-27 13:00,2026-04-27,13,Copper,HG=F,6.079,6.098,6.077,6.086,2462,0.13,0.007,-0.009,USD/lb,Authentic Futures Market Feed (1-Year 60m Candles)
2026-04-27 14:00,2026-04-27,14,Copper,HG=F,6.085,6.091,6.085,6.091,557,0.08,0.006,-0.001,USD/lb,Authentic Futures Market Feed (1-Year 60m Candles)
2026-04-27 15:00,2026-04-27,15,Copper,HG=F,6.092,6.093,6.084,6.084,782,-0.11,-0.008,-0.014,USD/lb,Authentic Futures Market Feed (1-Year 60m Candles)
2026-04-27 16:00,2026-04-27,16,Copper,HG=F,6.086,6.089,6.083,6.087,405,0.05,0.001,0.009,USD/lb,Authentic Futures Market Feed (1-Year 60m Candles)
2026-04-27 18:00,2026-04-27,18,Copper,HG=F,6.081,6.087,6.08,6.082,0,-0.08,0.001,0.0,USD/lb,Authentic Futures Market Feed (1-Year 60m Candles)
2026-04-27 19:00,2026-04-27,19,Copper,HG=F,6.083,6.09,6.082,6.09,384,0.13,0.007,0.006,USD/lb,Authentic Futures Market Feed (1-Year 60m Candles)
2026-04-27 20:00,2026-04-27,20,Copper,HG=F,6.089,6.1,6.088,6.091,489,0.02,0.002,-0.005,USD/lb,Authentic Futures Market Feed (1-Year 60m Candles)
2026-04-27 21:00,2026-04-27,21,Copper,HG=F,6.09,6.095,6.061,6.063,912,-0.45999999999999996,-0.027,-0.029,USD/lb,Authentic Futures Market Feed (1-Year 60m Candles)
2026-04-27 22:00,2026-04-27,22,Copper,HG=F,6.063,6.074,6.053,6.059,907,-0.06999999999999999,-0.004,0.023,USD/lb,Authentic Futures Market Feed (1-Year 60m Candles)
2026-04-27 23:00,2026-04-27,23,Copper,HG=F,6.059,6.083,6.057,6.077,929,0.3,0.018,0.022,USD/lb,Authentic Futures Market Feed (1-Year 60m Candles)
2026-04-28 00:00,2026-04-28,0,Copper,HG=F,6.077,6.077,6.071,6.071,331,-0.1,-0.006,-0.024,USD/lb,Authentic Futures Market Feed (1-Year 60m Candles)
2026-04-28 01:00,2026-04-28,1,Copper,HG=F,6.071,6.071,6.048,6.059,1156,-0.2,-0.012,-0.006,USD/lb,Authentic Futures Market Feed (1-Year 60m Candles)
2026-04-28 02:00,2026-04-28,2,Copper,HG=F,6.057,6.068,6.048,6.065,1212,0.1,0.008,0.02,USD/lb,Authentic Futures Market Feed (1-Year 60m Candles)
2026-04-28 03:00,2026-04-28,3,Copper,HG=F,6.063,6.066,6.049,6.051,1729,-0.22999999999999998,-0.012,-0.02,USD/lb,Authentic Futures Market Feed (1-Year 60m Candles)
2026-04-28 04:00,2026-04-28,4,Copper,HG=F,6.051,6.052,6.005,6.032,4303,-0.31,-0.019,-0.007,USD/lb,Authentic Futures Market Feed (1-Year 60m Candles)
2026-04-28 05:00,2026-04-28,5,Copper,HG=F,6.033,6.036,5.97,5.972,3228,-0.9900000000000001,-0.061,-0.042,USD/lb,Authentic Futures Market Feed (1-Year 60m Candles)
2026-04-28 06:00,2026-04-28,6,Copper,HG=F,5.973,5.993,5.973,5.986,2000,0.22999999999999998,0.013,0.074,USD/lb,Authentic Futures Market Feed (1-Year 60m Candles)
2026-04-28 07:00,2026-04-28,7,Copper,HG=F,5.986,5.99,5.931,5.944,4157,-0.7000000000000001,-0.042,-0.055,USD/lb,Authentic Futures Market Feed (1-Year 60m Candles)
2026-04-28 08:00,2026-04-28,8,Copper,HG=F,5.945,5.977,5.939,5.973,7336,0.49,0.028,0.07,USD/lb,Authentic Futures Market Feed (1-Year 60m Candles)
2026-04-28 09:00,2026-04-28,9,Copper,HG=F,5.972,5.99,5.96,5.973,7081,0.0,0.001,-0.027,USD/lb,Authentic Futures Market Feed (1-Year 60m Candles)
2026-04-28 10:00,2026-04-28,10,Copper,HG=F,5.972,5.994,5.959,5.977,3967,0.06999999999999999,0.005,0.004,USD/lb,Authentic Futures Market Feed (1-Year 60m Candles)
2026-04-28 11:00,2026-04-28,11,Copper,HG=F,5.977,5.982,5.968,5.981,5890,0.06999999999999999,0.004,-0.001,USD/lb,Authentic Futures Market Feed (1-Year 60m Candles)
2026-04-28 12:00,2026-04-28,12,Copper,HG=F,5.979,5.981,5.97,5.975,3858,-0.1,-0.004,-0.008,USD/lb,Authentic Futures Market Feed (1-Year 60m Candles)
2026-04-28 13:00,2026-04-28,13,Copper,HG=F,5.975,5.979,5.964,5.975,2081,0.0,0.0,0.004,USD/lb,Authentic Futures Market Feed (1-Year 60m Candles)
2026-04-28 14:00,2026-04-28,14,Copper,HG=F,5.975,5.981,5.972,5.978,537,0.05,0.003,0.003,USD/lb,Authentic Futures Market Feed (1-Year 60m Candles)
2026-04-28 15:00,2026-04-28,15,Copper,HG=F,5.978,5.985,5.972,5.974,972,-0.06999999999999999,-0.004,-0.007,USD/lb,Authentic Futures Market Feed (1-Year 60m Candles)
2026-04-28 16:00,2026-04-28,16,Copper,HG=F,5.973,5.98,5.973,5.977,297,0.05,0.004,0.008,USD/lb,Authentic Futures Market Feed (1-Year 60m Candles)
2026-04-28 18:00,2026-04-28,18,Copper,HG=F,5.979,5.982,5.972,5.974,0,-0.05,-0.005,-0.009,USD/lb,Authentic Futures Market Feed (1-Year 60m Candles)
2026-04-28 19:00,2026-04-28,19,Copper,HG=F,5.975,5.981,5.973,5.981,74,0.12,0.006,0.011,USD/lb,Authentic Futures Market Feed (1-Year 60m Candles)
2026-04-28 20:00,2026-04-28,20,Copper,HG=F,5.979,5.989,5.972,5.977,597,-0.06999999999999999,-0.002,-0.008,USD/lb,Authentic Futures Market Feed (1-Year 60m Candles)
2026-04-28 21:00,2026-04-28,21,Copper,HG=F,5.977,5.999,5.965,5.997,1660,0.33,0.02,0.022,USD/lb,Authentic Futures Market Feed (1-Year 60m Candles)
2026-04-28 22:00,2026-04-28,22,Copper,HG=F,5.998,6.009,5.994,6.008,982,0.18,0.01,-0.01,USD/lb,Authentic Futures Market Feed (1-Year 60m Candles)
2026-04-28 23:00,2026-04-28,23,Copper,HG=F,6.008,6.022,6.006,6.009,664,0.02,0.001,-0.009,USD/lb,Authentic Futures Market Feed (1-Year 60m Candles)
2026-04-29 00:00,2026-04-29,0,Copper,HG=F,6.01,6.012,6.007,6.009,194,0.0,-0.001,-0.002,USD/lb,Authentic Futures Market Feed (1-Year 60m Candles)
2026-04-29 01:00,2026-04-29,1,Copper,HG=F,6.009,6.024,6.008,6.01,583,0.02,0.001,0.002,USD/lb,Authentic Futures Market Feed (1-Year 60m Candles)
2026-04-29 02:00,2026-04-29,2,Copper,HG=F,6.009,6.021,6.006,6.014,636,0.06999999999999999,0.005,0.004,USD/lb,Authentic Futures Market Feed (1-Year 60m Candles)
2026-04-29 03:00,2026-04-29,3,Copper,HG=F,6.013,6.021,5.986,5.998,1268,-0.27,-0.015,-0.02,USD/lb,Authentic Futures Market Feed (1-Year 60m Candles)
2026-04-29 04:00,2026-04-29,4,Copper,HG=F,5.998,6.016,5.983,5.992,1766,-0.1,-0.006,0.009,USD/lb,Authentic Futures Market Feed (1-Year 60m Candles)
2026-04-29 05:00,2026-04-29,5,Copper,HG=F,5.991,6.003,5.983,5.984,597,-0.13,-0.007,-0.001,USD/lb,Authentic Futures Market Feed (1-Year 60m Candles)
2026-04-29 06:00,2026-04-29,6,Copper,HG=F,5.985,5.995,5.978,5.984,745,0.0,-0.001,0.006,USD/lb,Authentic Futures Market Feed (1-Year 60m Candles)
2026-04-29 07:00,2026-04-29,7,Copper,HG=F,5.984,5.999,5.972,5.997,989,0.22,0.013,0.014,USD/lb,Authentic Futures Market Feed (1-Year 60m Candles)
2026-04-29 08:00,2026-04-29,8,Copper,HG=F,5.995,6.003,5.969,5.971,2061,-0.43,-0.024,-0.037,USD/lb,Authentic Futures Market Feed (1-Year 60m Candles)
2026-04-29 09:00,2026-04-29,9,Copper,HG=F,5.972,5.984,5.944,5.949,4127,-0.37,-0.023,0.001,USD/lb,Authentic Futures Market Feed (1-Year 60m Candles)
2026-04-29 10:00,2026-04-29,10,Copper,HG=F,5.949,5.973,5.939,5.956,3984,0.12,0.007,0.03,USD/lb,Authentic Futures Market Feed (1-Year 60m Candles)
2026-04-29 11:00,2026-04-29,11,Copper,HG=F,5.956,5.96,5.935,5.939,3066,-0.29,-0.017,-0.024,USD/lb,Authentic Futures Market Feed (1-Year 60m Candles)
2026-04-29 12:00,2026-04-29,12,Copper,HG=F,5.939,5.953,5.931,5.935,3449,-0.06999999999999999,-0.004,0.013,USD/lb,Authentic Futures Market Feed (1-Year 60m Candles)
2026-04-29 13:00,2026-04-29,13,Copper,HG=F,5.935,5.945,5.927,5.94,1244,0.08,0.005,0.009,USD/lb,Authentic Futures Market Feed (1-Year 60m Candles)
2026-04-29 14:00,2026-04-29,14,Copper,HG=F,5.942,5.943,5.904,5.932,1225,-0.13,-0.01,-0.015,USD/lb,Authentic Futures Market Feed (1-Year 60m Candles)
2026-04-29 15:00,2026-04-29,15,Copper,HG=F,5.932,5.939,5.923,5.932,867,0.0,0.0,0.01,USD/lb,Authentic Futures Market Feed (1-Year 60m Candles)
2026-04-29 16:00,2026-04-29,16,Copper,HG=F,5.933,5.937,5.918,5.926,404,-0.1,-0.007,-0.007,USD/lb,Authentic Futures Market Feed (1-Year 60m Candles)
2026-04-29 18:00,2026-04-29,18,Copper,HG=F,5.929,5.939,5.924,5.938,0,0.2,0.009,0.016,USD/lb,Authentic Futures Market Feed (1-Year 60m Candles)
2026-04-29 19:00,2026-04-29,19,Copper,HG=F,5.937,5.946,5.931,5.944,282,0.1,0.007,-0.002,USD/lb,Authentic Futures Market Feed (1-Year 60m Candles)
2026-04-29 20:00,2026-04-29,20,Copper,HG=F,5.944,5.963,5.941,5.96,928,0.27,0.016,0.009,USD/lb,Authentic Futures Market Feed (1-Year 60m Candles)
2026-04-29 21:00,2026-04-29,21,Copper,HG=F,5.96,5.974,5.952,5.97,787,0.16999999999999998,0.01,-0.006,USD/lb,Authentic Futures Market Feed (1-Year 60m Candles)
2026-04-29 22:00,2026-04-29,22,Copper,HG=F,5.971,5.977,5.952,5.957,923,-0.22,-0.014,-0.024,USD/lb,Authentic Futures Market Feed (1-Year 60m Candles)
2026-04-29 23:00,2026-04-29,23,Copper,HG=F,5.956,5.97,5.951,5.951,440,-0.1,-0.005,0.009,USD/lb,Authentic Futures Market Feed (1-Year 60m Candles)
2026-04-30 00:00,2026-04-30,0,Copper,HG=F,5.951,5.953,5.926,5.928,627,-0.38999999999999996,-0.023,-0.018,USD/lb,Authentic Futures Market Feed (1-Year 60m Candles)
2026-04-30 01:00,2026-04-30,1,Copper,HG=F,5.93,5.95,5.927,5.936,1044,0.13,0.006,0.029,USD/lb,Authentic Futures Market Feed (1-Year 60m Candles)
2026-04-30 02:00,2026-04-30,2,Copper,HG=F,5.936,5.953,5.927,5.948,1064,0.2,0.012,0.006,USD/lb,Authentic Futures Market Feed (1-Year 60m Candles)
2026-04-30 03:00,2026-04-30,3,Copper,HG=F,5.948,5.984,5.944,5.984,1475,0.61,0.036,0.024,USD/lb,Authentic Futures Market Feed (1-Year 60m Candles)
2026-04-30 04:00,2026-04-30,4,Copper,HG=F,5.983,5.999,5.978,5.985,1015,0.02,0.002,-0.034,USD/lb,Authentic Futures Market Feed (1-Year 60m Candles)
2026-04-30 05:00,2026-04-30,5,Copper,HG=F,5.985,6.003,5.977,5.992,766,0.12,0.007,0.005,USD/lb,Authentic Futures Market Feed (1-Year 60m Candles)
2026-04-30 06:00,2026-04-30,6,Copper,HG=F,5.993,5.997,5.977,5.983,836,-0.15,-0.01,-0.017,USD/lb,Authentic Futures Market Feed (1-Year 60m Candles)
2026-04-30 07:00,2026-04-30,7,Copper,HG=F,5.984,6.016,5.98,5.991,1903,0.13,0.007,0.017,USD/lb,Authentic Futures Market Feed (1-Year 60m Candles)
2026-04-30 08:00,2026-04-30,8,Copper,HG=F,5.99,5.995,5.971,5.975,1970,-0.27,-0.015,-0.022,USD/lb,Authentic Futures Market Feed (1-Year 60m Candles)
2026-04-30 09:00,2026-04-30,9,Copper,HG=F,5.975,5.984,5.944,5.949,3576,-0.44,-0.026,-0.011,USD/lb,Authentic Futures Market Feed (1-Year 60m Candles)
2026-04-30 10:00,2026-04-30,10,Copper,HG=F,5.949,5.969,5.943,5.961,2224,0.2,0.012,0.038,USD/lb,Authentic Futures Market Feed (1-Year 60m Candles)
2026-04-30 11:00,2026-04-30,11,Copper,HG=F,5.962,5.976,5.953,5.967,2245,0.1,0.005,-0.007,USD/lb,Authentic Futures Market Feed (1-Year 60m Candles)
2026-04-30 12:00,2026-04-30,12,Copper,HG=F,5.968,5.984,5.964,5.981,3234,0.22999999999999998,0.013,0.008,USD/lb,Authentic Futures Market Feed (1-Year 60m Candles)
2026-04-30 13:00,2026-04-30,13,Copper,HG=F,5.981,5.988,5.978,5.98,1205,-0.02,-0.001,-0.014,USD/lb,Authentic Futures Market Feed (1-Year 60m Candles)
2026-04-30 14:00,2026-04-30,14,Copper,HG=F,5.979,6.025,5.979,6.017,1329,0.62,0.038,0.039,USD/lb,Authentic Futures Market Feed (1-Year 60m Candles)
2026-04-30 15:00,2026-04-30,15,Copper,HG=F,6.017,6.024,6.009,6.013,1079,-0.06999999999999999,-0.004,-0.042,USD/lb,Authentic Futures Market Feed (1-Year 60m Candles)
2026-04-30 16:00,2026-04-30,16,Copper,HG=F,6.012,6.03,6.01,6.028,621,0.25,0.016,0.02,USD/lb,Authentic Futures Market Feed (1-Year 60m Candles)
2026-04-30 18:00,2026-04-30,18,Copper,HG=F,6.027,6.038,6.023,6.025,0,-0.05,-0.002,-0.018,USD/lb,Authentic Futures Market Feed (1-Year 60m Candles)
2026-04-30 19:00,2026-04-30,19,Copper,HG=F,6.025,6.03,6.022,6.023,113,-0.03,-0.002,0.0,USD/lb,Authentic Futures Market Feed (1-Year 60m Candles)
2026-04-30 20:00,2026-04-30,20,Copper,HG=F,6.023,6.027,6.012,6.027,917,0.06999999999999999,0.004,0.006,USD/lb,Authentic Futures Market Feed (1-Year 60m Candles)
2026-04-30 21:00,2026-04-30,21,Copper,HG=F,6.027,6.038,6.026,6.036,531,0.15,0.009,0.005,USD/lb,Authentic Futures Market Feed (1-Year 60m Candles)
2026-04-30 22:00,2026-04-30,22,Copper,HG=F,6.034,6.04,6.022,6.024,616,-0.2,-0.01,-0.019,USD/lb,Authentic Futures Market Feed (1-Year 60m Candles)
2026-04-30 23:00,2026-04-30,23,Copper,HG=F,6.022,6.023,6.012,6.015,418,-0.15,-0.007,0.003,USD/lb,Authentic Futures Market Feed (1-Year 60m Candles)
2026-05-01 00:00,2026-05-01,0,Copper,HG=F,6.014,6.016,6.003,6.003,282,-0.2,-0.011,-0.004,USD/lb,Authentic Futures Market Feed (1-Year 60m Candles)
2026-05-01 01:00,2026-05-01,1,Copper,HG=F,6.001,6.006,5.993,5.996,399,-0.12,-0.005,0.006,USD/lb,Authentic Futures Market Feed (1-Year 60m Candles)
2026-05-01 02:00,2026-05-01,2,Copper,HG=F,5.997,6.003,5.989,6.001,661,0.08,0.004,0.009,USD/lb,Authentic Futures Market Feed (1-Year 60m Candles)
2026-05-01 03:00,2026-05-01,3,Copper,HG=F,6.001,6.012,5.987,5.99,1486,-0.18,-0.011,-0.015,USD/lb,Authentic Futures Market Feed (1-Year 60m Candles)
2026-05-01 04:00,2026-05-01,4,Copper,HG=F,5.99,6.01,5.99,5.993,954,0.05,0.003,0.014,USD/lb,Authentic Futures Market Feed (1-Year 60m Candles)
2026-05-01 05:00,2026-05-01,5,Copper,HG=F,5.994,5.994,5.981,5.989,638,-0.06999999999999999,-0.005,-0.008,USD/lb,Authentic Futures Market Feed (1-Year 60m Candles)
2026-05-01 06:00,2026-05-01,6,Copper,HG=F,5.988,6.001,5.985,5.99,572,0.02,0.002,0.007,USD/lb,Authentic Futures Market Feed (1-Year 60m Candles)
2026-05-01 07:00,2026-05-01,7,Copper,HG=F,5.99,5.994,5.968,5.971,1795,-0.32,-0.019,-0.021,USD/lb,Authentic Futures Market Feed (1-Year 60m Candles)
2026-05-01 08:00,2026-05-01,8,Copper,HG=F,5.97,5.99,5.958,5.974,2896,0.05,0.004,0.023,USD/lb,Authentic Futures Market Feed (1-Year 60m Candles)
2026-05-01 09:00,2026-05-01,9,Copper,HG=F,5.973,5.991,5.965,5.987,2970,0.22,0.014,0.01,USD/lb,Authentic Futures Market Feed (1-Year 60m Candles)
2026-05-01 10:00,2026-05-01,10,Copper,HG=F,5.988,6.023,5.98,5.991,3632,0.06999999999999999,0.003,-0.011,USD/lb,Authentic Futures Market Feed (1-Year 60m Candles)
2026-05-01 11:00,2026-05-01,11,Copper,HG=F,5.991,6.001,5.973,5.976,2653,-0.25,-0.015,-0.018,USD/lb,Authentic Futures Market Feed (1-Year 60m Candles)
2026-05-01 12:00,2026-05-01,12,Copper,HG=F,5.976,5.989,5.975,5.986,3238,0.16999999999999998,0.01,0.025,USD/lb,Authentic Futures Market Feed (1-Year 60m Candles)
2026-05-01 13:00,2026-05-01,13,Copper,HG=F,5.986,5.995,5.978,5.98,1187,-0.1,-0.006,-0.016,USD/lb,Authentic Futures Market Feed (1-Year 60m Candles)
2026-05-01 14:00,2026-05-01,14,Copper,HG=F,5.981,5.981,5.962,5.967,757,-0.22,-0.014,-0.008,USD/lb,Authentic Futures Market Feed (1-Year 60m Candles)
2026-05-01 15:00,2026-05-01,15,Copper,HG=F,5.967,5.975,5.966,5.97,371,0.05,0.003,0.017,USD/lb,Authentic Futures Market Feed (1-Year 60m Candles)
2026-05-01 16:00,2026-05-01,16,Copper,HG=F,5.969,5.984,5.957,5.984,544,0.22999999999999998,0.015,0.012,USD/lb,Authentic Futures Market Feed (1-Year 60m Candles)
2026-05-03 18:00,2026-05-03,18,Copper,HG=F,5.989,5.989,5.98,5.984,148,0.0,-0.005,-0.02,USD/lb,Authentic Futures Market Feed (1-Year 60m Candles)
2026-05-03 19:00,2026-05-03,19,Copper,HG=F,5.983,5.988,5.981,5.983,139,-0.02,0.0,0.005,USD/lb,Authentic Futures Market Feed (1-Year 60m Candles)
2026-05-03 20:00,2026-05-03,20,Copper,HG=F,5.982,5.983,5.955,5.958,694,-0.42,-0.024,-0.024,USD/lb,Authentic Futures Market Feed (1-Year 60m Candles)
2026-05-03 21:00,2026-05-03,21,Copper,HG=F,5.959,5.986,5.933,5.986,1106,0.47000000000000003,0.027,0.051,USD/lb,Authentic Futures Market Feed (1-Year 60m Candles)
2026-05-03 22:00,2026-05-03,22,Copper,HG=F,5.986,6.0,5.981,5.998,687,0.2,0.012,-0.015,USD/lb,Authentic Futures Market Feed (1-Year 60m Candles)
2026-05-03 23:00,2026-05-03,23,Copper,HG=F,5.997,6.001,5.99,6.0,354,0.03,0.003,-0.009,USD/lb,Authentic Futures Market Feed (1-Year 60m Candles)
2026-05-04 00:00,2026-05-04,0,Copper,HG=F,6.0,6.003,5.986,5.988,308,-0.2,-0.012,-0.015,USD/lb,Authentic Futures Market Feed (1-Year 60m Candles)
2026-05-04 01:00,2026-05-04,1,Copper,HG=F,5.986,5.998,5.969,5.974,426,-0.22999999999999998,-0.012,0.0,USD/lb,Authentic Futures Market Feed (1-Year 60m Candles)
2026-05-04 02:00,2026-05-04,2,Copper,HG=F,5.973,5.975,5.953,5.97,837,-0.06999999999999999,-0.003,0.009,USD/lb,Authentic Futures Market Feed (1-Year 60m Candles)
2026-05-04 03:00,2026-05-04,3,Copper,HG=F,5.97,5.982,5.949,5.952,825,-0.3,-0.018,-0.015,USD/lb,Authentic Futures Market Feed (1-Year 60m Candles)
2026-05-04 04:00,2026-05-04,4,Copper,HG=F,5.952,5.953,5.932,5.944,762,-0.13,-0.008,0.01,USD/lb,Authentic Futures Market Feed (1-Year 60m Candles)
2026-05-04 05:00,2026-05-04,5,Copper,HG=F,5.945,5.951,5.936,5.936,306,-0.13,-0.009,-0.001,USD/lb,Authentic Futures Market Feed (1-Year 60m Candles)
2026-05-04 06:00,2026-05-04,6,Copper,HG=F,5.937,5.938,5.839,5.897,4325,-0.66,-0.04,-0.031,USD/lb,Authentic Futures Market Feed (1-Year 60m Candles)
2026-05-04 07:00,2026-05-04,7,Copper,HG=F,5.897,5.915,5.883,5.897,933,0.0,0.0,0.04,USD/lb,Authentic Futures Market Feed (1-Year 60m Candles)
2026-05-04 08:00,2026-05-04,8,Copper,HG=F,5.898,5.953,5.897,5.925,2783,0.47000000000000003,0.027,0.027,USD/lb,Authentic Futures Market Feed (1-Year 60m Candles)
2026-05-04 09:00,2026-05-04,9,Copper,HG=F,5.925,5.925,5.888,5.907,2464,-0.3,-0.018,-0.045,USD/lb,Authentic Futures Market Feed (1-Year 60m Candles)
2026-05-04 10:00,2026-05-04,10,Copper,HG=F,5.906,5.921,5.885,5.891,2576,-0.27,-0.015,0.003,USD/lb,Authentic Futures Market Feed (1-Year 60m Candles)
2026-05-04 11:00,2026-05-04,11,Copper,HG=F,5.892,5.893,5.825,5.843,5762,-0.8099999999999999,-0.049,-0.034,USD/lb,Authentic Futures Market Feed (1-Year 60m Candles)
2026-05-04 12:00,2026-05-04,12,Copper,HG=F,5.842,5.853,5.82,5.846,3716,0.05,0.004,0.053,USD/lb,Authentic Futures Market Feed (1-Year 60m Candles)
2026-05-04 13:00,2026-05-04,13,Copper,HG=F,5.846,5.876,5.844,5.867,1628,0.36,0.021,0.017,USD/lb,Authentic Futures Market Feed (1-Year 60m Candles)
2026-05-04 14:00,2026-05-04,14,Copper,HG=F,5.866,5.872,5.856,5.861,448,-0.1,-0.005,-0.026,USD/lb,Authentic Futures Market Feed (1-Year 60m Candles)
2026-05-04 15:00,2026-05-04,15,Copper,HG=F,5.861,5.868,5.858,5.861,338,0.0,0.0,0.005,USD/lb,Authentic Futures Market Feed (1-Year 60m Candles)
2026-05-04 16:00,2026-05-04,16,Copper,HG=F,5.861,5.866,5.856,5.859,0,-0.03,-0.002,-0.002,USD/lb,Authentic Futures Market Feed (1-Year 60m Candles)
2026-05-04 18:00,2026-05-04,18,Copper,HG=F,5.86,5.865,5.857,5.859,215,0.0,-0.001,0.001,USD/lb,Authentic Futures Market Feed (1-Year 60m Candles)
2026-05-04 19:00,2026-05-04,19,Copper,HG=F,5.86,5.874,5.859,5.872,699,0.22,0.012,0.013,USD/lb,Authentic Futures Market Feed (1-Year 60m Candles)
2026-05-04 20:00,2026-05-04,20,Copper,HG=F,5.872,5.892,5.865,5.874,2796,0.03,0.002,-0.01,USD/lb,Authentic Futures Market Feed (1-Year 60m Candles)
2026-05-04 21:00,2026-05-04,21,Copper,HG=F,5.873,5.886,5.861,5.871,896,-0.05,-0.002,-0.004,USD/lb,Authentic Futures Market Feed (1-Year 60m Candles)
2026-05-04 22:00,2026-05-04,22,Copper,HG=F,5.872,5.896,5.872,5.89,672,0.32,0.018,0.02,USD/lb,Authentic Futures Market Feed (1-Year 60m Candles)
2026-05-04 23:00,2026-05-04,23,Copper,HG=F,5.891,5.896,5.887,5.889,405,-0.02,-0.002,-0.02,USD/lb,Authentic Futures Market Feed (1-Year 60m Candles)
2026-05-05 00:00,2026-05-05,0,Copper,HG=F,5.888,5.896,5.887,5.891,210,0.03,0.003,0.005,USD/lb,Authentic Futures Market Feed (1-Year 60m Candles)
2026-05-05 01:00,2026-05-05,1,Copper,HG=F,5.887,5.903,5.885,5.9,449,0.15,0.013,0.01,USD/lb,Authentic Futures Market Feed (1-Year 60m Candles)
2026-05-05 02:00,2026-05-05,2,Copper,HG=F,5.9,5.913,5.894,5.911,878,0.19,0.011,-0.002,USD/lb,Authentic Futures Market Feed (1-Year 60m Candles)
2026-05-05 03:00,2026-05-05,3,Copper,HG=F,5.911,5.95,5.91,5.938,1833,0.45999999999999996,0.027,0.016,USD/lb,Authentic Futures Market Feed (1-Year 60m Candles)
2026-05-05 04:00,2026-05-05,4,Copper,HG=F,5.938,5.958,5.936,5.956,1002,0.3,0.018,-0.009,USD/lb,Authentic Futures Market Feed (1-Year 60m Candles)
2026-05-05 05:00,2026-05-05,5,Copper,HG=F,5.957,5.976,5.956,5.971,1290,0.25,0.014,-0.004,USD/lb,Authentic Futures Market Feed (1-Year 60m Candles)
2026-05-05 06:00,2026-05-05,6,Copper,HG=F,5.971,5.974,5.96,5.965,907,-0.1,-0.006,-0.02,USD/lb,Authentic Futures Market Feed (1-Year 60m Candles)
2026-05-05 07:00,2026-05-05,7,Copper,HG=F,5.965,5.991,5.959,5.988,1599,0.38999999999999996,0.023,0.029,USD/lb,Authentic Futures Market Feed (1-Year 60m Candles)
2026-05-05 08:00,2026-05-05,8,Copper,HG=F,5.988,5.997,5.976,5.983,1453,-0.08,-0.005,-0.028,USD/lb,Authentic Futures Market Feed (1-Year 60m Candles)
2026-05-05 09:00,2026-05-05,9,Copper,HG=F,5.983,6.02,5.982,6.004,3677,0.35000000000000003,0.021,0.026,USD/lb,Authentic Futures Market Feed (1-Year 60m Candles)
2026-05-05 10:00,2026-05-05,10,Copper,HG=F,6.005,6.014,5.985,6.004,2739,0.0,-0.001,-0.022,USD/lb,Authentic Futures Market Feed (1-Year 60m Candles)
2026-05-05 11:00,2026-05-05,11,Copper,HG=F,6.004,6.016,5.999,6.01,1910,0.1,0.006,0.007,USD/lb,Authentic Futures Market Feed (1-Year 60m Candles)
2026-05-05 12:00,2026-05-05,12,Copper,HG=F,6.01,6.011,5.986,5.992,3759,-0.3,-0.018,-0.024,USD/lb,Authentic Futures Market Feed (1-Year 60m Candles)
2026-05-05 13:00,2026-05-05,13,Copper,HG=F,5.992,5.992,5.978,5.988,1910,-0.06999999999999999,-0.004,0.014,USD/lb,Authentic Futures Market Feed (1-Year 60m Candles)
2026-05-05 14:00,2026-05-05,14,Copper,HG=F,5.988,5.992,5.985,5.987,483,-0.02,-0.001,0.003,USD/lb,Authentic Futures Market Feed (1-Year 60m Candles)
2026-05-05 15:00,2026-05-05,15,Copper,HG=F,5.987,5.989,5.977,5.979,457,-0.13,-0.008,-0.007,USD/lb,Authentic Futures Market Feed (1-Year 60m Candles)
2026-05-05 16:00,2026-05-05,16,Copper,HG=F,5.979,5.99,5.978,5.989,427,0.16999999999999998,0.01,0.018,USD/lb,Authentic Futures Market Feed (1-Year 60m Candles)
2026-05-05 18:00,2026-05-05,18,Copper,HG=F,5.99,6.006,5.983,6.004,0,0.25,0.014,0.004,USD/lb,Authentic Futures Market Feed (1-Year 60m Candles)
2026-05-05 19:00,2026-05-05,19,Copper,HG=F,6.003,6.01,5.996,6.003,539,-0.02,0.0,-0.014,USD/lb,Authentic Futures Market Feed (1-Year 60m Candles)
2026-05-05 20:00,2026-05-05,20,Copper,HG=F,6.003,6.024,5.997,6.023,1325,0.33,0.02,0.02,USD/lb,Authentic Futures Market Feed (1-Year 60m Candles)
2026-05-05 21:00,2026-05-05,21,Copper,HG=F,6.023,6.062,6.022,6.056,1664,0.5499999999999999,0.033,0.013,USD/lb,Authentic Futures Market Feed (1-Year 60m Candles)
2026-05-05 22:00,2026-05-05,22,Copper,HG=F,6.056,6.074,6.053,6.073,1043,0.27999999999999997,0.017,-0.016,USD/lb,Authentic Futures Market Feed (1-Year 60m Candles)
2026-05-05 23:00,2026-05-05,23,Copper,HG=F,6.073,6.088,6.072,6.082,932,0.15,0.009,-0.008,USD/lb,Authentic Futures Market Feed (1-Year 60m Candles)
2026-05-06 00:00,2026-05-06,0,Copper,HG=F,6.083,6.093,6.083,6.087,519,0.08,0.004,-0.005,USD/lb,Authentic Futures Market Feed (1-Year 60m Candles)
2026-05-06 01:00,2026-05-06,1,Copper,HG=F,6.087,6.104,6.087,6.099,702,0.2,0.012,0.008,USD/lb,Authentic Futures Market Feed (1-Year 60m Candles)
2026-05-06 02:00,2026-05-06,2,Copper,HG=F,6.1,6.102,6.082,6.088,1205,-0.18,-0.012,-0.024,USD/lb,Authentic Futures Market Feed (1-Year 60m Candles)
2026-05-06 03:00,2026-05-06,3,Copper,HG=F,6.089,6.125,6.076,6.118,2553,0.49,0.029,0.041,USD/lb,Authentic Futures Market Feed (1-Year 60m Candles)
2026-05-06 04:00,2026-05-06,4,Copper,HG=F,6.118,6.146,6.098,6.129,2447,0.18,0.011,-0.018,USD/lb,Authentic Futures Market Feed (1-Year 60m Candles)
2026-05-06 05:00,2026-05-06,5,Copper,HG=F,6.128,6.174,6.119,6.167,3919,0.62,0.039,0.028,USD/lb,Authentic Futures Market Feed (1-Year 60m Candles)
2026-05-06 06:00,2026-05-06,6,Copper,HG=F,6.169,6.217,6.168,6.194,4369,0.44,0.025,-0.014,USD/lb,Authentic Futures Market Feed (1-Year 60m Candles)
2026-05-06 07:00,2026-05-06,7,Copper,HG=F,6.194,6.209,6.172,6.182,3711,-0.19,-0.012,-0.037,USD/lb,Authentic Futures Market Feed (1-Year 60m Candles)
2026-05-06 08:00,2026-05-06,8,Copper,HG=F,6.183,6.206,6.17,6.189,5366,0.11,0.006,0.018,USD/lb,Authentic Futures Market Feed (1-Year 60m Candles)
2026-05-06 09:00,2026-05-06,9,Copper,HG=F,6.19,6.196,6.161,6.167,6065,-0.36,-0.023,-0.029,USD/lb,Authentic Futures Market Feed (1-Year 60m Candles)
2026-05-06 10:00,2026-05-06,10,Copper,HG=F,6.168,6.197,6.167,6.181,4031,0.22999999999999998,0.013,0.036,USD/lb,Authentic Futures Market Feed (1-Year 60m Candles)
2026-05-06 11:00,2026-05-06,11,Copper,HG=F,6.181,6.199,6.174,6.19,2978,0.15,0.009,-0.004,USD/lb,Authentic Futures Market Feed (1-Year 60m Candles)
2026-05-06 12:00,2026-05-06,12,Copper,HG=F,6.189,6.197,6.183,6.185,4473,-0.08,-0.004,-0.013,USD/lb,Authentic Futures Market Feed (1-Year 60m Candles)
2026-05-06 13:00,2026-05-06,13,Copper,HG=F,6.185,6.185,6.172,6.176,1694,-0.15,-0.009,-0.005,USD/lb,Authentic Futures Market Feed (1-Year 60m Candles)
2026-05-06 14:00,2026-05-06,14,Copper,HG=F,6.177,6.181,6.174,6.177,380,0.02,0.0,0.009,USD/lb,Authentic Futures Market Feed (1-Year 60m Candles)
2026-05-06 15:00,2026-05-06,15,Copper,HG=F,6.177,6.19,6.173,6.178,1201,0.02,0.001,0.001,USD/lb,Authentic Futures Market Feed (1-Year 60m Candles)
2026-05-06 16:00,2026-05-06,16,Copper,HG=F,6.178,6.195,6.171,6.194,632,0.26,0.016,0.015,USD/lb,Authentic Futures Market Feed (1-Year 60m Candles)
2026-05-06 18:00,2026-05-06,18,Copper,HG=F,6.189,6.193,6.178,6.189,0,-0.08,0.0,-0.016,USD/lb,Authentic Futures Market Feed (1-Year 60m Candles)
2026-05-06 19:00,2026-05-06,19,Copper,HG=F,6.189,6.19,6.177,6.179,242,-0.16,-0.01,-0.01,USD/lb,Authentic Futures Market Feed (1-Year 60m Candles)
2026-05-06 20:00,2026-05-06,20,Copper,HG=F,6.179,6.186,6.168,6.177,502,-0.03,-0.002,0.008,USD/lb,Authentic Futures Market Feed (1-Year 60m Candles)
2026-05-06 21:00,2026-05-06,21,Copper,HG=F,6.177,6.203,6.169,6.189,1037,0.19,0.012,0.014,USD/lb,Authentic Futures Market Feed (1-Year 60m Candles)
2026-05-06 22:00,2026-05-06,22,Copper,HG=F,6.189,6.194,6.174,6.19,497,0.02,0.001,-0.011,USD/lb,Authentic Futures Market Feed (1-Year 60m Candles)
2026-05-06 23:00,2026-05-06,23,Copper,HG=F,6.19,6.201,6.186,6.189,355,-0.02,-0.001,-0.002,USD/lb,Authentic Futures Market Feed (1-Year 60m Candles)
2026-05-07 00:00,2026-05-07,0,Copper,HG=F,6.188,6.196,6.188,6.194,130,0.08,0.006,0.007,USD/lb,Authentic Futures Market Feed (1-Year 60m Candles)
2026-05-07 01:00,2026-05-07,1,Copper,HG=F,6.194,6.203,6.178,6.179,455,-0.24,-0.015,-0.021,USD/lb,Authentic Futures Market Feed (1-Year 60m Candles)
2026-05-07 02:00,2026-05-07,2,Copper,HG=F,6.179,6.206,6.179,6.196,1269,0.27999999999999997,0.017,0.032,USD/lb,Authentic Futures Market Feed (1-Year 60m Candles)
2026-05-07 03:00,2026-05-07,3,Copper,HG=F,6.196,6.242,6.191,6.24,2981,0.7100000000000001,0.044,0.027,USD/lb,Authentic Futures Market Feed (1-Year 60m Candles)
2026-05-07 04:00,2026-05-07,4,Copper,HG=F,6.241,6.245,6.208,6.214,1429,-0.42,-0.027,-0.071,USD/lb,Authentic Futures Market Feed (1-Year 60m Candles)
2026-05-07 05:00,2026-05-07,5,Copper,HG=F,6.214,6.222,6.196,6.22,1259,0.1,0.006,0.033,USD/lb,Authentic Futures Market Feed (1-Year 60m Candles)
2026-05-07 06:00,2026-05-07,6,Copper,HG=F,6.218,6.227,6.207,6.222,833,0.03,0.004,-0.002,USD/lb,Authentic Futures Market Feed (1-Year 60m Candles)
2026-05-07 07:00,2026-05-07,7,Copper,HG=F,6.222,6.228,6.213,6.219,1239,-0.05,-0.003,-0.007,USD/lb,Authentic Futures Market Feed (1-Year 60m Candles)
2026-05-07 08:00,2026-05-07,8,Copper,HG=F,6.22,6.243,6.21,6.241,2406,0.35000000000000003,0.021,0.024,USD/lb,Authentic Futures Market Feed (1-Year 60m Candles)
2026-05-07 09:00,2026-05-07,9,Copper,HG=F,6.241,6.243,6.213,6.234,3514,-0.11,-0.007,-0.028,USD/lb,Authentic Futures Market Feed (1-Year 60m Candles)
2026-05-07 10:00,2026-05-07,10,Copper,HG=F,6.236,6.238,6.207,6.227,2718,-0.11,-0.009,-0.002,USD/lb,Authentic Futures Market Feed (1-Year 60m Candles)
2026-05-07 11:00,2026-05-07,11,Copper,HG=F,6.227,6.233,6.187,6.194,2799,-0.53,-0.033,-0.024,USD/lb,Authentic Futures Market Feed (1-Year 60m Candles)
2026-05-07 12:00,2026-05-07,12,Copper,HG=F,6.194,6.194,6.166,6.175,4217,-0.31,-0.019,0.014,USD/lb,Authentic Futures Market Feed (1-Year 60m Candles)
2026-05-07 13:00,2026-05-07,13,Copper,HG=F,6.174,6.178,6.146,6.168,2076,-0.11,-0.006,0.013,USD/lb,Authentic Futures Market Feed (1-Year 60m Candles)
2026-05-07 14:00,2026-05-07,14,Copper,HG=F,6.169,6.17,6.145,6.161,758,-0.11,-0.008,-0.002,USD/lb,Authentic Futures Market Feed (1-Year 60m Candles)
2026-05-07 15:00,2026-05-07,15,Copper,HG=F,6.161,6.165,6.143,6.15,1191,-0.18,-0.011,-0.003,USD/lb,Authentic Futures Market Feed (1-Year 60m Candles)
2026-05-07 16:00,2026-05-07,16,Copper,HG=F,6.152,6.167,6.123,6.125,1034,-0.41000000000000003,-0.027,-0.016,USD/lb,Authentic Futures Market Feed (1-Year 60m Candles)
2026-05-07 18:00,2026-05-07,18,Copper,HG=F,6.101,6.14,6.095,6.131,0,0.1,0.03,0.057,USD/lb,Authentic Futures Market Feed (1-Year 60m Candles)
2026-05-07 19:00,2026-05-07,19,Copper,HG=F,6.133,6.143,6.132,6.143,120,0.2,0.01,-0.02,USD/lb,Authentic Futures Market Feed (1-Year 60m Candles)
2026-05-07 20:00,2026-05-07,20,Copper,HG=F,6.143,6.155,6.135,6.154,894,0.18,0.011,0.001,USD/lb,Authentic Futures Market Feed (1-Year 60m Candles)
2026-05-07 21:00,2026-05-07,21,Copper,HG=F,6.155,6.174,6.155,6.166,970,0.19,0.011,0.0,USD/lb,Authentic Futures Market Feed (1-Year 60m Candles)
2026-05-07 22:00,2026-05-07,22,Copper,HG=F,6.166,6.172,6.155,6.167,641,0.02,0.001,-0.01,USD/lb,Authentic Futures Market Feed (1-Year 60m Candles)
2026-05-07 23:00,2026-05-07,23,Copper,HG=F,6.168,6.183,6.162,6.177,440,0.16,0.009,0.008,USD/lb,Authentic Futures Market Feed (1-Year 60m Candles)
2026-05-08 00:00,2026-05-08,0,Copper,HG=F,6.18,6.19,6.174,6.188,321,0.18,0.008,-0.001,USD/lb,Authentic Futures Market Feed (1-Year 60m Candles)
2026-05-08 01:00,2026-05-08,1,Copper,HG=F,6.189,6.28,6.189,6.279,2807,1.47,0.09,0.082,USD/lb,Authentic Futures Market Feed (1-Year 60m Candles)
2026-05-08 02:00,2026-05-08,2,Copper,HG=F,6.28,6.322,6.273,6.302,4858,0.37,0.022,-0.068,USD/lb,Authentic Futures Market Feed (1-Year 60m Candles)
2026-05-08 03:00,2026-05-08,3,Copper,HG=F,6.302,6.308,6.265,6.272,3578,-0.48,-0.03,-0.052,USD/lb,Authentic Futures Market Feed (1-Year 60m Candles)
2026-05-08 04:00,2026-05-08,4,Copper,HG=F,6.272,6.295,6.268,6.291,1949,0.3,0.019,0.049,USD/lb,Authentic Futures Market Feed (1-Year 60m Candles)
2026-05-08 05:00,2026-05-08,5,Copper,HG=F,6.29,6.306,6.28,6.286,1334,-0.08,-0.004,-0.023,USD/lb,Authentic Futures Market Feed (1-Year 60m Candles)
2026-05-08 06:00,2026-05-08,6,Copper,HG=F,6.286,6.305,6.277,6.282,1760,-0.06,-0.004,0.0,USD/lb,Authentic Futures Market Feed (1-Year 60m Candles)
2026-05-08 07:00,2026-05-08,7,Copper,HG=F,6.283,6.298,6.268,6.286,1311,0.06,0.003,0.007,USD/lb,Authentic Futures Market Feed (1-Year 60m Candles)
2026-05-08 08:00,2026-05-08,8,Copper,HG=F,6.286,6.31,6.275,6.302,2719,0.25,0.016,0.013,USD/lb,Authentic Futures Market Feed (1-Year 60m Candles)
2026-05-08 09:00,2026-05-08,9,Copper,HG=F,6.301,6.309,6.282,6.292,3159,-0.16,-0.009,-0.025,USD/lb,Authentic Futures Market Feed (1-Year 60m Candles)
2026-05-08 10:00,2026-05-08,10,Copper,HG=F,6.292,6.307,6.256,6.304,5936,0.19,0.012,0.021,USD/lb,Authentic Futures Market Feed (1-Year 60m Candles)
2026-05-08 11:00,2026-05-08,11,Copper,HG=F,6.304,6.312,6.293,6.304,4690,0.0,0.0,-0.012,USD/lb,Authentic Futures Market Feed (1-Year 60m Candles)
2026-05-08 12:00,2026-05-08,12,Copper,HG=F,6.303,6.308,6.292,6.298,6246,-0.1,-0.005,-0.005,USD/lb,Authentic Futures Market Feed (1-Year 60m Candles)
2026-05-08 13:00,2026-05-08,13,Copper,HG=F,6.298,6.309,6.289,6.29,1886,-0.13,-0.008,-0.003,USD/lb,Authentic Futures Market Feed (1-Year 60m Candles)
2026-05-08 14:00,2026-05-08,14,Copper,HG=F,6.289,6.305,6.284,6.295,956,0.08,0.006,0.014,USD/lb,Authentic Futures Market Feed (1-Year 60m Candles)
2026-05-08 15:00,2026-05-08,15,Copper,HG=F,6.294,6.3,6.293,6.297,486,0.03,0.003,-0.003,USD/lb,Authentic Futures Market Feed (1-Year 60m Candles)
2026-05-08 16:00,2026-05-08,16,Copper,HG=F,6.296,6.298,6.275,6.297,1328,0.0,0.001,-0.002,USD/lb,Authentic Futures Market Feed (1-Year 60m Candles)
2026-05-10 18:00,2026-05-10,18,Copper,HG=F,6.26,6.287,6.259,6.286,426,-0.16999999999999998,0.026,0.025,USD/lb,Authentic Futures Market Feed (1-Year 60m Candles)
2026-05-10 19:00,2026-05-10,19,Copper,HG=F,6.285,6.294,6.283,6.287,164,0.02,0.002,-0.024,USD/lb,Authentic Futures Market Feed (1-Year 60m Candles)
2026-05-10 20:00,2026-05-10,20,Copper,HG=F,6.287,6.313,6.278,6.3,1307,0.21,0.013,0.011,USD/lb,Authentic Futures Market Feed (1-Year 60m Candles)
2026-05-10 21:00,2026-05-10,21,Copper,HG=F,6.3,6.354,6.287,6.324,3784,0.38,0.024,0.011,USD/lb,Authentic Futures Market Feed (1-Year 60m Candles)
2026-05-10 22:00,2026-05-10,22,Copper,HG=F,6.324,6.341,6.322,6.338,1282,0.22,0.014,-0.01,USD/lb,Authentic Futures Market Feed (1-Year 60m Candles)
2026-05-10 23:00,2026-05-10,23,Copper,HG=F,6.338,6.354,6.326,6.343,1304,0.08,0.005,-0.009,USD/lb,Authentic Futures Market Feed (1-Year 60m Candles)
2026-05-11 00:00,2026-05-11,0,Copper,HG=F,6.343,6.346,6.324,6.326,719,-0.27,-0.017,-0.022,USD/lb,Authentic Futures Market Feed (1-Year 60m Candles)
2026-05-11 01:00,2026-05-11,1,Copper,HG=F,6.326,6.33,6.307,6.312,1468,-0.22,-0.014,0.003,USD/lb,Authentic Futures Market Feed (1-Year 60m Candles)
2026-05-11 02:00,2026-05-11,2,Copper,HG=F,6.312,6.325,6.308,6.315,1332,0.05,0.003,0.017,USD/lb,Authentic Futures Market Feed (1-Year 60m Candles)
2026-05-11 03:00,2026-05-11,3,Copper,HG=F,6.318,6.332,6.313,6.329,1117,0.22,0.011,0.008,USD/lb,Authentic Futures Market Feed (1-Year 60m Candles)
2026-05-11 04:00,2026-05-11,4,Copper,HG=F,6.329,6.34,6.318,6.335,1906,0.09,0.006,-0.005,USD/lb,Authentic Futures Market Feed (1-Year 60m Candles)
2026-05-11 05:00,2026-05-11,5,Copper,HG=F,6.335,6.34,6.325,6.337,588,0.03,0.002,-0.004,USD/lb,Authentic Futures Market Feed (1-Year 60m Candles)
2026-05-11 06:00,2026-05-11,6,Copper,HG=F,6.335,6.387,6.335,6.371,2312,0.54,0.036,0.034,USD/lb,Authentic Futures Market Feed (1-Year 60m Candles)
2026-05-11 07:00,2026-05-11,7,Copper,HG=F,6.371,6.411,6.371,6.405,3582,0.53,0.034,-0.002,USD/lb,Authentic Futures Market Feed (1-Year 60m Candles)
2026-05-11 08:00,2026-05-11,8,Copper,HG=F,6.405,6.415,6.373,6.394,4598,-0.16999999999999998,-0.011,-0.045,USD/lb,Authentic Futures Market Feed (1-Year 60m Candles)
2026-05-11 09:00,2026-05-11,9,Copper,HG=F,6.395,6.48,6.391,6.458,8354,1.0,0.063,0.074,USD/lb,Authentic Futures Market Feed (1-Year 60m Candles)
2026-05-11 10:00,2026-05-11,10,Copper,HG=F,6.459,6.472,6.439,6.461,6575,0.05,0.002,-0.061,USD/lb,Authentic Futures Market Feed (1-Year 60m Candles)
2026-05-11 11:00,2026-05-11,11,Copper,HG=F,6.461,6.509,6.458,6.49,5805,0.44999999999999996,0.029,0.027,USD/lb,Authentic Futures Market Feed (1-Year 60m Candles)
2026-05-11 12:00,2026-05-11,12,Copper,HG=F,6.49,6.497,6.451,6.459,7636,-0.48,-0.031,-0.06,USD/lb,Authentic Futures Market Feed (1-Year 60m Candles)
2026-05-11 13:00,2026-05-11,13,Copper,HG=F,6.46,6.468,6.448,6.465,1606,0.09,0.005,0.036,USD/lb,Authentic Futures Market Feed (1-Year 60m Candles)
2026-05-11 14:00,2026-05-11,14,Copper,HG=F,6.466,6.478,6.464,6.473,942,0.12,0.007,0.002,USD/lb,Authentic Futures Market Feed (1-Year 60m Candles)
2026-05-11 15:00,2026-05-11,15,Copper,HG=F,6.472,6.484,6.471,6.481,920,0.12,0.009,0.002,USD/lb,Authentic Futures Market Feed (1-Year 60m Candles)
2026-05-11 16:00,2026-05-11,16,Copper,HG=F,6.481,6.494,6.475,6.491,851,0.15,0.01,0.001,USD/lb,Authentic Futures Market Feed (1-Year 60m Candles)
2026-05-11 18:00,2026-05-11,18,Copper,HG=F,6.492,6.501,6.486,6.493,0,0.03,0.001,-0.009,USD/lb,Authentic Futures Market Feed (1-Year 60m Candles)
2026-05-11 19:00,2026-05-11,19,Copper,HG=F,6.494,6.497,6.491,6.493,186,0.0,-0.001,-0.002,USD/lb,Authentic Futures Market Feed (1-Year 60m Candles)
2026-05-11 20:00,2026-05-11,20,Copper,HG=F,6.492,6.498,6.482,6.492,823,-0.02,0.0,0.001,USD/lb,Authentic Futures Market Feed (1-Year 60m Candles)
2026-05-11 21:00,2026-05-11,21,Copper,HG=F,6.493,6.514,6.452,6.47,3531,-0.33999999999999997,-0.023,-0.023,USD/lb,Authentic Futures Market Feed (1-Year 60m Candles)
2026-05-11 22:00,2026-05-11,22,Copper,HG=F,6.469,6.505,6.443,6.499,2372,0.44999999999999996,0.03,0.053,USD/lb,Authentic Futures Market Feed (1-Year 60m Candles)
2026-05-11 23:00,2026-05-11,23,Copper,HG=F,6.498,6.508,6.48,6.494,797,-0.08,-0.004,-0.034,USD/lb,Authentic Futures Market Feed (1-Year 60m Candles)
2026-05-12 00:00,2026-05-12,0,Copper,HG=F,6.496,6.517,6.484,6.49,1067,-0.06,-0.006,-0.002,USD/lb,Authentic Futures Market Feed (1-Year 60m Candles)
2026-05-12 01:00,2026-05-12,1,Copper,HG=F,6.491,6.514,6.477,6.495,1547,0.08,0.004,0.01,USD/lb,Authentic Futures Market Feed (1-Year 60m Candles)
2026-05-12 02:00,2026-05-12,2,Copper,HG=F,6.497,6.497,6.445,6.451,1605,-0.6799999999999999,-0.046,-0.05,USD/lb,Authentic Futures Market Feed (1-Year 60m Candles)
2026-05-12 03:00,2026-05-12,3,Copper,HG=F,6.452,6.47,6.44,6.462,2121,0.16999999999999998,0.01,0.056,USD/lb,Authentic Futures Market Feed (1-Year 60m Candles)
2026-05-12 04:00,2026-05-12,4,Copper,HG=F,6.463,6.491,6.463,6.491,1782,0.44999999999999996,0.028,0.018,USD/lb,Authentic Futures Market Feed (1-Year 60m Candles)
2026-05-12 05:00,2026-05-12,5,Copper,HG=F,6.491,6.505,6.481,6.494,1280,0.05,0.003,-0.025,USD/lb,Authentic Futures Market Feed (1-Year 60m Candles)
2026-05-12 06:00,2026-05-12,6,Copper,HG=F,6.494,6.503,6.481,6.49,952,-0.06,-0.004,-0.007,USD/lb,Authentic Futures Market Feed (1-Year 60m Candles)
2026-05-12 07:00,2026-05-12,7,Copper,HG=F,6.49,6.494,6.472,6.486,1907,-0.06,-0.004,0.0,USD/lb,Authentic Futures Market Feed (1-Year 60m Candles)
2026-05-12 08:00,2026-05-12,8,Copper,HG=F,6.487,6.498,6.465,6.493,3702,0.11,0.006,0.01,USD/lb,Authentic Futures Market Feed (1-Year 60m Candles)
2026-05-12 09:00,2026-05-12,9,Copper,HG=F,6.493,6.512,6.477,6.49,5130,-0.05,-0.003,-0.009,USD/lb,Authentic Futures Market Feed (1-Year 60m Candles)
2026-05-12 10:00,2026-05-12,10,Copper,HG=F,6.49,6.565,6.488,6.518,12033,0.43,0.028,0.031,USD/lb,Authentic Futures Market Feed (1-Year 60m Candles)
2026-05-12 11:00,2026-05-12,11,Copper,HG=F,6.518,6.545,6.495,6.534,6955,0.25,0.016,-0.012,USD/lb,Authentic Futures Market Feed (1-Year 60m Candles)
2026-05-12 12:00,2026-05-12,12,Copper,HG=F,6.535,6.545,6.521,6.532,4576,-0.03,-0.003,-0.019,USD/lb,Authentic Futures Market Feed (1-Year 60m Candles)
2026-05-12 13:00,2026-05-12,13,Copper,HG=F,6.532,6.582,6.532,6.577,3016,0.69,0.045,0.048,USD/lb,Authentic Futures Market Feed (1-Year 60m Candles)
2026-05-12 14:00,2026-05-12,14,Copper,HG=F,6.577,6.636,6.577,6.63,3332,0.8099999999999999,0.053,0.008,USD/lb,Authentic Futures Market Feed (1-Year 60m Candles)
2026-05-12 15:00,2026-05-12,15,Copper,HG=F,6.63,6.657,6.624,6.654,2193,0.36,0.024,-0.029,USD/lb,Authentic Futures Market Feed (1-Year 60m Candles)
2026-05-12 16:00,2026-05-12,16,Copper,HG=F,6.654,6.659,6.63,6.634,2001,-0.3,-0.02,-0.044,USD/lb,Authentic Futures Market Feed (1-Year 60m Candles)
2026-05-12 18:00,2026-05-12,18,Copper,HG=F,6.63,6.654,6.63,6.634,0,0.0,0.004,0.024,USD/lb,Authentic Futures Market Feed (1-Year 60m Candles)
2026-05-12 19:00,2026-05-12,19,Copper,HG=F,6.635,6.64,6.626,6.626,573,-0.12,-0.009,-0.013,USD/lb,Authentic Futures Market Feed (1-Year 60m Candles)
2026-05-12 20:00,2026-05-12,20,Copper,HG=F,6.626,6.673,6.622,6.637,1988,0.16999999999999998,0.011,0.02,USD/lb,Authentic Futures Market Feed (1-Year 60m Candles)
2026-05-12 21:00,2026-05-12,21,Copper,HG=F,6.638,6.679,6.627,6.654,2477,0.26,0.016,0.005,USD/lb,Authentic Futures Market Feed (1-Year 60m Candles)
2026-05-12 22:00,2026-05-12,22,Copper,HG=F,6.654,6.69,6.616,6.619,2303,-0.53,-0.035,-0.051,USD/lb,Authentic Futures Market Feed (1-Year 60m Candles)
2026-05-12 23:00,2026-05-12,23,Copper,HG=F,6.62,6.654,6.601,6.647,1504,0.42,0.027,0.062,USD/lb,Authentic Futures Market Feed (1-Year 60m Candles)
2026-05-13 00:00,2026-05-13,0,Copper,HG=F,6.645,6.651,6.633,6.644,560,-0.05,-0.001,-0.028,USD/lb,Authentic Futures Market Feed (1-Year 60m Candles)
2026-05-13 01:00,2026-05-13,1,Copper,HG=F,6.644,6.659,6.627,6.65,1232,0.09,0.006,0.007,USD/lb,Authentic Futures Market Feed (1-Year 60m Candles)
2026-05-13 02:00,2026-05-13,2,Copper,HG=F,6.65,6.668,6.635,6.64,1779,-0.15,-0.01,-0.016,USD/lb,Authentic Futures Market Feed (1-Year 60m Candles)
2026-05-13 03:00,2026-05-13,3,Copper,HG=F,6.639,6.655,6.623,6.635,1814,-0.08,-0.004,0.006,USD/lb,Authentic Futures Market Feed (1-Year 60m Candles)
2026-05-13 04:00,2026-05-13,4,Copper,HG=F,6.634,6.659,6.623,6.629,1415,-0.09,-0.005,-0.001,USD/lb,Authentic Futures Market Feed (1-Year 60m Candles)
2026-05-13 05:00,2026-05-13,5,Copper,HG=F,6.629,6.642,6.613,6.638,1535,0.13999999999999999,0.009,0.014,USD/lb,Authentic Futures Market Feed (1-Year 60m Candles)
2026-05-13 06:00,2026-05-13,6,Copper,HG=F,6.638,6.655,6.628,6.643,1290,0.08,0.005,-0.004,USD/lb,Authentic Futures Market Feed (1-Year 60m Candles)
2026-05-13 07:00,2026-05-13,7,Copper,HG=F,6.643,6.666,6.64,6.655,1829,0.18,0.012,0.007,USD/lb,Authentic Futures Market Feed (1-Year 60m Candles)
2026-05-13 08:00,2026-05-13,8,Copper,HG=F,6.653,6.659,6.607,6.632,4243,-0.35000000000000003,-0.021,-0.033,USD/lb,Authentic Futures Market Feed (1-Year 60m Candles)
2026-05-13 09:00,2026-05-13,9,Copper,HG=F,6.633,6.693,6.631,6.687,9105,0.83,0.054,0.075,USD/lb,Authentic Futures Market Feed (1-Year 60m Candles)
2026-05-13 10:00,2026-05-13,10,Copper,HG=F,6.686,6.716,6.66,6.665,8728,-0.33,-0.021,-0.075,USD/lb,Authentic Futures Market Feed (1-Year 60m Candles)
2026-05-13 11:00,2026-05-13,11,Copper,HG=F,6.665,6.695,6.654,6.68,4635,0.22999999999999998,0.015,0.036,USD/lb,Authentic Futures Market Feed (1-Year 60m Candles)
2026-05-13 12:00,2026-05-13,12,Copper,HG=F,6.678,6.694,6.674,6.674,2949,-0.09,-0.004,-0.019,USD/lb,Authentic Futures Market Feed (1-Year 60m Candles)
2026-05-13 13:00,2026-05-13,13,Copper,HG=F,6.675,6.677,6.638,6.639,1675,-0.52,-0.036,-0.032,USD/lb,Authentic Futures Market Feed (1-Year 60m Candles)
2026-05-13 14:00,2026-05-13,14,Copper,HG=F,6.64,6.651,6.581,6.597,4092,-0.63,-0.043,-0.007,USD/lb,Authentic Futures Market Feed (1-Year 60m Candles)
2026-05-13 15:00,2026-05-13,15,Copper,HG=F,6.597,6.628,6.596,6.627,1302,0.44999999999999996,0.03,0.073,USD/lb,Authentic Futures Market Feed (1-Year 60m Candles)
2026-05-13 16:00,2026-05-13,16,Copper,HG=F,6.626,6.629,6.618,6.619,641,-0.12,-0.007,-0.037,USD/lb,Authentic Futures Market Feed (1-Year 60m Candles)
2026-05-13 18:00,2026-05-13,18,Copper,HG=F,6.62,6.633,6.606,6.628,0,0.13999999999999999,0.008,0.015,USD/lb,Authentic Futures Market Feed (1-Year 60m Candles)
2026-05-13 19:00,2026-05-13,19,Copper,HG=F,6.628,6.63,6.617,6.627,228,-0.02,-0.001,-0.009,USD/lb,Authentic Futures Market Feed (1-Year 60m Candles)
2026-05-13 20:00,2026-05-13,20,Copper,HG=F,6.627,6.652,6.622,6.648,992,0.32,0.021,0.022,USD/lb,Authentic Futures Market Feed (1-Year 60m Candles)
2026-05-13 21:00,2026-05-13,21,Copper,HG=F,6.649,6.653,6.59,6.597,2335,-0.77,-0.052,-0.073,USD/lb,Authentic Futures Market Feed (1-Year 60m Candles)
2026-05-13 22:00,2026-05-13,22,Copper,HG=F,6.598,6.611,6.573,6.578,1739,-0.29,-0.02,0.032,USD/lb,Authentic Futures Market Feed (1-Year 60m Candles)
2026-05-13 23:00,2026-05-13,23,Copper,HG=F,6.578,6.592,6.547,6.566,2033,-0.18,-0.012,0.008,USD/lb,Authentic Futures Market Feed (1-Year 60m Candles)
2026-05-14 00:00,2026-05-14,0,Copper,HG=F,6.565,6.585,6.553,6.577,646,0.16999999999999998,0.012,0.024,USD/lb,Authentic Futures Market Feed (1-Year 60m Candles)
2026-05-14 01:00,2026-05-14,1,Copper,HG=F,6.578,6.608,6.572,6.595,987,0.27,0.017,0.005,USD/lb,Authentic Futures Market Feed (1-Year 60m Candles)
2026-05-14 02:00,2026-05-14,2,Copper,HG=F,6.591,6.597,6.557,6.577,1461,-0.27,-0.014,-0.031,USD/lb,Authentic Futures Market Feed (1-Year 60m Candles)
2026-05-14 03:00,2026-05-14,3,Copper,HG=F,6.577,6.602,6.565,6.582,1690,0.08,0.005,0.019,USD/lb,Authentic Futures Market Feed (1-Year 60m Candles)
2026-05-14 04:00,2026-05-14,4,Copper,HG=F,6.58,6.622,6.58,6.603,2889,0.32,0.023,0.018,USD/lb,Authentic Futures Market Feed (1-Year 60m Candles)
2026-05-14 05:00,2026-05-14,5,Copper,HG=F,6.602,6.631,6.602,6.623,1292,0.3,0.021,-0.002,USD/lb,Authentic Futures Market Feed (1-Year 60m Candles)
2026-05-14 06:00,2026-05-14,6,Copper,HG=F,6.624,6.647,6.619,6.641,1155,0.27,0.017,-0.004,USD/lb,Authentic Futures Market Feed (1-Year 60m Candles)
2026-05-14 07:00,2026-05-14,7,Copper,HG=F,6.641,6.649,6.624,6.633,2478,-0.12,-0.008,-0.025,USD/lb,Authentic Futures Market Feed (1-Year 60m Candles)
2026-05-14 08:00,2026-05-14,8,Copper,HG=F,6.633,6.637,6.615,6.626,4110,-0.11,-0.007,0.001,USD/lb,Authentic Futures Market Feed (1-Year 60m Candles)
2026-05-14 09:00,2026-05-14,9,Copper,HG=F,6.627,6.629,6.581,6.582,5054,-0.66,-0.045,-0.038,USD/lb,Authentic Futures Market Feed (1-Year 60m Candles)
2026-05-14 10:00,2026-05-14,10,Copper,HG=F,6.582,6.617,6.566,6.596,5150,0.21,0.014,0.059,USD/lb,Authentic Futures Market Feed (1-Year 60m Candles)
2026-05-14 11:00,2026-05-14,11,Copper,HG=F,6.596,6.606,6.589,6.595,2418,-0.02,-0.001,-0.015,USD/lb,Authentic Futures Market Feed (1-Year 60m Candles)
2026-05-14 12:00,2026-05-14,12,Copper,HG=F,6.596,6.616,6.595,6.611,2984,0.24,0.015,0.016,USD/lb,Authentic Futures Market Feed (1-Year 60m Candles)
2026-05-14 13:00,2026-05-14,13,Copper,HG=F,6.61,6.615,6.589,6.6,1608,-0.16999999999999998,-0.01,-0.025,USD/lb,Authentic Futures Market Feed (1-Year 60m Candles)
2026-05-14 14:00,2026-05-14,14,Copper,HG=F,6.598,6.601,6.575,6.597,965,-0.05,-0.001,0.009,USD/lb,Authentic Futures Market Feed (1-Year 60m Candles)
2026-05-14 15:00,2026-05-14,15,Copper,HG=F,6.598,6.601,6.581,6.582,681,-0.22999999999999998,-0.016,-0.015,USD/lb,Authentic Futures Market Feed (1-Year 60m Candles)
2026-05-14 16:00,2026-05-14,16,Copper,HG=F,6.584,6.587,6.574,6.58,330,-0.03,-0.004,0.012,USD/lb,Authentic Futures Market Feed (1-Year 60m Candles)
2026-05-14 18:00,2026-05-14,18,Copper,HG=F,6.58,6.584,6.568,6.584,0,0.06,0.004,0.008,USD/lb,Authentic Futures Market Feed (1-Year 60m Candles)
2026-05-14 19:00,2026-05-14,19,Copper,HG=F,6.583,6.587,6.576,6.579,188,-0.08,-0.004,-0.008,USD/lb,Authentic Futures Market Feed (1-Year 60m Candles)
2026-05-14 20:00,2026-05-14,20,Copper,HG=F,6.581,6.587,6.516,6.532,1871,-0.7100000000000001,-0.049,-0.045,USD/lb,Authentic Futures Market Feed (1-Year 60m Candles)
2026-05-14 21:00,2026-05-14,21,Copper,HG=F,6.53,6.532,6.373,6.385,9167,-2.25,-0.145,-0.096,USD/lb,Authentic Futures Market Feed (1-Year 60m Candles)
2026-05-14 22:00,2026-05-14,22,Copper,HG=F,6.385,6.438,6.379,6.43,2193,0.7000000000000001,0.045,0.19,USD/lb,Authentic Futures Market Feed (1-Year 60m Candles)
2026-05-14 23:00,2026-05-14,23,Copper,HG=F,6.43,6.451,6.419,6.431,1604,0.02,0.001,-0.044,USD/lb,Authentic Futures Market Feed (1-Year 60m Candles)
2026-05-15 00:00,2026-05-15,0,Copper,HG=F,6.427,6.432,6.404,6.408,460,-0.36,-0.019,-0.02,USD/lb,Authentic Futures Market Feed (1-Year 60m Candles)
2026-05-15 01:00,2026-05-15,1,Copper,HG=F,6.408,6.408,6.341,6.352,5269,-0.8699999999999999,-0.056,-0.037,USD/lb,Authentic Futures Market Feed (1-Year 60m Candles)
2026-05-15 02:00,2026-05-15,2,Copper,HG=F,6.348,6.378,6.347,6.353,2547,0.02,0.005,0.061,USD/lb,Authentic Futures Market Feed (1-Year 60m Candles)
2026-05-15 03:00,2026-05-15,3,Copper,HG=F,6.352,6.383,6.341,6.363,2605,0.16,0.011,0.006,USD/lb,Authentic Futures Market Feed (1-Year 60m Candles)
2026-05-15 04:00,2026-05-15,4,Copper,HG=F,6.364,6.367,6.325,6.339,2685,-0.38,-0.025,-0.036,USD/lb,Authentic Futures Market Feed (1-Year 60m Candles)
2026-05-15 05:00,2026-05-15,5,Copper,HG=F,6.339,6.34,6.304,6.324,3721,-0.24,-0.015,0.01,USD/lb,Authentic Futures Market Feed (1-Year 60m Candles)
2026-05-15 06:00,2026-05-15,6,Copper,HG=F,6.324,6.372,6.324,6.366,3227,0.66,0.042,0.057,USD/lb,Authentic Futures Market Feed (1-Year 60m Candles)
2026-05-15 07:00,2026-05-15,7,Copper,HG=F,6.365,6.375,6.315,6.325,1980,-0.64,-0.04,-0.082,USD/lb,Authentic Futures Market Feed (1-Year 60m Candles)
2026-05-15 08:00,2026-05-15,8,Copper,HG=F,6.323,6.326,6.271,6.281,6130,-0.7000000000000001,-0.042,-0.002,USD/lb,Authentic Futures Market Feed (1-Year 60m Candles)
2026-05-15 09:00,2026-05-15,9,Copper,HG=F,6.28,6.317,6.273,6.301,6256,0.32,0.021,0.063,USD/lb,Authentic Futures Market Feed (1-Year 60m Candles)
2026-05-15 10:00,2026-05-15,10,Copper,HG=F,6.301,6.323,6.281,6.291,6085,-0.16,-0.01,-0.031,USD/lb,Authentic Futures Market Feed (1-Year 60m Candles)
2026-05-15 11:00,2026-05-15,11,Copper,HG=F,6.292,6.3,6.282,6.29,4071,-0.02,-0.002,0.008,USD/lb,Authentic Futures Market Feed (1-Year 60m Candles)
2026-05-15 12:00,2026-05-15,12,Copper,HG=F,6.291,6.301,6.282,6.295,3817,0.08,0.004,0.006,USD/lb,Authentic Futures Market Feed (1-Year 60m Candles)
2026-05-15 13:00,2026-05-15,13,Copper,HG=F,6.294,6.305,6.29,6.304,1671,0.13999999999999999,0.01,0.006,USD/lb,Authentic Futures Market Feed (1-Year 60m Candles)
2026-05-15 14:00,2026-05-15,14,Copper,HG=F,6.305,6.307,6.288,6.295,847,-0.13999999999999999,-0.01,-0.02,USD/lb,Authentic Futures Market Feed (1-Year 60m Candles)
2026-05-15 15:00,2026-05-15,15,Copper,HG=F,6.296,6.297,6.284,6.285,678,-0.16,-0.011,-0.001,USD/lb,Authentic Futures Market Feed (1-Year 60m Candles)
2026-05-15 16:00,2026-05-15,16,Copper,HG=F,6.285,6.295,6.268,6.295,990,0.16,0.01,0.021,USD/lb,Authentic Futures Market Feed (1-Year 60m Candles)
2026-05-17 18:00,2026-05-17,18,Copper,HG=F,6.318,6.319,6.286,6.297,813,0.03,-0.021,-0.031,USD/lb,Authentic Futures Market Feed (1-Year 60m Candles)
2026-05-17 19:00,2026-05-17,19,Copper,HG=F,6.298,6.302,6.275,6.286,515,-0.16999999999999998,-0.012,0.009,USD/lb,Authentic Futures Market Feed (1-Year 60m Candles)
2026-05-17 20:00,2026-05-17,20,Copper,HG=F,6.287,6.293,6.23,6.248,3156,-0.6,-0.039,-0.027,USD/lb,Authentic Futures Market Feed (1-Year 60m Candles)
2026-05-17 21:00,2026-05-17,21,Copper,HG=F,6.248,6.252,6.207,6.243,3484,-0.08,-0.005,0.034,USD/lb,Authentic Futures Market Feed (1-Year 60m Candles)
2026-05-17 22:00,2026-05-17,22,Copper,HG=F,6.242,6.249,6.225,6.238,1558,-0.08,-0.004,0.001,USD/lb,Authentic Futures Market Feed (1-Year 60m Candles)
2026-05-17 23:00,2026-05-17,23,Copper,HG=F,6.238,6.246,6.223,6.237,698,-0.02,-0.001,0.003,USD/lb,Authentic Futures Market Feed (1-Year 60m Candles)
2026-05-18 00:00,2026-05-18,0,Copper,HG=F,6.238,6.253,6.231,6.235,546,-0.03,-0.003,-0.002,USD/lb,Authentic Futures Market Feed (1-Year 60m Candles)
2026-05-18 01:00,2026-05-18,1,Copper,HG=F,6.235,6.259,6.227,6.227,627,-0.13,-0.008,-0.005,USD/lb,Authentic Futures Market Feed (1-Year 60m Candles)
2026-05-18 02:00,2026-05-18,2,Copper,HG=F,6.227,6.273,6.225,6.273,1239,0.74,0.046,0.054,USD/lb,Authentic Futures Market Feed (1-Year 60m Candles)
2026-05-18 03:00,2026-05-18,3,Copper,HG=F,6.273,6.276,6.25,6.253,1512,-0.32,-0.02,-0.066,USD/lb,Authentic Futures Market Feed (1-Year 60m Candles)
2026-05-18 04:00,2026-05-18,4,Copper,HG=F,6.254,6.266,6.244,6.256,1238,0.05,0.002,0.022,USD/lb,Authentic Futures Market Feed (1-Year 60m Candles)
2026-05-18 05:00,2026-05-18,5,Copper,HG=F,6.254,6.262,6.241,6.244,1132,-0.19,-0.01,-0.012,USD/lb,Authentic Futures Market Feed (1-Year 60m Candles)
2026-05-18 06:00,2026-05-18,6,Copper,HG=F,6.244,6.262,6.234,6.247,948,0.05,0.003,0.013,USD/lb,Authentic Futures Market Feed (1-Year 60m Candles)
2026-05-18 07:00,2026-05-18,7,Copper,HG=F,6.247,6.29,6.225,6.265,3737,0.29,0.018,0.015,USD/lb,Authentic Futures Market Feed (1-Year 60m Candles)
2026-05-18 08:00,2026-05-18,8,Copper,HG=F,6.264,6.312,6.253,6.3,4695,0.5599999999999999,0.036,0.018,USD/lb,Authentic Futures Market Feed (1-Year 60m Candles)
2026-05-18 09:00,2026-05-18,9,Copper,HG=F,6.3,6.321,6.281,6.308,5807,0.13,0.008,-0.028,USD/lb,Authentic Futures Market Feed (1-Year 60m Candles)
2026-05-18 10:00,2026-05-18,10,Copper,HG=F,6.308,6.328,6.289,6.325,5350,0.27,0.017,0.009,USD/lb,Authentic Futures Market Feed (1-Year 60m Candles)
2026-05-18 11:00,2026-05-18,11,Copper,HG=F,6.325,6.325,6.298,6.306,3379,-0.3,-0.019,-0.036,USD/lb,Authentic Futures Market Feed (1-Year 60m Candles)
2026-05-18 12:00,2026-05-18,12,Copper,HG=F,6.308,6.331,6.3,6.314,5067,0.13,0.006,0.025,USD/lb,Authentic Futures Market Feed (1-Year 60m Candles)
2026-05-18 13:00,2026-05-18,13,Copper,HG=F,6.313,6.318,6.305,6.306,1006,-0.13,-0.007,-0.013,USD/lb,Authentic Futures Market Feed (1-Year 60m Candles)
2026-05-18 14:00,2026-05-18,14,Copper,HG=F,6.306,6.306,6.275,6.279,920,-0.43,-0.027,-0.02,USD/lb,Authentic Futures Market Feed (1-Year 60m Candles)
2026-05-18 15:00,2026-05-18,15,Copper,HG=F,6.279,6.333,6.278,6.323,1849,0.7000000000000001,0.044,0.071,USD/lb,Authentic Futures Market Feed (1-Year 60m Candles)
2026-05-18 16:00,2026-05-18,16,Copper,HG=F,6.325,6.337,6.325,6.336,602,0.21,0.011,-0.033,USD/lb,Authentic Futures Market Feed (1-Year 60m Candles)
2026-05-18 18:00,2026-05-18,18,Copper,HG=F,6.337,6.35,6.332,6.337,0,0.02,0.0,-0.011,USD/lb,Authentic Futures Market Feed (1-Year 60m Candles)
2026-05-18 19:00,2026-05-18,19,Copper,HG=F,6.337,6.346,6.332,6.332,224,-0.08,-0.005,-0.005,USD/lb,Authentic Futures Market Feed (1-Year 60m Candles)
2026-05-18 20:00,2026-05-18,20,Copper,HG=F,6.335,6.339,6.304,6.307,464,-0.38999999999999996,-0.028,-0.023,USD/lb,Authentic Futures Market Feed (1-Year 60m Candles)
2026-05-18 21:00,2026-05-18,21,Copper,HG=F,6.308,6.324,6.296,6.302,1021,-0.08,-0.006,0.022,USD/lb,Authentic Futures Market Feed (1-Year 60m Candles)
2026-05-18 22:00,2026-05-18,22,Copper,HG=F,6.301,6.301,6.255,6.258,1502,-0.7000000000000001,-0.043,-0.037,USD/lb,Authentic Futures Market Feed (1-Year 60m Candles)
2026-05-18 23:00,2026-05-18,23,Copper,HG=F,6.258,6.261,6.246,6.251,946,-0.11,-0.007,0.036,USD/lb,Authentic Futures Market Feed (1-Year 60m Candles)
2026-05-19 00:00,2026-05-19,0,Copper,HG=F,6.252,6.252,6.239,6.244,398,-0.11,-0.008,-0.001,USD/lb,Authentic Futures Market Feed (1-Year 60m Candles)
2026-05-19 01:00,2026-05-19,1,Copper,HG=F,6.245,6.276,6.245,6.271,834,0.43,0.026,0.034,USD/lb,Authentic Futures Market Feed (1-Year 60m Candles)
2026-05-19 02:00,2026-05-19,2,Copper,HG=F,6.272,6.287,6.264,6.284,797,0.21,0.012,-0.014,USD/lb,Authentic Futures Market Feed (1-Year 60m Candles)
2026-05-19 03:00,2026-05-19,3,Copper,HG=F,6.285,6.286,6.266,6.282,831,-0.03,-0.003,-0.015,USD/lb,Authentic Futures Market Feed (1-Year 60m Candles)
2026-05-19 04:00,2026-05-19,4,Copper,HG=F,6.283,6.294,6.247,6.248,1572,-0.54,-0.035,-0.032,USD/lb,Authentic Futures Market Feed (1-Year 60m Candles)
2026-05-19 05:00,2026-05-19,5,Copper,HG=F,6.246,6.247,6.231,6.241,2039,-0.11,-0.005,0.03,USD/lb,Authentic Futures Market Feed (1-Year 60m Candles)
2026-05-19 06:00,2026-05-19,6,Copper,HG=F,6.241,6.252,6.225,6.252,2115,0.18,0.011,0.016,USD/lb,Authentic Futures Market Feed (1-Year 60m Candles)
2026-05-19 07:00,2026-05-19,7,Copper,HG=F,6.252,6.276,6.222,6.229,3006,-0.37,-0.023,-0.034,USD/lb,Authentic Futures Market Feed (1-Year 60m Candles)
2026-05-19 08:00,2026-05-19,8,Copper,HG=F,6.229,6.241,6.224,6.236,1270,0.11,0.007,0.03,USD/lb,Authentic Futures Market Feed (1-Year 60m Candles)
2026-05-19 09:00,2026-05-19,9,Copper,HG=F,6.235,6.243,6.179,6.207,9522,-0.47000000000000003,-0.028,-0.035,USD/lb,Authentic Futures Market Feed (1-Year 60m Candles)
2026-05-19 10:00,2026-05-19,10,Copper,HG=F,6.207,6.209,6.161,6.167,5609,-0.64,-0.04,-0.012,USD/lb,Authentic Futures Market Feed (1-Year 60m Candles)
2026-05-19 11:00,2026-05-19,11,Copper,HG=F,6.166,6.193,6.165,6.188,3085,0.33999999999999997,0.022,0.062,USD/lb,Authentic Futures Market Feed (1-Year 60m Candles)
2026-05-19 12:00,2026-05-19,12,Copper,HG=F,6.188,6.211,6.181,6.207,4366,0.31,0.019,-0.003,USD/lb,Authentic Futures Market Feed (1-Year 60m Candles)
2026-05-19 13:00,2026-05-19,13,Copper,HG=F,6.207,6.214,6.203,6.204,952,-0.05,-0.003,-0.022,USD/lb,Authentic Futures Market Feed (1-Year 60m Candles)
2026-05-19 14:00,2026-05-19,14,Copper,HG=F,6.205,6.208,6.194,6.197,812,-0.11,-0.008,-0.005,USD/lb,Authentic Futures Market Feed (1-Year 60m Candles)
2026-05-19 15:00,2026-05-19,15,Copper,HG=F,6.198,6.206,6.192,6.196,381,-0.02,-0.002,0.006,USD/lb,Authentic Futures Market Feed (1-Year 60m Candles)
2026-05-19 16:00,2026-05-19,16,Copper,HG=F,6.195,6.197,6.193,6.194,284,-0.03,-0.001,0.001,USD/lb,Authentic Futures Market Feed (1-Year 60m Candles)
2026-05-19 18:00,2026-05-19,18,Copper,HG=F,6.188,6.206,6.186,6.206,0,0.19,0.018,0.019,USD/lb,Authentic Futures Market Feed (1-Year 60m Candles)
2026-05-19 19:00,2026-05-19,19,Copper,HG=F,6.203,6.216,6.202,6.204,188,-0.03,0.001,-0.017,USD/lb,Authentic Futures Market Feed (1-Year 60m Candles)
2026-05-19 20:00,2026-05-19,20,Copper,HG=F,6.205,6.206,6.181,6.195,754,-0.15,-0.01,-0.011,USD/lb,Authentic Futures Market Feed (1-Year 60m Candles)
2026-05-19 21:00,2026-05-19,21,Copper,HG=F,6.196,6.204,6.175,6.196,815,0.02,0.0,0.01,USD/lb,Authentic Futures Market Feed (1-Year 60m Candles)
2026-05-19 22:00,2026-05-19,22,Copper,HG=F,6.196,6.2,6.148,6.154,1413,-0.6799999999999999,-0.042,-0.042,USD/lb,Authentic Futures Market Feed (1-Year 60m Candles)
2026-05-19 23:00,2026-05-19,23,Copper,HG=F,6.154,6.176,6.148,6.168,465,0.22999999999999998,0.014,0.056,USD/lb,Authentic Futures Market Feed (1-Year 60m Candles)
2026-05-20 00:00,2026-05-20,0,Copper,HG=F,6.172,6.178,6.164,6.168,328,0.0,-0.004,-0.018,USD/lb,Authentic Futures Market Feed (1-Year 60m Candles)
2026-05-20 01:00,2026-05-20,1,Copper,HG=F,6.168,6.191,6.168,6.183,688,0.24,0.015,0.019,USD/lb,Authentic Futures Market Feed (1-Year 60m Candles)
2026-05-20 02:00,2026-05-20,2,Copper,HG=F,6.181,6.223,6.181,6.22,1620,0.6,0.039,0.024,USD/lb,Authentic Futures Market Feed (1-Year 60m Candles)
2026-05-20 03:00,2026-05-20,3,Copper,HG=F,6.22,6.24,6.217,6.219,1126,-0.02,-0.001,-0.04,USD/lb,Authentic Futures Market Feed (1-Year 60m Candles)
2026-05-20 04:00,2026-05-20,4,Copper,HG=F,6.218,6.242,6.218,6.236,1081,0.27,0.018,0.019,USD/lb,Authentic Futures Market Feed (1-Year 60m Candles)
2026-05-20 05:00,2026-05-20,5,Copper,HG=F,6.238,6.247,6.222,6.241,853,0.08,0.003,-0.015,USD/lb,Authentic Futures Market Feed (1-Year 60m Candles)
2026-05-20 06:00,2026-05-20,6,Copper,HG=F,6.241,6.252,6.239,6.247,754,0.1,0.006,0.003,USD/lb,Authentic Futures Market Feed (1-Year 60m Candles)
2026-05-20 07:00,2026-05-20,7,Copper,HG=F,6.247,6.258,6.234,6.246,1136,-0.02,-0.001,-0.007,USD/lb,Authentic Futures Market Feed (1-Year 60m Candles)
2026-05-20 08:00,2026-05-20,8,Copper,HG=F,6.246,6.264,6.232,6.252,3406,0.1,0.006,0.007,USD/lb,Authentic Futures Market Feed (1-Year 60m Candles)
2026-05-20 09:00,2026-05-20,9,Copper,HG=F,6.253,6.285,6.246,6.272,3320,0.32,0.019,0.013,USD/lb,Authentic Futures Market Feed (1-Year 60m Candles)
2026-05-20 10:00,2026-05-20,10,Copper,HG=F,6.273,6.33,6.256,6.312,7662,0.64,0.039,0.02,USD/lb,Authentic Futures Market Feed (1-Year 60m Candles)
2026-05-20 11:00,2026-05-20,11,Copper,HG=F,6.312,6.346,6.309,6.323,4250,0.16999999999999998,0.011,-0.028,USD/lb,Authentic Futures Market Feed (1-Year 60m Candles)
2026-05-20 12:00,2026-05-20,12,Copper,HG=F,6.323,6.335,6.308,6.332,3276,0.13999999999999999,0.009,-0.002,USD/lb,Authentic Futures Market Feed (1-Year 60m Candles)
2026-05-20 13:00,2026-05-20,13,Copper,HG=F,6.332,6.34,6.323,6.33,1996,-0.03,-0.002,-0.011,USD/lb,Authentic Futures Market Feed (1-Year 60m Candles)
2026-05-20 14:00,2026-05-20,14,Copper,HG=F,6.331,6.353,6.327,6.342,1059,0.19,0.011,0.013,USD/lb,Authentic Futures Market Feed (1-Year 60m Candles)
2026-05-20 15:00,2026-05-20,15,Copper,HG=F,6.342,6.35,6.338,6.34,1132,-0.03,-0.002,-0.013,USD/lb,Authentic Futures Market Feed (1-Year 60m Candles)
2026-05-20 16:00,2026-05-20,16,Copper,HG=F,6.341,6.345,6.326,6.334,631,-0.09,-0.007,-0.005,USD/lb,Authentic Futures Market Feed (1-Year 60m Candles)
2026-05-20 18:00,2026-05-20,18,Copper,HG=F,6.328,6.334,6.319,6.325,0,-0.13999999999999999,-0.003,0.004,USD/lb,Authentic Futures Market Feed (1-Year 60m Candles)
2026-05-20 19:00,2026-05-20,19,Copper,HG=F,6.325,6.34,6.323,6.331,296,0.09,0.006,0.009,USD/lb,Authentic Futures Market Feed (1-Year 60m Candles)
2026-05-20 20:00,2026-05-20,20,Copper,HG=F,6.332,6.347,6.321,6.347,450,0.25,0.015,0.009,USD/lb,Authentic Futures Market Feed (1-Year 60m Candles)
2026-05-20 21:00,2026-05-20,21,Copper,HG=F,6.346,6.373,6.332,6.347,1888,0.0,0.001,-0.014,USD/lb,Authentic Futures Market Feed (1-Year 60m Candles)
2026-05-20 22:00,2026-05-20,22,Copper,HG=F,6.349,6.354,6.295,6.309,1154,-0.6,-0.04,-0.041,USD/lb,Authentic Futures Market Feed (1-Year 60m Candles)
2026-05-20 23:00,2026-05-20,23,Copper,HG=F,6.308,6.326,6.306,6.312,493,0.05,0.004,0.044,USD/lb,Authentic Futures Market Feed (1-Year 60m Candles)
2026-05-21 00:00,2026-05-21,0,Copper,HG=F,6.311,6.324,6.31,6.323,271,0.16999999999999998,0.012,0.008,USD/lb,Authentic Futures Market Feed (1-Year 60m Candles)
2026-05-21 01:00,2026-05-21,1,Copper,HG=F,6.324,6.324,6.281,6.288,1087,-0.5499999999999999,-0.036,-0.048,USD/lb,Authentic Futures Market Feed (1-Year 60m Candles)
2026-05-21 02:00,2026-05-21,2,Copper,HG=F,6.288,6.302,6.244,6.254,2171,-0.54,-0.034,0.002,USD/lb,Authentic Futures Market Feed (1-Year 60m Candles)
2026-05-21 03:00,2026-05-21,3,Copper,HG=F,6.254,6.262,6.241,6.251,1429,-0.05,-0.003,0.031,USD/lb,Authentic Futures Market Feed (1-Year 60m Candles)
2026-05-21 04:00,2026-05-21,4,Copper,HG=F,6.252,6.281,6.241,6.27,1691,0.3,0.018,0.021,USD/lb,Authentic Futures Market Feed (1-Year 60m Candles)
2026-05-21 05:00,2026-05-21,5,Copper,HG=F,6.268,6.285,6.265,6.282,1294,0.19,0.014,-0.004,USD/lb,Authentic Futures Market Feed (1-Year 60m Candles)
2026-05-21 06:00,2026-05-21,6,Copper,HG=F,6.282,6.287,6.25,6.259,1098,-0.37,-0.023,-0.037,USD/lb,Authentic Futures Market Feed (1-Year 60m Candles)
2026-05-21 07:00,2026-05-21,7,Copper,HG=F,6.258,6.275,6.248,6.262,1129,0.05,0.004,0.027,USD/lb,Authentic Futures Market Feed (1-Year 60m Candles)
2026-05-21 08:00,2026-05-21,8,Copper,HG=F,6.261,6.28,6.256,6.262,2006,0.0,0.001,-0.003,USD/lb,Authentic Futures Market Feed (1-Year 60m Candles)
2026-05-21 09:00,2026-05-21,9,Copper,HG=F,6.262,6.281,6.242,6.274,3194,0.19,0.012,0.011,USD/lb,Authentic Futures Market Feed (1-Year 60m Candles)
2026-05-21 10:00,2026-05-21,10,Copper,HG=F,6.274,6.291,6.261,6.29,2911,0.26,0.016,0.004,USD/lb,Authentic Futures Market Feed (1-Year 60m Candles)
2026-05-21 11:00,2026-05-21,11,Copper,HG=F,6.291,6.298,6.272,6.294,2251,0.06,0.003,-0.013,USD/lb,Authentic Futures Market Feed (1-Year 60m Candles)
2026-05-21 12:00,2026-05-21,12,Copper,HG=F,6.295,6.31,6.291,6.293,3134,-0.02,-0.002,-0.005,USD/lb,Authentic Futures Market Feed (1-Year 60m Candles)
2026-05-21 13:00,2026-05-21,13,Copper,HG=F,6.294,6.378,6.293,6.353,3607,0.95,0.059,0.061,USD/lb,Authentic Futures Market Feed (1-Year 60m Candles)
2026-05-21 14:00,2026-05-21,14,Copper,HG=F,6.354,6.363,6.325,6.332,1391,-0.33,-0.022,-0.081,USD/lb,Authentic Futures Market Feed (1-Year 60m Candles)
2026-05-21 15:00,2026-05-21,15,Copper,HG=F,6.333,6.354,6.328,6.349,802,0.27,0.016,0.038,USD/lb,Authentic Futures Market Feed (1-Year 60m Candles)
2026-05-21 16:00,2026-05-21,16,Copper,HG=F,6.35,6.351,6.34,6.345,0,-0.06,-0.005,-0.021,USD/lb,Authentic Futures Market Feed (1-Year 60m Candles)
2026-05-21 18:00,2026-05-21,18,Copper,HG=F,6.351,6.365,6.338,6.351,174,0.09,0.0,0.005,USD/lb,Authentic Futures Market Feed (1-Year 60m Candles)
2026-05-21 19:00,2026-05-21,19,Copper,HG=F,6.352,6.353,6.34,6.352,223,0.02,0.0,0.0,USD/lb,Authentic Futures Market Feed (1-Year 60m Candles)
2026-05-21 20:00,2026-05-21,20,Copper,HG=F,6.352,6.36,6.343,6.349,628,-0.05,-0.003,-0.003,USD/lb,Authentic Futures Market Feed (1-Year 60m Candles)
2026-05-21 21:00,2026-05-21,21,Copper,HG=F,6.35,6.366,6.334,6.352,1054,0.05,0.002,0.005,USD/lb,Authentic Futures Market Feed (1-Year 60m Candles)
2026-05-21 22:00,2026-05-21,22,Copper,HG=F,6.351,6.378,6.345,6.366,1023,0.22,0.015,0.013,USD/lb,Authentic Futures Market Feed (1-Year 60m Candles)
2026-05-21 23:00,2026-05-21,23,Copper,HG=F,6.369,6.369,6.345,6.364,448,-0.03,-0.005,-0.02,USD/lb,Authentic Futures Market Feed (1-Year 60m Candles)
2026-05-22 00:00,2026-05-22,0,Copper,HG=F,6.365,6.385,6.364,6.376,571,0.19,0.011,0.016,USD/lb,Authentic Futures Market Feed (1-Year 60m Candles)
2026-05-22 01:00,2026-05-22,1,Copper,HG=F,6.378,6.4,6.362,6.367,1527,-0.13999999999999999,-0.011,-0.022,USD/lb,Authentic Futures Market Feed (1-Year 60m Candles)
2026-05-22 02:00,2026-05-22,2,Copper,HG=F,6.369,6.39,6.353,6.359,1275,-0.13,-0.01,0.001,USD/lb,Authentic Futures Market Feed (1-Year 60m Candles)
2026-05-22 03:00,2026-05-22,3,Copper,HG=F,6.359,6.371,6.351,6.354,993,-0.08,-0.005,0.005,USD/lb,Authentic Futures Market Feed (1-Year 60m Candles)
2026-05-22 04:00,2026-05-22,4,Copper,HG=F,6.356,6.395,6.356,6.373,1994,0.3,0.017,0.022,USD/lb,Authentic Futures Market Feed (1-Year 60m Candles)
2026-05-22 05:00,2026-05-22,5,Copper,HG=F,6.372,6.372,6.351,6.361,1283,-0.19,-0.011,-0.028,USD/lb,Authentic Futures Market Feed (1-Year 60m Candles)
2026-05-22 06:00,2026-05-22,6,Copper,HG=F,6.363,6.365,6.336,6.338,1267,-0.36,-0.025,-0.014,USD/lb,Authentic Futures Market Feed (1-Year 60m Candles)
2026-05-22 07:00,2026-05-22,7,Copper,HG=F,6.338,6.347,6.325,6.344,2067,0.09,0.006,0.031,USD/lb,Authentic Futures Market Feed (1-Year 60m Candles)
2026-05-22 08:00,2026-05-22,8,Copper,HG=F,6.345,6.375,6.339,6.37,2551,0.41000000000000003,0.025,0.019,USD/lb,Authentic Futures Market Feed (1-Year 60m Candles)
2026-05-22 09:00,2026-05-22,9,Copper,HG=F,6.371,6.374,6.333,6.355,3605,-0.24,-0.016,-0.041,USD/lb,Authentic Futures Market Feed (1-Year 60m Candles)
2026-05-22 10:00,2026-05-22,10,Copper,HG=F,6.354,6.373,6.327,6.357,3239,0.03,0.003,0.019,USD/lb,Authentic Futures Market Feed (1-Year 60m Candles)
2026-05-22 11:00,2026-05-22,11,Copper,HG=F,6.358,6.381,6.35,6.378,4283,0.33,0.02,0.017,USD/lb,Authentic Futures Market Feed (1-Year 60m Candles)
2026-05-22 12:00,2026-05-22,12,Copper,HG=F,6.378,6.392,6.37,6.377,5233,-0.02,-0.001,-0.021,USD/lb,Authentic Futures Market Feed (1-Year 60m Candles)
2026-05-22 13:00,2026-05-22,13,Copper,HG=F,6.377,6.409,6.376,6.402,4198,0.38999999999999996,0.025,0.026,USD/lb,Authentic Futures Market Feed (1-Year 60m Candles)
2026-05-22 14:00,2026-05-22,14,Copper,HG=F,6.402,6.408,6.391,6.397,1186,-0.08,-0.005,-0.03,USD/lb,Authentic Futures Market Feed (1-Year 60m Candles)
2026-05-22 15:00,2026-05-22,15,Copper,HG=F,6.398,6.401,6.376,6.396,1793,-0.02,-0.002,0.003,USD/lb,Authentic Futures Market Feed (1-Year 60m Candles)
2026-05-22 16:00,2026-05-22,16,Copper,HG=F,6.395,6.395,6.377,6.379,773,-0.27,-0.016,-0.014,USD/lb,Authentic Futures Market Feed (1-Year 60m Candles)
2026-05-26 00:00,2026-05-26,0,Copper,HG=F,6.41,6.41,6.393,6.394,233,0.24,-0.016,0.0,USD/lb,Authentic Futures Market Feed (1-Year 60m Candles)
2026-05-26 01:00,2026-05-26,1,Copper,HG=F,6.391,6.417,6.376,6.394,1319,0.0,0.003,0.019,USD/lb,Authentic Futures Market Feed (1-Year 60m Candles)
2026-05-26 02:00,2026-05-26,2,Copper,HG=F,6.394,6.416,6.391,6.416,904,0.33999999999999997,0.022,0.019,USD/lb,Authentic Futures Market Feed (1-Year 60m Candles)
2026-05-26 03:00,2026-05-26,3,Copper,HG=F,6.416,6.417,6.377,6.389,1674,-0.42,-0.027,-0.049,USD/lb,Authentic Futures Market Feed (1-Year 60m Candles)
2026-05-26 04:00,2026-05-26,4,Copper,HG=F,6.389,6.397,6.385,6.389,831,0.0,0.0,0.027,USD/lb,Authentic Futures Market Feed (1-Year 60m Candles)
2026-05-26 05:00,2026-05-26,5,Copper,HG=F,6.391,6.393,6.364,6.373,2550,-0.25,-0.018,-0.018,USD/lb,Authentic Futures Market Feed (1-Year 60m Candles)
2026-05-26 06:00,2026-05-26,6,Copper,HG=F,6.374,6.386,6.368,6.374,1028,0.02,0.0,0.018,USD/lb,Authentic Futures Market Feed (1-Year 60m Candles)
2026-05-26 07:00,2026-05-26,7,Copper,HG=F,6.374,6.386,6.372,6.377,1034,0.05,0.003,0.003,USD/lb,Authentic Futures Market Feed (1-Year 60m Candles)
2026-05-26 08:00,2026-05-26,8,Copper,HG=F,6.375,6.392,6.37,6.387,2989,0.16,0.012,0.009,USD/lb,Authentic Futures Market Feed (1-Year 60m Candles)
2026-05-26 09:00,2026-05-26,9,Copper,HG=F,6.388,6.412,6.383,6.397,2735,0.16,0.009,-0.003,USD/lb,Authentic Futures Market Feed (1-Year 60m Candles)
2026-05-26 10:00,2026-05-26,10,Copper,HG=F,6.398,6.413,6.392,6.398,2715,0.02,0.0,-0.009,USD/lb,Authentic Futures Market Feed (1-Year 60m Candles)
2026-05-26 11:00,2026-05-26,11,Copper,HG=F,6.398,6.405,6.385,6.392,3275,-0.09,-0.006,-0.006,USD/lb,Authentic Futures Market Feed (1-Year 60m Candles)
2026-05-26 12:00,2026-05-26,12,Copper,HG=F,6.391,6.406,6.386,6.397,4486,0.08,0.006,0.012,USD/lb,Authentic Futures Market Feed (1-Year 60m Candles)
2026-05-26 13:00,2026-05-26,13,Copper,HG=F,6.396,6.404,6.387,6.39,1096,-0.11,-0.006,-0.012,USD/lb,Authentic Futures Market Feed (1-Year 60m Candles)
2026-05-26 14:00,2026-05-26,14,Copper,HG=F,6.39,6.411,6.386,6.409,1496,0.3,0.019,0.025,USD/lb,Authentic Futures Market Feed (1-Year 60m Candles)
2026-05-26 15:00,2026-05-26,15,Copper,HG=F,6.409,6.426,6.406,6.422,762,0.2,0.013,-0.006,USD/lb,Authentic Futures Market Feed (1-Year 60m Candles)
2026-05-26 16:00,2026-05-26,16,Copper,HG=F,6.422,6.426,6.419,6.424,555,0.03,0.002,-0.011,USD/lb,Authentic Futures Market Feed (1-Year 60m Candles)
2026-05-26 18:00,2026-05-26,18,Copper,HG=F,6.412,6.428,6.412,6.427,0,0.05,0.015,0.013,USD/lb,Authentic Futures Market Feed (1-Year 60m Candles)
2026-05-26 19:00,2026-05-26,19,Copper,HG=F,6.427,6.438,6.424,6.432,293,0.08,0.005,-0.01,USD/lb,Authentic Futures Market Feed (1-Year 60m Candles)
2026-05-26 20:00,2026-05-26,20,Copper,HG=F,6.432,6.457,6.431,6.452,1501,0.31,0.02,0.015,USD/lb,Authentic Futures Market Feed (1-Year 60m Candles)
2026-05-26 21:00,2026-05-26,21,Copper,HG=F,6.453,6.465,6.415,6.419,3428,-0.51,-0.034,-0.054,USD/lb,Authentic Futures Market Feed (1-Year 60m Candles)
2026-05-26 22:00,2026-05-26,22,Copper,HG=F,6.419,6.463,6.418,6.463,1648,0.69,0.044,0.078,USD/lb,Authentic Futures Market Feed (1-Year 60m Candles)
2026-05-26 23:00,2026-05-26,23,Copper,HG=F,6.463,6.477,6.43,6.437,2044,-0.4,-0.026,-0.07,USD/lb,Authentic Futures Market Feed (1-Year 60m Candles)
2026-05-27 00:00,2026-05-27,0,Copper,HG=F,6.438,6.45,6.431,6.445,258,0.12,0.007,0.033,USD/lb,Authentic Futures Market Feed (1-Year 60m Candles)
2026-05-27 01:00,2026-05-27,1,Copper,HG=F,6.444,6.45,6.404,6.409,1351,-0.5599999999999999,-0.035,-0.042,USD/lb,Authentic Futures Market Feed (1-Year 60m Candles)
2026-05-27 02:00,2026-05-27,2,Copper,HG=F,6.407,6.41,6.392,6.402,1326,-0.11,-0.005,0.03,USD/lb,Authentic Futures Market Feed (1-Year 60m Candles)
2026-05-27 03:00,2026-05-27,3,Copper,HG=F,6.402,6.409,6.38,6.392,1977,-0.16,-0.01,-0.005,USD/lb,Authentic Futures Market Feed (1-Year 60m Candles)
2026-05-27 04:00,2026-05-27,4,Copper,HG=F,6.39,6.4,6.378,6.393,1133,0.02,0.003,0.013,USD/lb,Authentic Futures Market Feed (1-Year 60m Candles)
2026-05-27 05:00,2026-05-27,5,Copper,HG=F,6.393,6.406,6.39,6.399,600,0.09,0.006,0.003,USD/lb,Authentic Futures Market Feed (1-Year 60m Candles)
2026-05-27 06:00,2026-05-27,6,Copper,HG=F,6.399,6.41,6.341,6.349,2252,-0.7799999999999999,-0.05,-0.056,USD/lb,Authentic Futures Market Feed (1-Year 60m Candles)
2026-05-27 07:00,2026-05-27,7,Copper,HG=F,6.35,6.369,6.334,6.341,2311,-0.13,-0.009,0.041,USD/lb,Authentic Futures Market Feed (1-Year 60m Candles)
2026-05-27 08:00,2026-05-27,8,Copper,HG=F,6.344,6.415,6.344,6.378,6019,0.58,0.034,0.043,USD/lb,Authentic Futures Market Feed (1-Year 60m Candles)
2026-05-27 09:00,2026-05-27,9,Copper,HG=F,6.378,6.393,6.36,6.371,5345,-0.11,-0.007,-0.041,USD/lb,Authentic Futures Market Feed (1-Year 60m Candles)
2026-05-27 10:00,2026-05-27,10,Copper,HG=F,6.372,6.386,6.341,6.343,3984,-0.44,-0.029,-0.022,USD/lb,Authentic Futures Market Feed (1-Year 60m Candles)
2026-05-27 11:00,2026-05-27,11,Copper,HG=F,6.343,6.348,6.326,6.327,4105,-0.25,-0.016,0.013,USD/lb,Authentic Futures Market Feed (1-Year 60m Candles)
2026-05-27 12:00,2026-05-27,12,Copper,HG=F,6.327,6.35,6.327,6.338,3771,0.16999999999999998,0.011,0.027,USD/lb,Authentic Futures Market Feed (1-Year 60m Candles)
2026-05-27 13:00,2026-05-27,13,Copper,HG=F,6.337,6.34,6.311,6.319,1620,-0.3,-0.018,-0.029,USD/lb,Authentic Futures Market Feed (1-Year 60m Candles)
2026-05-27 14:00,2026-05-27,14,Copper,HG=F,6.319,6.334,6.318,6.326,1532,0.11,0.007,0.025,USD/lb,Authentic Futures Market Feed (1-Year 60m Candles)
2026-05-27 15:00,2026-05-27,15,Copper,HG=F,6.327,6.337,6.325,6.332,432,0.09,0.005,-0.002,USD/lb,Authentic Futures Market Feed (1-Year 60m Candles)
2026-05-27 16:00,2026-05-27,16,Copper,HG=F,6.332,6.343,6.331,6.338,578,0.09,0.006,0.001,USD/lb,Authentic Futures Market Feed (1-Year 60m Candles)
2026-05-27 18:00,2026-05-27,18,Copper,HG=F,6.337,6.342,6.33,6.334,0,-0.06,-0.003,-0.009,USD/lb,Authentic Futures Market Feed (1-Year 60m Candles)
2026-05-27 19:00,2026-05-27,19,Copper,HG=F,6.335,6.34,6.326,6.329,180,-0.08,-0.006,-0.003,USD/lb,Authentic Futures Market Feed (1-Year 60m Candles)
2026-05-27 20:00,2026-05-27,20,Copper,HG=F,6.328,6.349,6.326,6.348,363,0.3,0.02,0.026,USD/lb,Authentic Futures Market Feed (1-Year 60m Candles)
2026-05-27 21:00,2026-05-27,21,Copper,HG=F,6.348,6.352,6.284,6.285,1592,-0.9900000000000001,-0.063,-0.083,USD/lb,Authentic Futures Market Feed (1-Year 60m Candles)
2026-05-27 22:00,2026-05-27,22,Copper,HG=F,6.284,6.308,6.277,6.294,1087,0.13999999999999999,0.01,0.073,USD/lb,Authentic Futures Market Feed (1-Year 60m Candles)
2026-05-27 23:00,2026-05-27,23,Copper,HG=F,6.294,6.305,6.254,6.262,1061,-0.51,-0.032,-0.042,USD/lb,Authentic Futures Market Feed (1-Year 60m Candles)
2026-05-28 00:00,2026-05-28,0,Copper,HG=F,6.262,6.266,6.242,6.253,818,-0.13999999999999999,-0.009,0.023,USD/lb,Authentic Futures Market Feed (1-Year 60m Candles)
2026-05-28 01:00,2026-05-28,1,Copper,HG=F,6.254,6.305,6.242,6.296,1550,0.69,0.042,0.051,USD/lb,Authentic Futures Market Feed (1-Year 60m Candles)
2026-05-28 02:00,2026-05-28,2,Copper,HG=F,6.295,6.313,6.274,6.31,1497,0.22,0.015,-0.027,USD/lb,Authentic Futures Market Feed (1-Year 60m Candles)
2026-05-28 03:00,2026-05-28,3,Copper,HG=F,6.311,6.328,6.304,6.327,981,0.27,0.016,0.001,USD/lb,Authentic Futures Market Feed (1-Year 60m Candles)
2026-05-28 04:00,2026-05-28,4,Copper,HG=F,6.326,6.339,6.32,6.336,1416,0.13999999999999999,0.01,-0.006,USD/lb,Authentic Futures Market Feed (1-Year 60m Candles)
2026-05-28 05:00,2026-05-28,5,Copper,HG=F,6.334,6.345,6.332,6.339,607,0.05,0.005,-0.005,USD/lb,Authentic Futures Market Feed (1-Year 60m Candles)
2026-05-28 06:00,2026-05-28,6,Copper,HG=F,6.338,6.339,6.312,6.319,630,-0.32,-0.019,-0.024,USD/lb,Authentic Futures Market Feed (1-Year 60m Candles)
2026-05-28 07:00,2026-05-28,7,Copper,HG=F,6.319,6.332,6.319,6.332,924,0.21,0.013,0.032,USD/lb,Authentic Futures Market Feed (1-Year 60m Candles)
2026-05-28 08:00,2026-05-28,8,Copper,HG=F,6.331,6.364,6.322,6.362,2972,0.47000000000000003,0.031,0.018,USD/lb,Authentic Futures Market Feed (1-Year 60m Candles)
2026-05-28 09:00,2026-05-28,9,Copper,HG=F,6.363,6.367,6.328,6.339,3555,-0.36,-0.024,-0.055,USD/lb,Authentic Futures Market Feed (1-Year 60m Candles)
2026-05-28 10:00,2026-05-28,10,Copper,HG=F,6.338,6.386,6.334,6.372,5185,0.52,0.034,0.058,USD/lb,Authentic Futures Market Feed (1-Year 60m Candles)
2026-05-28 11:00,2026-05-28,11,Copper,HG=F,6.373,6.408,6.372,6.404,3439,0.5,0.031,-0.003,USD/lb,Authentic Futures Market Feed (1-Year 60m Candles)
2026-05-28 12:00,2026-05-28,12,Copper,HG=F,6.404,6.43,6.403,6.427,4801,0.36,0.023,-0.008,USD/lb,Authentic Futures Market Feed (1-Year 60m Candles)
2026-05-28 13:00,2026-05-28,13,Copper,HG=F,6.427,6.432,6.424,6.427,1472,0.0,0.0,-0.023,USD/lb,Authentic Futures Market Feed (1-Year 60m Candles)
2026-05-28 14:00,2026-05-28,14,Copper,HG=F,6.426,6.431,6.418,6.422,852,-0.08,-0.004,-0.004,USD/lb,Authentic Futures Market Feed (1-Year 60m Candles)
2026-05-28 15:00,2026-05-28,15,Copper,HG=F,6.421,6.425,6.418,6.419,398,-0.05,-0.002,0.002,USD/lb,Authentic Futures Market Feed (1-Year 60m Candles)
2026-05-28 16:00,2026-05-28,16,Copper,HG=F,6.418,6.428,6.416,6.424,438,0.08,0.006,0.008,USD/lb,Authentic Futures Market Feed (1-Year 60m Candles)
2026-05-28 18:00,2026-05-28,18,Copper,HG=F,6.425,6.425,6.418,6.418,0,-0.09,-0.007,-0.013,USD/lb,Authentic Futures Market Feed (1-Year 60m Candles)
2026-05-28 19:00,2026-05-28,19,Copper,HG=F,6.418,6.424,6.413,6.418,204,0.0,0.0,0.007,USD/lb,Authentic Futures Market Feed (1-Year 60m Candles)
2026-05-28 20:00,2026-05-28,20,Copper,HG=F,6.418,6.427,6.406,6.41,481,-0.12,-0.008,-0.008,USD/lb,Authentic Futures Market Feed (1-Year 60m Candles)
2026-05-28 21:00,2026-05-28,21,Copper,HG=F,6.411,6.44,6.41,6.424,882,0.22,0.013,0.021,USD/lb,Authentic Futures Market Feed (1-Year 60m Candles)
2026-05-28 22:00,2026-05-28,22,Copper,HG=F,6.424,6.431,6.413,6.416,483,-0.12,-0.008,-0.021,USD/lb,Authentic Futures Market Feed (1-Year 60m Candles)
2026-05-28 23:00,2026-05-28,23,Copper,HG=F,6.416,6.423,6.409,6.413,469,-0.05,-0.003,0.005,USD/lb,Authentic Futures Market Feed (1-Year 60m Candles)
2026-05-29 00:00,2026-05-29,0,Copper,HG=F,6.415,6.419,6.411,6.418,221,0.08,0.003,0.006,USD/lb,Authentic Futures Market Feed (1-Year 60m Candles)
2026-05-29 01:00,2026-05-29,1,Copper,HG=F,6.419,6.425,6.402,6.41,596,-0.12,-0.009,-0.012,USD/lb,Authentic Futures Market Feed (1-Year 60m Candles)
2026-05-29 02:00,2026-05-29,2,Copper,HG=F,6.41,6.425,6.39,6.423,1121,0.2,0.013,0.022,USD/lb,Authentic Futures Market Feed (1-Year 60m Candles)
2026-05-29 03:00,2026-05-29,3,Copper,HG=F,6.423,6.426,6.412,6.422,693,-0.02,-0.001,-0.014,USD/lb,Authentic Futures Market Feed (1-Year 60m Candles)
2026-05-29 04:00,2026-05-29,4,Copper,HG=F,6.421,6.422,6.388,6.391,1371,-0.48,-0.03,-0.029,USD/lb,Authentic Futures Market Feed (1-Year 60m Candles)
2026-05-29 05:00,2026-05-29,5,Copper,HG=F,6.391,6.414,6.391,6.404,652,0.2,0.013,0.043,USD/lb,Authentic Futures Market Feed (1-Year 60m Candles)
2026-05-29 06:00,2026-05-29,6,Copper,HG=F,6.404,6.404,6.39,6.398,416,-0.09,-0.006,-0.019,USD/lb,Authentic Futures Market Feed (1-Year 60m Candles)
2026-05-29 07:00,2026-05-29,7,Copper,HG=F,6.398,6.406,6.385,6.404,1246,0.09,0.006,0.012,USD/lb,Authentic Futures Market Feed (1-Year 60m Candles)
2026-05-29 08:00,2026-05-29,8,Copper,HG=F,6.403,6.405,6.376,6.4,3626,-0.06,-0.003,-0.009,USD/lb,Authentic Futures Market Feed (1-Year 60m Candles)
2026-05-29 09:00,2026-05-29,9,Copper,HG=F,6.4,6.408,6.387,6.398,3531,-0.03,-0.002,0.001,USD/lb,Authentic Futures Market Feed (1-Year 60m Candles)
2026-05-29 10:00,2026-05-29,10,Copper,HG=F,6.398,6.407,6.371,6.406,3442,0.13,0.008,0.01,USD/lb,Authentic Futures Market Feed (1-Year 60m Candles)
2026-05-29 11:00,2026-05-29,11,Copper,HG=F,6.407,6.437,6.399,6.401,2996,-0.08,-0.006,-0.014,USD/lb,Authentic Futures Market Feed (1-Year 60m Candles)
2026-05-29 12:00,2026-05-29,12,Copper,HG=F,6.403,6.403,6.385,6.387,3646,-0.22,-0.016,-0.01,USD/lb,Authentic Futures Market Feed (1-Year 60m Candles)
2026-05-29 13:00,2026-05-29,13,Copper,HG=F,6.388,6.391,6.374,6.374,1495,-0.2,-0.014,0.002,USD/lb,Authentic Futures Market Feed (1-Year 60m Candles)
2026-05-29 14:00,2026-05-29,14,Copper,HG=F,6.374,6.396,6.374,6.388,799,0.22,0.014,0.028,USD/lb,Authentic Futures Market Feed (1-Year 60m Candles)
2026-05-29 15:00,2026-05-29,15,Copper,HG=F,6.387,6.409,6.387,6.393,1420,0.08,0.006,-0.008,USD/lb,Authentic Futures Market Feed (1-Year 60m Candles)
2026-05-29 16:00,2026-05-29,16,Copper,HG=F,6.393,6.398,6.387,6.389,815,-0.06,-0.004,-0.01,USD/lb,Authentic Futures Market Feed (1-Year 60m Candles)
2026-05-31 18:00,2026-05-31,18,Copper,HG=F,6.389,6.405,6.389,6.4,144,0.16999999999999998,0.011,0.015,USD/lb,Authentic Futures Market Feed (1-Year 60m Candles)
2026-05-31 19:00,2026-05-31,19,Copper,HG=F,6.4,6.418,6.4,6.41,347,0.16,0.01,-0.001,USD/lb,Authentic Futures Market Feed (1-Year 60m Candles)
2026-05-31 20:00,2026-05-31,20,Copper,HG=F,6.409,6.429,6.408,6.424,720,0.22,0.015,0.005,USD/lb,Authentic Futures Market Feed (1-Year 60m Candles)
2026-05-31 21:00,2026-05-31,21,Copper,HG=F,6.426,6.453,6.42,6.45,1279,0.4,0.024,0.009,USD/lb,Authentic Futures Market Feed (1-Year 60m Candles)
2026-05-31 22:00,2026-05-31,22,Copper,HG=F,6.451,6.466,6.442,6.448,725,-0.03,-0.003,-0.027,USD/lb,Authentic Futures Market Feed (1-Year 60m Candles)
2026-05-31 23:00,2026-05-31,23,Copper,HG=F,6.449,6.454,6.434,6.439,459,-0.13999999999999999,-0.01,-0.007,USD/lb,Authentic Futures Market Feed (1-Year 60m Candles)
2026-06-01 00:00,2026-06-01,0,Copper,HG=F,6.438,6.456,6.437,6.456,234,0.26,0.018,0.028,USD/lb,Authentic Futures Market Feed (1-Year 60m Candles)
2026-06-01 01:00,2026-06-01,1,Copper,HG=F,6.456,6.468,6.444,6.452,681,-0.06,-0.004,-0.022,USD/lb,Authentic Futures Market Feed (1-Year 60m Candles)
2026-06-01 02:00,2026-06-01,2,Copper,HG=F,6.454,6.457,6.436,6.439,700,-0.2,-0.015,-0.011,USD/lb,Authentic Futures Market Feed (1-Year 60m Candles)
2026-06-01 03:00,2026-06-01,3,Copper,HG=F,6.438,6.489,6.431,6.488,2433,0.76,0.05,0.065,USD/lb,Authentic Futures Market Feed (1-Year 60m Candles)
2026-06-01 04:00,2026-06-01,4,Copper,HG=F,6.489,6.519,6.479,6.51,4061,0.33999999999999997,0.021,-0.029,USD/lb,Authentic Futures Market Feed (1-Year 60m Candles)
2026-06-01 05:00,2026-06-01,5,Copper,HG=F,6.51,6.556,6.509,6.551,4726,0.63,0.041,0.02,USD/lb,Authentic Futures Market Feed (1-Year 60m Candles)
2026-06-01 06:00,2026-06-01,6,Copper,HG=F,6.551,6.558,6.542,6.548,2358,-0.05,-0.003,-0.044,USD/lb,Authentic Futures Market Feed (1-Year 60m Candles)
2026-06-01 07:00,2026-06-01,7,Copper,HG=F,6.548,6.581,6.534,6.577,4205,0.44,0.029,0.032,USD/lb,Authentic Futures Market Feed (1-Year 60m Candles)
2026-06-01 08:00,2026-06-01,8,Copper,HG=F,6.577,6.581,6.541,6.544,6771,-0.5,-0.033,-0.062,USD/lb,Authentic Futures Market Feed (1-Year 60m Candles)
2026-06-01 09:00,2026-06-01,9,Copper,HG=F,6.544,6.546,6.463,6.475,6233,-1.05,-0.069,-0.036,USD/lb,Authentic Futures Market Feed (1-Year 60m Candles)
2026-06-01 10:00,2026-06-01,10,Copper,HG=F,6.474,6.516,6.472,6.513,6562,0.59,0.039,0.108,USD/lb,Authentic Futures Market Feed (1-Year 60m Candles)
2026-06-01 11:00,2026-06-01,11,Copper,HG=F,6.514,6.562,6.51,6.542,5274,0.44999999999999996,0.028,-0.011,USD/lb,Authentic Futures Market Feed (1-Year 60m Candles)
2026-06-01 12:00,2026-06-01,12,Copper,HG=F,6.542,6.563,6.529,6.549,4266,0.11,0.007,-0.021,USD/lb,Authentic Futures Market Feed (1-Year 60m Candles)
2026-06-01 13:00,2026-06-01,13,Copper,HG=F,6.549,6.58,6.542,6.576,4965,0.41000000000000003,0.027,0.02,USD/lb,Authentic Futures Market Feed (1-Year 60m Candles)
2026-06-01 14:00,2026-06-01,14,Copper,HG=F,6.576,6.585,6.573,6.576,881,0.0,0.0,-0.027,USD/lb,Authentic Futures Market Feed (1-Year 60m Candles)
2026-06-01 15:00,2026-06-01,15,Copper,HG=F,6.576,6.578,6.564,6.568,907,-0.12,-0.008,-0.008,USD/lb,Authentic Futures Market Feed (1-Year 60m Candles)
2026-06-01 16:00,2026-06-01,16,Copper,HG=F,6.567,6.571,6.559,6.57,716,0.03,0.003,0.011,USD/lb,Authentic Futures Market Feed (1-Year 60m Candles)
2026-06-01 18:00,2026-06-01,18,Copper,HG=F,6.564,6.57,6.557,6.567,0,-0.05,0.003,0.0,USD/lb,Authentic Futures Market Feed (1-Year 60m Candles)
2026-06-01 19:00,2026-06-01,19,Copper,HG=F,6.567,6.572,6.563,6.568,334,0.02,0.001,-0.002,USD/lb,Authentic Futures Market Feed (1-Year 60m Candles)
2026-06-01 20:00,2026-06-01,20,Copper,HG=F,6.57,6.571,6.554,6.554,698,-0.21,-0.016,-0.017,USD/lb,Authentic Futures Market Feed (1-Year 60m Candles)
2026-06-01 21:00,2026-06-01,21,Copper,HG=F,6.554,6.6,6.528,6.542,3496,-0.18,-0.012,0.004,USD/lb,Authentic Futures Market Feed (1-Year 60m Candles)
2026-06-01 22:00,2026-06-01,22,Copper,HG=F,6.54,6.585,6.538,6.573,1051,0.47000000000000003,0.033,0.045,USD/lb,Authentic Futures Market Feed (1-Year 60m Candles)
2026-06-01 23:00,2026-06-01,23,Copper,HG=F,6.575,6.576,6.556,6.566,351,-0.11,-0.009,-0.042,USD/lb,Authentic Futures Market Feed (1-Year 60m Candles)
2026-06-02 00:00,2026-06-02,0,Copper,HG=F,6.567,6.577,6.562,6.576,657,0.15,0.009,0.018,USD/lb,Authentic Futures Market Feed (1-Year 60m Candles)
2026-06-02 01:00,2026-06-02,1,Copper,HG=F,6.576,6.622,6.574,6.608,1649,0.49,0.032,0.023,USD/lb,Authentic Futures Market Feed (1-Year 60m Candles)
2026-06-02 02:00,2026-06-02,2,Copper,HG=F,6.608,6.628,6.594,6.627,1355,0.29,0.019,-0.013,USD/lb,Authentic Futures Market Feed (1-Year 60m Candles)
2026-06-02 03:00,2026-06-02,3,Copper,HG=F,6.626,6.644,6.624,6.641,1537,0.21,0.015,-0.004,USD/lb,Authentic Futures Market Feed (1-Year 60m Candles)
2026-06-02 04:00,2026-06-02,4,Copper,HG=F,6.64,6.649,6.633,6.634,1414,-0.11,-0.006,-0.021,USD/lb,Authentic Futures Market Feed (1-Year 60m Candles)
2026-06-02 05:00,2026-06-02,5,Copper,HG=F,6.634,6.635,6.612,6.613,1183,-0.32,-0.021,-0.015,USD/lb,Authentic Futures Market Feed (1-Year 60m Candles)
2026-06-02 06:00,2026-06-02,6,Copper,HG=F,6.613,6.621,6.611,6.613,942,0.0,0.0,0.021,USD/lb,Authentic Futures Market Feed (1-Year 60m Candles)
2026-06-02 07:00,2026-06-02,7,Copper,HG=F,6.613,6.648,6.607,6.641,1797,0.42,0.028,0.028,USD/lb,Authentic Futures Market Feed (1-Year 60m Candles)
2026-06-02 08:00,2026-06-02,8,Copper,HG=F,6.641,6.653,6.637,6.641,3033,0.0,0.0,-0.028,USD/lb,Authentic Futures Market Feed (1-Year 60m Candles)
2026-06-02 09:00,2026-06-02,9,Copper,HG=F,6.642,6.679,6.634,6.661,6420,0.3,0.019,0.019,USD/lb,Authentic Futures Market Feed (1-Year 60m Candles)
2026-06-02 10:00,2026-06-02,10,Copper,HG=F,6.66,6.691,6.65,6.668,4900,0.11,0.008,-0.011,USD/lb,Authentic Futures Market Feed (1-Year 60m Candles)
2026-06-02 11:00,2026-06-02,11,Copper,HG=F,6.67,6.695,6.659,6.695,3456,0.4,0.025,0.017,USD/lb,Authentic Futures Market Feed (1-Year 60m Candles)
2026-06-02 12:00,2026-06-02,12,Copper,HG=F,6.696,6.698,6.674,6.675,5137,-0.3,-0.021,-0.046,USD/lb,Authentic Futures Market Feed (1-Year 60m Candles)
2026-06-02 13:00,2026-06-02,13,Copper,HG=F,6.675,6.677,6.652,6.656,1696,-0.27999999999999997,-0.019,0.002,USD/lb,Authentic Futures Market Feed (1-Year 60m Candles)
2026-06-02 14:00,2026-06-02,14,Copper,HG=F,6.657,6.662,6.654,6.661,511,0.08,0.004,0.023,USD/lb,Authentic Futures Market Feed (1-Year 60m Candles)
2026-06-02 15:00,2026-06-02,15,Copper,HG=F,6.661,6.673,6.661,6.673,1160,0.18,0.012,0.008,USD/lb,Authentic Futures Market Feed (1-Year 60m Candles)
2026-06-02 16:00,2026-06-02,16,Copper,HG=F,6.672,6.679,6.669,6.677,374,0.06,0.005,-0.007,USD/lb,Authentic Futures Market Feed (1-Year 60m Candles)
2026-06-02 18:00,2026-06-02,18,Copper,HG=F,6.682,6.683,6.666,6.666,0,-0.16,-0.016,-0.021,USD/lb,Authentic Futures Market Feed (1-Year 60m Candles)
2026-06-02 19:00,2026-06-02,19,Copper,HG=F,6.667,6.668,6.644,6.666,519,0.0,-0.001,0.015,USD/lb,Authentic Futures Market Feed (1-Year 60m Candles)
2026-06-02 20:00,2026-06-02,20,Copper,HG=F,6.665,6.681,6.66,6.681,653,0.22999999999999998,0.016,0.017,USD/lb,Authentic Futures Market Feed (1-Year 60m Candles)
2026-06-02 21:00,2026-06-02,21,Copper,HG=F,6.681,6.684,6.639,6.661,1539,-0.3,-0.02,-0.036,USD/lb,Authentic Futures Market Feed (1-Year 60m Candles)
2026-06-02 22:00,2026-06-02,22,Copper,HG=F,6.661,6.666,6.649,6.655,683,-0.09,-0.006,0.014,USD/lb,Authentic Futures Market Feed (1-Year 60m Candles)
2026-06-02 23:00,2026-06-02,23,Copper,HG=F,6.656,6.673,6.654,6.667,460,0.18,0.011,0.017,USD/lb,Authentic Futures Market Feed (1-Year 60m Candles)
2026-06-03 00:00,2026-06-03,0,Copper,HG=F,6.666,6.673,6.654,6.655,329,-0.18,-0.011,-0.022,USD/lb,Authentic Futures Market Feed (1-Year 60m Candles)
2026-06-03 01:00,2026-06-03,1,Copper,HG=F,6.653,6.659,6.635,6.635,880,-0.3,-0.018,-0.007,USD/lb,Authentic Futures Market Feed (1-Year 60m Candles)
2026-06-03 02:00,2026-06-03,2,Copper,HG=F,6.635,6.646,6.587,6.604,2309,-0.47000000000000003,-0.031,-0.013,USD/lb,Authentic Futures Market Feed (1-Year 60m Candles)
2026-06-03 03:00,2026-06-03,3,Copper,HG=F,6.603,6.609,6.567,6.579,2876,-0.38,-0.024,0.007,USD/lb,Authentic Futures Market Feed (1-Year 60m Candles)
2026-06-03 04:00,2026-06-03,4,Copper,HG=F,6.58,6.601,6.57,6.598,1183,0.29,0.018,0.042,USD/lb,Authentic Futures Market Feed (1-Year 60m Candles)
2026-06-03 05:00,2026-06-03,5,Copper,HG=F,6.598,6.607,6.595,6.597,943,-0.02,-0.001,-0.019,USD/lb,Authentic Futures Market Feed (1-Year 60m Candles)
2026-06-03 06:00,2026-06-03,6,Copper,HG=F,6.598,6.63,6.597,6.61,2767,0.2,0.012,0.013,USD/lb,Authentic Futures Market Feed (1-Year 60m Candles)
2026-06-03 07:00,2026-06-03,7,Copper,HG=F,6.613,6.619,6.604,6.609,2453,-0.02,-0.004,-0.016,USD/lb,Authentic Futures Market Feed (1-Year 60m Candles)
2026-06-03 08:00,2026-06-03,8,Copper,HG=F,6.608,6.615,6.563,6.579,3351,-0.44999999999999996,-0.029,-0.025,USD/lb,Authentic Futures Market Feed (1-Year 60m Candles)
2026-06-03 09:00,2026-06-03,9,Copper,HG=F,6.578,6.585,6.499,6.525,6539,-0.8200000000000001,-0.053,-0.024,USD/lb,Authentic Futures Market Feed (1-Year 60m Candles)
2026-06-03 10:00,2026-06-03,10,Copper,HG=F,6.524,6.548,6.52,6.547,4706,0.33999999999999997,0.023,0.076,USD/lb,Authentic Futures Market Feed (1-Year 60m Candles)
2026-06-03 11:00,2026-06-03,11,Copper,HG=F,6.548,6.622,6.507,6.514,10022,-0.5,-0.034,-0.057,USD/lb,Authentic Futures Market Feed (1-Year 60m Candles)
2026-06-03 12:00,2026-06-03,12,Copper,HG=F,6.514,6.518,6.495,6.509,5407,-0.08,-0.005,0.029,USD/lb,Authentic Futures Market Feed (1-Year 60m Candles)
2026-06-03 13:00,2026-06-03,13,Copper,HG=F,6.51,6.513,6.497,6.5,2010,-0.13999999999999999,-0.01,-0.005,USD/lb,Authentic Futures Market Feed (1-Year 60m Candles)
2026-06-03 14:00,2026-06-03,14,Copper,HG=F,6.499,6.501,6.487,6.494,1056,-0.09,-0.005,0.005,USD/lb,Authentic Futures Market Feed (1-Year 60m Candles)
2026-06-03 15:00,2026-06-03,15,Copper,HG=F,6.493,6.501,6.487,6.489,857,-0.08,-0.004,0.001,USD/lb,Authentic Futures Market Feed (1-Year 60m Candles)
2026-06-03 16:00,2026-06-03,16,Copper,HG=F,6.489,6.49,6.472,6.484,607,-0.08,-0.005,-0.001,USD/lb,Authentic Futures Market Feed (1-Year 60m Candles)
2026-06-03 18:00,2026-06-03,18,Copper,HG=F,6.482,6.49,6.473,6.486,0,0.03,0.004,0.009,USD/lb,Authentic Futures Market Feed (1-Year 60m Candles)
2026-06-03 19:00,2026-06-03,19,Copper,HG=F,6.488,6.497,6.484,6.495,464,0.13999999999999999,0.007,0.003,USD/lb,Authentic Futures Market Feed (1-Year 60m Candles)
2026-06-03 20:00,2026-06-03,20,Copper,HG=F,6.494,6.499,6.486,6.496,726,0.02,0.002,-0.005,USD/lb,Authentic Futures Market Feed (1-Year 60m Candles)
2026-06-03 21:00,2026-06-03,21,Copper,HG=F,6.495,6.495,6.43,6.45,2058,-0.7100000000000001,-0.045,-0.047,USD/lb,Authentic Futures Market Feed (1-Year 60m Candles)
2026-06-03 22:00,2026-06-03,22,Copper,HG=F,6.449,6.465,6.448,6.459,806,0.13999999999999999,0.01,0.055,USD/lb,Authentic Futures Market Feed (1-Year 60m Candles)
2026-06-03 23:00,2026-06-03,23,Copper,HG=F,6.461,6.471,6.453,6.464,690,0.08,0.003,-0.007,USD/lb,Authentic Futures Market Feed (1-Year 60m Candles)
2026-06-04 00:00,2026-06-04,0,Copper,HG=F,6.468,6.48,6.464,6.471,443,0.11,0.003,0.0,USD/lb,Authentic Futures Market Feed (1-Year 60m Candles)
2026-06-04 01:00,2026-06-04,1,Copper,HG=F,6.471,6.471,6.437,6.444,827,-0.42,-0.027,-0.03,USD/lb,Authentic Futures Market Feed (1-Year 60m Candles)
2026-06-04 02:00,2026-06-04,2,Copper,HG=F,6.442,6.46,6.42,6.442,1476,-0.03,0.0,0.027,USD/lb,Authentic Futures Market Feed (1-Year 60m Candles)
2026-06-04 03:00,2026-06-04,3,Copper,HG=F,6.44,6.464,6.438,6.463,874,0.33,0.023,0.023,USD/lb,Authentic Futures Market Feed (1-Year 60m Candles)
2026-06-04 04:00,2026-06-04,4,Copper,HG=F,6.462,6.496,6.462,6.488,2203,0.38999999999999996,0.026,0.003,USD/lb,Authentic Futures Market Feed (1-Year 60m Candles)
2026-06-04 05:00,2026-06-04,5,Copper,HG=F,6.487,6.525,6.477,6.52,1448,0.49,0.033,0.007,USD/lb,Authentic Futures Market Feed (1-Year 60m Candles)
2026-06-04 06:00,2026-06-04,6,Copper,HG=F,6.519,6.521,6.505,6.51,1217,-0.15,-0.009,-0.042,USD/lb,Authentic Futures Market Feed (1-Year 60m Candles)
2026-06-04 07:00,2026-06-04,7,Copper,HG=F,6.511,6.541,6.508,6.534,1764,0.37,0.023,0.032,USD/lb,Authentic Futures Market Feed (1-Year 60m Candles)
2026-06-04 08:00,2026-06-04,8,Copper,HG=F,6.534,6.537,6.514,6.522,2640,-0.18,-0.012,-0.035,USD/lb,Authentic Futures Market Feed (1-Year 60m Candles)
2026-06-04 09:00,2026-06-04,9,Copper,HG=F,6.522,6.562,6.515,6.537,4108,0.22999999999999998,0.015,0.027,USD/lb,Authentic Futures Market Feed (1-Year 60m Candles)
2026-06-04 10:00,2026-06-04,10,Copper,HG=F,6.537,6.54,6.51,6.527,3244,-0.15,-0.01,-0.025,USD/lb,Authentic Futures Market Feed (1-Year 60m Candles)
2026-06-04 11:00,2026-06-04,11,Copper,HG=F,6.527,6.543,6.524,6.533,2547,0.09,0.006,0.016,USD/lb,Authentic Futures Market Feed (1-Year 60m Candles)
2026-06-04 12:00,2026-06-04,12,Copper,HG=F,6.534,6.541,6.523,6.535,5986,0.03,0.001,-0.005,USD/lb,Authentic Futures Market Feed (1-Year 60m Candles)
2026-06-04 13:00,2026-06-04,13,Copper,HG=F,6.536,6.55,6.529,6.547,1411,0.18,0.011,0.01,USD/lb,Authentic Futures Market Feed (1-Year 60m Candles)
2026-06-04 14:00,2026-06-04,14,Copper,HG=F,6.545,6.552,6.543,6.547,838,0.0,0.002,-0.009,USD/lb,Authentic Futures Market Feed (1-Year 60m Candles)
2026-06-04 15:00,2026-06-04,15,Copper,HG=F,6.547,6.548,6.535,6.537,359,-0.15,-0.01,-0.012,USD/lb,Authentic Futures Market Feed (1-Year 60m Candles)
2026-06-04 16:00,2026-06-04,16,Copper,HG=F,6.536,6.537,6.527,6.53,265,-0.11,-0.006,0.004,USD/lb,Authentic Futures Market Feed (1-Year 60m Candles)
2026-06-04 18:00,2026-06-04,18,Copper,HG=F,6.536,6.537,6.518,6.525,0,-0.08,-0.011,-0.005,USD/lb,Authentic Futures Market Feed (1-Year 60m Candles)
2026-06-04 19:00,2026-06-04,19,Copper,HG=F,6.527,6.529,6.508,6.512,451,-0.2,-0.015,-0.004,USD/lb,Authentic Futures Market Feed (1-Year 60m Candles)
2026-06-04 20:00,2026-06-04,20,Copper,HG=F,6.511,6.513,6.474,6.476,1317,-0.5499999999999999,-0.035,-0.02,USD/lb,Authentic Futures Market Feed (1-Year 60m Candles)
2026-06-04 21:00,2026-06-04,21,Copper,HG=F,6.475,6.476,6.424,6.445,1837,-0.48,-0.03,0.005,USD/lb,Authentic Futures Market Feed (1-Year 60m Candles)
2026-06-04 22:00,2026-06-04,22,Copper,HG=F,6.444,6.465,6.43,6.431,1357,-0.22,-0.013,0.017,USD/lb,Authentic Futures Market Feed (1-Year 60m Candles)
2026-06-04 23:00,2026-06-04,23,Copper,HG=F,6.431,6.437,6.411,6.428,1162,-0.05,-0.003,0.01,USD/lb,Authentic Futures Market Feed (1-Year 60m Candles)
2026-06-05 00:00,2026-06-05,0,Copper,HG=F,6.43,6.438,6.427,6.436,342,0.12,0.006,0.009,USD/lb,Authentic Futures Market Feed (1-Year 60m Candles)
2026-06-05 01:00,2026-06-05,1,Copper,HG=F,6.435,6.44,6.422,6.425,844,-0.16999999999999998,-0.01,-0.016,USD/lb,Authentic Futures Market Feed (1-Year 60m Candles)
2026-06-05 02:00,2026-06-05,2,Copper,HG=F,6.426,6.43,6.405,6.421,2664,-0.06,-0.005,0.005,USD/lb,Authentic Futures Market Feed (1-Year 60m Candles)
2026-06-05 03:00,2026-06-05,3,Copper,HG=F,6.42,6.423,6.396,6.417,1704,-0.06,-0.003,0.002,USD/lb,Authentic Futures Market Feed (1-Year 60m Candles)
2026-06-05 04:00,2026-06-05,4,Copper,HG=F,6.416,6.425,6.399,6.412,1447,-0.08,-0.004,-0.001,USD/lb,Authentic Futures Market Feed (1-Year 60m Candles)
2026-06-05 05:00,2026-06-05,5,Copper,HG=F,6.411,6.431,6.41,6.427,1713,0.22999999999999998,0.016,0.02,USD/lb,Authentic Futures Market Feed (1-Year 60m Candles)
2026-06-05 06:00,2026-06-05,6,Copper,HG=F,6.428,6.446,6.424,6.439,1246,0.19,0.011,-0.005,USD/lb,Authentic Futures Market Feed (1-Year 60m Candles)
2026-06-05 07:00,2026-06-05,7,Copper,HG=F,6.44,6.448,6.43,6.446,1670,0.11,0.006,-0.005,USD/lb,Authentic Futures Market Feed (1-Year 60m Candles)
2026-06-05 08:00,2026-06-05,8,Copper,HG=F,6.445,6.465,6.38,6.384,4141,-0.96,-0.061,-0.067,USD/lb,Authentic Futures Market Feed (1-Year 60m Candles)
2026-06-05 09:00,2026-06-05,9,Copper,HG=F,6.383,6.398,6.341,6.343,5989,-0.64,-0.04,0.021,USD/lb,Authentic Futures Market Feed (1-Year 60m Candles)
2026-06-05 10:00,2026-06-05,10,Copper,HG=F,6.342,6.352,6.315,6.33,7127,-0.2,-0.012,0.028,USD/lb,Authentic Futures Market Feed (1-Year 60m Candles)
2026-06-05 11:00,2026-06-05,11,Copper,HG=F,6.329,6.337,6.282,6.283,7705,-0.74,-0.046,-0.034,USD/lb,Authentic Futures Market Feed (1-Year 60m Candles)
2026-06-05 12:00,2026-06-05,12,Copper,HG=F,6.283,6.292,6.268,6.288,11149,0.08,0.005,0.051,USD/lb,Authentic Futures Market Feed (1-Year 60m Candles)
2026-06-05 13:00,2026-06-05,13,Copper,HG=F,6.289,6.297,6.277,6.286,2783,-0.03,-0.003,-0.008,USD/lb,Authentic Futures Market Feed (1-Year 60m Candles)
2026-06-05 14:00,2026-06-05,14,Copper,HG=F,6.286,6.287,6.258,6.272,1575,-0.22,-0.014,-0.011,USD/lb,Authentic Futures Market Feed (1-Year 60m Candles)
2026-06-05 15:00,2026-06-05,15,Copper,HG=F,6.271,6.273,6.253,6.263,1292,-0.13999999999999999,-0.008,0.006,USD/lb,Authentic Futures Market Feed (1-Year 60m Candles)
2026-06-05 16:00,2026-06-05,16,Copper,HG=F,6.262,6.285,6.247,6.285,1093,0.35000000000000003,0.023,0.031,USD/lb,Authentic Futures Market Feed (1-Year 60m Candles)
2026-06-07 18:00,2026-06-07,18,Copper,HG=F,6.238,6.267,6.236,6.237,648,-0.76,-0.001,-0.024,USD/lb,Authentic Futures Market Feed (1-Year 60m Candles)
2026-06-07 19:00,2026-06-07,19,Copper,HG=F,6.238,6.271,6.235,6.266,904,0.45999999999999996,0.028,0.029,USD/lb,Authentic Futures Market Feed (1-Year 60m Candles)
2026-06-07 20:00,2026-06-07,20,Copper,HG=F,6.267,6.287,6.265,6.284,1441,0.29,0.017,-0.011,USD/lb,Authentic Futures Market Feed (1-Year 60m Candles)
2026-06-07 21:00,2026-06-07,21,Copper,HG=F,6.282,6.287,6.246,6.286,1826,0.03,0.004,-0.013,USD/lb,Authentic Futures Market Feed (1-Year 60m Candles)
2026-06-07 22:00,2026-06-07,22,Copper,HG=F,6.286,6.306,6.282,6.294,992,0.13,0.008,0.004,USD/lb,Authentic Futures Market Feed (1-Year 60m Candles)
2026-06-07 23:00,2026-06-07,23,Copper,HG=F,6.295,6.298,6.282,6.291,284,-0.05,-0.004,-0.012,USD/lb,Authentic Futures Market Feed (1-Year 60m Candles)
2026-06-08 00:00,2026-06-08,0,Copper,HG=F,6.293,6.296,6.268,6.273,362,-0.29,-0.02,-0.016,USD/lb,Authentic Futures Market Feed (1-Year 60m Candles)
2026-06-08 01:00,2026-06-08,1,Copper,HG=F,6.272,6.275,6.249,6.26,1445,-0.21,-0.012,0.008,USD/lb,Authentic Futures Market Feed (1-Year 60m Candles)
2026-06-08 02:00,2026-06-08,2,Copper,HG=F,6.26,6.295,6.26,6.287,2074,0.43,0.027,0.039,USD/lb,Authentic Futures Market Feed (1-Year 60m Candles)
2026-06-08 03:00,2026-06-08,3,Copper,HG=F,6.286,6.302,6.273,6.293,1241,0.1,0.007,-0.02,USD/lb,Authentic Futures Market Feed (1-Year 60m Candles)
2026-06-08 04:00,2026-06-08,4,Copper,HG=F,6.293,6.327,6.293,6.317,2282,0.38,0.024,0.017,USD/lb,Authentic Futures Market Feed (1-Year 60m Candles)
2026-06-08 05:00,2026-06-08,5,Copper,HG=F,6.316,6.339,6.31,6.327,1840,0.16,0.011,-0.013,USD/lb,Authentic Futures Market Feed (1-Year 60m Candles)
2026-06-08 06:00,2026-06-08,6,Copper,HG=F,6.328,6.357,6.318,6.339,1353,0.19,0.011,0.0,USD/lb,Authentic Futures Market Feed (1-Year 60m Candles)
2026-06-08 07:00,2026-06-08,7,Copper,HG=F,6.339,6.384,6.333,6.372,2848,0.52,0.033,0.022,USD/lb,Authentic Futures Market Feed (1-Year 60m Candles)
2026-06-08 08:00,2026-06-08,8,Copper,HG=F,6.372,6.397,6.37,6.388,4205,0.25,0.016,-0.017,USD/lb,Authentic Futures Market Feed (1-Year 60m Candles)
2026-06-08 09:00,2026-06-08,9,Copper,HG=F,6.389,6.39,6.359,6.359,5371,-0.44999999999999996,-0.03,-0.046,USD/lb,Authentic Futures Market Feed (1-Year 60m Candles)
2026-06-08 10:00,2026-06-08,10,Copper,HG=F,6.359,6.383,6.353,6.38,3426,0.33,0.021,0.051,USD/lb,Authentic Futures Market Feed (1-Year 60m Candles)
2026-06-08 11:00,2026-06-08,11,Copper,HG=F,6.381,6.383,6.36,6.364,2702,-0.25,-0.017,-0.038,USD/lb,Authentic Futures Market Feed (1-Year 60m Candles)
2026-06-08 12:00,2026-06-08,12,Copper,HG=F,6.363,6.369,6.347,6.347,5964,-0.27,-0.016,0.001,USD/lb,Authentic Futures Market Feed (1-Year 60m Candles)
2026-06-08 13:00,2026-06-08,13,Copper,HG=F,6.348,6.352,6.333,6.337,2457,-0.16,-0.011,0.005,USD/lb,Authentic Futures Market Feed (1-Year 60m Candles)
2026-06-08 14:00,2026-06-08,14,Copper,HG=F,6.338,6.348,6.335,6.336,497,-0.02,-0.002,0.009,USD/lb,Authentic Futures Market Feed (1-Year 60m Candles)
2026-06-08 15:00,2026-06-08,15,Copper,HG=F,6.336,6.341,6.326,6.336,1773,0.0,0.0,0.002,USD/lb,Authentic Futures Market Feed (1-Year 60m Candles)
2026-06-08 16:00,2026-06-08,16,Copper,HG=F,6.335,6.337,6.328,6.334,385,-0.03,-0.001,-0.001,USD/lb,Authentic Futures Market Feed (1-Year 60m Candles)
2026-06-08 18:00,2026-06-08,18,Copper,HG=F,6.339,6.35,6.328,6.336,0,0.03,-0.003,-0.002,USD/lb,Authentic Futures Market Feed (1-Year 60m Candles)
2026-06-08 19:00,2026-06-08,19,Copper,HG=F,6.335,6.34,6.321,6.324,200,-0.19,-0.011,-0.008,USD/lb,Authentic Futures Market Feed (1-Year 60m Candles)
2026-06-08 20:00,2026-06-08,20,Copper,HG=F,6.325,6.33,6.304,6.31,557,-0.22,-0.015,-0.004,USD/lb,Authentic Futures Market Feed (1-Year 60m Candles)
2026-06-08 21:00,2026-06-08,21,Copper,HG=F,6.31,6.345,6.3,6.344,1097,0.54,0.034,0.049,USD/lb,Authentic Futures Market Feed (1-Year 60m Candles)
2026-06-08 22:00,2026-06-08,22,Copper,HG=F,6.345,6.346,6.324,6.328,398,-0.25,-0.017,-0.051,USD/lb,Authentic Futures Market Feed (1-Year 60m Candles)
2026-06-08 23:00,2026-06-08,23,Copper,HG=F,6.327,6.338,6.311,6.326,881,-0.03,-0.001,0.016,USD/lb,Authentic Futures Market Feed (1-Year 60m Candles)
2026-06-09 00:00,2026-06-09,0,Copper,HG=F,6.325,6.337,6.315,6.332,412,0.09,0.007,0.008,USD/lb,Authentic Futures Market Feed (1-Year 60m Candles)
2026-06-09 01:00,2026-06-09,1,Copper,HG=F,6.333,6.365,6.323,6.356,1004,0.38,0.023,0.016,USD/lb,Authentic Futures Market Feed (1-Year 60m Candles)
2026-06-09 02:00,2026-06-09,2,Copper,HG=F,6.356,6.377,6.356,6.367,1079,0.16999999999999998,0.011,-0.012,USD/lb,Authentic Futures Market Feed (1-Year 60m Candles)
2026-06-09 03:00,2026-06-09,3,Copper,HG=F,6.367,6.387,6.366,6.379,949,0.19,0.012,0.001,USD/lb,Authentic Futures Market Feed (1-Year 60m Candles)
2026-06-09 04:00,2026-06-09,4,Copper,HG=F,6.379,6.427,6.37,6.419,2328,0.63,0.04,0.028,USD/lb,Authentic Futures Market Feed (1-Year 60m Candles)
2026-06-09 05:00,2026-06-09,5,Copper,HG=F,6.42,6.421,6.4,6.404,1163,-0.22999999999999998,-0.016,-0.056,USD/lb,Authentic Futures Market Feed (1-Year 60m Candles)
2026-06-09 06:00,2026-06-09,6,Copper,HG=F,6.404,6.43,6.383,6.428,1949,0.37,0.024,0.04,USD/lb,Authentic Futures Market Feed (1-Year 60m Candles)
2026-06-09 07:00,2026-06-09,7,Copper,HG=F,6.429,6.436,6.418,6.43,1569,0.03,0.001,-0.023,USD/lb,Authentic Futures Market Feed (1-Year 60m Candles)
2026-06-09 08:00,2026-06-09,8,Copper,HG=F,6.431,6.44,6.422,6.432,2142,0.03,0.001,0.0,USD/lb,Authentic Futures Market Feed (1-Year 60m Candles)
2026-06-09 09:00,2026-06-09,9,Copper,HG=F,6.432,6.465,6.42,6.434,5811,0.03,0.002,0.001,USD/lb,Authentic Futures Market Feed (1-Year 60m Candles)
2026-06-09 10:00,2026-06-09,10,Copper,HG=F,6.433,6.45,6.379,6.402,6061,-0.5,-0.031,-0.033,USD/lb,Authentic Futures Market Feed (1-Year 60m Candles)
2026-06-09 11:00,2026-06-09,11,Copper,HG=F,6.402,6.404,6.347,6.35,5808,-0.8099999999999999,-0.052,-0.021,USD/lb,Authentic Futures Market Feed (1-Year 60m Candles)
2026-06-09 12:00,2026-06-09,12,Copper,HG=F,6.35,6.362,6.284,6.321,10687,-0.45999999999999996,-0.029,0.023,USD/lb,Authentic Futures Market Feed (1-Year 60m Candles)
2026-06-09 13:00,2026-06-09,13,Copper,HG=F,6.321,6.341,6.319,6.337,2811,0.25,0.016,0.045,USD/lb,Authentic Futures Market Feed (1-Year 60m Candles)
2026-06-09 14:00,2026-06-09,14,Copper,HG=F,6.337,6.359,6.335,6.358,1284,0.33,0.021,0.005,USD/lb,Authentic Futures Market Feed (1-Year 60m Candles)
2026-06-09 15:00,2026-06-09,15,Copper,HG=F,6.356,6.359,6.332,6.344,1215,-0.22,-0.012,-0.033,USD/lb,Authentic Futures Market Feed (1-Year 60m Candles)
2026-06-09 16:00,2026-06-09,16,Copper,HG=F,6.344,6.354,6.341,6.352,386,0.13,0.008,0.02,USD/lb,Authentic Futures Market Feed (1-Year 60m Candles)
2026-06-09 18:00,2026-06-09,18,Copper,HG=F,6.345,6.356,6.33,6.334,0,-0.27999999999999997,-0.011,-0.019,USD/lb,Authentic Futures Market Feed (1-Year 60m Candles)
2026-06-09 19:00,2026-06-09,19,Copper,HG=F,6.336,6.345,6.326,6.336,220,0.03,0.0,0.011,USD/lb,Authentic Futures Market Feed (1-Year 60m Candles)
2026-06-09 20:00,2026-06-09,20,Copper,HG=F,6.338,6.344,6.316,6.329,631,-0.11,-0.009,-0.009,USD/lb,Authentic Futures Market Feed (1-Year 60m Candles)
2026-06-09 21:00,2026-06-09,21,Copper,HG=F,6.328,6.356,6.325,6.329,926,0.0,0.001,0.01,USD/lb,Authentic Futures Market Feed (1-Year 60m Candles)
2026-06-09 22:00,2026-06-09,22,Copper,HG=F,6.331,6.332,6.301,6.305,848,-0.38,-0.026,-0.027,USD/lb,Authentic Futures Market Feed (1-Year 60m Candles)
2026-06-09 23:00,2026-06-09,23,Copper,HG=F,6.306,6.325,6.305,6.312,431,0.11,0.006,0.032,USD/lb,Authentic Futures Market Feed (1-Year 60m Candles)
2026-06-10 00:00,2026-06-10,0,Copper,HG=F,6.314,6.314,6.267,6.274,1187,-0.6,-0.04,-0.046,USD/lb,Authentic Futures Market Feed (1-Year 60m Candles)
2026-06-10 01:00,2026-06-10,1,Copper,HG=F,6.275,6.315,6.271,6.31,1306,0.5700000000000001,0.035,0.075,USD/lb,Authentic Futures Market Feed (1-Year 60m Candles)
2026-06-10 02:00,2026-06-10,2,Copper,HG=F,6.311,6.325,6.306,6.322,1238,0.19,0.011,-0.024,USD/lb,Authentic Futures Market Feed (1-Year 60m Candles)
2026-06-10 03:00,2026-06-10,3,Copper,HG=F,6.321,6.326,6.298,6.306,1070,-0.25,-0.015,-0.026,USD/lb,Authentic Futures Market Feed (1-Year 60m Candles)
2026-06-10 04:00,2026-06-10,4,Copper,HG=F,6.305,6.305,6.251,6.253,2570,-0.84,-0.052,-0.037,USD/lb,Authentic Futures Market Feed (1-Year 60m Candles)
2026-06-10 05:00,2026-06-10,5,Copper,HG=F,6.253,6.257,6.236,6.24,1821,-0.21,-0.013,0.039,USD/lb,Authentic Futures Market Feed (1-Year 60m Candles)
2026-06-10 06:00,2026-06-10,6,Copper,HG=F,6.24,6.26,6.238,6.255,1290,0.24,0.015,0.028,USD/lb,Authentic Futures Market Feed (1-Year 60m Candles)
2026-06-10 07:00,2026-06-10,7,Copper,HG=F,6.255,6.256,6.222,6.245,1962,-0.16,-0.01,-0.025,USD/lb,Authentic Futures Market Feed (1-Year 60m Candles)
2026-06-10 08:00,2026-06-10,8,Copper,HG=F,6.244,6.279,6.226,6.27,4298,0.4,0.026,0.036,USD/lb,Authentic Futures Market Feed (1-Year 60m Candles)
2026-06-10 09:00,2026-06-10,9,Copper,HG=F,6.269,6.34,6.269,6.325,5387,0.88,0.056,0.03,USD/lb,Authentic Futures Market Feed (1-Year 60m Candles)
2026-06-10 10:00,2026-06-10,10,Copper,HG=F,6.325,6.329,6.274,6.282,6479,-0.6799999999999999,-0.043,-0.099,USD/lb,Authentic Futures Market Feed (1-Year 60m Candles)
2026-06-10 11:00,2026-06-10,11,Copper,HG=F,6.283,6.297,6.26,6.287,5292,0.08,0.004,0.047,USD/lb,Authentic Futures Market Feed (1-Year 60m Candles)
2026-06-10 12:00,2026-06-10,12,Copper,HG=F,6.289,6.295,6.264,6.265,6449,-0.35000000000000003,-0.024,-0.028,USD/lb,Authentic Futures Market Feed (1-Year 60m Candles)
2026-06-10 13:00,2026-06-10,13,Copper,HG=F,6.266,6.272,6.235,6.252,2888,-0.21,-0.014,0.01,USD/lb,Authentic Futures Market Feed (1-Year 60m Candles)
2026-06-10 14:00,2026-06-10,14,Copper,HG=F,6.252,6.263,6.236,6.237,846,-0.24,-0.015,-0.001,USD/lb,Authentic Futures Market Feed (1-Year 60m Candles)
2026-06-10 15:00,2026-06-10,15,Copper,HG=F,6.238,6.239,6.205,6.207,1571,-0.48,-0.031,-0.016,USD/lb,Authentic Futures Market Feed (1-Year 60m Candles)
2026-06-10 16:00,2026-06-10,16,Copper,HG=F,6.207,6.209,6.189,6.2,1171,-0.11,-0.007,0.024,USD/lb,Authentic Futures Market Feed (1-Year 60m Candles)
2026-06-10 18:00,2026-06-10,18,Copper,HG=F,6.183,6.195,6.175,6.184,0,-0.26,0.001,0.008,USD/lb,Authentic Futures Market Feed (1-Year 60m Candles)
2026-06-10 19:00,2026-06-10,19,Copper,HG=F,6.185,6.196,6.172,6.187,843,0.05,0.002,0.001,USD/lb,Authentic Futures Market Feed (1-Year 60m Candles)
2026-06-10 20:00,2026-06-10,20,Copper,HG=F,6.187,6.225,6.187,6.223,2289,0.58,0.036,0.034,USD/lb,Authentic Futures Market Feed (1-Year 60m Candles)
2026-06-10 21:00,2026-06-10,21,Copper,HG=F,6.222,6.26,6.222,6.247,2161,0.38999999999999996,0.025,-0.011,USD/lb,Authentic Futures Market Feed (1-Year 60m Candles)
2026-06-10 22:00,2026-06-10,22,Copper,HG=F,6.245,6.248,6.186,6.202,1411,-0.72,-0.043,-0.068,USD/lb,Authentic Futures Market Feed (1-Year 60m Candles)
2026-06-10 23:00,2026-06-10,23,Copper,HG=F,6.202,6.218,6.193,6.213,566,0.18,0.011,0.054,USD/lb,Authentic Futures Market Feed (1-Year 60m Candles)
2026-06-11 00:00,2026-06-11,0,Copper,HG=F,6.214,6.228,6.209,6.224,393,0.18,0.01,-0.001,USD/lb,Authentic Futures Market Feed (1-Year 60m Candles)
2026-06-11 01:00,2026-06-11,1,Copper,HG=F,6.226,6.239,6.212,6.226,1261,0.03,0.0,-0.01,USD/lb,Authentic Futures Market Feed (1-Year 60m Candles)
2026-06-11 02:00,2026-06-11,2,Copper,HG=F,6.228,6.24,6.212,6.232,1094,0.1,0.004,0.004,USD/lb,Authentic Futures Market Feed (1-Year 60m Candles)
2026-06-11 03:00,2026-06-11,3,Copper,HG=F,6.233,6.245,6.214,6.24,1151,0.13,0.007,0.003,USD/lb,Authentic Futures Market Feed (1-Year 60m Candles)
2026-06-11 04:00,2026-06-11,4,Copper,HG=F,6.24,6.251,6.219,6.222,933,-0.29,-0.018,-0.025,USD/lb,Authentic Futures Market Feed (1-Year 60m Candles)
2026-06-11 05:00,2026-06-11,5,Copper,HG=F,6.221,6.223,6.198,6.208,838,-0.22999999999999998,-0.013,0.005,USD/lb,Authentic Futures Market Feed (1-Year 60m Candles)
2026-06-11 06:00,2026-06-11,6,Copper,HG=F,6.207,6.229,6.201,6.228,750,0.32,0.021,0.034,USD/lb,Authentic Futures Market Feed (1-Year 60m Candles)
2026-06-11 07:00,2026-06-11,7,Copper,HG=F,6.227,6.262,6.223,6.254,1433,0.42,0.027,0.006,USD/lb,Authentic Futures Market Feed (1-Year 60m Candles)
2026-06-11 08:00,2026-06-11,8,Copper,HG=F,6.255,6.26,6.21,6.248,4769,-0.1,-0.007,-0.034,USD/lb,Authentic Futures Market Feed (1-Year 60m Candles)
2026-06-11 09:00,2026-06-11,9,Copper,HG=F,6.248,6.271,6.236,6.261,4848,0.21,0.013,0.02,USD/lb,Authentic Futures Market Feed (1-Year 60m Candles)
2026-06-11 10:00,2026-06-11,10,Copper,HG=F,6.262,6.277,6.242,6.259,3752,-0.03,-0.003,-0.016,USD/lb,Authentic Futures Market Feed (1-Year 60m Candles)
2026-06-11 11:00,2026-06-11,11,Copper,HG=F,6.26,6.286,6.256,6.281,5158,0.35000000000000003,0.021,0.024,USD/lb,Authentic Futures Market Feed (1-Year 60m Candles)
2026-06-11 12:00,2026-06-11,12,Copper,HG=F,6.28,6.307,6.273,6.275,6847,-0.1,-0.005,-0.026,USD/lb,Authentic Futures Market Feed (1-Year 60m Candles)
2026-06-11 13:00,2026-06-11,13,Copper,HG=F,6.275,6.391,6.262,6.363,6301,1.4000000000000001,0.088,0.093,USD/lb,Authentic Futures Market Feed (1-Year 60m Candles)
2026-06-11 14:00,2026-06-11,14,Copper,HG=F,6.363,6.376,6.338,6.363,1605,0.0,0.0,-0.088,USD/lb,Authentic Futures Market Feed (1-Year 60m Candles)
2026-06-11 15:00,2026-06-11,15,Copper,HG=F,6.364,6.406,6.364,6.396,4086,0.52,0.032,0.032,USD/lb,Authentic Futures Market Feed (1-Year 60m Candles)
2026-06-11 16:00,2026-06-11,16,Copper,HG=F,6.396,6.399,6.383,6.391,0,-0.08,-0.005,-0.037,USD/lb,Authentic Futures Market Feed (1-Year 60m Candles)
2026-06-11 18:00,2026-06-11,18,Copper,HG=F,6.388,6.4,6.386,6.398,293,0.11,0.01,0.015,USD/lb,Authentic Futures Market Feed (1-Year 60m Candles)
2026-06-11 19:00,2026-06-11,19,Copper,HG=F,6.399,6.4,6.386,6.394,578,-0.06,-0.005,-0.015,USD/lb,Authentic Futures Market Feed (1-Year 60m Candles)
2026-06-11 20:00,2026-06-11,20,Copper,HG=F,6.393,6.409,6.383,6.391,993,-0.05,-0.002,0.003,USD/lb,Authentic Futures Market Feed (1-Year 60m Candles)
2026-06-11 21:00,2026-06-11,21,Copper,HG=F,6.392,6.411,6.372,6.404,1831,0.2,0.012,0.014,USD/lb,Authentic Futures Market Feed (1-Year 60m Candles)
2026-06-11 22:00,2026-06-11,22,Copper,HG=F,6.405,6.427,6.392,6.421,931,0.27,0.016,0.004,USD/lb,Authentic Futures Market Feed (1-Year 60m Candles)
2026-06-11 23:00,2026-06-11,23,Copper,HG=F,6.421,6.43,6.416,6.425,481,0.06,0.004,-0.012,USD/lb,Authentic Futures Market Feed (1-Year 60m Candles)
2026-06-12 00:00,2026-06-12,0,Copper,HG=F,6.422,6.424,6.413,6.417,232,-0.12,-0.005,-0.009,USD/lb,Authentic Futures Market Feed (1-Year 60m Candles)
2026-06-12 01:00,2026-06-12,1,Copper,HG=F,6.418,6.42,6.384,6.392,889,-0.38999999999999996,-0.026,-0.021,USD/lb,Authentic Futures Market Feed (1-Year 60m Candles)
2026-06-12 02:00,2026-06-12,2,Copper,HG=F,6.391,6.412,6.376,6.385,1078,-0.11,-0.006,0.02,USD/lb,Authentic Futures Market Feed (1-Year 60m Candles)
2026-06-12 03:00,2026-06-12,3,Copper,HG=F,6.384,6.39,6.359,6.381,1613,-0.06,-0.003,0.003,USD/lb,Authentic Futures Market Feed (1-Year 60m Candles)
2026-06-12 04:00,2026-06-12,4,Copper,HG=F,6.383,6.42,6.378,6.398,2163,0.27,0.015,0.018,USD/lb,Authentic Futures Market Feed (1-Year 60m Candles)
2026-06-12 05:00,2026-06-12,5,Copper,HG=F,6.398,6.445,6.393,6.424,3836,0.41000000000000003,0.026,0.011,USD/lb,Authentic Futures Market Feed (1-Year 60m Candles)
2026-06-12 06:00,2026-06-12,6,Copper,HG=F,6.424,6.428,6.383,6.391,1554,-0.51,-0.033,-0.059,USD/lb,Authentic Futures Market Feed (1-Year 60m Candles)
2026-06-12 07:00,2026-06-12,7,Copper,HG=F,6.392,6.402,6.383,6.395,2652,0.06,0.003,0.036,USD/lb,Authentic Futures Market Feed (1-Year 60m Candles)
2026-06-12 08:00,2026-06-12,8,Copper,HG=F,6.395,6.4,6.364,6.365,2664,-0.47000000000000003,-0.03,-0.033,USD/lb,Authentic Futures Market Feed (1-Year 60m Candles)
2026-06-12 09:00,2026-06-12,9,Copper,HG=F,6.365,6.411,6.36,6.408,4002,0.6799999999999999,0.043,0.073,USD/lb,Authentic Futures Market Feed (1-Year 60m Candles)
2026-06-12 10:00,2026-06-12,10,Copper,HG=F,6.408,6.435,6.388,6.424,4004,0.25,0.016,-0.027,USD/lb,Authentic Futures Market Feed (1-Year 60m Candles)
2026-06-12 11:00,2026-06-12,11,Copper,HG=F,6.424,6.446,6.411,6.411,3942,-0.2,-0.013,-0.029,USD/lb,Authentic Futures Market Feed (1-Year 60m Candles)
2026-06-12 12:00,2026-06-12,12,Copper,HG=F,6.41,6.447,6.41,6.444,6464,0.51,0.034,0.047,USD/lb,Authentic Futures Market Feed (1-Year 60m Candles)
2026-06-12 13:00,2026-06-12,13,Copper,HG=F,6.444,6.455,6.439,6.447,2140,0.05,0.003,-0.031,USD/lb,Authentic Futures Market Feed (1-Year 60m Candles)
2026-06-12 14:00,2026-06-12,14,Copper,HG=F,6.448,6.47,6.446,6.463,1241,0.25,0.015,0.012,USD/lb,Authentic Futures Market Feed (1-Year 60m Candles)
2026-06-12 15:00,2026-06-12,15,Copper,HG=F,6.463,6.492,6.463,6.49,2850,0.42,0.027,0.012,USD/lb,Authentic Futures Market Feed (1-Year 60m Candles)
2026-06-12 16:00,2026-06-12,16,Copper,HG=F,6.49,6.496,6.445,6.445,1009,-0.69,-0.045,-0.072,USD/lb,Authentic Futures Market Feed (1-Year 60m Candles)
2026-06-14 18:00,2026-06-14,18,Copper,HG=F,6.536,6.54,6.501,6.515,987,1.09,-0.021,0.024,USD/lb,Authentic Futures Market Feed (1-Year 60m Candles)
2026-06-14 19:00,2026-06-14,19,Copper,HG=F,6.514,6.53,6.506,6.522,787,0.11,0.008,0.029,USD/lb,Authentic Futures Market Feed (1-Year 60m Candles)
2026-06-14 20:00,2026-06-14,20,Copper,HG=F,6.523,6.541,6.516,6.519,1497,-0.05,-0.004,-0.012,USD/lb,Authentic Futures Market Feed (1-Year 60m Candles)
2026-06-14 21:00,2026-06-14,21,Copper,HG=F,6.519,6.543,6.494,6.536,1731,0.26,0.017,0.021,USD/lb,Authentic Futures Market Feed (1-Year 60m Candles)
2026-06-14 22:00,2026-06-14,22,Copper,HG=F,6.536,6.562,6.536,6.549,924,0.2,0.013,-0.004,USD/lb,Authentic Futures Market Feed (1-Year 60m Candles)
2026-06-14 23:00,2026-06-14,23,Copper,HG=F,6.547,6.551,6.538,6.541,284,-0.12,-0.006,-0.019,USD/lb,Authentic Futures Market Feed (1-Year 60m Candles)
2026-06-15 00:00,2026-06-15,0,Copper,HG=F,6.543,6.554,6.537,6.55,257,0.13999999999999999,0.007,0.013,USD/lb,Authentic Futures Market Feed (1-Year 60m Candles)
2026-06-15 01:00,2026-06-15,1,Copper,HG=F,6.55,6.561,6.523,6.529,973,-0.32,-0.021,-0.028,USD/lb,Authentic Futures Market Feed (1-Year 60m Candles)
2026-06-15 02:00,2026-06-15,2,Copper,HG=F,6.528,6.53,6.516,6.518,676,-0.16999999999999998,-0.01,0.011,USD/lb,Authentic Futures Market Feed (1-Year 60m Candles)
2026-06-15 03:00,2026-06-15,3,Copper,HG=F,6.519,6.529,6.505,6.519,2020,0.02,0.0,0.01,USD/lb,Authentic Futures Market Feed (1-Year 60m Candles)
2026-06-15 04:00,2026-06-15,4,Copper,HG=F,6.518,6.525,6.506,6.507,1183,-0.18,-0.011,-0.011,USD/lb,Authentic Futures Market Feed (1-Year 60m Candles)
2026-06-15 05:00,2026-06-15,5,Copper,HG=F,6.506,6.51,6.486,6.49,1391,-0.26,-0.016,-0.005,USD/lb,Authentic Futures Market Feed (1-Year 60m Candles)
2026-06-15 06:00,2026-06-15,6,Copper,HG=F,6.49,6.501,6.477,6.49,3367,0.0,0.0,0.016,USD/lb,Authentic Futures Market Feed (1-Year 60m Candles)
2026-06-15 07:00,2026-06-15,7,Copper,HG=F,6.491,6.514,6.49,6.513,1350,0.35000000000000003,0.022,0.022,USD/lb,Authentic Futures Market Feed (1-Year 60m Candles)
2026-06-15 08:00,2026-06-15,8,Copper,HG=F,6.512,6.521,6.483,6.516,3321,0.05,0.004,-0.018,USD/lb,Authentic Futures Market Feed (1-Year 60m Candles)
2026-06-15 09:00,2026-06-15,9,Copper,HG=F,6.517,6.518,6.497,6.497,4453,-0.29,-0.02,-0.024,USD/lb,Authentic Futures Market Feed (1-Year 60m Candles)
2026-06-15 10:00,2026-06-15,10,Copper,HG=F,6.497,6.505,6.471,6.488,3487,-0.13999999999999999,-0.009,0.011,USD/lb,Authentic Futures Market Feed (1-Year 60m Candles)
2026-06-15 11:00,2026-06-15,11,Copper,HG=F,6.487,6.501,6.483,6.486,3967,-0.03,-0.001,0.008,USD/lb,Authentic Futures Market Feed (1-Year 60m Candles)
2026-06-15 12:00,2026-06-15,12,Copper,HG=F,6.485,6.505,6.483,6.494,4725,0.12,0.009,0.01,USD/lb,Authentic Futures Market Feed (1-Year 60m Candles)
2026-06-15 13:00,2026-06-15,13,Copper,HG=F,6.494,6.498,6.488,6.494,1359,0.0,0.0,-0.009,USD/lb,Authentic Futures Market Feed (1-Year 60m Candles)
2026-06-15 14:00,2026-06-15,14,Copper,HG=F,6.492,6.505,6.486,6.502,1479,0.12,0.01,0.01,USD/lb,Authentic Futures Market Feed (1-Year 60m Candles)
2026-06-15 15:00,2026-06-15,15,Copper,HG=F,6.502,6.505,6.495,6.504,418,0.03,0.002,-0.008,USD/lb,Authentic Futures Market Feed (1-Year 60m Candles)
2026-06-15 16:00,2026-06-15,16,Copper,HG=F,6.504,6.506,6.488,6.49,456,-0.22,-0.014,-0.016,USD/lb,Authentic Futures Market Feed (1-Year 60m Candles)
2026-06-15 18:00,2026-06-15,18,Copper,HG=F,6.486,6.497,6.479,6.482,0,-0.12,-0.004,0.01,USD/lb,Authentic Futures Market Feed (1-Year 60m Candles)
2026-06-15 19:00,2026-06-15,19,Copper,HG=F,6.482,6.484,6.48,6.482,114,0.0,0.0,0.004,USD/lb,Authentic Futures Market Feed (1-Year 60m Candles)
2026-06-15 20:00,2026-06-15,20,Copper,HG=F,6.482,6.489,6.462,6.477,652,-0.08,-0.005,-0.005,USD/lb,Authentic Futures Market Feed (1-Year 60m Candles)
2026-06-15 21:00,2026-06-15,21,Copper,HG=F,6.476,6.477,6.43,6.441,1473,-0.5599999999999999,-0.035,-0.03,USD/lb,Authentic Futures Market Feed (1-Year 60m Candles)
2026-06-15 22:00,2026-06-15,22,Copper,HG=F,6.44,6.452,6.425,6.452,628,0.16999999999999998,0.012,0.047,USD/lb,Authentic Futures Market Feed (1-Year 60m Candles)
2026-06-15 23:00,2026-06-15,23,Copper,HG=F,6.451,6.47,6.45,6.466,505,0.22,0.015,0.003,USD/lb,Authentic Futures Market Feed (1-Year 60m Candles)
2026-06-16 00:00,2026-06-16,0,Copper,HG=F,6.467,6.47,6.459,6.468,733,0.03,0.001,-0.014,USD/lb,Authentic Futures Market Feed (1-Year 60m Candles)
2026-06-16 01:00,2026-06-16,1,Copper,HG=F,6.467,6.483,6.452,6.459,669,-0.13999999999999999,-0.008,-0.009,USD/lb,Authentic Futures Market Feed (1-Year 60m Candles)
2026-06-16 02:00,2026-06-16,2,Copper,HG=F,6.46,6.469,6.435,6.449,938,-0.15,-0.011,-0.003,USD/lb,Authentic Futures Market Feed (1-Year 60m Candles)
2026-06-16 03:00,2026-06-16,3,Copper,HG=F,6.448,6.454,6.432,6.446,1180,-0.05,-0.002,0.009,USD/lb,Authentic Futures Market Feed (1-Year 60m Candles)
2026-06-16 04:00,2026-06-16,4,Copper,HG=F,6.448,6.485,6.44,6.482,1424,0.5599999999999999,0.034,0.036,USD/lb,Authentic Futures Market Feed (1-Year 60m Candles)
2026-06-16 05:00,2026-06-16,5,Copper,HG=F,6.483,6.497,6.48,6.484,704,0.03,0.001,-0.033,USD/lb,Authentic Futures Market Feed (1-Year 60m Candles)
2026-06-16 06:00,2026-06-16,6,Copper,HG=F,6.486,6.501,6.484,6.498,777,0.22,0.012,0.011,USD/lb,Authentic Futures Market Feed (1-Year 60m Candles)
2026-06-16 07:00,2026-06-16,7,Copper,HG=F,6.499,6.507,6.491,6.504,6094,0.09,0.005,-0.007,USD/lb,Authentic Futures Market Feed (1-Year 60m Candles)
2026-06-16 08:00,2026-06-16,8,Copper,HG=F,6.503,6.505,6.486,6.501,3947,-0.05,-0.002,-0.007,USD/lb,Authentic Futures Market Feed (1-Year 60m Candles)
2026-06-16 09:00,2026-06-16,9,Copper,HG=F,6.501,6.537,6.497,6.522,4192,0.32,0.021,0.023,USD/lb,Authentic Futures Market Feed (1-Year 60m Candles)
2026-06-16 10:00,2026-06-16,10,Copper,HG=F,6.522,6.536,6.486,6.51,4674,-0.18,-0.012,-0.033,USD/lb,Authentic Futures Market Feed (1-Year 60m Candles)
2026-06-16 11:00,2026-06-16,11,Copper,HG=F,6.51,6.53,6.497,6.504,5348,-0.09,-0.006,0.006,USD/lb,Authentic Futures Market Feed (1-Year 60m Candles)
2026-06-16 12:00,2026-06-16,12,Copper,HG=F,6.504,6.521,6.501,6.502,5814,-0.03,-0.002,0.004,USD/lb,Authentic Futures Market Feed (1-Year 60m Candles)
2026-06-16 13:00,2026-06-16,13,Copper,HG=F,6.503,6.504,6.486,6.498,1173,-0.06,-0.005,-0.003,USD/lb,Authentic Futures Market Feed (1-Year 60m Candles)
2026-06-16 14:00,2026-06-16,14,Copper,HG=F,6.498,6.503,6.493,6.495,1495,-0.05,-0.003,0.002,USD/lb,Authentic Futures Market Feed (1-Year 60m Candles)
2026-06-16 15:00,2026-06-16,15,Copper,HG=F,6.495,6.501,6.491,6.497,843,0.03,0.002,0.005,USD/lb,Authentic Futures Market Feed (1-Year 60m Candles)
2026-06-16 16:00,2026-06-16,16,Copper,HG=F,6.496,6.496,6.48,6.481,489,-0.25,-0.015,-0.017,USD/lb,Authentic Futures Market Feed (1-Year 60m Candles)
2026-06-16 18:00,2026-06-16,18,Copper,HG=F,6.482,6.495,6.475,6.493,0,0.19,0.011,0.026,USD/lb,Authentic Futures Market Feed (1-Year 60m Candles)
2026-06-16 19:00,2026-06-16,19,Copper,HG=F,6.495,6.497,6.484,6.486,101,-0.11,-0.009,-0.02,USD/lb,Authentic Futures Market Feed (1-Year 60m Candles)
2026-06-16 20:00,2026-06-16,20,Copper,HG=F,6.486,6.503,6.483,6.496,354,0.15,0.01,0.019,USD/lb,Authentic Futures Market Feed (1-Year 60m Candles)
2026-06-16 21:00,2026-06-16,21,Copper,HG=F,6.497,6.53,6.49,6.529,1682,0.51,0.032,0.022,USD/lb,Authentic Futures Market Feed (1-Year 60m Candles)
2026-06-16 22:00,2026-06-16,22,Copper,HG=F,6.529,6.544,6.505,6.506,827,-0.35000000000000003,-0.023,-0.055,USD/lb,Authentic Futures Market Feed (1-Year 60m Candles)
2026-06-16 23:00,2026-06-16,23,Copper,HG=F,6.505,6.523,6.503,6.518,334,0.18,0.013,0.036,USD/lb,Authentic Futures Market Feed (1-Year 60m Candles)
2026-06-17 00:00,2026-06-17,0,Copper,HG=F,6.516,6.528,6.512,6.528,172,0.15,0.012,-0.001,USD/lb,Authentic Futures Market Feed (1-Year 60m Candles)
2026-06-17 01:00,2026-06-17,1,Copper,HG=F,6.528,6.54,6.512,6.53,658,0.03,0.002,-0.01,USD/lb,Authentic Futures Market Feed (1-Year 60m Candles)
2026-06-17 02:00,2026-06-17,2,Copper,HG=F,6.532,6.532,6.515,6.526,472,-0.06,-0.006,-0.008,USD/lb,Authentic Futures Market Feed (1-Year 60m Candles)
2026-06-17 03:00,2026-06-17,3,Copper,HG=F,6.526,6.552,6.518,6.547,1193,0.32,0.021,0.027,USD/lb,Authentic Futures Market Feed (1-Year 60m Candles)
2026-06-17 04:00,2026-06-17,4,Copper,HG=F,6.547,6.548,6.508,6.515,1089,-0.49,-0.032,-0.053,USD/lb,Authentic Futures Market Feed (1-Year 60m Candles)
2026-06-17 05:00,2026-06-17,5,Copper,HG=F,6.515,6.534,6.513,6.534,3529,0.29,0.019,0.051,USD/lb,Authentic Futures Market Feed (1-Year 60m Candles)
2026-06-17 06:00,2026-06-17,6,Copper,HG=F,6.535,6.547,6.529,6.54,806,0.09,0.005,-0.014,USD/lb,Authentic Futures Market Feed (1-Year 60m Candles)
2026-06-17 07:00,2026-06-17,7,Copper,HG=F,6.541,6.541,6.501,6.517,2257,-0.35000000000000003,-0.024,-0.029,USD/lb,Authentic Futures Market Feed (1-Year 60m Candles)
2026-06-17 08:00,2026-06-17,8,Copper,HG=F,6.52,6.526,6.501,6.503,2321,-0.21,-0.017,0.007,USD/lb,Authentic Futures Market Feed (1-Year 60m Candles)
2026-06-17 09:00,2026-06-17,9,Copper,HG=F,6.503,6.515,6.458,6.468,7609,-0.54,-0.035,-0.018,USD/lb,Authentic Futures Market Feed (1-Year 60m Candles)
2026-06-17 10:00,2026-06-17,10,Copper,HG=F,6.468,6.504,6.459,6.48,4955,0.19,0.012,0.047,USD/lb,Authentic Futures Market Feed (1-Year 60m Candles)
2026-06-17 11:00,2026-06-17,11,Copper,HG=F,6.481,6.496,6.472,6.494,8458,0.22,0.013,0.001,USD/lb,Authentic Futures Market Feed (1-Year 60m Candles)
2026-06-17 12:00,2026-06-17,12,Copper,HG=F,6.494,6.502,6.487,6.491,4405,-0.05,-0.003,-0.016,USD/lb,Authentic Futures Market Feed (1-Year 60m Candles)
2026-06-17 13:00,2026-06-17,13,Copper,HG=F,6.491,6.512,6.482,6.512,1480,0.32,0.021,0.024,USD/lb,Authentic Futures Market Feed (1-Year 60m Candles)
2026-06-17 14:00,2026-06-17,14,Copper,HG=F,6.504,6.504,6.397,6.439,7256,-1.1199999999999999,-0.065,-0.086,USD/lb,Authentic Futures Market Feed (1-Year 60m Candles)
2026-06-17 15:00,2026-06-17,15,Copper,HG=F,6.439,6.448,6.326,6.347,5354,-1.43,-0.092,-0.027,USD/lb,Authentic Futures Market Feed (1-Year 60m Candles)
2026-06-17 16:00,2026-06-17,16,Copper,HG=F,6.348,6.372,6.347,6.363,1029,0.25,0.015,0.107,USD/lb,Authentic Futures Market Feed (1-Year 60m Candles)
2026-06-17 18:00,2026-06-17,18,Copper,HG=F,6.372,6.38,6.366,6.379,0,0.25,0.007,-0.008,USD/lb,Authentic Futures Market Feed (1-Year 60m Candles)
2026-06-17 19:00,2026-06-17,19,Copper,HG=F,6.379,6.396,6.376,6.396,444,0.27,0.017,0.01,USD/lb,Authentic Futures Market Feed (1-Year 60m Candles)
2026-06-17 20:00,2026-06-17,20,Copper,HG=F,6.396,6.406,6.388,6.405,1483,0.13999999999999999,0.009,-0.008,USD/lb,Authentic Futures Market Feed (1-Year 60m Candles)
2026-06-17 21:00,2026-06-17,21,Copper,HG=F,6.403,6.421,6.398,6.41,1444,0.08,0.007,-0.002,USD/lb,Authentic Futures Market Feed (1-Year 60m Candles)
2026-06-17 22:00,2026-06-17,22,Copper,HG=F,6.411,6.413,6.377,6.378,638,-0.5,-0.033,-0.04,USD/lb,Authentic Futures Market Feed (1-Year 60m Candles)
2026-06-17 23:00,2026-06-17,23,Copper,HG=F,6.378,6.396,6.365,6.392,903,0.22,0.014,0.047,USD/lb,Authentic Futures Market Feed (1-Year 60m Candles)
2026-06-18 00:00,2026-06-18,0,Copper,HG=F,6.396,6.398,6.374,6.383,398,-0.13999999999999999,-0.013,-0.027,USD/lb,Authentic Futures Market Feed (1-Year 60m Candles)
2026-06-18 01:00,2026-06-18,1,Copper,HG=F,6.382,6.397,6.379,6.394,537,0.16999999999999998,0.012,0.025,USD/lb,Authentic Futures Market Feed (1-Year 60m Candles)
2026-06-18 02:00,2026-06-18,2,Copper,HG=F,6.398,6.407,6.386,6.405,912,0.16999999999999998,0.007,-0.005,USD/lb,Authentic Futures Market Feed (1-Year 60m Candles)
2026-06-18 03:00,2026-06-18,3,Copper,HG=F,6.404,6.438,6.403,6.424,1835,0.3,0.02,0.013,USD/lb,Authentic Futures Market Feed (1-Year 60m Candles)
2026-06-18 04:00,2026-06-18,4,Copper,HG=F,6.424,6.432,6.375,6.376,2268,-0.75,-0.048,-0.068,USD/lb,Authentic Futures Market Feed (1-Year 60m Candles)
2026-06-18 05:00,2026-06-18,5,Copper,HG=F,6.375,6.407,6.37,6.404,1809,0.44,0.029,0.077,USD/lb,Authentic Futures Market Feed (1-Year 60m Candles)
2026-06-18 06:00,2026-06-18,6,Copper,HG=F,6.402,6.407,6.387,6.4,2989,-0.06,-0.002,-0.031,USD/lb,Authentic Futures Market Feed (1-Year 60m Candles)
2026-06-18 07:00,2026-06-18,7,Copper,HG=F,6.402,6.41,6.352,6.355,2988,-0.7000000000000001,-0.047,-0.045,USD/lb,Authentic Futures Market Feed (1-Year 60m Candles)
2026-06-18 08:00,2026-06-18,8,Copper,HG=F,6.355,6.414,6.351,6.414,5308,0.9299999999999999,0.059,0.106,USD/lb,Authentic Futures Market Feed (1-Year 60m Candles)
2026-06-18 09:00,2026-06-18,9,Copper,HG=F,6.413,6.448,6.408,6.414,4738,0.0,0.001,-0.058,USD/lb,Authentic Futures Market Feed (1-Year 60m Candles)
2026-06-18 10:00,2026-06-18,10,Copper,HG=F,6.413,6.418,6.386,6.41,4511,-0.06,-0.003,-0.004,USD/lb,Authentic Futures Market Feed (1-Year 60m Candles)
2026-06-18 11:00,2026-06-18,11,Copper,HG=F,6.41,6.413,6.394,6.397,3141,-0.2,-0.013,-0.01,USD/lb,Authentic Futures Market Feed (1-Year 60m Candles)
2026-06-18 12:00,2026-06-18,12,Copper,HG=F,6.396,6.398,6.378,6.386,3234,-0.16999999999999998,-0.01,0.003,USD/lb,Authentic Futures Market Feed (1-Year 60m Candles)
2026-06-18 13:00,2026-06-18,13,Copper,HG=F,6.386,6.397,6.385,6.391,2236,0.08,0.005,0.015,USD/lb,Authentic Futures Market Feed (1-Year 60m Candles)
2026-06-18 14:00,2026-06-18,14,Copper,HG=F,6.391,6.399,6.381,6.381,582,-0.16,-0.01,-0.015,USD/lb,Authentic Futures Market Feed (1-Year 60m Candles)
2026-06-18 15:00,2026-06-18,15,Copper,HG=F,6.382,6.385,6.364,6.378,703,-0.05,-0.004,0.006,USD/lb,Authentic Futures Market Feed (1-Year 60m Candles)
2026-06-18 16:00,2026-06-18,16,Copper,HG=F,6.377,6.387,6.374,6.378,369,0.0,0.001,0.005,USD/lb,Authentic Futures Market Feed (1-Year 60m Candles)
2026-06-18 18:00,2026-06-18,18,Copper,HG=F,6.369,6.385,6.369,6.375,0,-0.05,0.006,0.005,USD/lb,Authentic Futures Market Feed (1-Year 60m Candles)
2026-06-18 19:00,2026-06-18,19,Copper,HG=F,6.373,6.373,6.365,6.368,96,-0.11,-0.005,-0.011,USD/lb,Authentic Futures Market Feed (1-Year 60m Candles)
2026-06-18 20:00,2026-06-18,20,Copper,HG=F,6.371,6.375,6.362,6.367,269,-0.02,-0.004,0.001,USD/lb,Authentic Futures Market Feed (1-Year 60m Candles)
2026-06-18 21:00,2026-06-18,21,Copper,HG=F,6.367,6.373,6.347,6.347,411,-0.31,-0.02,-0.016,USD/lb,Authentic Futures Market Feed (1-Year 60m Candles)
2026-06-18 22:00,2026-06-18,22,Copper,HG=F,6.349,6.35,6.321,6.328,912,-0.3,-0.021,-0.001,USD/lb,Authentic Futures Market Feed (1-Year 60m Candles)
2026-06-18 23:00,2026-06-18,23,Copper,HG=F,6.33,6.332,6.302,6.304,911,-0.38,-0.026,-0.005,USD/lb,Authentic Futures Market Feed (1-Year 60m Candles)
2026-06-21 18:00,2026-06-21,18,Copper,HG=F,6.331,6.348,6.295,6.345,809,0.65,0.014,0.04,USD/lb,Authentic Futures Market Feed (1-Year 60m Candles)
2026-06-21 19:00,2026-06-21,19,Copper,HG=F,6.346,6.348,6.321,6.327,497,-0.27999999999999997,-0.019,-0.033,USD/lb,Authentic Futures Market Feed (1-Year 60m Candles)
2026-06-21 20:00,2026-06-21,20,Copper,HG=F,6.328,6.362,6.326,6.362,527,0.5499999999999999,0.034,0.053,USD/lb,Authentic Futures Market Feed (1-Year 60m Candles)
2026-06-21 21:00,2026-06-21,21,Copper,HG=F,6.363,6.404,6.337,6.345,2240,-0.27,-0.018,-0.052,USD/lb,Authentic Futures Market Feed (1-Year 60m Candles)
2026-06-21 22:00,2026-06-21,22,Copper,HG=F,6.346,6.347,6.282,6.301,4085,-0.69,-0.045,-0.027,USD/lb,Authentic Futures Market Feed (1-Year 60m Candles)
2026-06-21 23:00,2026-06-21,23,Copper,HG=F,6.304,6.337,6.284,6.313,623,0.19,0.009,0.054,USD/lb,Authentic Futures Market Feed (1-Year 60m Candles)
2026-06-22 00:00,2026-06-22,0,Copper,HG=F,6.312,6.337,6.309,6.315,228,0.03,0.003,-0.006,USD/lb,Authentic Futures Market Feed (1-Year 60m Candles)
2026-06-22 01:00,2026-06-22,1,Copper,HG=F,6.316,6.347,6.312,6.34,1026,0.4,0.024,0.021,USD/lb,Authentic Futures Market Feed (1-Year 60m Candles)
2026-06-22 02:00,2026-06-22,2,Copper,HG=F,6.343,6.358,6.337,6.347,1020,0.11,0.004,-0.02,USD/lb,Authentic Futures Market Feed (1-Year 60m Candles)
2026-06-22 03:00,2026-06-22,3,Copper,HG=F,6.348,6.374,6.337,6.345,1513,-0.03,-0.003,-0.007,USD/lb,Authentic Futures Market Feed (1-Year 60m Candles)
2026-06-22 04:00,2026-06-22,4,Copper,HG=F,6.345,6.365,6.337,6.365,796,0.32,0.02,0.023,USD/lb,Authentic Futures Market Feed (1-Year 60m Candles)
2026-06-22 05:00,2026-06-22,5,Copper,HG=F,6.365,6.378,6.337,6.376,1007,0.16999999999999998,0.011,-0.009,USD/lb,Authentic Futures Market Feed (1-Year 60m Candles)
2026-06-22 06:00,2026-06-22,6,Copper,HG=F,6.377,6.385,6.337,6.38,580,0.06,0.003,-0.008,USD/lb,Authentic Futures Market Feed (1-Year 60m Candles)
2026-06-22 07:00,2026-06-22,7,Copper,HG=F,6.379,6.399,6.337,6.378,1356,-0.03,-0.001,-0.004,USD/lb,Authentic Futures Market Feed (1-Year 60m Candles)
2026-06-22 08:00,2026-06-22,8,Copper,HG=F,6.377,6.383,6.337,6.376,1654,-0.03,-0.001,0.0,USD/lb,Authentic Futures Market Feed (1-Year 60m Candles)
2026-06-22 09:00,2026-06-22,9,Copper,HG=F,6.377,6.4,6.337,6.387,3616,0.16999999999999998,0.01,0.011,USD/lb,Authentic Futures Market Feed (1-Year 60m Candles)
2026-06-22 10:00,2026-06-22,10,Copper,HG=F,6.386,6.386,6.337,6.377,4782,-0.16,-0.009,-0.019,USD/lb,Authentic Futures Market Feed (1-Year 60m Candles)
2026-06-22 11:00,2026-06-22,11,Copper,HG=F,6.377,6.383,6.337,6.356,2722,-0.33,-0.021,-0.012,USD/lb,Authentic Futures Market Feed (1-Year 60m Candles)
2026-06-22 12:00,2026-06-22,12,Copper,HG=F,6.355,6.369,6.337,6.365,3205,0.13999999999999999,0.01,0.031,USD/lb,Authentic Futures Market Feed (1-Year 60m Candles)
2026-06-22 13:00,2026-06-22,13,Copper,HG=F,6.366,6.367,6.337,6.36,1137,-0.08,-0.006,-0.016,USD/lb,Authentic Futures Market Feed (1-Year 60m Candles)
2026-06-22 14:00,2026-06-22,14,Copper,HG=F,6.36,6.369,6.337,6.364,337,0.06,0.004,0.01,USD/lb,Authentic Futures Market Feed (1-Year 60m Candles)
2026-06-22 15:00,2026-06-22,15,Copper,HG=F,6.364,6.365,6.337,6.365,348,0.02,0.001,-0.003,USD/lb,Authentic Futures Market Feed (1-Year 60m Candles)
2026-06-22 16:00,2026-06-22,16,Copper,HG=F,6.365,6.37,6.337,6.337,267,-0.44,-0.028,-0.029,USD/lb,Authentic Futures Market Feed (1-Year 60m Candles)
2026-06-22 18:00,2026-06-22,18,Copper,HG=F,6.361,6.365,6.353,6.353,0,0.25,-0.008,0.02,USD/lb,Authentic Futures Market Feed (1-Year 60m Candles)
2026-06-22 19:00,2026-06-22,19,Copper,HG=F,6.353,6.357,6.349,6.351,141,-0.03,-0.002,0.006,USD/lb,Authentic Futures Market Feed (1-Year 60m Candles)
2026-06-22 20:00,2026-06-22,20,Copper,HG=F,6.35,6.356,6.335,6.356,485,0.08,0.006,0.008,USD/lb,Authentic Futures Market Feed (1-Year 60m Candles)
2026-06-22 21:00,2026-06-22,21,Copper,HG=F,6.356,6.359,6.31,6.327,1361,-0.45999999999999996,-0.029,-0.035,USD/lb,Authentic Futures Market Feed (1-Year 60m Candles)
2026-06-22 22:00,2026-06-22,22,Copper,HG=F,6.327,6.335,6.307,6.307,891,-0.32,-0.02,0.009,USD/lb,Authentic Futures Market Feed (1-Year 60m Candles)
2026-06-22 23:00,2026-06-22,23,Copper,HG=F,6.308,6.311,6.279,6.28,1102,-0.43,-0.028,-0.008,USD/lb,Authentic Futures Market Feed (1-Year 60m Candles)
2026-06-23 00:00,2026-06-23,0,Copper,HG=F,6.284,6.288,6.26,6.263,880,-0.27,-0.021,0.007,USD/lb,Authentic Futures Market Feed (1-Year 60m Candles)
2026-06-23 01:00,2026-06-23,1,Copper,HG=F,6.263,6.275,6.231,6.235,2150,-0.44999999999999996,-0.028,-0.007,USD/lb,Authentic Futures Market Feed (1-Year 60m Candles)
2026-06-23 02:00,2026-06-23,2,Copper,HG=F,6.235,6.24,6.208,6.225,3045,-0.16,-0.01,0.018,USD/lb,Authentic Futures Market Feed (1-Year 60m Candles)
2026-06-23 03:00,2026-06-23,3,Copper,HG=F,6.223,6.236,6.174,6.18,3174,-0.72,-0.043,-0.033,USD/lb,Authentic Futures Market Feed (1-Year 60m Candles)
2026-06-23 04:00,2026-06-23,4,Copper,HG=F,6.182,6.201,6.173,6.174,2086,-0.1,-0.008,0.035,USD/lb,Authentic Futures Market Feed (1-Year 60m Candles)
2026-06-23 05:00,2026-06-23,5,Copper,HG=F,6.175,6.194,6.173,6.178,2953,0.06,0.003,0.011,USD/lb,Authentic Futures Market Feed (1-Year 60m Candles)
2026-06-23 06:00,2026-06-23,6,Copper,HG=F,6.177,6.201,6.174,6.174,3317,-0.06,-0.003,-0.006,USD/lb,Authentic Futures Market Feed (1-Year 60m Candles)
2026-06-23 07:00,2026-06-23,7,Copper,HG=F,6.174,6.176,6.153,6.171,3178,-0.05,-0.003,0.0,USD/lb,Authentic Futures Market Feed (1-Year 60m Candles)
2026-06-23 08:00,2026-06-23,8,Copper,HG=F,6.169,6.188,6.154,6.181,6498,0.16,0.012,0.015,USD/lb,Authentic Futures Market Feed (1-Year 60m Candles)
2026-06-23 09:00,2026-06-23,9,Copper,HG=F,6.181,6.186,6.144,6.174,4785,-0.11,-0.007,-0.019,USD/lb,Authentic Futures Market Feed (1-Year 60m Candles)
2026-06-23 10:00,2026-06-23,10,Copper,HG=F,6.174,6.187,6.148,6.154,3650,-0.32,-0.02,-0.013,USD/lb,Authentic Futures Market Feed (1-Year 60m Candles)
2026-06-23 11:00,2026-06-23,11,Copper,HG=F,6.154,6.16,6.144,6.155,3953,0.02,0.001,0.021,USD/lb,Authentic Futures Market Feed (1-Year 60m Candles)
2026-06-23 12:00,2026-06-23,12,Copper,HG=F,6.155,6.163,6.137,6.15,4429,-0.08,-0.005,-0.006,USD/lb,Authentic Futures Market Feed (1-Year 60m Candles)
2026-06-23 13:00,2026-06-23,13,Copper,HG=F,6.149,6.155,6.142,6.146,1625,-0.06999999999999999,-0.003,0.002,USD/lb,Authentic Futures Market Feed (1-Year 60m Candles)
2026-06-23 14:00,2026-06-23,14,Copper,HG=F,6.146,6.149,6.11,6.116,1811,-0.49,-0.03,-0.027,USD/lb,Authentic Futures Market Feed (1-Year 60m Candles)
2026-06-23 15:00,2026-06-23,15,Copper,HG=F,6.117,6.137,6.116,6.123,753,0.11,0.006,0.036,USD/lb,Authentic Futures Market Feed (1-Year 60m Candles)
2026-06-23 16:00,2026-06-23,16,Copper,HG=F,6.124,6.134,6.124,6.125,624,0.03,0.001,-0.005,USD/lb,Authentic Futures Market Feed (1-Year 60m Candles)
2026-06-23 18:00,2026-06-23,18,Copper,HG=F,6.126,6.135,6.122,6.128,0,0.05,0.002,0.001,USD/lb,Authentic Futures Market Feed (1-Year 60m Candles)
2026-06-23 19:00,2026-06-23,19,Copper,HG=F,6.127,6.135,6.115,6.134,325,0.1,0.007,0.005,USD/lb,Authentic Futures Market Feed (1-Year 60m Candles)
2026-06-23 20:00,2026-06-23,20,Copper,HG=F,6.136,6.146,6.133,6.141,616,0.11,0.005,-0.002,USD/lb,Authentic Futures Market Feed (1-Year 60m Candles)
2026-06-23 21:00,2026-06-23,21,Copper,HG=F,6.141,6.148,6.116,6.139,1651,-0.03,-0.002,-0.007,USD/lb,Authentic Futures Market Feed (1-Year 60m Candles)
2026-06-23 22:00,2026-06-23,22,Copper,HG=F,6.138,6.141,6.102,6.102,2491,-0.6,-0.036,-0.034,USD/lb,Authentic Futures Market Feed (1-Year 60m Candles)
2026-06-23 23:00,2026-06-23,23,Copper,HG=F,6.103,6.119,6.094,6.113,818,0.18,0.01,0.046,USD/lb,Authentic Futures Market Feed (1-Year 60m Candles)
2026-06-24 00:00,2026-06-24,0,Copper,HG=F,6.113,6.114,6.098,6.11,283,-0.05,-0.003,-0.013,USD/lb,Authentic Futures Market Feed (1-Year 60m Candles)
2026-06-24 01:00,2026-06-24,1,Copper,HG=F,6.111,6.147,6.109,6.139,1158,0.47000000000000003,0.028,0.031,USD/lb,Authentic Futures Market Feed (1-Year 60m Candles)
2026-06-24 02:00,2026-06-24,2,Copper,HG=F,6.139,6.165,6.135,6.137,2618,-0.03,-0.002,-0.03,USD/lb,Authentic Futures Market Feed (1-Year 60m Candles)
2026-06-24 03:00,2026-06-24,3,Copper,HG=F,6.136,6.139,6.113,6.129,2058,-0.13,-0.007,-0.005,USD/lb,Authentic Futures Market Feed (1-Year 60m Candles)
2026-06-24 04:00,2026-06-24,4,Copper,HG=F,6.13,6.147,6.124,6.129,1706,0.0,-0.001,0.006,USD/lb,Authentic Futures Market Feed (1-Year 60m Candles)
2026-06-24 05:00,2026-06-24,5,Copper,HG=F,6.13,6.13,6.103,6.104,2204,-0.41000000000000003,-0.026,-0.025,USD/lb,Authentic Futures Market Feed (1-Year 60m Candles)
2026-06-24 06:00,2026-06-24,6,Copper,HG=F,6.104,6.104,6.057,6.068,2862,-0.59,-0.036,-0.01,USD/lb,Authentic Futures Market Feed (1-Year 60m Candles)
2026-06-24 07:00,2026-06-24,7,Copper,HG=F,6.068,6.071,6.043,6.062,4372,-0.1,-0.006,0.03,USD/lb,Authentic Futures Market Feed (1-Year 60m Candles)
2026-06-24 08:00,2026-06-24,8,Copper,HG=F,6.062,6.069,6.043,6.049,8287,-0.21,-0.013,-0.007,USD/lb,Authentic Futures Market Feed (1-Year 60m Candles)
2026-06-24 09:00,2026-06-24,9,Copper,HG=F,6.048,6.05,5.968,6.011,11083,-0.63,-0.037,-0.024,USD/lb,Authentic Futures Market Feed (1-Year 60m Candles)
2026-06-24 10:00,2026-06-24,10,Copper,HG=F,6.01,6.01,5.969,5.977,5570,-0.5700000000000001,-0.033,0.004,USD/lb,Authentic Futures Market Feed (1-Year 60m Candles)
2026-06-24 11:00,2026-06-24,11,Copper,HG=F,5.978,5.992,5.959,5.98,5247,0.05,0.002,0.035,USD/lb,Authentic Futures Market Feed (1-Year 60m Candles)
2026-06-24 12:00,2026-06-24,12,Copper,HG=F,5.979,5.98,5.939,5.951,5989,-0.48,-0.028,-0.03,USD/lb,Authentic Futures Market Feed (1-Year 60m Candles)
2026-06-24 13:00,2026-06-24,13,Copper,HG=F,5.951,5.957,5.924,5.938,2776,-0.22,-0.013,0.015,USD/lb,Authentic Futures Market Feed (1-Year 60m Candles)
2026-06-24 14:00,2026-06-24,14,Copper,HG=F,5.938,5.957,5.924,5.935,1872,-0.05,-0.003,0.01,USD/lb,Authentic Futures Market Feed (1-Year 60m Candles)
2026-06-24 15:00,2026-06-24,15,Copper,HG=F,5.935,5.965,5.926,5.958,1754,0.38999999999999996,0.023,0.026,USD/lb,Authentic Futures Market Feed (1-Year 60m Candles)
2026-06-24 16:00,2026-06-24,16,Copper,HG=F,5.958,5.993,5.955,5.985,0,0.44999999999999996,0.027,0.004,USD/lb,Authentic Futures Market Feed (1-Year 60m Candles)
2026-06-24 18:00,2026-06-24,18,Copper,HG=F,5.985,5.988,5.975,5.975,173,-0.16999999999999998,-0.01,-0.037,USD/lb,Authentic Futures Market Feed (1-Year 60m Candles)
2026-06-24 19:00,2026-06-24,19,Copper,HG=F,5.974,5.984,5.971,5.976,198,0.02,0.002,0.012,USD/lb,Authentic Futures Market Feed (1-Year 60m Candles)
2026-06-24 20:00,2026-06-24,20,Copper,HG=F,5.977,5.993,5.971,5.99,507,0.22999999999999998,0.013,0.011,USD/lb,Authentic Futures Market Feed (1-Year 60m Candles)
2026-06-24 21:00,2026-06-24,21,Copper,HG=F,5.992,5.994,5.958,5.964,756,-0.43,-0.028,-0.041,USD/lb,Authentic Futures Market Feed (1-Year 60m Candles)
2026-06-24 22:00,2026-06-24,22,Copper,HG=F,5.966,5.983,5.951,5.983,674,0.32,0.017,0.045,USD/lb,Authentic Futures Market Feed (1-Year 60m Candles)
2026-06-24 23:00,2026-06-24,23,Copper,HG=F,5.982,6.006,5.971,6.005,769,0.37,0.023,0.006,USD/lb,Authentic Futures Market Feed (1-Year 60m Candles)
2026-06-25 00:00,2026-06-25,0,Copper,HG=F,6.004,6.015,6.003,6.013,382,0.13,0.009,-0.014,USD/lb,Authentic Futures Market Feed (1-Year 60m Candles)
2026-06-25 01:00,2026-06-25,1,Copper,HG=F,6.012,6.015,5.984,5.984,627,-0.48,-0.028,-0.037,USD/lb,Authentic Futures Market Feed (1-Year 60m Candles)
2026-06-25 02:00,2026-06-25,2,Copper,HG=F,5.984,5.99,5.969,5.977,653,-0.12,-0.007,0.021,USD/lb,Authentic Futures Market Feed (1-Year 60m Candles)
2026-06-25 03:00,2026-06-25,3,Copper,HG=F,5.977,6.063,5.965,6.061,4037,1.41,0.084,0.091,USD/lb,Authentic Futures Market Feed (1-Year 60m Candles)
2026-06-25 04:00,2026-06-25,4,Copper,HG=F,6.062,6.095,6.062,6.085,3172,0.4,0.023,-0.061,USD/lb,Authentic Futures Market Feed (1-Year 60m Candles)
2026-06-25 05:00,2026-06-25,5,Copper,HG=F,6.084,6.11,6.084,6.102,2231,0.27999999999999997,0.018,-0.005,USD/lb,Authentic Futures Market Feed (1-Year 60m Candles)
2026-06-25 06:00,2026-06-25,6,Copper,HG=F,6.102,6.102,6.083,6.085,1997,-0.27999999999999997,-0.017,-0.035,USD/lb,Authentic Futures Market Feed (1-Year 60m Candles)
2026-06-25 07:00,2026-06-25,7,Copper,HG=F,6.086,6.096,6.08,6.088,1770,0.05,0.002,0.019,USD/lb,Authentic Futures Market Feed (1-Year 60m Candles)
2026-06-25 08:00,2026-06-25,8,Copper,HG=F,6.089,6.141,6.079,6.141,5387,0.8699999999999999,0.052,0.05,USD/lb,Authentic Futures Market Feed (1-Year 60m Candles)
2026-06-25 09:00,2026-06-25,9,Copper,HG=F,6.141,6.142,6.073,6.076,7777,-1.06,-0.065,-0.117,USD/lb,Authentic Futures Market Feed (1-Year 60m Candles)
2026-06-25 10:00,2026-06-25,10,Copper,HG=F,6.076,6.128,6.076,6.122,4868,0.76,0.046,0.111,USD/lb,Authentic Futures Market Feed (1-Year 60m Candles)
2026-06-25 11:00,2026-06-25,11,Copper,HG=F,6.123,6.148,6.108,6.145,4638,0.38,0.022,-0.024,USD/lb,Authentic Futures Market Feed (1-Year 60m Candles)
2026-06-25 12:00,2026-06-25,12,Copper,HG=F,6.147,6.154,6.134,6.139,4726,-0.1,-0.008,-0.03,USD/lb,Authentic Futures Market Feed (1-Year 60m Candles)
2026-06-25 13:00,2026-06-25,13,Copper,HG=F,6.137,6.146,6.135,6.145,3399,0.1,0.008,0.016,USD/lb,Authentic Futures Market Feed (1-Year 60m Candles)
2026-06-25 14:00,2026-06-25,14,Copper,HG=F,6.146,6.152,6.136,6.146,1866,0.02,0.0,-0.008,USD/lb,Authentic Futures Market Feed (1-Year 60m Candles)
2026-06-25 15:00,2026-06-25,15,Copper,HG=F,6.146,6.148,6.122,6.133,1117,-0.21,-0.013,-0.013,USD/lb,Authentic Futures Market Feed (1-Year 60m Candles)
2026-06-25 16:00,2026-06-25,16,Copper,HG=F,6.135,6.144,6.126,6.13,345,-0.05,-0.005,0.008,USD/lb,Authentic Futures Market Feed (1-Year 60m Candles)
2026-06-25 18:00,2026-06-25,18,Copper,HG=F,6.131,6.136,6.083,6.122,0,-0.13,-0.009,-0.004,USD/lb,Authentic Futures Market Feed (1-Year 60m Candles)
2026-06-25 19:00,2026-06-25,19,Copper,HG=F,6.122,6.131,6.115,6.117,115,-0.08,-0.005,0.004,USD/lb,Authentic Futures Market Feed (1-Year 60m Candles)
2026-06-25 20:00,2026-06-25,20,Copper,HG=F,6.117,6.12,6.102,6.104,398,-0.21,-0.013,-0.008,USD/lb,Authentic Futures Market Feed (1-Year 60m Candles)
2026-06-25 21:00,2026-06-25,21,Copper,HG=F,6.104,6.117,6.072,6.082,1064,-0.36,-0.022,-0.009,USD/lb,Authentic Futures Market Feed (1-Year 60m Candles)
2026-06-25 22:00,2026-06-25,22,Copper,HG=F,6.082,6.083,6.039,6.045,2101,-0.61,-0.037,-0.015,USD/lb,Authentic Futures Market Feed (1-Year 60m Candles)
2026-06-25 23:00,2026-06-25,23,Copper,HG=F,6.045,6.053,6.03,6.042,1076,-0.05,-0.003,0.034,USD/lb,Authentic Futures Market Feed (1-Year 60m Candles)
2026-06-26 00:00,2026-06-26,0,Copper,HG=F,6.043,6.047,6.026,6.028,387,-0.22999999999999998,-0.015,-0.012,USD/lb,Authentic Futures Market Feed (1-Year 60m Candles)
2026-06-26 01:00,2026-06-26,1,Copper,HG=F,6.028,6.069,6.023,6.052,1032,0.4,0.024,0.039,USD/lb,Authentic Futures Market Feed (1-Year 60m Candles)
2026-06-26 02:00,2026-06-26,2,Copper,HG=F,6.056,6.093,6.044,6.089,1692,0.61,0.033,0.009,USD/lb,Authentic Futures Market Feed (1-Year 60m Candles)
2026-06-26 03:00,2026-06-26,3,Copper,HG=F,6.089,6.099,6.07,6.095,2291,0.1,0.006,-0.027,USD/lb,Authentic Futures Market Feed (1-Year 60m Candles)
2026-06-26 04:00,2026-06-26,4,Copper,HG=F,6.095,6.116,6.089,6.114,1492,0.31,0.019,0.013,USD/lb,Authentic Futures Market Feed (1-Year 60m Candles)
2026-06-26 05:00,2026-06-26,5,Copper,HG=F,6.115,6.137,6.109,6.129,1293,0.25,0.014,-0.005,USD/lb,Authentic Futures Market Feed (1-Year 60m Candles)
2026-06-26 06:00,2026-06-26,6,Copper,HG=F,6.128,6.169,6.123,6.165,1836,0.59,0.037,0.023,USD/lb,Authentic Futures Market Feed (1-Year 60m Candles)
2026-06-26 07:00,2026-06-26,7,Copper,HG=F,6.166,6.192,6.164,6.177,2437,0.19,0.011,-0.026,USD/lb,Authentic Futures Market Feed (1-Year 60m Candles)
2026-06-26 08:00,2026-06-26,8,Copper,HG=F,6.177,6.194,6.163,6.17,4946,-0.11,-0.007,-0.018,USD/lb,Authentic Futures Market Feed (1-Year 60m Candles)
2026-06-26 09:00,2026-06-26,9,Copper,HG=F,6.17,6.188,6.152,6.183,4871,0.21,0.013,0.02,USD/lb,Authentic Futures Market Feed (1-Year 60m Candles)
2026-06-26 10:00,2026-06-26,10,Copper,HG=F,6.184,6.243,6.184,6.213,6616,0.49,0.029,0.016,USD/lb,Authentic Futures Market Feed (1-Year 60m Candles)
2026-06-26 11:00,2026-06-26,11,Copper,HG=F,6.214,6.226,6.183,6.207,4640,-0.1,-0.007,-0.036,USD/lb,Authentic Futures Market Feed (1-Year 60m Candles)
2026-06-26 12:00,2026-06-26,12,Copper,HG=F,6.207,6.216,6.2,6.208,3572,0.02,0.001,0.008,USD/lb,Authentic Futures Market Feed (1-Year 60m Candles)
2026-06-26 13:00,2026-06-26,13,Copper,HG=F,6.208,6.214,6.193,6.194,2141,-0.22999999999999998,-0.014,-0.015,USD/lb,Authentic Futures Market Feed (1-Year 60m Candles)
2026-06-26 14:00,2026-06-26,14,Copper,HG=F,6.193,6.199,6.18,6.18,778,-0.22999999999999998,-0.013,0.001,USD/lb,Authentic Futures Market Feed (1-Year 60m Candles)
2026-06-26 15:00,2026-06-26,15,Copper,HG=F,6.181,6.193,6.176,6.187,796,0.11,0.006,0.019,USD/lb,Authentic Futures Market Feed (1-Year 60m Candles)
2026-06-26 16:00,2026-06-26,16,Copper,HG=F,6.188,6.207,6.18,6.207,590,0.32,0.019,0.013,USD/lb,Authentic Futures Market Feed (1-Year 60m Candles)
2026-06-28 18:00,2026-06-28,18,Copper,HG=F,6.194,6.198,6.19,6.196,134,-0.18,0.002,-0.017,USD/lb,Authentic Futures Market Feed (1-Year 60m Candles)
2026-06-28 19:00,2026-06-28,19,Copper,HG=F,6.196,6.202,6.188,6.189,296,-0.11,-0.007,-0.009,USD/lb,Authentic Futures Market Feed (1-Year 60m Candles)
2026-06-28 20:00,2026-06-28,20,Copper,HG=F,6.189,6.191,6.162,6.177,716,-0.19,-0.012,-0.005,USD/lb,Authentic Futures Market Feed (1-Year 60m Candles)
2026-06-28 21:00,2026-06-28,21,Copper,HG=F,6.177,6.181,6.151,6.154,1069,-0.37,-0.023,-0.011,USD/lb,Authentic Futures Market Feed (1-Year 60m Candles)
2026-06-28 22:00,2026-06-28,22,Copper,HG=F,6.155,6.199,6.153,6.188,800,0.5499999999999999,0.033,0.056,USD/lb,Authentic Futures Market Feed (1-Year 60m Candles)
2026-06-28 23:00,2026-06-28,23,Copper,HG=F,6.189,6.21,6.188,6.201,609,0.21,0.012,-0.021,USD/lb,Authentic Futures Market Feed (1-Year 60m Candles)
2026-06-29 00:00,2026-06-29,0,Copper,HG=F,6.198,6.2,6.182,6.184,125,-0.27,-0.014,-0.026,USD/lb,Authentic Futures Market Feed (1-Year 60m Candles)
2026-06-29 01:00,2026-06-29,1,Copper,HG=F,6.184,6.226,6.174,6.226,937,0.6799999999999999,0.042,0.056,USD/lb,Authentic Futures Market Feed (1-Year 60m Candles)
2026-06-29 02:00,2026-06-29,2,Copper,HG=F,6.227,6.24,6.214,6.218,1031,-0.13,-0.009,-0.051,USD/lb,Authentic Futures Market Feed (1-Year 60m Candles)
2026-06-29 03:00,2026-06-29,3,Copper,HG=F,6.219,6.221,6.196,6.197,700,-0.33999999999999997,-0.022,-0.013,USD/lb,Authentic Futures Market Feed (1-Year 60m Candles)
2026-06-29 04:00,2026-06-29,4,Copper,HG=F,6.197,6.198,6.178,6.181,1356,-0.26,-0.016,0.006,USD/lb,Authentic Futures Market Feed (1-Year 60m Candles)
2026-06-29 05:00,2026-06-29,5,Copper,HG=F,6.181,6.185,6.168,6.175,1184,-0.1,-0.006,0.01,USD/lb,Authentic Futures Market Feed (1-Year 60m Candles)
2026-06-29 06:00,2026-06-29,6,Copper,HG=F,6.175,6.187,6.173,6.187,547,0.19,0.012,0.018,USD/lb,Authentic Futures Market Feed (1-Year 60m Candles)
2026-06-29 07:00,2026-06-29,7,Copper,HG=F,6.186,6.206,6.18,6.2,1262,0.21,0.014,0.002,USD/lb,Authentic Futures Market Feed (1-Year 60m Candles)
2026-06-29 08:00,2026-06-29,8,Copper,HG=F,6.2,6.206,6.184,6.184,2736,-0.26,-0.016,-0.03,USD/lb,Authentic Futures Market Feed (1-Year 60m Candles)
2026-06-29 09:00,2026-06-29,9,Copper,HG=F,6.183,6.192,6.146,6.149,3556,-0.5700000000000001,-0.034,-0.018,USD/lb,Authentic Futures Market Feed (1-Year 60m Candles)
2026-06-29 10:00,2026-06-29,10,Copper,HG=F,6.149,6.166,6.135,6.147,3545,-0.03,-0.002,0.032,USD/lb,Authentic Futures Market Feed (1-Year 60m Candles)
2026-06-29 11:00,2026-06-29,11,Copper,HG=F,6.148,6.169,6.134,6.165,3960,0.29,0.017,0.019,USD/lb,Authentic Futures Market Feed (1-Year 60m Candles)
2026-06-29 12:00,2026-06-29,12,Copper,HG=F,6.165,6.173,6.161,6.162,4164,-0.05,-0.003,-0.02,USD/lb,Authentic Futures Market Feed (1-Year 60m Candles)
2026-06-29 13:00,2026-06-29,13,Copper,HG=F,6.161,6.176,6.161,6.174,2477,0.19,0.013,0.016,USD/lb,Authentic Futures Market Feed (1-Year 60m Candles)
2026-06-29 14:00,2026-06-29,14,Copper,HG=F,6.175,6.18,6.171,6.176,769,0.03,0.001,-0.012,USD/lb,Authentic Futures Market Feed (1-Year 60m Candles)
2026-06-29 15:00,2026-06-29,15,Copper,HG=F,6.176,6.178,6.171,6.174,378,-0.03,-0.002,-0.003,USD/lb,Authentic Futures Market Feed (1-Year 60m Candles)
2026-06-29 16:00,2026-06-29,16,Copper,HG=F,6.175,6.176,6.172,6.174,0,0.0,-0.001,0.001,USD/lb,Authentic Futures Market Feed (1-Year 60m Candles)
2026-06-29 18:00,2026-06-29,18,Copper,HG=F,6.175,6.177,6.169,6.176,82,0.03,0.001,0.002,USD/lb,Authentic Futures Market Feed (1-Year 60m Candles)
2026-06-29 19:00,2026-06-29,19,Copper,HG=F,6.177,6.185,6.175,6.177,142,0.02,0.0,-0.001,USD/lb,Authentic Futures Market Feed (1-Year 60m Candles)
2026-06-29 20:00,2026-06-29,20,Copper,HG=F,6.175,6.182,6.153,6.157,935,-0.32,-0.018,-0.018,USD/lb,Authentic Futures Market Feed (1-Year 60m Candles)
2026-06-29 21:00,2026-06-29,21,Copper,HG=F,6.161,6.169,6.109,6.153,1806,-0.06,-0.008,0.01,USD/lb,Authentic Futures Market Feed (1-Year 60m Candles)
2026-06-29 22:00,2026-06-29,22,Copper,HG=F,6.157,6.183,6.141,6.175,1204,0.36,0.018,0.026,USD/lb,Authentic Futures Market Feed (1-Year 60m Candles)
2026-06-29 23:00,2026-06-29,23,Copper,HG=F,6.174,6.194,6.174,6.176,495,0.02,0.002,-0.016,USD/lb,Authentic Futures Market Feed (1-Year 60m Candles)
2026-06-30 00:00,2026-06-30,0,Copper,HG=F,6.18,6.196,6.18,6.187,443,0.18,0.007,0.005,USD/lb,Authentic Futures Market Feed (1-Year 60m Candles)
2026-06-30 01:00,2026-06-30,1,Copper,HG=F,6.187,6.19,6.174,6.175,307,-0.19,-0.012,-0.019,USD/lb,Authentic Futures Market Feed (1-Year 60m Candles)
2026-06-30 02:00,2026-06-30,2,Copper,HG=F,6.177,6.266,6.173,6.265,2681,1.46,0.088,0.1,USD/lb,Authentic Futures Market Feed (1-Year 60m Candles)
2026-06-30 03:00,2026-06-30,3,Copper,HG=F,6.265,6.289,6.256,6.266,3813,0.02,0.001,-0.087,USD/lb,Authentic Futures Market Feed (1-Year 60m Candles)
2026-06-30 04:00,2026-06-30,4,Copper,HG=F,6.266,6.274,6.218,6.222,1664,-0.7000000000000001,-0.044,-0.045,USD/lb,Authentic Futures Market Feed (1-Year 60m Candles)
2026-06-30 05:00,2026-06-30,5,Copper,HG=F,6.224,6.247,6.219,6.247,1116,0.4,0.023,0.067,USD/lb,Authentic Futures Market Feed (1-Year 60m Candles)
2026-06-30 06:00,2026-06-30,6,Copper,HG=F,6.249,6.253,6.23,6.251,1126,0.06,0.002,-0.021,USD/lb,Authentic Futures Market Feed (1-Year 60m Candles)
2026-06-30 07:00,2026-06-30,7,Copper,HG=F,6.252,6.264,6.245,6.258,2781,0.11,0.006,0.004,USD/lb,Authentic Futures Market Feed (1-Year 60m Candles)
2026-06-30 08:00,2026-06-30,8,Copper,HG=F,6.259,6.269,6.235,6.255,3659,-0.05,-0.004,-0.01,USD/lb,Authentic Futures Market Feed (1-Year 60m Candles)
2026-06-30 09:00,2026-06-30,9,Copper,HG=F,6.254,6.262,6.228,6.246,3797,-0.13999999999999999,-0.008,-0.004,USD/lb,Authentic Futures Market Feed (1-Year 60m Candles)
2026-06-30 10:00,2026-06-30,10,Copper,HG=F,6.242,6.322,6.242,6.269,7857,0.37,0.027,0.035,USD/lb,Authentic Futures Market Feed (1-Year 60m Candles)
2026-06-30 11:00,2026-06-30,11,Copper,HG=F,6.267,6.281,6.253,6.255,2456,-0.22,-0.012,-0.039,USD/lb,Authentic Futures Market Feed (1-Year 60m Candles)
2026-06-30 12:00,2026-06-30,12,Copper,HG=F,6.255,6.273,6.251,6.251,3001,-0.06,-0.004,0.008,USD/lb,Authentic Futures Market Feed (1-Year 60m Candles)
2026-06-30 13:00,2026-06-30,13,Copper,HG=F,6.252,6.26,6.245,6.258,1474,0.11,0.006,0.01,USD/lb,Authentic Futures Market Feed (1-Year 60m Candles)
2026-06-30 14:00,2026-06-30,14,Copper,HG=F,6.259,6.264,6.255,6.26,532,0.03,0.001,-0.005,USD/lb,Authentic Futures Market Feed (1-Year 60m Candles)
2026-06-30 15:00,2026-06-30,15,Copper,HG=F,6.26,6.264,6.249,6.253,820,-0.11,-0.007,-0.008,USD/lb,Authentic Futures Market Feed (1-Year 60m Candles)
2026-06-30 16:00,2026-06-30,16,Copper,HG=F,6.253,6.258,6.246,6.247,0,-0.1,-0.006,0.001,USD/lb,Authentic Futures Market Feed (1-Year 60m Candles)
2026-06-30 18:00,2026-06-30,18,Copper,HG=F,6.252,6.258,6.248,6.253,174,0.1,0.001,0.007,USD/lb,Authentic Futures Market Feed (1-Year 60m Candles)
2026-06-30 19:00,2026-06-30,19,Copper,HG=F,6.253,6.254,6.248,6.249,71,-0.06,-0.004,-0.005,USD/lb,Authentic Futures Market Feed (1-Year 60m Candles)
2026-06-30 20:00,2026-06-30,20,Copper,HG=F,6.248,6.251,6.221,6.226,594,-0.37,-0.022,-0.018,USD/lb,Authentic Futures Market Feed (1-Year 60m Candles)
2026-06-30 21:00,2026-06-30,21,Copper,HG=F,6.227,6.229,6.162,6.168,1683,-0.9299999999999999,-0.059,-0.037,USD/lb,Authentic Futures Market Feed (1-Year 60m Candles)
2026-06-30 22:00,2026-06-30,22,Copper,HG=F,6.168,6.172,6.131,6.135,1548,-0.54,-0.033,0.026,USD/lb,Authentic Futures Market Feed (1-Year 60m Candles)
2026-06-30 23:00,2026-06-30,23,Copper,HG=F,6.135,6.153,6.135,6.152,644,0.27999999999999997,0.017,0.05,USD/lb,Authentic Futures Market Feed (1-Year 60m Candles)
2026-07-01 00:00,2026-07-01,0,Copper,HG=F,6.149,6.151,6.137,6.143,338,-0.15,-0.006,-0.023,USD/lb,Authentic Futures Market Feed (1-Year 60m Candles)
2026-07-01 01:00,2026-07-01,1,Copper,HG=F,6.141,6.146,6.124,6.136,708,-0.11,-0.005,0.001,USD/lb,Authentic Futures Market Feed (1-Year 60m Candles)
2026-07-01 02:00,2026-07-01,2,Copper,HG=F,6.135,6.152,6.122,6.14,1024,0.06999999999999999,0.005,0.01,USD/lb,Authentic Futures Market Feed (1-Year 60m Candles)
2026-07-01 03:00,2026-07-01,3,Copper,HG=F,6.14,6.167,6.139,6.15,1331,0.16,0.01,0.005,USD/lb,Authentic Futures Market Feed (1-Year 60m Candles)
2026-07-01 04:00,2026-07-01,4,Copper,HG=F,6.149,6.151,6.114,6.117,1818,-0.54,-0.032,-0.042,USD/lb,Authentic Futures Market Feed (1-Year 60m Candles)
2026-07-01 05:00,2026-07-01,5,Copper,HG=F,6.117,6.137,6.112,6.123,1332,0.1,0.006,0.038,USD/lb,Authentic Futures Market Feed (1-Year 60m Candles)
2026-07-01 06:00,2026-07-01,6,Copper,HG=F,6.122,6.127,6.086,6.127,2298,0.06999999999999999,0.005,-0.001,USD/lb,Authentic Futures Market Feed (1-Year 60m Candles)
2026-07-01 07:00,2026-07-01,7,Copper,HG=F,6.126,6.168,6.122,6.154,2439,0.44,0.028,0.023,USD/lb,Authentic Futures Market Feed (1-Year 60m Candles)
2026-07-01 08:00,2026-07-01,8,Copper,HG=F,6.153,6.168,6.135,6.15,2396,-0.06,-0.003,-0.031,USD/lb,Authentic Futures Market Feed (1-Year 60m Candles)
2026-07-01 09:00,2026-07-01,9,Copper,HG=F,6.151,6.225,6.135,6.21,5930,0.98,0.059,0.062,USD/lb,Authentic Futures Market Feed (1-Year 60m Candles)
2026-07-01 10:00,2026-07-01,10,Copper,HG=F,6.21,6.236,6.182,6.186,4137,-0.38999999999999996,-0.024,-0.083,USD/lb,Authentic Futures Market Feed (1-Year 60m Candles)
2026-07-01 11:00,2026-07-01,11,Copper,HG=F,6.187,6.195,6.177,6.182,2372,-0.06,-0.005,0.019,USD/lb,Authentic Futures Market Feed (1-Year 60m Candles)
2026-07-01 12:00,2026-07-01,12,Copper,HG=F,6.182,6.202,6.177,6.181,3694,-0.02,-0.001,0.004,USD/lb,Authentic Futures Market Feed (1-Year 60m Candles)
2026-07-01 13:00,2026-07-01,13,Copper,HG=F,6.18,6.182,6.17,6.173,1791,-0.13,-0.007,-0.006,USD/lb,Authentic Futures Market Feed (1-Year 60m Candles)
2026-07-01 14:00,2026-07-01,14,Copper,HG=F,6.173,6.175,6.165,6.168,615,-0.08,-0.005,0.002,USD/lb,Authentic Futures Market Feed (1-Year 60m Candles)
2026-07-01 15:00,2026-07-01,15,Copper,HG=F,6.169,6.177,6.16,6.161,594,-0.11,-0.008,-0.003,USD/lb,Authentic Futures Market Feed (1-Year 60m Candles)
2026-07-01 16:00,2026-07-01,16,Copper,HG=F,6.161,6.162,6.15,6.156,460,-0.08,-0.005,0.003,USD/lb,Authentic Futures Market Feed (1-Year 60m Candles)
2026-07-01 18:00,2026-07-01,18,Copper,HG=F,6.164,6.164,6.156,6.162,0,0.1,-0.002,0.003,USD/lb,Authentic Futures Market Feed (1-Year 60m Candles)
2026-07-01 19:00,2026-07-01,19,Copper,HG=F,6.161,6.161,6.148,6.155,178,-0.11,-0.006,-0.004,USD/lb,Authentic Futures Market Feed (1-Year 60m Candles)
2026-07-01 20:00,2026-07-01,20,Copper,HG=F,6.155,6.16,6.143,6.156,583,0.02,0.001,0.007,USD/lb,Authentic Futures Market Feed (1-Year 60m Candles)
2026-07-01 21:00,2026-07-01,21,Copper,HG=F,6.159,6.184,6.154,6.168,1123,0.19,0.009,0.008,USD/lb,Authentic Futures Market Feed (1-Year 60m Candles)
2026-07-01 22:00,2026-07-01,22,Copper,HG=F,6.169,6.187,6.168,6.176,458,0.13,0.007,-0.002,USD/lb,Authentic Futures Market Feed (1-Year 60m Candles)
2026-07-01 23:00,2026-07-01,23,Copper,HG=F,6.176,6.184,6.146,6.181,625,0.08,0.005,-0.002,USD/lb,Authentic Futures Market Feed (1-Year 60m Candles)
2026-07-02 00:00,2026-07-02,0,Copper,HG=F,6.182,6.183,6.15,6.154,407,-0.44,-0.028,-0.033,USD/lb,Authentic Futures Market Feed (1-Year 60m Candles)
2026-07-02 01:00,2026-07-02,1,Copper,HG=F,6.154,6.155,6.127,6.149,979,-0.08,-0.005,0.023,USD/lb,Authentic Futures Market Feed (1-Year 60m Candles)
2026-07-02 02:00,2026-07-02,2,Copper,HG=F,6.15,6.165,6.139,6.14,1341,-0.15,-0.01,-0.005,USD/lb,Authentic Futures Market Feed (1-Year 60m Candles)
2026-07-02 03:00,2026-07-02,3,Copper,HG=F,6.141,6.144,6.115,6.129,1177,-0.18,-0.012,-0.002,USD/lb,Authentic Futures Market Feed (1-Year 60m Candles)
2026-07-02 04:00,2026-07-02,4,Copper,HG=F,6.128,6.17,6.127,6.156,777,0.44,0.028,0.04,USD/lb,Authentic Futures Market Feed (1-Year 60m Candles)
2026-07-02 05:00,2026-07-02,5,Copper,HG=F,6.156,6.157,6.135,6.141,427,-0.24,-0.015,-0.043,USD/lb,Authentic Futures Market Feed (1-Year 60m Candles)
2026-07-02 06:00,2026-07-02,6,Copper,HG=F,6.14,6.152,6.134,6.139,619,-0.03,-0.001,0.014,USD/lb,Authentic Futures Market Feed (1-Year 60m Candles)
2026-07-02 07:00,2026-07-02,7,Copper,HG=F,6.139,6.154,6.134,6.146,781,0.11,0.007,0.008,USD/lb,Authentic Futures Market Feed (1-Year 60m Candles)
2026-07-02 08:00,2026-07-02,8,Copper,HG=F,6.144,6.209,6.135,6.183,2942,0.6,0.039,0.032,USD/lb,Authentic Futures Market Feed (1-Year 60m Candles)
2026-07-02 09:00,2026-07-02,9,Copper,HG=F,6.183,6.227,6.182,6.217,2825,0.5499999999999999,0.034,-0.005,USD/lb,Authentic Futures Market Feed (1-Year 60m Candles)
2026-07-02 10:00,2026-07-02,10,Copper,HG=F,6.214,6.214,6.18,6.2,2367,-0.27,-0.014,-0.048,USD/lb,Authentic Futures Market Feed (1-Year 60m Candles)
2026-07-02 11:00,2026-07-02,11,Copper,HG=F,6.2,6.201,6.174,6.183,2203,-0.27,-0.017,-0.003,USD/lb,Authentic Futures Market Feed (1-Year 60m Candles)
2026-07-02 12:00,2026-07-02,12,Copper,HG=F,6.183,6.186,6.163,6.168,2806,-0.24,-0.015,0.002,USD/lb,Authentic Futures Market Feed (1-Year 60m Candles)
2026-07-02 13:00,2026-07-02,13,Copper,HG=F,6.168,6.168,6.148,6.149,1316,-0.31,-0.019,-0.004,USD/lb,Authentic Futures Market Feed (1-Year 60m Candles)
2026-07-02 14:00,2026-07-02,14,Copper,HG=F,6.149,6.173,6.147,6.17,474,0.33999999999999997,0.021,0.04,USD/lb,Authentic Futures Market Feed (1-Year 60m Candles)
2026-07-02 15:00,2026-07-02,15,Copper,HG=F,6.17,6.177,6.154,6.175,408,0.08,0.005,-0.016,USD/lb,Authentic Futures Market Feed (1-Year 60m Candles)
2026-07-02 16:00,2026-07-02,16,Copper,HG=F,6.175,6.179,6.168,6.175,335,0.0,0.0,-0.005,USD/lb,Authentic Futures Market Feed (1-Year 60m Candles)
2026-07-02 18:00,2026-07-02,18,Copper,HG=F,6.174,6.179,6.171,6.175,0,0.0,0.001,0.001,USD/lb,Authentic Futures Market Feed (1-Year 60m Candles)
2026-07-02 19:00,2026-07-02,19,Copper,HG=F,6.176,6.181,6.175,6.178,60,0.05,0.002,0.001,USD/lb,Authentic Futures Market Feed (1-Year 60m Candles)
2026-07-02 20:00,2026-07-02,20,Copper,HG=F,6.179,6.192,6.172,6.188,220,0.16,0.009,0.007,USD/lb,Authentic Futures Market Feed (1-Year 60m Candles)
2026-07-02 21:00,2026-07-02,21,Copper,HG=F,6.189,6.262,6.188,6.254,1430,1.0699999999999998,0.065,0.056,USD/lb,Authentic Futures Market Feed (1-Year 60m Candles)
2026-07-02 22:00,2026-07-02,22,Copper,HG=F,6.255,6.266,6.241,6.258,583,0.06,0.003,-0.062,USD/lb,Authentic Futures Market Feed (1-Year 60m Candles)
2026-07-02 23:00,2026-07-02,23,Copper,HG=F,6.256,6.264,6.245,6.249,361,-0.13999999999999999,-0.007,-0.01,USD/lb,Authentic Futures Market Feed (1-Year 60m Candles)
2026-07-05 18:00,2026-07-05,18,Copper,HG=F,6.209,6.246,6.203,6.237,390,-0.19,0.028,0.035,USD/lb,Authentic Futures Market Feed (1-Year 60m Candles)
2026-07-05 19:00,2026-07-05,19,Copper,HG=F,6.238,6.245,6.224,6.234,183,-0.05,-0.004,-0.032,USD/lb,Authentic Futures Market Feed (1-Year 60m Candles)
2026-07-05 20:00,2026-07-05,20,Copper,HG=F,6.234,6.258,6.224,6.245,847,0.18,0.011,0.015,USD/lb,Authentic Futures Market Feed (1-Year 60m Candles)
2026-07-05 21:00,2026-07-05,21,Copper,HG=F,6.244,6.262,6.224,6.24,761,-0.08,-0.004,-0.015,USD/lb,Authentic Futures Market Feed (1-Year 60m Candles)
2026-07-05 22:00,2026-07-05,22,Copper,HG=F,6.241,6.244,6.208,6.214,655,-0.42,-0.027,-0.023,USD/lb,Authentic Futures Market Feed (1-Year 60m Candles)
2026-07-05 23:00,2026-07-05,23,Copper,HG=F,6.212,6.227,6.209,6.213,469,-0.02,0.001,0.028,USD/lb,Authentic Futures Market Feed (1-Year 60m Candles)
2026-07-06 00:00,2026-07-06,0,Copper,HG=F,6.212,6.224,6.2,6.214,404,0.02,0.002,0.001,USD/lb,Authentic Futures Market Feed (1-Year 60m Candles)
2026-07-06 01:00,2026-07-06,1,Copper,HG=F,6.217,6.232,6.207,6.217,641,0.05,0.0,-0.002,USD/lb,Authentic Futures Market Feed (1-Year 60m Candles)
2026-07-06 02:00,2026-07-06,2,Copper,HG=F,6.219,6.227,6.207,6.213,696,-0.06,-0.006,-0.006,USD/lb,Authentic Futures Market Feed (1-Year 60m Candles)
2026-07-06 03:00,2026-07-06,3,Copper,HG=F,6.214,6.255,6.213,6.253,1464,0.64,0.039,0.045,USD/lb,Authentic Futures Market Feed (1-Year 60m Candles)
2026-07-06 04:00,2026-07-06,4,Copper,HG=F,6.252,6.256,6.216,6.223,1328,-0.48,-0.029,-0.068,USD/lb,Authentic Futures Market Feed (1-Year 60m Candles)
2026-07-06 05:00,2026-07-06,5,Copper,HG=F,6.223,6.227,6.212,6.214,685,-0.13999999999999999,-0.009,0.02,USD/lb,Authentic Futures Market Feed (1-Year 60m Candles)
2026-07-06 06:00,2026-07-06,6,Copper,HG=F,6.214,6.231,6.207,6.228,535,0.22999999999999998,0.014,0.023,USD/lb,Authentic Futures Market Feed (1-Year 60m Candles)
2026-07-06 07:00,2026-07-06,7,Copper,HG=F,6.228,6.242,6.218,6.227,1132,-0.02,-0.001,-0.015,USD/lb,Authentic Futures Market Feed (1-Year 60m Candles)
2026-07-06 08:00,2026-07-06,8,Copper,HG=F,6.227,6.234,6.172,6.224,2885,-0.05,-0.003,-0.002,USD/lb,Authentic Futures Market Feed (1-Year 60m Candles)
2026-07-06 09:00,2026-07-06,9,Copper,HG=F,6.177,6.224,6.17,6.209,3095,-0.24,0.032,0.035,USD/lb,Authentic Futures Market Feed (1-Year 60m Candles)
2026-07-06 10:00,2026-07-06,10,Copper,HG=F,6.209,6.236,6.194,6.205,3040,-0.06,-0.004,-0.036,USD/lb,Authentic Futures Market Feed (1-Year 60m Candles)
2026-07-06 11:00,2026-07-06,11,Copper,HG=F,6.205,6.24,6.205,6.226,2017,0.33999999999999997,0.021,0.025,USD/lb,Authentic Futures Market Feed (1-Year 60m Candles)
2026-07-06 12:00,2026-07-06,12,Copper,HG=F,6.226,6.238,6.217,6.23,3436,0.06,0.004,-0.017,USD/lb,Authentic Futures Market Feed (1-Year 60m Candles)
2026-07-06 13:00,2026-07-06,13,Copper,HG=F,6.231,6.252,6.224,6.244,1624,0.22,0.013,0.009,USD/lb,Authentic Futures Market Feed (1-Year 60m Candles)
2026-07-06 14:00,2026-07-06,14,Copper,HG=F,6.244,6.258,6.224,6.254,326,0.16,0.01,-0.003,USD/lb,Authentic Futures Market Feed (1-Year 60m Candles)
2026-07-06 15:00,2026-07-06,15,Copper,HG=F,6.254,6.261,6.224,6.259,591,0.08,0.005,-0.005,USD/lb,Authentic Futures Market Feed (1-Year 60m Candles)
2026-07-06 16:00,2026-07-06,16,Copper,HG=F,6.258,6.258,6.224,6.224,377,-0.5599999999999999,-0.034,-0.039,USD/lb,Authentic Futures Market Feed (1-Year 60m Candles)
2026-07-06 18:00,2026-07-06,18,Copper,HG=F,6.249,6.256,6.242,6.25,0,0.42,0.001,0.035,USD/lb,Authentic Futures Market Feed (1-Year 60m Candles)
2026-07-06 19:00,2026-07-06,19,Copper,HG=F,6.25,6.252,6.24,6.24,124,-0.16,-0.01,-0.011,USD/lb,Authentic Futures Market Feed (1-Year 60m Candles)
2026-07-06 20:00,2026-07-06,20,Copper,HG=F,6.24,6.252,6.232,6.232,457,-0.13,-0.008,0.002,USD/lb,Authentic Futures Market Feed (1-Year 60m Candles)
2026-07-06 21:00,2026-07-06,21,Copper,HG=F,6.231,6.261,6.216,6.258,997,0.42,0.027,0.035,USD/lb,Authentic Futures Market Feed (1-Year 60m Candles)
2026-07-06 22:00,2026-07-06,22,Copper,HG=F,6.258,6.269,6.227,6.229,889,-0.45999999999999996,-0.029,-0.056,USD/lb,Authentic Futures Market Feed (1-Year 60m Candles)
2026-07-06 23:00,2026-07-06,23,Copper,HG=F,6.231,6.238,6.202,6.208,752,-0.33999999999999997,-0.023,0.006,USD/lb,Authentic Futures Market Feed (1-Year 60m Candles)
2026-07-07 00:00,2026-07-07,0,Copper,HG=F,6.209,6.216,6.198,6.199,475,-0.13999999999999999,-0.01,0.013,USD/lb,Authentic Futures Market Feed (1-Year 60m Candles)
2026-07-07 01:00,2026-07-07,1,Copper,HG=F,6.198,6.212,6.185,6.209,721,0.16,0.011,0.021,USD/lb,Authentic Futures Market Feed (1-Year 60m Candles)
2026-07-07 02:00,2026-07-07,2,Copper,HG=F,6.209,6.221,6.192,6.218,529,0.13999999999999999,0.009,-0.002,USD/lb,Authentic Futures Market Feed (1-Year 60m Candles)
2026-07-07 03:00,2026-07-07,3,Copper,HG=F,6.218,6.225,6.206,6.207,608,-0.18,-0.011,-0.02,USD/lb,Authentic Futures Market Feed (1-Year 60m Candles)
2026-07-07 04:00,2026-07-07,4,Copper,HG=F,6.209,6.24,6.209,6.231,723,0.38999999999999996,0.022,0.033,USD/lb,Authentic Futures Market Feed (1-Year 60m Candles)
2026-07-07 05:00,2026-07-07,5,Copper,HG=F,6.234,6.252,6.233,6.244,881,0.21,0.01,-0.012,USD/lb,Authentic Futures Market Feed (1-Year 60m Candles)
2026-07-07 06:00,2026-07-07,6,Copper,HG=F,6.244,6.248,6.227,6.235,440,-0.13999999999999999,-0.009,-0.019,USD/lb,Authentic Futures Market Feed (1-Year 60m Candles)
2026-07-07 07:00,2026-07-07,7,Copper,HG=F,6.236,6.238,6.221,6.233,978,-0.03,-0.003,0.006,USD/lb,Authentic Futures Market Feed (1-Year 60m Candles)
2026-07-07 08:00,2026-07-07,8,Copper,HG=F,6.235,6.246,6.22,6.229,1822,-0.06,-0.006,-0.003,USD/lb,Authentic Futures Market Feed (1-Year 60m Candles)
2026-07-07 09:00,2026-07-07,9,Copper,HG=F,6.231,6.283,6.224,6.245,4986,0.26,0.014,0.02,USD/lb,Authentic Futures Market Feed (1-Year 60m Candles)
2026-07-07 10:00,2026-07-07,10,Copper,HG=F,6.246,6.263,6.228,6.239,2310,-0.1,-0.007,-0.021,USD/lb,Authentic Futures Market Feed (1-Year 60m Candles)
2026-07-07 11:00,2026-07-07,11,Copper,HG=F,6.239,6.241,6.205,6.209,2841,-0.48,-0.03,-0.023,USD/lb,Authentic Futures Market Feed (1-Year 60m Candles)
2026-07-07 12:00,2026-07-07,12,Copper,HG=F,6.209,6.233,6.207,6.226,2970,0.27,0.017,0.047,USD/lb,Authentic Futures Market Feed (1-Year 60m Candles)
2026-07-07 13:00,2026-07-07,13,Copper,HG=F,6.227,6.227,6.207,6.212,1588,-0.22,-0.015,-0.032,USD/lb,Authentic Futures Market Feed (1-Year 60m Candles)
2026-07-07 14:00,2026-07-07,14,Copper,HG=F,6.213,6.217,6.192,6.193,773,-0.31,-0.02,-0.005,USD/lb,Authentic Futures Market Feed (1-Year 60m Candles)
2026-07-07 15:00,2026-07-07,15,Copper,HG=F,6.194,6.194,6.165,6.189,1247,-0.06,-0.005,0.015,USD/lb,Authentic Futures Market Feed (1-Year 60m Candles)
2026-07-07 16:00,2026-07-07,16,Copper,HG=F,6.188,6.188,6.178,6.182,341,-0.11,-0.006,-0.001,USD/lb,Authentic Futures Market Feed (1-Year 60m Candles)
2026-07-07 18:00,2026-07-07,18,Copper,HG=F,6.182,6.183,6.167,6.169,0,-0.21,-0.013,-0.007,USD/lb,Authentic Futures Market Feed (1-Year 60m Candles)
2026-07-07 19:00,2026-07-07,19,Copper,HG=F,6.17,6.172,6.161,6.164,282,-0.08,-0.006,0.007,USD/lb,Authentic Futures Market Feed (1-Year 60m Candles)
2026-07-07 20:00,2026-07-07,20,Copper,HG=F,6.164,6.187,6.16,6.183,927,0.31,0.019,0.025,USD/lb,Authentic Futures Market Feed (1-Year 60m Candles)
2026-07-07 21:00,2026-07-07,21,Copper,HG=F,6.183,6.194,6.171,6.191,1025,0.13,0.008,-0.011,USD/lb,Authentic Futures Market Feed (1-Year 60m Candles)
2026-07-07 22:00,2026-07-07,22,Copper,HG=F,6.192,6.198,6.18,6.191,392,0.0,-0.001,-0.009,USD/lb,Authentic Futures Market Feed (1-Year 60m Candles)
2026-07-07 23:00,2026-07-07,23,Copper,HG=F,6.192,6.219,6.192,6.208,527,0.27,0.016,0.017,USD/lb,Authentic Futures Market Feed (1-Year 60m Candles)
2026-07-08 00:00,2026-07-08,0,Copper,HG=F,6.208,6.214,6.201,6.207,199,-0.02,-0.001,-0.017,USD/lb,Authentic Futures Market Feed (1-Year 60m Candles)
2026-07-08 01:00,2026-07-08,1,Copper,HG=F,6.207,6.216,6.199,6.212,464,0.08,0.005,0.006,USD/lb,Authentic Futures Market Feed (1-Year 60m Candles)
2026-07-08 02:00,2026-07-08,2,Copper,HG=F,6.211,6.22,6.184,6.185,799,-0.43,-0.026,-0.031,USD/lb,Authentic Futures Market Feed (1-Year 60m Candles)
2026-07-08 03:00,2026-07-08,3,Copper,HG=F,6.185,6.188,6.152,6.167,2485,-0.29,-0.018,0.008,USD/lb,Authentic Futures Market Feed (1-Year 60m Candles)
2026-07-08 04:00,2026-07-08,4,Copper,HG=F,6.168,6.177,6.095,6.098,4119,-1.1199999999999999,-0.07,-0.052,USD/lb,Authentic Futures Market Feed (1-Year 60m Candles)
2026-07-08 05:00,2026-07-08,5,Copper,HG=F,6.098,6.099,6.076,6.09,5093,-0.13,-0.008,0.062,USD/lb,Authentic Futures Market Feed (1-Year 60m Candles)
2026-07-08 06:00,2026-07-08,6,Copper,HG=F,6.091,6.102,6.08,6.08,769,-0.16,-0.011,-0.003,USD/lb,Authentic Futures Market Feed (1-Year 60m Candles)
2026-07-08 07:00,2026-07-08,7,Copper,HG=F,6.081,6.093,6.064,6.08,3486,0.0,-0.001,0.01,USD/lb,Authentic Futures Market Feed (1-Year 60m Candles)
2026-07-08 08:00,2026-07-08,8,Copper,HG=F,6.081,6.103,6.07,6.089,3681,0.15,0.008,0.009,USD/lb,Authentic Futures Market Feed (1-Year 60m Candles)
2026-07-08 09:00,2026-07-08,9,Copper,HG=F,6.089,6.112,6.075,6.101,3399,0.2,0.012,0.004,USD/lb,Authentic Futures Market Feed (1-Year 60m Candles)
2026-07-08 10:00,2026-07-08,10,Copper,HG=F,6.101,6.112,6.082,6.085,2667,-0.26,-0.016,-0.028,USD/lb,Authentic Futures Market Feed (1-Year 60m Candles)
2026-07-08 11:00,2026-07-08,11,Copper,HG=F,6.086,6.088,6.062,6.078,3251,-0.12,-0.008,0.008,USD/lb,Authentic Futures Market Feed (1-Year 60m Candles)
2026-07-08 12:00,2026-07-08,12,Copper,HG=F,6.077,6.115,6.073,6.109,4372,0.51,0.032,0.04,USD/lb,Authentic Futures Market Feed (1-Year 60m Candles)
2026-07-08 13:00,2026-07-08,13,Copper,HG=F,6.108,6.136,6.107,6.124,1817,0.25,0.016,-0.016,USD/lb,Authentic Futures Market Feed (1-Year 60m Candles)
2026-07-08 14:00,2026-07-08,14,Copper,HG=F,6.122,6.136,6.121,6.129,472,0.08,0.007,-0.009,USD/lb,Authentic Futures Market Feed (1-Year 60m Candles)
2026-07-08 15:00,2026-07-08,15,Copper,HG=F,6.13,6.136,6.126,6.129,469,0.0,-0.001,-0.008,USD/lb,Authentic Futures Market Feed (1-Year 60m Candles)
2026-07-08 16:00,2026-07-08,16,Copper,HG=F,6.129,6.131,6.108,6.117,0,-0.2,-0.012,-0.011,USD/lb,Authentic Futures Market Feed (1-Year 60m Candles)
2026-07-08 18:00,2026-07-08,18,Copper,HG=F,6.115,6.126,6.113,6.123,167,0.1,0.008,0.02,USD/lb,Authentic Futures Market Feed (1-Year 60m Candles)
2026-07-08 19:00,2026-07-08,19,Copper,HG=F,6.122,6.128,6.12,6.127,75,0.06999999999999999,0.005,-0.003,USD/lb,Authentic Futures Market Feed (1-Year 60m Candles)
2026-07-08 20:00,2026-07-08,20,Copper,HG=F,6.127,6.13,6.122,6.128,305,0.02,0.001,-0.004,USD/lb,Authentic Futures Market Feed (1-Year 60m Candles)
2026-07-08 21:00,2026-07-08,21,Copper,HG=F,6.128,6.134,6.115,6.128,612,0.0,0.0,-0.001,USD/lb,Authentic Futures Market Feed (1-Year 60m Candles)
2026-07-08 22:00,2026-07-08,22,Copper,HG=F,6.13,6.14,6.106,6.106,776,-0.36,-0.024,-0.024,USD/lb,Authentic Futures Market Feed (1-Year 60m Candles)
2026-07-08 23:00,2026-07-08,23,Copper,HG=F,6.107,6.12,6.102,6.117,387,0.18,0.01,0.034,USD/lb,Authentic Futures Market Feed (1-Year 60m Candles)
2026-07-09 00:00,2026-07-09,0,Copper,HG=F,6.118,6.121,6.109,6.119,158,0.03,0.001,-0.009,USD/lb,Authentic Futures Market Feed (1-Year 60m Candles)
2026-07-09 01:00,2026-07-09,1,Copper,HG=F,6.119,6.161,6.118,6.157,986,0.62,0.038,0.037,USD/lb,Authentic Futures Market Feed (1-Year 60m Candles)
2026-07-09 02:00,2026-07-09,2,Copper,HG=F,6.159,6.207,6.155,6.205,2278,0.7799999999999999,0.046,0.008,USD/lb,Authentic Futures Market Feed (1-Year 60m Candles)
2026-07-09 03:00,2026-07-09,3,Copper,HG=F,6.206,6.214,6.198,6.209,1364,0.06,0.003,-0.043,USD/lb,Authentic Futures Market Feed (1-Year 60m Candles)
2026-07-09 04:00,2026-07-09,4,Copper,HG=F,6.208,6.227,6.208,6.222,1294,0.21,0.014,0.011,USD/lb,Authentic Futures Market Feed (1-Year 60m Candles)
2026-07-09 05:00,2026-07-09,5,Copper,HG=F,6.222,6.229,6.216,6.226,1151,0.06,0.004,-0.01,USD/lb,Authentic Futures Market Feed (1-Year 60m Candles)
2026-07-09 06:00,2026-07-09,6,Copper,HG=F,6.226,6.229,6.205,6.209,675,-0.27,-0.017,-0.021,USD/lb,Authentic Futures Market Feed (1-Year 60m Candles)
2026-07-09 07:00,2026-07-09,7,Copper,HG=F,6.21,6.247,6.209,6.238,1314,0.47000000000000003,0.028,0.045,USD/lb,Authentic Futures Market Feed (1-Year 60m Candles)
2026-07-09 08:00,2026-07-09,8,Copper,HG=F,6.239,6.25,6.233,6.237,2784,-0.02,-0.002,-0.03,USD/lb,Authentic Futures Market Feed (1-Year 60m Candles)
2026-07-09 09:00,2026-07-09,9,Copper,HG=F,6.236,6.269,6.228,6.267,4057,0.48,0.031,0.033,USD/lb,Authentic Futures Market Feed (1-Year 60m Candles)
2026-07-09 10:00,2026-07-09,10,Copper,HG=F,6.267,6.277,6.241,6.267,3211,0.0,0.0,-0.031,USD/lb,Authentic Futures Market Feed (1-Year 60m Candles)
2026-07-09 11:00,2026-07-09,11,Copper,HG=F,6.267,6.278,6.265,6.273,1833,0.1,0.006,0.006,USD/lb,Authentic Futures Market Feed (1-Year 60m Candles)
2026-07-09 12:00,2026-07-09,12,Copper,HG=F,6.273,6.296,6.262,6.264,4394,-0.13999999999999999,-0.009,-0.015,USD/lb,Authentic Futures Market Feed (1-Year 60m Candles)
2026-07-09 13:00,2026-07-09,13,Copper,HG=F,6.264,6.273,6.252,6.269,1796,0.08,0.005,0.014,USD/lb,Authentic Futures Market Feed (1-Year 60m Candles)
2026-07-09 14:00,2026-07-09,14,Copper,HG=F,6.269,6.269,6.255,6.256,788,-0.21,-0.013,-0.018,USD/lb,Authentic Futures Market Feed (1-Year 60m Candles)
2026-07-09 15:00,2026-07-09,15,Copper,HG=F,6.256,6.257,6.246,6.25,674,-0.1,-0.006,0.007,USD/lb,Authentic Futures Market Feed (1-Year 60m Candles)
2026-07-09 16:00,2026-07-09,16,Copper,HG=F,6.249,6.253,6.241,6.247,858,-0.05,-0.002,0.004,USD/lb,Authentic Futures Market Feed (1-Year 60m Candles)
2026-07-09 18:00,2026-07-09,18,Copper,HG=F,6.245,6.25,6.244,6.245,0,-0.03,0.0,0.002,USD/lb,Authentic Futures Market Feed (1-Year 60m Candles)
2026-07-09 19:00,2026-07-09,19,Copper,HG=F,6.245,6.253,6.245,6.251,74,0.1,0.006,0.006,USD/lb,Authentic Futures Market Feed (1-Year 60m Candles)
2026-07-09 20:00,2026-07-09,20,Copper,HG=F,6.253,6.26,6.24,6.26,406,0.13999999999999999,0.007,0.001,USD/lb,Authentic Futures Market Feed (1-Year 60m Candles)
2026-07-09 21:00,2026-07-09,21,Copper,HG=F,6.26,6.299,6.256,6.288,1283,0.44999999999999996,0.028,0.021,USD/lb,Authentic Futures Market Feed (1-Year 60m Candles)
2026-07-09 22:00,2026-07-09,22,Copper,HG=F,6.288,6.305,6.284,6.304,662,0.25,0.016,-0.012,USD/lb,Authentic Futures Market Feed (1-Year 60m Candles)
2026-07-09 23:00,2026-07-09,23,Copper,HG=F,6.302,6.319,6.301,6.317,653,0.21,0.015,-0.001,USD/lb,Authentic Futures Market Feed (1-Year 60m Candles)
2026-07-10 00:00,2026-07-10,0,Copper,HG=F,6.316,6.326,6.308,6.309,600,-0.13,-0.007,-0.022,USD/lb,Authentic Futures Market Feed (1-Year 60m Candles)
2026-07-10 01:00,2026-07-10,1,Copper,HG=F,6.31,6.312,6.288,6.293,855,-0.25,-0.017,-0.01,USD/lb,Authentic Futures Market Feed (1-Year 60m Candles)
2026-07-10 02:00,2026-07-10,2,Copper,HG=F,6.292,6.299,6.273,6.274,728,-0.3,-0.018,-0.001,USD/lb,Authentic Futures Market Feed (1-Year 60m Candles)
2026-07-10 03:00,2026-07-10,3,Copper,HG=F,6.275,6.293,6.274,6.286,865,0.19,0.011,0.029,USD/lb,Authentic Futures Market Feed (1-Year 60m Candles)
2026-07-10 04:00,2026-07-10,4,Copper,HG=F,6.286,6.286,6.259,6.263,1016,-0.37,-0.023,-0.034,USD/lb,Authentic Futures Market Feed (1-Year 60m Candles)
2026-07-10 05:00,2026-07-10,5,Copper,HG=F,6.265,6.269,6.254,6.261,989,-0.03,-0.004,0.019,USD/lb,Authentic Futures Market Feed (1-Year 60m Candles)
2026-07-10 06:00,2026-07-10,6,Copper,HG=F,6.26,6.271,6.256,6.259,898,-0.03,-0.001,0.003,USD/lb,Authentic Futures Market Feed (1-Year 60m Candles)
2026-07-10 07:00,2026-07-10,7,Copper,HG=F,6.259,6.271,6.252,6.26,1100,0.02,0.001,0.002,USD/lb,Authentic Futures Market Feed (1-Year 60m Candles)
2026-07-10 08:00,2026-07-10,8,Copper,HG=F,6.259,6.28,6.256,6.26,2211,0.0,0.001,0.0,USD/lb,Authentic Futures Market Feed (1-Year 60m Candles)
2026-07-10 09:00,2026-07-10,9,Copper,HG=F,6.26,6.291,6.259,6.278,3643,0.29,0.018,0.017,USD/lb,Authentic Futures Market Feed (1-Year 60m Candles)
2026-07-10 10:00,2026-07-10,10,Copper,HG=F,6.278,6.285,6.235,6.266,3791,-0.19,-0.012,-0.03,USD/lb,Authentic Futures Market Feed (1-Year 60m Candles)
2026-07-10 11:00,2026-07-10,11,Copper,HG=F,6.266,6.286,6.263,6.286,3468,0.32,0.02,0.032,USD/lb,Authentic Futures Market Feed (1-Year 60m Candles)
2026-07-10 12:00,2026-07-10,12,Copper,HG=F,6.285,6.293,6.277,6.278,3231,-0.13,-0.007,-0.027,USD/lb,Authentic Futures Market Feed (1-Year 60m Candles)
2026-07-10 13:00,2026-07-10,13,Copper,HG=F,6.278,6.282,6.275,6.275,909,-0.05,-0.003,0.004,USD/lb,Authentic Futures Market Feed (1-Year 60m Candles)
2026-07-10 14:00,2026-07-10,14,Copper,HG=F,6.275,6.282,6.275,6.278,464,0.05,0.003,0.006,USD/lb,Authentic Futures Market Feed (1-Year 60m Candles)
2026-07-10 15:00,2026-07-10,15,Copper,HG=F,6.278,6.284,6.278,6.281,546,0.05,0.003,0.0,USD/lb,Authentic Futures Market Feed (1-Year 60m Candles)
2026-07-10 16:00,2026-07-10,16,Copper,HG=F,6.281,6.287,6.281,6.282,370,0.02,0.001,-0.002,USD/lb,Authentic Futures Market Feed (1-Year 60m Candles)
2026-07-12 18:00,2026-07-12,18,Copper,HG=F,6.25,6.259,6.244,6.256,253,-0.41000000000000003,0.006,0.005,USD/lb,Authentic Futures Market Feed (1-Year 60m Candles)
2026-07-12 19:00,2026-07-12,19,Copper,HG=F,6.256,6.262,6.25,6.262,92,0.1,0.006,0.0,USD/lb,Authentic Futures Market Feed (1-Year 60m Candles)
2026-07-12 20:00,2026-07-12,20,Copper,HG=F,6.264,6.27,6.244,6.245,519,-0.27,-0.019,-0.025,USD/lb,Authentic Futures Market Feed (1-Year 60m Candles)
2026-07-12 21:00,2026-07-12,21,Copper,HG=F,6.246,6.246,6.222,6.227,1517,-0.29,-0.019,0.0,USD/lb,Authentic Futures Market Feed (1-Year 60m Candles)
2026-07-12 22:00,2026-07-12,22,Copper,HG=F,6.227,6.227,6.218,6.22,543,-0.11,-0.007,0.012,USD/lb,Authentic Futures Market Feed (1-Year 60m Candles)
2026-07-12 23:00,2026-07-12,23,Copper,HG=F,6.22,6.22,6.207,6.209,976,-0.18,-0.011,-0.004,USD/lb,Authentic Futures Market Feed (1-Year 60m Candles)
2026-07-13 00:00,2026-07-13,0,Copper,HG=F,6.209,6.212,6.203,6.21,559,0.02,0.001,0.012,USD/lb,Authentic Futures Market Feed (1-Year 60m Candles)
2026-07-13 01:00,2026-07-13,1,Copper,HG=F,6.209,6.228,6.197,6.214,928,0.06,0.005,0.004,USD/lb,Authentic Futures Market Feed (1-Year 60m Candles)
2026-07-13 02:00,2026-07-13,2,Copper,HG=F,6.216,6.227,6.2,6.222,730,0.13,0.006,0.001,USD/lb,Authentic Futures Market Feed (1-Year 60m Candles)
2026-07-13 03:00,2026-07-13,3,Copper,HG=F,6.223,6.244,6.218,6.241,1122,0.31,0.018,0.012,USD/lb,Authentic Futures Market Feed (1-Year 60m Candles)
2026-07-13 04:00,2026-07-13,4,Copper,HG=F,6.242,6.274,6.242,6.268,1813,0.43,0.026,0.008,USD/lb,Authentic Futures Market Feed (1-Year 60m Candles)
2026-07-13 05:00,2026-07-13,5,Copper,HG=F,6.269,6.271,6.26,6.261,769,-0.11,-0.008,-0.034,USD/lb,Authentic Futures Market Feed (1-Year 60m Candles)
2026-07-13 06:00,2026-07-13,6,Copper,HG=F,6.26,6.275,6.255,6.273,775,0.19,0.013,0.021,USD/lb,Authentic Futures Market Feed (1-Year 60m Candles)
2026-07-13 07:00,2026-07-13,7,Copper,HG=F,6.273,6.323,6.265,6.315,2874,0.67,0.042,0.029,USD/lb,Authentic Futures Market Feed (1-Year 60m Candles)
2026-07-13 08:00,2026-07-13,8,Copper,HG=F,6.314,6.314,6.289,6.311,2656,-0.06,-0.003,-0.045,USD/lb,Authentic Futures Market Feed (1-Year 60m Candles)
2026-07-13 09:00,2026-07-13,9,Copper,HG=F,6.312,6.352,6.303,6.335,6111,0.38,0.023,0.026,USD/lb,Authentic Futures Market Feed (1-Year 60m Candles)
2026-07-13 10:00,2026-07-13,10,Copper,HG=F,6.334,6.356,6.3,6.337,6164,0.03,0.003,-0.02,USD/lb,Authentic Futures Market Feed (1-Year 60m Candles)
2026-07-13 11:00,2026-07-13,11,Copper,HG=F,6.338,6.34,6.3,6.304,2445,-0.52,-0.034,-0.037,USD/lb,Authentic Futures Market Feed (1-Year 60m Candles)
2026-07-13 12:00,2026-07-13,12,Copper,HG=F,6.304,6.309,6.275,6.281,4429,-0.36,-0.023,0.011,USD/lb,Authentic Futures Market Feed (1-Year 60m Candles)
2026-07-13 13:00,2026-07-13,13,Copper,HG=F,6.281,6.287,6.272,6.272,1181,-0.13999999999999999,-0.009,0.014,USD/lb,Authentic Futures Market Feed (1-Year 60m Candles)
2026-07-13 14:00,2026-07-13,14,Copper,HG=F,6.272,6.285,6.269,6.279,655,0.11,0.007,0.016,USD/lb,Authentic Futures Market Feed (1-Year 60m Candles)
2026-07-13 15:00,2026-07-13,15,Copper,HG=F,6.28,6.284,6.269,6.277,666,-0.03,-0.003,-0.01,USD/lb,Authentic Futures Market Feed (1-Year 60m Candles)
2026-07-13 16:00,2026-07-13,16,Copper,HG=F,6.276,6.279,6.269,6.276,481,-0.02,0.0,0.003,USD/lb,Authentic Futures Market Feed (1-Year 60m Candles)
2026-07-13 18:00,2026-07-13,18,Copper,HG=F,6.268,6.276,6.264,6.275,0,-0.02,0.007,0.007,USD/lb,Authentic Futures Market Feed (1-Year 60m Candles)
2026-07-13 19:00,2026-07-13,19,Copper,HG=F,6.274,6.278,6.267,6.278,63,0.05,0.004,-0.003,USD/lb,Authentic Futures Market Feed (1-Year 60m Candles)
2026-07-13 20:00,2026-07-13,20,Copper,HG=F,6.279,6.297,6.262,6.295,687,0.27,0.016,0.012,USD/lb,Authentic Futures Market Feed (1-Year 60m Candles)
2026-07-13 21:00,2026-07-13,21,Copper,HG=F,6.295,6.306,6.286,6.305,580,0.16,0.01,-0.006,USD/lb,Authentic Futures Market Feed (1-Year 60m Candles)
2026-07-13 22:00,2026-07-13,22,Copper,HG=F,6.305,6.323,6.3,6.312,541,0.11,0.007,-0.003,USD/lb,Authentic Futures Market Feed (1-Year 60m Candles)
2026-07-13 23:00,2026-07-13,23,Copper,HG=F,6.312,6.33,6.295,6.328,442,0.25,0.016,0.009,USD/lb,Authentic Futures Market Feed (1-Year 60m Candles)
2026-07-14 00:00,2026-07-14,0,Copper,HG=F,6.331,6.372,6.331,6.365,1528,0.58,0.034,0.018,USD/lb,Authentic Futures Market Feed (1-Year 60m Candles)
2026-07-14 01:00,2026-07-14,1,Copper,HG=F,6.365,6.391,6.365,6.378,2918,0.2,0.013,-0.021,USD/lb,Authentic Futures Market Feed (1-Year 60m Candles)
2026-07-14 02:00,2026-07-14,2,Copper,HG=F,6.379,6.391,6.371,6.372,1712,-0.09,-0.007,-0.02,USD/lb,Authentic Futures Market Feed (1-Year 60m Candles)
2026-07-14 03:00,2026-07-14,3,Copper,HG=F,6.372,6.393,6.361,6.373,2283,0.02,0.001,0.008,USD/lb,Authentic Futures Market Feed (1-Year 60m Candles)
2026-07-14 04:00,2026-07-14,4,Copper,HG=F,6.374,6.391,6.367,6.372,977,-0.02,-0.002,-0.003,USD/lb,Authentic Futures Market Feed (1-Year 60m Candles)
2026-07-14 05:00,2026-07-14,5,Copper,HG=F,6.372,6.391,6.369,6.386,1084,0.22,0.014,0.016,USD/lb,Authentic Futures Market Feed (1-Year 60m Candles)
2026-07-14 06:00,2026-07-14,6,Copper,HG=F,6.387,6.398,6.38,6.385,1332,-0.02,-0.002,-0.016,USD/lb,Authentic Futures Market Feed (1-Year 60m Candles)
2026-07-14 07:00,2026-07-14,7,Copper,HG=F,6.385,6.385,6.371,6.379,1436,-0.09,-0.006,-0.004,USD/lb,Authentic Futures Market Feed (1-Year 60m Candles)
2026-07-14 08:00,2026-07-14,8,Copper,HG=F,6.378,6.428,6.35,6.391,5972,0.19,0.013,0.019,USD/lb,Authentic Futures Market Feed (1-Year 60m Candles)
2026-07-14 09:00,2026-07-14,9,Copper,HG=F,6.391,6.432,6.374,6.42,4857,0.44999999999999996,0.029,0.016,USD/lb,Authentic Futures Market Feed (1-Year 60m Candles)
2026-07-14 10:00,2026-07-14,10,Copper,HG=F,6.422,6.438,6.41,6.433,4000,0.2,0.011,-0.018,USD/lb,Authentic Futures Market Feed (1-Year 60m Candles)
2026-07-14 11:00,2026-07-14,11,Copper,HG=F,6.432,6.444,6.379,6.382,3624,-0.79,-0.05,-0.061,USD/lb,Authentic Futures Market Feed (1-Year 60m Candles)
2026-07-14 12:00,2026-07-14,12,Copper,HG=F,6.382,6.387,6.376,6.378,3569,-0.06,-0.004,0.046,USD/lb,Authentic Futures Market Feed (1-Year 60m Candles)
2026-07-14 13:00,2026-07-14,13,Copper,HG=F,6.378,6.378,6.365,6.369,1273,-0.13999999999999999,-0.009,-0.005,USD/lb,Authentic Futures Market Feed (1-Year 60m Candles)
2026-07-14 14:00,2026-07-14,14,Copper,HG=F,6.369,6.37,6.358,6.366,817,-0.05,-0.003,0.006,USD/lb,Authentic Futures Market Feed (1-Year 60m Candles)
2026-07-14 15:00,2026-07-14,15,Copper,HG=F,6.366,6.37,6.361,6.37,639,0.06,0.004,0.007,USD/lb,Authentic Futures Market Feed (1-Year 60m Candles)
2026-07-14 16:00,2026-07-14,16,Copper,HG=F,6.365,6.372,6.364,6.367,0,-0.05,0.002,-0.002,USD/lb,Authentic Futures Market Feed (1-Year 60m Candles)
2026-07-14 18:00,2026-07-14,18,Copper,HG=F,6.365,6.367,6.361,6.365,154,-0.03,0.0,-0.002,USD/lb,Authentic Futures Market Feed (1-Year 60m Candles)
2026-07-14 19:00,2026-07-14,19,Copper,HG=F,6.364,6.37,6.361,6.366,127,0.02,0.002,0.002,USD/lb,Authentic Futures Market Feed (1-Year 60m Candles)
2026-07-14 20:00,2026-07-14,20,Copper,HG=F,6.368,6.378,6.365,6.374,508,0.13,0.006,0.004,USD/lb,Authentic Futures Market Feed (1-Year 60m Candles)
2026-07-14 21:00,2026-07-14,21,Copper,HG=F,6.374,6.39,6.365,6.38,1056,0.09,0.006,0.0,USD/lb,Authentic Futures Market Feed (1-Year 60m Candles)
2026-07-14 22:00,2026-07-14,22,Copper,HG=F,6.381,6.399,6.373,6.384,413,0.06,0.003,-0.003,USD/lb,Authentic Futures Market Feed (1-Year 60m Candles)
2026-07-14 23:00,2026-07-14,23,Copper,HG=F,6.384,6.386,6.371,6.381,273,-0.05,-0.003,-0.006,USD/lb,Authentic Futures Market Feed (1-Year 60m Candles)
2026-07-15 00:00,2026-07-15,0,Copper,HG=F,6.384,6.384,6.374,6.377,81,-0.06,-0.007,-0.004,USD/lb,Authentic Futures Market Feed (1-Year 60m Candles)
2026-07-15 01:00,2026-07-15,1,Copper,HG=F,6.378,6.385,6.357,6.377,594,0.0,-0.001,0.006,USD/lb,Authentic Futures Market Feed (1-Year 60m Candles)
2026-07-15 02:00,2026-07-15,2,Copper,HG=F,6.377,6.377,6.335,6.347,1064,-0.47000000000000003,-0.03,-0.029,USD/lb,Authentic Futures Market Feed (1-Year 60m Candles)
2026-07-15 03:00,2026-07-15,3,Copper,HG=F,6.347,6.364,6.333,6.361,1118,0.22,0.014,0.044,USD/lb,Authentic Futures Market Feed (1-Year 60m Candles)
2026-07-15 04:00,2026-07-15,4,Copper,HG=F,6.361,6.391,6.359,6.388,1073,0.42,0.027,0.013,USD/lb,Authentic Futures Market Feed (1-Year 60m Candles)
2026-07-15 05:00,2026-07-15,5,Copper,HG=F,6.389,6.392,6.368,6.377,624,-0.16999999999999998,-0.012,-0.039,USD/lb,Authentic Futures Market Feed (1-Year 60m Candles)
2026-07-15 06:00,2026-07-15,6,Copper,HG=F,6.377,6.379,6.359,6.363,413,-0.22,-0.014,-0.002,USD/lb,Authentic Futures Market Feed (1-Year 60m Candles)
2026-07-15 07:00,2026-07-15,7,Copper,HG=F,6.364,6.383,6.356,6.38,694,0.27,0.016,0.03,USD/lb,Authentic Futures Market Feed (1-Year 60m Candles)
2026-07-15 08:00,2026-07-15,8,Copper,HG=F,6.381,6.398,6.363,6.396,2579,0.25,0.015,-0.001,USD/lb,Authentic Futures Market Feed (1-Year 60m Candles)
2026-07-15 09:00,2026-07-15,9,Copper,HG=F,6.397,6.415,6.391,6.407,4111,0.16999999999999998,0.01,-0.005,USD/lb,Authentic Futures Market Feed (1-Year 60m Candles)
2026-07-15 10:00,2026-07-15,10,Copper,HG=F,6.41,6.418,6.375,6.382,2288,-0.38999999999999996,-0.028,-0.038,USD/lb,Authentic Futures Market Feed (1-Year 60m Candles)
2026-07-15 11:00,2026-07-15,11,Copper,HG=F,6.384,6.387,6.364,6.368,1828,-0.22,-0.016,0.012,USD/lb,Authentic Futures Market Feed (1-Year 60m Candles)
2026-07-15 12:00,2026-07-15,12,Copper,HG=F,6.367,6.369,6.332,6.34,5606,-0.44,-0.027,-0.011,USD/lb,Authentic Futures Market Feed (1-Year 60m Candles)
2026-07-15 13:00,2026-07-15,13,Copper,HG=F,6.34,6.38,6.337,6.379,1840,0.62,0.039,0.066,USD/lb,Authentic Futures Market Feed (1-Year 60m Candles)
2026-07-15 14:00,2026-07-15,14,Copper,HG=F,6.379,6.398,6.377,6.378,963,-0.02,-0.001,-0.04,USD/lb,Authentic Futures Market Feed (1-Year 60m Candles)
2026-07-15 15:00,2026-07-15,15,Copper,HG=F,6.378,6.396,6.377,6.39,615,0.19,0.012,0.013,USD/lb,Authentic Futures Market Feed (1-Year 60m Candles)
2026-07-15 16:00,2026-07-15,16,Copper,HG=F,6.389,6.39,6.382,6.383,350,-0.11,-0.006,-0.018,USD/lb,Authentic Futures Market Feed (1-Year 60m Candles)
2026-07-15 18:00,2026-07-15,18,Copper,HG=F,6.386,6.387,6.377,6.378,0,-0.08,-0.008,-0.002,USD/lb,Authentic Futures Market Feed (1-Year 60m Candles)
2026-07-15 19:00,2026-07-15,19,Copper,HG=F,6.38,6.385,6.379,6.379,127,0.02,-0.001,0.007,USD/lb,Authentic Futures Market Feed (1-Year 60m Candles)
2026-07-15 20:00,2026-07-15,20,Copper,HG=F,6.38,6.393,6.369,6.37,530,-0.13999999999999999,-0.01,-0.009,USD/lb,Authentic Futures Market Feed (1-Year 60m Candles)
2026-07-15 21:00,2026-07-15,21,Copper,HG=F,6.371,6.373,6.344,6.357,727,-0.2,-0.014,-0.004,USD/lb,Authentic Futures Market Feed (1-Year 60m Candles)
2026-07-15 22:00,2026-07-15,22,Copper,HG=F,6.357,6.387,6.35,6.387,435,0.47000000000000003,0.03,0.044,USD/lb,Authentic Futures Market Feed (1-Year 60m Candles)
2026-07-15 23:00,2026-07-15,23,Copper,HG=F,6.388,6.412,6.382,6.411,869,0.38,0.023,-0.007,USD/lb,Authentic Futures Market Feed (1-Year 60m Candles)
2026-07-16 00:00,2026-07-16,0,Copper,HG=F,6.411,6.419,6.407,6.416,571,0.08,0.005,-0.018,USD/lb,Authentic Futures Market Feed (1-Year 60m Candles)
2026-07-16 01:00,2026-07-16,1,Copper,HG=F,6.418,6.419,6.341,6.398,919,-0.27999999999999997,-0.02,-0.025,USD/lb,Authentic Futures Market Feed (1-Year 60m Candles)
2026-07-16 02:00,2026-07-16,2,Copper,HG=F,6.398,6.406,6.374,6.398,932,0.0,0.0,0.02,USD/lb,Authentic Futures Market Feed (1-Year 60m Candles)
2026-07-16 03:00,2026-07-16,3,Copper,HG=F,6.398,6.402,6.378,6.384,727,-0.22,-0.014,-0.014,USD/lb,Authentic Futures Market Feed (1-Year 60m Candles)
2026-07-16 04:00,2026-07-16,4,Copper,HG=F,6.381,6.406,6.381,6.389,1176,0.08,0.008,0.022,USD/lb,Authentic Futures Market Feed (1-Year 60m Candles)
2026-07-16 05:00,2026-07-16,5,Copper,HG=F,6.392,6.402,6.386,6.396,430,0.11,0.004,-0.004,USD/lb,Authentic Futures Market Feed (1-Year 60m Candles)
2026-07-16 06:00,2026-07-16,6,Copper,HG=F,6.397,6.397,6.38,6.38,476,-0.25,-0.017,-0.021,USD/lb,Authentic Futures Market Feed (1-Year 60m Candles)
2026-07-16 07:00,2026-07-16,7,Copper,HG=F,6.381,6.39,6.369,6.386,1317,0.09,0.005,0.022,USD/lb,Authentic Futures Market Feed (1-Year 60m Candles)
2026-07-16 08:00,2026-07-16,8,Copper,HG=F,6.386,6.398,6.351,6.357,3229,-0.44999999999999996,-0.029,-0.034,USD/lb,Authentic Futures Market Feed (1-Year 60m Candles)
2026-07-16 09:00,2026-07-16,9,Copper,HG=F,6.356,6.396,6.35,6.358,3694,0.02,0.002,0.031,USD/lb,Authentic Futures Market Feed (1-Year 60m Candles)
2026-07-16 10:00,2026-07-16,10,Copper,HG=F,6.359,6.367,6.343,6.352,1930,-0.09,-0.007,-0.009,USD/lb,Authentic Futures Market Feed (1-Year 60m Candles)
2026-07-16 11:00,2026-07-16,11,Copper,HG=F,6.352,6.38,6.344,6.365,2329,0.2,0.013,0.02,USD/lb,Authentic Futures Market Feed (1-Year 60m Candles)
2026-07-16 12:00,2026-07-16,12,Copper,HG=F,6.365,6.366,6.337,6.341,3282,-0.38,-0.024,-0.037,USD/lb,Authentic Futures Market Feed (1-Year 60m Candles)
2026-07-16 13:00,2026-07-16,13,Copper,HG=F,6.34,6.34,6.312,6.313,2255,-0.44,-0.027,-0.003,USD/lb,Authentic Futures Market Feed (1-Year 60m Candles)
2026-07-16 14:00,2026-07-16,14,Copper,HG=F,6.312,6.315,6.29,6.297,1655,-0.25,-0.015,0.012,USD/lb,Authentic Futures Market Feed (1-Year 60m Candles)
2026-07-16 15:00,2026-07-16,15,Copper,HG=F,6.296,6.3,6.276,6.294,1305,-0.05,-0.002,0.013,USD/lb,Authentic Futures Market Feed (1-Year 60m Candles)
2026-07-16 16:00,2026-07-16,16,Copper,HG=F,6.294,6.295,6.283,6.283,359,-0.16999999999999998,-0.011,-0.009,USD/lb,Authentic Futures Market Feed (1-Year 60m Candles)
2026-07-16 18:00,2026-07-16,18,Copper,HG=F,6.291,6.296,6.28,6.286,0,0.05,-0.005,0.006,USD/lb,Authentic Futures Market Feed (1-Year 60m Candles)
2026-07-16 19:00,2026-07-16,19,Copper,HG=F,6.285,6.293,6.283,6.293,171,0.11,0.008,0.013,USD/lb,Authentic Futures Market Feed (1-Year 60m Candles)
2026-07-16 20:00,2026-07-16,20,Copper,HG=F,6.292,6.297,6.267,6.296,1554,0.05,0.004,-0.004,USD/lb,Authentic Futures Market Feed (1-Year 60m Candles)
2026-07-16 21:00,2026-07-16,21,Copper,HG=F,6.296,6.298,6.241,6.248,2144,-0.76,-0.048,-0.052,USD/lb,Authentic Futures Market Feed (1-Year 60m Candles)
2026-07-16 22:00,2026-07-16,22,Copper,HG=F,6.247,6.254,6.228,6.232,1637,-0.26,-0.015,0.033,USD/lb,Authentic Futures Market Feed (1-Year 60m Candles)
2026-07-16 23:00,2026-07-16,23,Copper,HG=F,6.233,6.261,6.233,6.233,938,0.02,0.0,0.015,USD/lb,Authentic Futures Market Feed (1-Year 60m Candles)
2026-07-17 00:00,2026-07-17,0,Copper,HG=F,6.231,6.232,6.207,6.217,1086,-0.26,-0.014,-0.014,USD/lb,Authentic Futures Market Feed (1-Year 60m Candles)
2026-07-17 01:00,2026-07-17,1,Copper,HG=F,6.216,6.234,6.21,6.231,1694,0.22999999999999998,0.015,0.029,USD/lb,Authentic Futures Market Feed (1-Year 60m Candles)
2026-07-17 02:00,2026-07-17,2,Copper,HG=F,6.232,6.241,6.223,6.227,1868,-0.06,-0.005,-0.02,USD/lb,Authentic Futures Market Feed (1-Year 60m Candles)
2026-07-17 03:00,2026-07-17,3,Copper,HG=F,6.227,6.253,6.226,6.238,2159,0.18,0.011,0.016,USD/lb,Authentic Futures Market Feed (1-Year 60m Candles)
2026-07-17 04:00,2026-07-17,4,Copper,HG=F,6.238,6.251,6.202,6.202,5088,-0.58,-0.036,-0.047,USD/lb,Authentic Futures Market Feed (1-Year 60m Candles)
2026-07-17 05:00,2026-07-17,5,Copper,HG=F,6.202,6.225,6.201,6.222,1670,0.32,0.02,0.056,USD/lb,Authentic Futures Market Feed (1-Year 60m Candles)
2026-07-17 06:00,2026-07-17,6,Copper,HG=F,6.221,6.229,6.217,6.225,1014,0.05,0.004,-0.016,USD/lb,Authentic Futures Market Feed (1-Year 60m Candles)
2026-07-17 07:00,2026-07-17,7,Copper,HG=F,6.225,6.226,6.205,6.219,1172,-0.1,-0.006,-0.01,USD/lb,Authentic Futures Market Feed (1-Year 60m Candles)
2026-07-17 08:00,2026-07-17,8,Copper,HG=F,6.218,6.22,6.194,6.208,3905,-0.18,-0.01,-0.004,USD/lb,Authentic Futures Market Feed (1-Year 60m Candles)
2026-07-17 09:00,2026-07-17,9,Copper,HG=F,6.209,6.244,6.201,6.242,4047,0.5499999999999999,0.033,0.043,USD/lb,Authentic Futures Market Feed (1-Year 60m Candles)
2026-07-17 10:00,2026-07-17,10,Copper,HG=F,6.242,6.261,6.239,6.259,3857,0.27,0.017,-0.016,USD/lb,Authentic Futures Market Feed (1-Year 60m Candles)
2026-07-17 11:00,2026-07-17,11,Copper,HG=F,6.259,6.281,6.253,6.275,2481,0.26,0.016,-0.001,USD/lb,Authentic Futures Market Feed (1-Year 60m Candles)
2026-07-17 12:00,2026-07-17,12,Copper,HG=F,6.275,6.28,6.254,6.266,3519,-0.13999999999999999,-0.009,-0.025,USD/lb,Authentic Futures Market Feed (1-Year 60m Candles)
2026-07-17 13:00,2026-07-17,13,Copper,HG=F,6.266,6.277,6.264,6.267,1318,0.02,0.001,0.01,USD/lb,Authentic Futures Market Feed (1-Year 60m Candles)
2026-07-17 14:00,2026-07-17,14,Copper,HG=F,6.266,6.272,6.26,6.268,718,0.02,0.002,0.001,USD/lb,Authentic Futures Market Feed (1-Year 60m Candles)
2026-07-17 15:00,2026-07-17,15,Copper,HG=F,6.267,6.27,6.252,6.264,618,-0.06,-0.003,-0.005,USD/lb,Authentic Futures Market Feed (1-Year 60m Candles)
2026-07-17 16:00,2026-07-17,16,Copper,HG=F,6.264,6.272,6.26,6.265,0,0.02,0.001,0.004,USD/lb,Authentic Futures Market Feed (1-Year 60m Candles)
2026-07-19 18:00,2026-07-19,18,Copper,HG=F,6.255,6.27,6.251,6.263,533,-0.03,0.008,0.007,USD/lb,Authentic Futures Market Feed (1-Year 60m Candles)
2026-07-19 19:00,2026-07-19,19,Copper,HG=F,6.265,6.274,6.26,6.273,188,0.16,0.008,0.0,USD/lb,Authentic Futures Market Feed (1-Year 60m Candles)
2026-07-19 20:00,2026-07-19,20,Copper,HG=F,6.273,6.282,6.256,6.272,504,-0.02,-0.001,-0.009,USD/lb,Authentic Futures Market Feed (1-Year 60m Candles)
2026-07-19 21:00,2026-07-19,21,Copper,HG=F,6.273,6.293,6.263,6.277,751,0.08,0.004,0.005,USD/lb,Authentic Futures Market Feed (1-Year 60m Candles)
2026-07-19 22:00,2026-07-19,22,Copper,HG=F,6.277,6.304,6.276,6.297,670,0.32,0.02,0.016,USD/lb,Authentic Futures Market Feed (1-Year 60m Candles)
2026-07-19 23:00,2026-07-19,23,Copper,HG=F,6.297,6.304,6.288,6.299,311,0.03,0.002,-0.018,USD/lb,Authentic Futures Market Feed (1-Year 60m Candles)
2026-07-20 00:00,2026-07-20,0,Copper,HG=F,6.299,6.302,6.291,6.294,285,-0.08,-0.005,-0.007,USD/lb,Authentic Futures Market Feed (1-Year 60m Candles)
2026-07-20 01:00,2026-07-20,1,Copper,HG=F,6.295,6.297,6.256,6.266,778,-0.44,-0.029,-0.024,USD/lb,Authentic Futures Market Feed (1-Year 60m Candles)
2026-07-20 02:00,2026-07-20,2,Copper,HG=F,6.266,6.288,6.266,6.269,1182,0.05,0.003,0.032,USD/lb,Authentic Futures Market Feed (1-Year 60m Candles)
2026-07-20 03:00,2026-07-20,3,Copper,HG=F,6.269,6.33,6.266,6.325,1787,0.89,0.056,0.053,USD/lb,Authentic Futures Market Feed (1-Year 60m Candles)
2026-07-20 04:00,2026-07-20,4,Copper,HG=F,6.326,6.326,6.307,6.313,1137,-0.19,-0.013,-0.069,USD/lb,Authentic Futures Market Feed (1-Year 60m Candles)
2026-07-20 05:00,2026-07-20,5,Copper,HG=F,6.313,6.33,6.311,6.32,766,0.11,0.007,0.02,USD/lb,Authentic Futures Market Feed (1-Year 60m Candles)
2026-07-20 06:00,2026-07-20,6,Copper,HG=F,6.321,6.324,6.312,6.312,1700,-0.13,-0.009,-0.016,USD/lb,Authentic Futures Market Feed (1-Year 60m Candles)
2026-07-20 07:00,2026-07-20,7,Copper,HG=F,6.313,6.339,6.31,6.337,2033,0.4,0.024,0.033,USD/lb,Authentic Futures Market Feed (1-Year 60m Candles)
2026-07-20 08:00,2026-07-20,8,Copper,HG=F,6.338,6.35,6.308,6.331,3208,-0.09,-0.007,-0.031,USD/lb,Authentic Futures Market Feed (1-Year 60m Candles)
2026-07-20 09:00,2026-07-20,9,Copper,HG=F,6.33,6.356,6.317,6.348,3534,0.27,0.018,0.025,USD/lb,Authentic Futures Market Feed (1-Year 60m Candles)
2026-07-20 10:00,2026-07-20,10,Copper,HG=F,6.348,6.354,6.327,6.329,2915,-0.3,-0.019,-0.037,USD/lb,Authentic Futures Market Feed (1-Year 60m Candles)
2026-07-20 11:00,2026-07-20,11,Copper,HG=F,6.331,6.354,6.324,6.344,3572,0.24,0.013,0.032,USD/lb,Authentic Futures Market Feed (1-Year 60m Candles)
2026-07-20 12:00,2026-07-20,12,Copper,HG=F,6.344,6.359,6.328,6.34,5236,-0.06,-0.004,-0.017,USD/lb,Authentic Futures Market Feed (1-Year 60m Candles)
2026-07-20 13:00,2026-07-20,13,Copper,HG=F,6.34,6.352,6.338,6.349,1994,0.13999999999999999,0.009,0.013,USD/lb,Authentic Futures Market Feed (1-Year 60m Candles)
2026-07-20 14:00,2026-07-20,14,Copper,HG=F,6.35,6.361,6.346,6.352,1153,0.05,0.002,-0.007,USD/lb,Authentic Futures Market Feed (1-Year 60m Candles)
2026-07-20 15:00,2026-07-20,15,Copper,HG=F,6.352,6.358,6.338,6.348,891,-0.06,-0.004,-0.006,USD/lb,Authentic Futures Market Feed (1-Year 60m Candles)
2026-07-20 16:00,2026-07-20,16,Copper,HG=F,6.347,6.348,6.338,6.34,323,-0.13,-0.007,-0.003,USD/lb,Authentic Futures Market Feed (1-Year 60m Candles)
2026-07-20 18:00,2026-07-20,18,Copper,HG=F,6.339,6.341,6.328,6.334,0,-0.09,-0.005,0.002,USD/lb,Authentic Futures Market Feed (1-Year 60m Candles)
2026-07-20 19:00,2026-07-20,19,Copper,HG=F,6.334,6.343,6.334,6.339,75,0.08,0.005,0.01,USD/lb,Authentic Futures Market Feed (1-Year 60m Candles)
2026-07-20 20:00,2026-07-20,20,Copper,HG=F,6.34,6.369,6.333,6.365,744,0.41000000000000003,0.025,0.02,USD/lb,Authentic Futures Market Feed (1-Year 60m Candles)
2026-07-20 21:00,2026-07-20,21,Copper,HG=F,6.367,6.374,6.357,6.364,1044,-0.02,-0.003,-0.028,USD/lb,Authentic Futures Market Feed (1-Year 60m Candles)
2026-07-20 22:00,2026-07-20,22,Copper,HG=F,6.365,6.395,6.36,6.395,1061,0.49,0.03,0.033,USD/lb,Authentic Futures Market Feed (1-Year 60m Candles)
2026-07-20 23:00,2026-07-20,23,Copper,HG=F,6.394,6.419,6.394,6.419,1081,0.38,0.025,-0.005,USD/lb,Authentic Futures Market Feed (1-Year 60m Candles)
2026-07-21 00:00,2026-07-21,0,Copper,HG=F,6.419,6.42,6.407,6.42,1153,0.02,0.001,-0.024,USD/lb,Authentic Futures Market Feed (1-Year 60m Candles)
2026-07-21 01:00,2026-07-21,1,Copper,HG=F,6.42,6.429,6.413,6.425,1498,0.08,0.005,0.004,USD/lb,Authentic Futures Market Feed (1-Year 60m Candles)
2026-07-21 02:00,2026-07-21,2,Copper,HG=F,6.425,6.498,6.425,6.471,4356,0.72,0.046,0.041,USD/lb,Authentic Futures Market Feed (1-Year 60m Candles)
2026-07-21 03:00,2026-07-21,3,Copper,HG=F,6.471,6.497,6.47,6.497,2501,0.4,0.026,-0.02,USD/lb,Authentic Futures Market Feed (1-Year 60m Candles)
2026-07-21 04:00,2026-07-21,4,Copper,HG=F,6.497,6.531,6.479,6.523,4948,0.4,0.026,0.0,USD/lb,Authentic Futures Market Feed (1-Year 60m Candles)
2026-07-21 05:00,2026-07-21,5,Copper,HG=F,6.523,6.531,6.517,6.521,1197,-0.03,-0.002,-0.028,USD/lb,Authentic Futures Market Feed (1-Year 60m Candles)
2026-07-21 06:00,2026-07-21,6,Copper,HG=F,6.521,6.529,6.516,6.521,1203,0.0,0.0,0.002,USD/lb,Authentic Futures Market Feed (1-Year 60m Candles)
2026-07-21 07:00,2026-07-21,7,Copper,HG=F,6.521,6.534,6.517,6.527,2006,0.09,0.006,0.006,USD/lb,Authentic Futures Market Feed (1-Year 60m Candles)
2026-07-21 08:00,2026-07-21,8,Copper,HG=F,6.527,6.538,6.511,6.535,3523,0.12,0.008,0.002,USD/lb,Authentic Futures Market Feed (1-Year 60m Candles)
2026-07-21 09:00,2026-07-21,9,Copper,HG=F,6.536,6.545,6.489,6.505,5791,-0.45999999999999996,-0.031,-0.039,USD/lb,Authentic Futures Market Feed (1-Year 60m Candles)
2026-07-21 10:00,2026-07-21,10,Copper,HG=F,6.505,6.537,6.505,6.533,5100,0.43,0.028,0.059,USD/lb,Authentic Futures Market Feed (1-Year 60m Candles)
2026-07-21 11:00,2026-07-21,11,Copper,HG=F,6.534,6.551,6.518,6.548,8894,0.22999999999999998,0.014,-0.014,USD/lb,Authentic Futures Market Feed (1-Year 60m Candles)
2026-07-21 12:00,2026-07-21,12,Copper,HG=F,6.549,6.567,6.545,6.55,4779,0.03,0.001,-0.013,USD/lb,Authentic Futures Market Feed (1-Year 60m Candles)
2026-07-21 13:00,2026-07-21,13,Copper,HG=F,6.55,6.55,6.523,6.527,2571,-0.35000000000000003,-0.023,-0.024,USD/lb,Authentic Futures Market Feed (1-Year 60m Candles)
2026-07-21 14:00,2026-07-21,14,Copper,HG=F,6.527,6.53,6.522,6.527,676,0.0,0.0,0.023,USD/lb,Authentic Futures Market Feed (1-Year 60m Candles)
2026-07-21 15:00,2026-07-21,15,Copper,HG=F,6.529,6.53,6.524,6.529,442,0.03,0.0,0.0,USD/lb,Authentic Futures Market Feed (1-Year 60m Candles)
2026-07-21 16:00,2026-07-21,16,Copper,HG=F,6.529,6.53,6.522,6.53,475,0.02,0.001,0.001,USD/lb,Authentic Futures Market Feed (1-Year 60m Candles)
2026-07-21 18:00,2026-07-21,18,Copper,HG=F,6.525,6.538,6.525,6.53,0,0.0,0.005,0.004,USD/lb,Authentic Futures Market Feed (1-Year 60m Candles)
2026-07-21 19:00,2026-07-21,19,Copper,HG=F,6.53,6.533,6.528,6.531,299,0.02,0.001,-0.004,USD/lb,Authentic Futures Market Feed (1-Year 60m Candles)
2026-07-21 20:00,2026-07-21,20,Copper,HG=F,6.532,6.545,6.528,6.543,699,0.18,0.011,0.01,USD/lb,Authentic Futures Market Feed (1-Year 60m Candles)
2026-07-21 21:00,2026-07-21,21,Copper,HG=F,6.544,6.563,6.535,6.535,1303,-0.12,-0.009,-0.02,USD/lb,Authentic Futures Market Feed (1-Year 60m Candles)
2026-07-21 22:00,2026-07-21,22,Copper,HG=F,6.535,6.537,6.518,6.527,1023,-0.12,-0.008,0.001,USD/lb,Authentic Futures Market Feed (1-Year 60m Candles)
2026-07-21 23:00,2026-07-21,23,Copper,HG=F,6.527,6.542,6.519,6.523,498,-0.06,-0.004,0.004,USD/lb,Authentic Futures Market Feed (1-Year 60m Candles)
2026-07-22 00:00,2026-07-22,0,Copper,HG=F,6.527,6.531,6.516,6.521,321,-0.03,-0.006,-0.002,USD/lb,Authentic Futures Market Feed (1-Year 60m Candles)
2026-07-22 01:00,2026-07-22,1,Copper,HG=F,6.522,6.524,6.494,6.502,1124,-0.29,-0.02,-0.014,USD/lb,Authentic Futures Market Feed (1-Year 60m Candles)
2026-07-22 02:00,2026-07-22,2,Copper,HG=F,6.501,6.516,6.495,6.503,6469,0.02,0.002,0.022,USD/lb,Authentic Futures Market Feed (1-Year 60m Candles)
2026-07-22 03:00,2026-07-22,3,Copper,HG=F,6.502,6.525,6.492,6.503,1517,0.0,0.001,-0.001,USD/lb,Authentic Futures Market Feed (1-Year 60m Candles)
2026-07-22 04:00,2026-07-22,4,Copper,HG=F,6.505,6.533,6.503,6.525,2788,0.33999999999999997,0.02,0.019,USD/lb,Authentic Futures Market Feed (1-Year 60m Candles)
2026-07-22 05:00,2026-07-22,5,Copper,HG=F,6.525,6.53,6.508,6.51,831,-0.22999999999999998,-0.015,-0.035,USD/lb,Authentic Futures Market Feed (1-Year 60m Candles)
2026-07-22 06:00,2026-07-22,6,Copper,HG=F,6.51,6.525,6.51,6.513,466,0.05,0.003,0.018,USD/lb,Authentic Futures Market Feed (1-Year 60m Candles)
2026-07-22 07:00,2026-07-22,7,Copper,HG=F,6.513,6.523,6.499,6.515,1505,0.03,0.002,-0.001,USD/lb,Authentic Futures Market Feed (1-Year 60m Candles)
2026-07-22 08:00,2026-07-22,8,Copper,HG=F,6.516,6.522,6.491,6.497,2149,-0.27999999999999997,-0.019,-0.021,USD/lb,Authentic Futures Market Feed (1-Year 60m Candles)
2026-07-22 09:00,2026-07-22,9,Copper,HG=F,6.497,6.526,6.497,6.523,2929,0.4,0.026,0.045,USD/lb,Authentic Futures Market Feed (1-Year 60m Candles)
2026-07-22 10:00,2026-07-22,10,Copper,HG=F,6.523,6.524,6.496,6.503,3959,-0.31,-0.02,-0.046,USD/lb,Authentic Futures Market Feed (1-Year 60m Candles)
2026-07-22 11:00,2026-07-22,11,Copper,HG=F,6.502,6.519,6.498,6.503,2252,0.0,0.001,0.021,USD/lb,Authentic Futures Market Feed (1-Year 60m Candles)
2026-07-22 12:00,2026-07-22,12,Copper,HG=F,6.502,6.506,6.486,6.493,3444,-0.15,-0.009,-0.01,USD/lb,Authentic Futures Market Feed (1-Year 60m Candles)
2026-07-22 13:00,2026-07-22,13,Copper,HG=F,6.494,6.497,6.478,6.483,2070,-0.15,-0.011,-0.002,USD/lb,Authentic Futures Market Feed (1-Year 60m Candles)
2026-07-22 14:00,2026-07-22,14,Copper,HG=F,6.483,6.484,6.467,6.48,765,-0.05,-0.003,0.008,USD/lb,Authentic Futures Market Feed (1-Year 60m Candles)
2026-07-22 15:00,2026-07-22,15,Copper,HG=F,6.479,6.489,6.477,6.484,581,0.06,0.005,0.008,USD/lb,Authentic Futures Market Feed (1-Year 60m Candles)
2026-07-22 16:00,2026-07-22,16,Copper,HG=F,6.485,6.493,6.479,6.491,336,0.11,0.006,0.001,USD/lb,Authentic Futures Market Feed (1-Year 60m Candles)
2026-07-22 18:00,2026-07-22,18,Copper,HG=F,6.486,6.488,6.47,6.478,0,-0.2,-0.008,-0.014,USD/lb,Authentic Futures Market Feed (1-Year 60m Candles)
2026-07-22 19:00,2026-07-22,19,Copper,HG=F,6.478,6.484,6.473,6.484,101,0.09,0.006,0.014,USD/lb,Authentic Futures Market Feed (1-Year 60m Candles)
2026-07-22 20:00,2026-07-22,20,Copper,HG=F,6.485,6.488,6.478,6.485,366,0.02,0.0,-0.006,USD/lb,Authentic Futures Market Feed (1-Year 60m Candles)
2026-07-22 21:00,2026-07-22,21,Copper,HG=F,6.486,6.512,6.479,6.503,880,0.27999999999999997,0.017,0.017,USD/lb,Authentic Futures Market Feed (1-Year 60m Candles)
2026-07-22 22:00,2026-07-22,22,Copper,HG=F,6.503,6.525,6.499,6.523,393,0.31,0.02,0.003,USD/lb,Authentic Futures Market Feed (1-Year 60m Candles)
2026-07-22 23:00,2026-07-22,23,Copper,HG=F,6.523,6.532,6.508,6.532,626,0.13999999999999999,0.009,-0.011,USD/lb,Authentic Futures Market Feed (1-Year 60m Candles)
2026-07-23 00:00,2026-07-23,0,Copper,HG=F,6.531,6.536,6.52,6.524,269,-0.12,-0.007,-0.016,USD/lb,Authentic Futures Market Feed (1-Year 60m Candles)
2026-07-23 01:00,2026-07-23,1,Copper,HG=F,6.525,6.53,6.504,6.508,457,-0.25,-0.017,-0.01,USD/lb,Authentic Futures Market Feed (1-Year 60m Candles)
2026-07-23 02:00,2026-07-23,2,Copper,HG=F,6.506,6.518,6.498,6.507,1668,-0.02,0.001,0.018,USD/lb,Authentic Futures Market Feed (1-Year 60m Candles)
2026-07-23 03:00,2026-07-23,3,Copper,HG=F,6.508,6.509,6.444,6.458,2080,-0.75,-0.05,-0.051,USD/lb,Authentic Futures Market Feed (1-Year 60m Candles)
2026-07-23 04:00,2026-07-23,4,Copper,HG=F,6.459,6.463,6.442,6.458,1015,0.0,-0.001,0.049,USD/lb,Authentic Futures Market Feed (1-Year 60m Candles)
2026-07-23 05:00,2026-07-23,5,Copper,HG=F,6.458,6.479,6.448,6.449,971,-0.13999999999999999,-0.009,-0.008,USD/lb,Authentic Futures Market Feed (1-Year 60m Candles)
2026-07-23 06:00,2026-07-23,6,Copper,HG=F,6.449,6.479,6.439,6.471,964,0.33999999999999997,0.022,0.031,USD/lb,Authentic Futures Market Feed (1-Year 60m Candles)
2026-07-23 07:00,2026-07-23,7,Copper,HG=F,6.472,6.475,6.444,6.469,1161,-0.03,-0.003,-0.025,USD/lb,Authentic Futures Market Feed (1-Year 60m Candles)
2026-07-23 08:00,2026-07-23,8,Copper,HG=F,6.469,6.469,6.414,6.423,3875,-0.7100000000000001,-0.046,-0.043,USD/lb,Authentic Futures Market Feed (1-Year 60m Candles)
2026-07-23 09:00,2026-07-23,9,Copper,HG=F,6.422,6.432,6.365,6.379,7397,-0.69,-0.043,0.003,USD/lb,Authentic Futures Market Feed (1-Year 60m Candles)
2026-07-23 10:00,2026-07-23,10,Copper,HG=F,6.378,6.39,6.36,6.368,2807,-0.16999999999999998,-0.01,0.033,USD/lb,Authentic Futures Market Feed (1-Year 60m Candles)
2026-07-23 11:00,2026-07-23,11,Copper,HG=F,6.367,6.369,6.33,6.345,4550,-0.36,-0.022,-0.012,USD/lb,Authentic Futures Market Feed (1-Year 60m Candles)
2026-07-23 12:00,2026-07-23,12,Copper,HG=F,6.345,6.351,6.334,6.343,3736,-0.03,-0.002,0.02,USD/lb,Authentic Futures Market Feed (1-Year 60m Candles)
2026-07-23 13:00,2026-07-23,13,Copper,HG=F,6.343,6.344,6.322,6.326,1926,-0.27,-0.017,-0.015,USD/lb,Authentic Futures Market Feed (1-Year 60m Candles)
2026-07-23 14:00,2026-07-23,14,Copper,HG=F,6.325,6.325,6.312,6.317,924,-0.13999999999999999,-0.008,0.009,USD/lb,Authentic Futures Market Feed (1-Year 60m Candles)
2026-07-23 15:00,2026-07-23,15,Copper,HG=F,6.318,6.323,6.311,6.32,751,0.05,0.002,0.01,USD/lb,Authentic Futures Market Feed (1-Year 60m Candles)
2026-07-23 16:00,2026-07-23,16,Copper,HG=F,6.32,6.34,6.32,6.338,725,0.27999999999999997,0.018,0.016,USD/lb,Authentic Futures Market Feed (1-Year 60m Candles)
2026-07-23 18:00,2026-07-23,18,Copper,HG=F,6.336,6.337,6.328,6.334,0,-0.06,-0.002,-0.02,USD/lb,Authentic Futures Market Feed (1-Year 60m Candles)
2026-07-23 19:00,2026-07-23,19,Copper,HG=F,6.333,6.335,6.328,6.329,125,-0.08,-0.004,-0.002,USD/lb,Authentic Futures Market Feed (1-Year 60m Candles)
2026-07-23 20:00,2026-07-23,20,Copper,HG=F,6.33,6.333,6.311,6.326,836,-0.05,-0.004,0.0,USD/lb,Authentic Futures Market Feed (1-Year 60m Candles)
2026-07-23 21:00,2026-07-23,21,Copper,HG=F,6.326,6.343,6.314,6.325,1508,-0.02,-0.001,0.003,USD/lb,Authentic Futures Market Feed (1-Year 60m Candles)
2026-07-23 22:00,2026-07-23,22,Copper,HG=F,6.326,6.338,6.309,6.314,861,-0.16999999999999998,-0.012,-0.011,USD/lb,Authentic Futures Market Feed (1-Year 60m Candles)
2026-07-23 23:00,2026-07-23,23,Copper,HG=F,6.313,6.33,6.312,6.319,286,0.08,0.006,0.018,USD/lb,Authentic Futures Market Feed (1-Year 60m Candles)
2026-07-24 00:00,2026-07-24,0,Copper,HG=F,6.321,6.324,6.313,6.319,250,0.0,-0.002,-0.008,USD/lb,Authentic Futures Market Feed (1-Year 60m Candles)
2026-07-24 01:00,2026-07-24,1,Copper,HG=F,6.319,6.345,6.314,6.315,803,-0.06,-0.004,-0.002,USD/lb,Authentic Futures Market Feed (1-Year 60m Candles)
2026-07-24 02:00,2026-07-24,2,Copper,HG=F,6.315,6.343,6.314,6.341,1333,0.41000000000000003,0.026,0.03,USD/lb,Authentic Futures Market Feed (1-Year 60m Candles)
2026-07-24 03:00,2026-07-24,3,Copper,HG=F,6.341,6.377,6.341,6.351,2815,0.16,0.01,-0.016,USD/lb,Authentic Futures Market Feed (1-Year 60m Candles)
2026-07-24 04:00,2026-07-24,4,Copper,HG=F,6.35,6.35,6.334,6.342,836,-0.13999999999999999,-0.008,-0.018,USD/lb,Authentic Futures Market Feed (1-Year 60m Candles)
2026-07-24 05:00,2026-07-24,5,Copper,HG=F,6.344,6.365,6.344,6.365,611,0.36,0.021,0.029,USD/lb,Authentic Futures Market Feed (1-Year 60m Candles)
2026-07-24 06:00,2026-07-24,6,Copper,HG=F,6.365,6.368,6.358,6.36,530,-0.08,-0.005,-0.026,USD/lb,Authentic Futures Market Feed (1-Year 60m Candles)
2026-07-24 07:00,2026-07-24,7,Copper,HG=F,6.36,6.365,6.344,6.36,724,0.0,0.0,0.005,USD/lb,Authentic Futures Market Feed (1-Year 60m Candles)
2026-07-24 08:00,2026-07-24,8,Copper,HG=F,6.361,6.376,6.334,6.345,2226,-0.24,-0.016,-0.016,USD/lb,Authentic Futures Market Feed (1-Year 60m Candles)
2026-07-24 09:00,2026-07-24,9,Copper,HG=F,6.345,6.351,6.33,6.339,2603,-0.09,-0.006,0.01,USD/lb,Authentic Futures Market Feed (1-Year 60m Candles)
2026-07-24 10:00,2026-07-24,10,Copper,HG=F,6.339,6.359,6.332,6.354,2450,0.24,0.015,0.021,USD/lb,Authentic Futures Market Feed (1-Year 60m Candles)
2026-07-24 11:00,2026-07-24,11,Copper,HG=F,6.355,6.373,6.344,6.367,2630,0.2,0.012,-0.003,USD/lb,Authentic Futures Market Feed (1-Year 60m Candles)
2026-07-24 12:00,2026-07-24,12,Copper,HG=F,6.367,6.371,6.353,6.357,2867,-0.16,-0.01,-0.022,USD/lb,Authentic Futures Market Feed (1-Year 60m Candles)
2026-07-24 13:00,2026-07-24,13,Copper,HG=F,6.357,6.361,6.346,6.351,2409,-0.09,-0.006,0.004,USD/lb,Authentic Futures Market Feed (1-Year 60m Candles)
2026-07-24 14:00,2026-07-24,14,Copper,HG=F,6.352,6.353,6.34,6.341,472,-0.16,-0.011,-0.005,USD/lb,Authentic Futures Market Feed (1-Year 60m Candles)
2026-07-24 15:00,2026-07-24,15,Copper,HG=F,6.342,6.342,6.332,6.336,702,-0.08,-0.006,0.005,USD/lb,Authentic Futures Market Feed (1-Year 60m Candles)
2026-07-24 16:00,2026-07-24,16,Copper,HG=F,6.337,6.358,6.332,6.358,425,0.35000000000000003,0.021,0.027,USD/lb,Authentic Futures Market Feed (1-Year 60m Candles)
2026-07-26 18:00,2026-07-26,18,Copper,HG=F,6.382,6.382,6.359,6.36,387,0.03,-0.022,-0.043,USD/lb,Authentic Futures Market Feed (1-Year 60m Candles)
2026-07-26 19:00,2026-07-26,19,Copper,HG=F,6.361,6.369,6.355,6.368,258,0.13,0.007,0.029,USD/lb,Authentic Futures Market Feed (1-Year 60m Candles)
2026-07-26 20:00,2026-07-26,20,Copper,HG=F,6.367,6.376,6.352,6.359,742,-0.13999999999999999,-0.008,-0.015,USD/lb,Authentic Futures Market Feed (1-Year 60m Candles)
2026-07-26 21:00,2026-07-26,21,Copper,HG=F,6.359,6.389,6.353,6.386,1067,0.42,0.027,0.035,USD/lb,Authentic Futures Market Feed (1-Year 60m Candles)
2026-07-26 22:00,2026-07-26,22,Copper,HG=F,6.386,6.389,6.35,6.354,757,-0.5,-0.032,-0.059,USD/lb,Authentic Futures Market Feed (1-Year 60m Candles)
2026-07-26 23:00,2026-07-26,23,Copper,HG=F,6.354,6.367,6.343,6.346,546,-0.13,-0.008,0.024,USD/lb,Authentic Futures Market Feed (1-Year 60m Candles)
2026-07-27 00:00,2026-07-27,0,Copper,HG=F,6.347,6.349,6.34,6.343,281,-0.05,-0.004,0.004,USD/lb,Authentic Futures Market Feed (1-Year 60m Candles)
2026-07-27 01:00,2026-07-27,1,Copper,HG=F,6.344,6.363,6.341,6.361,502,0.27999999999999997,0.017,0.021,USD/lb,Authentic Futures Market Feed (1-Year 60m Candles)
2026-07-27 02:00,2026-07-27,2,Copper,HG=F,6.36,6.369,6.357,6.36,1558,-0.02,0.0,-0.017,USD/lb,Authentic Futures Market Feed (1-Year 60m Candles)
2026-07-27 03:00,2026-07-27,3,Copper,HG=F,6.359,6.381,6.355,6.355,1479,-0.08,-0.004,-0.004,USD/lb,Authentic Futures Market Feed (1-Year 60m Candles)
2026-07-27 04:00,2026-07-27,4,Copper,HG=F,6.355,6.394,6.355,6.393,1797,0.6,0.038,0.042,USD/lb,Authentic Futures Market Feed (1-Year 60m Candles)
2026-07-27 05:00,2026-07-27,5,Copper,HG=F,6.392,6.406,6.39,6.394,1616,0.02,0.002,-0.036,USD/lb,Authentic Futures Market Feed (1-Year 60m Candles)
2026-07-27 06:00,2026-07-27,6,Copper,HG=F,6.393,6.409,6.379,6.397,1324,0.05,0.004,0.002,USD/lb,Authentic Futures Market Feed (1-Year 60m Candles)
2026-07-27 07:00,2026-07-27,7,Copper,HG=F,6.396,6.405,6.389,6.398,1206,0.02,0.002,-0.002,USD/lb,Authentic Futures Market Feed (1-Year 60m Candles)
2026-07-27 08:00,2026-07-27,8,Copper,HG=F,6.398,6.405,6.38,6.392,1768,-0.09,-0.006,-0.008,USD/lb,Authentic Futures Market Feed (1-Year 60m Candles)
2026-07-27 09:00,2026-07-27,9,Copper,HG=F,6.393,6.411,6.379,6.386,4032,-0.09,-0.007,-0.001,USD/lb,Authentic Futures Market Feed (1-Year 60m Candles)
2026-07-27 10:00,2026-07-27,10,Copper,HG=F,6.387,6.392,6.36,6.389,3274,0.05,0.002,0.009,USD/lb,Authentic Futures Market Feed (1-Year 60m Candles)
2026-07-27 11:00,2026-07-27,11,Copper,HG=F,6.389,6.398,6.372,6.383,2476,-0.09,-0.006,-0.008,USD/lb,Authentic Futures Market Feed (1-Year 60m Candles)
2026-07-27 12:00,2026-07-27,12,Copper,HG=F,6.381,6.398,6.374,6.378,3110,-0.08,-0.003,0.003,USD/lb,Authentic Futures Market Feed (1-Year 60m Candles)
2026-07-27 13:00,2026-07-27,13,Copper,HG=F,6.379,6.392,6.372,6.392,1508,0.22,0.013,0.016,USD/lb,Authentic Futures Market Feed (1-Year 60m Candles)
2026-07-27 14:00,2026-07-27,14,Copper,HG=F,6.392,6.398,6.381,6.397,764,0.08,0.005,-0.008,USD/lb,Authentic Futures Market Feed (1-Year 60m Candles)
2026-07-27 15:00,2026-07-27,15,Copper,HG=F,6.398,6.411,6.395,6.405,683,0.13,0.007,0.002,USD/lb,Authentic Futures Market Feed (1-Year 60m Candles)
2026-07-27 16:00,2026-07-27,16,Copper,HG=F,6.405,6.405,6.394,6.397,305,-0.12,-0.008,-0.015,USD/lb,Authentic Futures Market Feed (1-Year 60m Candles)
2026-07-27 18:00,2026-07-27,18,Copper,HG=F,6.395,6.396,6.387,6.393,0,-0.06,-0.002,0.006,USD/lb,Authentic Futures Market Feed (1-Year 60m Candles)
2026-07-27 19:00,2026-07-27,19,Copper,HG=F,6.392,6.393,6.385,6.389,58,-0.06,-0.003,-0.001,USD/lb,Authentic Futures Market Feed (1-Year 60m Candles)
2026-07-27 20:00,2026-07-27,20,Copper,HG=F,6.389,6.391,6.36,6.363,817,-0.41000000000000003,-0.026,-0.023,USD/lb,Authentic Futures Market Feed (1-Year 60m Candles)
2026-07-27 21:00,2026-07-27,21,Copper,HG=F,6.363,6.364,6.331,6.345,1280,-0.27999999999999997,-0.018,0.008,USD/lb,Authentic Futures Market Feed (1-Year 60m Candles)
2026-07-27 22:00,2026-07-27,22,Copper,HG=F,6.345,6.353,6.334,6.343,449,-0.03,-0.002,0.016,USD/lb,Authentic Futures Market Feed (1-Year 60m Candles)
2026-07-27 23:00,2026-07-27,23,Copper,HG=F,6.344,6.367,6.34,6.366,439,0.36,0.022,0.024,USD/lb,Authentic Futures Market Feed (1-Year 60m Candles)
2026-07-28 00:00,2026-07-28,0,Copper,HG=F,6.366,6.368,6.352,6.352,434,-0.22,-0.014,-0.036,USD/lb,Authentic Futures Market Feed (1-Year 60m Candles)
2026-07-28 01:00,2026-07-28,1,Copper,HG=F,6.353,6.353,6.321,6.329,1674,-0.36,-0.024,-0.01,USD/lb,Authentic Futures Market Feed (1-Year 60m Candles)
2026-07-28 02:00,2026-07-28,2,Copper,HG=F,6.329,6.353,6.327,6.344,1130,0.24,0.015,0.039,USD/lb,Authentic Futures Market Feed (1-Year 60m Candles)
2026-07-28 03:00,2026-07-28,3,Copper,HG=F,6.344,6.35,6.324,6.331,809,-0.2,-0.013,-0.028,USD/lb,Authentic Futures Market Feed (1-Year 60m Candles)
2026-07-28 04:00,2026-07-28,4,Copper,HG=F,6.33,6.347,6.31,6.343,1741,0.19,0.013,0.026,USD/lb,Authentic Futures Market Feed (1-Year 60m Candles)
2026-07-28 05:00,2026-07-28,5,Copper,HG=F,6.342,6.35,6.32,6.322,1096,-0.33,-0.02,-0.033,USD/lb,Authentic Futures Market Feed (1-Year 60m Candles)
2026-07-28 06:00,2026-07-28,6,Copper,HG=F,6.32,6.324,6.3,6.323,1992,0.02,0.003,0.023,USD/lb,Authentic Futures Market Feed (1-Year 60m Candles)
2026-07-28 07:00,2026-07-28,7,Copper,HG=F,6.323,6.326,6.294,6.312,2088,-0.16999999999999998,-0.011,-0.014,USD/lb,Authentic Futures Market Feed (1-Year 60m Candles)
2026-07-28 08:00,2026-07-28,8,Copper,HG=F,6.312,6.33,6.309,6.322,2239,0.16,0.01,0.021,USD/lb,Authentic Futures Market Feed (1-Year 60m Candles)
2026-07-28 09:00,2026-07-28,9,Copper,HG=F,6.321,6.326,6.298,6.306,3086,-0.25,-0.015,-0.025,USD/lb,Authentic Futures Market Feed (1-Year 60m Candles)
2026-07-28 10:00,2026-07-28,10,Copper,HG=F,6.307,6.345,6.307,6.334,3910,0.44,0.027,0.042,USD/lb,Authentic Futures Market Feed (1-Year 60m Candles)
2026-07-28 11:00,2026-07-28,11,Copper,HG=F,6.334,6.371,6.328,6.37,2706,0.5700000000000001,0.036,0.009,USD/lb,Authentic Futures Market Feed (1-Year 60m Candles)
2026-07-28 12:00,2026-07-28,12,Copper,HG=F,6.371,6.373,6.356,6.359,5192,-0.16999999999999998,-0.012,-0.048,USD/lb,Authentic Futures Market Feed (1-Year 60m Candles)
2026-07-28 13:00,2026-07-28,13,Copper,HG=F,6.359,6.361,6.337,6.339,1571,-0.31,-0.02,-0.008,USD/lb,Authentic Futures Market Feed (1-Year 60m Candles)
2026-07-28 14:00,2026-07-28,14,Copper,HG=F,6.34,6.343,6.331,6.334,403,-0.08,-0.006,0.014,USD/lb,Authentic Futures Market Feed (1-Year 60m Candles)
2026-07-28 15:00,2026-07-28,15,Copper,HG=F,6.335,6.359,6.335,6.338,378,0.06,0.003,0.009,USD/lb,Authentic Futures Market Feed (1-Year 60m Candles)
2026-07-28 16:00,2026-07-28,16,Copper,HG=F,6.339,6.341,6.333,6.336,344,-0.03,-0.003,-0.006,USD/lb,Authentic Futures Market Feed (1-Year 60m Candles)
2026-07-28 18:00,2026-07-28,18,Copper,HG=F,6.335,6.346,6.331,6.335,0,-0.02,0.0,0.003,USD/lb,Authentic Futures Market Feed (1-Year 60m Candles)
2026-07-28 19:00,2026-07-28,19,Copper,HG=F,6.332,6.346,6.332,6.343,124,0.13,0.011,0.011,USD/lb,Authentic Futures Market Feed (1-Year 60m Candles)
2026-07-28 20:00,2026-07-28,20,Copper,HG=F,6.344,6.352,6.338,6.339,399,-0.06,-0.005,-0.016,USD/lb,Authentic Futures Market Feed (1-Year 60m Candles)
2026-07-28 21:00,2026-07-28,21,Copper,HG=F,6.339,6.356,6.321,6.323,1064,-0.25,-0.016,-0.011,USD/lb,Authentic Futures Market Feed (1-Year 60m Candles)
2026-07-28 22:00,2026-07-28,22,Copper,HG=F,6.323,6.342,6.321,6.325,719,0.03,0.002,0.018,USD/lb,Authentic Futures Market Feed (1-Year 60m Candles)
2026-07-28 23:00,2026-07-28,23,Copper,HG=F,6.326,6.334,6.292,6.294,1231,-0.49,-0.032,-0.034,USD/lb,Authentic Futures Market Feed (1-Year 60m Candles)
2026-07-29 00:00,2026-07-29,0,Copper,HG=F,6.293,6.294,6.282,6.294,937,0.0,0.001,0.033,USD/lb,Authentic Futures Market Feed (1-Year 60m Candles)
2026-07-29 01:00,2026-07-29,1,Copper,HG=F,6.295,6.333,6.294,6.329,698,0.5599999999999999,0.034,0.033,USD/lb,Authentic Futures Market Feed (1-Year 60m Candles)
2026-07-29 02:00,2026-07-29,2,Copper,HG=F,6.329,6.344,6.323,6.339,1009,0.16,0.01,-0.024,USD/lb,Authentic Futures Market Feed (1-Year 60m Candles)
2026-07-29 03:00,2026-07-29,3,Copper,HG=F,6.339,6.349,6.334,6.338,1078,-0.02,-0.001,-0.011,USD/lb,Authentic Futures Market Feed (1-Year 60m Candles)
2026-07-29 04:00,2026-07-29,4,Copper,HG=F,6.338,6.339,6.312,6.317,994,-0.33,-0.021,-0.02,USD/lb,Authentic Futures Market Feed (1-Year 60m Candles)
2026-07-29 05:00,2026-07-29,5,Copper,HG=F,6.318,6.329,6.317,6.317,678,0.0,-0.001,0.02,USD/lb,Authentic Futures Market Feed (1-Year 60m Candles)
2026-07-29 06:00,2026-07-29,6,Copper,HG=F,6.318,6.323,6.307,6.313,552,-0.06,-0.005,-0.004,USD/lb,Authentic Futures Market Feed (1-Year 60m Candles)
2026-07-29 07:00,2026-07-29,7,Copper,HG=F,6.313,6.324,6.311,6.32,766,0.11,0.007,0.012,USD/lb,Authentic Futures Market Feed (1-Year 60m Candles)
2026-07-29 08:00,2026-07-29,8,Copper,HG=F,6.321,6.326,6.285,6.307,3635,-0.21,-0.014,-0.021,USD/lb,Authentic Futures Market Feed (1-Year 60m Candles)
2026-07-29 09:00,2026-07-29,9,Copper,HG=F,6.307,6.332,6.298,6.307,3825,0.0,0.0,0.014,USD/lb,Authentic Futures Market Feed (1-Year 60m Candles)
2026-07-29 10:00,2026-07-29,10,Copper,HG=F,6.307,6.319,6.29,6.294,2919,-0.21,-0.013,-0.013,USD/lb,Authentic Futures Market Feed (1-Year 60m Candles)
2026-07-29 11:00,2026-07-29,11,Copper,HG=F,6.295,6.312,6.294,6.298,2127,0.06,0.003,0.016,USD/lb,Authentic Futures Market Feed (1-Year 60m Candles)
2026-07-29 12:00,2026-07-29,12,Copper,HG=F,6.298,6.315,6.288,6.313,4286,0.24,0.015,0.012,USD/lb,Authentic Futures Market Feed (1-Year 60m Candles)
2026-07-29 13:00,2026-07-29,13,Copper,HG=F,6.313,6.338,6.311,6.326,2048,0.21,0.013,-0.002,USD/lb,Authentic Futures Market Feed (1-Year 60m Candles)
2026-07-29 14:00,2026-07-29,14,Copper,HG=F,6.33,6.431,6.329,6.417,6027,1.44,0.087,0.074,USD/lb,Authentic Futures Market Feed (1-Year 60m Candles)
2026-07-29 15:00,2026-07-29,15,Copper,HG=F,6.418,6.427,6.339,6.341,3587,-1.18,-0.077,-0.164,USD/lb,Authentic Futures Market Feed (1-Year 60m Candles)
2026-07-29 16:00,2026-07-29,16,Copper,HG=F,6.342,6.352,6.334,6.346,890,0.08,0.004,0.081,USD/lb,Authentic Futures Market Feed (1-Year 60m Candles)
2026-07-29 18:00,2026-07-29,18,Copper,HG=F,6.35,6.379,6.347,6.379,0,0.52,0.029,0.025,USD/lb,Authentic Futures Market Feed (1-Year 60m Candles)
2026-07-29 19:00,2026-07-29,19,Copper,HG=F,6.379,6.39,6.375,6.376,465,-0.05,-0.003,-0.032,USD/lb,Authentic Futures Market Feed (1-Year 60m Candles)
2026-07-29 20:00,2026-07-29,20,Copper,HG=F,6.377,6.386,6.36,6.365,954,-0.16999999999999998,-0.012,-0.009,USD/lb,Authentic Futures Market Feed (1-Year 60m Candles)
2026-07-29 21:00,2026-07-29,21,Copper,HG=F,6.366,6.425,6.358,6.416,2367,0.8,0.05,0.062,USD/lb,Authentic Futures Market Feed (1-Year 60m Candles)
2026-07-29 22:00,2026-07-29,22,Copper,HG=F,6.416,6.426,6.383,6.388,871,-0.44,-0.028,-0.078,USD/lb,Authentic Futures Market Feed (1-Year 60m Candles)
2026-07-29 23:00,2026-07-29,23,Copper,HG=F,6.387,6.399,6.364,6.369,651,-0.3,-0.018,0.01,USD/lb,Authentic Futures Market Feed (1-Year 60m Candles)
2026-07-30 00:00,2026-07-30,0,Copper,HG=F,6.369,6.369,6.344,6.347,583,-0.35000000000000003,-0.022,-0.004,USD/lb,Authentic Futures Market Feed (1-Year 60m Candles)
2026-07-30 01:00,2026-07-30,1,Copper,HG=F,6.347,6.381,6.34,6.37,1112,0.36,0.023,0.045,USD/lb,Authentic Futures Market Feed (1-Year 60m Candles)
2026-07-30 02:00,2026-07-30,2,Copper,HG=F,6.37,6.372,6.35,6.357,634,-0.2,-0.013,-0.036,USD/lb,Authentic Futures Market Feed (1-Year 60m Candles)
2026-07-30 03:00,2026-07-30,3,Copper,HG=F,6.357,6.399,6.356,6.361,1368,0.06,0.004,0.017,USD/lb,Authentic Futures Market Feed (1-Year 60m Candles)
2026-07-30 04:00,2026-07-30,4,Copper,HG=F,6.361,6.44,6.356,6.423,2613,0.97,0.062,0.058,USD/lb,Authentic Futures Market Feed (1-Year 60m Candles)
2026-07-30 05:00,2026-07-30,5,Copper,HG=F,6.424,6.457,6.422,6.439,2735,0.25,0.015,-0.047,USD/lb,Authentic Futures Market Feed (1-Year 60m Candles)
2026-07-30 06:00,2026-07-30,6,Copper,HG=F,6.438,6.457,6.426,6.433,1309,-0.09,-0.005,-0.02,USD/lb,Authentic Futures Market Feed (1-Year 60m Candles)
2026-07-30 07:00,2026-07-30,7,Copper,HG=F,6.434,6.46,6.431,6.455,1121,0.33999999999999997,0.021,0.026,USD/lb,Authentic Futures Market Feed (1-Year 60m Candles)
2026-07-30 08:00,2026-07-30,8,Copper,HG=F,6.456,6.488,6.442,6.444,4581,-0.16999999999999998,-0.012,-0.033,USD/lb,Authentic Futures Market Feed (1-Year 60m Candles)
2026-07-30 09:00,2026-07-30,9,Copper,HG=F,6.444,6.491,6.429,6.488,5543,0.6799999999999999,0.044,0.056,USD/lb,Authentic Futures Market Feed (1-Year 60m Candles)
2026-07-30 10:00,2026-07-30,10,Copper,HG=F,6.488,6.493,6.446,6.447,6780,-0.63,-0.041,-0.085,USD/lb,Authentic Futures Market Feed (1-Year 60m Candles)
2026-07-30 11:00,2026-07-30,11,Copper,HG=F,6.447,6.473,6.435,6.465,3122,0.27999999999999997,0.018,0.059,USD/lb,Authentic Futures Market Feed (1-Year 60m Candles)
2026-07-30 12:00,2026-07-30,12,Copper,HG=F,6.464,6.481,6.464,6.476,3922,0.16999999999999998,0.012,-0.006,USD/lb,Authentic Futures Market Feed (1-Year 60m Candles)
2026-07-30 13:00,2026-07-30,13,Copper,HG=F,6.476,6.484,6.47,6.473,1391,-0.05,-0.003,-0.015,USD/lb,Authentic Futures Market Feed (1-Year 60m Candles)
2026-07-30 14:00,2026-07-30,14,Copper,HG=F,6.473,6.486,6.471,6.486,1404,0.2,0.013,0.016,USD/lb,Authentic Futures Market Feed (1-Year 60m Candles)
2026-07-30 15:00,2026-07-30,15,Copper,HG=F,6.488,6.505,6.488,6.497,1315,0.16999999999999998,0.009,-0.004,USD/lb,Authentic Futures Market Feed (1-Year 60m Candles)
2026-07-30 16:00,2026-07-30,16,Copper,HG=F,6.497,6.509,6.489,6.501,1644,0.06,0.004,-0.005,USD/lb,Authentic Futures Market Feed (1-Year 60m Candles)
2026-07-30 18:00,2026-07-30,18,Copper,HG=F,6.501,6.505,6.496,6.501,0,0.0,0.0,-0.004,USD/lb,Authentic Futures Market Feed (1-Year 60m Candles)
2026-07-30 19:00,2026-07-30,19,Copper,HG=F,6.502,6.505,6.499,6.5,112,-0.02,-0.002,-0.002,USD/lb,Authentic Futures Market Feed (1-Year 60m Candles)
2026-07-30 20:00,2026-07-30,20,Copper,HG=F,6.501,6.51,6.497,6.498,939,-0.03,-0.003,-0.001,USD/lb,Authentic Futures Market Feed (1-Year 60m Candles)
2026-07-30 21:00,2026-07-30,21,Copper,HG=F,6.498,6.517,6.483,6.494,1740,-0.06,-0.004,-0.001,USD/lb,Authentic Futures Market Feed (1-Year 60m Candles)
2026-07-30 22:00,2026-07-30,22,Copper,HG=F,6.495,6.504,6.486,6.49,392,-0.06,-0.005,-0.001,USD/lb,Authentic Futures Market Feed (1-Year 60m Candles)
2026-07-30 23:00,2026-07-30,23,Copper,HG=F,6.49,6.501,6.48,6.499,508,0.13999999999999999,0.009,0.014,USD/lb,Authentic Futures Market Feed (1-Year 60m Candles)
2026-07-31 00:00,2026-07-31,0,Copper,HG=F,6.497,6.515,6.493,6.512,434,0.2,0.015,0.006,USD/lb,Authentic Futures Market Feed (1-Year 60m Candles)
2026-07-31 01:00,2026-07-31,1,Copper,HG=F,6.513,6.522,6.509,6.515,1301,0.05,0.002,-0.013,USD/lb,Authentic Futures Market Feed (1-Year 60m Candles)
2026-07-31 02:00,2026-07-31,2,Copper,HG=F,6.515,6.52,6.49,6.497,881,-0.27999999999999997,-0.018,-0.02,USD/lb,Authentic Futures Market Feed (1-Year 60m Candles)
2026-07-31 03:00,2026-07-31,3,Copper,HG=F,6.496,6.529,6.489,6.521,1218,0.37,0.025,0.043,USD/lb,Authentic Futures Market Feed (1-Year 60m Candles)
2026-07-31 04:00,2026-07-31,4,Copper,HG=F,6.521,6.525,6.504,6.522,638,0.02,0.001,-0.024,USD/lb,Authentic Futures Market Feed (1-Year 60m Candles)
2026-07-31 05:00,2026-07-31,5,Copper,HG=F,6.522,6.528,6.484,6.486,1117,-0.5499999999999999,-0.036,-0.037,USD/lb,Authentic Futures Market Feed (1-Year 60m Candles)
2026-07-31 06:00,2026-07-31,6,Copper,HG=F,6.487,6.494,6.484,6.485,556,-0.02,-0.002,0.034,USD/lb,Authentic Futures Market Feed (1-Year 60m Candles)
2026-07-31 07:00,2026-07-31,7,Copper,HG=F,6.485,6.492,6.475,6.482,1795,-0.05,-0.003,-0.001,USD/lb,Authentic Futures Market Feed (1-Year 60m Candles)
2026-07-31 08:00,2026-07-31,8,Copper,HG=F,6.483,6.49,6.472,6.478,3211,-0.06,-0.005,-0.002,USD/lb,Authentic Futures Market Feed (1-Year 60m Candles)
2026-07-31 09:00,2026-07-31,9,Copper,HG=F,6.478,6.504,6.436,6.446,4149,-0.49,-0.032,-0.027,USD/lb,Authentic Futures Market Feed (1-Year 60m Candles)
2026-07-31 10:00,2026-07-31,10,Copper,HG=F,6.448,6.495,6.43,6.485,4813,0.61,0.037,0.069,USD/lb,Authentic Futures Market Feed (1-Year 60m Candles)
2026-07-31 11:00,2026-07-31,11,Copper,HG=F,6.485,6.508,6.477,6.487,3901,0.03,0.002,-0.035,USD/lb,Authentic Futures Market Feed (1-Year 60m Candles)
2026-07-31 12:00,2026-07-31,12,Copper,HG=F,6.486,6.488,6.463,6.465,3612,-0.33999999999999997,-0.021,-0.023,USD/lb,Authentic Futures Market Feed (1-Year 60m Candles)
2026-07-31 13:00,2026-07-31,13,Copper,HG=F,6.465,6.494,6.459,6.492,2469,0.42,0.027,0.048,USD/lb,Authentic Futures Market Feed (1-Year 60m Candles)
2026-07-31 14:00,2026-07-31,14,Copper,HG=F,6.493,6.531,6.491,6.53,2419,0.59,0.037,0.01,USD/lb,Authentic Futures Market Feed (1-Year 60m Candles)
2026-07-31 15:00,2026-07-31,15,Copper,HG=F,6.531,6.545,6.521,6.536,1455,0.09,0.005,-0.032,USD/lb,Authentic Futures Market Feed (1-Year 60m Candles)
2026-07-31 16:00,2026-07-31,16,Copper,HG=F,6.536,6.538,6.465,6.465,725,-1.09,-0.071,-0.076,USD/lb,Authentic Futures Market Feed (1-Year 60m Candles)
2026-08-02 18:00,2026-08-02,18,Copper,HG=F,6.554,6.56,6.54,6.541,567,1.18,-0.013,0.058,USD/lb,Authentic Futures Market Feed (1-Year 60m Candles)
2026-08-02 19:00,2026-08-02,19,Copper,HG=F,6.541,6.545,6.538,6.54,299,-0.02,-0.001,0.012,USD/lb,Authentic Futures Market Feed (1-Year 60m Candles)
2026-08-02 20:00,2026-08-02,20,Copper,HG=F,6.541,6.547,6.521,6.53,1031,-0.15,-0.011,-0.01,USD/lb,Authentic Futures Market Feed (1-Year 60m Candles)
2026-08-02 21:00,2026-08-02,21,Copper,HG=F,6.529,6.535,6.517,6.533,786,0.05,0.004,0.015,USD/lb,Authentic Futures Market Feed (1-Year 60m Candles)
2026-08-02 22:00,2026-08-02,22,Copper,HG=F,6.535,6.54,6.518,6.54,448,0.11,0.005,0.001,USD/lb,Authentic Futures Market Feed (1-Year 60m Candles)
2026-08-02 23:00,2026-08-02,23,Copper,HG=F,6.54,6.542,6.523,6.534,415,-0.09,-0.006,-0.011,USD/lb,Authentic Futures Market Feed (1-Year 60m Candles)
2026-08-03 00:00,2026-08-03,0,Copper,HG=F,6.535,6.555,6.535,6.547,390,0.2,0.012,0.018,USD/lb,Authentic Futures Market Feed (1-Year 60m Candles)
2026-08-03 01:00,2026-08-03,1,Copper,HG=F,6.547,6.553,6.531,6.551,999,0.06,0.004,-0.008,USD/lb,Authentic Futures Market Feed (1-Year 60m Candles)
2026-08-03 02:00,2026-08-03,2,Copper,HG=F,6.551,6.577,6.546,6.557,3410,0.09,0.006,0.002,USD/lb,Authentic Futures Market Feed (1-Year 60m Candles)
2026-08-03 03:00,2026-08-03,3,Copper,HG=F,6.558,6.573,6.532,6.566,1778,0.13999999999999999,0.008,0.002,USD/lb,Authentic Futures Market Feed (1-Year 60m Candles)
2026-08-03 04:00,2026-08-03,4,Copper,HG=F,6.566,6.566,6.529,6.544,1573,-0.33999999999999997,-0.022,-0.03,USD/lb,Authentic Futures Market Feed (1-Year 60m Candles)
2026-08-03 05:00,2026-08-03,5,Copper,HG=F,6.545,6.545,6.523,6.527,1069,-0.26,-0.018,0.004,USD/lb,Authentic Futures Market Feed (1-Year 60m Candles)
2026-08-03 06:00,2026-08-03,6,Copper,HG=F,6.524,6.529,6.509,6.515,1381,-0.18,-0.009,0.009,USD/lb,Authentic Futures Market Feed (1-Year 60m Candles)
2026-08-03 07:00,2026-08-03,7,Copper,HG=F,6.515,6.523,6.506,6.51,1700,-0.08,-0.005,0.004,USD/lb,Authentic Futures Market Feed (1-Year 60m Candles)
2026-08-03 08:00,2026-08-03,8,Copper,HG=F,6.51,6.51,6.465,6.47,3582,-0.61,-0.04,-0.035,USD/lb,Authentic Futures Market Feed (1-Year 60m Candles)
2026-08-03 09:00,2026-08-03,9,Copper,HG=F,6.469,6.48,6.451,6.477,3941,0.11,0.008,0.048,USD/lb,Authentic Futures Market Feed (1-Year 60m Candles)
2026-08-03 10:00,2026-08-03,10,Copper,HG=F,6.476,6.504,6.468,6.499,2447,0.33999999999999997,0.023,0.015,USD/lb,Authentic Futures Market Feed (1-Year 60m Candles)
2026-08-03 11:00,2026-08-03,11,Copper,HG=F,6.499,6.527,6.497,6.521,3026,0.33999999999999997,0.022,-0.001,USD/lb,Authentic Futures Market Feed (1-Year 60m Candles)
2026-08-03 12:00,2026-08-03,12,Copper,HG=F,6.521,6.545,6.508,6.536,6315,0.22999999999999998,0.015,-0.007,USD/lb,Authentic Futures Market Feed (1-Year 60m Candles)
2026-08-03 13:00,2026-08-03,13,Copper,HG=F,6.536,6.536,6.522,6.525,3363,-0.16999999999999998,-0.011,-0.026,USD/lb,Authentic Futures Market Feed (1-Year 60m Candles)
2026-08-03 14:00,2026-08-03,14,Copper,HG=F,6.524,6.546,6.524,6.543,871,0.27999999999999997,0.019,0.03,USD/lb,Authentic Futures Market Feed (1-Year 60m Candles)
2026-08-03 15:00,2026-08-03,15,Copper,HG=F,6.544,6.552,6.542,6.547,1262,0.06,0.003,-0.016,USD/lb,Authentic Futures Market Feed (1-Year 60m Candles)
2026-08-03 16:00,2026-08-03,16,Copper,HG=F,6.545,6.551,6.543,6.543,0,-0.06,-0.002,-0.005,USD/lb,Authentic Futures Market Feed (1-Year 60m Candles)
2026-08-03 18:00,2026-08-03,18,Copper,HG=F,6.54,6.549,6.535,6.548,175,0.08,0.008,0.01,USD/lb,Authentic Futures Market Feed (1-Year 60m Candles)
2026-08-03 19:00,2026-08-03,19,Copper,HG=F,6.547,6.555,6.545,6.553,149,0.08,0.006,-0.002,USD/lb,Authentic Futures Market Feed (1-Year 60m Candles)
2026-08-03 20:00,2026-08-03,20,Copper,HG=F,6.554,6.565,6.542,6.544,843,-0.13999999999999999,-0.01,-0.016,USD/lb,Authentic Futures Market Feed (1-Year 60m Candles)
2026-08-03 21:00,2026-08-03,21,Copper,HG=F,6.543,6.586,6.54,6.568,1343,0.37,0.025,0.035,USD/lb,Authentic Futures Market Feed (1-Year 60m Candles)
2026-08-03 22:00,2026-08-03,22,Copper,HG=F,6.568,6.597,6.558,6.573,956,0.08,0.005,-0.02,USD/lb,Authentic Futures Market Feed (1-Year 60m Candles)
2026-08-03 23:00,2026-08-03,23,Copper,HG=F,6.573,6.609,6.571,6.602,1700,0.44,0.029,0.024,USD/lb,Authentic Futures Market Feed (1-Year 60m Candles)
2026-08-04 00:00,2026-08-04,0,Copper,HG=F,6.604,6.615,6.6,6.608,1337,0.09,0.004,-0.025,USD/lb,Authentic Futures Market Feed (1-Year 60m Candles)
2026-08-04 01:00,2026-08-04,1,Copper,HG=F,6.609,6.63,6.597,6.609,1730,0.02,0.0,-0.004,USD/lb,Authentic Futures Market Feed (1-Year 60m Candles)
2026-08-04 02:00,2026-08-04,2,Copper,HG=F,6.609,6.616,6.583,6.589,2040,-0.3,-0.02,-0.02,USD/lb,Authentic Futures Market Feed (1-Year 60m Candles)
2026-08-04 03:00,2026-08-04,3,Copper,HG=F,6.589,6.626,6.589,6.623,2141,0.52,0.034,0.054,USD/lb,Authentic Futures Market Feed (1-Year 60m Candles)
2026-08-04 04:00,2026-08-04,4,Copper,HG=F,6.623,6.651,6.623,6.628,2238,0.08,0.005,-0.029,USD/lb,Authentic Futures Market Feed (1-Year 60m Candles)
2026-08-04 05:00,2026-08-04,5,Copper,HG=F,6.628,6.628,6.612,6.621,938,-0.11,-0.007,-0.012,USD/lb,Authentic Futures Market Feed (1-Year 60m Candles)
2026-08-04 06:00,2026-08-04,6,Copper,HG=F,6.622,6.647,6.617,6.64,1199,0.29,0.018,0.025,USD/lb,Authentic Futures Market Feed (1-Year 60m Candles)
2026-08-04 07:00,2026-08-04,7,Copper,HG=F,6.641,6.679,6.634,6.661,3432,0.32,0.02,0.002,USD/lb,Authentic Futures Market Feed (1-Year 60m Candles)
2026-08-04 08:00,2026-08-04,8,Copper,HG=F,6.66,6.688,6.635,6.639,6375,-0.33,-0.021,-0.041,USD/lb,Authentic Futures Market Feed (1-Year 60m Candles)
2026-08-04 09:00,2026-08-04,9,Copper,HG=F,6.639,6.661,6.628,6.648,6983,0.13999999999999999,0.009,0.03,USD/lb,Authentic Futures Market Feed (1-Year 60m Candles)
2026-08-04 10:00,2026-08-04,10,Copper,HG=F,6.649,6.667,6.645,6.661,4202,0.2,0.012,0.003,USD/lb,Authentic Futures Market Feed (1-Year 60m Candles)
2026-08-04 11:00,2026-08-04,11,Copper,HG=F,6.661,6.666,6.633,6.658,5277,-0.05,-0.003,-0.015,USD/lb,Authentic Futures Market Feed (1-Year 60m Candles)
2026-08-04 12:00,2026-08-04,12,Copper,HG=F,6.659,6.661,6.634,6.643,4200,-0.22999999999999998,-0.016,-0.013,USD/lb,Authentic Futures Market Feed (1-Year 60m Candles)
2026-08-04 13:00,2026-08-04,13,Copper,HG=F,6.643,6.655,6.643,6.644,1572,0.02,0.001,0.017,USD/lb,Authentic Futures Market Feed (1-Year 60m Candles)
2026-08-04 14:00,2026-08-04,14,Copper,HG=F,6.644,6.646,6.628,6.629,1293,-0.22999999999999998,-0.015,-0.016,USD/lb,Authentic Futures Market Feed (1-Year 60m Candles)
2026-08-04 15:00,2026-08-04,15,Copper,HG=F,6.632,6.639,6.624,6.628,650,-0.02,-0.004,0.011,USD/lb,Authentic Futures Market Feed (1-Year 60m Candles)
2026-08-04 16:00,2026-08-04,16,Copper,HG=F,6.627,6.633,6.623,6.631,381,0.05,0.004,0.008,USD/lb,Authentic Futures Market Feed (1-Year 60m Candles)
2026-08-04 18:00,2026-08-04,18,Copper,HG=F,6.628,6.64,6.628,6.632,0,0.02,0.004,0.0,USD/lb,Authentic Futures Market Feed (1-Year 60m Candles)
2026-08-04 19:00,2026-08-04,19,Copper,HG=F,6.63,6.631,6.621,6.625,155,-0.11,-0.005,-0.009,USD/lb,Authentic Futures Market Feed (1-Year 60m Candles)
2026-08-04 20:00,2026-08-04,20,Copper,HG=F,6.626,6.64,6.622,6.633,570,0.12,0.007,0.012,USD/lb,Authentic Futures Market Feed (1-Year 60m Candles)
2026-08-04 21:00,2026-08-04,21,Copper,HG=F,6.634,6.635,6.611,6.628,897,-0.08,-0.006,-0.013,USD/lb,Authentic Futures Market Feed (1-Year 60m Candles)
2026-08-04 22:00,2026-08-04,22,Copper,HG=F,6.628,6.66,6.615,6.648,817,0.3,0.02,0.026,USD/lb,Authentic Futures Market Feed (1-Year 60m Candles)
2026-08-04 23:00,2026-08-04,23,Copper,HG=F,6.648,6.654,6.641,6.643,298,-0.08,-0.005,-0.025,USD/lb,Authentic Futures Market Feed (1-Year 60m Candles)
2026-08-05 00:00,2026-08-05,0,Copper,HG=F,6.643,6.657,6.641,6.648,238,0.08,0.005,0.01,USD/lb,Authentic Futures Market Feed (1-Year 60m Candles)
2026-08-05 01:00,2026-08-05,1,Copper,HG=F,6.646,6.672,6.637,6.668,957,0.3,0.022,0.017,USD/lb,Authentic Futures Market Feed (1-Year 60m Candles)
2026-08-05 02:00,2026-08-05,2,Copper,HG=F,6.668,6.67,6.646,6.661,794,-0.1,-0.007,-0.029,USD/lb,Authentic Futures Market Feed (1-Year 60m Candles)
2026-08-05 03:00,2026-08-05,3,Copper,HG=F,6.661,6.675,6.653,6.657,1331,-0.06,-0.004,0.003,USD/lb,Authentic Futures Market Feed (1-Year 60m Candles)
2026-08-05 04:00,2026-08-05,4,Copper,HG=F,6.657,6.657,6.631,6.633,1298,-0.36,-0.024,-0.02,USD/lb,Authentic Futures Market Feed (1-Year 60m Candles)
2026-08-05 05:00,2026-08-05,5,Copper,HG=F,6.635,6.653,6.635,6.648,569,0.22999999999999998,0.013,0.037,USD/lb,Authentic Futures Market Feed (1-Year 60m Candles)
2026-08-05 06:00,2026-08-05,6,Copper,HG=F,6.649,6.653,6.632,6.637,566,-0.16999999999999998,-0.012,-0.025,USD/lb,Authentic Futures Market Feed (1-Year 60m Candles)
2026-08-05 07:00,2026-08-05,7,Copper,HG=F,6.639,6.668,6.636,6.666,2459,0.44,0.027,0.039,USD/lb,Authentic Futures Market Feed (1-Year 60m Candles)
2026-08-05 08:00,2026-08-05,8,Copper,HG=F,6.667,6.691,6.667,6.681,5052,0.22999999999999998,0.014,-0.013,USD/lb,Authentic Futures Market Feed (1-Year 60m Candles)
2026-08-05 09:00,2026-08-05,9,Copper,HG=F,6.68,6.705,6.663,6.683,5268,0.03,0.003,-0.011,USD/lb,Authentic Futures Market Feed (1-Year 60m Candles)
2026-08-05 10:00,2026-08-05,10,Copper,HG=F,6.682,6.698,6.672,6.676,5254,-0.1,-0.006,-0.009,USD/lb,Authentic Futures Market Feed (1-Year 60m Candles)
2026-08-05 11:00,2026-08-05,11,Copper,HG=F,6.676,6.713,6.674,6.694,4261,0.27,0.018,0.024,USD/lb,Authentic Futures Market Feed (1-Year 60m Candles)
2026-08-05 12:00,2026-08-05,12,Copper,HG=F,6.694,6.734,6.689,6.729,6024,0.52,0.035,0.017,USD/lb,Authentic Futures Market Feed (1-Year 60m Candles)
2026-08-05 13:00,2026-08-05,13,Copper,HG=F,6.729,6.739,6.725,6.738,3576,0.13,0.009,-0.026,USD/lb,Authentic Futures Market Feed (1-Year 60m Candles)
2026-08-05 14:00,2026-08-05,14,Copper,HG=F,6.738,6.765,6.738,6.752,2852,0.21,0.014,0.005,USD/lb,Authentic Futures Market Feed (1-Year 60m Candles)
2026-08-05 15:00,2026-08-05,15,Copper,HG=F,6.752,6.76,6.738,6.74,1614,-0.18,-0.012,-0.026,USD/lb,Authentic Futures Market Feed (1-Year 60m Candles)
2026-08-05 16:00,2026-08-05,16,Copper,HG=F,6.739,6.75,6.736,6.748,514,0.12,0.009,0.021,USD/lb,Authentic Futures Market Feed (1-Year 60m Candles)
2026-08-05 18:00,2026-08-05,18,Copper,HG=F,6.748,6.755,6.743,6.75,0,0.03,0.002,-0.007,USD/lb,Authentic Futures Market Feed (1-Year 60m Candles)
2026-08-05 19:00,2026-08-05,19,Copper,HG=F,6.749,6.758,6.747,6.754,245,0.06,0.005,0.003,USD/lb,Authentic Futures Market Feed (1-Year 60m Candles)
2026-08-05 20:00,2026-08-05,20,Copper,HG=F,6.754,6.755,6.727,6.74,1377,-0.21,-0.014,-0.019,USD/lb,Authentic Futures Market Feed (1-Year 60m Candles)
2026-08-05 21:00,2026-08-05,21,Copper,HG=F,6.742,6.756,6.706,6.732,1839,-0.12,-0.01,0.004,USD/lb,Authentic Futures Market Feed (1-Year 60m Candles)
2026-08-05 22:00,2026-08-05,22,Copper,HG=F,6.732,6.748,6.727,6.741,447,0.13,0.009,0.019,USD/lb,Authentic Futures Market Feed (1-Year 60m Candles)
2026-08-05 23:00,2026-08-05,23,Copper,HG=F,6.738,6.738,6.706,6.713,420,-0.42,-0.025,-0.034,USD/lb,Authentic Futures Market Feed (1-Year 60m Candles)
2026-08-06 00:00,2026-08-06,0,Copper,HG=F,6.714,6.723,6.712,6.72,305,0.1,0.006,0.031,USD/lb,Authentic Futures Market Feed (1-Year 60m Candles)
2026-08-06 01:00,2026-08-06,1,Copper,HG=F,6.72,6.724,6.692,6.724,768,0.06,0.004,-0.002,USD/lb,Authentic Futures Market Feed (1-Year 60m Candles)
2026-08-06 02:00,2026-08-06,2,Copper,HG=F,6.725,6.725,6.697,6.702,865,-0.33,-0.023,-0.027,USD/lb,Authentic Futures Market Feed (1-Year 60m Candles)
2026-08-06 03:00,2026-08-06,3,Copper,HG=F,6.702,6.737,6.7,6.712,1756,0.15,0.01,0.033,USD/lb,Authentic Futures Market Feed (1-Year 60m Candles)
2026-08-06 04:00,2026-08-06,4,Copper,HG=F,6.712,6.84,6.708,6.84,7203,1.91,0.128,0.118,USD/lb,Authentic Futures Market Feed (1-Year 60m Candles)
2026-08-06 05:00,2026-08-06,5,Copper,HG=F,6.837,6.866,6.767,6.838,6832,-0.03,0.001,-0.127,USD/lb,Authentic Futures Market Feed (1-Year 60m Candles)
2026-08-06 06:00,2026-08-06,6,Copper,HG=F,6.837,6.839,6.784,6.795,2114,-0.63,-0.042,-0.043,USD/lb,Authentic Futures Market Feed (1-Year 60m Candles)
2026-08-06 07:00,2026-08-06,7,Copper,HG=F,6.794,6.805,6.774,6.79,1966,-0.06999999999999999,-0.004,0.038,USD/lb,Authentic Futures Market Feed (1-Year 60m Candles)
2026-08-06 08:00,2026-08-06,8,Copper,HG=F,6.79,6.795,6.752,6.754,3479,-0.53,-0.036,-0.032,USD/lb,Authentic Futures Market Feed (1-Year 60m Candles)
2026-08-06 09:00,2026-08-06,9,Copper,HG=F,6.752,6.769,6.716,6.72,6707,-0.5,-0.032,0.004,USD/lb,Authentic Futures Market Feed (1-Year 60m Candles)
2026-08-06 10:00,2026-08-06,10,Copper,HG=F,6.72,6.76,6.72,6.751,3957,0.45999999999999996,0.031,0.063,USD/lb,Authentic Futures Market Feed (1-Year 60m Candles)
2026-08-06 11:00,2026-08-06,11,Copper,HG=F,6.752,6.755,6.676,6.677,4983,-1.0999999999999999,-0.075,-0.106,USD/lb,Authentic Futures Market Feed (1-Year 60m Candles)
2026-08-06 12:00,2026-08-06,12,Copper,HG=F,6.677,6.712,6.672,6.71,5135,0.49,0.033,0.108,USD/lb,Authentic Futures Market Feed (1-Year 60m Candles)
2026-08-06 13:00,2026-08-06,13,Copper,HG=F,6.71,6.716,6.698,6.716,2790,0.09,0.006,-0.027,USD/lb,Authentic Futures Market Feed (1-Year 60m Candles)
2026-08-06 14:00,2026-08-06,14,Copper,HG=F,6.716,6.736,6.716,6.726,1803,0.15,0.01,0.004,USD/lb,Authentic Futures Market Feed (1-Year 60m Candles)
2026-08-06 15:00,2026-08-06,15,Copper,HG=F,6.726,6.738,6.717,6.732,1009,0.09,0.006,-0.004,USD/lb,Authentic Futures Market Feed (1-Year 60m Candles)
2026-08-06 16:00,2026-08-06,16,Copper,HG=F,6.733,6.733,6.717,6.717,464,-0.22,-0.016,-0.022,USD/lb,Authentic Futures Market Feed (1-Year 60m Candles)
2026-08-06 18:00,2026-08-06,18,Copper,HG=F,6.72,6.724,6.715,6.72,0,0.04,0.0,0.016,USD/lb,Authentic Futures Market Feed (1-Year 60m Candles)
2026-08-06 19:00,2026-08-06,19,Copper,HG=F,6.719,6.727,6.714,6.727,112,0.1,0.008,0.008,USD/lb,Authentic Futures Market Feed (1-Year 60m Candles)
2026-08-06 20:00,2026-08-06,20,Copper,HG=F,6.726,6.728,6.705,6.708,711,-0.27999999999999997,-0.018,-0.026,USD/lb,Authentic Futures Market Feed (1-Year 60m Candles)
2026-08-06 21:00,2026-08-06,21,Copper,HG=F,6.709,6.741,6.708,6.74,1021,0.48,0.031,0.049,USD/lb,Authentic Futures Market Feed (1-Year 60m Candles)
2026-08-06 22:00,2026-08-06,22,Copper,HG=F,6.741,6.766,6.725,6.727,1169,-0.19,-0.014,-0.045,USD/lb,Authentic Futures Market Feed (1-Year 60m Candles)
2026-08-06 23:00,2026-08-06,23,Copper,HG=F,6.728,6.751,6.726,6.747,633,0.3,0.019,0.033,USD/lb,Authentic Futures Market Feed (1-Year 60m Candles)
2026-08-07 00:00,2026-08-07,0,Copper,HG=F,6.747,6.747,6.728,6.733,306,-0.21,-0.014,-0.033,USD/lb,Authentic Futures Market Feed (1-Year 60m Candles)
2026-08-07 01:00,2026-08-07,1,Copper,HG=F,6.733,6.755,6.733,6.742,620,0.13,0.009,0.023,USD/lb,Authentic Futures Market Feed (1-Year 60m Candles)
2026-08-07 02:00,2026-08-07,2,Copper,HG=F,6.742,6.754,6.724,6.75,1097,0.12,0.008,-0.001,USD/lb,Authentic Futures Market Feed (1-Year 60m Candles)
2026-08-07 03:00,2026-08-07,3,Copper,HG=F,6.751,6.754,6.72,6.727,1305,-0.33999999999999997,-0.024,-0.032,USD/lb,Authentic Futures Market Feed (1-Year 60m Candles)
2026-08-07 04:00,2026-08-07,4,Copper,HG=F,6.727,6.739,6.699,6.707,1472,-0.3,-0.02,0.004,USD/lb,Authentic Futures Market Feed (1-Year 60m Candles)
2026-08-07 05:00,2026-08-07,5,Copper,HG=F,6.707,6.708,6.686,6.689,1343,-0.27,-0.018,0.002,USD/lb,Authentic Futures Market Feed (1-Year 60m Candles)
2026-08-07 06:00,2026-08-07,6,Copper,HG=F,6.689,6.69,6.676,6.685,1031,-0.06,-0.004,0.014,USD/lb,Authentic Futures Market Feed (1-Year 60m Candles)
2026-08-07 07:00,2026-08-07,7,Copper,HG=F,6.685,6.688,6.617,6.638,6068,-0.7000000000000001,-0.047,-0.043,USD/lb,Authentic Futures Market Feed (1-Year 60m Candles)
2026-08-07 08:00,2026-08-07,8,Copper,HG=F,6.639,6.685,6.631,6.675,5690,0.5599999999999999,0.036,0.083,USD/lb,Authentic Futures Market Feed (1-Year 60m Candles)
2026-08-07 09:00,2026-08-07,9,Copper,HG=F,6.674,6.679,6.602,6.619,6518,-0.84,-0.055,-0.091,USD/lb,Authentic Futures Market Feed (1-Year 60m Candles)
2026-08-07 10:00,2026-08-07,10,Copper,HG=F,6.619,6.624,6.594,6.596,4626,-0.35000000000000003,-0.023,0.032,USD/lb,Authentic Futures Market Feed (1-Year 60m Candles)
2026-08-07 11:00,2026-08-07,11,Copper,HG=F,6.596,6.612,6.593,6.606,5391,0.15,0.01,0.033,USD/lb,Authentic Futures Market Feed (1-Year 60m Candles)
2026-08-07 12:00,2026-08-07,12,Copper,HG=F,6.606,6.61,6.583,6.59,9710,-0.24,-0.016,-0.026,USD/lb,Authentic Futures Market Feed (1-Year 60m Candles)
2026-08-07 13:00,2026-08-07,13,Copper,HG=F,6.59,6.598,6.585,6.596,1382,0.09,0.006,0.022,USD/lb,Authentic Futures Market Feed (1-Year 60m Candles)
2026-08-07 14:00,2026-08-07,14,Copper,HG=F,6.596,6.6,6.592,6.597,677,0.02,0.001,-0.005,USD/lb,Authentic Futures Market Feed (1-Year 60m Candles)
2026-08-07 15:00,2026-08-07,15,Copper,HG=F,6.598,6.621,6.585,6.589,2389,-0.12,-0.009,-0.01,USD/lb,Authentic Futures Market Feed (1-Year 60m Candles)
2026-08-07 16:00,2026-08-07,16,Copper,HG=F,6.589,6.591,6.57,6.591,941,0.03,0.002,0.011,USD/lb,Authentic Futures Market Feed (1-Year 60m Candles)
2026-08-09 18:00,2026-08-09,18,Copper,HG=F,6.613,6.614,6.598,6.606,320,0.22999999999999998,-0.007,-0.009,USD/lb,Authentic Futures Market Feed (1-Year 60m Candles)
2026-08-09 19:00,2026-08-09,19,Copper,HG=F,6.603,6.611,6.595,6.595,149,-0.16999999999999998,-0.008,-0.001,USD/lb,Authentic Futures Market Feed (1-Year 60m Candles)
2026-08-09 20:00,2026-08-09,20,Copper,HG=F,6.595,6.614,6.595,6.596,693,0.02,0.001,0.009,USD/lb,Authentic Futures Market Feed (1-Year 60m Candles)
2026-08-09 21:00,2026-08-09,21,Copper,HG=F,6.597,6.617,6.585,6.615,1055,0.29,0.018,0.017,USD/lb,Authentic Futures Market Feed (1-Year 60m Candles)
2026-08-09 22:00,2026-08-09,22,Copper,HG=F,6.612,6.615,6.59,6.591,439,-0.36,-0.021,-0.039,USD/lb,Authentic Futures Market Feed (1-Year 60m Candles)
2026-08-09 23:00,2026-08-09,23,Copper,HG=F,6.594,6.596,6.585,6.595,468,0.06,0.001,0.022,USD/lb,Authentic Futures Market Feed (1-Year 60m Candles)
2026-08-10 00:00,2026-08-10,0,Copper,HG=F,6.597,6.61,6.594,6.604,434,0.13999999999999999,0.007,0.006,USD/lb,Authentic Futures Market Feed (1-Year 60m Candles)
2026-08-10 01:00,2026-08-10,1,Copper,HG=F,6.604,6.648,6.602,6.632,1452,0.42,0.028,0.021,USD/lb,Authentic Futures Market Feed (1-Year 60m Candles)
2026-08-10 02:00,2026-08-10,2,Copper,HG=F,6.632,6.641,6.621,6.64,2158,0.12,0.008,-0.02,USD/lb,Authentic Futures Market Feed (1-Year 60m Candles)
2026-08-10 03:00,2026-08-10,3,Copper,HG=F,6.64,6.65,6.63,6.647,1152,0.11,0.007,-0.001,USD/lb,Authentic Futures Market Feed (1-Year 60m Candles)
2026-08-10 04:00,2026-08-10,4,Copper,HG=F,6.648,6.655,6.626,6.63,1914,-0.26,-0.018,-0.025,USD/lb,Authentic Futures Market Feed (1-Year 60m Candles)
2026-08-10 05:00,2026-08-10,5,Copper,HG=F,6.63,6.63,6.621,6.624,697,-0.09,-0.006,0.012,USD/lb,Authentic Futures Market Feed (1-Year 60m Candles)
2026-08-10 06:00,2026-08-10,6,Copper,HG=F,6.622,6.623,6.616,6.617,883,-0.11,-0.005,0.001,USD/lb,Authentic Futures Market Feed (1-Year 60m Candles)
2026-08-10 07:00,2026-08-10,7,Copper,HG=F,6.617,6.637,6.611,6.622,2350,0.08,0.005,0.01,USD/lb,Authentic Futures Market Feed (1-Year 60m Candles)
2026-08-10 08:00,2026-08-10,8,Copper,HG=F,6.622,6.632,6.611,6.615,2082,-0.11,-0.007,-0.012,USD/lb,Authentic Futures Market Feed (1-Year 60m Candles)
2026-08-10 09:00,2026-08-10,9,Copper,HG=F,6.615,6.618,6.583,6.589,2563,-0.38999999999999996,-0.026,-0.019,USD/lb,Authentic Futures Market Feed (1-Year 60m Candles)
2026-08-10 10:00,2026-08-10,10,Copper,HG=F,6.589,6.636,6.587,6.634,4669,0.6799999999999999,0.045,0.071,USD/lb,Authentic Futures Market Feed (1-Year 60m Candles)
2026-08-10 11:00,2026-08-10,11,Copper,HG=F,6.635,6.647,6.633,6.645,4190,0.16999999999999998,0.01,-0.035,USD/lb,Authentic Futures Market Feed (1-Year 60m Candles)
2026-08-10 12:00,2026-08-10,12,Copper,HG=F,6.645,6.648,6.61,6.616,15040,-0.44,-0.029,-0.039,USD/lb,Authentic Futures Market Feed (1-Year 60m Candles)
2026-08-10 13:00,2026-08-10,13,Copper,HG=F,6.616,6.622,6.609,6.611,1397,-0.08,-0.005,0.024,USD/lb,Authentic Futures Market Feed (1-Year 60m Candles)
2026-08-10 14:00,2026-08-10,14,Copper,HG=F,6.611,6.636,6.609,6.63,1217,0.29,0.019,0.024,USD/lb,Authentic Futures Market Feed (1-Year 60m Candles)
2026-08-10 15:00,2026-08-10,15,Copper,HG=F,6.629,6.638,6.629,6.633,784,0.05,0.004,-0.015,USD/lb,Authentic Futures Market Feed (1-Year 60m Candles)
2026-08-10 16:00,2026-08-10,16,Copper,HG=F,6.633,6.636,6.629,6.635,0,0.03,0.002,-0.002,USD/lb,Authentic Futures Market Feed (1-Year 60m Candles)
2026-08-10 18:00,2026-08-10,18,Copper,HG=F,6.633,6.635,6.63,6.635,146,0.0,0.002,0.0,USD/lb,Authentic Futures Market Feed (1-Year 60m Candles)
2026-08-10 19:00,2026-08-10,19,Copper,HG=F,6.635,6.636,6.628,6.63,131,-0.08,-0.005,-0.007,USD/lb,Authentic Futures Market Feed (1-Year 60m Candles)
2026-08-10 20:00,2026-08-10,20,Copper,HG=F,6.63,6.645,6.622,6.643,753,0.2,0.013,0.018,USD/lb,Authentic Futures Market Feed (1-Year 60m Candles)
2026-08-10 21:00,2026-08-10,21,Copper,HG=F,6.644,6.67,6.621,6.657,1772,0.21,0.013,0.0,USD/lb,Authentic Futures Market Feed (1-Year 60m Candles)
2026-08-10 22:00,2026-08-10,22,Copper,HG=F,6.656,6.664,6.641,6.653,833,-0.06,-0.003,-0.016,USD/lb,Authentic Futures Market Feed (1-Year 60m Candles)
2026-08-10 23:00,2026-08-10,23,Copper,HG=F,6.654,6.661,6.648,6.652,203,-0.02,-0.002,0.001,USD/lb,Authentic Futures Market Feed (1-Year 60m Candles)
2026-08-11 00:00,2026-08-11,0,Copper,HG=F,6.653,6.659,6.642,6.649,268,-0.05,-0.004,-0.002,USD/lb,Authentic Futures Market Feed (1-Year 60m Candles)
2026-08-11 01:00,2026-08-11,1,Copper,HG=F,6.648,6.649,6.609,6.632,1601,-0.26,-0.016,-0.012,USD/lb,Authentic Futures Market Feed (1-Year 60m Candles)
2026-08-11 02:00,2026-08-11,2,Copper,HG=F,6.633,6.65,6.619,6.635,1222,0.05,0.002,0.018,USD/lb,Authentic Futures Market Feed (1-Year 60m Candles)
2026-08-11 03:00,2026-08-11,3,Copper,HG=F,6.637,6.654,6.629,6.644,813,0.13999999999999999,0.007,0.005,USD/lb,Authentic Futures Market Feed (1-Year 60m Candles)
2026-08-11 04:00,2026-08-11,4,Copper,HG=F,6.645,6.701,6.64,6.668,1889,0.36,0.023,0.016,USD/lb,Authentic Futures Market Feed (1-Year 60m Candles)
2026-08-11 05:00,2026-08-11,5,Copper,HG=F,6.668,6.681,6.66,6.672,1377,0.06,0.004,-0.019,USD/lb,Authentic Futures Market Feed (1-Year 60m Candles)
2026-08-11 06:00,2026-08-11,6,Copper,HG=F,6.673,6.686,6.661,6.676,1279,0.06,0.003,-0.001,USD/lb,Authentic Futures Market Feed (1-Year 60m Candles)
2026-08-11 07:00,2026-08-11,7,Copper,HG=F,6.676,6.687,6.665,6.666,1881,-0.15,-0.01,-0.013,USD/lb,Authentic Futures Market Feed (1-Year 60m Candles)
2026-08-11 08:00,2026-08-11,8,Copper,HG=F,6.667,6.671,6.648,6.651,3289,-0.22999999999999998,-0.016,-0.006,USD/lb,Authentic Futures Market Feed (1-Year 60m Candles)
2026-08-11 09:00,2026-08-11,9,Copper,HG=F,6.65,6.666,6.642,6.647,2924,-0.06,-0.003,0.013,USD/lb,Authentic Futures Market Feed (1-Year 60m Candles)
2026-08-11 10:00,2026-08-11,10,Copper,HG=F,6.646,6.668,6.64,6.662,2989,0.22999999999999998,0.016,0.019,USD/lb,Authentic Futures Market Feed (1-Year 60m Candles)
2026-08-11 11:00,2026-08-11,11,Copper,HG=F,6.662,6.669,6.625,6.64,4530,-0.33,-0.022,-0.038,USD/lb,Authentic Futures Market Feed (1-Year 60m Candles)
2026-08-11 12:00,2026-08-11,12,Copper,HG=F,6.64,6.643,6.629,6.633,9170,-0.11,-0.007,0.015,USD/lb,Authentic Futures Market Feed (1-Year 60m Candles)
2026-08-11 13:00,2026-08-11,13,Copper,HG=F,6.634,6.639,6.629,6.635,2346,0.03,0.001,0.008,USD/lb,Authentic Futures Market Feed (1-Year 60m Candles)
2026-08-11 14:00,2026-08-11,14,Copper,HG=F,6.635,6.638,6.619,6.631,814,-0.06,-0.004,-0.005,USD/lb,Authentic Futures Market Feed (1-Year 60m Candles)
2026-08-11 15:00,2026-08-11,15,Copper,HG=F,6.631,6.64,6.627,6.634,575,0.05,0.003,0.007,USD/lb,Authentic Futures Market Feed (1-Year 60m Candles)
2026-08-11 16:00,2026-08-11,16,Copper,HG=F,6.634,6.634,6.623,6.628,801,-0.09,-0.006,-0.009,USD/lb,Authentic Futures Market Feed (1-Year 60m Candles)
2026-08-11 18:00,2026-08-11,18,Copper,HG=F,6.632,6.637,6.626,6.636,0,0.12,0.004,0.01,USD/lb,Authentic Futures Market Feed (1-Year 60m Candles)
2026-08-11 19:00,2026-08-11,19,Copper,HG=F,6.635,6.64,6.633,6.639,119,0.05,0.004,0.0,USD/lb,Authentic Futures Market Feed (1-Year 60m Candles)
2026-08-11 20:00,2026-08-11,20,Copper,HG=F,6.64,6.646,6.634,6.641,412,0.03,0.001,-0.003,USD/lb,Authentic Futures Market Feed (1-Year 60m Candles)
2026-08-11 21:00,2026-08-11,21,Copper,HG=F,6.642,6.65,6.626,6.635,425,-0.09,-0.007,-0.008,USD/lb,Authentic Futures Market Feed (1-Year 60m Candles)
2026-08-11 22:00,2026-08-11,22,Copper,HG=F,6.633,6.655,6.622,6.653,565,0.27,0.02,0.027,USD/lb,Authentic Futures Market Feed (1-Year 60m Candles)
2026-08-11 23:00,2026-08-11,23,Copper,HG=F,6.652,6.661,6.642,6.657,415,0.06,0.005,-0.015,USD/lb,Authentic Futures Market Feed (1-Year 60m Candles)
2026-08-12 00:00,2026-08-12,0,Copper,HG=F,6.659,6.665,6.648,6.664,347,0.11,0.005,0.0,USD/lb,Authentic Futures Market Feed (1-Year 60m Candles)
2026-08-12 01:00,2026-08-12,1,Copper,HG=F,6.664,6.666,6.637,6.649,427,-0.22999999999999998,-0.015,-0.02,USD/lb,Authentic Futures Market Feed (1-Year 60m Candles)
2026-08-12 02:00,2026-08-12,2,Copper,HG=F,6.649,6.674,6.632,6.672,970,0.35000000000000003,0.023,0.038,USD/lb,Authentic Futures Market Feed (1-Year 60m Candles)
2026-08-12 03:00,2026-08-12,3,Copper,HG=F,6.672,6.682,6.662,6.675,1196,0.04,0.003,-0.02,USD/lb,Authentic Futures Market Feed (1-Year 60m Candles)
2026-08-12 04:00,2026-08-12,4,Copper,HG=F,6.675,6.682,6.667,6.681,791,0.09,0.006,0.003,USD/lb,Authentic Futures Market Feed (1-Year 60m Candles)
2026-08-12 05:00,2026-08-12,5,Copper,HG=F,6.681,6.706,6.674,6.686,1264,0.06999999999999999,0.005,-0.001,USD/lb,Authentic Futures Market Feed (1-Year 60m Candles)
2026-08-12 06:00,2026-08-12,6,Copper,HG=F,6.686,6.694,6.673,6.68,571,-0.09,-0.006,-0.011,USD/lb,Authentic Futures Market Feed (1-Year 60m Candles)
2026-08-12 07:00,2026-08-12,7,Copper,HG=F,6.68,6.687,6.668,6.683,1127,0.04,0.003,0.009,USD/lb,Authentic Futures Market Feed (1-Year 60m Candles)
2026-08-12 08:00,2026-08-12,8,Copper,HG=F,6.683,6.714,6.668,6.699,5077,0.24,0.016,0.013,USD/lb,Authentic Futures Market Feed (1-Year 60m Candles)
2026-08-12 09:00,2026-08-12,9,Copper,HG=F,6.7,6.703,6.644,6.655,5094,-0.66,-0.045,-0.061,USD/lb,Authentic Futures Market Feed (1-Year 60m Candles)
2026-08-12 10:00,2026-08-12,10,Copper,HG=F,6.655,6.666,6.642,6.646,3652,-0.13999999999999999,-0.009,0.036,USD/lb,Authentic Futures Market Feed (1-Year 60m Candles)
2026-08-12 11:00,2026-08-12,11,Copper,HG=F,6.644,6.65,6.617,6.628,5051,-0.27,-0.016,-0.007,USD/lb,Authentic Futures Market Feed (1-Year 60m Candles)
2026-08-12 12:00,2026-08-12,12,Copper,HG=F,6.628,6.637,6.61,6.614,9838,-0.21,-0.014,0.002,USD/lb,Authentic Futures Market Feed (1-Year 60m Candles)
2026-08-12 13:00,2026-08-12,13,Copper,HG=F,6.614,6.618,6.606,6.613,1912,-0.02,-0.001,0.013,USD/lb,Authentic Futures Market Feed (1-Year 60m Candles)
2026-08-12 14:00,2026-08-12,14,Copper,HG=F,6.613,6.618,6.606,6.615,392,0.03,0.002,0.003,USD/lb,Authentic Futures Market Feed (1-Year 60m Candles)
2026-08-12 15:00,2026-08-12,15,Copper,HG=F,6.616,6.618,6.602,6.606,655,-0.13999999999999999,-0.01,-0.012,USD/lb,Authentic Futures Market Feed (1-Year 60m Candles)
2026-08-12 16:00,2026-08-12,16,Copper,HG=F,6.606,6.61,6.605,6.608,238,0.03,0.002,0.012,USD/lb,Authentic Futures Market Feed (1-Year 60m Candles)
2026-08-12 17:00,2026-08-12,17,Copper,HG=F,6.608,6.608,6.608,6.608,1,0.0,0.0,-0.002,USD/lb,Authentic Futures Market Feed (1-Year 60m Candles)
2026-08-12 18:00,2026-08-12,18,Copper,HG=F,6.605,6.615,6.601,6.604,0,-0.06,-0.001,-0.001,USD/lb,Authentic Futures Market Feed (1-Year 60m Candles)
2026-08-12 19:00,2026-08-12,19,Copper,HG=F,6.606,6.606,6.602,6.604,91,0.0,-0.002,-0.001,USD/lb,Authentic Futures Market Feed (1-Year 60m Candles)
2026-08-12 20:00,2026-08-12,20,Copper,HG=F,6.605,6.624,6.602,6.603,1157,-0.02,-0.002,0.0,USD/lb,Authentic Futures Market Feed (1-Year 60m Candles)
2026-08-12 21:00,2026-08-12,21,Copper,HG=F,6.602,6.605,6.554,6.56,2890,-0.65,-0.042,-0.04,USD/lb,Authentic Futures Market Feed (1-Year 60m Candles)
2026-08-12 22:00,2026-08-12,22,Copper,HG=F,6.56,6.568,6.549,6.563,781,0.05,0.003,0.045,USD/lb,Authentic Futures Market Feed (1-Year 60m Candles)
2026-08-12 23:00,2026-08-12,23,Copper,HG=F,6.564,6.569,6.552,6.554,524,-0.13999999999999999,-0.01,-0.013,USD/lb,Authentic Futures Market Feed (1-Year 60m Candles)
2026-08-13 00:00,2026-08-13,0,Copper,HG=F,6.555,6.558,6.55,6.553,274,-0.02,-0.002,0.008,USD/lb,Authentic Futures Market Feed (1-Year 60m Candles)
2026-08-13 01:00,2026-08-13,1,Copper,HG=F,6.553,6.571,6.547,6.547,560,-0.09,-0.006,-0.004,USD/lb,Authentic Futures Market Feed (1-Year 60m Candles)
2026-08-13 02:00,2026-08-13,2,Copper,HG=F,6.551,6.56,6.543,6.544,1134,-0.05,-0.007,-0.001,USD/lb,Authentic Futures Market Feed (1-Year 60m Candles)
2026-08-13 03:00,2026-08-13,3,Copper,HG=F,6.544,6.545,6.505,6.51,2267,-0.52,-0.034,-0.027,USD/lb,Authentic Futures Market Feed (1-Year 60m Candles)
2026-08-13 04:00,2026-08-13,4,Copper,HG=F,6.51,6.537,6.496,6.536,2221,0.4,0.026,0.06,USD/lb,Authentic Futures Market Feed (1-Year 60m Candles)
2026-08-13 05:00,2026-08-13,5,Copper,HG=F,6.535,6.583,6.531,6.572,2323,0.5499999999999999,0.037,0.011,USD/lb,Authentic Futures Market Feed (1-Year 60m Candles)
2026-08-13 06:00,2026-08-13,6,Copper,HG=F,6.573,6.583,6.568,6.581,966,0.13999999999999999,0.008,-0.029,USD/lb,Authentic Futures Market Feed (1-Year 60m Candles)
2026-08-13 07:00,2026-08-13,7,Copper,HG=F,6.581,6.598,6.576,6.595,1209,0.21,0.014,0.006,USD/lb,Authentic Futures Market Feed (1-Year 60m Candles)
2026-08-13 08:00,2026-08-13,8,Copper,HG=F,6.595,6.627,6.588,6.627,2878,0.49,0.032,0.018,USD/lb,Authentic Futures Market Feed (1-Year 60m Candles)
2026-08-13 09:00,2026-08-13,9,Copper,HG=F,6.627,6.639,6.602,6.623,4886,-0.06,-0.004,-0.036,USD/lb,Authentic Futures Market Feed (1-Year 60m Candles)
2026-08-13 10:00,2026-08-13,10,Copper,HG=F,6.624,6.629,6.604,6.619,6312,-0.06,-0.005,-0.001,USD/lb,Authentic Futures Market Feed (1-Year 60m Candles)
2026-08-13 11:00,2026-08-13,11,Copper,HG=F,6.619,6.626,6.601,6.603,4195,-0.24,-0.016,-0.011,USD/lb,Authentic Futures Market Feed (1-Year 60m Candles)
2026-08-13 12:00,2026-08-13,12,Copper,HG=F,6.603,6.609,6.597,6.609,9061,0.09,0.006,0.022,USD/lb,Authentic Futures Market Feed (1-Year 60m Candles)
2026-08-13 13:00,2026-08-13,13,Copper,HG=F,6.609,6.619,6.599,6.601,1311,-0.12,-0.008,-0.014,USD/lb,Authentic Futures Market Feed (1-Year 60m Candles)
2026-08-13 14:00,2026-08-13,14,Copper,HG=F,6.599,6.601,6.589,6.59,525,-0.16999999999999998,-0.009,-0.001,USD/lb,Authentic Futures Market Feed (1-Year 60m Candles)
2026-08-13 15:00,2026-08-13,15,Copper,HG=F,6.589,6.591,6.577,6.582,1480,-0.12,-0.007,0.002,USD/lb,Authentic Futures Market Feed (1-Year 60m Candles)
2026-08-13 16:00,2026-08-13,16,Copper,HG=F,6.583,6.592,6.582,6.589,634,0.11,0.006,0.013,USD/lb,Authentic Futures Market Feed (1-Year 60m Candles)
2026-08-13 18:00,2026-08-13,18,Copper,HG=F,6.59,6.591,6.581,6.584,0,-0.08,-0.006,-0.012,USD/lb,Authentic Futures Market Feed (1-Year 60m Candles)
2026-08-13 19:00,2026-08-13,19,Copper,HG=F,6.584,6.593,6.583,6.587,134,0.05,0.003,0.009,USD/lb,Authentic Futures Market Feed (1-Year 60m Candles)
2026-08-13 20:00,2026-08-13,20,Copper,HG=F,6.586,6.597,6.577,6.583,1042,-0.06,-0.003,-0.006,USD/lb,Authentic Futures Market Feed (1-Year 60m Candles)
2026-08-13 21:00,2026-08-13,21,Copper,HG=F,6.582,6.586,6.569,6.57,780,-0.2,-0.012,-0.009,USD/lb,Authentic Futures Market Feed (1-Year 60m Candles)
2026-08-14 00:00,2026-08-14,0,Copper,HG=F,6.567,6.57,6.562,6.569,177,-0.02,0.002,0.014,USD/lb,Authentic Futures Market Feed (1-Year 60m Candles)
2026-08-14 01:00,2026-08-14,1,Copper,HG=F,6.569,6.578,6.554,6.578,827,0.13999999999999999,0.009,0.007,USD/lb,Authentic Futures Market Feed (1-Year 60m Candles)
